partition,feature,bin,horizon_ms,notional,samples,executable_percent,mean_net_return_bps,median_net_return_bps,positive_percent,p10_net_return_bps,p90_net_return_bps,mean_mfe_bps,mean_mae_bps,average_cost_bps,average_depth_slippage_bps
ENGINEERING_SAMPLE,aggressive_flow_10s,Q1,1000,100,1439,100.0,-10.052891544495363,-10.05268567814032,0.0,-10.052773304469495,-10.052627699177018,-8.002024290396601,-12.751564675406081,10.052019125562607,-3.368433420252186e-25
ENGINEERING_SAMPLE,aggressive_flow_10s,Q1,1000,1000,1439,100.0,-10.053108113385182,-10.05268567814032,0.0,-10.052773304469495,-10.052627699177018,-8.002150339594747,-12.75169066280205,10.052235807210579,0.00021668164797292462
ENGINEERING_SAMPLE,aggressive_flow_10s,Q1,1000,500,1439,100.0,-10.05296738024233,-10.05268567814032,0.0,-10.052773304469495,-10.052627699177018,-8.002028854970689,-12.75156923774215,10.052095004170289,7.587860768180792e-05
ENGINEERING_SAMPLE,aggressive_flow_10s,Q1,15000,100,1439,100.0,-10.143815102953779,-10.052669020393108,0.0,-12.319502534269335,-8.206824861618992,-8.002024290396601,-12.751564675406081,10.05064893008478,1.9903067527146786e-05
ENGINEERING_SAMPLE,aggressive_flow_10s,Q1,15000,1000,1439,100.0,-10.144067705794004,-10.052669020393108,0.0,-12.319502534269335,-8.206824861618992,-8.002150339594747,-12.75169066280205,10.050901698833945,0.0002726718166928284
ENGINEERING_SAMPLE,aggressive_flow_10s,Q1,15000,500,1439,100.0,-10.143909824902943,-10.052669020393108,0.0,-12.319502534269335,-8.206824861618992,-8.002028854970689,-12.75156923774215,10.050743726314664,0.00011469929741319304
ENGINEERING_SAMPLE,aggressive_flow_10s,Q1,250,100,1439,100.0,-10.054517198613185,-10.05268567814032,0.0,-10.052743784993218,-10.052642944423377,-8.002024290396601,-12.751564675406081,10.051175108347854,-3.4416404029295364e-25
ENGINEERING_SAMPLE,aggressive_flow_10s,Q1,250,1000,1439,100.0,-10.054733762189345,-10.05268567814032,0.0,-10.052743784993218,-10.052642944423377,-8.002150339594747,-12.75169066280205,10.051391789995826,0.00021668164797292462
ENGINEERING_SAMPLE,aggressive_flow_10s,Q1,250,500,1439,100.0,-10.05459303416773,-10.05268567814032,0.0,-10.052743784993218,-10.052642944423377,-8.002028854970689,-12.75156923774215,10.051250986955536,7.587860768180792e-05
ENGINEERING_SAMPLE,aggressive_flow_10s,Q1,3000,100,1439,100.0,-10.076007451504578,-10.052683734193563,0.0,-10.790010327965602,-9.366693595653345,-8.002024290396601,-12.751564675406081,10.050642358617896,1.3700115407835789e-05
ENGINEERING_SAMPLE,aggressive_flow_10s,Q1,3000,1000,1439,100.0,-10.076198640989318,-10.052683734193563,0.0,-10.790010327965602,-9.366693595653345,-8.002150339594747,-12.75169066280205,10.050833642008293,0.00020498350580397463
ENGINEERING_SAMPLE,aggressive_flow_10s,Q1,3000,500,1439,100.0,-10.076057240999328,-10.052683734193563,0.0,-10.790010327965602,-9.366693595653345,-8.002028854970689,-12.75156923774215,10.05069217250863,6.35140061411635e-05
ENGINEERING_SAMPLE,aggressive_flow_10s,Q1,30000,100,1439,98.74913134120918,-10.23929250392725,-10.263554812545156,0.0,-13.478061434310842,-7.630593280161833,-8.002024290396601,-12.751564675406081,10.051131253225817,1.2424415501092911e-05
ENGINEERING_SAMPLE,aggressive_flow_10s,Q1,30000,1000,1439,98.74913134120918,-10.239487431773165,-10.263554812545156,0.0,-13.478061434310842,-7.630593280161833,-8.002150339594747,-12.75169066280205,10.051326332938798,0.00020750412848130997
ENGINEERING_SAMPLE,aggressive_flow_10s,Q1,30000,500,1439,98.74913134120918,-10.239344286379644,-10.263554812545156,0.0,-13.478061434310842,-7.630593280161833,-8.002028854970689,-12.75156923774215,10.051183065961226,6.423715091090102e-05
ENGINEERING_SAMPLE,aggressive_flow_10s,Q1,500,100,1439,100.0,-10.049603485758752,-10.05268567814032,0.0,-10.052752136210819,-10.052627699177018,-8.002024290396601,-12.751564675406081,10.048648512280831,-3.4783304737836756e-25
ENGINEERING_SAMPLE,aggressive_flow_10s,Q1,500,1000,1439,100.0,-10.0497294719323,-10.05268567814032,0.0,-10.052752136210819,-10.052627699177018,-8.002150339594747,-12.75169066280205,10.048774559445691,0.00012604716485999678
ENGINEERING_SAMPLE,aggressive_flow_10s,Q1,500,500,1439,100.0,-10.049608048050553,-10.05268567814032,0.0,-10.052752136210819,-10.052627699177018,-8.002028854970689,-12.75156923774215,10.048653076701497,4.564420665445278e-06
ENGINEERING_SAMPLE,aggressive_flow_10s,Q1,5000,100,1439,100.0,-10.068593530857056,-10.052677903213905,0.0,-10.895623481290555,-9.10382856630503,-8.002024290396601,-12.751564675406081,10.050850120388672,-4.1010329783779537e-25
ENGINEERING_SAMPLE,aggressive_flow_10s,Q1,5000,1000,1439,100.0,-10.068719517030603,-10.052677903213905,0.0,-10.895623481290555,-9.10382856630503,-8.002150339594747,-12.75169066280205,10.050976167553532,0.00012604716485999678
ENGINEERING_SAMPLE,aggressive_flow_10s,Q1,5000,500,1439,100.0,-10.068598093148855,-10.052677903213905,0.0,-10.895623481290555,-9.10382856630503,-8.002028854970689,-12.75156923774215,10.050854684809337,4.564420665445278e-06
ENGINEERING_SAMPLE,aggressive_flow_10s,Q1,60000,100,1439,97.5677553856845,-10.372329502797003,-10.10555719837783,0.0,-14.852120962678022,-5.623582228130704,-8.002024290396601,-12.751564675406081,10.04805784604839,-3.8636284277701734e-25
ENGINEERING_SAMPLE,aggressive_flow_10s,Q1,60000,1000,1439,97.5677553856845,-10.372551352100828,-10.10555719837783,0.0,-14.852120962678022,-5.623582228130704,-8.002150339594747,-12.75169066280205,10.048279917085917,0.000222071037525942
ENGINEERING_SAMPLE,aggressive_flow_10s,Q1,60000,500,1439,97.5677553856845,-10.372407156342106,-10.10555719837783,0.0,-14.852120962678022,-5.623582228130704,-8.002028854970689,-12.75156923774215,10.048135591779845,7.774573145362512e-05
ENGINEERING_SAMPLE,aggressive_flow_10s,Q2,1000,100,1438,100.0,-10.096368516829475,-10.05268317880655,0.0,-10.10555664098597,-10.052621160331475,-8.538119919263654,-12.959542615685008,10.05440986156644,7.665627805117782e-05
ENGINEERING_SAMPLE,aggressive_flow_10s,Q2,1000,1000,1438,100.0,-10.09652563869709,-10.05268317880655,0.0,-10.10555664098597,-10.052621160331475,-8.538241039789169,-12.9596636471208,10.054567050021388,0.0002338447329997899
ENGINEERING_SAMPLE,aggressive_flow_10s,Q2,1000,500,1438,100.0,-10.096465999141138,-10.05268317880655,0.0,-10.10555664098597,-10.052621160331475,-8.538198534117836,-12.959621172707323,10.05450738432906,0.0001741790406705103
ENGINEERING_SAMPLE,aggressive_flow_10s,Q2,15000,100,1438,100.0,-10.43775938710456,-10.052779435294367,0.0,-12.372593909405975,-8.947689813279428,-8.538119919263654,-12.959542615685008,10.050790019634126,7.044548988571632e-05
ENGINEERING_SAMPLE,aggressive_flow_10s,Q2,15000,1000,1438,100.0,-10.437932818097295,-10.052779435294367,0.0,-12.372593909405975,-8.947689813279428,-8.538241039789169,-12.9596636471208,10.050963537219257,0.00024396307501713436
ENGINEERING_SAMPLE,aggressive_flow_10s,Q2,15000,500,1438,100.0,-10.437883188853528,-10.052779435294367,0.0,-12.372593909405975,-8.947689813279428,-8.538198534117836,-12.959621172707323,10.050913884512015,0.00019431036777545527
ENGINEERING_SAMPLE,aggressive_flow_10s,Q2,250,100,1438,100.0,-10.06225471840364,-10.05268317880655,0.0,-10.052778599188915,-10.052625149985122,-8.538119919263654,-12.959542615685008,10.052962025760275,7.665636590380623e-05
ENGINEERING_SAMPLE,aggressive_flow_10s,Q2,250,1000,1438,100.0,-10.062424664795653,-10.05268317880655,0.0,-10.052778599188915,-10.052625149985122,-8.538241039789169,-12.9596636471208,10.053132057169014,0.0002466877746422805
ENGINEERING_SAMPLE,aggressive_flow_10s,Q2,250,500,1438,100.0,-10.062352193143985,-10.05268317880655,0.0,-10.052778599188915,-10.052625149985122,-8.538198534117836,-12.959621172707323,10.053059548615872,0.0001741792215005038
ENGINEERING_SAMPLE,aggressive_flow_10s,Q2,3000,100,1438,100.0,-10.142612234599548,-10.052683734193563,0.0,-10.895623481290555,-9.524965014654239,-8.538119919263654,-12.959542615685008,10.052534077083678,0.00010611941866232016
ENGINEERING_SAMPLE,aggressive_flow_10s,Q2,3000,1000,1438,100.0,-10.142952063541932,-10.052683734193563,0.0,-10.895623481290555,-9.524965014654239,-8.538241039789169,-12.9596636471208,10.052874077034728,0.00044611936971248234
ENGINEERING_SAMPLE,aggressive_flow_10s,Q2,3000,500,1438,100.0,-10.14284772803537,-10.052683734193563,0.0,-10.895623481290555,-9.524965014654239,-8.538198534117836,-12.959621172707323,10.052769690913012,0.00034173324799731484
ENGINEERING_SAMPLE,aggressive_flow_10s,Q2,30000,100,1438,99.30458970792768,-10.703524409273871,-10.57993680801346,0.0,-13.48221072635135,-8.208771920577275,-8.538119919263654,-12.959542615685008,10.052975695275371,5.713900441183523e-05
ENGINEERING_SAMPLE,aggressive_flow_10s,Q2,30000,1000,1438,99.30458970792768,-10.703662597303532,-10.57993680801346,0.0,-13.48221072635135,-8.208771920577275,-8.538241039789169,-12.9596636471208,10.053113931955496,0.00019537568453531506
ENGINEERING_SAMPLE,aggressive_flow_10s,Q2,30000,500,1438,99.30458970792768,-10.703603515442744,-10.57993680801346,0.0,-13.48221072635135,-8.208771920577275,-8.538198534117836,-12.959621172707323,10.053054827326797,0.0001362710558358191
ENGINEERING_SAMPLE,aggressive_flow_10s,Q2,500,100,1438,100.0,-10.079427563486801,-10.05268317880655,0.0,-10.052779435294367,-10.052622157640084,-8.538119919263654,-12.959542615685008,10.061510689317492,9.991739341868065e-05
ENGINEERING_SAMPLE,aggressive_flow_10s,Q2,500,1000,1438,100.0,-10.079764770050557,-10.05268317880655,0.0,-10.052779435294367,-10.052622157640084,-8.538241039789169,-12.9596636471208,10.061848066706,0.00043729478192581307
ENGINEERING_SAMPLE,aggressive_flow_10s,Q2,500,500,1438,100.0,-10.079662479156704,-10.05268317880655,0.0,-10.052779435294367,-10.052622157640084,-8.538198534117836,-12.959621172707323,10.061745724609708,0.00033495268563345617
ENGINEERING_SAMPLE,aggressive_flow_10s,Q2,5000,100,1438,100.0,-10.212670724802694,-10.05269651132751,0.0,-11.159873616026923,-9.421256816794054,-8.538119919263654,-12.959542615685008,10.058589177426041,8.620479450551001e-05
ENGINEERING_SAMPLE,aggressive_flow_10s,Q2,5000,1000,1438,100.0,-10.212974431786035,-10.05269651132751,0.0,-11.159873616026923,-9.421256816794054,-8.538241039789169,-12.9596636471208,10.058893058925516,0.0003900862939812361
ENGINEERING_SAMPLE,aggressive_flow_10s,Q2,5000,500,1438,100.0,-10.212887272469812,-10.05269651132751,0.0,-11.159873616026923,-9.421256816794054,-8.538198534117836,-12.959621172707323,10.058805850251751,0.0003028776202152257
ENGINEERING_SAMPLE,aggressive_flow_10s,Q2,60000,100,1438,98.67872044506258,-11.165338811075312,-11.00071138746904,0.0,-16.595019034686658,-6.208889333747755,-8.538119919263654,-12.959542615685008,10.05173181265044,8.730208324746316e-05
ENGINEERING_SAMPLE,aggressive_flow_10s,Q2,60000,1000,1438,98.67872044506258,-11.165646462722593,-11.00071138746904,0.0,-16.595019034686658,-6.208889333747755,-8.538241039789169,-12.9596636471208,10.052039788425683,0.00039527785849178225
ENGINEERING_SAMPLE,aggressive_flow_10s,Q2,60000,500,1438,98.67872044506258,-11.165558142809425,-11.00071138746904,0.0,-16.595019034686658,-6.208889333747755,-8.538198534117836,-12.959621172707323,10.051951380474717,0.0003068699075258192
ENGINEERING_SAMPLE,aggressive_flow_10s,Q3,1000,100,1438,100.0,-10.059479971862439,-10.052702068536417,0.0,-10.052778041799998,-10.05260969344787,-7.9741735390663475,-12.323892576182567,10.055434593037031,3.300168532637976e-05
ENGINEERING_SAMPLE,aggressive_flow_10s,Q3,1000,1000,1438,100.0,-10.059761668128234,-10.052702068536417,0.0,-10.052778041799998,-10.05260969344787,-7.974455401372492,-12.324181530125003,10.05571639710068,0.00031480574897644687
ENGINEERING_SAMPLE,aggressive_flow_10s,Q3,1000,500,1438,100.0,-10.059654801524198,-10.052702068536417,0.0,-10.052778041799998,-10.05260969344787,-7.974348468554054,-12.324067378857483,10.055609486903416,0.00020789555171081886
ENGINEERING_SAMPLE,aggressive_flow_10s,Q3,15000,100,1438,100.0,-10.207786038890697,-10.052704013836452,0.0,-12.109751399728761,-8.417477675272858,-7.9741735390663475,-12.323892576182567,10.051070104280129,3.300168532637976e-05
ENGINEERING_SAMPLE,aggressive_flow_10s,Q3,15000,1000,1438,100.0,-10.208067662167194,-10.052704013836452,0.0,-12.109751399728761,-8.417477675272858,-7.974455401372492,-12.324181530125003,10.05135190834378,0.00031480574897644687
ENGINEERING_SAMPLE,aggressive_flow_10s,Q3,15000,500,1438,100.0,-10.207960821980157,-10.052704013836452,0.0,-12.109751399728761,-8.417477675272858,-7.974348468554054,-12.324067378857483,10.051244998146514,0.00020789555171081886
ENGINEERING_SAMPLE,aggressive_flow_10s,Q3,250,100,1438,100.0,-10.052950604349645,-10.052702068536417,0.0,-10.052761464870802,-10.052622157640084,-7.9741735390663475,-12.323892576182567,10.051800336283485,3.300168532637976e-05
ENGINEERING_SAMPLE,aggressive_flow_10s,Q3,250,1000,1438,100.0,-10.053232282262105,-10.052702068536417,0.0,-10.052761464870802,-10.052622157640084,-7.974455401372492,-12.324181530125003,10.052082140347135,0.00031480574897644687
ENGINEERING_SAMPLE,aggressive_flow_10s,Q3,250,500,1438,100.0,-10.053125421755523,-10.052702068536417,0.0,-10.052761464870802,-10.052622157640084,-7.974348468554054,-12.324067378857483,10.051975230149871,0.00020789555171081886
ENGINEERING_SAMPLE,aggressive_flow_10s,Q3,3000,100,1438,100.0,-10.061439096552377,-10.052702346429095,0.0,-10.7905393648266,-9.314447079377375,-7.9741735390663475,-12.323892576182567,10.04844064490566,4.6705766688788276e-05
ENGINEERING_SAMPLE,aggressive_flow_10s,Q3,3000,1000,1438,100.0,-10.06174134190882,-10.052702346429095,0.0,-10.7905393648266,-9.314447079377375,-7.974455401372492,-12.324181530125003,10.0487431057033,0.00034916656432702997
ENGINEERING_SAMPLE,aggressive_flow_10s,Q3,3000,500,1438,100.0,-10.061632212904547,-10.052702346429095,0.0,-10.7905393648266,-9.314447079377375,-7.974348468554054,-12.324067378857483,10.04863390031337,0.00023996117439604924
ENGINEERING_SAMPLE,aggressive_flow_10s,Q3,30000,100,1438,98.60917941585535,-10.171773472009765,-10.052692066404129,0.0,-13.111423581615478,-7.627994177767933,-7.9741735390663475,-12.323892576182567,10.053440960029567,6.330698351704872e-05
ENGINEERING_SAMPLE,aggressive_flow_10s,Q3,30000,1000,1438,98.60917941585535,-10.172244301088726,-10.052692066404129,0.0,-13.111423581615478,-7.627994177767933,-7.974455401372492,-12.324181530125003,10.053912146023947,0.0005344929778972923
ENGINEERING_SAMPLE,aggressive_flow_10s,Q3,30000,500,1438,98.60917941585535,-10.172090618861597,-10.052692066404129,0.0,-13.111423581615478,-7.627994177767933,-7.974348468554054,-12.324067378857483,10.053758355196663,0.00038070215061414595
ENGINEERING_SAMPLE,aggressive_flow_10s,Q3,500,100,1438,100.0,-10.058049599129628,-10.052702068536417,0.0,-10.052766339351706,-10.052618002253178,-7.9741735390663475,-12.323892576182567,10.058407048538594,3.300168532637976e-05
ENGINEERING_SAMPLE,aggressive_flow_10s,Q3,500,1000,1438,100.0,-10.058331286830533,-10.052702068536417,0.0,-10.052766339351706,-10.052618002253178,-7.974455401372492,-12.324181530125003,10.058688852602245,0.00031480574897644687
ENGINEERING_SAMPLE,aggressive_flow_10s,Q3,500,500,1438,100.0,-10.058224423071977,-10.052702068536417,0.0,-10.052766339351706,-10.052618002253178,-7.974348468554054,-12.324067378857483,10.05858194240498,0.00020789555171081886
ENGINEERING_SAMPLE,aggressive_flow_10s,Q3,5000,100,1438,100.0,-10.084830195839725,-10.052704013836452,0.0,-11.318594624830476,-8.998153880536035,-7.9741735390663475,-12.323892576182567,10.05799826380914,3.300168532637976e-05
ENGINEERING_SAMPLE,aggressive_flow_10s,Q3,5000,1000,1438,100.0,-10.085128000973004,-10.052704013836452,0.0,-11.318594624830476,-8.998153880536035,-7.974455401372492,-12.324181530125003,10.058296282885694,0.00033102076188149844
ENGINEERING_SAMPLE,aggressive_flow_10s,Q3,5000,500,1438,100.0,-10.085004960795724,-10.052704013836452,0.0,-11.318594624830476,-8.998153880536035,-7.974348468554054,-12.324067378857483,10.058173157675524,0.00020789555171081886
ENGINEERING_SAMPLE,aggressive_flow_10s,Q3,60000,100,1438,95.4798331015299,-9.927319488177604,-10.0,0.0,-14.271818277754326,-5.731942621265558,-7.9741735390663475,-12.323892576182567,10.05477261432281,5.542430395578779e-05
ENGINEERING_SAMPLE,aggressive_flow_10s,Q3,60000,1000,1438,95.4798331015299,-9.927652241316967,-10.0,0.0,-14.271818277754326,-5.731942621265558,-7.974455401372492,-12.324181530125003,10.055105587877884,0.0003883978590308722
ENGINEERING_SAMPLE,aggressive_flow_10s,Q3,60000,500,1438,95.4798331015299,-9.92752236095951,-10.0,0.0,-14.271818277754326,-5.731942621265558,-7.974348468554054,-12.324067378857483,10.05497562866208,0.0002584386432266945
ENGINEERING_SAMPLE,aggressive_flow_10s,Q4,1000,100,1441,100.0,-10.050851303674126,-10.052675959840839,0.0,-10.052757426683275,-10.05260969344787,-8.070352997932748,-12.074526198157042,10.054473335080642,7.838159221368805e-05
ENGINEERING_SAMPLE,aggressive_flow_10s,Q4,1000,1000,1441,100.0,-10.051260482556286,-10.052675959840839,0.0,-10.052757426683275,-10.05260969344787,-8.070914633410132,-12.07482954312781,10.054882713908793,0.00048776042036463194
ENGINEERING_SAMPLE,aggressive_flow_10s,Q4,1000,500,1441,100.0,-10.051142111983413,-10.052675959840839,0.0,-10.052757426683275,-10.05260969344787,-8.07070136813281,-12.074725417428173,10.054764286685822,0.0003693331973939553
ENGINEERING_SAMPLE,aggressive_flow_10s,Q4,15000,100,1441,99.09784871616932,-9.942291922436535,-9.842150148189873,0.0,-11.841659164731958,-8.103550006544427,-8.070352997932748,-12.074526198157042,10.055934683282317,5.292854829788805e-05
ENGINEERING_SAMPLE,aggressive_flow_10s,Q4,15000,1000,1441,99.09784871616932,-9.942597919850167,-9.842150148189873,0.0,-11.841659164731958,-8.103550006544427,-8.070914633410132,-12.07482954312781,10.05624080391369,0.000359049179670914
ENGINEERING_SAMPLE,aggressive_flow_10s,Q4,15000,500,1441,99.09784871616932,-9.942492882925796,-9.842150148189873,0.0,-11.841659164731958,-8.103550006544427,-8.07070136813281,-12.074725417428173,10.05613572544428,0.0002539707102598515
ENGINEERING_SAMPLE,aggressive_flow_10s,Q4,250,100,1441,100.0,-10.051848302353052,-10.052678180850336,0.0,-10.052754642091818,-10.052619110292182,-8.070352997932748,-12.074526198157042,10.055426332954056,7.838159221368805e-05
ENGINEERING_SAMPLE,aggressive_flow_10s,Q4,250,1000,1441,100.0,-10.05225747624661,-10.052678180850336,0.0,-10.052754642091818,-10.052619110292182,-8.070914633410132,-12.07482954312781,10.055835711782207,0.00048776042036463194
ENGINEERING_SAMPLE,aggressive_flow_10s,Q4,250,500,1441,100.0,-10.052139107130134,-10.052678180850336,0.0,-10.052754642091818,-10.052619110292182,-8.07070136813281,-12.074725417428173,10.055717284559238,0.0003693331973939553
ENGINEERING_SAMPLE,aggressive_flow_10s,Q4,3000,100,1441,100.0,-10.055481562697414,-10.052675959840839,0.0,-10.736617130704401,-9.525901369776378,-8.070352997932748,-12.074526198157042,10.054483341328845,5.245105271990571e-05
ENGINEERING_SAMPLE,aggressive_flow_10s,Q4,3000,1000,1441,100.0,-10.05587522496615,-10.052675959840839,0.0,-10.736617130704401,-9.52592135844045,-8.070914633410132,-12.07482954312781,10.054877203890756,0.000446313614629612
ENGINEERING_SAMPLE,aggressive_flow_10s,Q4,3000,500,1441,100.0,-10.055751853602104,-10.052675959840839,0.0,-10.736617130704401,-9.52592135844045,-8.07070136813281,-12.074725417428173,10.05475377481963,0.0003228845435052179
ENGINEERING_SAMPLE,aggressive_flow_10s,Q4,30000,100,1441,98.26509368494101,-10.094784424660824,-9.841800368261941,0.0,-13.110734236776722,-7.364868783911331,-8.070352997932748,-12.074526198157042,10.056914400970701,6.729286120919782e-05
ENGINEERING_SAMPLE,aggressive_flow_10s,Q4,30000,1000,1441,98.26509368494101,-10.095238284772636,-9.841800368261941,0.0,-13.110734236776722,-7.392583352641557,-8.070914633410132,-12.07482954312781,10.057368476196743,0.000521368087250711
ENGINEERING_SAMPLE,aggressive_flow_10s,Q4,30000,500,1441,98.26509368494101,-10.095105449614733,-9.841800368261941,0.0,-13.110734236776722,-7.364868783911331,-8.07070136813281,-12.074725417428173,10.057235587612743,0.00038847950325218846
ENGINEERING_SAMPLE,aggressive_flow_10s,Q4,500,100,1441,100.0,-10.04923577677803,-10.052677070322176,0.0,-10.052754642091818,-10.052616063297203,-8.070352997932748,-12.074526198157042,10.052412552152068,6.612961828790524e-05
ENGINEERING_SAMPLE,aggressive_flow_10s,Q4,500,1000,1441,100.0,-10.049607449003526,-10.052677070322176,0.0,-10.052754642091818,-10.052616063297203,-8.070914633410132,-12.07482954312781,10.052784403911684,0.00043798137790292666
ENGINEERING_SAMPLE,aggressive_flow_10s,Q4,500,500,1441,100.0,-10.049480075398707,-10.052677070322176,0.0,-10.052754642091818,-10.052616063297203,-8.07070136813281,-12.074725417428173,10.052656968229366,0.0003105456955849236
ENGINEERING_SAMPLE,aggressive_flow_10s,Q4,5000,100,1441,100.0,-10.026193295049817,-10.052674849406321,0.0,-11.001909856866252,-9.052736328885986,-8.070352997932748,-12.074526198157042,10.052661226039692,6.470302664568852e-05
ENGINEERING_SAMPLE,aggressive_flow_10s,Q4,5000,1000,1441,100.0,-10.026550183163733,-10.052674849406321,0.0,-11.001909856866252,-9.052736328885986,-8.070914633410132,-12.07482954312781,10.053018268718143,0.0004217457050959995
ENGINEERING_SAMPLE,aggressive_flow_10s,Q4,5000,500,1441,100.0,-10.026438950039697,-10.052674849406321,0.0,-11.001909856866252,-9.052736328885986,-8.07070136813281,-12.074725417428173,10.052906990025093,0.00031046701204572003
ENGINEERING_SAMPLE,aggressive_flow_10s,Q4,60000,100,1441,94.8646773074254,-10.381053287051923,-10.0,0.0,-15.429343670068297,-5.942146128372816,-8.070352997932748,-12.074526198157042,10.059787165059175,5.529039280862043e-05
ENGINEERING_SAMPLE,aggressive_flow_10s,Q4,60000,1000,1441,94.8646773074254,-10.381373009293227,-10.0,0.0,-15.429343670068297,-5.942146128372816,-8.070914633410132,-12.07482954312781,10.060106945791876,0.0003750711255084603
ENGINEERING_SAMPLE,aggressive_flow_10s,Q4,60000,500,1441,94.8646773074254,-10.381263256640471,-10.0,0.0,-15.429343670068297,-5.942146128372816,-8.07070136813281,-12.074725417428173,10.059997178378328,0.00026530371196127866
ENGINEERING_SAMPLE,aggressive_flow_10s,Q5,1000,100,1436,99.72144846796657,-10.022989083504285,-10.052658753365261,0.0,-10.052732932362561,-9.947264728082791,-8.190671936250231,-11.743721449040915,10.052058289545503,2.8243509772343015e-05
ENGINEERING_SAMPLE,aggressive_flow_10s,Q5,1000,1000,1436,99.72144846796657,-10.023087004605816,-10.052658753365261,0.0,-10.052732932362561,-9.947264728082791,-8.190769721843923,-11.743873103531929,10.052156257659579,0.00012621162385004973
ENGINEERING_SAMPLE,aggressive_flow_10s,Q5,1000,500,1436,99.72144846796657,-10.023066065798247,-10.052658753365261,0.0,-10.052732932362561,-9.947264728082791,-8.190748813624237,-11.743845022376034,10.052135308792312,0.00010526275658306852
ENGINEERING_SAMPLE,aggressive_flow_10s,Q5,15000,100,1436,96.65738161559888,-9.838548125262433,-9.842098597125922,0.0,-11.894248081114375,-7.840080747600499,-8.190671936250231,-11.743721449040915,10.053276258910348,4.333695737420746e-05
ENGINEERING_SAMPLE,aggressive_flow_10s,Q5,15000,1000,1436,96.65738161559888,-9.838683810281301,-9.842098597125922,0.0,-11.894248081114375,-7.840080747600499,-8.190769721843923,-11.743873103531929,10.053412013122355,0.00017909116938086213
ENGINEERING_SAMPLE,aggressive_flow_10s,Q5,15000,500,1436,96.65738161559888,-9.838646560503955,-9.842098597125922,0.0,-11.894248081114375,-7.840080747600499,-8.190748813624237,-11.743845022376034,10.053374742368835,0.00014182041586222453
ENGINEERING_SAMPLE,aggressive_flow_10s,Q5,250,100,1436,99.86072423398329,-10.04508881232019,-10.052668465316275,0.0,-10.052730706733914,-10.052616063297203,-8.190671936250231,-11.743721449040915,10.051069206123536,2.8204118545324405e-05
ENGINEERING_SAMPLE,aggressive_flow_10s,Q5,250,1000,1436,99.86072423398329,-10.045186596851147,-10.052668465316275,0.0,-10.052730706733914,-10.052616063297203,-8.190769721843923,-11.743873103531929,10.051167037601472,0.00012603559648066332
ENGINEERING_SAMPLE,aggressive_flow_10s,Q5,250,500,1436,99.86072423398329,-10.045165687246936,-10.052668465316275,0.0,-10.052730706733914,-10.052616063297203,-8.190748813624237,-11.743845022376034,10.051146117951593,0.00010511594660178112
ENGINEERING_SAMPLE,aggressive_flow_10s,Q5,3000,100,1436,99.09470752089136,-9.976535790011203,-10.052638231313296,0.0,-10.474064154035764,-9.314638211682297,-8.190671936250231,-11.743721449040915,10.05320468696143,2.8422140543917917e-05
ENGINEERING_SAMPLE,aggressive_flow_10s,Q5,3000,1000,1436,99.09470752089136,-9.976634330431015,-10.052638231313296,0.0,-10.474064154035764,-9.314638211682297,-8.190769721843923,-11.743873103531929,10.053303274691128,0.00012700987024123064
ENGINEERING_SAMPLE,aggressive_flow_10s,Q5,3000,500,1436,99.09470752089136,-9.976613259192478,-10.052638231313296,0.0,-10.474064154035764,-9.314638211682297,-8.190748813624237,-11.743845022376034,10.053282193329268,0.00010592850838155595
ENGINEERING_SAMPLE,aggressive_flow_10s,Q5,30000,100,1436,96.65738161559888,-9.724142550186535,-9.683914255746414,0.0,-12.591986143578296,-6.7857839493481364,-8.190671936250231,-11.743721449040915,10.052937550140667,4.977284930636943e-05
ENGINEERING_SAMPLE,aggressive_flow_10s,Q5,30000,1000,1436,96.65738161559888,-9.724280994444078,-9.683914255746414,0.0,-12.591986143578296,-6.7857839493481364,-8.190769721843923,-11.743873103531929,10.053076043479129,0.0001882661877691933
ENGINEERING_SAMPLE,aggressive_flow_10s,Q5,30000,500,1436,96.65738161559888,-9.724241603192867,-9.683914255746414,0.0,-12.591986143578296,-6.7857839493481364,-8.190748813624237,-11.743845022376034,10.05303663635542,0.0001488590640599945
ENGINEERING_SAMPLE,aggressive_flow_10s,Q5,500,100,1436,99.79108635097494,-10.036660940303262,-10.05266347015122,0.0,-10.052732097729804,-10.052615509336029,-8.190671936250231,-11.743721449040915,10.049375049842302,2.8223800414511652e-05
ENGINEERING_SAMPLE,aggressive_flow_10s,Q5,500,1000,1436,99.79108635097494,-10.036758793071856,-10.05266347015122,0.0,-10.052732097729804,-10.052615509336029,-8.190769721843923,-11.743873103531929,10.049472949590635,0.00012612354874617668
ENGINEERING_SAMPLE,aggressive_flow_10s,Q5,500,500,1436,99.79108635097494,-10.036737868876155,-10.05266347015122,0.0,-10.052732097729804,-10.052615509336029,-8.190748813624237,-11.743845022376034,10.049452015342256,0.00010518930036772792
ENGINEERING_SAMPLE,aggressive_flow_10s,Q5,5000,100,1436,98.60724233983287,-9.966498446021436,-10.052637954097808,0.0,-11.00071138746904,-9.0513777721535,-8.190671936250231,-11.743721449040915,10.0555886795625,2.856264547598531e-05
ENGINEERING_SAMPLE,aggressive_flow_10s,Q5,5000,1000,1436,98.60724233983287,-9.966597473576092,-10.052637954097808,0.0,-11.00071138746904,-9.0513777721535,-8.190769721843923,-11.743873103531929,10.05568775466092,0.00012763774389355312
ENGINEERING_SAMPLE,aggressive_flow_10s,Q5,5000,500,1436,98.60724233983287,-9.966576298171828,-10.052637954097808,0.0,-11.00071138746904,-9.0513777721535,-8.190748813624237,-11.743845022376034,10.055666569083288,0.00010645216626197324
ENGINEERING_SAMPLE,aggressive_flow_10s,Q5,60000,100,1436,96.65738161559888,-10.048608477476089,-10.157846528008086,0.0,-13.690351233457637,-6.262705259055624,-8.190671936250231,-11.743721449040915,10.053826942470748,2.913883717146628e-05
ENGINEERING_SAMPLE,aggressive_flow_10s,Q5,60000,1000,1436,96.65738161559888,-10.048722762168056,-10.157846528008086,0.0,-13.690351233457637,-6.262705259055624,-8.190769721843923,-11.743873103531929,10.053941269808908,0.0001434661753301493
ENGINEERING_SAMPLE,aggressive_flow_10s,Q5,60000,500,1436,96.65738161559888,-10.048687914555726,-10.157846528008086,0.0,-13.690351233457637,-6.262705259055624,-8.190748813624237,-11.743845022376034,10.05390640324988,0.00010859961630184014
ENGINEERING_SAMPLE,aggressive_flow_1s,Q1,1000,100,1439,100.0,-10.09196428045775,-10.05268317880655,0.0,-10.05276076858108,-10.052619110292182,-8.397919703772061,-12.828748567961528,10.048296148620622,-7.614775962023774e-25
ENGINEERING_SAMPLE,aggressive_flow_1s,Q1,1000,1000,1439,100.0,-10.092180807804846,-10.05268317880655,0.0,-10.05276076858108,-10.052619110292182,-8.39828362078981,-12.828874564976,10.048512786053507,0.0002166374328851182
ENGINEERING_SAMPLE,aggressive_flow_1s,Q1,1000,500,1439,100.0,-10.092141077885696,-10.05268317880655,0.0,-10.05276076858108,-10.052619110292182,-8.39815623530476,-12.828854135824473,10.048473035333165,0.00017688671254242249
ENGINEERING_SAMPLE,aggressive_flow_1s,Q1,15000,100,1439,99.86101459346769,-10.363959769136665,-10.052711240494046,0.0,-12.42383505458993,-8.418662785178622,-8.397919703772061,-12.828748567961528,10.044935278456503,-7.514006234943642e-25
ENGINEERING_SAMPLE,aggressive_flow_1s,Q1,15000,1000,1439,99.86101459346769,-10.364085891713177,-10.052711240494046,0.0,-12.42383505458993,-8.418662785178622,-8.39828362078981,-12.828874564976,10.045061456775725,0.00012617831922211688
ENGINEERING_SAMPLE,aggressive_flow_1s,Q1,15000,500,1439,99.86101459346769,-10.364065442203026,-10.052711240494046,0.0,-12.42383505458993,-8.418662785178622,-8.39815623530476,-12.828854135824473,10.04504099791665,0.00010571946014752964
ENGINEERING_SAMPLE,aggressive_flow_1s,Q1,250,100,1439,100.0,-10.063881200580282,-10.05268317880655,0.0,-10.052740445246501,-10.052622379279388,-8.397919703772061,-12.828748567961528,10.0498813003234,3.359844951567753e-05
ENGINEERING_SAMPLE,aggressive_flow_1s,Q1,250,1000,1439,100.0,-10.064186178921988,-10.05268317880655,0.0,-10.052740445246501,-10.052622379279388,-8.39828362078981,-12.828874564976,10.050186440000045,0.0003387381261585002
ENGINEERING_SAMPLE,aggressive_flow_1s,Q1,250,500,1439,100.0,-10.064122138781924,-10.05268317880655,0.0,-10.052740445246501,-10.052622379279388,-8.39815623530476,-12.828854135824473,10.050122365393845,0.00027466351995797617
ENGINEERING_SAMPLE,aggressive_flow_1s,Q1,3000,100,1439,100.0,-10.16526568861368,-10.052687899969426,0.0,-10.895623481290555,-9.841959626838138,-8.397919703772061,-12.828748567961528,10.047590708284654,2.9442665878264552e-05
ENGINEERING_SAMPLE,aggressive_flow_1s,Q1,3000,1000,1439,100.0,-10.165574203225031,-10.052687899969426,0.0,-10.895623481290555,-9.841959626838138,-8.39828362078981,-12.828874564976,10.047899395689877,0.0003381300711014827
ENGINEERING_SAMPLE,aggressive_flow_1s,Q1,3000,500,1439,100.0,-10.165509121218571,-10.052687899969426,0.0,-10.895623481290555,-9.841959626838138,-8.39815623530476,-12.828854135824473,10.047834275913681,0.0002730102949047568
ENGINEERING_SAMPLE,aggressive_flow_1s,Q1,30000,100,1439,99.0271021542738,-10.539558124162633,-10.474398662581281,0.0,-13.741452304253155,-7.522571696779842,-8.397919703772061,-12.828748567961528,10.048952066033742,2.9693248510765604e-05
ENGINEERING_SAMPLE,aggressive_flow_1s,Q1,30000,1000,1439,99.0271021542738,-10.539869626935051,-10.474398662581281,0.0,-13.741452304253155,-7.522571696779842,-8.39828362078981,-12.828874564976,10.049263803396004,0.00034143061077362237
ENGINEERING_SAMPLE,aggressive_flow_1s,Q1,30000,500,1439,99.0271021542738,-10.539803901072736,-10.474398662581281,0.0,-13.741452304253155,-7.522571696779842,-8.39815623530476,-12.828854135824473,10.049198022406593,0.0002756496213632993
ENGINEERING_SAMPLE,aggressive_flow_1s,Q1,500,100,1439,100.0,-10.077381649126375,-10.05268317880655,0.0,-10.052743784993218,-10.052621603550577,-8.397919703772061,-12.828748567961528,10.051120511550863,2.7392134803773966e-05
ENGINEERING_SAMPLE,aggressive_flow_1s,Q1,500,1000,1439,100.0,-10.077580600016914,-10.05268317880655,0.0,-10.052743784993218,-10.052621603550577,-8.39828362078981,-12.828874564976,10.051319565769012,0.00022644635295234177
ENGINEERING_SAMPLE,aggressive_flow_1s,Q1,500,500,1439,100.0,-10.077550733101624,-10.05268317880655,0.0,-10.052743784993218,-10.052621603550577,-8.39815623530476,-12.828854135824473,10.051289683281757,0.00019656386569851867
ENGINEERING_SAMPLE,aggressive_flow_1s,Q1,5000,100,1439,100.0,-10.195071436115022,-10.052688177711241,0.0,-11.169960817965926,-9.315187258219229,-8.397919703772061,-12.828748567961528,10.0468590406153,1.2269002381551791e-05
ENGINEERING_SAMPLE,aggressive_flow_1s,Q1,5000,1000,1439,100.0,-10.195251109226861,-10.052688177711241,0.0,-11.169960817965926,-9.315187258219229,-8.39828362078981,-12.828874564976,10.04703880189589,0.00019203028297112715
ENGINEERING_SAMPLE,aggressive_flow_1s,Q1,5000,500,1439,100.0,-10.19522353441809,-10.052688177711241,0.0,-11.169960817965926,-9.315187258219229,-8.39815623530476,-12.828854135824473,10.047011213346302,0.00016444173338347096
ENGINEERING_SAMPLE,aggressive_flow_1s,Q1,60000,100,1439,97.49826268241834,-10.776839550564032,-10.84317529947697,0.0,-15.998925970969626,-6.308480496388415,-8.397919703772061,-12.828748567961528,10.045993547612994,3.0140525893121544e-05
ENGINEERING_SAMPLE,aggressive_flow_1s,Q1,60000,1000,1439,97.49826268241834,-10.777248728578764,-10.84317529947697,0.0,-15.998925970969626,-6.308480496388415,-8.39828362078981,-12.828874564976,10.046403129274715,0.00043972218761421407
ENGINEERING_SAMPLE,aggressive_flow_1s,Q1,60000,500,1439,97.49826268241834,-10.77716216965974,-10.84317529947697,0.0,-15.998925970969626,-6.308480496388415,-8.39815623530476,-12.828854135824473,10.04631647836358,0.0003530712764796163
ENGINEERING_SAMPLE,aggressive_flow_1s,Q2,1000,100,1438,100.0,-10.060769078449882,-10.052697622675531,0.0,-10.052783839429258,-10.052616063297203,-8.034821754110181,-12.764028696596638,10.054320316888942,7.04487561081975e-05
ENGINEERING_SAMPLE,aggressive_flow_1s,Q2,1000,1000,1438,100.0,-10.060942515454894,-10.052697622675531,0.0,-10.052783839429258,-10.052616063297203,-8.034942874635696,-12.764149728032429,10.054493832227308,0.00024396409447445427
ENGINEERING_SAMPLE,aggressive_flow_1s,Q2,1000,500,1438,100.0,-10.060892884773878,-10.052697622675531,0.0,-10.052783839429258,-10.052616063297203,-8.034900368964365,-12.76410725361895,10.054444180539525,0.00019431240669009504
ENGINEERING_SAMPLE,aggressive_flow_1s,Q2,15000,100,1438,99.44367176634213,-10.2430019328992,-10.05268317880655,0.0,-12.581054018445323,-8.151338204827585,-8.034821754110181,-12.764028696596638,10.055510313745012,7.083959052843362e-05
ENGINEERING_SAMPLE,aggressive_flow_1s,Q2,15000,1000,1438,99.44367176634213,-10.2431892149987,-10.05268317880655,0.0,-12.581054018445323,-8.156007281221,-8.034942874635696,-12.764149728032429,10.05569769198313,0.0002582178286459021
ENGINEERING_SAMPLE,aggressive_flow_1s,Q2,15000,500,1438,99.44367176634213,-10.243126427245365,-10.05268317880655,0.0,-12.581054018445323,-8.156007281221,-8.034900368964365,-12.76410725361895,10.055634871573268,0.0001953974187839893
ENGINEERING_SAMPLE,aggressive_flow_1s,Q2,250,100,1438,100.0,-10.054988163112087,-10.052697622675531,0.0,-10.052773304469495,-10.052627283528922,-8.034821754110181,-12.764028696596638,10.053024393476315,5.674165389436767e-05
ENGINEERING_SAMPLE,aggressive_flow_1s,Q2,250,1000,1438,100.0,-10.055122010724345,-10.052697622675531,0.0,-10.052773304469495,-10.052627283528922,-8.034942874635696,-12.764149728032429,10.053158306430916,0.00019065460849603753
ENGINEERING_SAMPLE,aggressive_flow_1s,Q2,250,500,1438,100.0,-10.05506670707339,-10.052697622675531,0.0,-10.052773304469495,-10.052627283528922,-8.034900368964365,-12.76410725361895,10.053102975235308,0.0001353234128884212
ENGINEERING_SAMPLE,aggressive_flow_1s,Q2,3000,100,1438,100.0,-10.09544776729628,-10.052697067001521,0.0,-10.7910482411477,-9.367471785676617,-8.034821754110181,-12.764028696596638,10.04927862553103,9.036592066027079e-05
ENGINEERING_SAMPLE,aggressive_flow_1s,Q2,3000,1000,1438,100.0,-10.095657317077281,-10.052697067001521,0.0,-10.7910482411477,-9.367471785676617,-8.034942874635696,-12.764149728032429,10.049488257573488,0.00029999796311694924
ENGINEERING_SAMPLE,aggressive_flow_1s,Q2,3000,500,1438,100.0,-10.095590514851322,-10.052697067001521,0.0,-10.7910482411477,-9.367471785676617,-8.034900368964365,-12.76410725361895,10.049421429230666,0.00023316962029468175
ENGINEERING_SAMPLE,aggressive_flow_1s,Q2,30000,100,1438,97.4269819193324,-10.396717320127383,-10.158336633663366,0.0,-13.792129502771747,-7.418782742518631,-8.034821754110181,-12.764028696596638,10.05244388480352,7.230494132972211e-05
ENGINEERING_SAMPLE,aggressive_flow_1s,Q2,30000,1000,1438,97.4269819193324,-10.396911962329561,-10.158336633663366,0.0,-13.792129502771747,-7.471180758709025,-8.034942874635696,-12.764149728032429,10.05263861896417,0.0002670391019804209
ENGINEERING_SAMPLE,aggressive_flow_1s,Q2,30000,500,1438,97.4269819193324,-10.39684439364999,-10.158336633663366,0.0,-13.792129502771747,-7.471180758709025,-8.034900368964365,-12.76410725361895,10.052571021289836,0.00019944142764627938
ENGINEERING_SAMPLE,aggressive_flow_1s,Q2,500,100,1438,100.0,-10.059513806482894,-10.052697622675531,0.0,-10.05277887788779,-10.052618833278055,-8.034821754110181,-12.764028696596638,10.056991550652857,8.621331205627214e-05
ENGINEERING_SAMPLE,aggressive_flow_1s,Q2,500,1000,1438,100.0,-10.059830369742215,-10.052697622675531,0.0,-10.05277887788779,-10.052618833278055,-8.034942874635696,-12.764149728032429,10.057308271307376,0.0004029339665752299
ENGINEERING_SAMPLE,aggressive_flow_1s,Q2,500,500,1438,100.0,-10.059730372548856,-10.052697622675531,0.0,-10.05277887788779,-10.052618833278055,-8.034900368964365,-12.76410725361895,10.057208224403748,0.0003028870629482258
ENGINEERING_SAMPLE,aggressive_flow_1s,Q2,5000,100,1438,99.93045897079277,-10.132769645010026,-10.052700401250679,0.0,-11.315235413322105,-9.104445422129778,-8.034821754110181,-12.764028696596638,10.053302847673718,5.678114008357739e-05
ENGINEERING_SAMPLE,aggressive_flow_1s,Q2,5000,1000,1438,99.93045897079277,-10.132890739261986,-10.052700401250679,0.0,-11.315235413322105,-9.104445422129778,-8.034942874635696,-12.764149728032429,10.05342400192901,0.00017793539537381065
ENGINEERING_SAMPLE,aggressive_flow_1s,Q2,5000,500,1438,99.93045897079277,-10.132848242799666,-10.052700401250679,0.0,-11.315235413322105,-9.104445422129778,-8.034900368964365,-12.76410725361895,10.053381484117306,0.00013541758366983277
ENGINEERING_SAMPLE,aggressive_flow_1s,Q2,60000,100,1438,96.03616133518776,-10.63539638404353,-10.368671486383947,0.0,-16.160230307691496,-5.830930959471161,-8.034821754110181,-12.764028696596638,10.051087633648573,5.908363381614823e-05
ENGINEERING_SAMPLE,aggressive_flow_1s,Q2,60000,1000,1438,96.03616133518776,-10.635522369877993,-10.368671486383947,0.0,-16.160230307691496,-5.830930959471161,-8.034942874635696,-12.764149728032429,10.051213700748393,0.0001851507336366154
ENGINEERING_SAMPLE,aggressive_flow_1s,Q2,60000,500,1438,96.03616133518776,-10.635478156788711,-10.368671486383947,0.0,-16.160230307691496,-5.830930959471161,-8.034900368964365,-12.76410725361895,10.051169458825571,0.0001409088108135769
ENGINEERING_SAMPLE,aggressive_flow_1s,Q3,1000,100,1438,100.0,-10.081967250176993,-10.052677903213905,0.0,-10.052778041799998,-10.052616063297203,-8.128375040652843,-12.229913505747922,10.053328168346097,3.300168532637976e-05
ENGINEERING_SAMPLE,aggressive_flow_1s,Q3,1000,1000,1438,100.0,-10.082248946442785,-10.052677903213905,0.0,-10.052778041799998,-10.052616063297203,-8.128656902958989,-12.230256245051397,10.053609972409747,0.00031480574897644687
ENGINEERING_SAMPLE,aggressive_flow_1s,Q3,1000,500,1438,100.0,-10.082142079838752,-10.052677903213905,0.0,-10.052778041799998,-10.052616063297203,-8.12854997014055,-12.230134931340675,10.053503062212483,0.00020789555171081886
ENGINEERING_SAMPLE,aggressive_flow_1s,Q3,15000,100,1438,99.16550764951322,-10.053235163965242,-10.052627699177018,0.0,-11.841659164731958,-8.104654347780283,-8.128375040652843,-12.229913505747922,10.047116681298096,3.327939936839698e-05
ENGINEERING_SAMPLE,aggressive_flow_1s,Q3,15000,1000,1438,99.16550764951322,-10.053519157143082,-10.052627699177018,0.0,-11.841659164731958,-8.104654347780283,-8.128656902958989,-12.230256245051397,10.047400856784442,0.00031745488571397655
ENGINEERING_SAMPLE,aggressive_flow_1s,Q3,15000,500,1438,99.16550764951322,-10.053411417880136,-10.052627699177018,0.0,-11.841659164731958,-8.104654347780283,-8.12854997014055,-12.230134931340675,10.047293046922121,0.00020964502339421986
ENGINEERING_SAMPLE,aggressive_flow_1s,Q3,250,100,1438,100.0,-10.058070775215935,-10.052679013777183,0.0,-10.05275547743839,-10.052618833278055,-8.128375040652843,-12.229913505747922,10.050355988457214,3.300168532637976e-05
ENGINEERING_SAMPLE,aggressive_flow_1s,Q3,250,1000,1438,100.0,-10.058352453128395,-10.052679013777183,0.0,-10.05275547743839,-10.052618833278055,-8.128656902958989,-12.230256245051397,10.050637792520863,0.00031480574897644687
ENGINEERING_SAMPLE,aggressive_flow_1s,Q3,250,500,1438,100.0,-10.058245592621812,-10.052679013777183,0.0,-10.05275547743839,-10.052618833278055,-8.12854997014055,-12.230134931340675,10.0505308823236,0.00020789555171081886
ENGINEERING_SAMPLE,aggressive_flow_1s,Q3,3000,100,1438,99.93045897079277,-10.042071050257755,-10.052674016611155,0.0,-10.579310381166156,-9.378406141174915,-8.128375040652843,-12.229913505747922,10.048755359597605,4.6738268962058136e-05
ENGINEERING_SAMPLE,aggressive_flow_1s,Q3,3000,1000,1438,99.93045897079277,-10.042373505944996,-10.052674016611155,0.0,-10.579310381166156,-9.399367044492532,-8.128656902958989,-12.230256245051397,10.049058030875965,0.0003494095473223863
ENGINEERING_SAMPLE,aggressive_flow_1s,Q3,3000,500,1438,99.93045897079277,-10.04226430099848,-10.052674016611155,0.0,-10.579310381166156,-9.395677894120835,-8.12854997014055,-12.230134931340675,10.048948749490634,0.0002401281619913144
ENGINEERING_SAMPLE,aggressive_flow_1s,Q3,30000,100,1438,99.02642559109874,-10.045944438479147,-10.0,0.0,-12.582183511101036,-7.262514931051989,-8.128375040652843,-12.229913505747922,10.051297209766203,3.332614009784698e-05
ENGINEERING_SAMPLE,aggressive_flow_1s,Q3,30000,1000,1438,99.02642559109874,-10.046228860985227,-10.0,0.0,-12.582183511101036,-7.262514931051989,-8.128656902958989,-12.230256245051397,10.051581784375424,0.00031790074931750743
ENGINEERING_SAMPLE,aggressive_flow_1s,Q3,30000,500,1438,99.02642559109874,-10.04612095809364,-10.0,0.0,-12.582183511101036,-7.262514931051989,-8.12854997014055,-12.230134931340675,10.051473823094756,0.00020993946865179602
ENGINEERING_SAMPLE,aggressive_flow_1s,Q3,500,100,1438,100.0,-10.068850080497397,-10.052677903213905,0.0,-10.052761047091677,-10.052618002253178,-8.128375040652843,-12.229913505747922,10.058611206330925,3.300168532637976e-05
ENGINEERING_SAMPLE,aggressive_flow_1s,Q3,500,1000,1438,100.0,-10.0691317681983,-10.052677903213905,0.0,-10.052761047091677,-10.052618002253178,-8.128656902958989,-12.230256245051397,10.058893010394575,0.00031480574897644687
ENGINEERING_SAMPLE,aggressive_flow_1s,Q3,500,500,1438,100.0,-10.069024904439743,-10.052677903213905,0.0,-10.052761047091677,-10.052618002253178,-8.12854997014055,-12.230134931340675,10.05878610019731,0.00020789555171081886
ENGINEERING_SAMPLE,aggressive_flow_1s,Q3,5000,100,1438,99.72183588317107,-10.033692559975979,-10.052670963254164,0.0,-11.001909856866252,-9.051318244716812,-8.128375040652843,-12.229913505747922,10.053893924809131,6.263906534041616e-05
ENGINEERING_SAMPLE,aggressive_flow_1s,Q3,5000,1000,1438,99.72183588317107,-10.034158149608512,-10.052670963254164,0.0,-11.001909856866252,-9.051318244716812,-8.128656902958989,-12.230256245051397,10.054359836367654,0.0005285506238640044
ENGINEERING_SAMPLE,aggressive_flow_1s,Q3,5000,500,1438,99.72183588317107,-10.034006201906477,-10.052670963254164,0.0,-11.001909856866252,-9.051318244716812,-8.12854997014055,-12.230134931340675,10.05420778278249,0.0003764970387002109
ENGINEERING_SAMPLE,aggressive_flow_1s,Q3,60000,100,1438,96.66203059805285,-10.312084942014351,-10.052615509336029,0.0,-14.741761022202542,-6.262705259055624,-8.128375040652843,-12.229913505747922,10.052933124545728,3.4141311870024526e-05
ENGINEERING_SAMPLE,aggressive_flow_1s,Q3,60000,1000,1438,96.66203059805285,-10.31238949780519,-10.052615509336029,0.0,-14.741761022202542,-6.262705259055624,-8.128656902958989,-12.230256245051397,10.05323789450942,0.0003389112755633861
ENGINEERING_SAMPLE,aggressive_flow_1s,Q3,60000,500,1438,96.66203059805285,-10.312265743136997,-10.052615509336029,0.0,-14.741761022202542,-6.262705259055624,-8.12854997014055,-12.230134931340675,10.053114057912534,0.00021507467867637234
ENGINEERING_SAMPLE,aggressive_flow_1s,Q4,1000,100,2877,99.86096628432395,-10.023956392375986,-10.052673461429007,0.0,-10.052757426683275,-9.842138181116592,-8.106849930772668,-12.015596602386935,10.056233454316633,5.649808455549089e-05
ENGINEERING_SAMPLE,aggressive_flow_1s,Q4,1000,1000,2877,99.86096628432395,-10.024202284613711,-10.052673461429007,0.0,-10.052757426683275,-9.842150148189873,-8.107061108539515,-12.01579736285539,10.056479465732533,0.0003025095004557925
ENGINEERING_SAMPLE,aggressive_flow_1s,Q4,1000,500,2877,99.86096628432395,-10.024076878150428,-10.052673461429007,0.0,-10.052757426683275,-9.842150148189873,-8.10694677362265,-12.015684228255003,10.056353998683049,0.00017704245097147807
ENGINEERING_SAMPLE,aggressive_flow_1s,Q4,15000,100,2877,98.6444212721585,-9.958536160227492,-10.052618002253178,0.0,-11.686377273134699,-8.052590560344601,-8.106849930772668,-12.015596602386935,10.057096797867144,5.7919019723871854e-05
ENGINEERING_SAMPLE,aggressive_flow_1s,Q4,15000,1000,2877,98.6444212721585,-9.958814219714016,-10.052618002253178,0.0,-11.686377273134699,-8.052590560344601,-8.107061108539515,-12.01579736285539,10.0573750045268,0.0003361256793800208
ENGINEERING_SAMPLE,aggressive_flow_1s,Q4,15000,500,2877,98.6444212721585,-9.958679941898522,-10.052618002253178,0.0,-11.686377273134699,-8.052590560344601,-8.10694677362265,-12.015684228255003,10.057240658388016,0.00020177954059669498
ENGINEERING_SAMPLE,aggressive_flow_1s,Q4,250,100,2877,99.93048314216198,-10.044863465228097,-10.052674849406321,0.0,-10.05275074415757,-10.052618002253178,-8.106849930772668,-12.015596602386935,10.054591883309094,4.6498006048846036e-05
ENGINEERING_SAMPLE,aggressive_flow_1s,Q4,250,1000,2877,99.93048314216198,-10.045091125678766,-10.052674849406321,0.0,-10.05275074415757,-10.052618002253178,-8.107061108539515,-12.01579736285539,10.05481965807936,0.0002742727763158121
ENGINEERING_SAMPLE,aggressive_flow_1s,Q4,250,500,2877,99.93048314216198,-10.044974396734121,-10.052674849406321,0.0,-10.05275074415757,-10.052618002253178,-8.10694677362265,-12.015684228255003,10.054702870022659,0.00015748471961405647
ENGINEERING_SAMPLE,aggressive_flow_1s,Q4,3000,100,2877,99.58289885297185,-10.004828126854079,-10.052669297935912,0.0,-10.631429323506186,-9.315187258219229,-8.106849930772668,-12.015596602386935,10.056855017171312,4.049796613032437e-05
ENGINEERING_SAMPLE,aggressive_flow_1s,Q4,3000,1000,2877,99.58289885297185,-10.005081530317787,-10.052669297935912,0.0,-10.631429323506186,-9.315207468553528,-8.107061108539515,-12.01579736285539,10.0571085497948,0.00029403058961808187
ENGINEERING_SAMPLE,aggressive_flow_1s,Q4,3000,500,2877,99.58289885297185,-10.004951842030234,-10.052669297935912,0.0,-10.631429323506186,-9.315207468553528,-8.10694677362265,-12.015684228255003,10.056978799216253,0.0001642800110727919
ENGINEERING_SAMPLE,aggressive_flow_1s,Q4,30000,100,2877,98.05352798053528,-9.982088167312183,-10.0,0.0,-12.582183511101036,-7.206525235586633,-8.106849930772668,-12.015596602386935,10.057382627778772,5.754050912218289e-05
ENGINEERING_SAMPLE,aggressive_flow_1s,Q4,30000,1000,2877,98.05352798053528,-9.98239131666793,-10.0,0.0,-12.582183511101036,-7.206525235586633,-8.107061108539515,-12.01579736285539,10.05768594884273,0.0003608615730812715
ENGINEERING_SAMPLE,aggressive_flow_1s,Q4,30000,500,2877,98.05352798053528,-9.982247221400918,-10.0,0.0,-12.582183511101036,-7.206525235586633,-8.10694677362265,-12.015684228255003,10.057541763310887,0.00021667604123852313
ENGINEERING_SAMPLE,aggressive_flow_1s,Q4,500,100,2877,99.89572471324296,-10.033617256461543,-10.052674016611155,0.0,-10.052752136210819,-10.052615509336029,-8.106849930772668,-12.015596602386935,10.051819300494067,4.037114577709789e-05
ENGINEERING_SAMPLE,aggressive_flow_1s,Q4,500,1000,2877,99.89572471324296,-10.033826195758119,-10.052674016611155,0.0,-10.052752136210819,-10.052615509336029,-8.107061108539515,-12.01579736285539,10.052028338753898,0.00024940940560913105
ENGINEERING_SAMPLE,aggressive_flow_1s,Q4,500,500,2877,99.89572471324296,-10.033704908857278,-10.052674016611155,0.0,-10.052752136210819,-10.052615509336029,-8.10694677362265,-12.015684228255003,10.051906993293587,0.00012806394529700686
ENGINEERING_SAMPLE,aggressive_flow_1s,Q4,5000,100,2877,99.47862356621481,-9.998953824271753,-10.052669297935912,0.0,-11.000616477332603,-9.05169177683268,-8.106849930772668,-12.015596602386935,10.060836555202776,4.054041682857419e-05
ENGINEERING_SAMPLE,aggressive_flow_1s,Q4,5000,1000,2877,99.47862356621481,-9.99916365995866,-10.052669297935912,0.0,-11.000616477332603,-9.05169177683268,-8.107061108539515,-12.01579736285539,10.061046482321933,0.00025046753598607756
ENGINEERING_SAMPLE,aggressive_flow_1s,Q4,5000,500,2877,99.47862356621481,-9.999041847739663,-10.052669297935912,0.0,-11.000616477332603,-9.05169177683268,-8.10694677362265,-12.015684228255003,10.06092461568699,0.00012860090104248697
ENGINEERING_SAMPLE,aggressive_flow_1s,Q4,60000,100,2877,96.52415710809872,-10.094979509197731,-10.0,0.0,-14.425783597431762,-5.9888052805280525,-8.106849930772668,-12.015596602386935,10.059008388824326,5.2095001366705755e-05
ENGINEERING_SAMPLE,aggressive_flow_1s,Q4,60000,1000,2877,96.52415710809872,-10.095206083157182,-10.0,0.0,-14.425783597431762,-5.9888052805280525,-8.107061108539515,-12.01579736285539,10.05923504805157,0.00027875422861215225
ENGINEERING_SAMPLE,aggressive_flow_1s,Q4,60000,500,2877,96.52415710809872,-10.095080053821,-10.0,0.0,-14.425783597431762,-5.9888052805280525,-8.10694677362265,-12.015684228255003,10.059108954331627,0.00015266050866895634
ENGINEERING_SAMPLE,aggressive_flow_250ms,Q1,1000,100,1457,99.8627316403569,-10.076131575301813,-10.052692066404129,0.0,-10.105237666556112,-10.052616063297203,-8.208530701232544,-12.677718549448842,10.047287409350101,2.5003423629976277e-05
ENGINEERING_SAMPLE,aggressive_flow_250ms,Q1,1000,1000,1457,99.8627316403569,-10.076232658312172,-10.052692066404129,0.0,-10.105237666556112,-10.052616063297203,-8.208815084907618,-12.677767813873343,10.047388545786559,0.00012613986008594842
ENGINEERING_SAMPLE,aggressive_flow_250ms,Q1,1000,500,1457,99.8627316403569,-10.076196085520367,-10.052692066404129,0.0,-10.105237666556112,-10.052616063297203,-8.208679883451843,-12.677738326889251,10.047351955363848,8.954943737550754e-05
ENGINEERING_SAMPLE,aggressive_flow_250ms,Q1,15000,100,1457,99.03912148249829,-10.225442848351314,-10.052670963254164,0.0,-12.37196396080631,-8.365805032673878,-8.208530701232544,-12.677718549448842,10.043396195200305,1.1551745251648079e-05
ENGINEERING_SAMPLE,aggressive_flow_250ms,Q1,15000,1000,1457,99.03912148249829,-10.225492531745337,-10.052670963254164,0.0,-12.37196396080631,-8.365805032673878,-8.208815084907618,-12.677767813873343,10.043445909076484,6.126562142962968e-05
ENGINEERING_SAMPLE,aggressive_flow_250ms,Q1,15000,500,1457,99.03912148249829,-10.225462793989056,-10.052670963254164,0.0,-12.37196396080631,-8.365805032673878,-8.208679883451843,-12.677738326889251,10.043416152989561,3.1509534507662157e-05
ENGINEERING_SAMPLE,aggressive_flow_250ms,Q1,250,100,1457,99.93136582017844,-10.059354252792557,-10.052688316583613,0.0,-10.05276076858108,-10.052622157640084,-8.208530701232544,-12.677718549448842,10.045500010805377,4.4654764595596244e-05
ENGINEERING_SAMPLE,aggressive_flow_250ms,Q1,250,1000,1457,99.93136582017844,-10.059490918881403,-10.052688316583613,0.0,-10.05276076858108,-10.052622157640084,-8.208815084907618,-12.677767813873343,10.045636749714781,0.00018139367399955516
ENGINEERING_SAMPLE,aggressive_flow_250ms,Q1,250,500,1457,99.93136582017844,-10.059437415449327,-10.052688316583613,0.0,-10.05276076858108,-10.052622157640084,-8.208679883451843,-12.677738326889251,10.045583219422763,0.00012786338198182573
ENGINEERING_SAMPLE,aggressive_flow_250ms,Q1,3000,100,1457,99.65682910089224,-10.12844113511242,-10.052694010965837,0.0,-10.895623481290555,-9.525896622077548,-8.208530701232544,-12.677718549448842,10.044008699245728,4.06592042678725e-05
ENGINEERING_SAMPLE,aggressive_flow_250ms,Q1,3000,1000,1457,99.65682910089224,-10.128671454014691,-10.052694010965837,0.0,-10.895623481290555,-9.525896622077548,-8.208815084907618,-12.677767813873343,10.044239153828867,0.0002711137874075808
ENGINEERING_SAMPLE,aggressive_flow_250ms,Q1,3000,500,1457,99.65682910089224,-10.1285976342698,-10.052694010965837,0.0,-10.895623481290555,-9.525896622077548,-8.208679883451843,-12.677738326889251,10.044165292939827,0.0001972528983681139
ENGINEERING_SAMPLE,aggressive_flow_250ms,Q1,30000,100,1457,97.46053534660261,-10.435512991255793,-10.158336633663366,0.0,-13.746520024105013,-7.471468637952898,-8.208530701232544,-12.677718549448842,10.0419962982441,4.1536653187302224e-05
ENGINEERING_SAMPLE,aggressive_flow_250ms,Q1,30000,1000,1457,97.46053534660261,-10.435748429868067,-10.158336633663366,0.0,-13.746520024105013,-7.471468637952898,-8.208815084907618,-12.677767813873343,10.04223196346933,0.00027720187841773626
ENGINEERING_SAMPLE,aggressive_flow_250ms,Q1,30000,500,1457,97.46053534660261,-10.435672946579574,-10.158336633663366,0.0,-13.746520024105013,-7.471468637952898,-8.208679883451843,-12.677738326889251,10.042156416594086,0.00020165500317271683
ENGINEERING_SAMPLE,aggressive_flow_250ms,Q1,500,100,1457,99.93136582017844,-10.061552606302216,-10.052688455455984,0.0,-10.052773304469495,-10.052618833278055,-8.208530701232544,-12.677718549448842,10.04613165683203,4.055591540861731e-05
ENGINEERING_SAMPLE,aggressive_flow_250ms,Q1,500,1000,1457,99.93136582017844,-10.061794985366967,-10.052688455455984,0.0,-10.052773304469495,-10.052618833278055,-8.208815084907618,-12.677767813873343,10.046374158727408,0.00028305781078706755
ENGINEERING_SAMPLE,aggressive_flow_250ms,Q1,500,500,1457,99.93136582017844,-10.061708690821336,-10.052688455455984,0.0,-10.052773304469495,-10.052618833278055,-8.208679883451843,-12.677738326889251,10.046287821237419,0.0001967203207970848
ENGINEERING_SAMPLE,aggressive_flow_250ms,Q1,5000,100,1457,99.51956074124914,-10.147672756239864,-10.052692066404129,0.0,-11.107391579613802,-9.208893321302497,-8.208530701232544,-12.677718549448842,10.05009433089078,2.3671905396676693e-05
ENGINEERING_SAMPLE,aggressive_flow_250ms,Q1,5000,1000,1457,99.51956074124914,-10.147775524314747,-10.052692066404129,0.0,-11.107391579613802,-9.208893321302497,-8.208815084907618,-12.677767813873343,10.050197155277932,0.00012649629254912113
ENGINEERING_SAMPLE,aggressive_flow_250ms,Q1,5000,500,1457,99.51956074124914,-10.147738828059842,-10.052692066404129,0.0,-11.107391579613802,-9.208893321302497,-8.208679883451843,-12.677738326889251,10.050160439018763,8.978003338025593e-05
ENGINEERING_SAMPLE,aggressive_flow_250ms,Q1,60000,100,1457,96.70555936856555,-10.594602879597536,-10.421006076050672,0.0,-15.791883092937743,-6.208889333747755,-8.208530701232544,-12.677718549448842,10.047710972463962,4.1842672978124694e-05
ENGINEERING_SAMPLE,aggressive_flow_250ms,Q1,60000,1000,1457,96.70555936856555,-10.594853185295156,-10.421006076050672,0.0,-15.791883092937743,-6.208889333747755,-8.208815084907618,-12.677767813873343,10.047961541725531,0.0002924119345462064
ENGINEERING_SAMPLE,aggressive_flow_250ms,Q1,60000,500,1457,96.70555936856555,-10.594764057294778,-10.421006076050672,0.0,-15.791883092937743,-6.208889333747755,-8.208679883451843,-12.677738326889251,10.047872338867876,0.0002032090768915147
ENGINEERING_SAMPLE,aggressive_flow_250ms,Q2,1000,100,3808,99.97373949579831,-10.056500917055073,-10.052674571805007,0.0,-10.05276076858108,-10.052615509336029,-8.190207400963676,-12.341849795326553,10.054737330515966,4.1323021845359123e-05
ENGINEERING_SAMPLE,aggressive_flow_250ms,Q2,1000,1000,3808,99.97373949579831,-10.05673239088045,-10.052674571805007,0.0,-10.05276076858108,-10.052615509336029,-8.190370757155936,-12.342036114588913,10.054968910025234,0.00027290253111569347
ENGINEERING_SAMPLE,aggressive_flow_250ms,Q2,1000,500,3808,99.97373949579831,-10.056672869362277,-10.052674571805007,0.0,-10.05276076858108,-10.052615509336029,-8.190327707938062,-12.341987636126053,10.05490936142235,0.00021335392823021814
ENGINEERING_SAMPLE,aggressive_flow_250ms,Q2,15000,100,3808,99.52731092436974,-10.132488372862074,-10.052669020393108,0.0,-11.894248081114375,-8.105223247902854,-8.190207400963676,-12.341849795326553,10.052825954687375,3.449377600056489e-05
ENGINEERING_SAMPLE,aggressive_flow_250ms,Q2,15000,1000,3808,99.52731092436974,-10.13269458117326,-10.052669020393108,0.0,-11.894248081114375,-8.105223247902854,-8.190370757155936,-12.342036114588913,10.053032292799156,0.00024083188778140335
ENGINEERING_SAMPLE,aggressive_flow_250ms,Q2,15000,500,3808,99.52731092436974,-10.132643161749876,-10.052669020393108,0.0,-11.894248081114375,-8.105223247902854,-8.190327707938062,-12.341987636126053,10.052980839146361,0.0001893782349883424
ENGINEERING_SAMPLE,aggressive_flow_250ms,Q2,250,100,3808,100.0,-10.05217550635729,-10.052675959840839,0.0,-10.052743784993218,-10.052619664329185,-8.190207400963676,-12.341849795326553,10.05307474945627,3.3791889345532875e-05
ENGINEERING_SAMPLE,aggressive_flow_250ms,Q2,250,1000,3808,100.0,-10.052363896624541,-10.052675959840839,0.0,-10.052743784993218,-10.052619664329185,-8.190370757155936,-12.342036114588913,10.053263228973362,0.00022227140643948156
ENGINEERING_SAMPLE,aggressive_flow_250ms,Q2,250,500,3808,100.0,-10.05231332598509,-10.052675959840839,0.0,-10.052743784993218,-10.052619664329185,-8.190327707938062,-12.341987636126053,10.053212633747833,0.00017167618090999226
ENGINEERING_SAMPLE,aggressive_flow_250ms,Q2,3000,100,3808,99.92121848739495,-10.065483150879329,-10.05267373901862,0.0,-10.736617130704401,-9.421256816794054,-8.190207400963676,-12.341849795326553,10.051423559678328,4.7065068281011376e-05
ENGINEERING_SAMPLE,aggressive_flow_250ms,Q2,3000,1000,3808,99.92121848739495,-10.065721991941576,-10.05267373901862,0.0,-10.736617130704401,-9.441639693320777,-8.190370757155936,-12.342036114588913,10.051662554654667,0.00028606004461984
ENGINEERING_SAMPLE,aggressive_flow_250ms,Q2,3000,500,3808,99.92121848739495,-10.065661584122596,-10.05267373901862,0.0,-10.736617130704401,-9.441639693320777,-8.190327707938062,-12.341987636126053,10.05160210558808,0.00022561097803152453
ENGINEERING_SAMPLE,aggressive_flow_250ms,Q2,30000,100,3808,99.02836134453781,-10.15151707915304,-10.157846528008086,0.0,-12.897483199367505,-7.26310024697079,-8.190207400963676,-12.341849795326553,10.054825904144701,3.412344593683086e-05
ENGINEERING_SAMPLE,aggressive_flow_250ms,Q2,30000,1000,3808,99.02836134453781,-10.151743151226054,-10.157846528008086,0.0,-12.897483199367505,-7.26310024697079,-8.190370757155936,-12.342036114588913,10.0550520974171,0.0002603167183345202
ENGINEERING_SAMPLE,aggressive_flow_250ms,Q2,30000,500,3808,99.02836134453781,-10.15168343532992,-10.157846528008086,0.0,-12.897483199367505,-7.26310024697079,-8.190327707938062,-12.341987636126053,10.054992347478626,0.00020056677986220997
ENGINEERING_SAMPLE,aggressive_flow_250ms,Q2,500,100,3808,99.97373949579831,-10.0532217483508,-10.052674849406321,0.0,-10.052752136210819,-10.052618002253178,-8.190207400963676,-12.341849795326553,10.053955638511562,3.9517126919718124e-05
ENGINEERING_SAMPLE,aggressive_flow_250ms,Q2,500,1000,3808,99.97373949579831,-10.05341874313811,-10.052674849406321,0.0,-10.052752136210819,-10.052618002253178,-8.190370757155936,-12.342036114588913,10.054152724433987,0.00023660304934208836
ENGINEERING_SAMPLE,aggressive_flow_250ms,Q2,500,500,3808,99.97373949579831,-10.053366027811252,-10.052674849406321,0.0,-10.052752136210819,-10.052618002253178,-8.190327707938062,-12.341987636126053,10.05409998443831,0.00018386305366603734
ENGINEERING_SAMPLE,aggressive_flow_250ms,Q2,5000,100,3808,99.86869747899159,-10.0882113056826,-10.05267373901862,0.0,-11.055466089389899,-9.262247247298495,-8.190207400963676,-12.341849795326553,10.056885823897023,4.0334582277033614e-05
ENGINEERING_SAMPLE,aggressive_flow_250ms,Q2,5000,1000,3808,99.86869747899159,-10.088443812878628,-10.05267373901862,0.0,-11.055466089389899,-9.262247247298495,-8.190370757155936,-12.342036114588913,10.057118478782792,0.00027298946804522515
ENGINEERING_SAMPLE,aggressive_flow_250ms,Q2,5000,500,3808,99.86869747899159,-10.088383846841158,-10.05267373901862,0.0,-11.055466089389899,-9.262247247298495,-8.190327707938062,-12.341987636126053,10.057058471974997,0.00021298266025095473
ENGINEERING_SAMPLE,aggressive_flow_250ms,Q2,60000,100,3808,96.875,-10.3960790482043,-10.157846528008086,0.0,-15.372183462259976,-6.208889333747755,-8.190207400963676,-12.341849795326553,10.05408872845908,3.786000705684432e-05
ENGINEERING_SAMPLE,aggressive_flow_250ms,Q2,60000,1000,3808,96.875,-10.396296909145963,-10.157846528008086,0.0,-15.372183462259976,-6.208889333747755,-8.190370757155936,-12.342036114588913,10.054306740905062,0.0002558724530380276
ENGINEERING_SAMPLE,aggressive_flow_250ms,Q2,60000,500,3808,96.875,-10.396238288114237,-10.157846528008086,0.0,-15.372183462259976,-6.208889333747755,-8.190327707938062,-12.341987636126053,10.054248076195645,0.00019720774361936674
ENGINEERING_SAMPLE,aggressive_flow_250ms,Q4,1000,100,1927,99.94810586403736,-10.04182124722095,-10.05268317880655,0.0,-10.052778041799998,-9.89463724986321,-8.044968013303142,-12.196259302611269,10.056421181726929,6.094704369883167e-05
ENGINEERING_SAMPLE,aggressive_flow_250ms,Q4,1000,1000,1927,99.94810586403736,-10.042155731261241,-10.05268317880655,0.0,-10.052778041799998,-9.89463724986321,-8.045317982242887,-12.196593690977133,10.05675581550526,0.0003955808220306713
ENGINEERING_SAMPLE,aggressive_flow_250ms,Q4,1000,500,1927,99.94810586403736,-10.041967415899448,-10.05268317880655,0.0,-10.052778041799998,-9.89463724986321,-8.045127923736967,-12.196405439318104,10.056567412849907,0.00020717816667513637
ENGINEERING_SAMPLE,aggressive_flow_250ms,Q4,15000,100,1927,98.49507005708355,-10.000683327458955,-10.052627699177018,0.0,-11.843852945052049,-8.048003981584952,-8.044968013303142,-12.196259302611269,10.058140024097057,8.731856506378998e-05
ENGINEERING_SAMPLE,aggressive_flow_250ms,Q4,15000,1000,1927,98.49507005708355,-10.001099521348376,-10.052627699177018,0.0,-11.843852945052049,-8.048003981584952,-8.045317982242887,-12.196593690977133,10.058556407290887,0.0005037017588935604
ENGINEERING_SAMPLE,aggressive_flow_250ms,Q4,15000,500,1927,98.49507005708355,-10.000880291703618,-10.052627699177018,0.0,-11.843852945052049,-8.048003981584952,-8.045127923736967,-12.196405439318104,10.058337073047149,0.00028436751515611617
ENGINEERING_SAMPLE,aggressive_flow_250ms,Q4,250,100,1927,99.94810586403736,-10.051081071239345,-10.052683734193563,0.0,-10.052761047091677,-10.052618833278055,-8.044968013303142,-12.196259302611269,10.056612244671513,6.094704369883167e-05
ENGINEERING_SAMPLE,aggressive_flow_250ms,Q4,250,1000,1927,99.94810586403736,-10.051483219406984,-10.052683734193563,0.0,-10.052761047091677,-10.052618833278055,-8.045317982242887,-12.196593690977133,10.057014595490967,0.0004632978631519087
ENGINEERING_SAMPLE,aggressive_flow_250ms,Q4,250,500,1927,99.94810586403736,-10.051280484441355,-10.052683734193563,0.0,-10.052761047091677,-10.052618833278055,-8.045127923736967,-12.196405439318104,10.056811757785724,0.00026046015790906463
ENGINEERING_SAMPLE,aggressive_flow_250ms,Q4,3000,100,1927,99.74052932018682,-10.007127981615708,-10.052674849406321,0.0,-10.684711697564369,-9.314638211682297,-8.044968013303142,-12.196259302611269,10.058652181473446,6.107388458061904e-05
ENGINEERING_SAMPLE,aggressive_flow_250ms,Q4,3000,1000,1927,99.74052932018682,-10.007472779518388,-10.052674849406321,0.0,-10.684711697564369,-9.314638211682297,-8.045317982242887,-12.196593690977133,10.058997116804758,0.0004060092158902092
ENGINEERING_SAMPLE,aggressive_flow_250ms,Q4,3000,500,1927,99.74052932018682,-10.007274464721611,-10.052674849406321,0.0,-10.684711697564369,-9.314638211682297,-8.045127923736967,-12.196405439318104,10.058798716927585,0.00020760933871816475
ENGINEERING_SAMPLE,aggressive_flow_250ms,Q4,30000,100,1927,97.5609756097561,-10.079663584969607,-10.0,0.0,-12.959657486789004,-7.255672247831161,-8.044968013303142,-12.196259302611269,10.059452642735378,8.815358484576349e-05
ENGINEERING_SAMPLE,aggressive_flow_250ms,Q4,30000,1000,1927,97.5609756097561,-10.080083769299604,-10.0,0.0,-12.99307449404437,-7.255672247831161,-8.045317982242887,-12.196593690977133,10.05987303199879,0.0005085428482578286
ENGINEERING_SAMPLE,aggressive_flow_250ms,Q4,30000,500,1927,97.5609756097561,-10.07986244237101,-10.0,0.0,-12.983809153458132,-7.255672247831161,-8.045127923736967,-12.196405439318104,10.059651578318032,0.0002870891675018716
ENGINEERING_SAMPLE,aggressive_flow_250ms,Q4,500,100,1927,99.94810586403736,-10.052087054461818,-10.05268317880655,0.0,-10.052771911298839,-10.052616063297203,-8.044968013303142,-12.196259302611269,10.060306875453456,6.094704369883167e-05
ENGINEERING_SAMPLE,aggressive_flow_250ms,Q4,500,1000,1927,99.94810586403736,-10.052421531968095,-10.05268317880655,0.0,-10.052771911298839,-10.052616063297203,-8.045317982242887,-12.196593690977133,10.06064150923179,0.0003955808220306713
ENGINEERING_SAMPLE,aggressive_flow_250ms,Q4,500,500,1927,99.94810586403736,-10.052233218891669,-10.05268317880655,0.0,-10.052771911298839,-10.052616063297203,-8.045127923736967,-12.196405439318104,10.060453106576434,0.00020717816667513637
ENGINEERING_SAMPLE,aggressive_flow_250ms,Q4,5000,100,1927,99.58484691229891,-9.982921136248835,-10.05267151838365,0.0,-11.000616477332603,-8.997439552317601,-8.044968013303142,-12.196259302611269,10.055472064954234,6.116936225323075e-05
ENGINEERING_SAMPLE,aggressive_flow_250ms,Q4,5000,1000,1927,99.58484691229891,-9.983268988641697,-10.05267151838365,0.0,-11.000616477332603,-8.997439552317601,-8.045317982242887,-12.196593690977133,10.055820070084836,0.00040917449285489166
ENGINEERING_SAMPLE,aggressive_flow_250ms,Q4,5000,500,1927,99.58484691229891,-9.983067838703423,-10.05267151838365,0.0,-11.000616477332603,-8.997439552317601,-8.045127923736967,-12.196405439318104,10.055618829489333,0.0002079338973508664
ENGINEERING_SAMPLE,aggressive_flow_250ms,Q4,60000,100,1927,96.15983393876492,-10.197524768520728,-10.052702624321773,0.0,-14.826116788662487,-5.830930959471161,-8.044968013303142,-12.196259302611269,10.057078374941257,6.334808751427404e-05
ENGINEERING_SAMPLE,aggressive_flow_250ms,Q4,60000,1000,1927,96.15983393876492,-10.197872432786774,-10.052702624321773,0.0,-14.826116788662487,-5.830930959471161,-8.045317982242887,-12.196593690977133,10.057426191809615,0.00041116495587213865
ENGINEERING_SAMPLE,aggressive_flow_250ms,Q4,60000,500,1927,96.15983393876492,-10.197676713112473,-10.052702624321773,0.0,-14.826116788662487,-5.830930959471161,-8.045127923736967,-12.196405439318104,10.057230366923369,0.00021534006962564093
ENGINEERING_SAMPLE,aggressive_flow_3s,Q1,1000,100,1439,100.0,-10.090401574390121,-10.05268317880655,0.0,-10.052788913007886,-10.052622157640084,-8.319812185222007,-12.750610584245026,10.049961922104197,-6.626787947586316e-25
ENGINEERING_SAMPLE,aggressive_flow_3s,Q1,1000,1000,1439,100.0,-10.090492157106391,-10.05268317880655,0.0,-10.052788913007886,-10.052622157640084,-8.319812185222007,-12.750610584245026,10.05005255658731,9.063448311292784e-05
ENGINEERING_SAMPLE,aggressive_flow_3s,Q1,1000,500,1439,100.0,-10.090472847845286,-10.05268317880655,0.0,-10.052788913007886,-10.052622157640084,-8.319812185222007,-12.750610584245026,10.050033236291213,7.131418701636264e-05
ENGINEERING_SAMPLE,aggressive_flow_3s,Q1,15000,100,1439,100.0,-10.26857680342851,-10.05267373901862,0.0,-12.053074832511692,-8.334301868911346,-8.319812185222007,-12.750610584245026,10.043841973384389,-8.275428791345468e-25
ENGINEERING_SAMPLE,aggressive_flow_3s,Q1,15000,1000,1439,100.0,-10.26857680342851,-10.05267373901862,0.0,-12.053074832511692,-8.334301868911346,-8.319812185222007,-12.750610584245026,10.043841973384389,-8.275428791345468e-25
ENGINEERING_SAMPLE,aggressive_flow_3s,Q1,15000,500,1439,100.0,-10.26857680342851,-10.05267373901862,0.0,-12.053074832511692,-8.334301868911346,-8.319812185222007,-12.750610584245026,10.043841973384389,0.0
ENGINEERING_SAMPLE,aggressive_flow_3s,Q1,250,100,1439,100.0,-10.062348663970209,-10.05268317880655,0.0,-10.052740445246501,-10.052627699177018,-8.319812185222007,-12.750610584245026,10.048858854293432,-6.919781211667467e-25
ENGINEERING_SAMPLE,aggressive_flow_3s,Q1,250,1000,1439,100.0,-10.06243924668648,-10.05268317880655,0.0,-10.052740445246501,-10.052627699177018,-8.319812185222007,-12.750610584245026,10.048949488776545,9.063448311292784e-05
ENGINEERING_SAMPLE,aggressive_flow_3s,Q1,250,500,1439,100.0,-10.062419937425373,-10.05268317880655,0.0,-10.052740445246501,-10.052627699177018,-8.319812185222007,-12.750610584245026,10.048930168480448,7.131418701636264e-05
ENGINEERING_SAMPLE,aggressive_flow_3s,Q1,3000,100,1439,100.0,-10.12013793305147,-10.052677903213905,0.0,-10.748128928342833,-9.789325469498374,-8.319812185222007,-12.750610584245026,10.044149067382945,1.3700115407835789e-05
ENGINEERING_SAMPLE,aggressive_flow_3s,Q1,3000,1000,1439,100.0,-10.120190314405125,-10.052677903213905,0.0,-10.748128928342833,-9.789325469498374,-8.319812185222007,-12.750610584245026,10.044201474525986,6.610725844925303e-05
ENGINEERING_SAMPLE,aggressive_flow_3s,Q1,3000,500,1439,100.0,-10.120183160254419,-10.052677903213905,0.0,-10.748128928342833,-9.789325469498374,-8.319812185222007,-12.750610584245026,10.044194316853012,5.894958547571822e-05
ENGINEERING_SAMPLE,aggressive_flow_3s,Q1,30000,100,1439,98.95760945100764,-10.40552174919069,-10.421404347405602,0.0,-13.266553530800037,-7.630593280161833,-8.319812185222007,-12.750610584245026,10.047941078781262,1.2398240468436115e-05
ENGINEERING_SAMPLE,aggressive_flow_3s,Q1,30000,1000,1439,98.95760945100764,-10.405605362499509,-10.421404347405602,0.0,-13.266553530800037,-7.630593280161833,-8.319812185222007,-12.750610584245026,10.048024737289882,9.605674908895375e-05
ENGINEERING_SAMPLE,aggressive_flow_3s,Q1,30000,500,1439,98.95760945100764,-10.405568814121368,-10.421404347405602,0.0,-13.266553530800037,-7.630593280161833,-8.319812185222007,-12.750610584245026,10.04798816985969,5.9489318895234965e-05
ENGINEERING_SAMPLE,aggressive_flow_3s,Q1,500,100,1439,100.0,-10.073299464371019,-10.05268317880655,0.0,-10.052743784993218,-10.052627699177018,-8.319812185222007,-12.750610584245026,10.050512232642673,-6.773262175418657e-25
ENGINEERING_SAMPLE,aggressive_flow_3s,Q1,500,1000,1439,100.0,-10.073299464371019,-10.05268317880655,0.0,-10.052743784993218,-10.052627699177018,-8.319812185222007,-12.750610584245026,10.050512232642673,-6.773262175418657e-25
ENGINEERING_SAMPLE,aggressive_flow_3s,Q1,500,500,1439,100.0,-10.073299464371019,-10.05268317880655,0.0,-10.052743784993218,-10.052627699177018,-8.319812185222007,-12.750610584245026,10.050512232642673,0.0
ENGINEERING_SAMPLE,aggressive_flow_3s,Q1,5000,100,1439,100.0,-10.121431845158705,-10.052677903213905,0.0,-11.053347103954135,-9.315017581224202,-8.319812185222007,-12.750610584245026,10.049971963603536,1.2269002381551791e-05
ENGINEERING_SAMPLE,aggressive_flow_3s,Q1,5000,1000,1439,100.0,-10.12148557363972,-10.052677903213905,0.0,-11.053347103954135,-9.315017581224202,-8.319812185222007,-12.750610584245026,10.050025721934354,6.602733319893678e-05
ENGINEERING_SAMPLE,aggressive_flow_3s,Q1,5000,500,1439,100.0,-10.121478419488993,-10.052677903213905,0.0,-11.053347103954135,-9.315017581224202,-8.319812185222007,-12.750610584245026,10.05001856380901,5.8869207857411115e-05
ENGINEERING_SAMPLE,aggressive_flow_3s,Q1,60000,100,1439,97.77623349548297,-10.608110016278541,-10.368980629373949,0.0,-15.711004490165628,-6.208889333747755,-8.319812185222007,-12.750610584245026,10.043388043510483,3.0054838541613022e-05
ENGINEERING_SAMPLE,aggressive_flow_3s,Q1,60000,1000,1439,97.77623349548297,-10.608389205701954,-10.368980629373949,0.0,-15.711004490165628,-6.208889333747755,-8.319812185222007,-12.750610584245026,10.043667592072438,0.0003096034004979107
ENGINEERING_SAMPLE,aggressive_flow_3s,Q1,60000,500,1439,97.77623349548297,-10.60832378059784,-10.368980629373949,0.0,-15.711004490165628,-6.208889333747755,-8.319812185222007,-12.750610584245026,10.043602082585707,0.00024409391376609927
ENGINEERING_SAMPLE,aggressive_flow_3s,Q2,1000,100,1440,100.0,-10.108781804364192,-10.052697622675531,0.0,-10.158022049833466,-10.052618002253178,-8.170729187635875,-13.050772016161053,10.059638125335693,4.7520617113213916e-05
ENGINEERING_SAMPLE,aggressive_flow_3s,Q2,1000,1000,1440,100.0,-10.108977481958583,-10.052697622675531,0.0,-10.158022049833466,-10.052618002253178,-8.170888904294715,-13.050931647901853,10.059833898082653,0.00024329336407021324
ENGINEERING_SAMPLE,aggressive_flow_3s,Q2,1000,500,1440,100.0,-10.108827058795011,-10.052697622675531,0.0,-10.158022049833466,-10.052618002253178,-8.170755555903115,-13.050798367230477,10.059683401540532,9.279682194981118e-05
ENGINEERING_SAMPLE,aggressive_flow_3s,Q2,15000,100,1440,99.86111111111111,-10.433879499903611,-10.105328327735698,0.0,-12.686091731129988,-8.473836903182326,-8.170729187635875,-13.050772016161053,10.052740046223894,2.767208560885608e-05
ENGINEERING_SAMPLE,aggressive_flow_3s,Q2,15000,1000,1440,99.86111111111111,-10.434142752117607,-10.105328327735698,0.0,-12.686091731129988,-8.473836903182326,-8.170888904294715,-13.050931647901853,10.05300348220859,0.00029110807030500015
ENGINEERING_SAMPLE,aggressive_flow_3s,Q2,15000,500,1440,99.86111111111111,-10.433977167460256,-10.105328327735698,0.0,-12.686091731129988,-8.473836903182326,-8.170755555903115,-13.050798367230477,10.052837795532497,0.00012542139421046746
ENGINEERING_SAMPLE,aggressive_flow_3s,Q2,250,100,1440,100.0,-10.066205944813614,-10.052694010965837,0.0,-10.052772468558274,-10.052622434689214,-8.170729187635875,-13.050772016161053,10.057844810163113,4.752070484382479e-05
ENGINEERING_SAMPLE,aggressive_flow_3s,Q2,250,1000,1440,100.0,-10.066414432549838,-10.052694010965837,0.0,-10.052772468558274,-10.052622434689214,-8.170888904294715,-13.050931647901853,10.058053408026423,0.000256118568154867
ENGINEERING_SAMPLE,aggressive_flow_3s,Q2,250,500,1440,100.0,-10.06625119717391,-10.052694010965837,0.0,-10.052772468558274,-10.052622434689214,-8.170755555903115,-13.050798367230477,10.057890086460796,9.27970025286519e-05
ENGINEERING_SAMPLE,aggressive_flow_3s,Q2,3000,100,1440,100.0,-10.203958364916762,-10.052704013836452,0.0,-11.053985795709186,-9.472578849330104,-8.170729187635875,-13.050772016161053,10.052240640043323,4.7520617113213916e-05
ENGINEERING_SAMPLE,aggressive_flow_3s,Q2,3000,1000,1440,100.0,-10.204166855564553,-10.052704013836452,0.0,-11.053985795709186,-9.472578849330104,-8.170888904294715,-13.050931647901853,10.052449232963689,0.0002561135374798723
ENGINEERING_SAMPLE,aggressive_flow_3s,Q2,3000,500,1440,100.0,-10.204003619347581,-10.052704013836452,0.0,-11.053985795709186,-9.472578849330104,-8.170755555903115,-13.050798367230477,10.052285916248158,9.279682194981118e-05
ENGINEERING_SAMPLE,aggressive_flow_3s,Q2,30000,100,1440,98.47222222222223,-10.653435029753082,-10.474398662581281,0.0,-13.955533393487517,-7.836328789110762,-8.170729187635875,-13.050772016161053,10.052294951071657,2.8062383008134726e-05
ENGINEERING_SAMPLE,aggressive_flow_3s,Q2,30000,1000,1440,98.47222222222223,-10.653597079189614,-10.474398662581281,0.0,-13.955533393487517,-7.836328789110762,-8.170888904294715,-13.050931647901853,10.05245713331584,0.00019024462719293022
ENGINEERING_SAMPLE,aggressive_flow_3s,Q2,30000,500,1440,98.47222222222223,-10.653461784793116,-10.474398662581281,0.0,-13.955533393487517,-7.836328789110762,-8.170755555903115,-13.050798367230477,10.052321721573598,5.483288494857823e-05
ENGINEERING_SAMPLE,aggressive_flow_3s,Q2,500,100,1440,100.0,-10.084118206356674,-10.052694288772082,0.0,-10.05277887788779,-10.052619941352061,-8.170729187635875,-13.050772016161053,10.065540252147393,7.074942537603966e-05
ENGINEERING_SAMPLE,aggressive_flow_3s,Q2,500,1000,1440,100.0,-10.084493727268814,-10.052694288772082,0.0,-10.05277887788779,-10.052619941352061,-8.170888904294715,-13.050931647901853,10.065915963565502,0.00044646084348383907
ENGINEERING_SAMPLE,aggressive_flow_3s,Q2,500,500,1440,100.0,-10.084300708948636,-10.052694288772082,0.0,-10.05277887788779,-10.052619941352061,-8.170755555903115,-13.050798367230477,10.0657228498922,0.0002533471701836418
ENGINEERING_SAMPLE,aggressive_flow_3s,Q2,5000,100,1440,100.0,-10.273794299285905,-10.052707071026667,0.0,-11.42396728362047,-9.313874587458747,-8.170729187635875,-13.050772016161053,10.058228286042203,5.705587173913731e-05
ENGINEERING_SAMPLE,aggressive_flow_3s,Q2,5000,1000,1440,100.0,-10.274136368064747,-10.052707071026667,0.0,-11.424826559381632,-9.313874587458747,-8.170888904294715,-13.050931647901853,10.058570548093348,0.00039931792288362965
ENGINEERING_SAMPLE,aggressive_flow_3s,Q2,5000,500,1440,100.0,-10.273958459984364,-10.052707071026667,0.0,-11.424826559381632,-9.313874587458747,-8.170755555903115,-13.050798367230477,10.058392546823931,0.0002213166534673811
ENGINEERING_SAMPLE,aggressive_flow_3s,Q2,60000,100,1440,96.59722222222223,-11.012951366749276,-11.00071138746904,0.0,-16.629972993035047,-6.200001056083304,-8.170729187635875,-13.050772016161053,10.054783962862707,2.8607087782555746e-05
ENGINEERING_SAMPLE,aggressive_flow_3s,Q2,60000,1000,1440,96.59722222222223,-11.013116560222285,-11.00071138746904,0.0,-16.629972993035047,-6.200001056083304,-8.170888904294715,-13.050931647901853,10.054949293144704,0.00019393736977683324
ENGINEERING_SAMPLE,aggressive_flow_3s,Q2,60000,500,1440,96.59722222222223,-11.01297863600805,-11.00071138746904,0.0,-16.629972993035047,-6.200001056083304,-8.170755555903115,-13.050798367230477,10.054811252993371,5.5897218445063935e-05
ENGINEERING_SAMPLE,aggressive_flow_3s,Q3,1000,100,1437,100.0,-10.032846718001544,-10.05268317880655,0.0,-10.05277302582948,-9.978940271068943,-8.188556903555327,-12.31988318598958,10.051286604021037,5.051447063032122e-05
ENGINEERING_SAMPLE,aggressive_flow_3s,Q3,1000,1000,1437,100.0,-10.033166017931633,-10.05268317880655,0.0,-10.05277302582948,-9.978940271068943,-8.18911460412321,-12.320202442154754,10.051606021719738,0.000369932169332847
ENGINEERING_SAMPLE,aggressive_flow_3s,Q3,1000,500,1437,100.0,-10.033058407020608,-10.05268317880655,0.0,-10.05277302582948,-9.978940271068943,-8.188899828934865,-12.320094845664599,10.05149836914907,0.00026227959866363437
ENGINEERING_SAMPLE,aggressive_flow_3s,Q3,15000,100,1437,99.23451635351427,-10.124105056151787,-10.052669020393108,0.0,-12.053074832511692,-8.210431930764045,-8.188556903555327,-12.31988318598958,10.053596725929202,6.472328923655747e-05
ENGINEERING_SAMPLE,aggressive_flow_3s,Q3,15000,1000,1437,99.23451635351427,-10.124479611811365,-10.052669020393108,0.0,-12.053074832511692,-8.210950250065807,-8.18911460412321,-12.320202442154754,10.053971496515178,0.00043949387521302564
ENGINEERING_SAMPLE,aggressive_flow_3s,Q3,15000,500,1437,99.23451635351427,-10.124363971296736,-10.052669020393108,0.0,-12.053074832511692,-8.210950250065807,-8.188899828934865,-12.320094845664599,10.053855788772088,0.0003237861321228595
ENGINEERING_SAMPLE,aggressive_flow_3s,Q3,250,100,1437,100.0,-10.050723025437192,-10.052687899969426,0.0,-10.05276076858108,-10.052621603550577,-8.188556903555327,-12.31988318598958,10.051337660249294,5.051447063032122e-05
ENGINEERING_SAMPLE,aggressive_flow_3s,Q3,250,1000,1437,100.0,-10.051042298243686,-10.052687899969426,0.0,-10.05276076858108,-10.052621603550577,-8.18911460412321,-12.320202442154754,10.051657077947997,0.000369932169332847
ENGINEERING_SAMPLE,aggressive_flow_3s,Q3,250,500,1437,100.0,-10.050934696497414,-10.052687899969426,0.0,-10.05276076858108,-10.052621603550577,-8.188899828934865,-12.320094845664599,10.051549425377328,0.00026227959866363437
ENGINEERING_SAMPLE,aggressive_flow_3s,Q3,3000,100,1437,100.0,-10.048764179900491,-10.052677903213905,0.0,-10.684815022777526,-9.368570676493814,-8.188556903555327,-12.31988318598958,10.054592661144321,9.371173242431296e-05
ENGINEERING_SAMPLE,aggressive_flow_3s,Q3,3000,1000,1437,100.0,-10.04937755721899,-10.052677903213905,0.0,-10.684815022777526,-9.368570676493814,-8.18911460412321,-12.320202442154754,10.055206444190958,0.0007074947790601928
ENGINEERING_SAMPLE,aggressive_flow_3s,Q3,3000,500,1437,100.0,-10.049203619143546,-10.052677903213905,0.0,-10.684815022777526,-9.368570676493814,-8.188899828934865,-12.320094845664599,10.055032390992814,0.0005334415809164229
ENGINEERING_SAMPLE,aggressive_flow_3s,Q3,30000,100,1437,98.46903270702853,-10.226403844752609,-10.052669297935912,0.0,-13.111147843679975,-7.521944400485308,-8.188556903555327,-12.31988318598958,10.05483611358366,6.522545498135092e-05
ENGINEERING_SAMPLE,aggressive_flow_3s,Q3,30000,1000,1437,98.46903270702853,-10.226781334184462,-10.052669297935912,0.0,-13.111147843679975,-7.521944400485308,-8.18911460412321,-12.320202442154754,10.05521379825708,0.0004429101284024318
ENGINEERING_SAMPLE,aggressive_flow_3s,Q3,30000,500,1437,98.46903270702853,-10.226664785698263,-10.052669297935912,0.0,-13.111147843679975,-7.521944400485308,-8.188899828934865,-12.320094845664599,10.055097190712196,0.000326302583518396
ENGINEERING_SAMPLE,aggressive_flow_3s,Q3,500,100,1437,100.0,-10.040740430303076,-10.05268317880655,0.0,-10.05276087998532,-10.052618002253178,-8.188556903555327,-12.31988318598958,10.047961856731613,5.051447063032122e-05
ENGINEERING_SAMPLE,aggressive_flow_3s,Q3,500,1000,1437,100.0,-10.041059712904827,-10.05268317880655,0.0,-10.05276087998532,-10.052618002253178,-8.18911460412321,-12.320202442154754,10.048281274430316,0.000369932169332847
ENGINEERING_SAMPLE,aggressive_flow_3s,Q3,500,500,1437,100.0,-10.040952107904317,-10.05268317880655,0.0,-10.05276087998532,-10.052618002253178,-8.188899828934865,-12.320094845664599,10.048173621859647,0.00026227959866363437
ENGINEERING_SAMPLE,aggressive_flow_3s,Q3,5000,100,1437,100.0,-10.070075077803272,-10.052677070322176,0.0,-11.106055256654143,-9.10382856630503,-8.188556903555327,-12.31988318598958,10.055524023943633,5.051447063032122e-05
ENGINEERING_SAMPLE,aggressive_flow_3s,Q3,5000,1000,1437,100.0,-10.070394273774687,-10.052677070322176,0.0,-11.106055256654143,-9.10382856630503,-8.18911460412321,-12.320202442154754,10.055843441642335,0.000369932169332847
ENGINEERING_SAMPLE,aggressive_flow_3s,Q3,5000,500,1437,100.0,-10.07028669757118,-10.052677070322176,0.0,-11.106055256654143,-9.10382856630503,-8.188899828934865,-12.320094845664599,10.055735789071667,0.00026227959866363437
ENGINEERING_SAMPLE,aggressive_flow_3s,Q3,60000,100,1437,96.72929714683369,-10.388170691215194,-10.421338841581655,0.0,-15.434239285406193,-5.832317282367161,-8.188556903555327,-12.31988318598958,10.054138117173874,5.222251388185006e-05
ENGINEERING_SAMPLE,aggressive_flow_3s,Q3,60000,1000,1437,96.72929714683369,-10.388513881420085,-10.421338841581655,0.0,-15.434239285406193,-5.832317282367161,-8.18911460412321,-12.320202442154754,10.054481569863832,0.00039567520383904835
ENGINEERING_SAMPLE,aggressive_flow_3s,Q3,60000,500,1437,96.72929714683369,-10.388389451737853,-10.421338841581655,0.0,-15.434239285406193,-5.832317282367161,-8.188899828934865,-12.320094845664599,10.054357042705517,0.0002711480455249227
ENGINEERING_SAMPLE,aggressive_flow_3s,Q4,1000,100,1437,100.0,-10.028690774981822,-10.05267568222782,0.0,-10.052763108174172,-9.947283637547706,-7.961310319337141,-11.964043864771664,10.056398436240347,5.2966300957402284e-05
ENGINEERING_SAMPLE,aggressive_flow_3s,Q4,1000,1000,1437,100.0,-10.028952516407953,-10.05267568222782,0.0,-10.052763108174172,-9.947283637547706,-7.961518426436535,-11.964251885139442,10.056660302526229,0.0003148325868407866
ENGINEERING_SAMPLE,aggressive_flow_3s,Q4,1000,500,1437,100.0,-10.028882585650162,-10.05267568222782,0.0,-10.052763108174172,-9.947283637547706,-7.961455608098212,-11.964189094876822,10.056590338940415,0.0002448690010281642
ENGINEERING_SAMPLE,aggressive_flow_3s,Q4,15000,100,1437,98.74739039665971,-9.935864153139619,-10.0,0.0,-11.63505733478979,-8.10097321032743,-7.961310319337141,-11.964043864771664,10.056563183436873,6.137984088815946e-05
ENGINEERING_SAMPLE,aggressive_flow_3s,Q4,15000,1000,1437,98.74739039665971,-9.936111310452112,-10.0,0.0,-11.63505733478979,-8.10097321032743,-7.961518426436535,-11.964251885139442,10.05681045760455,0.00030865400856544794
ENGINEERING_SAMPLE,aggressive_flow_3s,Q4,15000,500,1437,98.74739039665971,-9.936030354234118,-10.0,0.0,-11.63505733478979,-8.10097321032743,-7.961455608098212,-11.964189094876822,10.0567294604797,0.00022765688371606638
ENGINEERING_SAMPLE,aggressive_flow_3s,Q4,250,100,1437,100.0,-10.041799225457503,-10.052677903213905,0.0,-10.052752136210819,-10.052618002253178,-7.961310319337141,-11.964043864771664,10.051360096746658,4.068022272006545e-05
ENGINEERING_SAMPLE,aggressive_flow_3s,Q4,250,1000,1437,100.0,-10.042007163623937,-10.052677903213905,0.0,-10.052752136210819,-10.052618002253178,-7.961518426436535,-11.964251885139442,10.0515681298815,0.00024871335756224095
ENGINEERING_SAMPLE,aggressive_flow_3s,Q4,250,500,1437,100.0,-10.041944396973939,-10.052677903213905,0.0,-10.052752136210819,-10.052618002253178,-7.961455608098212,-11.964189094876822,10.051505334383624,0.00018591785968730506
ENGINEERING_SAMPLE,aggressive_flow_3s,Q4,3000,100,1437,100.0,-9.990662917345746,-10.052674571805007,0.0,-10.474473730015982,-9.315273869373215,-7.961310319337141,-11.964043864771664,10.053010004438038,4.068022272006545e-05
ENGINEERING_SAMPLE,aggressive_flow_3s,Q4,3000,1000,1437,100.0,-9.990870855512183,-10.052674571805007,0.0,-10.474473730015982,-9.315273869373215,-7.961518426436535,-11.964251885139442,10.05321803757288,0.00024871335756224095
ENGINEERING_SAMPLE,aggressive_flow_3s,Q4,3000,500,1437,100.0,-9.990808088862183,-10.052674571805007,0.0,-10.474473730015982,-9.315273869373215,-7.961455608098212,-11.964189094876822,10.053155242075004,0.00018591785968730506
ENGINEERING_SAMPLE,aggressive_flow_3s,Q4,30000,100,1437,98.60821155184412,-9.946768355810175,-9.841800368261941,0.0,-12.900540825748582,-7.052544662807773,-7.961310319337141,-11.964043864771664,10.05821773574805,9.132700636543445e-05
ENGINEERING_SAMPLE,aggressive_flow_3s,Q4,30000,1000,1437,98.60821155184412,-9.947293167819982,-9.841800368261941,0.0,-12.900540825748582,-7.052544662807773,-7.961518426436535,-11.964251885139442,10.058742929258507,0.0006165205168216946
ENGINEERING_SAMPLE,aggressive_flow_3s,Q4,30000,500,1437,98.60821155184412,-9.947147122949643,-9.841800368261941,0.0,-12.900540825748582,-7.052544662807773,-7.961455608098212,-11.964189094876822,10.058596783021166,0.0004703742794811717
ENGINEERING_SAMPLE,aggressive_flow_3s,Q4,500,100,1437,100.0,-10.036446836069029,-10.052677070322176,0.0,-10.052757426683275,-10.052615509336029,-7.961310319337141,-11.964043864771664,10.052643634643642,4.068022272006545e-05
ENGINEERING_SAMPLE,aggressive_flow_3s,Q4,500,1000,1437,100.0,-10.036654774235464,-10.052677070322176,0.0,-10.052757426683275,-10.052615509336029,-7.961518426436535,-11.964251885139442,10.052851667778485,0.00024871335756224095
ENGINEERING_SAMPLE,aggressive_flow_3s,Q4,500,500,1437,100.0,-10.036592007585465,-10.052677070322176,0.0,-10.052757426683275,-10.052615509336029,-7.961455608098212,-11.964189094876822,10.052788872280608,0.00018591785968730506
ENGINEERING_SAMPLE,aggressive_flow_3s,Q4,5000,100,1437,100.0,-9.971158840196923,-10.052674016611155,0.0,-10.947483173760546,-8.999162037671413,-7.961310319337141,-11.964043864771664,10.053894255239618,4.068022272006545e-05
ENGINEERING_SAMPLE,aggressive_flow_3s,Q4,5000,1000,1437,100.0,-9.971382992720258,-10.052674016611155,0.0,-10.947483173760546,-8.999162037671413,-7.961518426436535,-11.964251885139442,10.054118514671298,0.0002649396544011165
ENGINEERING_SAMPLE,aggressive_flow_3s,Q4,5000,500,1437,100.0,-9.971304009919882,-10.052674016611155,0.0,-10.947483173760546,-8.999162037671413,-7.961455608098212,-11.964189094876822,10.054039492876583,0.00018591785968730506
ENGINEERING_SAMPLE,aggressive_flow_3s,Q4,60000,100,1437,97.28601252609603,-9.94117685202689,-9.68397255509533,0.0,-14.691374627534742,-5.833855680612967,-7.961310319337141,-11.964043864771664,10.058979750340722,4.181507871869388e-05
ENGINEERING_SAMPLE,aggressive_flow_3s,Q4,60000,1000,1437,97.28601252609603,-9.941390635880477,-9.68397255509533,0.0,-14.691374627534742,-5.835109132530883,-7.961518426436535,-11.964251885139442,10.059193586975034,0.0002556517130307155
ENGINEERING_SAMPLE,aggressive_flow_3s,Q4,60000,500,1437,97.28601252609603,-9.941326100927768,-9.68397255509533,0.0,-14.691374627534742,-5.835109132530883,-7.961455608098212,-11.964189094876822,10.059129039671424,0.00019110440942107107
ENGINEERING_SAMPLE,aggressive_flow_3s,Q5,1000,100,1439,99.72202918693537,-10.02178056738079,-10.052668187782245,0.0,-10.052750465755738,-9.842113242550791,-8.134328846643127,-11.767364672314692,10.051106539817283,6.546980787195872e-05
ENGINEERING_SAMPLE,aggressive_flow_3s,Q5,1000,1000,1439,99.72202918693537,-10.022077035813787,-10.052668187782245,0.0,-10.052750465755738,-9.842141172884912,-8.134593141185066,-11.767669285005624,10.051403153406994,0.00036208339758289274
ENGINEERING_SAMPLE,aggressive_flow_3s,Q5,1000,500,1439,99.72202918693537,-10.021977395076359,-10.052668187782245,0.0,-10.052750465755738,-9.842141172884912,-8.134498493131902,-11.767562518627432,10.05130346506773,0.00026239505831967115
ENGINEERING_SAMPLE,aggressive_flow_3s,Q5,15000,100,1439,97.91521890201528,-9.81006113162719,-10.052615509336029,0.0,-11.63505733478979,-7.894648151366267,-8.134328846643127,-11.767364672314692,10.055046110030764,6.667519670275246e-05
ENGINEERING_SAMPLE,aggressive_flow_3s,Q5,15000,1000,1439,97.91521890201528,-9.810330662754497,-10.052615509336029,0.0,-11.63505733478979,-7.894648151366267,-8.134593141185066,-11.767669285005624,10.055315753766273,0.00033631893221271566
ENGINEERING_SAMPLE,aggressive_flow_3s,Q5,15000,500,1439,97.91521890201528,-9.810234141762148,-10.052615509336029,0.0,-11.63505733478979,-7.894648151366267,-8.134498493131902,-11.767562518627432,10.055219194383664,0.00023975954960378618
ENGINEERING_SAMPLE,aggressive_flow_3s,Q5,250,100,1439,99.86101459346769,-10.045564022937434,-10.052669020393108,0.0,-10.052736772014988,-10.052618002253178,-8.134328846643127,-11.767364672314692,10.053034620830285,7.766476598699637e-05
ENGINEERING_SAMPLE,aggressive_flow_3s,Q5,250,1000,1439,99.86101459346769,-10.045913877006296,-10.052669020393108,0.0,-10.052736772014988,-10.052618002253178,-8.134593141185066,-11.767669285005624,10.05338465474767,0.00042769868337141345
ENGINEERING_SAMPLE,aggressive_flow_3s,Q5,250,500,1439,99.86101459346769,-10.045807212300355,-10.052669020393108,0.0,-10.052736772014988,-10.052618002253178,-8.134498493131902,-11.767562518627432,10.053277937065548,0.0003209810012495078
ENGINEERING_SAMPLE,aggressive_flow_3s,Q5,3000,100,1439,99.09659485753996,-9.948193988822178,-10.05266347015122,0.0,-10.474023681423205,-9.262207738386884,-8.134328846643127,-11.767364672314692,10.055339907857304,5.2060561930416166e-05
ENGINEERING_SAMPLE,aggressive_flow_3s,Q5,3000,1000,1439,99.09659485753996,-9.94843948756293,-10.05266347015122,0.0,-10.474023681423205,-9.262207738386884,-8.134593141185066,-11.767669285005624,10.055585506812085,0.00029765951671062533
ENGINEERING_SAMPLE,aggressive_flow_3s,Q5,3000,500,1439,99.09659485753996,-9.948346430484083,-10.05266347015122,0.0,-10.474023681423205,-9.262207738386884,-8.134498493131902,-11.767562518627432,10.055492413028615,0.00020456573324117896
ENGINEERING_SAMPLE,aggressive_flow_3s,Q5,30000,100,1439,97.0813064628214,-9.706944058172386,-9.841992106192265,0.0,-11.896764398899327,-6.7857839493481364,-8.134328846643127,-11.767364672314692,10.054147621545315,5.314127509862094e-05
ENGINEERING_SAMPLE,aggressive_flow_3s,Q5,30000,1000,1439,97.0813064628214,-9.707194687764678,-9.841992106192265,0.0,-11.896764398899327,-6.7857839493481364,-8.134593141185066,-11.767669285005624,10.054398318832014,0.00030383856179624317
ENGINEERING_SAMPLE,aggressive_flow_3s,Q5,30000,500,1439,97.0813064628214,-9.707099687402627,-9.841992106192265,0.0,-11.896764398899327,-6.7857839493481364,-8.134498493131902,-11.767562518627432,10.054303292536218,0.00020881226599994357
ENGINEERING_SAMPLE,aggressive_flow_3s,Q5,500,100,1439,99.79152189020152,-10.038321176518638,-10.052669020393108,0.0,-10.052743784993218,-10.052616063297203,-8.134328846643127,-11.767364672314692,10.053685719577315,6.542421608374705e-05
ENGINEERING_SAMPLE,aggressive_flow_3s,Q5,500,1000,1439,99.79152189020152,-10.038633641973568,-10.052669020393108,0.0,-10.052743784993218,-10.052616063297203,-8.134593141185066,-11.767669285005624,10.053998339517092,0.0003780441558617018
ENGINEERING_SAMPLE,aggressive_flow_3s,Q5,500,500,1439,99.79152189020152,-10.038517867147567,-10.052669020393108,0.0,-10.052743784993218,-10.052616063297203,-8.134498493131902,-11.767562518627432,10.053882507693185,0.0002622123319559388
ENGINEERING_SAMPLE,aggressive_flow_3s,Q5,5000,100,1439,98.61014593467686,-9.921466804932262,-10.052638231313296,0.0,-10.842287110774027,-8.945858579466654,-8.134328846643127,-11.767364672314692,10.058091618045523,5.2317379360657824e-05
ENGINEERING_SAMPLE,aggressive_flow_3s,Q5,5000,1000,1439,98.61014593467686,-9.92171351473093,-10.052638231313296,0.0,-10.842287110774027,-8.945858579466654,-8.134593141185066,-11.767669285005624,10.058338428552583,0.0002991278864195573
ENGINEERING_SAMPLE,aggressive_flow_3s,Q5,5000,500,1439,98.61014593467686,-9.921619998596727,-10.052638231313296,0.0,-10.842287110774027,-8.945858579466654,-8.134498493131902,-11.767562518627432,10.05824487553269,0.00020557486652707623
ENGINEERING_SAMPLE,aggressive_flow_3s,Q5,60000,100,1439,94.85753995830437,-9.958238694705228,-10.052615509336029,0.0,-13.739914307848789,-6.262705259055624,-8.134328846643127,-11.767364672314692,10.056825761790572,7.536960230383589e-05
ENGINEERING_SAMPLE,aggressive_flow_3s,Q5,60000,1000,1439,94.85753995830437,-9.958533261573297,-10.052615509336029,0.0,-13.739914307848789,-6.262705259055624,-8.134593141185066,-11.767669285005624,10.057120386374534,0.0003699941862641822
ENGINEERING_SAMPLE,aggressive_flow_3s,Q5,60000,500,1439,94.85753995830437,-9.95841793551515,-10.052615509336029,0.0,-13.739914307848789,-6.262705259055624,-8.134498493131902,-11.767562518627432,10.057005039213465,0.0002546470251956155
ENGINEERING_SAMPLE,book_age_ms,Q1,1000,100,7192,99.94438264738598,-10.056541201368997,-10.052677903213905,0.0,-10.052778041799998,-10.052615509336029,-8.154997058197665,-12.370840481815177,10.053680494419135,4.327778682677343e-05
ENGINEERING_SAMPLE,book_age_ms,Q1,1000,1000,7192,99.94438264738598,-10.056773882628718,-10.052677903213905,0.0,-10.052778041799998,-10.052615509336029,-8.15523492680536,-12.371038729504534,10.05391328258885,0.0002760659565405638
ENGINEERING_SAMPLE,book_age_ms,Q1,1000,500,7192,99.94438264738598,-10.05668449653821,-10.052677903213905,0.0,-10.052778041799998,-10.052615509336029,-8.155133824388146,-12.370956640784973,10.05382385519452,0.00018663856221064507
ENGINEERING_SAMPLE,book_age_ms,Q1,15000,100,7192,99.15183537263626,-10.116216788505861,-10.052669020393108,0.0,-11.948373874514639,-8.152388044724013,-8.154997058197665,-12.370840481815177,10.052332189549208,4.391126292684651e-05
ENGINEERING_SAMPLE,book_age_ms,Q1,15000,1000,7192,99.15183537263626,-10.116447213220361,-10.052669020393108,0.0,-11.948373874514639,-8.152388044724013,-8.15523492680536,-12.371038729504534,10.052562739804273,0.0002744615179910885
ENGINEERING_SAMPLE,book_age_ms,Q1,15000,500,7192,99.15183537263626,-10.116355516535085,-10.052669020393108,0.0,-11.948373874514639,-8.152388044724013,-8.155133824388146,-12.370956640784973,10.052470993377105,0.0001827150908241036
ENGINEERING_SAMPLE,book_age_ms,Q1,250,100,7192,99.972191323693,-10.053336058898678,-10.052680124387287,0.0,-10.052754642091818,-10.052619664329185,-8.154997058197665,-12.370840481815177,10.052488434617446,4.326576606994814e-05
ENGINEERING_SAMPLE,book_age_ms,Q1,250,1000,7192,99.972191323693,-10.053571234605762,-10.052680124387287,0.0,-10.052754642091818,-10.052619664329185,-8.15523492680536,-12.371038729504534,10.052723726624603,0.0002785577732260743
ENGINEERING_SAMPLE,book_age_ms,Q1,250,500,7192,99.972191323693,-10.053479309496451,-10.052680124387287,0.0,-10.052754642091818,-10.052619664329185,-8.155133824388146,-12.370956640784973,10.052631755533602,0.0001865866822258202
ENGINEERING_SAMPLE,book_age_ms,Q1,3000,100,7192,99.81924360400446,-10.0625936617836,-10.052676515075655,0.0,-10.737751158585128,-9.368241410369185,-8.154997058197665,-12.370840481815177,10.051859140363952,4.951995480848989e-05
ENGINEERING_SAMPLE,book_age_ms,Q1,3000,1000,7192,99.81924360400446,-10.062859146510846,-10.052676515075655,0.0,-10.737751158585128,-9.368241410369185,-8.15523492680536,-12.371038729504534,10.052124770903925,0.00031515049478134566
ENGINEERING_SAMPLE,book_age_ms,Q1,3000,500,7192,99.81924360400446,-10.062759104853205,-10.052676515075655,0.0,-10.737751158585128,-9.368241410369185,-8.155133824388146,-12.370956640784973,10.052024676284454,0.00021505587531087407
ENGINEERING_SAMPLE,book_age_ms,Q1,30000,100,7192,98.31757508342604,-10.18944518354012,-10.052692066404129,0.0,-13.110734236776722,-7.26310024697079,-8.154997058197665,-12.370840481815177,10.053479592190468,4.9977415028113946e-05
ENGINEERING_SAMPLE,book_age_ms,Q1,30000,1000,7192,98.31757508342604,-10.189724746141897,-10.052692066404129,0.0,-13.110734236776722,-7.26310024697079,-8.15523492680536,-12.371038729504534,10.053759319423568,0.00032970464812860683
ENGINEERING_SAMPLE,book_age_ms,Q1,30000,500,7192,98.31757508342604,-10.189618895549373,-10.052692066404129,0.0,-13.110734236776722,-7.26310024697079,-8.155133824388146,-12.370956640784973,10.053653404206393,0.00022378943095307174
ENGINEERING_SAMPLE,book_age_ms,Q1,500,100,7192,99.95828698553949,-10.05460501566852,-10.052679013777183,0.0,-10.05276076858108,-10.052618002253178,-8.154997058197665,-12.370840481815177,10.054072590107708,4.546878859121763e-05
ENGINEERING_SAMPLE,book_age_ms,Q1,500,1000,7192,99.95828698553949,-10.054848035108032,-10.052679013777183,0.0,-10.05276076858108,-10.052618002253178,-8.15523492680536,-12.371038729504534,10.054315724552472,0.0002886032333540651
ENGINEERING_SAMPLE,book_age_ms,Q1,500,500,7192,99.95828698553949,-10.054752191027774,-10.052679013777183,0.0,-10.05276076858108,-10.052618002253178,-8.155133824388146,-12.370956640784973,10.054219834711995,0.00019271339287849106
ENGINEERING_SAMPLE,book_age_ms,Q1,5000,100,7192,99.72191323692992,-10.072060618031266,-10.052674016611155,0.0,-11.053985795709186,-9.104300978908915,-8.154997058197665,-12.370840481815177,10.055134475839264,4.254053058961097e-05
ENGINEERING_SAMPLE,book_age_ms,Q1,5000,1000,7192,99.72191323692992,-10.072297757924877,-10.052674016611155,0.0,-11.053985795709186,-9.104300978908915,-8.15523492680536,-12.371038729504534,10.055371746299047,0.00027981099037378056
ENGINEERING_SAMPLE,book_age_ms,Q1,5000,500,7192,99.72191323692992,-10.072204720119291,-10.052674016611155,0.0,-11.053985795709186,-9.104300978908915,-8.155133824388146,-12.370956640784973,10.055278658573362,0.00018672326468935647
ENGINEERING_SAMPLE,book_age_ms,Q1,60000,100,7192,96.64905450500557,-10.383390082325924,-10.157846528008086,0.0,-15.429343670068297,-6.0519455211932245,-8.154997058197665,-12.370840481815177,10.053592908682697,4.546193330784437e-05
ENGINEERING_SAMPLE,book_age_ms,Q1,60000,1000,7192,96.64905450500557,-10.38364912298579,-10.157846528008086,0.0,-15.429343670068297,-6.0519455211932245,-8.15523492680536,-12.371038729504534,10.05385212385459,0.00030467710520269914
ENGINEERING_SAMPLE,book_age_ms,Q1,60000,500,7192,96.64905450500557,-10.383547770245888,-10.157846528008086,0.0,-15.429343670068297,-6.0519455211932245,-8.155133824388146,-12.370956640784973,10.053750704712929,0.00020325796354025332
ENGINEERING_SAMPLE,depth_10_ask,Q1,1000,100,1439,100.0,-9.969605711253658,-10.052664025122768,0.0,-10.052739220780788,-9.525981809811823,-8.013914454550365,-11.883079397376052,10.062430369414015,5.43212599251017e-05
ENGINEERING_SAMPLE,depth_10_ask,Q1,1000,1000,1439,100.0,-9.970089214224712,-10.052664025122768,0.0,-10.052739220780788,-9.526003793866582,-8.01434588080738,-11.883510648273441,10.062914105418429,0.000538057264338317
ENGINEERING_SAMPLE,depth_10_ask,Q1,1000,500,1439,100.0,-9.969840958600996,-10.052664025122768,0.0,-10.052739220780788,-9.526003793866582,-8.014104620287199,-11.883269497181853,10.062665731085458,0.00028968293136947024
ENGINEERING_SAMPLE,depth_10_ask,Q1,15000,100,1439,99.37456567060458,-9.75031885413325,-9.841800368261941,0.0,-11.422708293793889,-8.051883685749507,-8.013914454550365,-11.883079397376052,10.070510267873036,7.468880074244967e-05
ENGINEERING_SAMPLE,depth_10_ask,Q1,15000,1000,1439,99.37456567060458,-9.750809747230356,-9.841800368261941,0.0,-11.422708293793889,-8.051883685749507,-8.01434588080738,-11.883510648273441,10.071001402181858,0.0005658231095640096
ENGINEERING_SAMPLE,depth_10_ask,Q1,15000,500,1439,99.37456567060458,-9.750547566709628,-9.841800368261941,0.0,-11.422708293793889,-8.051883685749507,-8.014104620287199,-11.883269497181853,10.070739088994369,0.0003035099220742063
ENGINEERING_SAMPLE,depth_10_ask,Q1,250,100,1439,100.0,-10.025412163503995,-10.052668187782245,0.0,-10.052739053810193,-10.052616063297203,-8.013914454550365,-11.883079397376052,10.058105897430323,5.43212599251017e-05
ENGINEERING_SAMPLE,depth_10_ask,Q1,250,1000,1439,100.0,-10.025895661161393,-10.052668187782245,0.0,-10.052739053810193,-10.052616063297203,-8.01434588080738,-11.883510648273441,10.058589633434737,0.000538057264338317
ENGINEERING_SAMPLE,depth_10_ask,Q1,250,500,1439,100.0,-10.02564741065891,-10.052668187782245,0.0,-10.052739053810193,-10.052616063297203,-8.014104620287199,-11.883269497181853,10.058341259101768,0.00028968293136947024
ENGINEERING_SAMPLE,depth_10_ask,Q1,3000,100,1439,100.0,-9.871924863178494,-10.052632687558255,0.0,-10.263496448927297,-9.103535420150997,-8.013914454550365,-11.883079397376052,10.065655873808609,5.43182411729517e-05
ENGINEERING_SAMPLE,depth_10_ask,Q1,3000,1000,1439,100.0,-9.872376621672537,-10.052632687558255,0.0,-10.263496448927297,-9.103535420150997,-8.01434588080738,-11.883510648273441,10.066107843302776,0.0005062877353404289
ENGINEERING_SAMPLE,depth_10_ask,Q1,3000,500,1439,100.0,-9.872133224227973,-10.052632687558255,0.0,-10.263496448927297,-9.103535420150997,-8.014104620287199,-11.883269497181853,10.065864333837466,0.00026277827003142595
ENGINEERING_SAMPLE,depth_10_ask,Q1,30000,100,1439,99.37456567060458,-9.799913616569862,-9.68397255509533,0.0,-12.584118190212372,-7.2564954971979505,-8.013914454550365,-11.883079397376052,10.065625875859473,5.465888430180002e-05
ENGINEERING_SAMPLE,depth_10_ask,Q1,30000,1000,1439,99.37456567060458,-9.800400146187954,-9.68397255509533,0.0,-12.584118190212372,-7.256690196793908,-8.01434588080738,-11.883510648273441,10.066112659284988,0.0005414423098173975
ENGINEERING_SAMPLE,depth_10_ask,Q1,30000,500,1439,99.37456567060458,-9.800150363130323,-9.68397255509533,0.0,-12.584118190212372,-7.256690196793908,-8.014104620287199,-11.883269497181853,10.065862720428004,0.0002915034528340898
ENGINEERING_SAMPLE,depth_10_ask,Q1,500,100,1439,100.0,-10.000967419148681,-10.052667355197707,0.0,-10.052739053810193,-9.841680922511562,-8.013914454550365,-11.883079397376052,10.055779530890817,6.801581795091368e-05
ENGINEERING_SAMPLE,depth_10_ask,Q1,500,1000,1439,100.0,-10.001487720774152,-10.052667355197707,0.0,-10.052739053810193,-9.841680922511562,-8.01434588080738,-11.883510648273441,10.056300088379428,0.0005885733065621469
ENGINEERING_SAMPLE,depth_10_ask,Q1,500,500,1439,100.0,-10.001221003348322,-10.052667355197707,0.0,-10.052739053810193,-9.841680922511562,-8.014104620287199,-11.883269497181853,10.056033241343654,0.0003217262707866775
ENGINEERING_SAMPLE,depth_10_ask,Q1,5000,100,1439,99.65253648366921,-9.83568596221162,-10.052622157640084,0.0,-10.789997840052985,-8.683579714878777,-8.013914454550365,-11.883079397376052,10.070020839293708,4.0765327788517466e-05
ENGINEERING_SAMPLE,depth_10_ask,Q1,5000,1000,1439,99.65253648366921,-9.836118590511088,-10.052622157640084,0.0,-10.789997840052985,-8.683783507984966,-8.01434588080738,-11.883510648273441,10.070453670338779,0.00047359637285965045
ENGINEERING_SAMPLE,depth_10_ask,Q1,5000,500,1439,99.65253648366921,-9.8358766471785,-10.052622157640084,0.0,-10.789997840052985,-8.683579714878777,-8.014104620287199,-11.883269497181853,10.070211613411633,0.00023153944571398932
ENGINEERING_SAMPLE,depth_10_ask,Q1,60000,100,1439,99.37456567060458,-9.948440071043928,-9.68397255509533,0.0,-14.53671433454229,-6.262705259055624,-8.013914454550365,-11.883079397376052,10.070587854695452,4.08793566774364e-05
ENGINEERING_SAMPLE,depth_10_ask,Q1,60000,1000,1439,99.37456567060458,-9.948965008994998,-9.68397255509533,0.0,-14.53671433454229,-6.262705259055624,-8.01434588080738,-11.883510648273441,10.071113089370337,0.0005661140315619762
ENGINEERING_SAMPLE,depth_10_ask,Q1,60000,500,1439,99.37456567060458,-9.948702970704224,-9.68397255509533,0.0,-14.53671433454229,-6.262705259055624,-8.014104620287199,-11.883269497181853,10.070850901472186,0.00030392613341061165
ENGINEERING_SAMPLE,depth_10_ask,Q2,1000,100,1438,99.72183588317107,-10.018535603611726,-10.052679013777183,0.0,-10.05277302582948,-9.947306514198429,-8.021407237274865,-12.013327902383367,10.057682831285076,7.323962093025061e-05
ENGINEERING_SAMPLE,depth_10_ask,Q2,1000,1000,1438,99.72183588317107,-10.018914367252592,-10.052679013777183,0.0,-10.05277302582948,-9.947306514198429,-8.021785470475859,-12.013705882564627,10.05806174829769,0.00045215663354551157
ENGINEERING_SAMPLE,depth_10_ask,Q2,1000,500,1438,99.72183588317107,-10.018801797625704,-10.052679013777183,0.0,-10.05277302582948,-9.947306514198429,-8.021673061708459,-12.013593550801819,10.05794913202762,0.0003395403634741246
ENGINEERING_SAMPLE,depth_10_ask,Q2,15000,100,1438,98.95688456189151,-9.885297242496499,-9.894644193572189,0.0,-11.369683234069468,-8.20625986759637,-8.021407237274865,-12.013327902383367,10.06168619752643,7.380577400841838e-05
ENGINEERING_SAMPLE,depth_10_ask,Q2,15000,1000,1438,98.95688456189151,-9.885678880773643,-9.894644193572189,0.0,-11.369683234069468,-8.20625986759637,-8.021785470475859,-12.013705882564627,10.062068043623473,0.00045565187105007983
ENGINEERING_SAMPLE,depth_10_ask,Q2,15000,500,1438,98.95688456189151,-9.885565459548049,-9.894644193572189,0.0,-11.369683234069468,-8.20625986759637,-8.021673061708459,-12.013593550801819,10.061954556813014,0.00034216506059163367
ENGINEERING_SAMPLE,depth_10_ask,Q2,250,100,1438,99.86091794158554,-10.04535720147104,-10.05268317880655,0.0,-10.052764110902295,-10.052619941352061,-8.021407237274865,-12.013327902383367,10.053829942332763,8.543224988929833e-05
ENGINEERING_SAMPLE,depth_10_ask,Q2,250,1000,1438,99.86091794158554,-10.04578925492822,-10.05268317880655,0.0,-10.052764110902295,-10.052619941352061,-8.021785470475859,-12.013705882564627,10.054262202245114,0.0005176921622406223
ENGINEERING_SAMPLE,depth_10_ask,Q2,250,500,1438,99.86091794158554,-10.04566968055423,-10.05268317880655,0.0,-10.052764110902295,-10.052619941352061,-8.021673061708459,-12.013593550801819,10.054142569742574,0.0003980596596996583
ENGINEERING_SAMPLE,depth_10_ask,Q2,3000,100,1438,99.09596662030599,-9.964515915937557,-10.052667355197707,0.0,-10.158292332706885,-9.314638211682297,-8.021407237274865,-12.013327902383367,10.05513269099051,0.00010343411411424706
ENGINEERING_SAMPLE,depth_10_ask,Q2,3000,1000,1438,99.09596662030599,-9.965081350436305,-10.052667355197707,0.0,-10.158292332706885,-9.314638211682297,-8.021785470475859,-12.013705882564627,10.055698480413305,0.0006692235369102563
ENGINEERING_SAMPLE,depth_10_ask,Q2,3000,500,1438,99.09596662030599,-9.964922998357077,-10.052667355197707,0.0,-10.158292332706885,-9.314638211682297,-8.021673061708459,-12.013593550801819,10.055540024477347,0.0005107676009528699
ENGINEERING_SAMPLE,depth_10_ask,Q2,30000,100,1438,98.74826147426982,-10.020379569740664,-9.842003762191556,0.0,-12.74108569650495,-7.521944400485308,-8.021407237274865,-12.013327902383367,10.066874842375261,8.639486678945944e-05
ENGINEERING_SAMPLE,depth_10_ask,Q2,30000,1000,1438,98.74826147426982,-10.020908249220644,-9.842003762191556,0.0,-12.74108569650495,-7.521944400485308,-8.021785470475859,-12.013705882564627,10.06740381062368,0.0006153631152086871
ENGINEERING_SAMPLE,depth_10_ask,Q2,30000,500,1438,98.74826147426982,-10.020767758364466,-9.842003762191556,0.0,-12.74108569650495,-7.521944400485308,-8.021673061708459,-12.013593550801819,10.067263241945996,0.0004747944375238398
ENGINEERING_SAMPLE,depth_10_ask,Q2,500,100,1438,99.7913769123783,-10.03303219501154,-10.052680124387287,0.0,-10.052772468558274,-10.052618002253178,-8.021407237274865,-12.013327902383367,10.052239676507519,7.318858286688458e-05
ENGINEERING_SAMPLE,depth_10_ask,Q2,500,1000,1438,99.7913769123783,-10.033410686122822,-10.052680124387287,0.0,-10.052772468558274,-10.052618002253178,-8.021785470475859,-12.013705882564627,10.052618329466465,0.00045184154181481786
ENGINEERING_SAMPLE,depth_10_ask,Q2,500,500,1438,99.7913769123783,-10.033298197793094,-10.052680124387287,0.0,-10.052772468558274,-10.052618002253178,-8.021673061708459,-12.013593550801819,10.052505791674632,0.0003393037499804144
ENGINEERING_SAMPLE,depth_10_ask,Q2,5000,100,1438,98.95688456189151,-9.955346240444984,-10.05265431480906,0.0,-10.895623481290555,-9.051309740797285,-8.021407237274865,-12.013327902383367,10.06359011676662,8.621272722489979e-05
ENGINEERING_SAMPLE,depth_10_ask,Q2,5000,1000,1438,98.95688456189151,-9.955798557868386,-10.05265431480906,0.0,-10.895623481290555,-9.051309740797285,-8.021785470475859,-12.013705882564627,10.064042711582287,0.0005388075428917764
ENGINEERING_SAMPLE,depth_10_ask,Q2,5000,500,1438,98.95688456189151,-9.955661533760159,-10.05265431480906,0.0,-10.895623481290555,-9.051309740797285,-8.021673061708459,-12.013593550801819,10.063905600224448,0.00040169618505179853
ENGINEERING_SAMPLE,depth_10_ask,Q2,60000,100,1438,98.74826147426982,-9.959956679620488,-10.05263587865148,0.0,-14.271108392624685,-5.9888052805280525,-8.021407237274865,-12.013327902383367,10.06200325660028,7.396170169998548e-05
ENGINEERING_SAMPLE,depth_10_ask,Q2,60000,1000,1438,98.74826147426982,-9.960339125727595,-10.05263587865148,0.0,-14.271108392624685,-5.9888052805280525,-8.021785470475859,-12.013705882564627,10.062385909414427,0.00045661451584807296
ENGINEERING_SAMPLE,depth_10_ask,Q2,60000,500,1438,98.74826147426982,-9.960225468154054,-10.05263587865148,0.0,-14.271108392624685,-5.9888052805280525,-8.021673061708459,-12.013593550801819,10.0622721828431,0.00034288794452246106
ENGINEERING_SAMPLE,depth_10_ask,Q3,1000,100,1438,100.0,-10.082265449624817,-10.052685955860174,0.0,-10.052778041799998,-10.052622157640084,-8.325012145017174,-12.328349148625653,10.049556229902038,6.901918826644906e-05
ENGINEERING_SAMPLE,depth_10_ask,Q3,1000,1000,1438,100.0,-10.0824402387496,-10.052685955860174,0.0,-10.052778041799998,-10.052622157640084,-8.32513326554269,-12.328470180061444,10.049731095620325,0.00024388490655454512
ENGINEERING_SAMPLE,depth_10_ask,Q3,1000,500,1438,100.0,-10.082390608068565,-10.052685955860174,0.0,-10.052778041799998,-10.052622157640084,-8.325090759871358,-12.328427705647966,10.04968144427277,0.0001942335589988625
ENGINEERING_SAMPLE,depth_10_ask,Q3,15000,100,1438,99.51321279554938,-10.042938867130648,-10.052674016611155,0.0,-11.894248081114375,-8.104654347780283,-8.325012145017174,-12.328349148625653,10.041088735030009,5.701921614262803e-05
ENGINEERING_SAMPLE,depth_10_ask,Q3,15000,1000,1438,99.51321279554938,-10.043073348203741,-10.052674016611155,0.0,-11.894248081114375,-8.104654347780283,-8.32513326554269,-12.328470180061444,10.0412232781872,0.00019156237333414864
ENGINEERING_SAMPLE,depth_10_ask,Q3,15000,500,1438,99.51321279554938,-10.043017799193642,-10.052674016611155,0.0,-11.894248081114375,-8.104654347780283,-8.325090759871358,-12.328427705647966,10.041167701186145,0.00013598537228060774
ENGINEERING_SAMPLE,depth_10_ask,Q3,250,100,1438,100.0,-10.060665782092991,-10.052685955860174,0.0,-10.05276076858108,-10.052642944423377,-8.325012145017174,-12.328349148625653,10.049546811279592,5.674165389436767e-05
ENGINEERING_SAMPLE,depth_10_ask,Q3,250,1000,1438,100.0,-10.060786793412568,-10.052685955860174,0.0,-10.05276076858108,-10.052642944423377,-8.32513326554269,-12.328470180061444,10.049667881282968,0.00017781165726854373
ENGINEERING_SAMPLE,depth_10_ask,Q3,250,500,1438,100.0,-10.060744326054296,-10.052685955860174,0.0,-10.05276076858108,-10.052642944423377,-8.325090759871358,-12.328427705647966,10.049625393038587,0.0001353234128884212
ENGINEERING_SAMPLE,depth_10_ask,Q3,3000,100,1438,100.0,-10.08780475023388,-10.05268567814032,0.0,-10.790188286683534,-9.367875156133888,-8.325012145017174,-12.328349148625653,10.044189509409108,5.674165389436767e-05
ENGINEERING_SAMPLE,depth_10_ask,Q3,3000,1000,1438,100.0,-10.087925783647504,-10.05268567814032,0.0,-10.790188286683534,-9.367875156133888,-8.32513326554269,-12.328470180061444,10.04431057941248,0.00017781165726854373
ENGINEERING_SAMPLE,depth_10_ask,Q3,3000,500,1438,100.0,-10.087883308548037,-10.05268567814032,0.0,-10.790188286683534,-9.367875156133888,-8.325090759871358,-12.328427705647966,10.044268091168101,0.0001353234128884212
ENGINEERING_SAMPLE,depth_10_ask,Q3,30000,100,1438,99.09596662030599,-10.397647148336516,-10.421407678726712,0.0,-13.48221072635135,-7.522571696779842,-8.325012145017174,-12.328349148625653,10.047375028006394,5.7259297052702255e-05
ENGINEERING_SAMPLE,depth_10_ask,Q3,30000,1000,1438,99.09596662030599,-10.397782235786712,-10.421407678726712,0.0,-13.48221072635135,-7.522571696779842,-8.32513326554269,-12.328470180061444,10.047510162623038,0.00019239391369635223
ENGINEERING_SAMPLE,depth_10_ask,Q3,30000,500,1438,99.09596662030599,-10.397726421044691,-10.421407678726712,0.0,-13.48221072635135,-7.522571696779842,-8.325090759871358,-12.328427705647966,10.047454326651609,0.00013655794226915768
ENGINEERING_SAMPLE,depth_10_ask,Q3,500,100,1438,100.0,-10.066715013020282,-10.05268567814032,0.0,-10.05276076858108,-10.052637954097808,-8.325012145017174,-12.328349148625653,10.05064926830084,5.674165389436767e-05
ENGINEERING_SAMPLE,depth_10_ask,Q3,500,1000,1438,100.0,-10.066836027549314,-10.05268567814032,0.0,-10.05276076858108,-10.052637954097808,-8.32513326554269,-12.328470180061444,10.050770338304213,0.00017781165726854373
ENGINEERING_SAMPLE,depth_10_ask,Q3,500,500,1438,100.0,-10.066793559055004,-10.05268567814032,0.0,-10.05276076858108,-10.052637954097808,-8.325090759871358,-12.328427705647966,10.050727850059832,0.0001353234128884212
ENGINEERING_SAMPLE,depth_10_ask,Q3,5000,100,1438,100.0,-10.059720781546725,-10.052683734193563,0.0,-11.001909856866252,-9.15733563776814,-8.325012145017174,-12.328349148625653,10.045378098171168,8.620479450551001e-05
ENGINEERING_SAMPLE,depth_10_ask,Q3,5000,1000,1438,100.0,-10.060024488530065,-10.052683734193563,0.0,-11.001909856866252,-9.15733563776814,-8.32513326554269,-12.328470180061444,10.045681979670643,0.0003900862939812361
ENGINEERING_SAMPLE,depth_10_ask,Q3,5000,500,1438,100.0,-10.059937329213843,-10.052683734193563,0.0,-11.001909856866252,-9.15733563776814,-8.325090759871358,-12.328427705647966,10.045594770996878,0.0003028776202152257
ENGINEERING_SAMPLE,depth_10_ask,Q3,60000,100,1438,99.09596662030599,-10.503399775373165,-10.632051559049973,0.0,-14.535678291199021,-6.729453862230573,-8.325012145017174,-12.328349148625653,10.044888952004865,5.7259297052702255e-05
ENGINEERING_SAMPLE,depth_10_ask,Q3,60000,1000,1438,99.09596662030599,-10.503521871118704,-10.632051559049973,0.0,-14.535678291199021,-6.729453862230573,-8.32513326554269,-12.328470180061444,10.045011126506514,0.0001794337987032743
ENGINEERING_SAMPLE,depth_10_ask,Q3,60000,500,1438,99.09596662030599,-10.503479023205513,-10.632051559049973,0.0,-14.535678291199021,-6.729453862230573,-8.325090759871358,-12.328427705647966,10.044968250650083,0.00013655794226915768
ENGINEERING_SAMPLE,depth_10_ask,Q4,1000,100,1438,100.0,-10.09393923207245,-10.05268567814032,0.0,-10.052773304469495,-10.052616063297203,-8.593851755976802,-13.111693283765081,10.056520899937071,-9.787072810695205e-25
ENGINEERING_SAMPLE,depth_10_ask,Q4,1000,1000,1438,100.0,-10.094029877780876,-10.05268567814032,0.0,-10.052773304469495,-10.052616063297203,-8.593851755976802,-13.111700575154863,10.056611597448336,9.069751126530123e-05
ENGINEERING_SAMPLE,depth_10_ask,Q4,1000,500,1438,100.0,-10.094010555091911,-10.05268567814032,0.0,-10.052773304469495,-10.052616063297203,-8.593851755976802,-13.111693283765081,10.056592263716707,7.13637796359846e-05
ENGINEERING_SAMPLE,depth_10_ask,Q4,15000,100,1438,99.3741307371349,-10.598406528308509,-10.158334961478955,0.0,-12.686091731129988,-8.736482820738368,-8.593851755976802,-13.111693283765081,10.052265128308635,1.379014426561187e-05
ENGINEERING_SAMPLE,depth_10_ask,Q4,15000,1000,1438,99.3741307371349,-10.598550452609595,-10.158334961478955,0.0,-12.686091731129988,-8.736482820738368,-8.593851755976802,-13.111700575154863,10.052409168583804,0.00015783041943491093
ENGINEERING_SAMPLE,depth_10_ask,Q4,15000,500,1438,99.3741307371349,-10.59852380328799,-10.158334961478955,0.0,-12.686091731129988,-8.736482820738368,-8.593851755976802,-13.111693283765081,10.052382497139279,0.00013115897490911351
ENGINEERING_SAMPLE,depth_10_ask,Q4,250,100,1438,100.0,-10.064297727222959,-10.052683734193563,0.0,-10.052743784993218,-10.052618002253178,-8.593851755976802,-13.111693283765081,10.052434819336456,-9.93371799024611e-25
ENGINEERING_SAMPLE,depth_10_ask,Q4,250,1000,1438,100.0,-10.064388372931385,-10.052683734193563,0.0,-10.052743784993218,-10.052618002253178,-8.593851755976802,-13.111700575154863,10.052525516847723,9.069751126530123e-05
ENGINEERING_SAMPLE,depth_10_ask,Q4,250,500,1438,100.0,-10.06436905024242,-10.052683734193563,0.0,-10.052743784993218,-10.052618002253178,-8.593851755976802,-13.111693283765081,10.052506183116092,7.13637796359846e-05
ENGINEERING_SAMPLE,depth_10_ask,Q4,3000,100,1438,100.0,-10.179453304905826,-10.052697067001521,0.0,-10.84316640831778,-10.0,-8.593851755976802,-13.111693283765081,10.053902757173788,-9.493962738847216e-25
ENGINEERING_SAMPLE,depth_10_ask,Q4,3000,1000,1438,100.0,-10.179466135779885,-10.052697067001521,0.0,-10.84316640831778,-10.0,-8.593851755976802,-13.111700575154863,10.053915595177758,1.2838003970729488e-05
ENGINEERING_SAMPLE,depth_10_ask,Q4,3000,500,1438,100.0,-10.179453304905826,-10.052697067001521,0.0,-10.84316640831778,-10.0,-8.593851755976802,-13.111693283765081,10.053902757173788,0.0
ENGINEERING_SAMPLE,depth_10_ask,Q4,30000,100,1438,98.53963838664812,-10.707905451592469,-10.579380595795808,0.0,-13.236406939421483,-7.995387083834737,-8.593851755976802,-13.111693283765081,10.051177829005352,2.9860888587043744e-05
ENGINEERING_SAMPLE,depth_10_ask,Q4,30000,1000,1438,98.53963838664812,-10.708090785385913,-10.579380595795808,0.0,-13.236406939421483,-7.995387083834737,-8.593851755976802,-13.111700575154863,10.051363367111565,0.0002153989947990331
ENGINEERING_SAMPLE,depth_10_ask,Q4,30000,500,1438,98.53963838664812,-10.708045430636124,-10.579380595795808,0.0,-13.236406939421483,-7.995387083834737,-8.593851755976802,-13.111693283765081,10.051317962362504,0.00016999424573796852
ENGINEERING_SAMPLE,depth_10_ask,Q4,500,100,1438,100.0,-10.077922981952165,-10.052683734193563,0.0,-10.05275074415757,-10.052618002253178,-8.593851755976802,-13.111693283765081,10.057799188191588,2.947165816190447e-05
ENGINEERING_SAMPLE,depth_10_ask,Q4,500,1000,1438,100.0,-10.078105694389775,-10.052683734193563,0.0,-10.05275074415757,-10.052618002253178,-8.593851755976802,-13.111700575154863,10.057981995891504,0.00021227935807919244
ENGINEERING_SAMPLE,depth_10_ask,Q4,500,500,1438,100.0,-10.078061001983409,-10.052683734193563,0.0,-10.05275074415757,-10.052618002253178,-8.593851755976802,-13.111693283765081,10.057937280183486,0.0001675636500598046
ENGINEERING_SAMPLE,depth_10_ask,Q4,5000,100,1438,100.0,-10.299005947505574,-10.052700679160939,0.0,-11.279400841310038,-9.630729199653768,-8.593851755976802,-13.111693283765081,10.061400367405923,-9.420203076087342e-25
ENGINEERING_SAMPLE,depth_10_ask,Q4,5000,1000,1438,100.0,-10.299005947505574,-10.052700679160939,0.0,-11.279400841310038,-9.630729199653768,-8.593851755976802,-13.111700575154863,10.061400367405923,-9.420203076087342e-25
ENGINEERING_SAMPLE,depth_10_ask,Q4,5000,500,1438,100.0,-10.299005947505574,-10.052700679160939,0.0,-11.279400841310038,-9.630729199653768,-8.593851755976802,-13.111693283765081,10.061400367405923,0.0
ENGINEERING_SAMPLE,depth_10_ask,Q4,60000,100,1438,98.53963838664812,-11.418967762894695,-11.26394992254434,0.0,-16.787472165339203,-6.262705259055624,-8.593851755976802,-13.111693283765081,10.052929744340839,2.9842736646471083e-05
ENGINEERING_SAMPLE,depth_10_ask,Q4,60000,1000,1438,98.53963838664812,-11.41915306370634,-11.26394992254434,0.0,-16.787472165339203,-6.262705259055624,-8.593851755976802,-13.111700575154863,10.053115290537184,0.000215388932990595
ENGINEERING_SAMPLE,depth_10_ask,Q4,60000,500,1438,98.53963838664812,-11.41910770895652,-11.26394992254434,0.0,-16.787472165339203,-6.262705259055624,-8.593851755976802,-13.111693283765081,10.053069875726312,0.00016997412212109225
ENGINEERING_SAMPLE,depth_10_ask,Q5,1000,100,1439,100.0,-10.118271820073977,-10.052702624321773,0.0,-10.379823241732073,-10.052619941352061,-7.821037147886118,-12.517741096877016,10.042225156029565,1.9900784946138283e-05
ENGINEERING_SAMPLE,depth_10_ask,Q5,1000,1000,1439,100.0,-10.11830789357528,-10.052702624321773,0.0,-10.379823241732073,-10.052619941352061,-7.821295659594637,-12.517794844861157,10.04226124938145,5.599413683219738e-05
ENGINEERING_SAMPLE,depth_10_ask,Q5,1000,500,1439,100.0,-10.118290737505074,-10.052702624321773,0.0,-10.379823241732073,-10.052619941352061,-7.821186417732572,-12.517787687395332,10.042244083870575,3.882862595597231e-05
ENGINEERING_SAMPLE,depth_10_ask,Q5,15000,100,1439,98.5406532314107,-10.304964410109605,-10.052732097729804,0.0,-13.001431229889151,-8.313676074382997,-7.821037147886118,-12.517741096877016,10.036027400109921,-1.3494856257554332e-24
ENGINEERING_SAMPLE,depth_10_ask,Q5,15000,1000,1439,98.5406532314107,-10.304964410109605,-10.052732097729804,0.0,-13.001431229889151,-8.313676074382997,-7.821295659594637,-12.517794844861157,10.036027400109921,-1.3494856257554332e-24
ENGINEERING_SAMPLE,depth_10_ask,Q5,15000,500,1439,98.5406532314107,-10.304964410109605,-10.052732097729804,0.0,-13.001431229889151,-8.313676074382997,-7.821186417732572,-12.517787687395332,10.036027400109921,0.0
ENGINEERING_SAMPLE,depth_10_ask,Q5,250,100,1439,100.0,-10.070943497213689,-10.052700401250679,0.0,-10.052754642091818,-10.052622157640084,-7.821037147886118,-12.517741096877016,10.048525417985735,1.9900872737715537e-05
ENGINEERING_SAMPLE,depth_10_ask,Q5,250,1000,1439,100.0,-10.070992398279822,-10.052700401250679,0.0,-10.052754642091818,-10.052622157640084,-7.821295659594637,-12.517794844861157,10.048574345366495,6.882825349786894e-05
ENGINEERING_SAMPLE,depth_10_ask,Q5,250,500,1439,100.0,-10.07096241483722,-10.052700401250679,0.0,-10.052754642091818,-10.052622157640084,-7.821186417732572,-12.517787687395332,10.048544345919657,3.8828806660302155e-05
ENGINEERING_SAMPLE,depth_10_ask,Q5,3000,100,1439,100.0,-10.208414007177694,-10.052704013836452,0.0,-10.958578097281952,-10.052615509336029,-7.821037147886118,-12.517741096877016,10.040442809071955,3.360090035397407e-05
ENGINEERING_SAMPLE,depth_10_ask,Q5,3000,1000,1439,100.0,-10.208593015779195,-10.052704013836452,0.0,-10.958578097281952,-10.052615509336029,-7.821295659594637,-12.517794844861157,10.040621938955425,0.00021273078382294156
ENGINEERING_SAMPLE,depth_10_ask,Q5,3000,500,1439,100.0,-10.208549396297164,-10.052704013836452,0.0,-10.958578097281952,-10.052615509336029,-7.821186417732572,-12.517787687395332,10.040578290380905,0.00016908220930517977
ENGINEERING_SAMPLE,depth_10_ask,Q5,30000,100,1439,95.83043780403058,-10.019581015808184,-10.421125811072722,0.0,-13.739894598155468,-5.883204047039441,-7.821037147886118,-12.517741096877016,10.035763973253943,2.076867936420999e-05
ENGINEERING_SAMPLE,depth_10_ask,Q5,30000,1000,1439,95.83043780403058,-10.019635553400555,-10.421125811072722,0.0,-13.739894598155468,-5.883204047039441,-7.821295659594637,-12.517794844861157,10.035818535783886,7.533120930720315e-05
ENGINEERING_SAMPLE,depth_10_ask,Q5,30000,500,1439,95.83043780403058,-10.019600760751011,-10.421125811072722,0.0,-13.739894598155468,-5.883204047039441,-7.821186417732572,-12.517787687395332,10.035783726774351,4.052219977397986e-05
ENGINEERING_SAMPLE,depth_10_ask,Q5,500,100,1439,100.0,-10.09435212291459,-10.052702624321773,0.0,-10.052779435294367,-10.052621603550577,-7.821037147886118,-12.517741096877016,10.053890402437824,-1.45787820924781e-24
ENGINEERING_SAMPLE,depth_10_ask,Q5,500,1000,1439,100.0,-10.094364950286984,-10.052702624321773,0.0,-10.052779435294367,-10.052621603550577,-7.821295659594637,-12.517794844861157,10.053903236464139,1.2834026313506635e-05
ENGINEERING_SAMPLE,depth_10_ask,Q5,500,500,1439,100.0,-10.09435212291459,-10.052702624321773,0.0,-10.052779435294367,-10.052621603550577,-7.821186417732572,-12.517787687395332,10.053890402437824,0.0
ENGINEERING_SAMPLE,depth_10_ask,Q5,5000,100,1439,100.0,-10.20857425029768,-10.052711240494046,0.0,-11.316927285301395,-9.684280351887631,-7.821037147886118,-12.517741096877016,10.035426273462997,-1.4066167665882586e-24
ENGINEERING_SAMPLE,depth_10_ask,Q5,5000,1000,1439,100.0,-10.20857425029768,-10.052711240494046,0.0,-11.316927285301395,-9.684280351887631,-7.821295659594637,-12.517794844861157,10.035426273462997,-1.4066167665882586e-24
ENGINEERING_SAMPLE,depth_10_ask,Q5,5000,500,1439,100.0,-10.20857425029768,-10.052711240494046,0.0,-11.316927285301395,-9.684280351887631,-7.821186417732572,-12.517787687395332,10.035426273462997,0.0
ENGINEERING_SAMPLE,depth_10_ask,Q5,60000,100,1439,87.49131341209173,-10.053625635953177,-10.0,0.0,-16.031186838314,-4.616497599974653,-7.821037147886118,-12.517741096877016,10.035401785010826,2.274912298011322e-05
ENGINEERING_SAMPLE,depth_10_ask,Q5,60000,1000,1439,87.49131341209173,-10.053681473282095,-10.0,0.0,-16.031186838314,-4.616497599974653,-7.821295659594637,-12.517794844861157,10.035457650343307,7.86144554616624e-05
ENGINEERING_SAMPLE,depth_10_ask,Q5,60000,500,1439,87.49131341209173,-10.053647264840452,-10.0,0.0,-16.031186838314,-4.616497599974653,-7.821186417732572,-12.517787687395332,10.035423422268934,4.438638108823986e-05
ENGINEERING_SAMPLE,depth_10_bid,Q1,1000,100,1440,100.0,-10.138275655317784,-10.05269928978546,0.0,-10.47489956129005,-10.052619110292182,-8.399867118587052,-13.192892327180056,10.043566008073569,5.978109935422296e-05
ENGINEERING_SAMPLE,depth_10_bid,Q1,1000,1000,1440,100.0,-10.138489645210203,-10.05269928978546,0.0,-10.47489956129005,-10.052619110292182,-8.400159205768412,-13.192987050938136,10.04378011372956,0.00027388675534746176
ENGINEERING_SAMPLE,depth_10_bid,Q1,1000,500,1440,100.0,-10.138434116571775,-10.05269928978546,0.0,-10.47489956129005,-10.052619110292182,-8.400038091636889,-13.19296067724549,10.043724555534974,0.0002183285607593839
ENGINEERING_SAMPLE,depth_10_bid,Q1,15000,100,1440,99.51388888888889,-10.474064176238455,-10.474398662581281,0.0,-13.003922871288696,-7.996014762777407,-8.399867118587052,-13.192892327180056,10.036356443505348,2.7768638594232408e-05
ENGINEERING_SAMPLE,depth_10_bid,Q1,15000,1000,1440,99.51388888888889,-10.474098062163804,-10.474398662581281,0.0,-13.003922871288696,-7.996014762777407,-8.400159205768412,-13.192987050938136,10.036390353171797,6.167830504259573e-05
ENGINEERING_SAMPLE,depth_10_bid,Q1,15000,500,1440,99.51388888888889,-10.474086067686954,-10.474398662581281,0.0,-13.003922871288696,-7.996014762777407,-8.400038091636889,-13.19296067724549,10.036378350253718,4.9675386964067114e-05
ENGINEERING_SAMPLE,depth_10_bid,Q1,250,100,1440,100.0,-10.077221494053912,-10.052690955290446,0.0,-10.052757426683275,-10.052619110292182,-8.399867118587052,-13.192892327180056,10.046492876988738,5.978118708483383e-05
ENGINEERING_SAMPLE,depth_10_bid,Q1,250,1000,1440,100.0,-10.077435480933636,-10.052690955290446,0.0,-10.052757426683275,-10.052619110292182,-8.400159205768412,-13.192987050938136,10.04670698264729,0.00027388684563688207
ENGINEERING_SAMPLE,depth_10_bid,Q1,250,500,1440,100.0,-10.077379953429668,-10.052690955290446,0.0,-10.052757426683275,-10.052619110292182,-8.400038091636889,-13.19296067724549,10.046651424542992,0.00021832874133822461
ENGINEERING_SAMPLE,depth_10_bid,Q1,3000,100,1440,100.0,-10.22005152901077,-10.05271318647125,0.0,-11.053530878571719,-10.052616063297203,-8.399867118587052,-13.192892327180056,10.036414687605374,4.7520617113213916e-05
ENGINEERING_SAMPLE,depth_10_bid,Q1,3000,1000,1440,100.0,-10.22013412097541,-10.05271318647125,0.0,-11.053530878571719,-10.052616063297203,-8.400159205768412,-13.192987050938136,10.036497320893634,0.0001301539053732505
ENGINEERING_SAMPLE,depth_10_bid,Q1,3000,500,1440,100.0,-10.220092224318044,-10.05271318647125,0.0,-11.053530878571719,-10.052616063297203,-8.400038091636889,-13.19296067724549,10.036455402559282,8.823557102093912e-05
ENGINEERING_SAMPLE,depth_10_bid,Q1,30000,100,1440,99.02777777777777,-10.645812014939356,-10.790998158690297,0.0,-14.476135531425019,-7.0525074119127735,-8.399867118587052,-13.192892327180056,10.035842508445306,5.757737604023564e-05
ENGINEERING_SAMPLE,depth_10_bid,Q1,30000,1000,1440,99.02777777777777,-10.64604657101862,-10.790998158690297,0.0,-14.476135531425019,-7.0525074119127735,-8.400159205768412,-13.192987050938136,10.036077293412268,0.0002923623430017767
ENGINEERING_SAMPLE,depth_10_bid,Q1,30000,500,1440,99.02777777777777,-10.645973113500407,-10.790998158690297,0.0,-14.476135531425019,-7.0525074119127735,-8.400038091636889,-13.19296067724549,10.03600377165533,0.00021884058606606562
ENGINEERING_SAMPLE,depth_10_bid,Q1,500,100,1440,100.0,-10.106267050726897,-10.052695955671076,0.0,-10.05277887788779,-10.052619110292182,-8.399867118587052,-13.192892327180056,10.05412341661331,5.706437745996782e-05
ENGINEERING_SAMPLE,depth_10_bid,Q1,500,1000,1440,100.0,-10.106483239858214,-10.052695955671076,0.0,-10.05277887788779,-10.052619110292182,-8.400159205768412,-13.192987050938136,10.054339715241436,0.00027336300558605445
ENGINEERING_SAMPLE,depth_10_bid,Q1,500,500,1440,100.0,-10.106426670076937,-10.052695955671076,0.0,-10.05277887788779,-10.052619110292182,-8.400038091636889,-13.19296067724549,10.054283117068007,0.00021676483215660218
ENGINEERING_SAMPLE,depth_10_bid,Q1,5000,100,1440,100.0,-10.281252435543912,-10.052724309097911,0.0,-11.36899054923983,-9.520533694134818,-8.399867118587052,-13.192892327180056,10.038008696391902,2.7633652156621557e-05
ENGINEERING_SAMPLE,depth_10_bid,Q1,5000,1000,1440,100.0,-10.281286162443786,-10.052724309097911,0.0,-11.36899054923983,-9.520533694134818,-8.400159205768412,-13.192987050938136,10.038042441219694,6.137847994863866e-05
ENGINEERING_SAMPLE,depth_10_bid,Q1,5000,500,1440,100.0,-10.281274224256602,-10.052724309097911,0.0,-11.36899054923983,-9.520533694134818,-8.400038091636889,-13.19296067724549,10.038030496649135,4.943390938854735e-05
ENGINEERING_SAMPLE,depth_10_bid,Q1,60000,100,1440,99.02777777777777,-11.107282587267013,-11.422048563539406,0.0,-16.471775785555984,-5.94152243044951,-8.399867118587052,-13.192892327180056,10.04138858280466,5.755933866310278e-05
ENGINEERING_SAMPLE,depth_10_bid,Q1,60000,1000,1440,99.02777777777777,-11.107500769046204,-11.422048563539406,0.0,-16.471775785555984,-5.94152243044951,-8.400159205768412,-13.192987050938136,10.041607034075515,0.00027601060951873267
ENGINEERING_SAMPLE,depth_10_bid,Q1,60000,500,1440,99.02777777777777,-11.107443647827237,-11.422048563539406,0.0,-16.471775785555984,-5.94152243044951,-8.400038091636889,-13.19296067724549,10.041549844055455,0.000218820589456589
ENGINEERING_SAMPLE,depth_10_bid,Q2,1000,100,1437,100.0,-10.08323927697734,-10.052677070322176,0.0,-10.052779435294367,-10.052616063297203,-8.265342570086013,-12.822245451548284,10.045803471479708,-9.16205227842387e-25
ENGINEERING_SAMPLE,depth_10_bid,Q2,1000,1000,1437,100.0,-10.08323927697734,-10.052677070322176,0.0,-10.052779435294367,-10.052616063297203,-8.265342570086013,-12.822245451548284,10.045803471479708,-9.16205227842387e-25
ENGINEERING_SAMPLE,depth_10_bid,Q2,1000,500,1437,100.0,-10.08323927697734,-10.052677070322176,0.0,-10.052779435294367,-10.052616063297203,-8.265342570086013,-12.822245451548284,10.045803471479708,0.0
ENGINEERING_SAMPLE,depth_10_bid,Q2,15000,100,1437,99.09533750869868,-10.280063890948936,-10.052627699177018,0.0,-12.583627433913094,-8.104654347780283,-8.265342570086013,-12.822245451548284,10.046349416905477,1.38385647159827e-05
ENGINEERING_SAMPLE,depth_10_bid,Q2,15000,1000,1437,99.09533750869868,-10.280221255738953,-10.052627699177018,0.0,-12.583627433913094,-8.104654347780283,-8.265342570086013,-12.822245451548284,10.04650690717676,0.00017132883599823632
ENGINEERING_SAMPLE,depth_10_bid,Q2,15000,500,1437,99.09533750869868,-10.28018157770854,-10.052627699177018,0.0,-12.583627433913094,-8.104654347780283,-8.265342570086013,-12.822245451548284,10.046467197845779,0.00013161950501764272
ENGINEERING_SAMPLE,depth_10_bid,Q2,250,100,1437,100.0,-10.058442107127187,-10.052677070322176,0.0,-10.05276076858108,-10.052619110292182,-8.265342570086013,-12.822245451548284,10.046210818563997,-9.198840039742215e-25
ENGINEERING_SAMPLE,depth_10_bid,Q2,250,1000,1437,100.0,-10.058454952352571,-10.052677070322176,0.0,-10.05276076858108,-10.052619110292182,-8.265342570086013,-12.822245451548284,10.046223670452562,1.2851888563073102e-05
ENGINEERING_SAMPLE,depth_10_bid,Q2,250,500,1437,100.0,-10.058442107127187,-10.052677070322176,0.0,-10.05276076858108,-10.052619110292182,-8.265342570086013,-12.822245451548284,10.046210818563997,0.0
ENGINEERING_SAMPLE,depth_10_bid,Q2,3000,100,1437,100.0,-10.12639035049601,-10.052687899969426,0.0,-10.842287110774027,-9.684000864163053,-8.265342570086013,-12.822245451548284,10.045328089458637,-9.418713139116019e-25
ENGINEERING_SAMPLE,depth_10_bid,Q2,3000,1000,1437,100.0,-10.126481030274212,-10.052687899969426,0.0,-10.842287110774027,-9.684000864163053,-8.265342570086013,-12.822245451548284,10.045418844984114,9.075552547752661e-05
ENGINEERING_SAMPLE,depth_10_bid,Q2,3000,500,1437,100.0,-10.126461694138685,-10.052687899969426,0.0,-10.842287110774027,-9.684000864163053,-8.265342570086013,-12.822245451548284,10.04539949269659,7.14032379540369e-05
ENGINEERING_SAMPLE,depth_10_bid,Q2,30000,100,1437,98.67780097425191,-10.414446197692298,-10.421616548291334,0.0,-13.587732263513514,-6.838476015752265,-8.265342570086013,-12.822245451548284,10.05106331144574,3.2648168737869255e-05
ENGINEERING_SAMPLE,depth_10_bid,Q2,30000,1000,1437,98.67780097425191,-10.414537333902002,-10.421616548291334,0.0,-13.587732263513514,-6.838476015752265,-8.265342570086013,-12.822245451548284,10.051154493852279,0.0001238305752776016
ENGINEERING_SAMPLE,depth_10_bid,Q2,30000,500,1437,98.67780097425191,-10.414512663656645,-10.421616548291334,0.0,-13.587732263513514,-6.838476015752265,-8.265342570086013,-12.822245451548284,10.051129812010142,9.914873314184261e-05
ENGINEERING_SAMPLE,depth_10_bid,Q2,500,100,1437,100.0,-10.071320247850396,-10.052677070322176,0.0,-10.052772468558274,-10.052618002253178,-8.265342570086013,-12.822245451548284,10.052819818439165,-9.34545671748897e-25
ENGINEERING_SAMPLE,depth_10_bid,Q2,500,1000,1437,100.0,-10.07133309307578,-10.052677070322176,0.0,-10.052772468558274,-10.052618002253178,-8.265342570086013,-12.822245451548284,10.052832670327728,1.2851888563073102e-05
ENGINEERING_SAMPLE,depth_10_bid,Q2,500,500,1437,100.0,-10.071320247850396,-10.052677070322176,0.0,-10.052772468558274,-10.052618002253178,-8.265342570086013,-12.822245451548284,10.052819818439165,0.0
ENGINEERING_SAMPLE,depth_10_bid,Q2,5000,100,1437,100.0,-10.140637368393783,-10.052692066404129,0.0,-11.262632642748864,-9.188820632279382,-8.265342570086013,-12.822245451548284,10.047762573258856,2.9483643840516836e-05
ENGINEERING_SAMPLE,depth_10_bid,Q2,5000,1000,1437,100.0,-10.1408201924731,-10.052692066404129,0.0,-11.262632642748864,-9.188820632279382,-8.265342570086013,-12.822245451548284,10.047945511972422,0.000212422357406299
ENGINEERING_SAMPLE,depth_10_bid,Q2,5000,500,1437,100.0,-10.140775468965533,-10.052692066404129,0.0,-11.262632642748864,-9.188820632279382,-8.265342570086013,-12.822245451548284,10.047900760422348,0.00016767080733190318
ENGINEERING_SAMPLE,depth_10_bid,Q2,60000,100,1437,98.60821155184412,-10.688524103995846,-10.527724685582742,0.0,-16.169264857165466,-5.9888052805280525,-8.265342570086013,-12.822245451548284,10.044290954984836,-5.122403114977183e-25
ENGINEERING_SAMPLE,depth_10_bid,Q2,60000,1000,1437,98.60821155184412,-10.688537075656406,-10.527724685582742,0.0,-16.169264857165466,-5.9888052805280525,-8.265342570086013,-12.822245451548284,10.044303937346166,1.2982361330258296e-05
ENGINEERING_SAMPLE,depth_10_bid,Q2,60000,500,1437,98.60821155184412,-10.688524103995846,-10.527724685582742,0.0,-16.169264857165466,-5.9888052805280525,-8.265342570086013,-12.822245451548284,10.044290954984836,0.0
ENGINEERING_SAMPLE,depth_10_bid,Q3,1000,100,1438,100.0,-10.046661067882859,-10.052688177711241,0.0,-10.052773304469495,-10.052613764569582,-8.19107061187637,-12.266561505569362,10.06065121923345,2.906956828551159e-05
ENGINEERING_SAMPLE,depth_10_bid,Q3,1000,1000,1438,100.0,-10.046748313789287,-10.052688177711241,0.0,-10.052773304469495,-10.052613764569582,-8.19115793045988,-12.266648758254142,10.06073849747603,0.00011634781086656899
ENGINEERING_SAMPLE,depth_10_bid,Q3,1000,500,1438,100.0,-10.046717798287375,-10.052688177711241,0.0,-10.052773304469495,-10.052613764569582,-8.19112738953812,-12.266618240381405,10.060707970414965,8.582074980114152e-05
ENGINEERING_SAMPLE,depth_10_bid,Q3,15000,100,1438,98.81780250347705,-10.131271688983782,-10.052674016611155,0.0,-11.894248081114375,-8.418662785178622,-8.19107061187637,-12.266561505569362,10.054009409563555,2.9417339334669718e-05
ENGINEERING_SAMPLE,depth_10_bid,Q3,15000,1000,1438,98.81780250347705,-10.131359981911187,-10.052674016611155,0.0,-11.894248081114375,-8.418662785178622,-8.19115793045988,-12.266648758254142,10.054097731951193,0.00011773972697123589
ENGINEERING_SAMPLE,depth_10_bid,Q3,15000,500,1438,98.81780250347705,-10.131329100198734,-10.052674016611155,0.0,-11.894248081114375,-8.418662785178622,-8.19112738953812,-12.266618240381405,10.0540668396825,8.68474582787062e-05
ENGINEERING_SAMPLE,depth_10_bid,Q3,250,100,1438,100.0,-10.054516317712029,-10.052692066404129,0.0,-10.052757426683275,-10.052620495406565,-8.19107061187637,-12.266561505569362,10.057075946676912,2.906956828551159e-05
ENGINEERING_SAMPLE,depth_10_bid,Q3,250,1000,1438,100.0,-10.054603554867057,-10.052692066404129,0.0,-10.052757426683275,-10.052620495406565,-8.19115793045988,-12.266648758254142,10.057163224919492,0.00011634781086656899
ENGINEERING_SAMPLE,depth_10_bid,Q3,250,500,1438,100.0,-10.054573042426073,-10.052692066404129,0.0,-10.052757426683275,-10.052620495406565,-8.19112738953812,-12.266618240381405,10.057132697858426,8.582074980114152e-05
ENGINEERING_SAMPLE,depth_10_bid,Q3,3000,100,1438,100.0,-10.042681033818724,-10.052683734193563,0.0,-10.52730209327578,-9.524965014654239,-8.19107061187637,-12.266561505569362,10.058200032660602,7.223679025906244e-05
ENGINEERING_SAMPLE,depth_10_bid,Q3,3000,1000,1438,100.0,-10.042971630104352,-10.052683734193563,0.0,-10.52730209327578,-9.524965014654239,-8.19115793045988,-12.266648758254142,10.058490779133274,0.0003629832629298445
ENGINEERING_SAMPLE,depth_10_bid,Q3,3000,500,1438,100.0,-10.042894124951339,-10.052683734193563,0.0,-10.52730209327578,-9.524965014654239,-8.19112738953812,-12.266618240381405,10.058413236450157,0.0002854405798131764
ENGINEERING_SAMPLE,depth_10_bid,Q3,30000,100,1438,97.56606397774686,-10.096314656575414,-9.947297375678227,0.0,-13.111423581615478,-7.522571696779842,-8.19107061187637,-12.266561505569362,10.056209870581759,2.979475352428059e-05
ENGINEERING_SAMPLE,depth_10_bid,Q3,30000,1000,1438,97.56606397774686,-10.096404088879504,-9.947297375678227,0.0,-13.111423581615478,-7.522571696779842,-8.19115793045988,-12.266648758254142,10.056299326114782,0.00011925028654748839
ENGINEERING_SAMPLE,depth_10_bid,Q3,30000,500,1438,97.56606397774686,-10.096372808653783,-9.947297375678227,0.0,-13.111423581615478,-7.522571696779842,-8.19112738953812,-12.266618240381405,10.05626803750907,8.796168083680792e-05
ENGINEERING_SAMPLE,depth_10_bid,Q3,500,100,1438,100.0,-10.047636702710607,-10.052688177711241,0.0,-10.05276076858108,-10.052618002253178,-8.19107061187637,-12.266561505569362,10.055255153956876,4.27736496479201e-05
ENGINEERING_SAMPLE,depth_10_bid,Q3,500,1000,1438,100.0,-10.047744583170068,-10.052688177711241,0.0,-10.05276076858108,-10.052618002253178,-8.19115793045988,-12.266648758254142,10.055363088933445,0.00015070862621715208
ENGINEERING_SAMPLE,depth_10_bid,Q3,500,500,1438,100.0,-10.04771177702859,-10.052688177711241,0.0,-10.05276076858108,-10.052618002253178,-8.19112738953812,-12.266618240381405,10.055330266679714,0.0001178863724863719
ENGINEERING_SAMPLE,depth_10_bid,Q3,5000,100,1438,100.0,-10.07640380731445,-10.052683734193563,0.0,-10.897070391899097,-9.313874587458747,-8.19107061187637,-12.266561505569362,10.063924906461196,4.134710265759297e-05
ENGINEERING_SAMPLE,depth_10_bid,Q3,5000,1000,1438,100.0,-10.076544809392635,-10.052683734193563,0.0,-10.897070391899097,-9.313874587458747,-8.19115793045988,-12.266648758254142,10.064065980418691,0.0001824210601525704
ENGINEERING_SAMPLE,depth_10_bid,Q3,5000,500,1438,100.0,-10.076507138148054,-10.052683734193563,0.0,-10.897070391899097,-9.313874587458747,-8.19112738953812,-12.266618240381405,10.06402829025445,0.00014473089591158283
ENGINEERING_SAMPLE,depth_10_bid,Q3,60000,100,1438,93.67176634214186,-10.579515117065808,-10.315829387879777,0.0,-15.372183462259976,-6.308480496388415,-8.19107061187637,-12.266561505569362,10.05739022257338,5.2296351170399565e-05
ENGINEERING_SAMPLE,depth_10_bid,Q3,60000,1000,1438,93.67176634214186,-10.579646779147815,-10.315829387879777,0.0,-15.372183462259976,-6.308480496388415,-8.19115793045988,-12.266648758254142,10.05752195572885,0.00018402950664245222
ENGINEERING_SAMPLE,depth_10_bid,Q3,60000,500,1438,93.67176634214186,-10.579595881832628,-10.315829387879777,0.0,-15.372183462259976,-6.308480496388415,-8.19112738953812,-12.266618240381405,10.057471031413007,0.000133105190797428
ENGINEERING_SAMPLE,depth_10_bid,Q4,1000,100,1438,100.0,-10.014605455187855,-10.05267151838365,0.0,-10.052757426683275,-9.968406911811195,-8.177162554766019,-11.80361903672181,10.057411464383357,8.248470029639538e-05
ENGINEERING_SAMPLE,depth_10_bid,Q4,1000,1000,1438,100.0,-10.014963175006013,-10.05267151838365,0.0,-10.052757426683275,-9.968406911811195,-8.177468098735961,-11.803924465173774,10.057769357530677,0.00044037784761634966
ENGINEERING_SAMPLE,depth_10_bid,Q4,1000,500,1438,100.0,-10.014872441437616,-10.05267151838365,0.0,-10.052757426683275,-9.968406911811195,-8.177384459481845,-11.803840858447229,10.057678580799113,0.0003496011160531422
ENGINEERING_SAMPLE,depth_10_bid,Q4,15000,100,1438,100.0,-9.856024737008788,-10.052615509336029,0.0,-11.36899054923983,-8.208771920577275,-8.177162554766019,-11.80361903672181,10.063131083189171,8.248204233945341e-05
ENGINEERING_SAMPLE,depth_10_bid,Q4,15000,1000,1438,100.0,-9.856350683064958,-10.052615509336029,0.0,-11.36899054923983,-8.208771920577275,-8.177468098735961,-11.803924465173774,10.063457187408883,0.0004085862620504702
ENGINEERING_SAMPLE,depth_10_bid,Q4,15000,500,1438,100.0,-9.85626481912578,-10.052615509336029,0.0,-11.36899054923983,-8.208771920577275,-8.177384459481845,-11.803840858447229,10.063371278964349,0.0003226778175155946
ENGINEERING_SAMPLE,depth_10_bid,Q4,250,100,1438,100.0,-10.043671040384975,-10.05267373901862,0.0,-10.05275074415757,-10.052619664329185,-8.177162554766019,-11.80361903672181,10.05700648597039,8.248470029639538e-05
ENGINEERING_SAMPLE,depth_10_bid,Q4,250,1000,1438,100.0,-10.044028760203137,-10.05267373901862,0.0,-10.05275074415757,-10.052619664329185,-8.177468098735961,-11.803924465173774,10.057364379117711,0.00044037784761634966
ENGINEERING_SAMPLE,depth_10_bid,Q4,250,500,1438,100.0,-10.04393802663474,-10.05267373901862,0.0,-10.05275074415757,-10.052619664329185,-8.177384459481845,-11.803840858447229,10.057273602386148,0.0003496011160531422
ENGINEERING_SAMPLE,depth_10_bid,Q4,3000,100,1438,100.0,-9.970097073276117,-10.052670963254164,0.0,-10.369089633416156,-9.26304251639146,-8.177162554766019,-11.80361903672181,10.058400894692092,8.248724069165852e-05
ENGINEERING_SAMPLE,depth_10_bid,Q4,3000,1000,1438,100.0,-9.970454797149879,-10.052670963254164,0.0,-10.369089633416156,-9.26304251639146,-8.177468098735961,-11.803924465173774,10.058758786091927,0.00044037864052759847
ENGINEERING_SAMPLE,depth_10_bid,Q4,3000,500,1438,100.0,-9.970364063581483,-10.052670963254164,0.0,-10.369089633416156,-9.26304251639146,-8.177384459481845,-11.803840858447229,10.058668010153276,0.0003496027018756398
ENGINEERING_SAMPLE,depth_10_bid,Q4,30000,100,1438,99.72183588317107,-9.959014699353407,-9.973658132903218,0.0,-12.160101417419128,-7.682172258588158,-8.177162554766019,-11.80361903672181,10.063074961231944,6.896944633384188e-05
ENGINEERING_SAMPLE,depth_10_bid,Q4,30000,1000,1438,99.72183588317107,-9.959333775681582,-9.973658132903218,0.0,-12.160101417419128,-7.682172258588158,-8.177468098735961,-11.803924465173774,10.063394139835845,0.0003881480502338546
ENGINEERING_SAMPLE,depth_10_bid,Q4,30000,500,1438,99.72183588317107,-9.95923708785064,-9.973658132903218,0.0,-12.160101417419128,-7.682172258588158,-8.177384459481845,-11.803840858447229,10.063297414541395,0.00029142275578633993
ENGINEERING_SAMPLE,depth_10_bid,Q4,500,100,1438,100.0,-10.030621468661275,-10.05267262867773,0.0,-10.05275074415757,-10.052616617270042,-8.177162554766019,-11.80361903672181,10.053047838118847,8.248470029639538e-05
ENGINEERING_SAMPLE,depth_10_bid,Q4,500,1000,1438,100.0,-10.030995369419582,-10.05267262867773,0.0,-10.05275074415757,-10.052616617270042,-8.177468098735961,-11.803924465173774,10.053421921622414,0.0004565682038652737
ENGINEERING_SAMPLE,depth_10_bid,Q4,500,500,1438,100.0,-10.03088845491104,-10.05267262867773,0.0,-10.05275074415757,-10.052616617270042,-8.177384459481845,-11.803840858447229,10.053314954534603,0.0003496011160531422
ENGINEERING_SAMPLE,depth_10_bid,Q4,5000,100,1438,100.0,-9.936790829920984,-10.052670963254164,0.0,-10.790010327965602,-8.894998683864175,-8.177162554766019,-11.80361903672181,10.061575619523719,6.877759808256555e-05
ENGINEERING_SAMPLE,depth_10_bid,Q4,5000,1000,1438,100.0,-9.937112339095826,-10.052670963254164,0.0,-10.790010327965602,-8.894998683864175,-8.177468098735961,-11.803924465173774,10.061897282348951,0.0003904404233154907
ENGINEERING_SAMPLE,depth_10_bid,Q4,5000,500,1438,100.0,-9.93701255977971,-10.052670963254164,0.0,-10.790010327965602,-8.894998683864175,-8.177384459481845,-11.803840858447229,10.061797454047888,0.0002906121222514684
ENGINEERING_SAMPLE,depth_10_bid,Q4,60000,100,1438,96.87065368567455,-10.078559765281573,-10.0,0.0,-13.587732263513514,-6.3343507791434925,-8.177162554766019,-11.80361903672181,10.059857217015159,7.099941568035123e-05
ENGINEERING_SAMPLE,depth_10_bid,Q4,60000,1000,1438,96.87065368567455,-10.078874995817648,-10.0,0.0,-13.587732263513514,-6.3343507791434925,-8.177468098735961,-11.803924465173774,10.06017253212939,0.00038631452991400684
ENGINEERING_SAMPLE,depth_10_bid,Q4,60000,500,1438,96.87065368567455,-10.078788701842925,-10.0,0.0,-13.587732263513514,-6.3343507791434925,-8.177384459481845,-11.803840858447229,10.060086217765878,0.0003000001664017311
ENGINEERING_SAMPLE,depth_10_bid,Q5,1000,100,1439,99.72202918693537,-9.999710878460364,-10.052679013777183,0.0,-10.052743784993218,-9.683885931158084,-7.7412786007571,-11.768054673090454,10.060994156586412,4.5004118759570854e-05
ENGINEERING_SAMPLE,depth_10_bid,Q5,1000,1000,1439,99.72202918693537,-10.0002157612045,-10.052679013777183,0.0,-10.052743784993218,-9.683885931158084,-7.741782753236166,-11.768558512762146,10.061499252586826,0.0005501001191740703
ENGINEERING_SAMPLE,depth_10_bid,Q5,1000,500,1439,99.72202918693537,-9.999945245653189,-10.052679013777183,0.0,-10.052743784993218,-9.683885931158084,-7.741512633597866,-11.768288547052006,10.06122861463809,0.0002794621704377309
ENGINEERING_SAMPLE,depth_10_bid,Q5,15000,100,1439,98.33217512161222,-9.838230623116408,-9.842003762191556,0.0,-11.63505733478979,-8.052590560344601,-7.7412786007571,-11.768054673090454,10.06187323098445,6.588086543572326e-05
ENGINEERING_SAMPLE,depth_10_bid,Q5,15000,1000,1439,98.33217512161222,-9.838779271857373,-9.842003762191556,0.0,-11.63505733478979,-8.052590560344601,-7.741782753236166,-11.768558512762146,10.0624221717546,0.0006148216355846086
ENGINEERING_SAMPLE,depth_10_bid,Q5,15000,500,1439,98.33217512161222,-9.838487509168946,-9.842003762191556,0.0,-11.63505733478979,-8.052590560344601,-7.741512633597866,-11.768288547052006,10.062130254266153,0.00032290414713822234
ENGINEERING_SAMPLE,depth_10_bid,Q5,250,100,1439,99.86101459346769,-10.032785374501467,-10.052683734193563,0.0,-10.052743784993218,-10.052618833278055,-7.7412786007571,-11.768054673090454,10.055662225199974,4.494148254696185e-05
ENGINEERING_SAMPLE,depth_10_bid,Q5,250,1000,1439,99.86101459346769,-10.033289525865982,-10.052683734193563,0.0,-10.052743784993218,-10.052618833278055,-7.741782753236166,-11.768558512762146,10.056166618213611,0.0005493344961828747
ENGINEERING_SAMPLE,depth_10_bid,Q5,250,500,1439,99.86101459346769,-10.033019399505603,-10.052683734193563,0.0,-10.052743784993218,-10.052618833278055,-7.741512633597866,-11.768288547052006,10.055896356935644,0.0002790732182172191
ENGINEERING_SAMPLE,depth_10_bid,Q5,3000,100,1439,99.09659485753996,-9.95265627244307,-10.052669297935912,0.0,-10.368850298391008,-9.262548220193072,-7.7412786007571,-11.768054673090454,10.061045596378563,4.528815597474346e-05
ENGINEERING_SAMPLE,depth_10_bid,Q5,3000,1000,1439,99.09659485753996,-9.953164260659992,-10.052669297935912,0.0,-10.368850298391008,-9.262548220193072,-7.741782753236166,-11.768558512762146,10.061553880221897,0.00055357199930911
ENGINEERING_SAMPLE,depth_10_bid,Q5,3000,500,1439,99.09659485753996,-9.952892062507495,-10.052669297935912,0.0,-10.368850298391008,-9.262548220193072,-7.741512633597866,-11.768288547052006,10.061281534179516,0.00028122595692716963
ENGINEERING_SAMPLE,depth_10_bid,Q5,30000,100,1439,96.5948575399583,-9.823451589304245,-9.841992106192265,0.0,-12.109751399728761,-7.261914646457967,-7.7412786007571,-11.768054673090454,10.061383497030878,6.063714742649219e-05
ENGINEERING_SAMPLE,depth_10_bid,Q5,30000,1000,1439,96.5948575399583,-9.824120690070817,-9.841992106192265,0.0,-12.109751399728761,-7.261914646457967,-7.741782753236166,-11.768558512762146,10.062053024382726,0.0007301644992746277
ENGINEERING_SAMPLE,depth_10_bid,Q5,30000,500,1439,96.5948575399583,-9.82381407121859,-9.841992106192265,0.0,-12.109751399728761,-7.261914646457967,-7.741512633597866,-11.768288547052006,10.061746201622253,0.0004233417388001258
ENGINEERING_SAMPLE,depth_10_bid,Q5,500,100,1439,99.79152189020152,-10.017067171309519,-10.05268317880655,0.0,-10.052743784993218,-9.894613644296559,-7.7412786007571,-11.768054673090454,10.055117234442328,4.4972778844000126e-05
ENGINEERING_SAMPLE,depth_10_bid,Q5,500,1000,1439,99.79152189020152,-10.017571693887183,-10.05268317880655,0.0,-10.052743784993218,-9.894613644296559,-7.741782753236166,-11.768558512762146,10.055621978704579,0.0005497170410966511
ENGINEERING_SAMPLE,depth_10_bid,Q5,500,500,1439,99.79152189020152,-10.017301369566615,-10.05268317880655,0.0,-10.052743784993218,-9.894613644296559,-7.741512633597866,-11.768288547052006,10.055351529222381,0.0002792675588984289
ENGINEERING_SAMPLE,depth_10_bid,Q5,5000,100,1439,98.61014593467686,-9.923005960965883,-10.052667355197707,0.0,-10.7905393648266,-9.050707049387928,-7.7412786007571,-11.768054673090454,10.06454359674106,4.551156477800153e-05
ENGINEERING_SAMPLE,depth_10_bid,Q5,5000,1000,1439,98.61014593467686,-9.923516455114811,-10.052667355197707,0.0,-10.7905393648266,-9.050707049387928,-7.741782753236166,-11.768558512762146,10.065054387974742,0.0005563027984600359
ENGINEERING_SAMPLE,depth_10_bid,Q5,5000,500,1439,98.61014593467686,-9.923242914194825,-10.052667355197707,0.0,-10.7905393648266,-9.050707049387928,-7.741512633597866,-11.768288547052006,10.064780698435323,0.0002826132590402705
ENGINEERING_SAMPLE,depth_10_bid,Q5,60000,100,1439,95.06601806810285,-9.430029401840459,-9.420659092825225,0.0,-13.703951265763894,-5.416563443830086,-7.7412786007571,-11.768054673090454,10.065831997698837,4.7208267850865625e-05
ENGINEERING_SAMPLE,depth_10_bid,Q5,60000,1000,1439,95.06601806810285,-9.430654123043217,-9.420659092825225,0.0,-13.703951265763894,-5.416563443830086,-7.741782753236166,-11.768558512762146,10.06645715751393,0.0006723680829442091
ENGINEERING_SAMPLE,depth_10_bid,Q5,60000,500,1439,95.06601806810285,-9.430350101841867,-9.420659092825225,0.0,-13.703951265763894,-5.416563443830086,-7.741512633597866,-11.768288547052006,10.066152929065636,0.00036813963465018843
ENGINEERING_SAMPLE,depth_20_ask,Q1,1000,100,1439,100.0,-9.973861714514024,-10.052669297935912,0.0,-10.05276076858108,-9.567584957018926,-7.968672916975176,-11.899062958175888,10.064649833576919,6.201857897841555e-05
ENGINEERING_SAMPLE,depth_20_ask,Q1,1000,1000,1439,100.0,-9.9745245110571,-10.052669297935912,0.0,-10.05276076858108,-9.578472716216067,-7.969336138561687,-11.899725829468444,10.065312916856165,0.0007251018582250964
ENGINEERING_SAMPLE,depth_20_ask,Q1,1000,500,1439,100.0,-9.974206442532394,-10.052669297935912,0.0,-10.05276076858108,-9.576837700044123,-7.969017869642108,-11.899407728095161,10.064994703886208,0.0004068888882692576
ENGINEERING_SAMPLE,depth_20_ask,Q1,15000,100,1439,99.86101459346769,-9.7602228359639,-9.736901678354076,0.0,-11.423676505499722,-7.836863209368048,-7.968672916975176,-11.899062958175888,10.073834698775578,9.574964520731311e-05
ENGINEERING_SAMPLE,depth_20_ask,Q1,15000,1000,1439,99.86101459346769,-9.760943266209473,-9.736901678354076,0.0,-11.423676505499722,-7.836863209368048,-7.969336138561687,-11.899725829468444,10.074555519361393,0.0008165702310241536
ENGINEERING_SAMPLE,depth_20_ask,Q1,15000,500,1439,99.86101459346769,-9.760605310223886,-9.736901678354076,0.0,-11.423676505499722,-7.836863209368048,-7.969017869642108,-11.899407728095161,10.07421737970353,0.00047843057316055397
ENGINEERING_SAMPLE,depth_20_ask,Q1,250,100,1439,100.0,-10.023648820056074,-10.05267151838365,0.0,-10.052757426683275,-10.052616617270042,-7.968672916975176,-11.899062958175888,10.056346166108073,7.571615575637753e-05
ENGINEERING_SAMPLE,depth_20_ask,Q1,250,1000,1439,100.0,-10.024363970245783,-10.05267151838365,0.0,-10.052757426683275,-10.052616617270042,-7.969336138561687,-11.899725829468444,10.05706165827663,0.0007912083243141161
ENGINEERING_SAMPLE,depth_20_ask,Q1,250,500,1439,100.0,-10.024038758784819,-10.05267151838365,0.0,-10.052757426683275,-10.052616617270042,-7.969017869642108,-11.899407728095161,10.05673628684134,0.00046583688902450914
ENGINEERING_SAMPLE,depth_20_ask,Q1,3000,100,1439,100.0,-9.890976701110109,-10.05265431480906,0.0,-10.421212328731043,-9.103038525291131,-7.968672916975176,-11.899062958175888,10.067970726101626,0.00010515580288249208
ENGINEERING_SAMPLE,depth_20_ask,Q1,3000,1000,1439,100.0,-9.891842606309261,-10.05265431480906,0.0,-10.421212328731043,-9.103038525291131,-7.969336138561687,-11.899725829468444,10.06883713621539,0.0009715659166455204
ENGINEERING_SAMPLE,depth_20_ask,Q1,3000,500,1439,100.0,-9.891477611743083,-10.05265431480906,0.0,-10.421212328731043,-9.103038525291131,-7.969017869642108,-11.899407728095161,10.06847194029581,0.0006063699970651618
ENGINEERING_SAMPLE,depth_20_ask,Q1,30000,100,1439,99.86101459346769,-9.788595140030568,-9.68397255509533,0.0,-12.549702171428441,-7.262264081372503,-7.968672916975176,-11.899062958175888,10.069778430961081,7.581729968878216e-05
ENGINEERING_SAMPLE,depth_20_ask,Q1,30000,1000,1439,99.86101459346769,-9.789311250092092,-9.68397255509533,0.0,-12.549702171428441,-7.262765780731475,-7.969336138561687,-11.899725829468444,10.070494921857875,0.0007923081964815959
ENGINEERING_SAMPLE,depth_20_ask,Q1,30000,500,1439,99.86101459346769,-9.788985623856306,-9.68397255509533,0.0,-12.549702171428441,-7.262765780731475,-7.969017869642108,-11.899407728095161,10.070169096251941,0.0004664825905486079
ENGINEERING_SAMPLE,depth_20_ask,Q1,500,100,1439,100.0,-10.001323735691962,-10.052669297935912,0.0,-10.052757426683275,-9.831209743726665,-7.968672916975176,-11.899062958175888,10.057351762571468,8.941071378218952e-05
ENGINEERING_SAMPLE,depth_20_ask,Q1,500,1000,1439,100.0,-10.002075699631389,-10.052669297935912,0.0,-10.052757426683275,-9.835828831859288,-7.969336138561687,-11.899725829468444,10.058104076224224,0.000841724366537946
ENGINEERING_SAMPLE,depth_20_ask,Q1,500,500,1439,100.0,-10.001732017997362,-10.052669297935912,0.0,-10.052757426683275,-9.831209743726665,-7.969017869642108,-11.899407728095161,10.057760232086128,0.0004978802284417164
ENGINEERING_SAMPLE,depth_20_ask,Q1,5000,100,1439,100.0,-9.864845532453689,-10.052616617270042,0.0,-10.801398111018386,-8.840358799509952,-7.968672916975176,-11.899062958175888,10.074356395391977,6.201857897841555e-05
ENGINEERING_SAMPLE,depth_20_ask,Q1,5000,1000,1439,100.0,-9.865508234252237,-10.052616617270042,0.0,-10.801398111018386,-8.840358799509952,-7.969336138561687,-11.899725829468444,10.075019478671223,0.0007251018582250964
ENGINEERING_SAMPLE,depth_20_ask,Q1,5000,500,1439,100.0,-9.865190195811266,-10.052616617270042,0.0,-10.801398111018386,-8.840358799509952,-7.969017869642108,-11.899407728095161,10.074701265701266,0.0004068888882692576
ENGINEERING_SAMPLE,depth_20_ask,Q1,60000,100,1439,99.86101459346769,-9.851553577543802,-9.789046010975095,0.0,-14.240869942047325,-6.095950425437578,-7.968672916975176,-11.899062958175888,10.069105579707958,6.210489572020875e-05
ENGINEERING_SAMPLE,depth_20_ask,Q1,60000,1000,1439,99.86101459346769,-9.852307846396585,-9.789046010975095,0.0,-14.240869942047325,-6.095950425437578,-7.969336138561687,-11.899725829468444,10.069860334548105,0.0008168597358655539
ENGINEERING_SAMPLE,depth_20_ask,Q1,60000,500,1439,99.86101459346769,-9.851970045371841,-9.789046010975095,0.0,-14.240869942047325,-6.095950425437578,-7.969017869642108,-11.899407728095161,10.069522319569263,0.0004788447570235043
ENGINEERING_SAMPLE,depth_20_ask,Q2,1000,100,1439,99.72202918693537,-10.022413610597873,-10.05268317880655,0.0,-10.05277302582948,-9.947324595382272,-7.925730290359999,-12.235248419543828,10.057996047857843,9.460014877409506e-05
ENGINEERING_SAMPLE,depth_20_ask,Q2,1000,1000,1439,99.72202918693537,-10.022699745248955,-10.05268317880655,0.0,-10.05277302582948,-9.947324595382272,-7.925963622594891,-12.235481608092188,10.058282314325048,0.00038086661597722246
ENGINEERING_SAMPLE,depth_20_ask,Q2,1000,500,1439,99.72202918693537,-10.022626682271826,-10.05268317880655,0.0,-10.05277302582948,-9.947324595382272,-7.925897813027777,-12.235415840367018,10.058209218961654,0.00030777125258337433
ENGINEERING_SAMPLE,depth_20_ask,Q2,15000,100,1439,98.47116052814455,-9.819126502442021,-9.841972120477482,0.0,-11.36899054923983,-8.101844769285146,-7.925730290359999,-12.235248419543828,10.058124147093167,8.189160233404314e-05
ENGINEERING_SAMPLE,depth_20_ask,Q2,15000,1000,1439,98.47116052814455,-9.819376095962786,-9.841972120477482,0.0,-11.36899054923983,-8.101844769285146,-7.925963622594891,-12.235481608092188,10.058373835577154,0.00033158008631913597
ENGINEERING_SAMPLE,depth_20_ask,Q2,15000,500,1439,98.47116052814455,-9.81929636671402,-9.841972120477482,0.0,-11.36899054923983,-8.101844769285146,-7.925897813027777,-12.235415840367018,10.058294073115654,0.00025181762482027884
ENGINEERING_SAMPLE,depth_20_ask,Q2,250,100,1439,99.86101459346769,-10.048993688348215,-10.052686233580028,0.0,-10.05276076858108,-10.052622157640084,-7.925730290359999,-12.235248419543828,10.056799505671092,8.075184447274817e-05
ENGINEERING_SAMPLE,depth_20_ask,Q2,250,1000,1439,99.86101459346769,-10.049226960801427,-10.052686233580028,0.0,-10.05276076858108,-10.052622157640084,-7.925963622594891,-12.235481608092188,10.057032891884536,0.00031413805791594634
ENGINEERING_SAMPLE,depth_20_ask,Q2,250,500,1439,99.86101459346769,-10.049161168143785,-10.052686233580028,0.0,-10.05276076858108,-10.052622157640084,-7.925897813027777,-12.235415840367018,10.056967066682827,0.0002483128562076097
ENGINEERING_SAMPLE,depth_20_ask,Q2,3000,100,1439,99.09659485753996,-9.956180016726973,-10.052675959840839,0.0,-10.47457636060523,-9.314638211682297,-7.925730290359999,-12.235248419543828,10.052615665756512,8.137475491398255e-05
ENGINEERING_SAMPLE,depth_20_ask,Q2,3000,1000,1439,99.09659485753996,-9.956415122783806,-10.052675959840839,0.0,-10.47457636060523,-9.314638211682297,-7.925963622594891,-12.235481608092188,10.052850852284363,0.00031656128276663035
ENGINEERING_SAMPLE,depth_20_ask,Q2,3000,500,1439,99.09659485753996,-9.95634881153328,-10.052675959840839,0.0,-10.47457636060523,-9.314638211682297,-7.925897813027777,-12.235415840367018,10.05278451931462,0.0002502283130226754
ENGINEERING_SAMPLE,depth_20_ask,Q2,30000,100,1439,98.47116052814455,-10.10515902240799,-9.841800368261941,0.0,-12.83627534528054,-7.680534165945866,-7.925730290359999,-12.235248419543828,10.062267695369307,9.435109028538613e-05
ENGINEERING_SAMPLE,depth_20_ask,Q2,30000,1000,1439,98.47116052814455,-10.105555172138793,-9.841800368261941,0.0,-12.83627534528054,-7.680534165945866,-7.925963622594891,-12.235481608092188,10.062664034162001,0.0004906898829798326
ENGINEERING_SAMPLE,depth_20_ask,Q2,30000,500,1439,98.47116052814455,-10.105448533724589,-9.841800368261941,0.0,-12.83627534528054,-7.680534165945866,-7.925897813027777,-12.235415840367018,10.06255734766253,0.00038400338350902825
ENGINEERING_SAMPLE,depth_20_ask,Q2,500,100,1439,99.79152189020152,-10.035815439368982,-10.052683734193563,0.0,-10.052761047091677,-10.052619664329185,-7.925730290359999,-12.235248419543828,10.053168461403308,8.080807834772919e-05
ENGINEERING_SAMPLE,depth_20_ask,Q2,500,1000,1439,99.79152189020152,-10.036048879274164,-10.052683734193563,0.0,-10.052761047091677,-10.052619664329185,-7.925963622594891,-12.235481608092188,10.05340201014197,0.00031435681700920254
ENGINEERING_SAMPLE,depth_20_ask,Q2,500,500,1439,99.79152189020152,-10.03598303933844,-10.052683734193563,0.0,-10.052761047091677,-10.052619664329185,-7.925897813027777,-12.235415840367018,10.053336139100985,0.0002484857760239103
ENGINEERING_SAMPLE,depth_20_ask,Q2,5000,100,1439,98.61014593467686,-9.892302501054143,-10.052670963254164,0.0,-10.790739500319091,-8.987123357747409,-7.925730290359999,-12.235248419543828,10.058363707264245,0.00012407575132714223
ENGINEERING_SAMPLE,depth_20_ask,Q2,5000,1000,1439,98.61014593467686,-9.892794800344527,-10.052670963254164,0.0,-10.790739500319091,-8.987123357747409,-7.925963622594891,-12.235481608092188,10.058856261419788,0.0006166299068701908
ENGINEERING_SAMPLE,depth_20_ask,Q2,5000,500,1439,98.61014593467686,-9.892659198628136,-10.052670963254164,0.0,-10.790739500319091,-8.987123357747409,-7.925897813027777,-12.235415840367018,10.058720590860778,0.00048095934785982703
ENGINEERING_SAMPLE,depth_20_ask,Q2,60000,100,1439,98.47116052814455,-10.140731742068557,-9.578632293966685,0.0,-14.741761022202542,-6.150968670939215,-7.925730290359999,-12.235248419543828,10.062288176232082,8.189160233404314e-05
ENGINEERING_SAMPLE,depth_20_ask,Q2,60000,1000,1439,98.47116052814455,-10.140968355245016,-9.578632293966685,0.0,-14.741761022202542,-6.150968670939215,-7.925963622594891,-12.235481608092188,10.062524856534635,0.00031857190488723705
ENGINEERING_SAMPLE,depth_20_ask,Q2,60000,500,1439,98.47116052814455,-10.14090162303879,-9.578632293966685,0.0,-14.741761022202542,-6.150968670939215,-7.925897813027777,-12.235415840367018,10.062458102254567,0.00025181762482027884
ENGINEERING_SAMPLE,depth_20_ask,Q3,1000,100,1438,100.0,-10.08169109028376,-10.05268567814032,0.0,-10.052774976371383,-10.052618833278055,-8.393356268010766,-12.665703229771129,10.051360366357269,3.994961998093746e-05
ENGINEERING_SAMPLE,depth_20_ask,Q3,1000,1000,1438,100.0,-10.081778633502115,-10.05268567814032,0.0,-10.052774976371383,-10.052618833278055,-8.393390069952769,-12.665737008522138,10.051447953832977,0.00012753709568797615
ENGINEERING_SAMPLE,depth_20_ask,Q3,1000,500,1438,100.0,-10.081759518322993,-10.05268567814032,0.0,-10.052774976371383,-10.052618833278055,-8.393378105203197,-12.665725051981399,10.051428829546486,0.00010841280919772097
ENGINEERING_SAMPLE,depth_20_ask,Q3,15000,100,1438,100.0,-10.20408676053783,-10.052678875402359,0.0,-12.107204975491488,-8.365684355994873,-8.393356268010766,-12.665703229771129,10.047487631669776,4.137592160020473e-05
ENGINEERING_SAMPLE,depth_20_ask,Q3,15000,1000,1438,100.0,-10.204263552163196,-10.052678875402359,0.0,-12.107204975491488,-8.365684355994873,-8.393390069952769,-12.665737008522138,10.04766456220193,0.0002183064537541915
ENGINEERING_SAMPLE,depth_20_ask,Q3,15000,500,1438,100.0,-10.204225116860068,-10.052678875402359,0.0,-12.107204975491488,-8.365684355994873,-8.393378105203197,-12.665725051981399,10.047626096502462,0.0001798407542869481
ENGINEERING_SAMPLE,depth_20_ask,Q3,250,100,1438,100.0,-10.059510199586104,-10.052685400424856,0.0,-10.052757426683275,-10.052620495406565,-8.393356268010766,-12.665703229771129,10.051304828753064,3.994961998093746e-05
ENGINEERING_SAMPLE,depth_20_ask,Q3,250,1000,1438,100.0,-10.059597739595004,-10.052685400424856,0.0,-10.052757426683275,-10.052620495406565,-8.393390069952769,-12.665737008522138,10.05139241622877,0.00012753709568797615
ENGINEERING_SAMPLE,depth_20_ask,Q3,250,500,1438,100.0,-10.05957862555192,-10.052685400424856,0.0,-10.052757426683275,-10.052620495406565,-8.393378105203197,-12.665725051981399,10.051373291942282,0.00010841280919772097
ENGINEERING_SAMPLE,depth_20_ask,Q3,3000,100,1438,100.0,-10.11184112914993,-10.052686233580028,0.0,-10.7910482411477,-9.631252734047655,-8.393356268010766,-12.665703229771129,10.049496137686232,2.767208560885608e-05
ENGINEERING_SAMPLE,depth_20_ask,Q3,3000,1000,1438,100.0,-10.11187490652393,-10.052686233580028,0.0,-10.7910482411477,-9.631252734047655,-8.393390069952769,-12.665737008522138,10.049529929447026,6.146384640197474e-05
ENGINEERING_SAMPLE,depth_20_ask,Q3,3000,500,1438,100.0,-10.111862950470606,-10.052686233580028,0.0,-10.7910482411477,-9.631252734047655,-8.393378105203197,-12.665725051981399,10.04951796826371,4.950266308727968e-05
ENGINEERING_SAMPLE,depth_20_ask,Q3,30000,100,1438,100.0,-10.434285858209494,-10.316364211859042,0.0,-13.741452304253155,-7.522571696779842,-8.393356268010766,-12.665703229771129,10.053495985160561,2.767208560885608e-05
ENGINEERING_SAMPLE,depth_20_ask,Q3,30000,1000,1438,100.0,-10.43431963255234,-10.316364211859042,0.0,-13.741452304253155,-7.522571696779842,-8.393390069952769,-12.665737008522138,10.053529776921353,6.146384640197474e-05
ENGINEERING_SAMPLE,depth_20_ask,Q3,30000,500,1438,100.0,-10.43430767757194,-10.316364211859042,0.0,-13.741452304253155,-7.522571696779842,-8.393378105203197,-12.665725051981399,10.053517815738038,4.950266308727968e-05
ENGINEERING_SAMPLE,depth_20_ask,Q3,500,100,1438,100.0,-10.070196133474926,-10.052685400424856,0.0,-10.05276076858108,-10.052619664329185,-8.393356268010766,-12.665703229771129,10.054132592284198,5.714374377076054e-05
ENGINEERING_SAMPLE,depth_20_ask,Q3,500,1000,1438,100.0,-10.070412623286536,-10.052685400424856,0.0,-10.05276076858108,-10.052619664329185,-8.393390069952769,-12.665737008522138,10.05434919174491,0.0002737432044811672
ENGINEERING_SAMPLE,depth_20_ask,Q3,500,500,1438,100.0,-10.070355974826844,-10.052685400424856,0.0,-10.05276076858108,-10.052619664329185,-8.393378105203197,-12.665725051981399,10.054292514853575,0.00021706631314708424
ENGINEERING_SAMPLE,depth_20_ask,Q3,5000,100,1438,100.0,-10.15347658819021,-10.052692066404129,0.0,-11.159873616026923,-9.263064761613853,-8.393356268010766,-12.665703229771129,10.052450843646895,2.767208560885608e-05
ENGINEERING_SAMPLE,depth_20_ask,Q3,5000,1000,1438,100.0,-10.153510361998151,-10.052692066404129,0.0,-11.159873616026923,-9.263064761613853,-8.393390069952769,-12.665737008522138,10.052484635407689,6.146384640197474e-05
ENGINEERING_SAMPLE,depth_20_ask,Q3,5000,500,1438,100.0,-10.153498407207092,-10.052692066404129,0.0,-11.159873616026923,-9.263064761613853,-8.393378105203197,-12.665725051981399,10.052472674224374,4.950266308727968e-05
ENGINEERING_SAMPLE,depth_20_ask,Q3,60000,100,1438,100.0,-10.909464820150738,-11.107274741506647,0.0,-15.815095288120473,-6.5788032459701835,-8.393356268010766,-12.665703229771129,10.049582092772761,5.7079010384968405e-05
ENGINEERING_SAMPLE,depth_20_ask,Q3,60000,1000,1438,100.0,-10.909681181219671,-11.107274741506647,0.0,-15.815095288120473,-6.5788032459701835,-8.393390069952769,-12.665737008522138,10.049798721084473,0.00027370732209576693
ENGINEERING_SAMPLE,depth_20_ask,Q3,60000,500,1438,100.0,-10.909624536672908,-11.107274741506647,0.0,-15.815095288120473,-6.5788032459701835,-8.393378105203197,-12.665725051981399,10.049742008310753,0.00021699454837628368
ENGINEERING_SAMPLE,depth_20_ask,Q4,1000,100,1437,100.0,-10.089407229989089,-10.05267262867773,0.0,-10.052778599188915,-10.052616063297203,-8.503890615316168,-12.872795026270863,10.05119562086107,-1.0709605602636656e-24
ENGINEERING_SAMPLE,depth_20_ask,Q4,1000,1000,1437,100.0,-10.089497938777338,-10.05267262867773,0.0,-10.052778599188915,-10.052616063297203,-8.503890615316168,-12.872802322734678,10.051286381488211,9.0760627139529e-05
ENGINEERING_SAMPLE,depth_20_ask,Q4,1000,500,1437,100.0,-10.089478602641826,-10.05267262867773,0.0,-10.052778599188915,-10.052616063297203,-8.503890615316168,-12.872795026270863,10.051267034302349,7.141344127804164e-05
ENGINEERING_SAMPLE,depth_20_ask,Q4,15000,100,1437,99.09533750869868,-10.632976925662263,-10.10555719837783,0.0,-13.003922871288696,-8.89385730999083,-8.503890615316168,-12.872795026270863,10.046487557773816,-9.993590930099674e-25
ENGINEERING_SAMPLE,depth_20_ask,Q4,15000,1000,1437,99.09533750869868,-10.632976925662263,-10.10555719837783,0.0,-13.003922871288696,-8.89385730999083,-8.503890615316168,-12.872802322734678,10.046487557773816,-9.993590930099674e-25
ENGINEERING_SAMPLE,depth_20_ask,Q4,15000,500,1437,99.09533750869868,-10.632976925662263,-10.10555719837783,0.0,-13.003922871288696,-8.89385730999083,-8.503890615316168,-12.872795026270863,10.046487557773816,0.0
ENGINEERING_SAMPLE,depth_20_ask,Q4,250,100,1437,100.0,-10.062428376185165,-10.052670963254164,0.0,-10.052743784993218,-10.052618002253178,-8.503890615316168,-12.872795026270863,10.050023091958542,-1.0782940298682403e-24
ENGINEERING_SAMPLE,depth_20_ask,Q4,250,1000,1437,100.0,-10.062519084973415,-10.052670963254164,0.0,-10.052743784993218,-10.052618002253178,-8.503890615316168,-12.872802322734678,10.05011385258568,9.0760627139529e-05
ENGINEERING_SAMPLE,depth_20_ask,Q4,250,500,1437,100.0,-10.062499748837904,-10.052670963254164,0.0,-10.052743784993218,-10.052618002253178,-8.503890615316168,-12.872795026270863,10.05009450539982,7.141344127804164e-05
ENGINEERING_SAMPLE,depth_20_ask,Q4,3000,100,1437,100.0,-10.171864617546255,-10.052676515075655,0.0,-10.78968991798918,-10.05260969344787,-8.503890615316168,-12.872795026270863,10.050466378783772,-1.037891201256811e-24
ENGINEERING_SAMPLE,depth_20_ask,Q4,3000,1000,1437,100.0,-10.171877457349247,-10.052676515075655,0.0,-10.78968991798918,-10.05260969344787,-8.503890615316168,-12.872802322734678,10.050479225721636,1.2846937863541408e-05
ENGINEERING_SAMPLE,depth_20_ask,Q4,3000,500,1437,100.0,-10.171864617546255,-10.052676515075655,0.0,-10.78968991798918,-10.05260969344787,-8.503890615316168,-12.872795026270863,10.050466378783772,0.0
ENGINEERING_SAMPLE,depth_20_ask,Q4,30000,100,1437,98.74739039665971,-10.692679096220468,-10.632051559049973,0.0,-13.111423581615478,-7.889963397862061,-8.503890615316168,-12.872795026270863,10.04405657068524,2.9818801358591252e-05
ENGINEERING_SAMPLE,depth_20_ask,Q4,30000,1000,1437,98.74739039665971,-10.692864168796445,-10.632051559049973,0.0,-13.111423581615478,-7.889963397862061,-8.503890615316168,-12.872802322734678,10.044241847286019,0.0002150954021354686
ENGINEERING_SAMPLE,depth_20_ask,Q4,30000,500,1437,98.74739039665971,-10.6928188779716,-10.632051559049973,0.0,-13.111423581615478,-7.889963397862061,-8.503890615316168,-12.872795026270863,10.044196506532375,0.00016975464849238998
ENGINEERING_SAMPLE,depth_20_ask,Q4,500,100,1437,100.0,-10.0717025925741,-10.052670963254164,0.0,-10.05275074415757,-10.052618002253178,-8.503890615316168,-12.872795026270863,10.052482017820397,-1.070959361987342e-24
ENGINEERING_SAMPLE,depth_20_ask,Q4,500,1000,1437,100.0,-10.0717025925741,-10.052670963254164,0.0,-10.05275074415757,-10.052618002253178,-8.503890615316168,-12.872802322734678,10.052482017820397,-1.070959361987342e-24
ENGINEERING_SAMPLE,depth_20_ask,Q4,500,500,1437,100.0,-10.0717025925741,-10.052670963254164,0.0,-10.05275074415757,-10.052618002253178,-8.503890615316168,-12.872795026270863,10.052482017820397,0.0
ENGINEERING_SAMPLE,depth_20_ask,Q4,5000,100,1437,100.0,-10.293030927480615,-10.052683734193563,0.0,-11.264043167590582,-9.78915591328226,-8.503890615316168,-12.872795026270863,10.05512657749114,-1.0635915125038585e-24
ENGINEERING_SAMPLE,depth_20_ask,Q4,5000,1000,1437,100.0,-10.293030927480615,-10.052683734193563,0.0,-11.264043167590582,-9.78915591328226,-8.503890615316168,-12.872802322734678,10.05512657749114,-1.0635915125038585e-24
ENGINEERING_SAMPLE,depth_20_ask,Q4,5000,500,1437,100.0,-10.293030927480615,-10.052683734193563,0.0,-11.264043167590582,-9.78915591328226,-8.503890615316168,-12.872795026270863,10.05512657749114,0.0
ENGINEERING_SAMPLE,depth_20_ask,Q4,60000,100,1437,98.74739039665971,-10.870365197422247,-11.00071138746904,0.0,-16.160230307691496,-5.415161788665039,-8.503890615316168,-12.872795026270863,10.048471122382484,-7.054265831569741e-25
ENGINEERING_SAMPLE,depth_20_ask,Q4,60000,1000,1437,98.74739039665971,-10.870378150799988,-11.00071138746904,0.0,-16.160230307691496,-5.415161788665039,-8.503890615316168,-12.872802322734678,10.04848408644591,1.2964063428453844e-05
ENGINEERING_SAMPLE,depth_20_ask,Q4,60000,500,1437,98.74739039665971,-10.870365197422247,-11.00071138746904,0.0,-16.160230307691496,-5.415161788665039,-8.503890615316168,-12.872795026270863,10.048471122382484,0.0
ENGINEERING_SAMPLE,depth_20_ask,Q5,1000,100,1439,100.0,-10.11530065303986,-10.052702068536417,0.0,-10.421338841581655,-10.052618002253178,-7.983826430038668,-12.182201100383393,10.043207533490232,1.9900784946138283e-05
ENGINEERING_SAMPLE,depth_20_ask,Q5,1000,1000,1439,100.0,-10.115336726541162,-10.052702068536417,0.0,-10.421338841581655,-10.052618002253178,-7.984084941747187,-12.182254848367537,10.043243626842118,5.599413683219738e-05
ENGINEERING_SAMPLE,depth_20_ask,Q5,1000,500,1439,100.0,-10.115319570470955,-10.052702068536417,0.0,-10.421338841581655,-10.052618002253178,-7.983975699885122,-12.18224769090171,10.043226461331242,3.882862595597231e-05
ENGINEERING_SAMPLE,depth_20_ask,Q5,15000,100,1439,98.33217512161222,-10.16591063307305,-10.052732097729804,0.0,-12.474114140052246,-7.999167658803326,-7.983826430038668,-12.182201100383393,10.03550033109034,-1.3186417262799773e-24
ENGINEERING_SAMPLE,depth_20_ask,Q5,15000,1000,1439,98.33217512161222,-10.16591063307305,-10.052732097729804,0.0,-12.474114140052246,-7.999167658803326,-7.984084941747187,-12.182254848367537,10.03550033109034,-1.3186417262799773e-24
ENGINEERING_SAMPLE,depth_20_ask,Q5,15000,500,1439,98.33217512161222,-10.16591063307305,-10.052732097729804,0.0,-12.474114140052246,-7.999167658803326,-7.983975699885122,-12.18224769090171,10.03550033109034,0.0
ENGINEERING_SAMPLE,depth_20_ask,Q5,250,100,1439,100.0,-10.072110102627882,-10.052697622675531,0.0,-10.05275330560079,-10.052619110292182,-7.983826430038668,-12.182201100383393,10.04797032336986,1.9900872737715537e-05
ENGINEERING_SAMPLE,depth_20_ask,Q5,250,1000,1439,100.0,-10.072159003694015,-10.052697622675531,0.0,-10.05275330560079,-10.052619110292182,-7.984084941747187,-12.182254848367537,10.04801925075062,6.882825349786894e-05
ENGINEERING_SAMPLE,depth_20_ask,Q5,250,500,1439,100.0,-10.072129020251415,-10.052697622675531,0.0,-10.05275330560079,-10.052619110292182,-7.983975699885122,-12.18224769090171,10.047989251303783,3.8828806660302155e-05
ENGINEERING_SAMPLE,depth_20_ask,Q5,3000,100,1439,100.0,-10.181330592121466,-10.052702624321773,0.0,-10.84316640831778,-10.0,-7.983826430038668,-12.182201100383393,10.038750050131132,3.360090035397407e-05
ENGINEERING_SAMPLE,depth_20_ask,Q5,3000,1000,1439,100.0,-10.181509600722968,-10.052702624321773,0.0,-10.84316640831778,-10.0,-7.984084941747187,-12.182254848367537,10.0389291800146,0.00021273078382294156
ENGINEERING_SAMPLE,depth_20_ask,Q5,3000,500,1439,100.0,-10.181465981240937,-10.052702624321773,0.0,-10.84316640831778,-10.0,-7.983975699885122,-12.18224769090171,10.038885531440082,0.00016908220930517977
ENGINEERING_SAMPLE,depth_20_ask,Q5,30000,100,1439,94.5100764419736,-9.916860764848568,-10.157846528008086,0.0,-13.265978359974913,-6.578532983642472,-7.983826430038668,-12.182201100383393,10.036916004622187,2.1058830031798218e-05
ENGINEERING_SAMPLE,depth_20_ask,Q5,30000,1000,1439,94.5100764419736,-9.916916064363186,-10.157846528008086,0.0,-13.265978359974913,-6.578532983642472,-7.984084941747187,-12.182254848367537,10.036971329422768,7.638363061370084e-05
ENGINEERING_SAMPLE,depth_20_ask,Q5,30000,500,1439,94.5100764419736,-9.916880785639862,-10.157846528008086,0.0,-13.265978359974913,-6.578532983642472,-7.983975699885122,-12.18224769090171,10.036936034110894,4.108831874141046e-05
ENGINEERING_SAMPLE,depth_20_ask,Q5,500,100,1439,100.0,-10.09398260290512,-10.05269845621731,0.0,-10.052779435294367,-10.052619110292182,-7.983826430038668,-12.182201100383393,10.053224062582514,-1.355219775953688e-24
ENGINEERING_SAMPLE,depth_20_ask,Q5,500,1000,1439,100.0,-10.093995430277515,-10.05269845621731,0.0,-10.052779435294367,-10.052619110292182,-7.984084941747187,-12.182254848367537,10.053236896608826,1.2834026313506635e-05
ENGINEERING_SAMPLE,depth_20_ask,Q5,500,500,1439,100.0,-10.09398260290512,-10.05269845621731,0.0,-10.052779435294367,-10.052619110292182,-7.983975699885122,-12.18224769090171,10.053224062582514,0.0
ENGINEERING_SAMPLE,depth_20_ask,Q5,5000,100,1439,100.0,-10.154512860122574,-10.052704013836452,0.0,-11.315235413322105,-9.263064761613853,-7.983826430038668,-12.182201100383393,10.035417861100186,-1.223415296485021e-24
ENGINEERING_SAMPLE,depth_20_ask,Q5,5000,1000,1439,100.0,-10.154512860122574,-10.052704013836452,0.0,-11.315235413322105,-9.263064761613853,-7.984084941747187,-12.182254848367537,10.035417861100186,-1.223415296485021e-24
ENGINEERING_SAMPLE,depth_20_ask,Q5,5000,500,1439,100.0,-10.154512860122574,-10.052704013836452,0.0,-11.315235413322105,-9.263064761613853,-7.983975699885122,-12.18224769090171,10.035417861100186,0.0
ENGINEERING_SAMPLE,depth_20_ask,Q5,60000,100,1439,86.17095205003474,-10.109666505070145,-10.157846528008086,0.0,-14.37081469539149,-5.623582228130704,-7.983826430038668,-12.182201100383393,10.036191671309883,2.3097698251582696e-05
ENGINEERING_SAMPLE,depth_20_ask,Q5,60000,1000,1439,86.17095205003474,-10.109708374710545,-10.157846528008086,0.0,-14.37081469539149,-5.623582228130704,-7.984084941747187,-12.182254848367537,10.036233557154711,6.498354308165884e-05
ENGINEERING_SAMPLE,depth_20_ask,Q5,60000,500,1439,86.17095205003474,-10.109688465367789,-10.157846528008086,0.0,-14.37081469539149,-5.623582228130704,-7.983975699885122,-12.18224769090171,10.036213640106624,4.506649499201128e-05
ENGINEERING_SAMPLE,depth_20_bid,Q1,1000,100,1439,100.0,-10.135387882935463,-10.052664580106015,0.0,-10.473766537456813,-10.052616063297203,-8.572504031716567,-13.032986015103448,10.04503719901993,3.2169787327690074e-05
ENGINEERING_SAMPLE,depth_20_bid,Q1,1000,1000,1439,100.0,-10.135568267634055,-10.052664580106015,0.0,-10.473766537456813,-10.052616063297203,-8.572762543425087,-13.033047049410387,10.045217685185746,0.00021265595314406198
ENGINEERING_SAMPLE,depth_20_bid,Q1,1000,500,1439,100.0,-10.135524648152014,-10.052664580106015,0.0,-10.473766537456813,-10.052616063297203,-8.572653301563022,-13.033032605621765,10.045174041253432,0.00016901202082974606
ENGINEERING_SAMPLE,depth_20_bid,Q1,15000,100,1439,99.65253648366921,-10.546009175156762,-10.263220345034398,0.0,-12.94943405771136,-8.786579186284653,-8.572504031716567,-13.032986015103448,10.036456249121507,-1.2862270116085368e-24
ENGINEERING_SAMPLE,depth_20_bid,Q1,15000,1000,1439,99.65253648366921,-10.546009175156762,-10.263220345034398,0.0,-12.94943405771136,-8.786579186284653,-8.572762543425087,-13.033047049410387,10.036456249121507,-1.2862270116085368e-24
ENGINEERING_SAMPLE,depth_20_bid,Q1,15000,500,1439,99.65253648366921,-10.546009175156762,-10.263220345034398,0.0,-12.94943405771136,-8.786579186284653,-8.572653301563022,-13.033032605621765,10.036456249121507,0.0
ENGINEERING_SAMPLE,depth_20_bid,Q1,250,100,1439,100.0,-10.076538004020067,-10.052663747635533,0.0,-10.052757426683275,-10.052616063297203,-8.572504031716567,-13.032986015103448,10.047309641445443,3.2169875119267325e-05
ENGINEERING_SAMPLE,depth_20_bid,Q1,250,1000,1439,100.0,-10.076718388911093,-10.052663747635533,0.0,-10.052757426683275,-10.052616063297203,-8.572762543425087,-13.033047049410387,10.047490127613822,0.00021265604349622694
ENGINEERING_SAMPLE,depth_20_bid,Q1,250,500,1439,100.0,-10.076674769429053,-10.052663747635533,0.0,-10.052757426683275,-10.052616063297203,-8.572653301563022,-13.033032605621765,10.047446483771859,0.00016901220153407593
ENGINEERING_SAMPLE,depth_20_bid,Q1,3000,100,1439,100.0,-10.262087080893695,-10.052697622675531,0.0,-11.054699963777846,-10.052615509336029,-8.572504031716567,-13.032986015103448,10.039165747458542,1.9900784946138283e-05
ENGINEERING_SAMPLE,depth_20_bid,Q1,3000,1000,1439,100.0,-10.262123154394997,-10.052697622675531,0.0,-11.054699963777846,-10.052615509336029,-8.572762543425087,-13.033047049410387,10.039201840810428,5.599413683219738e-05
ENGINEERING_SAMPLE,depth_20_bid,Q1,3000,500,1439,100.0,-10.26210599832479,-10.052697622675531,0.0,-11.054699963777846,-10.052615509336029,-8.572653301563022,-13.033032605621765,10.039184675299552,3.882862595597231e-05
ENGINEERING_SAMPLE,depth_20_bid,Q1,30000,100,1439,99.65253648366921,-10.69176306735037,-10.631392759566438,0.0,-14.476135531425019,-7.837219489539573,-8.572504031716567,-13.032986015103448,10.039649164988479,4.947900137453735e-05
ENGINEERING_SAMPLE,depth_20_bid,Q1,30000,1000,1439,99.65253648366921,-10.69199864986445,-10.631392759566438,0.0,-14.476135531425019,-7.837219489539573,-8.572762543425087,-13.033047049410387,10.039884973374319,0.00028528738721399097
ENGINEERING_SAMPLE,depth_20_bid,Q1,30000,500,1439,99.65253648366921,-10.691920374589573,-10.631392759566438,0.0,-14.476135531425019,-7.837219489539573,-8.572653301563022,-13.033032605621765,10.039806632960396,0.00020694697329080869
ENGINEERING_SAMPLE,depth_20_bid,Q1,500,100,1439,100.0,-10.103664982285832,-10.052664025122768,0.0,-10.052779435294367,-10.052616063297203,-8.572504031716567,-13.032986015103448,10.055482182559428,-1.1460332789871458e-24
ENGINEERING_SAMPLE,depth_20_bid,Q1,500,1000,1439,100.0,-10.103664982285832,-10.052664025122768,0.0,-10.052779435294367,-10.052616063297203,-8.572762543425087,-13.033047049410387,10.055482182559428,-1.1460332789871458e-24
ENGINEERING_SAMPLE,depth_20_bid,Q1,500,500,1439,100.0,-10.103664982285832,-10.052664025122768,0.0,-10.052779435294367,-10.052616063297203,-8.572653301563022,-13.033032605621765,10.055482182559428,0.0
ENGINEERING_SAMPLE,depth_20_bid,Q1,5000,100,1439,100.0,-10.338807378219155,-10.052702624321773,0.0,-11.329130468270298,-9.73682568582827,-8.572504031716567,-13.032986015103448,10.041533833334478,-1.1643488624954912e-24
ENGINEERING_SAMPLE,depth_20_bid,Q1,5000,1000,1439,100.0,-10.338807378219155,-10.052702624321773,0.0,-11.329130468270298,-9.73682568582827,-8.572762543425087,-13.033047049410387,10.041533833334478,-1.1643488624954912e-24
ENGINEERING_SAMPLE,depth_20_bid,Q1,5000,500,1439,100.0,-10.338807378219155,-10.052702624321773,0.0,-11.329130468270298,-9.73682568582827,-8.572653301563022,-13.033032605621765,10.041533833334478,0.0
ENGINEERING_SAMPLE,depth_20_bid,Q1,60000,100,1439,99.58304378040306,-11.114355916476844,-11.26394992254434,0.0,-16.471775785555984,-6.262705259055624,-8.572504031716567,-13.032986015103448,10.040635385000096,-9.741481890303538e-25
ENGINEERING_SAMPLE,depth_20_bid,Q1,60000,1000,1439,99.58304378040306,-11.114355916476844,-11.26394992254434,0.0,-16.471775785555984,-6.262705259055624,-8.572762543425087,-13.033047049410387,10.040635385000096,-9.741481890303538e-25
ENGINEERING_SAMPLE,depth_20_bid,Q1,60000,500,1439,99.58304378040306,-11.114355916476844,-11.26394992254434,0.0,-16.471775785555984,-6.262705259055624,-8.572653301563022,-13.033032605621765,10.040635385000096,0.0
ENGINEERING_SAMPLE,depth_20_bid,Q2,1000,100,1438,100.0,-10.0901923826202,-10.052694010965837,0.0,-10.052779435294367,-10.052618002253178,-8.120609611283253,-12.761769782851932,10.051545501810761,2.767208560885608e-05
ENGINEERING_SAMPLE,depth_20_bid,Q2,1000,1000,1438,100.0,-10.0902261599942,-10.052694010965837,0.0,-10.052779435294367,-10.052618002253178,-8.120643413225256,-12.761803561602942,10.051579293571555,6.146384640197474e-05
ENGINEERING_SAMPLE,depth_20_bid,Q2,1000,500,1438,100.0,-10.090214203940876,-10.052694010965837,0.0,-10.052779435294367,-10.052618002253178,-8.120631448475685,-12.761791605062202,10.05156733238824,4.950266308727968e-05
ENGINEERING_SAMPLE,depth_20_bid,Q2,15000,100,1438,99.86091794158554,-10.29343495516232,-10.105328605225859,0.0,-12.581054018445323,-8.104844000129596,-8.120609611283253,-12.761769782851932,10.045883547960003,2.7710626118060614e-05
ENGINEERING_SAMPLE,depth_20_bid,Q2,15000,1000,1438,99.86091794158554,-10.293468770295346,-10.105328605225859,0.0,-12.581054018445323,-8.104844000129596,-8.120643413225256,-12.761803561602942,10.045917386784529,6.154945064487443e-05
ENGINEERING_SAMPLE,depth_20_bid,Q2,15000,500,1438,99.86091794158554,-10.293456800876596,-10.105328605225859,0.0,-12.581054018445323,-8.104844000129596,-8.120631448475685,-12.761791605062202,10.045905408942186,4.957160830049316e-05
ENGINEERING_SAMPLE,depth_20_bid,Q2,250,100,1438,100.0,-10.060927880132128,-10.052694010965837,0.0,-10.05276076858108,-10.052618002253178,-8.120609611283253,-12.761769782851932,10.048576125400537,2.767208560885608e-05
ENGINEERING_SAMPLE,depth_20_bid,Q2,250,1000,1438,100.0,-10.060961654296674,-10.052694010965837,0.0,-10.05276076858108,-10.052618002253178,-8.120643413225256,-12.761803561602942,10.048609917161329,6.146384640197474e-05
ENGINEERING_SAMPLE,depth_20_bid,Q2,250,500,1438,100.0,-10.060949699379389,-10.052694010965837,0.0,-10.05276076858108,-10.052618002253178,-8.120631448475685,-12.761791605062202,10.048597955978014,4.950266308727968e-05
ENGINEERING_SAMPLE,depth_20_bid,Q2,3000,100,1438,100.0,-10.107026870189765,-10.052697067001521,0.0,-10.790923046893546,-9.631499389036362,-8.120609611283253,-12.761769782851932,10.04838913136603,2.767208560885608e-05
ENGINEERING_SAMPLE,depth_20_bid,Q2,3000,1000,1438,100.0,-10.107151264282317,-10.052697067001521,0.0,-10.790923046893546,-9.631499389036362,-8.120643413225256,-12.761803561602942,10.048513615539973,0.00015215625955302184
ENGINEERING_SAMPLE,depth_20_bid,Q2,3000,500,1438,100.0,-10.107119985540013,-10.052697067001521,0.0,-10.790923046893546,-9.631499389036362,-8.120631448475685,-12.761791605062202,10.048482315526915,0.00012085624649475604
ENGINEERING_SAMPLE,depth_20_bid,Q2,30000,100,1438,99.7913769123783,-10.218230400895145,-10.421616548291334,0.0,-13.214351615097085,-6.631170937740281,-8.120609611283253,-12.761769782851932,10.045930025857654,4.0033138350235586e-05
ENGINEERING_SAMPLE,depth_20_bid,Q2,30000,1000,1438,99.7913769123783,-10.218318124093193,-10.421616548291334,0.0,-13.214351615097085,-6.631170937740281,-8.120643413225256,-12.761803561602942,10.046017796443065,0.00012780372376258517
ENGINEERING_SAMPLE,depth_20_bid,Q2,30000,500,1438,99.7913769123783,-10.218298970027192,-10.421616548291334,0.0,-13.214351615097085,-6.631170937740281,-8.120631448475685,-12.761791605062202,10.04599863217549,0.00010863945618559077
ENGINEERING_SAMPLE,depth_20_bid,Q2,500,100,1438,100.0,-10.072877347061075,-10.052692066404129,0.0,-10.05277032321139,-10.052618002253178,-8.120609611283253,-12.761769782851932,10.05207411532664,5.714374377076054e-05
ENGINEERING_SAMPLE,depth_20_bid,Q2,500,1000,1438,100.0,-10.073093836872685,-10.052692066404129,0.0,-10.05277032321139,-10.052618002253178,-8.120643413225256,-12.761803561602942,10.052290714787349,0.0002737432044811672
ENGINEERING_SAMPLE,depth_20_bid,Q2,500,500,1438,100.0,-10.073037188412993,-10.052692066404129,0.0,-10.05277032321139,-10.052618002253178,-8.120631448475685,-12.761791605062202,10.052234037896016,0.00021706631314708424
ENGINEERING_SAMPLE,depth_20_bid,Q2,5000,100,1438,100.0,-10.131811175463177,-10.052702068536417,0.0,-11.054664211587061,-9.314692433056788,-8.120609611283253,-12.761769782851932,10.050019028107952,6.94127605920798e-05
ENGINEERING_SAMPLE,depth_20_bid,Q2,5000,1000,1438,100.0,-10.132081412057042,-10.052702068536417,0.0,-11.054664211587061,-9.314692433056788,-8.120643413225256,-12.761803561602942,10.05028942707976,0.0003398117324006685
ENGINEERING_SAMPLE,depth_20_bid,Q2,5000,500,1438,100.0,-10.132017605733806,-10.052702068536417,0.0,-11.054664211587061,-9.314692433056788,-8.120631448475685,-12.761791605062202,10.050225582363884,0.0002759670165245255
ENGINEERING_SAMPLE,depth_20_bid,Q2,60000,100,1438,99.72183588317107,-10.491469529392573,-10.184327401076878,0.0,-15.998925970969626,-5.467861078450499,-8.120609611283253,-12.761769782851932,10.047949277300804,5.7238226592457854e-05
ENGINEERING_SAMPLE,depth_20_bid,Q2,60000,1000,1438,99.72183588317107,-10.491699311861288,-10.184327401076878,0.0,-15.998925970969626,-5.467861078450499,-8.120643413225256,-12.761803561602942,10.048179338331659,0.00028729925744678435
ENGINEERING_SAMPLE,depth_20_bid,Q2,60000,500,1438,99.72183588317107,-10.491629691428052,-10.184327401076878,0.0,-15.998925970969626,-5.467861078450499,-8.120631448475685,-12.761791605062202,10.048109638907242,0.00021759983303005294
ENGINEERING_SAMPLE,depth_20_bid,Q3,1000,100,1438,100.0,-10.039206109720084,-10.052688177711241,0.0,-10.052772468558274,-10.052615509336029,-8.06977948517291,-12.244037548941591,10.052958880197048,4.0661479549856635e-05
ENGINEERING_SAMPLE,depth_20_bid,Q3,1000,1000,1438,100.0,-10.039400074098861,-10.052688177711241,0.0,-10.052772468558274,-10.052615509336029,-8.069973594862395,-12.244231560847883,10.053152926019914,0.00023470730241488872
ENGINEERING_SAMPLE,depth_20_bid,Q3,1000,500,1438,100.0,-10.039323378697356,-10.052688177711241,0.0,-10.052772468558274,-10.052615509336029,-8.069896840257782,-12.244154846139635,10.053076197782834,0.00015797906533673544
ENGINEERING_SAMPLE,depth_20_bid,Q3,15000,100,1438,98.26147426981919,-9.92664168029788,-10.052615509336029,0.0,-11.68441453112986,-7.943274573015982,-8.06977948517291,-12.244037548941591,10.052846918230818,5.532719302778005e-05
ENGINEERING_SAMPLE,depth_20_bid,Q3,15000,1000,1438,98.26147426981919,-9.926997661308155,-10.052615509336029,0.0,-11.68441453112986,-7.943274573015982,-8.069973594862395,-12.244231560847883,10.053203113587921,0.0004115225501302891
ENGINEERING_SAMPLE,depth_20_bid,Q3,15000,500,1438,98.26147426981919,-9.926879625839348,-10.052615509336029,0.0,-11.68441453112986,-7.943274573015982,-8.069896840257782,-12.244154846139635,10.053085009347132,0.000293418309341365
ENGINEERING_SAMPLE,depth_20_bid,Q3,250,100,1438,100.0,-10.049394986265249,-10.052688177711241,0.0,-10.052757426683275,-10.052619941352061,-8.06977948517291,-12.244037548941591,10.052720159543785,4.0661479549856635e-05
ENGINEERING_SAMPLE,depth_20_bid,Q3,250,1000,1438,100.0,-10.04958894189263,-10.052688177711241,0.0,-10.052757426683275,-10.052619941352061,-8.069973594862395,-12.244231560847883,10.05291420536665,0.00023470730241488872
ENGINEERING_SAMPLE,depth_20_bid,Q3,250,500,1438,100.0,-10.04951224955205,-10.052688177711241,0.0,-10.052757426683275,-10.052619941352061,-8.069896840257782,-12.244154846139635,10.052837477129572,0.00015797906533673544
ENGINEERING_SAMPLE,depth_20_bid,Q3,3000,100,1438,100.0,-10.020559132450204,-10.052688038840333,0.0,-10.685159405616899,-9.315017581224202,-8.06977948517291,-12.244037548941591,10.051694845063638,9.753834413250048e-05
ENGINEERING_SAMPLE,depth_20_bid,Q3,3000,1000,1438,100.0,-10.02100886498837,-10.052688038840333,0.0,-10.685159405616899,-9.315017581224202,-8.069973594862395,-12.244231560847883,10.0521448027041,0.0005474959845953236
ENGINEERING_SAMPLE,depth_20_bid,Q3,3000,500,1438,100.0,-10.020878020809986,-10.052688038840333,0.0,-10.685159405616899,-9.315017581224202,-8.069896840257782,-12.244154846139635,10.052013896194477,0.0004165894749729417
ENGINEERING_SAMPLE,depth_20_bid,Q3,30000,100,1438,97.56606397774686,-10.051769728011928,-9.789183944654194,0.0,-13.111423581615478,-7.420658745707725,-8.06977948517291,-12.244037548941591,10.053927233329775,4.1675842902846645e-05
ENGINEERING_SAMPLE,depth_20_bid,Q3,30000,1000,1438,97.56606397774686,-10.051968543806298,-9.789183944654194,0.0,-13.111423581615478,-7.420658745707725,-8.069973594862395,-12.244231560847883,10.054126119925128,0.00024056243825560226
ENGINEERING_SAMPLE,depth_20_bid,Q3,30000,500,1438,97.56606397774686,-10.05188993085892,-9.789183944654194,0.0,-13.111423581615478,-7.420658745707725,-8.069896840257782,-12.244154846139635,10.054047477583774,0.00016192009690251286
ENGINEERING_SAMPLE,depth_20_bid,Q3,500,100,1438,100.0,-10.044719436182534,-10.052688177711241,0.0,-10.05276076858108,-10.052618002253178,-8.06977948517291,-12.244037548941591,10.053175830318775,5.4365560912265154e-05
ENGINEERING_SAMPLE,depth_20_bid,Q3,500,1000,1438,100.0,-10.044950216054493,-10.052688177711241,0.0,-10.05276076858108,-10.052618002253178,-8.069973594862395,-12.244231560847883,10.053406723231877,0.0002852584740143959
ENGINEERING_SAMPLE,depth_20_bid,Q3,500,500,1438,100.0,-10.044855049073275,-10.052688177711241,0.0,-10.05276076858108,-10.052618002253178,-8.069896840257782,-12.244154846139635,10.053311509445885,0.0001900446880219658
ENGINEERING_SAMPLE,depth_20_bid,Q3,5000,100,1438,100.0,-10.01736688730147,-10.052692066404129,0.0,-10.947483173760546,-9.20948909132508,-8.06977948517291,-12.244037548941591,10.054790161059065,4.0661479549856635e-05
ENGINEERING_SAMPLE,depth_20_bid,Q3,5000,1000,1438,100.0,-10.01757704508892,-10.052692066404129,0.0,-10.947483173760546,-9.20948909132508,-8.069973594862395,-12.244231560847883,10.055000421894835,0.0002509223153199403
ENGINEERING_SAMPLE,depth_20_bid,Q3,5000,500,1438,100.0,-10.017484148197044,-10.052692066404129,0.0,-10.947483173760546,-9.20948909132508,-8.069896840257782,-12.244154846139635,10.054907478644852,0.00015797906533673544
ENGINEERING_SAMPLE,depth_20_bid,Q3,60000,100,1438,93.60222531293464,-10.421556542487156,-10.157990410453658,0.0,-14.846827016051282,-6.262705259055624,-8.06977948517291,-12.244037548941591,10.053011708152438,6.471943047894234e-05
ENGINEERING_SAMPLE,depth_20_bid,Q3,60000,1000,1438,93.60222531293464,-10.421802335690757,-10.157990410453658,0.0,-14.846827016051282,-6.262705259055624,-8.069973594862395,-12.244231560847883,10.053257604393798,0.0003106156718379398
ENGINEERING_SAMPLE,depth_20_bid,Q3,60000,500,1438,93.60222531293464,-10.421702052829044,-10.157990410453658,0.0,-14.846827016051282,-6.262705259055624,-8.069896840257782,-12.244154846139635,10.05315728318685,0.00021029446489176785
ENGINEERING_SAMPLE,depth_20_bid,Q4,1000,100,1438,99.72183588317107,-10.005081134071409,-10.052674016611155,0.0,-10.052760963538498,-9.78921094599901,-8.269425145119623,-11.995755409912913,10.059814336732101,7.109053739755117e-05
ENGINEERING_SAMPLE,depth_20_bid,Q4,1000,1000,1438,99.72183588317107,-10.005332835560443,-10.052674016611155,0.0,-10.052760963538498,-9.78921094599901,-8.269624036294562,-11.995954217396138,10.060066162788864,0.0003229165941602699
ENGINEERING_SAMPLE,depth_20_bid,Q4,1000,500,1438,99.72183588317107,-10.005288157613622,-10.052674016611155,0.0,-10.052760963538498,-9.78921094599901,-8.269586584679063,-11.995916781471776,10.060021462894246,0.00027821669954270184
ENGINEERING_SAMPLE,depth_20_bid,Q4,15000,100,1438,98.95688456189151,-9.899482710914173,-10.052669020393108,0.0,-11.464695711100656,-7.956978528545459,-8.269425145119623,-11.995755409912913,10.066966178762362,9.176424642134227e-05
ENGINEERING_SAMPLE,depth_20_bid,Q4,15000,1000,1438,98.95688456189151,-9.899740741793435,-10.052669020393108,0.0,-11.464695711100656,-7.956978528545459,-8.269624036294562,-11.995954217396138,10.067224326700986,0.0003499121850453427
ENGINEERING_SAMPLE,depth_20_bid,Q4,15000,500,1438,98.95688456189151,-9.899683285545482,-10.052669020393108,0.0,-11.464695711100656,-7.956978528545459,-8.269586584679063,-11.995916781471776,10.067166844732013,0.00029243021607145597
ENGINEERING_SAMPLE,depth_20_bid,Q4,250,100,1438,99.86091794158554,-10.042115698120204,-10.052678458495544,0.0,-10.05274990897411,-10.052619110292182,-8.269425145119623,-11.995755409912913,10.056791997117871,7.099152550702533e-05
ENGINEERING_SAMPLE,depth_20_bid,Q4,250,1000,1438,99.86091794158554,-10.042367049050062,-10.052678458495544,0.0,-10.05274990897411,-10.052619110292182,-8.269624036294562,-11.995954217396138,10.057043472441965,0.00032246684960015806
ENGINEERING_SAMPLE,depth_20_bid,Q4,250,500,1438,99.86091794158554,-10.042322433328794,-10.052678458495544,0.0,-10.05274990897411,-10.052619110292182,-8.269586584679063,-11.995916781471776,10.056998834803467,0.00027782921110322735
ENGINEERING_SAMPLE,depth_20_bid,Q4,3000,100,1438,99.30458970792768,-9.928292631849855,-10.052670963254164,0.0,-10.105465864725124,-9.24629590559901,-8.269425145119623,-11.995755409912913,10.058092884877382,5.758614680994473e-05
ENGINEERING_SAMPLE,depth_20_bid,Q4,3000,1000,1438,99.30458970792768,-9.928492610140697,-10.052670963254164,0.0,-10.105465864725124,-9.24629590559901,-8.269624036294562,-11.995954217396138,10.058292956427579,0.0002576576970054115
ENGINEERING_SAMPLE,depth_20_bid,Q4,3000,500,1438,99.30458970792768,-9.928454953731123,-10.052670963254164,0.0,-10.105465864725124,-9.24629590559901,-8.269586584679063,-11.995916781471776,10.058255282325852,0.00021998359527831054
ENGINEERING_SAMPLE,depth_20_bid,Q4,30000,100,1438,97.8442280945758,-10.088789628406564,-10.052670963254164,0.0,-12.634714438604169,-7.418782742518631,-8.269425145119623,-11.995755409912913,10.07173989369255,5.8445641538451364e-05
ENGINEERING_SAMPLE,depth_20_bid,Q4,30000,1000,1438,97.8442280945758,-10.089085225068137,-10.052670963254164,0.0,-12.634714438604169,-7.433505825329439,-8.269624036294562,-11.995954217396138,10.072035637724035,0.00035418967302240905
ENGINEERING_SAMPLE,depth_20_bid,Q4,30000,500,1438,97.8442280945758,-10.089027250669435,-10.052670963254164,0.0,-12.634714438604169,-7.418782742518631,-8.269586584679063,-11.995916781471776,10.071977632133466,0.0002961840824538527
ENGINEERING_SAMPLE,depth_20_bid,Q4,500,100,1438,99.7913769123783,-10.026054459925929,-10.052677903213905,0.0,-10.05275074415757,-10.052616617270042,-8.269425145119623,-11.995755409912913,10.055437716017366,7.104099695337169e-05
ENGINEERING_SAMPLE,depth_20_bid,Q4,500,1000,1438,99.7913769123783,-10.026305986013227,-10.052677903213905,0.0,-10.05275074415757,-10.052616617270042,-8.269624036294562,-11.995954217396138,10.055689366585588,0.00032269156517479233
ENGINEERING_SAMPLE,depth_20_bid,Q4,500,500,1438,99.7913769123783,-10.026261339200866,-10.052677903213905,0.0,-10.05275074415757,-10.052616617270042,-8.269586584679063,-11.995916781471776,10.055644697840721,0.00027802282030957103
ENGINEERING_SAMPLE,depth_20_bid,Q4,5000,100,1438,99.30458970792768,-9.88264277510091,-10.052670963254164,0.0,-10.526736291634878,-8.789690374278058,-8.269425145119623,-11.995755409912913,10.06618111495573,5.758614680994473e-05
ENGINEERING_SAMPLE,depth_20_bid,Q4,5000,1000,1438,99.30458970792768,-9.882842753391753,-10.052670963254164,0.0,-10.526736291634878,-8.789690374278058,-8.269624036294562,-11.995954217396138,10.066381186505927,0.0002576576970054115
ENGINEERING_SAMPLE,depth_20_bid,Q4,5000,500,1438,99.30458970792768,-9.882805096982178,-10.052670963254164,0.0,-10.526736291634878,-8.789690374278058,-8.269586584679063,-11.995916781471776,10.066343512404199,0.00021998359527831054
ENGINEERING_SAMPLE,depth_20_bid,Q4,60000,100,1438,93.60222531293464,-10.40686315086226,-10.26336314338865,0.0,-15.32602616861876,-6.254409554975202,-8.269425145119623,-11.995755409912913,10.0648076297687,6.109436674933215e-05
ENGINEERING_SAMPLE,depth_20_bid,Q4,60000,1000,1438,93.60222531293464,-10.407172122316801,-10.26336314338865,0.0,-15.32602616861876,-6.254409554975202,-8.269624036294562,-11.995954217396138,10.065116773929272,0.00037023852732289363
ENGINEERING_SAMPLE,depth_20_bid,Q4,60000,500,1438,93.60222531293464,-10.407111519865476,-10.26336314338865,0.0,-15.32602616861876,-6.254409554975202,-8.269586584679063,-11.995916781471776,10.06505613672415,0.0003096013221996593
ENGINEERING_SAMPLE,depth_20_bid,Q5,1000,100,1439,100.0,-10.012671031030223,-10.05268317880655,0.0,-10.052743784993218,-9.789338349588741,-7.742742939276174,-11.819315887307251,10.059065882066719,4.48790204447423e-05
ENGINEERING_SAMPLE,depth_20_bid,Q5,1000,1000,1439,100.0,-10.013174510347689,-10.05268317880655,0.0,-10.052743784993218,-9.807804045317903,-7.743246741406053,-11.819819376847136,10.059569574047673,0.0005485710014001326
ENGINEERING_SAMPLE,depth_20_bid,Q5,1000,500,1439,100.0,-10.012904746750658,-10.05268317880655,0.0,-10.052743784993218,-9.789338349588741,-7.742976809481191,-11.819549598743466,10.059299688393443,0.0002786853471703571
ENGINEERING_SAMPLE,depth_20_bid,Q5,15000,100,1439,99.0271021542738,-9.9095323327408,-9.84199793440688,0.0,-11.63505733478979,-8.104654347780283,-7.742742939276174,-11.819315887307251,10.059682975246044,4.5319937136831004e-05
ENGINEERING_SAMPLE,depth_20_bid,Q5,15000,1000,1439,99.0271021542738,-9.910040698354385,-9.84199793440688,0.0,-11.63505733478979,-8.104654347780283,-7.743246741406053,-11.819819376847136,10.060191615779795,0.0005539604708875726
ENGINEERING_SAMPLE,depth_20_bid,Q5,15000,500,1439,99.0271021542738,-9.909768307744484,-9.84199793440688,0.0,-11.63505733478979,-8.104654347780283,-7.742976809481191,-11.819549598743466,10.059919078617384,0.00028142330847589044
ENGINEERING_SAMPLE,depth_20_bid,Q5,250,100,1439,100.0,-10.037682870963573,-10.05268317880655,0.0,-10.05274211506699,-10.052648767665913,-7.742742939276174,-11.819315887307251,10.057050663827827,4.48790204447423e-05
ENGINEERING_SAMPLE,depth_20_bid,Q5,250,1000,1439,100.0,-10.03819914900366,-10.05268317880655,0.0,-10.05274211506699,-10.052648767665913,-7.743246741406053,-11.819819376847136,10.057567189835096,0.0005614050277136393
ENGINEERING_SAMPLE,depth_20_bid,Q5,250,500,1439,100.0,-10.037916570707106,-10.05268317880655,0.0,-10.05274211506699,-10.052648767665913,-7.742976809481191,-11.819549598743466,10.057284470154553,0.0002786853471703571
ENGINEERING_SAMPLE,depth_20_bid,Q5,3000,100,1439,99.79152189020152,-9.99383428862157,-10.05267373901862,0.0,-10.474658997968499,-9.262645371048569,-7.742742939276174,-11.819315887307251,10.062019401371309,4.4972778844000126e-05
ENGINEERING_SAMPLE,depth_20_bid,Q5,3000,1000,1439,99.79152189020152,-9.994351588060447,-10.05267373901862,0.0,-10.474658997968499,-9.262645371048569,-7.743246741406053,-11.819819376847136,10.06253700151776,0.000562572925295752
ENGINEERING_SAMPLE,depth_20_bid,Q5,3000,500,1439,99.79152189020152,-9.994068436693903,-10.05267373901862,0.0,-10.474658997968499,-9.262645371048569,-7.742976809481191,-11.819549598743466,10.062253696151364,0.0002792675588984289
ENGINEERING_SAMPLE,depth_20_bid,Q5,30000,100,1439,96.73384294649063,-9.882800354438547,-9.947286240406608,0.0,-12.264755001031729,-7.26310024697079,-7.742742939276174,-11.819315887307251,10.056601844750357,6.055002508823574e-05
ENGINEERING_SAMPLE,depth_20_bid,Q5,30000,1000,1439,96.73384294649063,-9.883388167642885,-9.947286240406608,0.0,-12.264755001031729,-7.26310024697079,-7.743246741406053,-11.819819376847136,10.057189992382767,0.0006486976574986111
ENGINEERING_SAMPLE,depth_20_bid,Q5,30000,500,1439,96.73384294649063,-9.883088690080598,-9.947286240406608,0.0,-12.264755001031729,-7.26310024697079,-7.742976809481191,-11.819549598743466,10.05689032531936,0.00034903059409269513
ENGINEERING_SAMPLE,depth_20_bid,Q5,500,100,1439,100.0,-10.025635318855914,-10.05268317880655,0.0,-10.052743784993218,-10.05261866707308,-7.742742939276174,-11.819315887307251,10.054194888991157,4.48790204447423e-05
ENGINEERING_SAMPLE,depth_20_bid,Q5,500,1000,1439,100.0,-10.026151616986837,-10.05268317880655,0.0,-10.052743784993218,-10.05261866707308,-7.743246741406053,-11.819819376847136,10.054711414998426,0.0005614050277136393
ENGINEERING_SAMPLE,depth_20_bid,Q5,500,500,1439,100.0,-10.02586902886091,-10.05268317880655,0.0,-10.052743784993218,-10.05261866707308,-7.742976809481191,-11.819549598743466,10.054428695317883,0.0002786853471703571
ENGINEERING_SAMPLE,depth_20_bid,Q5,5000,100,1439,99.30507296733843,-9.987643805572578,-10.052670963254164,0.0,-10.895623481290555,-8.999098738233528,-7.742742939276174,-11.819315887307251,10.063285534200086,4.519307937017787e-05
ENGINEERING_SAMPLE,depth_20_bid,Q5,5000,1000,1439,99.30507296733843,-9.98815072733418,-10.052670963254164,0.0,-10.895623481290555,-8.999098738233528,-7.743246741406053,-11.819819376847136,10.06379275096747,0.0005524098467563267
ENGINEERING_SAMPLE,depth_20_bid,Q5,5000,500,1439,99.30507296733843,-9.98787910062637,-10.052670963254164,0.0,-10.895623481290555,-8.999098738233528,-7.742976809481191,-11.819549598743466,10.063520976680252,0.00028063555953683966
ENGINEERING_SAMPLE,depth_20_bid,Q5,60000,100,1439,96.73384294649063,-9.459951308576809,-9.420659092825225,0.0,-13.897774522152016,-5.416563443830086,-7.742742939276174,-11.819315887307251,10.062463871449053,4.63943321982645e-05
ENGINEERING_SAMPLE,depth_20_bid,Q5,60000,1000,1439,96.73384294649063,-9.46047168956584,-9.420659092825225,0.0,-13.897774522152016,-5.416563443830086,-7.743246741406053,-11.819819376847136,10.062984570271318,0.0005670931544646486
ENGINEERING_SAMPLE,depth_20_bid,Q5,60000,500,1439,96.73384294649063,-9.460192870914655,-9.420659092825225,0.0,-13.897774522152016,-5.416563443830086,-7.742976809481191,-11.819549598743466,10.062705572098592,0.0002880949817371723
ENGINEERING_SAMPLE,depth_5_ask,Q1,1000,100,1439,100.0,-9.963417960147943,-10.05265431480906,0.0,-10.052739053810193,-9.577956180492878,-8.123807503464434,-11.849834855553375,10.061987454861043,5.43212599251017e-05
ENGINEERING_SAMPLE,depth_5_ask,Q1,1000,1000,1439,100.0,-9.963901463118997,-10.05265431480906,0.0,-10.052739053810193,-9.578445547924606,-8.124238929721447,-11.850266106450766,10.062471190865457,0.000538057264338317
ENGINEERING_SAMPLE,depth_5_ask,Q1,1000,500,1439,100.0,-9.96365320749528,-10.05265431480906,0.0,-10.052739053810193,-9.577956180492878,-8.123997669201268,-11.850024955359176,10.062222816532486,0.00028968293136947024
ENGINEERING_SAMPLE,depth_5_ask,Q1,15000,100,1439,99.58304378040306,-9.830066191045793,-9.842003762191556,0.0,-11.423676505499722,-8.052590560344601,-8.123807503464434,-11.849834855553375,10.070233757220365,6.0780177404255603e-05
ENGINEERING_SAMPLE,depth_5_ask,Q1,15000,1000,1439,99.58304378040306,-9.830535341120527,-9.842003762191556,0.0,-11.423676505499722,-8.052590560344601,-8.124238929721447,-11.850266106450766,10.070703134853161,0.000530157810201095
ENGINEERING_SAMPLE,depth_5_ask,Q1,15000,500,1439,99.58304378040306,-9.830276011181004,-9.842003762191556,0.0,-11.423676505499722,-8.052590560344601,-8.123997669201268,-11.850024955359176,10.070443673985581,0.000270696942621285
ENGINEERING_SAMPLE,depth_5_ask,Q1,250,100,1439,100.0,-10.024457178156842,-10.052667355197707,0.0,-10.052739053810193,-10.052615509336029,-8.123807503464434,-11.849834855553375,10.056674055015133,5.43212599251017e-05
ENGINEERING_SAMPLE,depth_5_ask,Q1,250,1000,1439,100.0,-10.02494067581424,-10.052667355197707,0.0,-10.052739053810193,-10.052615509336029,-8.124238929721447,-11.850266106450766,10.057157791019547,0.000538057264338317
ENGINEERING_SAMPLE,depth_5_ask,Q1,250,500,1439,100.0,-10.024692425311759,-10.052667355197707,0.0,-10.052739053810193,-10.052615509336029,-8.123997669201268,-11.850024955359176,10.056909416686578,0.00028968293136947024
ENGINEERING_SAMPLE,depth_5_ask,Q1,3000,100,1439,100.0,-9.865913573598867,-10.052627699177018,0.0,-10.052775589457106,-9.156789134011051,-8.123807503464434,-11.849834855553375,10.06407568674566,5.43182411729517e-05
ENGINEERING_SAMPLE,depth_5_ask,Q1,3000,1000,1439,100.0,-9.866365332092911,-10.052627699177018,0.0,-10.052775589457106,-9.156789134011051,-8.124238929721447,-11.850266106450766,10.064527656239827,0.0005062877353404289
ENGINEERING_SAMPLE,depth_5_ask,Q1,3000,500,1439,100.0,-9.866121934648348,-10.052627699177018,0.0,-10.052775589457106,-9.156789134011051,-8.123997669201268,-11.850024955359176,10.064284146774519,0.00026277827003142595
ENGINEERING_SAMPLE,depth_5_ask,Q1,30000,100,1439,99.44405837387075,-9.935329007828193,-9.841800368261941,0.0,-12.584118190212372,-7.26310024697079,-8.123807503464434,-11.849834855553375,10.066657230582607,6.695828020868417e-05
ENGINEERING_SAMPLE,depth_5_ask,Q1,30000,1000,1439,99.44405837387075,-9.935869226303423,-9.841800368261941,0.0,-12.584118190212372,-7.26310024697079,-8.124238929721447,-11.850266106450766,10.067197732704575,0.0006074604021748068
ENGINEERING_SAMPLE,depth_5_ask,Q1,30000,500,1439,99.44405837387075,-9.935612423651214,-9.841800368261941,0.0,-12.584118190212372,-7.26310024697079,-8.123997669201268,-11.850024955359176,10.066940770365054,0.0003504980626551803
ENGINEERING_SAMPLE,depth_5_ask,Q1,500,100,1439,100.0,-9.99602042318893,-10.052664025122768,0.0,-10.052739053810193,-9.789338349588741,-8.123807503464434,-11.849834855553375,10.053980117295561,6.801581795091368e-05
ENGINEERING_SAMPLE,depth_5_ask,Q1,500,1000,1439,100.0,-9.9965407248144,-10.052664025122768,0.0,-10.052739053810193,-9.807804045317903,-8.124238929721447,-11.850266106450766,10.054500674784173,0.0005885733065621469
ENGINEERING_SAMPLE,depth_5_ask,Q1,500,500,1439,100.0,-9.996274007388573,-10.052664025122768,0.0,-10.052739053810193,-9.789338349588741,-8.123997669201268,-11.850024955359176,10.054233827748396,0.0003217262707866775
ENGINEERING_SAMPLE,depth_5_ask,Q1,5000,100,1439,99.86101459346769,-9.851988600240352,-10.052618833278055,0.0,-10.789952052268296,-8.840585059265196,-8.123807503464434,-11.849834855553375,10.07376375985336,4.068022272006545e-05
ENGINEERING_SAMPLE,depth_5_ask,Q1,5000,1000,1439,99.86101459346769,-9.85243654417356,-10.052618833278055,0.0,-10.789952052268296,-8.840585059265196,-8.124238929721447,-11.850266106450766,10.074211913581397,0.0004888339507572741
ENGINEERING_SAMPLE,depth_5_ask,Q1,5000,500,1439,99.86101459346769,-9.852178887117532,-10.052618833278055,0.0,-10.789952052268296,-8.840585059265196,-8.123997669201268,-11.850024955359176,10.073954135695464,0.00023105606482523358
ENGINEERING_SAMPLE,depth_5_ask,Q1,60000,100,1439,98.26268241834607,-9.967518201196572,-9.842051201011378,0.0,-14.741303759811391,-6.208889333747755,-8.123807503464434,-11.849834855553375,10.072351685389481,4.1341923655398906e-05
ENGINEERING_SAMPLE,depth_5_ask,Q1,60000,1000,1439,98.26268241834607,-9.968049079039593,-9.842051201011378,0.0,-14.741303759811391,-6.208889333747755,-8.124238929721447,-11.850266106450766,10.072882863313868,0.0005725198480435827
ENGINEERING_SAMPLE,depth_5_ask,Q1,60000,500,1439,98.26268241834607,-9.96778407567622,-9.842051201011378,0.0,-14.741303759811391,-6.208889333747755,-8.123997669201268,-11.850024955359176,10.07261770865025,0.0003073651844251589
ENGINEERING_SAMPLE,depth_5_ask,Q2,1000,100,1438,99.72183588317107,-10.027287002033285,-10.05267373901862,0.0,-10.052766339351706,-9.947324595382272,-7.992478369275731,-11.917125564875864,10.05559110273158,8.555140226013417e-05
ENGINEERING_SAMPLE,depth_5_ask,Q2,1000,1000,1438,99.72183588317107,-10.027719681492966,-10.05267373901862,0.0,-10.052766339351706,-9.947324595382272,-7.992856602476727,-11.917503545057121,10.056023965516891,0.0005184141875715019
ENGINEERING_SAMPLE,depth_5_ask,Q2,1000,500,1438,99.72183588317107,-10.027599932770613,-10.05267373901862,0.0,-10.052766339351706,-9.947324595382272,-7.992744193709326,-11.917391213294316,10.055904166162883,0.0003986148335625588
ENGINEERING_SAMPLE,depth_5_ask,Q2,15000,100,1438,98.74826147426982,-9.881434085276252,-9.894644193572189,0.0,-11.36899054923983,-8.147652605499497,-7.992478369275731,-11.917125564875864,10.059892082396718,8.783986426435501e-05
ENGINEERING_SAMPLE,depth_5_ask,Q2,15000,1000,1438,98.74826147426982,-9.88183743481157,-9.894644193572189,0.0,-11.36899054923983,-8.147652605499497,-7.992856602476727,-11.917503545057121,10.060295653460033,0.0004914109275793157
ENGINEERING_SAMPLE,depth_5_ask,Q2,15000,500,1438,98.74826147426982,-9.8817214511881,-9.894644193572189,0.0,-11.36899054923983,-8.147652605499497,-7.992744193709326,-11.917391213294316,10.0601796026388,0.0003753601063462734
ENGINEERING_SAMPLE,depth_5_ask,Q2,250,100,1438,99.86091794158554,-10.04689078551405,-10.052677070322176,0.0,-10.05276076858108,-10.052618002253178,-7.992478369275731,-11.917125564875864,10.053161152096894,8.543224988929833e-05
ENGINEERING_SAMPLE,depth_5_ask,Q2,250,1000,1438,99.86091794158554,-10.04732283897123,-10.052677070322176,0.0,-10.05276076858108,-10.052618002253178,-7.992856602476727,-11.917503545057121,10.053593412009247,0.0005176921622406223
ENGINEERING_SAMPLE,depth_5_ask,Q2,250,500,1438,99.86091794158554,-10.04720326459724,-10.052677070322176,0.0,-10.05276076858108,-10.052618002253178,-7.992744193709326,-11.917391213294316,10.053473779506705,0.0003980596596996583
ENGINEERING_SAMPLE,depth_5_ask,Q2,3000,100,1438,99.09596662030599,-9.970653229243796,-10.05265431480906,0.0,-10.421212328731043,-9.313874587458747,-7.992478369275731,-11.917125564875864,10.055386253609383,0.00010343411411424706
ENGINEERING_SAMPLE,depth_5_ask,Q2,3000,1000,1438,99.09596662030599,-9.971218663742542,-10.05265431480906,0.0,-10.421212328731043,-9.313874587458747,-7.992856602476727,-11.917503545057121,10.055952043032178,0.0006692235369102563
ENGINEERING_SAMPLE,depth_5_ask,Q2,3000,500,1438,99.09596662030599,-9.971060311663315,-10.05265431480906,0.0,-10.421212328731043,-9.313874587458747,-7.992744193709326,-11.917391213294316,10.055793587096222,0.0005107676009528699
ENGINEERING_SAMPLE,depth_5_ask,Q2,30000,100,1438,98.33101529902642,-9.957192640456892,-9.815548264449292,0.0,-12.423937283515835,-7.469620253164557,-7.992478369275731,-11.917125564875864,10.0599037084004,7.427554201837296e-05
ENGINEERING_SAMPLE,depth_5_ask,Q2,30000,1000,1438,98.33101529902642,-9.957668884853915,-9.815548264449292,0.0,-12.423937283515835,-7.469620253164557,-7.992856602476727,-11.917503545057121,10.060380212413632,0.0005507795552496927
ENGINEERING_SAMPLE,depth_5_ask,Q2,30000,500,1438,98.33101529902642,-9.95753507849403,-9.815548264449292,0.0,-12.423937283515835,-7.469620253164557,-7.992744193709326,-11.917391213294316,10.060246331946908,0.0004168990885269009
ENGINEERING_SAMPLE,depth_5_ask,Q2,500,100,1438,99.7913769123783,-10.038977276411423,-10.052674849406321,0.0,-10.05276076858108,-10.052615509336029,-7.992478369275731,-11.917125564875864,10.052197748636111,7.318858286688458e-05
ENGINEERING_SAMPLE,depth_5_ask,Q2,500,1000,1438,99.7913769123783,-10.039355767522705,-10.052674849406321,0.0,-10.05276076858108,-10.052615509336029,-7.992856602476727,-11.917503545057121,10.052576401595058,0.00045184154181481786
ENGINEERING_SAMPLE,depth_5_ask,Q2,500,500,1438,99.7913769123783,-10.039243279192979,-10.052674849406321,0.0,-10.05276076858108,-10.052615509336029,-7.992744193709326,-11.917391213294316,10.052463863803224,0.0003393037499804144
ENGINEERING_SAMPLE,depth_5_ask,Q2,5000,100,1438,98.74826147426982,-9.941301718841013,-10.052638231313296,0.0,-10.79093556631896,-9.051292732958231,-7.992478369275731,-11.917125564875864,10.06055309299311,8.639486678945944e-05
ENGINEERING_SAMPLE,depth_5_ask,Q2,5000,1000,1438,98.74826147426982,-9.941738578871236,-10.052638231313296,0.0,-10.79093556631896,-9.051292732958231,-7.992856602476727,-11.917503545057121,10.060990223439687,0.0005235253133644603
ENGINEERING_SAMPLE,depth_5_ask,Q2,5000,500,1438,98.74826147426982,-9.941617678268825,-10.052638231313296,0.0,-10.79093556631896,-9.051292732958231,-7.992744193709326,-11.917391213294316,10.060869242965286,0.0004025448389638798
ENGINEERING_SAMPLE,depth_5_ask,Q2,60000,100,1438,96.03616133518776,-9.966541915777656,-10.0,0.0,-13.85212580050789,-6.262705259055624,-7.992478369275731,-11.917125564875864,10.057125383128932,9.678983508033448e-05
ENGINEERING_SAMPLE,depth_5_ask,Q2,60000,1000,1438,96.03616133518776,-9.966972757071057,-10.0,0.0,-13.85212580050789,-6.262705259055624,-7.992856602476727,-11.917503545057121,10.057556451516826,0.0005278582229728606
ENGINEERING_SAMPLE,depth_5_ask,Q2,60000,500,1438,96.03616133518776,-9.966838013161249,-10.0,0.0,-13.85212580050789,-6.262705259055624,-7.992744193709326,-11.917391213294316,10.057421629742088,0.0003930364482346044
ENGINEERING_SAMPLE,depth_5_ask,Q3,1000,100,1438,100.0,-10.063706504100528,-10.05268567814032,0.0,-10.052773304469495,-10.052618002253178,-8.310821550880712,-12.314322958701826,10.053212718708485,5.674165389436767e-05
ENGINEERING_SAMPLE,depth_5_ask,Q3,1000,1000,1438,100.0,-10.063827527380957,-10.05268567814032,0.0,-10.052773304469495,-10.052618002253178,-8.310942671406227,-12.314443990137615,10.053333788711859,0.00017781165726854373
ENGINEERING_SAMPLE,depth_5_ask,Q3,1000,500,1438,100.0,-10.063785055825718,-10.05268567814032,0.0,-10.052773304469495,-10.052618002253178,-8.310900165734894,-12.314401515724137,10.053291300467478,0.0001353234128884212
ENGINEERING_SAMPLE,depth_5_ask,Q3,15000,100,1438,99.58275382475661,-9.991646185140038,-10.052632826637414,0.0,-11.738077672972546,-8.050876490244237,-8.310821550880712,-12.314322958701826,10.046476395101106,5.697939825426027e-05
ENGINEERING_SAMPLE,depth_5_ask,Q3,15000,1000,1438,99.58275382475661,-9.991767709428352,-10.052632826637414,0.0,-11.738077672972546,-8.050876490244237,-8.310942671406227,-12.314443990137615,10.046597972381031,0.0001785566781788868
ENGINEERING_SAMPLE,depth_5_ask,Q3,15000,500,1438,99.58275382475661,-9.991725062082878,-10.052632826637414,0.0,-11.738077672972546,-8.050876490244237,-8.310900165734894,-12.314401515724137,10.04655530611328,0.00013589041042845647
ENGINEERING_SAMPLE,depth_5_ask,Q3,250,100,1438,100.0,-10.05634331565727,-10.05268567814032,0.0,-10.05276076858108,-10.052637954097808,-8.310821550880712,-12.314322958701826,10.052554915591875,5.674165389436767e-05
ENGINEERING_SAMPLE,depth_5_ask,Q3,250,1000,1438,100.0,-10.056464326976846,-10.05268567814032,0.0,-10.05276076858108,-10.052637954097808,-8.310942671406227,-12.314443990137615,10.052675985595249,0.00017781165726854373
ENGINEERING_SAMPLE,depth_5_ask,Q3,250,500,1438,100.0,-10.056421859618572,-10.05268567814032,0.0,-10.05276076858108,-10.052637954097808,-8.310900165734894,-12.314401515724137,10.052633497350868,0.0001353234128884212
ENGINEERING_SAMPLE,depth_5_ask,Q3,3000,100,1438,100.0,-10.07171691907593,-10.052683734193563,0.0,-10.700773821084171,-9.367875156133888,-8.310821550880712,-12.314322958701826,10.049581732566208,5.674165389436767e-05
ENGINEERING_SAMPLE,depth_5_ask,Q3,3000,1000,1438,100.0,-10.071837952489556,-10.052683734193563,0.0,-10.700773821084171,-9.367875156133888,-8.310942671406227,-12.314443990137615,10.049702802569584,0.00017781165726854373
ENGINEERING_SAMPLE,depth_5_ask,Q3,3000,500,1438,100.0,-10.071795477390088,-10.052683734193563,0.0,-10.700773821084171,-9.367875156133888,-8.310900165734894,-12.314401515724137,10.049660314325203,0.0001353234128884212
ENGINEERING_SAMPLE,depth_5_ask,Q3,30000,100,1438,99.51321279554938,-10.321937740614914,-10.421616548291334,0.0,-13.002339834630607,-7.682172258588158,-8.310821550880712,-12.314322958701826,10.056408143689545,7.703319856278567e-05
ENGINEERING_SAMPLE,depth_5_ask,Q3,30000,1000,1438,99.51321279554938,-10.322108541088506,-10.421616548291334,0.0,-13.002339834630607,-7.682172258588158,-8.310942671406227,-12.314443990137615,10.056579006892301,0.0002478964013191272
ENGINEERING_SAMPLE,depth_5_ask,Q3,30000,500,1438,99.51321279554938,-10.322035708389413,-10.421616548291334,0.0,-13.002339834630607,-7.682172258588158,-8.310900165734894,-12.314401515724137,10.056506145558222,0.00017503506724099782
ENGINEERING_SAMPLE,depth_5_ask,Q3,500,100,1438,100.0,-10.0557193591005,-10.05268567814032,0.0,-10.052772468558274,-10.052619941352061,-8.310821550880712,-12.314322958701826,10.052113930154515,5.674165389436767e-05
ENGINEERING_SAMPLE,depth_5_ask,Q3,500,1000,1438,100.0,-10.05584037362953,-10.05268567814032,0.0,-10.052772468558274,-10.052619941352061,-8.310942671406227,-12.314443990137615,10.05223500015789,0.00017781165726854373
ENGINEERING_SAMPLE,depth_5_ask,Q3,500,500,1438,100.0,-10.05579790513522,-10.05268567814032,0.0,-10.052772468558274,-10.052619941352061,-8.310900165734894,-12.314401515724137,10.05219251191351,0.0001353234128884212
ENGINEERING_SAMPLE,depth_5_ask,Q3,5000,100,1438,100.0,-10.047060089056238,-10.052680541010227,0.0,-11.001909856866252,-9.102922021005146,-8.310821550880712,-12.314322958701826,10.046850532276766,8.620479450551001e-05
ENGINEERING_SAMPLE,depth_5_ask,Q3,5000,1000,1438,100.0,-10.04736379603958,-10.052680541010227,0.0,-11.001909856866252,-9.102922021005146,-8.310942671406227,-12.314443990137615,10.047154413776243,0.0003900862939812361
ENGINEERING_SAMPLE,depth_5_ask,Q3,5000,500,1438,100.0,-10.047276636723357,-10.052680541010227,0.0,-11.001909856866252,-9.102922021005146,-8.310900165734894,-12.314401515724137,10.047067205102477,0.0003028776202152257
ENGINEERING_SAMPLE,depth_5_ask,Q3,60000,100,1438,99.51321279554938,-10.50637599321219,-10.947488163639331,0.0,-14.425783597431762,-6.570767265587062,-8.310821550880712,-12.314322958701826,10.051369733878976,5.701921614262803e-05
ENGINEERING_SAMPLE,depth_5_ask,Q3,60000,1000,1438,99.51321279554938,-10.506497577025883,-10.947488163639331,0.0,-14.425783597431762,-6.570767265587062,-8.310942671406227,-12.314443990137615,10.051491396118566,0.00017868145573177212
ENGINEERING_SAMPLE,depth_5_ask,Q3,60000,500,1438,99.51321279554938,-10.50645490876851,-10.947488163639331,0.0,-14.425783597431762,-6.570767265587062,-8.310900165734894,-12.314401515724137,10.051448700035115,0.00013598537228060774
ENGINEERING_SAMPLE,depth_5_ask,Q4,1000,100,1439,100.0,-10.10320913393855,-10.052697622675531,0.0,-10.105328605225859,-10.052642667158244,-8.39552614104336,-12.811760394923228,10.052996176959283,1.9900784946138283e-05
ENGINEERING_SAMPLE,depth_5_ask,Q4,1000,1000,1439,100.0,-10.103245207439855,-10.052697622675531,0.0,-10.105328605225859,-10.052642667158244,-8.39552614104336,-12.811760394923228,10.053032270311169,5.599413683219738e-05
ENGINEERING_SAMPLE,depth_5_ask,Q4,1000,500,1439,100.0,-10.103228051369648,-10.052697622675531,0.0,-10.105328605225859,-10.052642667158244,-8.39552614104336,-12.811760394923228,10.053015104800291,3.882862595597231e-05
ENGINEERING_SAMPLE,depth_5_ask,Q4,15000,100,1439,98.19318971507991,-10.375725385038438,-10.052711240494046,0.0,-12.583627433913094,-8.417477675272858,-8.39552614104336,-12.811760394923228,10.046526066206754,1.394629593457846e-05
ENGINEERING_SAMPLE,depth_5_ask,Q4,15000,1000,1439,98.19318971507991,-10.37579176198212,-10.052711240494046,0.0,-12.583627433913094,-8.417477675272858,-8.39552614104336,-12.811760394923228,10.046592486741542,8.036683072291165e-05
ENGINEERING_SAMPLE,depth_5_ask,Q4,15000,500,1439,98.19318971507991,-10.375771439626456,-10.052711240494046,0.0,-12.583627433913094,-8.417477675272858,-8.39552614104336,-12.811760394923228,10.046572150513175,6.003060235495753e-05
ENGINEERING_SAMPLE,depth_5_ask,Q4,250,100,1439,100.0,-10.06748586749042,-10.052692066404129,0.0,-10.05275074415757,-10.052642944423377,-8.39552614104336,-12.811760394923228,10.051236936106262,-9.30491883759005e-25
ENGINEERING_SAMPLE,depth_5_ask,Q4,250,1000,1439,100.0,-10.06748586749042,-10.052692066404129,0.0,-10.05275074415757,-10.052642944423377,-8.39552614104336,-12.811760394923228,10.051236936106262,-9.30491883759005e-25
ENGINEERING_SAMPLE,depth_5_ask,Q4,250,500,1439,100.0,-10.06748586749042,-10.052692066404129,0.0,-10.05275074415757,-10.052642944423377,-8.39552614104336,-12.811760394923228,10.051236936106262,0.0
ENGINEERING_SAMPLE,depth_5_ask,Q4,3000,100,1439,100.0,-10.15678182920028,-10.05269928978546,0.0,-10.894680307713369,-10.052618002253178,-8.39552614104336,-12.811760394923228,10.048689034441947,1.9900784946138283e-05
ENGINEERING_SAMPLE,depth_5_ask,Q4,3000,1000,1439,100.0,-10.156817902701581,-10.05269928978546,0.0,-10.894680307713369,-10.052618002253178,-8.39552614104336,-12.811760394923228,10.048725127793833,5.599413683219738e-05
ENGINEERING_SAMPLE,depth_5_ask,Q4,3000,500,1439,100.0,-10.156800746631374,-10.05269928978546,0.0,-10.894680307713369,-10.052618002253178,-8.39552614104336,-12.811760394923228,10.048707962282956,3.882862595597231e-05
ENGINEERING_SAMPLE,depth_5_ask,Q4,30000,100,1439,96.94232105628909,-10.577158383548623,-10.36869674277915,0.0,-13.741452304253155,-7.522571696779842,-8.39552614104336,-12.811760394923228,10.049465821274538,3.033181299486809e-05
ENGINEERING_SAMPLE,depth_5_ask,Q4,30000,1000,1439,96.94232105628909,-10.577346640168921,-10.36869674277915,0.0,-13.741452304253155,-7.522571696779842,-8.39552614104336,-12.811760394923228,10.049654285429735,0.0002187959681937132
ENGINEERING_SAMPLE,depth_5_ask,Q4,30000,500,1439,96.94232105628909,-10.57730057014709,-10.36869674277915,0.0,-13.741452304253155,-7.522571696779842,-8.39552614104336,-12.811760394923228,10.049608164620118,0.00017267515857397948
ENGINEERING_SAMPLE,depth_5_ask,Q4,500,100,1439,100.0,-10.08666868746823,-10.05269651132751,0.0,-10.052757426683275,-10.052642944423377,-8.39552614104336,-12.811760394923228,10.059162818219852,2.94511775099504e-05
ENGINEERING_SAMPLE,depth_5_ask,Q4,500,1000,1439,100.0,-10.086851272934027,-10.05269651132751,0.0,-10.052757426683275,-10.052642944423377,-8.39552614104336,-12.811760394923228,10.059345498881756,0.00021213183941478717
ENGINEERING_SAMPLE,depth_5_ask,Q4,500,500,1439,100.0,-10.08680661158562,-10.05269651132751,0.0,-10.052757426683275,-10.052642944423377,-8.39552614104336,-12.811760394923228,10.059300814247893,0.00016744720554968658
ENGINEERING_SAMPLE,depth_5_ask,Q4,5000,100,1439,100.0,-10.216215143923508,-10.052711240494046,0.0,-11.159873616026923,-9.367695203150452,-8.39552614104336,-12.811760394923228,10.053305943139904,-9.48685109920996e-25
ENGINEERING_SAMPLE,depth_5_ask,Q4,5000,1000,1439,100.0,-10.216215143923508,-10.052711240494046,0.0,-11.159873616026923,-9.367695203150452,-8.39552614104336,-12.811760394923228,10.053305943139904,-9.48685109920996e-25
ENGINEERING_SAMPLE,depth_5_ask,Q4,5000,500,1439,100.0,-10.216215143923508,-10.052711240494046,0.0,-11.159873616026923,-9.367695203150452,-8.39552614104336,-12.811760394923228,10.053305943139904,0.0
ENGINEERING_SAMPLE,depth_5_ask,Q4,60000,100,1439,96.80333564975678,-11.02657954441774,-10.84267768316331,0.0,-16.11789164859403,-6.307291996537674,-8.39552614104336,-12.811760394923228,10.045484457987419,3.0356897220423203e-05
ENGINEERING_SAMPLE,depth_5_ask,Q4,60000,1000,1439,96.80333564975678,-11.026768037777465,-10.84267768316331,0.0,-16.11789164859403,-6.307291996537674,-8.39552614104336,-12.811760394923228,10.045673200959579,0.000219099869380957
ENGINEERING_SAMPLE,depth_5_ask,Q4,60000,500,1439,96.80333564975678,-11.026721901610566,-10.84267768316331,0.0,-16.11789164859403,-6.307291996537674,-8.39552614104336,-12.811760394923228,10.045627003696834,0.00017290260663717713
ENGINEERING_SAMPLE,depth_5_ask,Q5,1000,100,1438,100.0,-10.12503633743922,-10.052702624321773,0.0,-10.369308243799459,-10.052619692034098,-7.952093132292776,-12.960898809427865,10.044615032597646,-1.598334476888333e-24
ENGINEERING_SAMPLE,depth_5_ask,Q5,1000,1000,1438,100.0,-10.125126983147645,-10.052702624321773,0.0,-10.369308243799459,-10.052619692034098,-7.9523518237729975,-12.960959886178689,10.04470573010891,9.069751126530123e-05
ENGINEERING_SAMPLE,depth_5_ask,Q5,1000,500,1438,100.0,-10.12510766045868,-10.052702624321773,0.0,-10.369308243799459,-10.052619692034098,-7.952242505943017,-12.960945432345708,10.044686396377282,7.13637796359846e-05
ENGINEERING_SAMPLE,depth_5_ask,Q5,15000,100,1438,99.65229485396384,-10.503617138726133,-10.421212328731043,0.0,-13.003922871288696,-7.999167658803326,-7.952093132292776,-12.960898809427865,10.038516108332418,-1.3943071148614933e-24
ENGINEERING_SAMPLE,depth_5_ask,Q5,15000,1000,1438,99.65229485396384,-10.503708064643483,-10.421212328731043,0.0,-13.003922871288696,-7.999167658803326,-7.9523518237729975,-12.960959886178689,10.038607115960227,9.100762780880277e-05
ENGINEERING_SAMPLE,depth_5_ask,Q5,15000,500,1438,99.65229485396384,-10.503688674534095,-10.421212328731043,0.0,-13.003922871288696,-7.999167658803326,-7.952242505943017,-12.960945432345708,10.03858770842594,7.16000935223784e-05
ENGINEERING_SAMPLE,depth_5_ask,Q5,250,100,1438,100.0,-10.071504426204283,-10.05269845621731,0.0,-10.052758151269785,-10.052619941352061,-7.952093132292776,-12.960898809427865,10.048814009487822,1.9914712009438566e-05
ENGINEERING_SAMPLE,depth_5_ask,Q5,250,1000,1438,100.0,-10.071644006985146,-10.05269845621731,0.0,-10.052758151269785,-10.052619941352061,-7.9523518237729975,-12.960959886178689,10.048953668404454,0.00015957362863903795
ENGINEERING_SAMPLE,depth_5_ask,Q5,250,500,1438,100.0,-10.071594680002784,-10.05269845621731,0.0,-10.052758151269785,-10.052619941352061,-7.952242505943017,-12.960945432345708,10.048904314364062,0.00011021958824806721
ENGINEERING_SAMPLE,depth_5_ask,Q5,3000,100,1438,100.0,-10.247142859536092,-10.052707071026667,0.0,-10.96379599967787,-10.052616063297203,-7.952093132292776,-12.960898809427865,10.041588589749834,1.3709642609092976e-05
ENGINEERING_SAMPLE,depth_5_ask,Q5,3000,1000,1438,100.0,-10.247298724908891,-10.052707071026667,0.0,-10.96379599967787,-10.052616063297203,-7.9523518237729975,-12.960959886178689,10.041744563754465,0.00016968364723893593
ENGINEERING_SAMPLE,depth_5_ask,Q5,3000,500,1438,100.0,-10.247259412220078,-10.052707071026667,0.0,-10.96379599967787,-10.052616063297203,-7.952242505943017,-12.960945432345708,10.041705224270256,0.0001303441630316478
ENGINEERING_SAMPLE,depth_5_ask,Q5,30000,100,1438,97.35744089012518,-10.162008455095522,-10.631429323506186,0.0,-13.792129502771747,-5.883204047039441,-7.952093132292776,-12.960898809427865,10.034527843885146,-1.487313493425274e-24
ENGINEERING_SAMPLE,depth_5_ask,Q5,30000,1000,1438,97.35744089012518,-10.162025091866024,-10.631429323506186,0.0,-13.792129502771747,-5.883204047039441,-7.9523518237729975,-12.960959886178689,10.034544489109692,1.6645224545902902e-05
ENGINEERING_SAMPLE,depth_5_ask,Q5,30000,500,1438,97.35744089012518,-10.162008455095522,-10.631429323506186,0.0,-13.792129502771747,-5.883204047039441,-7.952242505943017,-12.960945432345708,10.034527843885146,0.0
ENGINEERING_SAMPLE,depth_5_ask,Q5,500,100,1438,100.0,-10.095625172022546,-10.052700401250679,0.0,-10.052779435294367,-10.052619941352061,-7.952093132292776,-12.960898809427865,10.052900949389864,-1.6093316046381577e-24
ENGINEERING_SAMPLE,depth_5_ask,Q5,500,1000,1438,100.0,-10.095638008315227,-10.052700401250679,0.0,-10.052779435294367,-10.052619941352061,-7.9523518237729975,-12.960959886178689,10.052913792341093,1.2842951227493776e-05
ENGINEERING_SAMPLE,depth_5_ask,Q5,500,500,1438,100.0,-10.095625172022546,-10.052700401250679,0.0,-10.052779435294367,-10.052619941352061,-7.952242505943017,-12.960945432345708,10.052900949389864,0.0
ENGINEERING_SAMPLE,depth_5_ask,Q5,5000,100,1438,100.0,-10.301847491691111,-10.05271930333511,0.0,-11.529134024425629,-9.841878786919999,-7.952093132292776,-12.960898809427865,10.041281104427942,-1.605632896766435e-24
ENGINEERING_SAMPLE,depth_5_ask,Q5,5000,1000,1438,100.0,-10.301847491691111,-10.05271930333511,0.0,-11.529134024425629,-9.841878786919999,-7.9523518237729975,-12.960959886178689,10.041281104427942,-1.605632896766435e-24
ENGINEERING_SAMPLE,depth_5_ask,Q5,5000,500,1438,100.0,-10.301847491691111,-10.05271930333511,0.0,-11.529134024425629,-9.841878786919999,-7.952242505943017,-12.960945432345708,10.041281104427942,0.0
ENGINEERING_SAMPLE,depth_5_ask,Q5,60000,100,1438,92.62865090403338,-10.452274766070607,-10.84317529947697,0.0,-16.577388786522768,-4.616497599974653,-7.952093132292776,-12.960898809427865,10.04088508397474,-1.2979233204989724e-24
ENGINEERING_SAMPLE,depth_5_ask,Q5,60000,1000,1438,92.62865090403338,-10.452288565502299,-10.84317529947697,0.0,-16.577388786522768,-4.616497599974653,-7.9523518237729975,-12.960959886178689,10.040898894790057,1.3810815319051054e-05
ENGINEERING_SAMPLE,depth_5_ask,Q5,60000,500,1438,92.62865090403338,-10.452274766070607,-10.84317529947697,0.0,-16.577388786522768,-4.616497599974653,-7.952242505943017,-12.960945432345708,10.04088508397474,0.0
ENGINEERING_SAMPLE,depth_5_bid,Q1,1000,100,1440,100.0,-10.1456233928329,-10.052694149868959,0.0,-10.526740166111557,-10.052622157640084,-8.536952595442742,-13.136616941389047,10.043519315999484,4.7520617113213916e-05
ENGINEERING_SAMPLE,depth_5_bid,Q1,1000,1000,1440,100.0,-10.14578369155575,-10.052694149868959,0.0,-10.526740166111557,-10.052622157640084,-8.537244682624102,-13.136657954487974,10.043679700656835,0.00020790527446324644
ENGINEERING_SAMPLE,depth_5_bid,Q1,1000,500,1440,100.0,-10.145735312099886,-10.052694149868959,0.0,-10.526740166111557,-10.052622157640084,-8.537123568492577,-13.13663873329069,10.043631295616667,0.0001595002342963182
ENGINEERING_SAMPLE,depth_5_bid,Q1,15000,100,1440,99.65277777777777,-10.533292834388794,-10.526856781403195,0.0,-13.003922871288696,-8.756521366956875,-8.536952595442742,-13.136616941389047,10.03536516243714,4.1462421784734774e-05
ENGINEERING_SAMPLE,depth_5_bid,Q1,15000,1000,1440,99.65277777777777,-10.533379196422043,-10.526856781403195,0.0,-13.003922871288696,-8.756521366956875,-8.537244682624102,-13.136657954487974,10.035451582070998,0.00012788205564356306
ENGINEERING_SAMPLE,depth_5_bid,Q1,15000,500,1440,99.65277777777777,-10.53336004385121,-10.526856781403195,0.0,-13.003922871288696,-8.756521366956875,-8.537123568492577,-13.13663873329069,10.035432416440893,0.00010871642553802312
ENGINEERING_SAMPLE,depth_5_bid,Q1,250,100,1440,100.0,-10.080980301428998,-10.052683734193563,0.0,-10.05276076858108,-10.052622157640084,-8.536952595442742,-13.136616941389047,10.044288024513769,4.752070484382479e-05
ENGINEERING_SAMPLE,depth_5_bid,Q1,250,1000,1440,100.0,-10.081140597139152,-10.052683734193563,0.0,-10.05276076858108,-10.052622157640084,-8.537244682624102,-13.136657954487974,10.044448409173677,0.00020790536475266683
ENGINEERING_SAMPLE,depth_5_bid,Q1,250,500,1440,100.0,-10.081092218817751,-10.052683734193563,0.0,-10.05276076858108,-10.052622157640084,-8.537123568492577,-13.13663873329069,10.0444000042238,0.00015950041487515889
ENGINEERING_SAMPLE,depth_5_bid,Q1,3000,100,1440,100.0,-10.240540906744684,-10.05271318647125,0.0,-11.001666763367073,-10.052616063297203,-8.536952595442742,-13.136616941389047,10.035904377894393,4.7520617113213916e-05
ENGINEERING_SAMPLE,depth_5_bid,Q1,3000,1000,1440,100.0,-10.240610685655925,-10.05271318647125,0.0,-11.001666763367073,-10.052616063297203,-8.537244682624102,-13.136657954487974,10.035974191009245,0.00011733373196359146
ENGINEERING_SAMPLE,depth_5_bid,Q1,3000,500,1440,100.0,-10.240581602051959,-10.05271318647125,0.0,-11.001666763367073,-10.052616063297203,-8.537123568492577,-13.13663873329069,10.035945092848301,8.823557102093912e-05
ENGINEERING_SAMPLE,depth_5_bid,Q1,30000,100,1440,99.16666666666667,-10.705678725144146,-10.790981465947041,0.0,-14.056571393743834,-7.682172258588158,-8.536952595442742,-13.136616941389047,10.033765455926027,5.7496735457546236e-05
ENGINEERING_SAMPLE,depth_5_bid,Q1,30000,1000,1440,99.16666666666667,-10.705896642154181,-10.790981465947041,0.0,-14.056571393743834,-7.682172258588158,-8.537244682624102,-13.136657954487974,10.033983593214908,0.0002756340243391244
ENGINEERING_SAMPLE,depth_5_bid,Q1,30000,500,1440,99.16666666666667,-10.705839598076961,-10.790981465947041,0.0,-14.056571393743834,-7.682172258588158,-8.537123568492577,-13.13663873329069,10.033926493277216,0.00021853408664580502
ENGINEERING_SAMPLE,depth_5_bid,Q1,500,100,1440,100.0,-10.108978437647934,-10.05268567814032,0.0,-10.105220716414802,-10.052622157640084,-8.536952595442742,-13.136616941389047,10.051234647758243,5.706437745996782e-05
ENGINEERING_SAMPLE,depth_5_bid,Q1,500,1000,1440,100.0,-10.10919462677925,-10.05268567814032,0.0,-10.105220716414802,-10.052622157640084,-8.537244682624102,-13.136657954487974,10.05145094638637,0.00027336300558605445
ENGINEERING_SAMPLE,depth_5_bid,Q1,500,500,1440,100.0,-10.109138056997974,-10.05268567814032,0.0,-10.105220716414802,-10.052622157640084,-8.537123568492577,-13.13663873329069,10.05139434821294,0.00021676483215660218
ENGINEERING_SAMPLE,depth_5_bid,Q1,5000,100,1440,100.0,-10.291695426971161,-10.052717635011525,0.0,-11.319165448027917,-9.367695203150452,-8.536952595442742,-13.136616941389047,10.035850777882848,2.7633652156621557e-05
ENGINEERING_SAMPLE,depth_5_bid,Q1,5000,1000,1440,100.0,-10.291729153871035,-10.052717635011525,0.0,-11.319165448027917,-9.367695203150452,-8.537244682624102,-13.136657954487974,10.03588452271064,6.137847994863866e-05
ENGINEERING_SAMPLE,depth_5_bid,Q1,5000,500,1440,100.0,-10.291717215683851,-10.052717635011525,0.0,-11.319165448027917,-9.367695203150452,-8.537123568492577,-13.13663873329069,10.03587257814008,4.943390938854735e-05
ENGINEERING_SAMPLE,depth_5_bid,Q1,60000,100,1440,99.16666666666667,-11.373711025863123,-11.89393899518383,0.0,-16.056873511371542,-6.401845031096403,-8.536952595442742,-13.136616941389047,10.039044178260166,5.7478723342846335e-05
ENGINEERING_SAMPLE,depth_5_bid,Q1,60000,1000,1440,99.16666666666667,-11.373928902065591,-11.89393899518383,0.0,-16.056873511371542,-6.401845031096403,-8.537244682624102,-13.136657954487974,10.039262323576862,0.000275624040037614
ENGINEERING_SAMPLE,depth_5_bid,Q1,60000,500,1440,99.16666666666667,-11.373871860848332,-11.89393899518383,0.0,-16.056873511371542,-6.401845031096403,-8.537123568492577,-13.13663873329069,10.039205213654867,0.00021851411804278426
ENGINEERING_SAMPLE,depth_5_bid,Q2,1000,100,1438,100.0,-10.093782179305286,-10.052674016611155,0.0,-10.052772468558274,-10.052627699177018,-8.506940346102967,-12.507789357314238,10.04842594821926,1.2277534372081382e-05
ENGINEERING_SAMPLE,depth_5_bid,Q2,1000,1000,1438,100.0,-10.093835945149642,-10.052674016611155,0.0,-10.052772468558274,-10.052627699177018,-8.506940346102967,-12.507843142675279,10.048479743934173,6.60732492860014e-05
ENGINEERING_SAMPLE,depth_5_bid,Q2,1000,500,1438,100.0,-10.093828786023844,-10.052674016611155,0.0,-10.052772468558274,-10.052627699177018,-8.506940346102967,-12.50783598023208,10.048472580830998,5.89101461104413e-05
ENGINEERING_SAMPLE,depth_5_bid,Q2,15000,100,1438,99.65229485396384,-10.332497041689429,-10.052670963254164,0.0,-12.583627433913094,-7.999167658803326,-8.506940346102967,-12.507789357314238,10.043730939193036,-1.0369573074146426e-24
ENGINEERING_SAMPLE,depth_5_bid,Q2,15000,1000,1438,99.65229485396384,-10.332497041689429,-10.052670963254164,0.0,-12.583627433913094,-7.999167658803326,-8.506940346102967,-12.507843142675279,10.043730939193036,-1.0369573074146426e-24
ENGINEERING_SAMPLE,depth_5_bid,Q2,15000,500,1438,99.65229485396384,-10.332497041689429,-10.052670963254164,0.0,-12.583627433913094,-7.999167658803326,-8.506940346102967,-12.50783598023208,10.043730939193036,0.0
ENGINEERING_SAMPLE,depth_5_bid,Q2,250,100,1438,100.0,-10.05888891966079,-10.052673600223812,0.0,-10.05275074415757,-10.052627699177018,-8.506940346102967,-12.507789357314238,10.050370345733782,1.2277534372081382e-05
ENGINEERING_SAMPLE,depth_5_bid,Q2,250,1000,1438,100.0,-10.058955521797827,-10.052673600223812,0.0,-10.05275074415757,-10.052627699177018,-8.506940346102967,-12.507843142675279,10.050436984399923,7.891620051349519e-05
ENGINEERING_SAMPLE,depth_5_bid,Q2,250,500,1438,100.0,-10.058935526379347,-10.052673600223812,0.0,-10.05275074415757,-10.052627699177018,-8.506940346102967,-12.50783598023208,10.05041697834552,5.89101461104413e-05
ENGINEERING_SAMPLE,depth_5_bid,Q2,3000,100,1438,100.0,-10.16193458110151,-10.052674016611155,0.0,-10.790923046893546,-10.0,-8.506940346102967,-12.507789357314238,10.047169822969474,-1.1139093567138297e-24
ENGINEERING_SAMPLE,depth_5_bid,Q2,3000,1000,1438,100.0,-10.162038028694118,-10.052674016611155,0.0,-10.790923046893546,-10.0,-8.506940346102967,-12.507843142675279,10.047273353386597,0.00010353041712177659
ENGINEERING_SAMPLE,depth_5_bid,Q2,3000,500,1438,100.0,-10.162005875131083,-10.052674016611155,0.0,-10.790923046893546,-10.0,-8.506940346102967,-12.50783598023208,10.047241176552882,7.135358340747636e-05
ENGINEERING_SAMPLE,depth_5_bid,Q2,30000,100,1438,99.16550764951322,-10.469811146735857,-10.61397137089456,0.0,-13.110734236776722,-7.68007343096519,-8.506940346102967,-12.507789357314238,10.051183203968156,3.2465009305959745e-05
ENGINEERING_SAMPLE,depth_5_bid,Q2,30000,1000,1438,99.16550764951322,-10.46991810509775,-10.631392759566438,0.0,-13.110734236776722,-7.68007343096519,-8.506940346102967,-12.507843142675279,10.051290216567622,0.0001394776087713206
ENGINEERING_SAMPLE,depth_5_bid,Q2,30000,500,1438,99.16550764951322,-10.469877239819619,-10.631392759566438,0.0,-13.110734236776722,-7.68007343096519,-8.506940346102967,-12.50783598023208,10.051249331457866,9.859249901481965e-05
ENGINEERING_SAMPLE,depth_5_bid,Q2,500,100,1438,100.0,-10.08185831418108,-10.05267373901862,0.0,-10.052754642091818,-10.052627699177018,-8.506940346102967,-12.507789357314238,10.062571519792193,-1.1175737497098251e-24
ENGINEERING_SAMPLE,depth_5_bid,Q2,500,1000,1438,100.0,-10.081871150473763,-10.05267373901862,0.0,-10.052754642091818,-10.052627699177018,-8.506940346102967,-12.507843142675279,10.06258436274342,1.2842951227493776e-05
ENGINEERING_SAMPLE,depth_5_bid,Q2,500,500,1438,100.0,-10.08185831418108,-10.05267373901862,0.0,-10.052754642091818,-10.052627699177018,-8.506940346102967,-12.50783598023208,10.062571519792193,0.0
ENGINEERING_SAMPLE,depth_5_bid,Q2,5000,100,1438,100.0,-10.195075189877011,-10.052674016611155,0.0,-11.262632642748864,-9.45738944442664,-8.506940346102967,-12.507789357314238,10.053033975465475,-1.1981696684815498e-24
ENGINEERING_SAMPLE,depth_5_bid,Q2,5000,1000,1438,100.0,-10.195075189877011,-10.052674016611155,0.0,-11.262632642748864,-9.45738944442664,-8.506940346102967,-12.507843142675279,10.053033975465475,-1.1981696684815498e-24
ENGINEERING_SAMPLE,depth_5_bid,Q2,5000,500,1438,100.0,-10.195075189877011,-10.052674016611155,0.0,-11.262632642748864,-9.45738944442664,-8.506940346102967,-12.50783598023208,10.053033975465475,0.0
ENGINEERING_SAMPLE,depth_5_bid,Q2,60000,100,1438,99.16550764951322,-10.492847562887626,-10.26336314338865,0.0,-15.273321057935306,-6.575906771316104,-8.506940346102967,-12.507789357314238,10.046676984500417,-7.163331145649399e-25
ENGINEERING_SAMPLE,depth_5_bid,Q2,60000,1000,1438,99.16550764951322,-10.492860452679361,-10.26336314338865,0.0,-15.273321057935306,-6.575906771316104,-8.506940346102967,-12.507843142675279,10.046689884925383,1.290042496842637e-05
ENGINEERING_SAMPLE,depth_5_bid,Q2,60000,500,1438,99.16550764951322,-10.492847562887626,-10.26336314338865,0.0,-15.273321057935306,-6.575906771316104,-8.506940346102967,-12.50783598023208,10.046676984500417,0.0
ENGINEERING_SAMPLE,depth_5_bid,Q3,1000,100,1437,100.0,-10.046467538297938,-10.052674571805007,0.0,-10.052779435294367,-10.052615509336029,-8.189979107963445,-12.544082189674194,10.056722416232198,2.908979763017792e-05
ENGINEERING_SAMPLE,depth_5_bid,Q3,1000,1000,1437,100.0,-10.046554844918289,-10.052674571805007,0.0,-10.052779435294367,-10.052615509336029,-8.190066487311455,-12.544169503077615,10.056809755211203,0.00011642877663613514
ENGINEERING_SAMPLE,depth_5_bid,Q3,1000,500,1437,100.0,-10.046524308180814,-10.052674571805007,0.0,-10.052779435294367,-10.052615509336029,-8.190035925136444,-12.544138963967665,10.056779206906533,8.588047196523417e-05
ENGINEERING_SAMPLE,depth_5_bid,Q3,15000,100,1437,99.09533750869868,-10.089791967507146,-10.052667355197707,0.0,-12.181136759900275,-8.156409418609554,-8.189979107963445,-12.544082189674194,10.061034563731717,2.9355364602925328e-05
ENGINEERING_SAMPLE,depth_5_bid,Q3,15000,1000,1437,99.09533750869868,-10.0899845101505,-10.052667355197707,0.0,-12.181136759900275,-8.189692761707091,-8.190066487311455,-12.544169503077615,10.061227227100096,0.0002220187329811386
ENGINEERING_SAMPLE,depth_5_bid,Q3,15000,500,1437,99.09533750869868,-10.089921245701847,-10.052667355197707,0.0,-12.181136759900275,-8.176527887688348,-8.190035925136444,-12.544138963967665,10.061163925482445,0.00015871711533118664
ENGINEERING_SAMPLE,depth_5_bid,Q3,250,100,1437,100.0,-10.053633070643846,-10.05267568222782,0.0,-10.052766339351706,-10.052619941352061,-8.189979107963445,-12.544082189674194,10.057514732475507,2.908979763017792e-05
ENGINEERING_SAMPLE,depth_5_bid,Q3,250,1000,1437,100.0,-10.053720368506708,-10.05267568222782,0.0,-10.052766339351706,-10.052619941352061,-8.190066487311455,-12.544169503077615,10.057602071454514,0.00011642877663613514
ENGINEERING_SAMPLE,depth_5_bid,Q3,250,500,1437,100.0,-10.053689834832293,-10.05267568222782,0.0,-10.052766339351706,-10.052619941352061,-8.190035925136444,-12.544138963967665,10.057571523149843,8.588047196523417e-05
ENGINEERING_SAMPLE,depth_5_bid,Q3,3000,100,1437,100.0,-10.035224870922487,-10.052674016611155,0.0,-10.685159405616899,-9.367875156133888,-8.189979107963445,-12.544082189674194,10.056004356595988,2.908979763017792e-05
ENGINEERING_SAMPLE,depth_5_bid,Q3,3000,1000,1437,100.0,-10.035312187683086,-10.052674016611155,0.0,-10.685159405616899,-9.367875156133888,-8.190066487311455,-12.544169503077615,10.056091695574995,0.00011642877663613514
ENGINEERING_SAMPLE,depth_5_bid,Q3,3000,500,1437,100.0,-10.035281647398916,-10.052674016611155,0.0,-10.685159405616899,-9.367875156133888,-8.190035925136444,-12.544138963967665,10.056061147270324,8.588047196523417e-05
ENGINEERING_SAMPLE,depth_5_bid,Q3,30000,100,1437,98.53862212943632,-10.143021394750665,-10.052692066404129,0.0,-13.160807463237232,-7.26098000569158,-8.189979107963445,-12.544082189674194,10.06167778890215,2.952121412045598e-05
ENGINEERING_SAMPLE,depth_5_bid,Q3,30000,1000,1437,98.53862212943632,-10.143110005995466,-10.052692066404129,0.0,-13.160807463237232,-7.26098000569158,-8.190066487311455,-12.544169503077615,10.061766423162625,0.00011815547459472189
ENGINEERING_SAMPLE,depth_5_bid,Q3,30000,500,1437,98.53862212943632,-10.143079012946956,-10.052692066404129,0.0,-13.160807463237232,-7.26098000569158,-8.190035925136444,-12.544138963967665,10.061735421811063,8.715412303251519e-05
ENGINEERING_SAMPLE,depth_5_bid,Q3,500,100,1437,100.0,-10.046660855659903,-10.052675127010561,0.0,-10.052778041799998,-10.052618002253178,-8.189979107963445,-12.544082189674194,10.053219354624675,2.908979763017792e-05
ENGINEERING_SAMPLE,depth_5_bid,Q3,500,1000,1437,100.0,-10.046748153522765,-10.052675127010561,0.0,-10.052778041799998,-10.052618002253178,-8.190066487311455,-12.544169503077615,10.053306693603682,0.00011642877663613514
ENGINEERING_SAMPLE,depth_5_bid,Q3,500,500,1437,100.0,-10.046717619848348,-10.052675127010561,0.0,-10.052778041799998,-10.052618002253178,-8.190035925136444,-12.544138963967665,10.05327614529901,8.588047196523417e-05
ENGINEERING_SAMPLE,depth_5_bid,Q3,5000,100,1437,100.0,-10.055096404072202,-10.052676515075655,0.0,-11.053347103954135,-9.135367878874193,-8.189979107963445,-12.544082189674194,10.060625255182057,5.857344147069475e-05
ENGINEERING_SAMPLE,depth_5_bid,Q3,5000,1000,1437,100.0,-10.055366525092541,-10.052676515075655,0.0,-11.053347103954135,-9.135367878874193,-8.190066487311455,-12.544169503077615,10.060895532874628,0.0003288511340424341
ENGINEERING_SAMPLE,depth_5_bid,Q3,5000,500,1437,100.0,-10.055291268232986,-10.052676515075655,0.0,-11.053347103954135,-9.135367878874193,-8.190035925136444,-12.544138963967665,10.060820233019882,0.00025355127929713736
ENGINEERING_SAMPLE,depth_5_bid,Q3,60000,100,1437,98.39944328462074,-10.637654253387282,-10.105400802501357,0.0,-16.160230307691496,-5.883204047039441,-8.189979107963445,-12.544082189674194,10.057905815820165,4.9818376963598455e-05
ENGINEERING_SAMPLE,depth_5_bid,Q3,60000,1000,1437,98.39944328462074,-10.637779676884074,-10.105400802501357,0.0,-16.160230307691496,-5.883204047039441,-8.190066487311455,-12.544169503077615,10.058031307022727,0.00017530957952431624
ENGINEERING_SAMPLE,depth_5_bid,Q3,60000,500,1437,98.39944328462074,-10.637731191252136,-10.105400802501357,0.0,-16.160230307691496,-5.883204047039441,-8.190035925136444,-12.544138963967665,10.057982795669513,0.00012679822631126982
ENGINEERING_SAMPLE,depth_5_bid,Q4,1000,100,1438,100.0,-10.009674962996625,-10.052675959840839,0.0,-10.052750465755738,-9.842077820847729,-7.934933184510486,-11.805017579065353,10.057392466338174,2.529901347817488e-05
ENGINEERING_SAMPLE,depth_5_bid,Q4,1000,1000,1438,100.0,-10.00983409519356,-10.052675959840839,0.0,-10.052750465755738,-9.842077820847729,-7.935039975616457,-11.805124338286866,10.05755167925345,0.00018451192875423028
ENGINEERING_SAMPLE,depth_5_bid,Q4,1000,500,1438,100.0,-10.009780756168189,-10.052675959840839,0.0,-10.052750465755738,-9.842077820847729,-7.934993761933604,-11.805078141451354,10.057498314634032,0.00013114730933726774
ENGINEERING_SAMPLE,depth_5_bid,Q4,15000,100,1438,99.02642559109874,-9.85350143532616,-9.841992106192265,0.0,-11.368713802042663,-8.418662785178622,-7.934933184510486,-11.805017579065353,10.055498379410025,1.1705876684078777e-05
ENGINEERING_SAMPLE,depth_5_bid,Q4,15000,1000,1438,99.02642559109874,-9.853609194776087,-9.841992106192265,0.0,-11.368713802042663,-8.418662785178622,-7.935039975616457,-11.805124338286866,10.055606196671576,0.00011952313823489032
ENGINEERING_SAMPLE,depth_5_bid,Q4,15000,500,1438,99.02642559109874,-9.8535625657812,-9.841992106192265,0.0,-11.368713802042663,-8.418662785178622,-7.934993761933604,-11.805078141451354,10.05555954127052,7.286773717709554e-05
ENGINEERING_SAMPLE,depth_5_bid,Q4,250,100,1438,100.0,-10.041148472338087,-10.052679013777183,0.0,-10.052744063324539,-10.052618002253178,-7.934933184510486,-11.805017579065353,10.052060121891202,1.1591911264345047e-05
ENGINEERING_SAMPLE,depth_5_bid,Q4,250,1000,1438,100.0,-10.041255190810435,-10.052679013777183,0.0,-10.052744063324539,-10.052618002253178,-7.935039975616457,-11.805124338286866,10.052166889471486,0.00011835949154831976
ENGINEERING_SAMPLE,depth_5_bid,Q4,250,500,1438,100.0,-10.041209010910842,-10.052679013777183,0.0,-10.052744063324539,-10.052618002253178,-7.934993761933604,-11.805078141451354,10.052120688295473,7.21583155355939e-05
ENGINEERING_SAMPLE,depth_5_bid,Q4,3000,100,1438,100.0,-9.957920116779151,-10.052669297935912,0.0,-10.052779435294367,-9.263077814680706,-7.934933184510486,-11.805017579065353,10.056721392944052,6.846877584698888e-05
ENGINEERING_SAMPLE,depth_5_bid,Q4,3000,1000,1438,100.0,-9.958282593277694,-10.052669297935912,0.0,-10.052779435294367,-9.263077814680706,-7.935039975616457,-11.805124338286866,10.057084072341935,0.0004311481737287546
ENGINEERING_SAMPLE,depth_5_bid,Q4,3000,500,1438,100.0,-9.958182268145453,-10.052669297935912,0.0,-10.052779435294367,-9.263077814680706,-7.934993761933604,-11.805078141451354,10.056983692893377,0.0003307687251718002
ENGINEERING_SAMPLE,depth_5_bid,Q4,30000,100,1438,98.33101529902642,-9.876868824951753,-9.684280351887631,0.0,-12.584118190212372,-7.522571696779842,-7.934933184510486,-11.805017579065353,10.056832819144539,1.178866223347113e-05
ENGINEERING_SAMPLE,depth_5_bid,Q4,30000,1000,1438,98.33101529902642,-9.876990411674344,-9.684280351887631,0.0,-12.584118190212372,-7.522571696779842,-7.935039975616457,-11.805124338286866,10.056954459840659,0.00013342935835333796
ENGINEERING_SAMPLE,depth_5_bid,Q4,30000,500,1438,98.33101529902642,-9.876930393005772,-9.684280351887631,0.0,-12.584118190212372,-7.522571696779842,-7.934993761933604,-11.805078141451354,10.056894413550014,7.338306770875815e-05
ENGINEERING_SAMPLE,depth_5_bid,Q4,500,100,1438,100.0,-10.025403107150874,-10.052677070322176,0.0,-10.052744063324539,-10.052615509336029,-7.934933184510486,-11.805017579065353,10.05002388945194,2.5295992626753557e-05
ENGINEERING_SAMPLE,depth_5_bid,Q4,500,1000,1438,100.0,-10.025530468927656,-10.052677070322176,0.0,-10.052744063324539,-10.052615509336029,-7.935039975616457,-11.805124338286866,10.05015131376621,0.00015272030689890284
ENGINEERING_SAMPLE,depth_5_bid,Q4,500,500,1438,100.0,-10.025481995327569,-10.052677070322176,0.0,-10.052744063324539,-10.052615509336029,-7.934993761933604,-11.805078141451354,10.050102817397534,0.00010422393822082427
ENGINEERING_SAMPLE,depth_5_bid,Q4,5000,100,1438,100.0,-9.924330494042435,-10.052649599662875,0.0,-10.737751158585128,-9.051952637153592,-7.934933184510486,-11.805017579065353,10.059040725984687,2.3869445636426427e-05
ENGINEERING_SAMPLE,depth_5_bid,Q4,5000,1000,1438,100.0,-9.92450718144041,-10.052649599662875,0.0,-10.737751158585128,-9.051952637153592,-7.935039975616457,-11.805124338286866,10.059217504292791,0.00020064775373937273
ENGINEERING_SAMPLE,depth_5_bid,Q4,5000,500,1438,100.0,-9.92443763754152,-10.052649599662875,0.0,-10.737751158585128,-9.051952637153592,-7.934993761933604,-11.805078141451354,10.059147925000698,0.0001310684616460352
ENGINEERING_SAMPLE,depth_5_bid,Q4,60000,100,1438,93.04589707927677,-9.946830185786949,-9.894766211478327,0.0,-13.739914307848789,-6.308480496388415,-7.934933184510486,-11.805017579065353,10.055440879322678,1.2458272345387278e-05
ENGINEERING_SAMPLE,depth_5_bid,Q4,60000,1000,1438,93.04589707927677,-9.946944900904722,-9.894766211478327,0.0,-13.739914307848789,-6.308480496388415,-7.935039975616457,-11.805124338286866,10.055555626542745,0.0001272054924114229
ENGINEERING_SAMPLE,depth_5_bid,Q4,60000,500,1438,93.04589707927677,-9.946895258118246,-9.894766211478327,0.0,-13.739914307848789,-6.308480496388415,-7.934993761933604,-11.805078141451354,10.055505972364042,7.755131370716295e-05
ENGINEERING_SAMPLE,depth_5_bid,Q5,1000,100,1439,99.72202918693537,-9.986881704945429,-10.052683734193563,0.0,-10.05275074415757,-9.63091657580319,-7.6056731522227095,-11.859751758036886,10.062376715391105,0.00010230935753629633
ENGINEERING_SAMPLE,depth_5_bid,Q5,1000,1000,1439,99.72202918693537,-9.987585590476549,-10.052683734193563,0.0,-10.05275074415757,-9.631056335574183,-7.606376057565744,-11.86045426693903,10.063080906982934,0.0008065009493648213
ENGINEERING_SAMPLE,depth_5_bid,Q5,1000,500,1439,99.72202918693537,-9.987277602205468,-10.052683734193563,0.0,-10.05275074415757,-9.63091657580319,-7.606068512356182,-11.860146891337855,10.062772778708576,0.0004983726750073668
ENGINEERING_SAMPLE,depth_5_bid,Q5,15000,100,1439,98.33217512161222,-9.76519338170445,-9.84199793440688,0.0,-11.63505733478979,-7.684625063836284,-7.6056731522227095,-11.859751758036886,10.066305645710704,0.00013792327425975564
ENGINEERING_SAMPLE,depth_5_bid,Q5,15000,1000,1439,98.33217512161222,-9.765964829718971,-9.84199793440688,0.0,-11.63505733478979,-7.684625063836284,-7.606376057565744,-11.86045426693903,10.067077488309472,0.0009097658730277834
ENGINEERING_SAMPLE,depth_5_bid,Q5,15000,500,1439,98.33217512161222,-9.765632732998164,-9.84199793440688,0.0,-11.63505733478979,-7.684625063836284,-7.606068512356182,-11.860146891337855,10.066745218134006,0.0005774956975603008
ENGINEERING_SAMPLE,depth_5_bid,Q5,250,100,1439,99.86101459346769,-10.031976435082916,-10.052688455455984,0.0,-10.052743784993218,-10.052618833278055,-7.6056731522227095,-11.859751758036886,10.05822784035322,0.00011588360546142836
ENGINEERING_SAMPLE,depth_5_bid,Q5,250,1000,1439,99.86101459346769,-10.032731762463628,-10.052688455455984,0.0,-10.052743784993218,-10.052618833278055,-7.606376057565744,-11.86045426693903,10.058983533690723,0.0008715769429649394
ENGINEERING_SAMPLE,depth_5_bid,Q5,250,500,1439,99.86101459346769,-10.032417051429803,-10.052688455455984,0.0,-10.052743784993218,-10.052618833278055,-7.606068512356182,-11.860146891337855,10.058668665837335,0.0005567090895771597
ENGINEERING_SAMPLE,depth_5_bid,Q5,3000,100,1439,99.09659485753996,-9.915856800255343,-10.052669297935912,0.0,-10.131814965889069,-9.156789134011051,-7.6056731522227095,-11.859751758036886,10.063618959041227,0.00010295506876899386
ENGINEERING_SAMPLE,depth_5_bid,Q5,3000,1000,1439,99.09659485753996,-9.916565047237567,-10.052669297935912,0.0,-10.131814965889069,-9.156789134011051,-7.606376057565744,-11.86045426693903,10.064327595040018,0.0008115910675585684
ENGINEERING_SAMPLE,depth_5_bid,Q5,3000,500,1439,99.09659485753996,-9.916255139861457,-10.052669297935912,0.0,-10.131814965889069,-9.156789134011051,-7.606068512356182,-11.860146891337855,10.064017522057055,0.0005015180845971748
ENGINEERING_SAMPLE,depth_5_bid,Q5,30000,100,1439,96.38637943015983,-9.735757869222999,-9.841800368261941,0.0,-12.266288021768355,-7.068341361097452,-7.6056731522227095,-11.859751758036886,10.064349330282637,0.0001200567069700254
ENGINEERING_SAMPLE,depth_5_bid,Q5,30000,1000,1439,96.38637943015983,-9.736634352203819,-9.841800368261941,0.0,-12.266288021768355,-7.0795179463223,-7.606376057565744,-11.86045426693903,10.065226291488656,0.0009970179129887961
ENGINEERING_SAMPLE,depth_5_bid,Q5,30000,500,1439,96.38637943015983,-9.736288292970363,-9.841800368261941,0.0,-12.266288021768355,-7.0795179463223,-7.606068512356182,-11.860146891337855,10.06488001733269,0.0006507437570220637
ENGINEERING_SAMPLE,depth_5_bid,Q5,500,100,1439,99.79152189020152,-10.009981151789228,-10.052688038840333,0.0,-10.052743784993218,-9.842150148189873,-7.6056731522227095,-11.859751758036886,10.053315840127942,0.00011596430435102545
ENGINEERING_SAMPLE,depth_5_bid,Q5,500,1000,1439,99.79152189020152,-10.010753228773025,-10.052688038840333,0.0,-10.052743784993218,-9.842150148189873,-7.606376057565744,-11.86045426693903,10.05408827261978,0.0008883967961884196
ENGINEERING_SAMPLE,depth_5_bid,Q5,500,500,1439,99.79152189020152,-10.010422085254916,-10.052688038840333,0.0,-10.052743784993218,-9.842150148189873,-7.606068512356182,-11.860146891337855,10.053756972593593,0.0005570967700016563
ENGINEERING_SAMPLE,depth_5_bid,Q5,5000,100,1439,98.61014593467686,-9.89140129073562,-10.052665412602815,0.0,-10.84316640831778,-8.840585059265196,-7.6056731522227095,-11.859751758036886,10.067313198157816,0.00010346295141972181
ENGINEERING_SAMPLE,depth_5_bid,Q5,5000,1000,1439,98.61014593467686,-9.892113031536642,-10.052665412602815,0.0,-10.84316640831778,-8.840585059265196,-7.606376057565744,-11.86045426693903,10.068025329894443,0.0008155946880468771
ENGINEERING_SAMPLE,depth_5_bid,Q5,5000,500,1439,98.61014593467686,-9.891801595371504,-10.052665412602815,0.0,-10.84316640831778,-8.840585059265196,-7.606068512356182,-11.860146891337855,10.067713727305504,0.0005039920991089297
ENGINEERING_SAMPLE,depth_5_bid,Q5,60000,100,1439,93.46768589298124,-9.382886683839889,-9.420659092825225,0.0,-14.299850511075297,-4.831109070664534,-7.6056731522227095,-11.859751758036886,10.069999346986506,0.00010915533685099275
ENGINEERING_SAMPLE,depth_5_bid,Q5,60000,1000,1439,93.46768589298124,-9.383734450319102,-9.420659092825225,0.0,-14.299850511075297,-4.831109070664534,-7.606376057565744,-11.86045426693903,10.070847615239837,0.0009574235901794838
ENGINEERING_SAMPLE,depth_5_bid,Q5,60000,500,1439,93.46768589298124,-9.383385241053727,-9.420659092825225,0.0,-14.299850511075297,-4.831109070664534,-7.606068512356182,-11.860146891337855,10.070498185400034,0.0006079937503783535
ENGINEERING_SAMPLE,event_age_ms,Q1,1000,100,7192,99.94438264738598,-10.056541201368997,-10.052677903213905,0.0,-10.052778041799998,-10.052615509336029,-8.154997058197665,-12.370840481815177,10.053680494419135,4.327778682677343e-05
ENGINEERING_SAMPLE,event_age_ms,Q1,1000,1000,7192,99.94438264738598,-10.056773882628718,-10.052677903213905,0.0,-10.052778041799998,-10.052615509336029,-8.15523492680536,-12.371038729504534,10.05391328258885,0.0002760659565405638
ENGINEERING_SAMPLE,event_age_ms,Q1,1000,500,7192,99.94438264738598,-10.05668449653821,-10.052677903213905,0.0,-10.052778041799998,-10.052615509336029,-8.155133824388146,-12.370956640784973,10.05382385519452,0.00018663856221064507
ENGINEERING_SAMPLE,event_age_ms,Q1,15000,100,7192,99.15183537263626,-10.116216788505861,-10.052669020393108,0.0,-11.948373874514639,-8.152388044724013,-8.154997058197665,-12.370840481815177,10.052332189549208,4.391126292684651e-05
ENGINEERING_SAMPLE,event_age_ms,Q1,15000,1000,7192,99.15183537263626,-10.116447213220361,-10.052669020393108,0.0,-11.948373874514639,-8.152388044724013,-8.15523492680536,-12.371038729504534,10.052562739804273,0.0002744615179910885
ENGINEERING_SAMPLE,event_age_ms,Q1,15000,500,7192,99.15183537263626,-10.116355516535085,-10.052669020393108,0.0,-11.948373874514639,-8.152388044724013,-8.155133824388146,-12.370956640784973,10.052470993377105,0.0001827150908241036
ENGINEERING_SAMPLE,event_age_ms,Q1,250,100,7192,99.972191323693,-10.053336058898678,-10.052680124387287,0.0,-10.052754642091818,-10.052619664329185,-8.154997058197665,-12.370840481815177,10.052488434617446,4.326576606994814e-05
ENGINEERING_SAMPLE,event_age_ms,Q1,250,1000,7192,99.972191323693,-10.053571234605762,-10.052680124387287,0.0,-10.052754642091818,-10.052619664329185,-8.15523492680536,-12.371038729504534,10.052723726624603,0.0002785577732260743
ENGINEERING_SAMPLE,event_age_ms,Q1,250,500,7192,99.972191323693,-10.053479309496451,-10.052680124387287,0.0,-10.052754642091818,-10.052619664329185,-8.155133824388146,-12.370956640784973,10.052631755533602,0.0001865866822258202
ENGINEERING_SAMPLE,event_age_ms,Q1,3000,100,7192,99.81924360400446,-10.0625936617836,-10.052676515075655,0.0,-10.737751158585128,-9.368241410369185,-8.154997058197665,-12.370840481815177,10.051859140363952,4.951995480848989e-05
ENGINEERING_SAMPLE,event_age_ms,Q1,3000,1000,7192,99.81924360400446,-10.062859146510846,-10.052676515075655,0.0,-10.737751158585128,-9.368241410369185,-8.15523492680536,-12.371038729504534,10.052124770903925,0.00031515049478134566
ENGINEERING_SAMPLE,event_age_ms,Q1,3000,500,7192,99.81924360400446,-10.062759104853205,-10.052676515075655,0.0,-10.737751158585128,-9.368241410369185,-8.155133824388146,-12.370956640784973,10.052024676284454,0.00021505587531087407
ENGINEERING_SAMPLE,event_age_ms,Q1,30000,100,7192,98.31757508342604,-10.18944518354012,-10.052692066404129,0.0,-13.110734236776722,-7.26310024697079,-8.154997058197665,-12.370840481815177,10.053479592190468,4.9977415028113946e-05
ENGINEERING_SAMPLE,event_age_ms,Q1,30000,1000,7192,98.31757508342604,-10.189724746141897,-10.052692066404129,0.0,-13.110734236776722,-7.26310024697079,-8.15523492680536,-12.371038729504534,10.053759319423568,0.00032970464812860683
ENGINEERING_SAMPLE,event_age_ms,Q1,30000,500,7192,98.31757508342604,-10.189618895549373,-10.052692066404129,0.0,-13.110734236776722,-7.26310024697079,-8.155133824388146,-12.370956640784973,10.053653404206393,0.00022378943095307174
ENGINEERING_SAMPLE,event_age_ms,Q1,500,100,7192,99.95828698553949,-10.05460501566852,-10.052679013777183,0.0,-10.05276076858108,-10.052618002253178,-8.154997058197665,-12.370840481815177,10.054072590107708,4.546878859121763e-05
ENGINEERING_SAMPLE,event_age_ms,Q1,500,1000,7192,99.95828698553949,-10.054848035108032,-10.052679013777183,0.0,-10.05276076858108,-10.052618002253178,-8.15523492680536,-12.371038729504534,10.054315724552472,0.0002886032333540651
ENGINEERING_SAMPLE,event_age_ms,Q1,500,500,7192,99.95828698553949,-10.054752191027774,-10.052679013777183,0.0,-10.05276076858108,-10.052618002253178,-8.155133824388146,-12.370956640784973,10.054219834711995,0.00019271339287849106
ENGINEERING_SAMPLE,event_age_ms,Q1,5000,100,7192,99.72191323692992,-10.072060618031266,-10.052674016611155,0.0,-11.053985795709186,-9.104300978908915,-8.154997058197665,-12.370840481815177,10.055134475839264,4.254053058961097e-05
ENGINEERING_SAMPLE,event_age_ms,Q1,5000,1000,7192,99.72191323692992,-10.072297757924877,-10.052674016611155,0.0,-11.053985795709186,-9.104300978908915,-8.15523492680536,-12.371038729504534,10.055371746299047,0.00027981099037378056
ENGINEERING_SAMPLE,event_age_ms,Q1,5000,500,7192,99.72191323692992,-10.072204720119291,-10.052674016611155,0.0,-11.053985795709186,-9.104300978908915,-8.155133824388146,-12.370956640784973,10.055278658573362,0.00018672326468935647
ENGINEERING_SAMPLE,event_age_ms,Q1,60000,100,7192,96.64905450500557,-10.383390082325924,-10.157846528008086,0.0,-15.429343670068297,-6.0519455211932245,-8.154997058197665,-12.370840481815177,10.053592908682697,4.546193330784437e-05
ENGINEERING_SAMPLE,event_age_ms,Q1,60000,1000,7192,96.64905450500557,-10.38364912298579,-10.157846528008086,0.0,-15.429343670068297,-6.0519455211932245,-8.15523492680536,-12.371038729504534,10.05385212385459,0.00030467710520269914
ENGINEERING_SAMPLE,event_age_ms,Q1,60000,500,7192,96.64905450500557,-10.383547770245888,-10.157846528008086,0.0,-15.429343670068297,-6.0519455211932245,-8.155133824388146,-12.370956640784973,10.053750704712929,0.00020325796354025332
ENGINEERING_SAMPLE,imbalance_10,Q1,1000,100,1439,100.0,-10.141733158852746,-10.052702624321773,0.0,-10.526804602112955,-10.05261866707308,-8.190859998337777,-13.036898262145302,10.045085414344756,4.7553640474654645e-05
ENGINEERING_SAMPLE,imbalance_10,Q1,1000,1000,1439,100.0,-10.141893568971511,-10.052702624321773,0.0,-10.526804602112955,-10.05261866707308,-8.191152288498415,-13.036993051729484,10.04524591045774,0.00020804975345870388
ENGINEERING_SAMPLE,imbalance_10,Q1,1000,500,1439,100.0,-10.141845155895457,-10.052702624321773,0.0,-10.526804602112955,-10.05261866707308,-8.191031090201408,-13.036966659709044,10.045197471779604,0.00015961107532084655
ENGINEERING_SAMPLE,imbalance_10,Q1,15000,100,1439,99.23558026407227,-10.430786025181538,-10.421616548291334,0.0,-13.003922871288696,-7.944424229959975,-8.190859998337777,-13.036898262145302,10.039766570715392,2.7865867720962915e-05
ENGINEERING_SAMPLE,imbalance_10,Q1,15000,1000,1439,99.23558026407227,-10.430820029755084,-10.421616548291334,0.0,-13.003922871288696,-7.944424229959975,-8.191152288498415,-13.036993051729484,10.039800599113164,6.189426549442554e-05
ENGINEERING_SAMPLE,imbalance_10,Q1,15000,500,1439,99.23558026407227,-10.430807993280768,-10.421616548291334,0.0,-13.003922871288696,-7.944424229959975,-8.191031090201408,-13.036966659709044,10.039788554168062,4.984932039181245e-05
ENGINEERING_SAMPLE,imbalance_10,Q1,250,100,1439,100.0,-10.076716057558167,-10.05269928978546,0.0,-10.052754642091818,-10.052619110292182,-8.190859998337777,-13.036898262145302,10.048602564325378,4.7553728266231896e-05
ENGINEERING_SAMPLE,imbalance_10,Q1,250,1000,1439,100.0,-10.076889292034538,-10.05269928978546,0.0,-10.052754642091818,-10.052619110292182,-8.191152288498415,-13.036993051729484,10.048775894467235,0.00022088387012437544
ENGINEERING_SAMPLE,imbalance_10,Q1,250,500,1439,100.0,-10.07682805272134,-10.05269928978546,0.0,-10.052754642091818,-10.052619110292182,-8.191031090201408,-13.036966659709044,10.048714621853136,0.0001596112560251764
ENGINEERING_SAMPLE,imbalance_10,Q1,3000,100,1439,100.0,-10.235123250666405,-10.052704013836452,0.0,-11.001666763367073,-10.052616063297203,-8.190859998337777,-13.036898262145302,10.039298804962387,4.7553640474654645e-05
ENGINEERING_SAMPLE,imbalance_10,Q1,3000,1000,1439,100.0,-10.235296453772978,-10.052704013836452,0.0,-11.001666763367073,-10.052616063297203,-8.191152288498415,-13.036993051729484,10.039472125063295,0.000220873741381992
ENGINEERING_SAMPLE,imbalance_10,Q1,3000,500,1439,100.0,-10.235235218739374,-10.052704013836452,0.0,-11.001666763367073,-10.052616063297203,-8.191031090201408,-13.036966659709044,10.039410852208091,0.00015960088617797313
ENGINEERING_SAMPLE,imbalance_10,Q1,30000,100,1439,96.73384294649063,-10.439758778319506,-10.527040138364514,0.0,-14.476135531425019,-7.0525074119127735,-8.190859998337777,-13.036898262145302,10.03751317051424,5.89837199952414e-05
ENGINEERING_SAMPLE,imbalance_10,Q1,30000,1000,1439,96.73384294649063,-10.439999063498407,-10.527040138364514,0.0,-14.476135531425019,-7.0525074119127735,-8.191152288498415,-13.036993051729484,10.037753690171487,0.0002995033772417627
ENGINEERING_SAMPLE,imbalance_10,Q1,30000,500,1439,96.73384294649063,-10.439923811759204,-10.527040138364514,0.0,-14.476135531425019,-7.0525074119127735,-8.191031090201408,-13.036966659709044,10.03767837262451,0.00022418583026595514
ENGINEERING_SAMPLE,imbalance_10,Q1,500,100,1439,100.0,-10.106199334883511,-10.052700401250679,0.0,-10.06326932162889,-10.052619110292182,-8.190859998337777,-13.036898262145302,10.057022049405694,5.710403303846676e-05
ENGINEERING_SAMPLE,imbalance_10,Q1,500,1000,1439,100.0,-10.106428501622894,-10.052700401250679,0.0,-10.06326932162889,-10.052619110292182,-8.191152288498415,-13.036993051729484,10.057251332371898,0.0002863869992418725
ENGINEERING_SAMPLE,imbalance_10,Q1,500,500,1439,100.0,-10.106359065157353,-10.052700401250679,0.0,-10.06326932162889,-10.052619110292182,-8.191031090201408,-13.036966659709044,10.057181860840554,0.00021691546789819817
ENGINEERING_SAMPLE,imbalance_10,Q1,5000,100,1439,100.0,-10.270083324488656,-10.052711240494046,0.0,-11.319165448027917,-9.73682568582827,-8.190859998337777,-13.036898262145302,10.039392638878144,2.765285552851636e-05
ENGINEERING_SAMPLE,imbalance_10,Q1,5000,1000,1439,100.0,-10.270117074826263,-10.052711240494046,0.0,-11.319165448027917,-9.73682568582827,-8.191152288498415,-13.036993051729484,10.03942640715613,6.142113351357865e-05
ENGINEERING_SAMPLE,imbalance_10,Q1,5000,500,1439,100.0,-10.27010512834291,-10.052711240494046,0.0,-11.319165448027917,-9.73682568582827,-8.191031090201408,-13.036966659709044,10.039414454284964,4.946826234851159e-05
ENGINEERING_SAMPLE,imbalance_10,Q1,60000,100,1439,88.39471855455177,-11.1642113941883,-11.316607565323231,0.0,-16.63433881554687,-5.483433193418505,-8.190859998337777,-13.036898262145302,10.041465179797692,6.452800073395014e-05
ENGINEERING_SAMPLE,imbalance_10,Q1,60000,1000,1439,88.39471855455177,-11.16447044140539,-11.316607565323231,0.0,-16.63433881554687,-5.483433193418505,-8.191152288498415,-13.036993051729484,10.041724541054174,0.0003238892572159503
ENGINEERING_SAMPLE,imbalance_10,Q1,60000,500,1439,88.39471855455177,-11.164391954218866,-11.316607565323231,0.0,-16.63433881554687,-5.483433193418505,-8.191031090201408,-13.036966659709044,10.04164596481627,0.0002453130193121823
ENGINEERING_SAMPLE,imbalance_10,Q2,1000,100,1438,100.0,-10.097002874020335,-10.052694288772082,0.0,-10.052779435294367,-10.052618002253178,-8.45579088326263,-12.823215011325766,10.053459413159494,1.2277534372081382e-05
ENGINEERING_SAMPLE,imbalance_10,Q2,1000,1000,1438,100.0,-10.09705663986469,-10.052694288772082,0.0,-10.052779435294367,-10.052618002253178,-8.45579088326263,-12.823215011325766,10.053513208874408,6.60732492860014e-05
ENGINEERING_SAMPLE,imbalance_10,Q2,1000,500,1438,100.0,-10.097049480738892,-10.052694288772082,0.0,-10.052779435294367,-10.052618002253178,-8.45579088326263,-12.823215011325766,10.053506045771233,5.89101461104413e-05
ENGINEERING_SAMPLE,imbalance_10,Q2,15000,100,1438,98.67872044506258,-10.40515309545767,-10.05271318647125,0.0,-12.581054018445323,-8.524511554866445,-8.45579088326263,-12.823215011325766,10.045596353563582,1.3887326395743032e-05
ENGINEERING_SAMPLE,imbalance_10,Q2,15000,1000,1438,98.67872044506258,-10.405298034024442,-10.05271318647125,0.0,-12.581054018445323,-8.524511554866445,-8.45579088326263,-12.823215011325766,10.045741408921732,0.00015894268454720768
ENGINEERING_SAMPLE,imbalance_10,Q2,15000,500,1438,98.67872044506258,-10.405271196899303,-10.05271318647125,0.0,-12.581054018445323,-8.524511554866445,-8.45579088326263,-12.823215011325766,10.045714549517767,0.0001320832805814822
ENGINEERING_SAMPLE,imbalance_10,Q2,250,100,1438,100.0,-10.062004959963424,-10.052692066404129,0.0,-10.05276076858108,-10.052622157640084,-8.45579088326263,-12.823215011325766,10.051551948872312,1.2277534372081382e-05
ENGINEERING_SAMPLE,imbalance_10,Q2,250,1000,1438,100.0,-10.062058725807779,-10.052692066404129,0.0,-10.05276076858108,-10.052622157640084,-8.45579088326263,-12.823215011325766,10.051605744587226,6.60732492860014e-05
ENGINEERING_SAMPLE,imbalance_10,Q2,250,500,1438,100.0,-10.062051566681982,-10.052692066404129,0.0,-10.05276076858108,-10.052622157640084,-8.45579088326263,-12.823215011325766,10.05159858148405,5.89101461104413e-05
ENGINEERING_SAMPLE,imbalance_10,Q2,3000,100,1438,100.0,-10.168747977996041,-10.052701234893547,0.0,-10.895397332969088,-9.736560500152871,-8.45579088326263,-12.823215011325766,10.05122200967522,1.3709642609092976e-05
ENGINEERING_SAMPLE,imbalance_10,Q2,3000,1000,1438,100.0,-10.168800395776229,-10.052701234893547,0.0,-10.895397332969088,-9.736560500152871,-8.45579088326263,-12.823215011325766,10.051274453262728,6.615323011715932e-05
ENGINEERING_SAMPLE,imbalance_10,Q2,3000,500,1438,100.0,-10.168793236650453,-10.052701234893547,0.0,-10.895397332969088,-9.736560500152871,-8.45579088326263,-12.823215011325766,10.051267290612234,5.899057962417143e-05
ENGINEERING_SAMPLE,imbalance_10,Q2,30000,100,1438,97.98331015299027,-10.56846548646082,-10.578776696269234,0.0,-13.477804723745255,-7.26098000569158,-8.45579088326263,-12.823215011325766,10.050453638980542,2.032647895191311e-05
ENGINEERING_SAMPLE,imbalance_10,Q2,30000,1000,1438,97.98331015299027,-10.56850233235236,-10.578776696269234,0.0,-13.477804723745255,-7.26098000569158,-8.45579088326263,-12.823215011325766,10.050490500878645,5.7188377054910625e-05
ENGINEERING_SAMPLE,imbalance_10,Q2,30000,500,1438,97.98331015299027,-10.568484811000323,-10.578776696269234,0.0,-13.477804723745255,-7.26098000569158,-8.45579088326263,-12.823215011325766,10.050472971914996,3.9659413405477807e-05
ENGINEERING_SAMPLE,imbalance_10,Q2,500,100,1438,100.0,-10.07852081631737,-10.052694010965837,0.0,-10.05277271933164,-10.052619941352061,-8.45579088326263,-12.823215011325766,10.057297665097641,-7.879446846053124e-25
ENGINEERING_SAMPLE,imbalance_10,Q2,500,1000,1438,100.0,-10.07852081631737,-10.052694010965837,0.0,-10.05277271933164,-10.052619941352061,-8.45579088326263,-12.823215011325766,10.057297665097641,-7.879446846053124e-25
ENGINEERING_SAMPLE,imbalance_10,Q2,500,500,1438,100.0,-10.07852081631737,-10.052694010965837,0.0,-10.05277271933164,-10.052619941352061,-8.45579088326263,-12.823215011325766,10.057297665097641,0.0
ENGINEERING_SAMPLE,imbalance_10,Q2,5000,100,1438,100.0,-10.22577720436452,-10.052702624321773,0.0,-11.315387733400716,-9.368241410369185,-8.45579088326263,-12.823215011325766,10.05234561399512,-7.73314573016551e-25
ENGINEERING_SAMPLE,imbalance_10,Q2,5000,1000,1438,100.0,-10.22577720436452,-10.052702624321773,0.0,-11.315387733400716,-9.368241410369185,-8.45579088326263,-12.823215011325766,10.05234561399512,-7.73314573016551e-25
ENGINEERING_SAMPLE,imbalance_10,Q2,5000,500,1438,100.0,-10.22577720436452,-10.052702624321773,0.0,-11.315387733400716,-9.368241410369185,-8.45579088326263,-12.823215011325766,10.05234561399512,0.0
ENGINEERING_SAMPLE,imbalance_10,Q2,60000,100,1438,97.98331015299027,-10.92055221927981,-11.000748301829123,0.0,-16.160230307691496,-6.208889333747755,-8.45579088326263,-12.823215011325766,10.04442565605209,2.032728589919272e-05
ENGINEERING_SAMPLE,imbalance_10,Q2,60000,1000,1438,97.98331015299027,-10.920589066940629,-11.000748301829123,0.0,-16.160230307691496,-6.208889333747755,-8.45579088326263,-12.823215011325766,10.044462517973729,5.7189207538152554e-05
ENGINEERING_SAMPLE,imbalance_10,Q2,60000,500,1438,97.98331015299027,-10.920571545588594,-11.000748301829123,0.0,-16.160230307691496,-6.208889333747755,-8.45579088326263,-12.823215011325766,10.044444989840564,3.9661074371961665e-05
ENGINEERING_SAMPLE,imbalance_10,Q3,1000,100,1438,100.0,-10.058315093162516,-10.052683734193563,0.0,-10.05276076858108,-10.052618002253178,-8.304202411254842,-12.228319909973015,10.051292764146018,2.906956828551159e-05
ENGINEERING_SAMPLE,imbalance_10,Q3,1000,1000,1438,100.0,-10.058402339068943,-10.052683734193563,0.0,-10.05276076858108,-10.052618002253178,-8.304289729838354,-12.228407162657797,10.051380042388598,0.00011634781086656899
ENGINEERING_SAMPLE,imbalance_10,Q3,1000,500,1438,100.0,-10.05837182356703,-10.052683734193563,0.0,-10.05276076858108,-10.052618002253178,-8.304259188916594,-12.228376644785058,10.051349515327532,8.582074980114152e-05
ENGINEERING_SAMPLE,imbalance_10,Q3,15000,100,1438,99.51321279554938,-10.095328407836764,-10.052669020393108,0.0,-11.894248081114375,-8.417477675272858,-8.304202411254842,-12.228319909973015,10.04271758473051,2.921176743156231e-05
ENGINEERING_SAMPLE,imbalance_10,Q3,15000,1000,1438,99.51321279554938,-10.095428955624724,-10.052669020393108,0.0,-11.894248081114375,-8.417477675272858,-8.304289729838354,-12.228407162657797,10.042818170828289,0.00012979786520973235
ENGINEERING_SAMPLE,imbalance_10,Q3,15000,500,1438,99.51321279554938,-10.095385417855242,-10.052669020393108,0.0,-11.894248081114375,-8.417477675272858,-8.304259188916594,-12.228376644785058,10.042774613520882,8.62405578015664e-05
ENGINEERING_SAMPLE,imbalance_10,Q3,250,100,1438,100.0,-10.057225620244356,-10.052683734193563,0.0,-10.05275074415757,-10.052627699177018,-8.304202411254842,-12.228319909973015,10.050799747711089,2.906956828551159e-05
ENGINEERING_SAMPLE,imbalance_10,Q3,250,1000,1438,100.0,-10.057312857399387,-10.052683734193563,0.0,-10.05275074415757,-10.052627699177018,-8.304289729838354,-12.228407162657797,10.050887025953669,0.00011634781086656899
ENGINEERING_SAMPLE,imbalance_10,Q3,250,500,1438,100.0,-10.0572823449584,-10.052683734193563,0.0,-10.05275074415757,-10.052627699177018,-8.304259188916594,-12.228376644785058,10.050856498892605,8.582074980114152e-05
ENGINEERING_SAMPLE,imbalance_10,Q3,3000,100,1438,100.0,-10.076725562220759,-10.052677903213905,0.0,-10.47457636060523,-9.5623232440224,-8.304202411254842,-12.228319909973015,10.04789877165362,2.906956828551159e-05
ENGINEERING_SAMPLE,imbalance_10,Q3,3000,1000,1438,100.0,-10.076812818260382,-10.052677903213905,0.0,-10.47457636060523,-9.5623232440224,-8.304289729838354,-12.228407162657797,10.0479860498962,0.00011634781086656899
ENGINEERING_SAMPLE,imbalance_10,Q3,3000,500,1438,100.0,-10.07678229921424,-10.052677903213905,0.0,-10.47457636060523,-9.5623232440224,-8.304259188916594,-12.228376644785058,10.047955522835135,8.582074980114152e-05
ENGINEERING_SAMPLE,imbalance_10,Q3,30000,100,1438,98.81780250347705,-10.211608769802027,-10.421407678726712,0.0,-12.74108569650495,-7.627994177767933,-8.304202411254842,-12.228319909973015,10.050900019261347,4.184175483576263e-05
ENGINEERING_SAMPLE,imbalance_10,Q3,30000,1000,1438,98.81780250347705,-10.211751478321954,-10.421407678726712,0.0,-12.74108569650495,-7.627994177767933,-8.304289729838354,-12.228407162657797,10.05104278094388,0.0001846034373676258
ENGINEERING_SAMPLE,imbalance_10,Q3,30000,500,1438,98.81780250347705,-10.211713349553774,-10.421407678726712,0.0,-12.74108569650495,-7.627994177767933,-8.304259188916594,-12.228376644785058,10.051004639876899,0.00014646237038765385
ENGINEERING_SAMPLE,imbalance_10,Q3,500,100,1438,100.0,-10.057331877509974,-10.052683734193563,0.0,-10.052758429252616,-10.052622157640084,-8.304202411254842,-12.228319909973015,10.051054099478206,2.906956828551159e-05
ENGINEERING_SAMPLE,imbalance_10,Q3,500,1000,1438,100.0,-10.057419114665004,-10.052683734193563,0.0,-10.052758429252616,-10.052622157640084,-8.304289729838354,-12.228407162657797,10.051141377720787,0.00011634781086656899
ENGINEERING_SAMPLE,imbalance_10,Q3,500,500,1438,100.0,-10.057388602224018,-10.052683734193563,0.0,-10.052758429252616,-10.052622157640084,-8.304259188916594,-12.228376644785058,10.051110850659722,8.582074980114152e-05
ENGINEERING_SAMPLE,imbalance_10,Q3,5000,100,1438,100.0,-10.086405741640167,-10.052675959840839,0.0,-11.000616477332603,-9.208893321302497,-8.304202411254842,-12.228319909973015,10.048661281217333,5.853270889665393e-05
ENGINEERING_SAMPLE,imbalance_10,Q3,5000,1000,1438,100.0,-10.08667567481557,-10.052675959840839,0.0,-11.000616477332603,-9.208893321302497,-8.304289729838354,-12.228407162657797,10.048931370956016,0.0003286224475792614
ENGINEERING_SAMPLE,imbalance_10,Q3,5000,500,1438,100.0,-10.086600470290408,-10.052675959840839,0.0,-11.000616477332603,-9.208893321302497,-8.304259188916594,-12.228376644785058,10.048856123465564,0.0002533749571279461
ENGINEERING_SAMPLE,imbalance_10,Q3,60000,100,1438,98.81780250347705,-10.333856489744997,-10.157846528008086,0.0,-14.425783597431762,-6.729453862230573,-8.304202411254842,-12.228319909973015,10.04973564496958,2.9417339334669718e-05
ENGINEERING_SAMPLE,imbalance_10,Q3,60000,1000,1438,98.81780250347705,-10.333944758900781,-10.157846528008086,0.0,-14.425783597431762,-6.729453862230573,-8.304289729838354,-12.228407162657797,10.049823967357217,0.00011773972697123589
ENGINEERING_SAMPLE,imbalance_10,Q3,60000,500,1438,98.81780250347705,-10.333913885502792,-10.157846528008086,0.0,-14.425783597431762,-6.729453862230573,-8.304259188916594,-12.228376644785058,10.049793075088523,8.68474582787062e-05
ENGINEERING_SAMPLE,imbalance_10,Q4,1000,100,1438,100.0,-10.024780296763133,-10.052674849406321,0.0,-10.05277302582948,-10.0,-7.8131506943784155,-11.963071193377205,10.054173538765992,2.812566480806342e-05
ENGINEERING_SAMPLE,imbalance_10,Q4,1000,1000,1438,100.0,-10.024820955106852,-10.052674849406321,0.0,-10.05277302582948,-10.0,-7.813191390646604,-11.963111867985667,10.054214217265462,6.880416427659459e-05
ENGINEERING_SAMPLE,imbalance_10,Q4,1000,500,1438,100.0,-10.024816437536597,-10.052674849406321,0.0,-10.05277302582948,-10.0,-7.813186868862538,-11.963107348608226,10.054209697432189,6.428433100231334e-05
ENGINEERING_SAMPLE,imbalance_10,Q4,15000,100,1438,100.0,-9.862969966924593,-9.894644193572189,0.0,-11.597225626701192,-8.152388044724013,-7.8131506943784155,-11.963071193377205,10.063123717818039,2.812566480806342e-05
ENGINEERING_SAMPLE,imbalance_10,Q4,15000,1000,1438,100.0,-9.86301062741177,-9.894644193572189,0.0,-11.597225626701192,-8.152388044724013,-7.813191390646604,-11.963111867985667,10.063164396317505,6.880416427659459e-05
ENGINEERING_SAMPLE,imbalance_10,Q4,15000,500,1438,100.0,-9.863006109603353,-9.894644193572189,0.0,-11.597225626701192,-8.152388044724013,-7.813186868862538,-11.963107348608226,10.063159876484232,6.428433100231334e-05
ENGINEERING_SAMPLE,imbalance_10,Q4,250,100,1438,100.0,-10.049635685229902,-10.052678180850336,0.0,-10.052762439688758,-10.052622157640084,-7.8131506943784155,-11.963071193377205,10.055493668065498,2.812566480806342e-05
ENGINEERING_SAMPLE,imbalance_10,Q4,250,1000,1438,100.0,-10.049676343573623,-10.052678180850336,0.0,-10.052762439688758,-10.052622157640084,-7.813191390646604,-11.963111867985667,10.055534346564967,6.880416427659459e-05
ENGINEERING_SAMPLE,imbalance_10,Q4,250,500,1438,100.0,-10.049671826003367,-10.052678180850336,0.0,-10.052762439688758,-10.052622157640084,-7.813186868862538,-11.963107348608226,10.055529826731691,6.428433100231334e-05
ENGINEERING_SAMPLE,imbalance_10,Q4,3000,100,1438,100.0,-9.971188293123268,-10.052670963254164,0.0,-10.474171103262876,-9.262163259495173,-7.8131506943784155,-11.963071193377205,10.055216740937265,5.758880541920576e-05
ENGINEERING_SAMPLE,imbalance_10,Q4,3000,1000,1438,100.0,-9.97141164840856,-10.052670963254164,0.0,-10.474171103262876,-9.262163259495173,-7.813191390646604,-11.963111867985667,10.055440230932835,0.000281078800989287
ENGINEERING_SAMPLE,imbalance_10,Q4,3000,500,1438,100.0,-9.971362438431925,-10.052670963254164,0.0,-10.474171103262876,-9.262163259495173,-7.813186868862538,-11.963107348608226,10.055390990670173,0.00023183853832911785
ENGINEERING_SAMPLE,imbalance_10,Q4,30000,100,1438,99.7913769123783,-9.89143691678925,-9.684280351887631,0.0,-12.528392771503407,-7.420658745707725,-7.8131506943784155,-11.963071193377205,10.059393866308977,2.8184464107313727e-05
ENGINEERING_SAMPLE,imbalance_10,Q4,30000,1000,1438,99.7913769123783,-9.891581318070363,-9.684280351887631,0.0,-12.528392771503407,-7.420658745707725,-7.813191390646604,-11.963111867985667,10.059538377476029,0.00017269563115935956
ENGINEERING_SAMPLE,imbalance_10,Q4,30000,500,1438,99.7913769123783,-9.891544563458497,-9.684280351887631,0.0,-12.528392771503407,-7.420658745707725,-7.813186868862538,-11.963107348608226,10.059501594944477,0.00013591309960729603
ENGINEERING_SAMPLE,imbalance_10,Q4,500,100,1438,100.0,-10.037297904773677,-10.052677070322176,0.0,-10.052765949360706,-10.052619664329185,-7.8131506943784155,-11.963071193377205,10.050890937042826,4.182974617047193e-05
ENGINEERING_SAMPLE,imbalance_10,Q4,500,1000,1438,100.0,-10.037359206421831,-10.052677070322176,0.0,-10.052765949360706,-10.052619664329185,-7.813191390646604,-11.963111867985667,10.050952272276284,0.00010316497962717768
ENGINEERING_SAMPLE,imbalance_10,Q4,500,500,1438,100.0,-10.037352395151082,-10.052677070322176,0.0,-10.052765949360706,-10.052619664329185,-7.813186868862538,-11.963107348608226,10.050945457250345,9.634995368754371e-05
ENGINEERING_SAMPLE,imbalance_10,Q4,5000,100,1438,100.0,-9.96578147904283,-10.052669297935912,0.0,-10.895623481290555,-9.051292732958231,-7.8131506943784155,-11.963071193377205,10.062953950639255,4.04031991801448e-05
ENGINEERING_SAMPLE,imbalance_10,Q4,5000,1000,1438,100.0,-9.965892110776512,-10.052669297935912,0.0,-10.895623481290555,-9.051292732958231,-7.813191390646604,-11.963111867985667,10.063064639866544,0.00015109242646764757
ENGINEERING_SAMPLE,imbalance_10,Q4,5000,500,1438,100.0,-9.965864226534851,-10.052669297935912,0.0,-10.895623481290555,-9.051292732958231,-7.813186868862538,-11.963107348608226,10.06303674191719,0.00012319447711275466
ENGINEERING_SAMPLE,imbalance_10,Q4,60000,100,1438,99.7913769123783,-9.730415160844784,-9.683565677138846,0.0,-14.404275158748913,-5.460776806696063,-7.8131506943784155,-11.963071193377205,10.059983698991122,2.8184464107313727e-05
ENGINEERING_SAMPLE,imbalance_10,Q4,60000,1000,1438,99.7913769123783,-9.730455917720525,-9.683565677138846,0.0,-14.404275158748913,-5.460776806696063,-7.813191390646604,-11.963111867985667,10.060024462532748,6.894800573501255e-05
ENGINEERING_SAMPLE,imbalance_10,Q4,60000,500,1438,99.7913769123783,-9.730451389202322,-9.683565677138846,0.0,-14.404275158748913,-5.460776806696063,-7.813186868862538,-11.963107348608226,10.060019933250345,6.441872333193491e-05
ENGINEERING_SAMPLE,imbalance_10,Q5,1000,100,1439,99.72202918693537,-9.960615216931657,-10.052667355197707,0.0,-10.052737105922702,-9.525778902419738,-8.01095636429699,-11.802234848819039,10.064419723297434,9.947679683080526e-05
ENGINEERING_SAMPLE,imbalance_10,Q5,1000,1000,1439,99.72202918693537,-9.96143782399652,-10.052667355197707,0.0,-10.052737105922702,-9.525778902419738,-8.011725364477808,-11.803003442334234,10.065242697112211,0.0009224506116079155
ENGINEERING_SAMPLE,imbalance_10,Q5,1000,500,1439,99.72202918693537,-9.961080912204565,-10.052667355197707,0.0,-10.052737105922702,-9.525778902419738,-8.011376127369457,-11.802654389274991,10.064885621937176,0.0005653754365722897
ENGINEERING_SAMPLE,imbalance_10,Q5,15000,100,1439,98.33217512161222,-9.78749220379481,-9.841992106192265,0.0,-11.507766754037636,-8.051995596361204,-8.01095636429699,-11.802234848819039,10.070524512378379,0.00012112077419200509
ENGINEERING_SAMPLE,imbalance_10,Q5,15000,1000,1439,98.33217512161222,-9.788330775255362,-9.841992106192265,0.0,-11.507766754037636,-8.051995596361204,-8.011725364477808,-11.803003442334234,10.071363518297439,0.0009601266932516285
ENGINEERING_SAMPLE,imbalance_10,Q5,15000,500,1439,98.33217512161222,-9.787956344202248,-9.841992106192265,0.0,-11.507766754037636,-8.051995596361204,-8.011376127369457,-11.802654389274991,10.070988889273307,0.0005854976691213309
ENGINEERING_SAMPLE,imbalance_10,Q5,250,100,1439,99.86101459346769,-10.021059267192701,-10.052671240817444,0.0,-10.052737105922702,-10.052615509336029,-8.01095636429699,-11.802234848819039,10.055999387940222,9.93383461741166e-05
ENGINEERING_SAMPLE,imbalance_10,Q5,250,1000,1439,99.86101459346769,-10.021880700672902,-10.052671240817444,0.0,-10.052737105922702,-10.052615509336029,-8.011725364477808,-11.803003442334234,10.056821216349551,0.0009211667555026852
ENGINEERING_SAMPLE,imbalance_10,Q5,250,500,1439,99.86101459346769,-10.021524298317168,-10.052671240817444,0.0,-10.052737105922702,-10.052615509336029,-8.011376127369457,-11.802654389274991,10.056464638147618,0.0005645885535707974
ENGINEERING_SAMPLE,imbalance_10,Q5,3000,100,1439,99.09659485753996,-9.859367337933028,-10.052648767665913,0.0,-10.105239328658369,-9.156789134011051,-8.01095636429699,-11.802234848819039,10.065784313683922,0.00010010158447956639
ENGINEERING_SAMPLE,imbalance_10,Q5,3000,1000,1439,99.09659485753996,-9.86016301797047,-10.052648767665913,0.0,-10.105239328658369,-9.156789134011051,-8.011725364477808,-11.803003442334234,10.066580425476323,0.0008962133768789605
ENGINEERING_SAMPLE,imbalance_10,Q5,3000,500,1439,99.09659485753996,-9.859808784668067,-10.052648767665913,0.0,-10.105239328658369,-9.156789134011051,-8.011376127369457,-11.802654389274991,10.066226005888934,0.0005417937894921389
ENGINEERING_SAMPLE,imbalance_10,Q5,30000,100,1439,98.26268241834607,-9.84550690628493,-9.841800368261941,0.0,-12.565388523171642,-7.26310024697079,-8.01095636429699,-11.802234848819039,10.068803083575416,0.00010094986914537355
ENGINEERING_SAMPLE,imbalance_10,Q5,30000,1000,1439,98.26268241834607,-9.84634169389578,-9.841800368261941,0.0,-12.565388523171642,-7.26310024697079,-8.011725364477808,-11.803003442334234,10.069638282735486,0.0009361490292173968
ENGINEERING_SAMPLE,imbalance_10,Q5,30000,500,1439,98.26268241834607,-9.84597952438649,-9.841800368261941,0.0,-12.565388523171642,-7.26310024697079,-8.011376127369457,-11.802654389274991,10.069275903119843,0.0005737694135737741
ENGINEERING_SAMPLE,imbalance_10,Q5,500,100,1439,99.79152189020152,-9.993554355122106,-10.052669297935912,0.0,-10.052737105922702,-9.78927894701409,-8.01095636429699,-11.802234848819039,10.054096181240856,9.940752329540776e-05
ENGINEERING_SAMPLE,imbalance_10,Q5,500,1000,1439,99.79152189020152,-9.99439258424028,-10.052669297935912,0.0,-10.052737105922702,-9.789292273632991,-8.011725364477808,-11.803003442334234,10.054934794859582,0.0009380211420218047
ENGINEERING_SAMPLE,imbalance_10,Q5,500,500,1439,99.79152189020152,-9.994019720367307,-10.052669297935912,0.0,-10.052737105922702,-9.78927894701409,-8.011376127369457,-11.802654389274991,10.054561755438646,0.0005649817210872115
ENGINEERING_SAMPLE,imbalance_10,Q5,5000,100,1439,98.61014593467686,-9.808637072137232,-10.052618833278055,0.0,-10.737700596782016,-8.73688302305149,-8.01095636429699,-11.802234848819039,10.072560082479761,8.670781569324752e-05
ENGINEERING_SAMPLE,imbalance_10,Q5,5000,1000,1439,98.61014593467686,-9.809415753068803,-10.052618833278055,0.0,-10.737700596782016,-8.73688302305149,-8.011725364477808,-11.803003442334234,10.0733391882109,0.0008658135468324591
ENGINEERING_SAMPLE,imbalance_10,Q5,5000,500,1439,98.61014593467686,-9.809062099435664,-10.052618833278055,0.0,-10.737700596782016,-8.73688302305149,-8.011376127369457,-11.802654389274991,10.072985346178086,0.0005119715140200344
ENGINEERING_SAMPLE,imbalance_10,Q5,60000,100,1439,98.26268241834607,-9.858170908157586,-9.947263450590153,0.0,-13.897774522152016,-5.992175846680846,-8.01095636429699,-11.802234848819039,10.071028211187647,8.701442041634952e-05
ENGINEERING_SAMPLE,imbalance_10,Q5,60000,1000,1439,98.26268241834607,-9.859044492758317,-9.947263450590153,0.0,-13.897774522152016,-5.992175846680846,-8.011725364477808,-11.803003442334234,10.07190229668902,0.0009610999217879396
ENGINEERING_SAMPLE,imbalance_10,Q5,60000,500,1439,98.26268241834607,-9.858669945313752,-9.947263450590153,0.0,-13.897774522152016,-5.992175846680846,-8.011376127369457,-11.802654389274991,10.071527529429195,0.0005863326619644574
ENGINEERING_SAMPLE,imbalance_20,Q1,1000,100,1439,100.0,-10.134319699897363,-10.052674016611155,0.0,-10.473856390188027,-10.052616063297203,-8.428807214967243,-12.691091744064508,10.04645730151233,1.9900784946138283e-05
ENGINEERING_SAMPLE,imbalance_20,Q1,1000,1000,1439,100.0,-10.134446356114937,-10.052674016611155,0.0,-10.473856390188027,-10.052616063297203,-8.429065726675761,-12.691152778371444,10.04658402934733,0.00014662861994512523
ENGINEERING_SAMPLE,imbalance_20,Q1,1000,500,1439,100.0,-10.134409890783624,-10.052674016611155,0.0,-10.473856390188027,-10.052616063297203,-8.428956484813696,-12.691138334582822,10.046547543540356,0.00011014281297233495
ENGINEERING_SAMPLE,imbalance_20,Q1,15000,100,1439,99.58304378040306,-10.511151508789101,-10.10555719837783,0.0,-12.581054018445323,-8.89385730999083,-8.428807214967243,-12.691091744064508,10.036852928035902,-1.3534806249057344e-24
ENGINEERING_SAMPLE,imbalance_20,Q1,15000,1000,1439,99.58304378040306,-10.511151508789101,-10.10555719837783,0.0,-12.581054018445323,-8.89385730999083,-8.429065726675761,-12.691152778371444,10.036852928035902,-1.3534806249057344e-24
ENGINEERING_SAMPLE,imbalance_20,Q1,15000,500,1439,99.58304378040306,-10.511151508789101,-10.10555719837783,0.0,-12.581054018445323,-8.89385730999083,-8.428956484813696,-12.691138334582822,10.036852928035902,0.0
ENGINEERING_SAMPLE,imbalance_20,Q1,250,100,1439,100.0,-10.075539842934644,-10.052668465316275,0.0,-10.052752136210819,-10.052618002253178,-8.428807214967243,-12.691091744064508,10.047374230373611,1.9900872737715537e-05
ENGINEERING_SAMPLE,imbalance_20,Q1,250,1000,1439,100.0,-10.075666499344655,-10.052668465316275,0.0,-10.052752136210819,-10.052618002253178,-8.429065726675761,-12.691152778371444,10.047500958211172,0.00014662871029729013
ENGINEERING_SAMPLE,imbalance_20,Q1,250,500,1439,100.0,-10.075630034013342,-10.052668465316275,0.0,-10.052752136210819,-10.052618002253178,-8.428956484813696,-12.691138334582822,10.047464472494552,0.0001101429936766648
ENGINEERING_SAMPLE,imbalance_20,Q1,3000,100,1439,100.0,-10.257615063128348,-10.052702624321773,0.0,-11.000321316449295,-10.052616063297203,-8.428807214967243,-12.691091744064508,10.040561165451154,1.9900784946138283e-05
ENGINEERING_SAMPLE,imbalance_20,Q1,3000,1000,1439,100.0,-10.25765113662965,-10.052702624321773,0.0,-11.000321316449295,-10.052616063297203,-8.429065726675761,-12.691152778371444,10.04059725880304,5.599413683219738e-05
ENGINEERING_SAMPLE,imbalance_20,Q1,3000,500,1439,100.0,-10.257633980559444,-10.052702624321773,0.0,-11.000321316449295,-10.052616063297203,-8.428956484813696,-12.691138334582822,10.040580093292164,3.882862595597231e-05
ENGINEERING_SAMPLE,imbalance_20,Q1,30000,100,1439,97.5677553856845,-10.510130373600923,-10.474398662581281,0.0,-14.476135531425019,-7.630593280161833,-8.428807214967243,-12.691091744064508,10.036918246318413,2.0398866697468358e-05
ENGINEERING_SAMPLE,imbalance_20,Q1,30000,1000,1439,97.5677553856845,-10.510183940082317,-10.474398662581281,0.0,-14.476135531425019,-7.630593280161833,-8.429065726675761,-12.691152778371444,10.036971837293336,7.398984162010908e-05
ENGINEERING_SAMPLE,imbalance_20,Q1,30000,500,1439,97.5677553856845,-10.51014976696001,-10.474398662581281,0.0,-14.476135531425019,-7.630593280161833,-8.428956484813696,-12.691138334582822,10.036937648102347,3.980065063270529e-05
ENGINEERING_SAMPLE,imbalance_20,Q1,500,100,1439,100.0,-10.101435509980984,-10.052673461429007,0.0,-10.052779435294367,-10.052618002253178,-8.428807214967243,-12.691091744064508,10.054678813321232,-1.3404347860243272e-24
ENGINEERING_SAMPLE,imbalance_20,Q1,500,1000,1439,100.0,-10.101435509980984,-10.052673461429007,0.0,-10.052779435294367,-10.052618002253178,-8.429065726675761,-12.691152778371444,10.054678813321232,-1.3404347860243272e-24
ENGINEERING_SAMPLE,imbalance_20,Q1,500,500,1439,100.0,-10.101435509980984,-10.052673461429007,0.0,-10.052779435294367,-10.052618002253178,-8.428956484813696,-12.691138334582822,10.054678813321232,0.0
ENGINEERING_SAMPLE,imbalance_20,Q1,5000,100,1439,100.0,-10.317747175093144,-10.052704013836452,0.0,-11.315851834688461,-9.841878786919999,-8.428807214967243,-12.691091744064508,10.04124108509653,-1.322160308922899e-24
ENGINEERING_SAMPLE,imbalance_20,Q1,5000,1000,1439,100.0,-10.317747175093144,-10.052704013836452,0.0,-11.315851834688461,-9.841878786919999,-8.429065726675761,-12.691152778371444,10.04124108509653,-1.322160308922899e-24
ENGINEERING_SAMPLE,imbalance_20,Q1,5000,500,1439,100.0,-10.317747175093144,-10.052704013836452,0.0,-11.315851834688461,-9.841878786919999,-8.428956484813696,-12.691138334582822,10.04124108509653,0.0
ENGINEERING_SAMPLE,imbalance_20,Q1,60000,100,1439,89.22863099374565,-10.979737884647047,-11.132809413500578,0.0,-16.471775785555984,-6.208889333747755,-8.428807214967243,-12.691091744064508,10.037220949374523,-1.0259488180653816e-24
ENGINEERING_SAMPLE,imbalance_20,Q1,60000,1000,1439,89.22863099374565,-10.979737884647047,-11.132809413500578,0.0,-16.471775785555984,-6.208889333747755,-8.429065726675761,-12.691152778371444,10.037220949374523,-1.0259488180653816e-24
ENGINEERING_SAMPLE,imbalance_20,Q1,60000,500,1439,89.22863099374565,-10.979737884647047,-11.132809413500578,0.0,-16.471775785555984,-6.208889333747755,-8.428956484813696,-12.691138334582822,10.037220949374523,0.0
ENGINEERING_SAMPLE,imbalance_20,Q2,1000,100,1438,100.0,-10.093707070107715,-10.052695955671076,0.0,-10.052779435294367,-10.052618002253178,-8.14840193670158,-12.763740725390235,10.044957685248997,3.994961998093746e-05
ENGINEERING_SAMPLE,imbalance_20,Q2,1000,1000,1438,100.0,-10.09379461332607,-10.052695955671076,0.0,-10.052779435294367,-10.052618002253178,-8.148435738643583,-12.763774504141244,10.045045272724705,0.00012753709568797615
ENGINEERING_SAMPLE,imbalance_20,Q2,1000,500,1438,100.0,-10.093775498146947,-10.052695955671076,0.0,-10.052779435294367,-10.052618002253178,-8.148423773894013,-12.763762547600502,10.045026148438215,0.00010841280919772097
ENGINEERING_SAMPLE,imbalance_20,Q2,15000,100,1438,98.40055632823366,-10.206392921045818,-10.05271318647125,0.0,-12.581054018445323,-7.945009410238972,-8.14840193670158,-12.763740725390235,10.039859445825133,2.8121879226526532e-05
ENGINEERING_SAMPLE,imbalance_20,Q2,15000,1000,1438,98.40055632823366,-10.206427238028875,-10.05271318647125,0.0,-12.581054018445323,-7.945009410238972,-8.148435738643583,-12.763774504141244,10.039893786851296,6.246290538942733e-05
ENGINEERING_SAMPLE,imbalance_20,Q2,15000,500,1438,98.40055632823366,-10.206415090972108,-10.05271318647125,0.0,-12.581054018445323,-7.945009410238972,-8.148423773894013,-12.763762547600502,10.03988163124592,5.03073000137867e-05
ENGINEERING_SAMPLE,imbalance_20,Q2,250,100,1438,100.0,-10.061008546509383,-10.052694010965837,0.0,-10.05276076858108,-10.052618002253178,-8.14840193670158,-12.763740725390235,10.047046060199403,3.994961998093746e-05
ENGINEERING_SAMPLE,imbalance_20,Q2,250,1000,1438,100.0,-10.061096086518283,-10.052694010965837,0.0,-10.05276076858108,-10.052618002253178,-8.148435738643583,-12.763774504141244,10.047133647675109,0.00012753709568797615
ENGINEERING_SAMPLE,imbalance_20,Q2,250,500,1438,100.0,-10.0610769724752,-10.052694010965837,0.0,-10.05276076858108,-10.052618002253178,-8.148423773894013,-12.763762547600502,10.047114523388618,0.00010841280919772097
ENGINEERING_SAMPLE,imbalance_20,Q2,3000,100,1438,100.0,-10.119904823703484,-10.052697622675531,0.0,-10.894680307713369,-9.736415481818675,-8.14840193670158,-12.763740725390235,10.043085595086454,4.138172821794905e-05
ENGINEERING_SAMPLE,imbalance_20,Q2,3000,1000,1438,100.0,-10.120081635576225,-10.052697622675531,0.0,-10.894680307713369,-9.736415481818675,-8.148435738643583,-12.763774504141244,10.043262522847908,0.00021830948967018117
ENGINEERING_SAMPLE,imbalance_20,Q2,3000,500,1438,100.0,-10.120043197708146,-10.052697622675531,0.0,-10.894680307713369,-9.736415481818675,-8.148423773894013,-12.763762547600502,10.043224060184356,0.00017984682611892747
ENGINEERING_SAMPLE,imbalance_20,Q2,30000,100,1438,97.77468706536857,-10.248741513684266,-10.632592062075041,0.0,-13.214351615097085,-6.631170937740281,-8.14840193670158,-12.763740725390235,10.041219121049318,5.8396399881490775e-05
ENGINEERING_SAMPLE,imbalance_20,Q2,30000,1000,1438,97.77468706536857,-10.248962840491043,-10.632592062075041,0.0,-13.214351615097085,-6.631170937740281,-8.148435738643583,-12.763774504141244,10.041440671581697,0.0002799469322590822
ENGINEERING_SAMPLE,imbalance_20,Q2,30000,500,1438,97.77468706536857,-10.248904903832244,-10.632592062075041,0.0,-13.214351615097085,-6.631170937740281,-8.148423773894013,-12.763762547600502,10.041382678188365,0.00022195353892618034
ENGINEERING_SAMPLE,imbalance_20,Q2,500,100,1438,100.0,-10.07766801187469,-10.052694288772082,0.0,-10.052773304469495,-10.052618002253178,-8.14840193670158,-12.763740725390235,10.051082131761495,5.714374377076054e-05
ENGINEERING_SAMPLE,imbalance_20,Q2,500,1000,1438,100.0,-10.077897337978982,-10.052694288772082,0.0,-10.052773304469495,-10.052618002253178,-8.148435738643583,-12.763774504141244,10.051311574173432,0.000286586155708661
ENGINEERING_SAMPLE,imbalance_20,Q2,500,500,1438,100.0,-10.077827853226609,-10.052694288772082,0.0,-10.052773304469495,-10.052618002253178,-8.148423773894013,-12.763762547600502,10.05124205433087,0.00021706631314708424
ENGINEERING_SAMPLE,imbalance_20,Q2,5000,100,1438,100.0,-10.134567937237332,-10.052697622675531,0.0,-11.211049240608356,-9.262163259495173,-8.14840193670158,-12.763740725390235,10.043070158147362,2.767208560885608e-05
ENGINEERING_SAMPLE,imbalance_20,Q2,5000,1000,1438,100.0,-10.134601711045272,-10.052697622675531,0.0,-11.211049240608356,-9.262163259495173,-8.148435738643583,-12.763774504141244,10.043103949908154,6.146384640197474e-05
ENGINEERING_SAMPLE,imbalance_20,Q2,5000,500,1438,100.0,-10.134589756254211,-10.052697622675531,0.0,-11.211049240608356,-9.262163259495173,-8.148423773894013,-12.763762547600502,10.043091988724841,4.950266308727968e-05
ENGINEERING_SAMPLE,imbalance_20,Q2,60000,100,1438,97.77468706536857,-10.667448844498711,-11.315387733400716,0.0,-16.27045756178075,-5.630635612859731,-8.14840193670158,-12.763740725390235,10.043416691404003,7.874876441361815e-05
ENGINEERING_SAMPLE,imbalance_20,Q2,60000,1000,1438,97.77468706536857,-10.667720129288352,-11.315387733400716,0.0,-16.27045756178075,-5.630635612859731,-8.148435738643583,-12.763774504141244,10.043688274594498,0.00035033195490750057
ENGINEERING_SAMPLE,imbalance_20,Q2,60000,500,1438,97.77468706536857,-10.667631563650886,-11.315387733400716,0.0,-16.27045756178075,-5.630635612859731,-8.148423773894013,-12.763762547600502,10.043599621597169,0.0002616789575783712
ENGINEERING_SAMPLE,imbalance_20,Q3,1000,100,1438,100.0,-10.060710881507969,-10.052679291425319,0.0,-10.052761047091677,-10.052619664329185,-8.33415129119409,-12.38163497179551,10.056980595848348,2.906956828551159e-05
ENGINEERING_SAMPLE,imbalance_20,Q3,1000,1000,1438,100.0,-10.060798127414397,-10.052679291425319,0.0,-10.052761047091677,-10.052619664329185,-8.3342386097776,-12.381722224480288,10.057067874090928,0.00011634781086656899
ENGINEERING_SAMPLE,imbalance_20,Q3,1000,500,1438,100.0,-10.060767611912487,-10.052679291425319,0.0,-10.052761047091677,-10.052619664329185,-8.33420806885584,-12.381691706607553,10.057037347029862,8.582074980114152e-05
ENGINEERING_SAMPLE,imbalance_20,Q3,15000,100,1438,99.44367176634213,-10.093385507719644,-10.052669020393108,0.0,-11.896094725692816,-8.418662785178622,-8.33415129119409,-12.38163497179551,10.049771317827446,4.301269604903848e-05
ENGINEERING_SAMPLE,imbalance_20,Q3,15000,1000,1438,99.44367176634213,-10.093629949475464,-10.052669020393108,0.0,-11.896094725692816,-8.418662785178622,-8.3342386097776,-12.381722224480288,10.050015913812858,0.00028760868145987043
ENGINEERING_SAMPLE,imbalance_20,Q3,15000,500,1438,99.44367176634213,-10.093559750574274,-10.052669020393108,0.0,-11.896094725692816,-8.418662785178622,-8.33420806885584,-12.381691706607553,10.049945673252628,0.00021736812123018513
ENGINEERING_SAMPLE,imbalance_20,Q3,250,100,1438,100.0,-10.05619738187611,-10.052680124387287,0.0,-10.05275074415757,-10.052622157640084,-8.33415129119409,-12.38163497179551,10.05377015038308,2.906956828551159e-05
ENGINEERING_SAMPLE,imbalance_20,Q3,250,1000,1438,100.0,-10.056297455323822,-10.052680124387287,0.0,-10.05275074415757,-10.052622157640084,-8.3342386097776,-12.381722224480288,10.053870271576887,0.00012919076209406277
ENGINEERING_SAMPLE,imbalance_20,Q3,250,500,1438,100.0,-10.056254106590155,-10.052680124387287,0.0,-10.05275074415757,-10.052622157640084,-8.33420806885584,-12.381691706607553,10.053826901564596,8.582074980114152e-05
ENGINEERING_SAMPLE,imbalance_20,Q3,3000,100,1438,100.0,-10.078073147653354,-10.052677070322176,0.0,-10.685159405616899,-9.562395935551924,-8.33415129119409,-12.38163497179551,10.051132005605359,2.906956828551159e-05
ENGINEERING_SAMPLE,imbalance_20,Q3,3000,1000,1438,100.0,-10.07816040369298,-10.052677070322176,0.0,-10.685159405616899,-9.562395935551924,-8.3342386097776,-12.381722224480288,10.051219283847939,0.00011634781086656899
ENGINEERING_SAMPLE,imbalance_20,Q3,3000,500,1438,100.0,-10.078129884646836,-10.052677070322176,0.0,-10.685159405616899,-9.562395935551924,-8.33420806885584,-12.381691706607553,10.051188756786873,8.582074980114152e-05
ENGINEERING_SAMPLE,imbalance_20,Q3,30000,100,1438,99.3741307371349,-10.197478648565948,-10.052670963254164,0.0,-13.013555325655936,-7.522571696779842,-8.33415129119409,-12.38163497179551,10.060576158172307,4.1607511281748564e-05
ENGINEERING_SAMPLE,imbalance_20,Q3,30000,1000,1438,99.3741307371349,-10.197620558157846,-10.052670963254164,0.0,-13.013555325655936,-7.522571696779842,-8.3342386097776,-12.381722224480288,10.060718120629184,0.00018356996815912963
ENGINEERING_SAMPLE,imbalance_20,Q3,30000,500,1438,99.3741307371349,-10.197582642846728,-10.052670963254164,0.0,-13.013555325655936,-7.522571696779842,-8.33420806885584,-12.381691706607553,10.060680193088121,0.00014564242709647033
ENGINEERING_SAMPLE,imbalance_20,Q3,500,100,1438,100.0,-10.056128355257806,-10.052680124387287,0.0,-10.052757426683275,-10.052619941352061,-8.33415129119409,-12.38163497179551,10.055535357288113,2.906956828551159e-05
ENGINEERING_SAMPLE,imbalance_20,Q3,500,1000,1438,100.0,-10.056215592412837,-10.052680124387287,0.0,-10.052757426683275,-10.052619941352061,-8.3342386097776,-12.381722224480288,10.055622635530694,0.00011634781086656899
ENGINEERING_SAMPLE,imbalance_20,Q3,500,500,1438,100.0,-10.056185079971852,-10.052680124387287,0.0,-10.052757426683275,-10.052619941352061,-8.33420806885584,-12.381691706607553,10.055592108469629,8.582074980114152e-05
ENGINEERING_SAMPLE,imbalance_20,Q3,5000,100,1438,100.0,-10.088668265539283,-10.052677070322176,0.0,-11.054664211587061,-9.26258319851178,-8.33415129119409,-12.38163497179551,10.053918664248107,7.081024326873531e-05
ENGINEERING_SAMPLE,imbalance_20,Q3,5000,1000,1438,100.0,-10.088991964559039,-10.052677070322176,0.0,-11.054664211587061,-9.26258319851178,-8.3342386097776,-12.381722224480288,10.054242549701703,0.00039469569686526273
ENGINEERING_SAMPLE,imbalance_20,Q3,5000,500,1438,100.0,-10.08890960090808,-10.052677070322176,0.0,-11.054664211587061,-9.26258319851178,-8.33420806885584,-12.381691706607553,10.054160139108077,0.00031228510323838733
ENGINEERING_SAMPLE,imbalance_20,Q3,60000,100,1438,99.3741307371349,-10.586163901383324,-10.737393485558302,0.0,-15.372183462259976,-6.5748712298145815,-8.33415129119409,-12.38163497179551,10.056725897241817,2.9252651640703756e-05
ENGINEERING_SAMPLE,imbalance_20,Q3,60000,1000,1438,99.3741307371349,-10.586251676380083,-10.737393485558302,0.0,-15.372183462259976,-6.5748712298145815,-8.3342386097776,-12.381722224480288,10.056813725172422,0.00011708058224361526
ENGINEERING_SAMPLE,imbalance_20,Q3,60000,500,1438,99.3741307371349,-10.586220975821272,-10.737393485558302,0.0,-15.372183462259976,-6.5748712298145815,-8.33420806885584,-12.381691706607553,10.05678300584855,8.636125837231736e-05
ENGINEERING_SAMPLE,imbalance_20,Q4,1000,100,1438,99.7913769123783,-10.01807179248415,-10.052675127010561,0.0,-10.052766339351706,-9.842086137706575,-8.132225295212246,-12.270471902732446,10.053905336636486,5.3536367509136354e-05
ENGINEERING_SAMPLE,imbalance_20,Q4,1000,1000,1438,99.7913769123783,-10.018272000705378,-10.052675127010561,0.0,-10.052766339351706,-9.842111741899894,-8.132372885222019,-12.270619439160768,10.05410564594269,0.0002538456737131193
ENGINEERING_SAMPLE,imbalance_20,Q4,1000,500,1438,99.7913769123783,-10.018214023155194,-10.052675127010561,0.0,-10.052766339351706,-9.842111741899894,-8.13232211444858,-12.270568687654698,10.054047640477204,0.00019584020822879276
ENGINEERING_SAMPLE,imbalance_20,Q4,15000,100,1438,99.72183588317107,-10.144903622960854,-10.052670963254164,0.0,-11.791020390953985,-8.156409418609554,-8.132225295212246,-12.270471902732446,10.063208217441291,5.357103572770441e-05
ENGINEERING_SAMPLE,imbalance_20,Q4,15000,1000,1438,99.72183588317107,-10.145072105742603,-10.052670963254164,0.0,-11.791020390953985,-8.156409418609554,-8.132372885222019,-12.270619439160768,10.063376788833551,0.00022214242798786015
ENGINEERING_SAMPLE,imbalance_20,Q4,15000,500,1438,99.72183588317107,-10.145018971406108,-10.052670963254164,0.0,-11.791020390953985,-8.156409418609554,-8.13232211444858,-12.270568687654698,10.063323624784582,0.0001689783790176598
ENGINEERING_SAMPLE,imbalance_20,Q4,250,100,1438,99.93045897079277,-10.046793138920737,-10.052677903213905,0.0,-10.052757426683275,-10.052622157640084,-8.132225295212246,-12.270471902732446,10.053822744659414,3.974521530419163e-05
ENGINEERING_SAMPLE,imbalance_20,Q4,250,1000,1438,99.93045897079277,-10.046940618295483,-10.052677903213905,0.0,-10.052757426683275,-10.052622157640084,-8.132372885222019,-12.270619439160768,10.053970293346042,0.0001872939019319602
ENGINEERING_SAMPLE,imbalance_20,Q4,250,500,1438,99.93045897079277,-10.046889885545555,-10.052677903213905,0.0,-10.052757426683275,-10.052622157640084,-8.13232211444858,-12.270568687654698,10.053919537040297,0.00013653759618755088
ENGINEERING_SAMPLE,imbalance_20,Q4,3000,100,1438,99.72183588317107,-9.989586774331292,-10.052673461429007,0.0,-10.564122037322873,-9.313874587458747,-8.132225295212246,-12.270471902732446,10.058626265979038,8.311599692474861e-05
ENGINEERING_SAMPLE,imbalance_20,Q4,3000,1000,1438,99.72183588317107,-9.98995133634814,-10.052673461429007,0.0,-10.564122037322873,-9.313874587458747,-8.132372885222019,-12.270619439160768,10.058991032943656,0.0004478829615433236
ENGINEERING_SAMPLE,imbalance_20,Q4,3000,500,1438,99.72183588317107,-9.98984051362832,-10.052673461429007,0.0,-10.564122037322873,-9.313874587458747,-8.13232211444858,-12.270568687654698,10.05888014987143,0.0003369998893157718
ENGINEERING_SAMPLE,imbalance_20,Q4,30000,100,1438,99.58275382475661,-10.255509876757005,-9.947316265806437,0.0,-13.318655430297088,-7.682172258588158,-8.132225295212246,-12.270471902732446,10.056511218703074,3.988399049729286e-05
ENGINEERING_SAMPLE,imbalance_20,Q4,30000,1000,1438,99.58275382475661,-10.255748858800569,-9.947316265806437,0.0,-13.318655430297088,-7.682172258588158,-8.132372885222019,-12.270619439160768,10.05675035078499,0.00027901607241272955
ENGINEERING_SAMPLE,imbalance_20,Q4,30000,500,1438,99.58275382475661,-10.255678543096915,-9.947316265806437,0.0,-13.318655430297088,-7.682172258588158,-8.13232211444858,-12.270568687654698,10.056679993201177,0.00020865848860101524
ENGINEERING_SAMPLE,imbalance_20,Q4,500,100,1438,99.86091794158554,-10.032890361753145,-10.052677070322176,0.0,-10.05276076858108,-10.052618833278055,-8.132225295212246,-12.270471902732446,10.049022482874696,5.3496060857428144e-05
ENGINEERING_SAMPLE,imbalance_20,Q4,500,1000,1438,99.86091794158554,-10.033074819361232,-10.052677070322176,0.0,-10.05276076858108,-10.052618833278055,-8.132372885222019,-12.270619439160768,10.04920703272041,0.00023804590657125217
ENGINEERING_SAMPLE,imbalance_20,Q4,500,500,1438,99.86091794158554,-10.033005550910756,-10.052677070322176,0.0,-10.05276076858108,-10.052618833278055,-8.13232211444858,-12.270568687654698,10.049137729774245,0.00016874296040589963
ENGINEERING_SAMPLE,imbalance_20,Q4,5000,100,1438,99.72183588317107,-10.020798642231593,-10.052670963254164,0.0,-11.000616477332603,-9.0513777721535,-8.132225295212246,-12.270471902732446,10.065667456227306,3.9828364290183663e-05
ENGINEERING_SAMPLE,imbalance_20,Q4,5000,1000,1438,99.72183588317107,-10.020962678418744,-10.052670963254164,0.0,-11.000616477332603,-9.0513777721535,-8.132372885222019,-12.270619439160768,10.065831573836261,0.00020394597324525175
ENGINEERING_SAMPLE,imbalance_20,Q4,5000,500,1438,99.72183588317107,-10.020895589457979,-10.052670963254164,0.0,-11.000616477332603,-9.0513777721535,-8.13232211444858,-12.270568687654698,10.06576445110271,0.0001368232396942194
ENGINEERING_SAMPLE,imbalance_20,Q4,60000,100,1438,99.58275382475661,-10.057499100011817,-9.789303933555377,0.0,-14.58172707893365,-5.9888052805280525,-8.132225295212246,-12.270471902732446,10.057025740595536,3.988399049729286e-05
ENGINEERING_SAMPLE,imbalance_20,Q4,60000,1000,1438,99.58275382475661,-10.057647127207538,-9.789303933555377,0.0,-14.58172707893365,-5.9888052805280525,-8.132372885222019,-12.270619439160768,10.057173804466126,0.0001879478610867506
ENGINEERING_SAMPLE,imbalance_20,Q4,60000,500,1438,99.58275382475661,-10.05759620509027,-9.789303933555377,0.0,-14.58172707893365,-5.9888052805280525,-8.13232211444858,-12.270568687654698,10.057122870938645,0.00013701433360440685
ENGINEERING_SAMPLE,imbalance_20,Q5,1000,100,1439,99.93050729673384,-9.975762218810804,-10.052675404617728,0.0,-10.05274211506699,-9.578501886493727,-7.731487819477127,-11.747404105798813,10.066107045004983,7.397025178761478e-05
ENGINEERING_SAMPLE,imbalance_20,Q5,1000,1000,1439,99.93050729673384,-9.976423977530475,-10.052675404617728,0.0,-10.05274211506699,-9.57863007346044,-7.732149568364987,-11.748065480165954,10.066769088991101,0.0007360142379059635
ENGINEERING_SAMPLE,imbalance_20,Q5,1000,500,1439,99.93050729673384,-9.976121149364293,-10.052675404617728,0.0,-10.05274211506699,-9.578501886493727,-7.731846755518659,-11.747762834405199,10.06646612337674,0.00043304862354259023
ENGINEERING_SAMPLE,imbalance_20,Q5,15000,100,1439,98.61014593467686,-9.621481854894807,-9.631299371314443,0.0,-11.42268579291148,-7.681707959936742,-7.731487819477127,-11.747404105798813,10.071991482490017,9.514428205930535e-05
ENGINEERING_SAMPLE,imbalance_20,Q5,15000,1000,1439,98.61014593467686,-9.622189003653236,-9.631299371314443,0.0,-11.42268579291148,-7.681707959936742,-7.732149568364987,-11.748065480165954,10.072698993188538,0.0008026549805822452
ENGINEERING_SAMPLE,imbalance_20,Q5,15000,500,1439,98.61014593467686,-9.621864745788454,-9.631299371314443,0.0,-11.42268579291148,-7.681707959936742,-7.731846755518659,-11.747762834405199,10.072374565885388,0.00047822767743247753
ENGINEERING_SAMPLE,imbalance_20,Q5,250,100,1439,99.93050729673384,-10.027121393498682,-10.05268317880655,0.0,-10.052740445246501,-10.052616894260836,-7.731487819477127,-11.747404105798813,10.060433471834923,8.767735400144462e-05
ENGINEERING_SAMPLE,imbalance_20,Q5,250,1000,1439,99.93050729673384,-10.027835537273239,-10.05268317880655,0.0,-10.052740445246501,-10.052616894260836,-7.732149568364987,-11.748065480165954,10.061147961156033,0.0008021666751118741
ENGINEERING_SAMPLE,imbalance_20,Q5,250,500,1439,99.93050729673384,-10.027525562662964,-10.05268317880655,0.0,-10.052740445246501,-10.052616894260836,-7.731846755518659,-11.747762834405199,10.060837832098265,0.0004920376173442641
ENGINEERING_SAMPLE,imbalance_20,Q5,3000,100,1439,99.37456567060458,-9.866358087343055,-10.052667355197707,0.0,-10.105406808556474,-9.104509037145997,-7.731487819477127,-11.747404105798813,10.065995997468411,7.4384071378035e-05
ENGINEERING_SAMPLE,imbalance_20,Q5,3000,1000,1439,99.37456567060458,-9.867023467411853,-10.052667355197707,0.0,-10.105406808556474,-9.104509037145997,-7.732149568364987,-11.748065480165954,10.06666174519711,0.0007401318000760668
ENGINEERING_SAMPLE,imbalance_20,Q5,3000,500,1439,99.37456567060458,-9.866718969752899,-10.052667355197707,0.0,-10.105406808556474,-9.104509037145997,-7.731846755518659,-11.747762834405199,10.066357084670218,0.0004354712731847865
ENGINEERING_SAMPLE,imbalance_20,Q5,30000,100,1439,97.28978457261988,-9.732518676942606,-9.789532422956654,0.0,-12.475744017033207,-7.152767153927718,-7.731487819477127,-11.747404105798813,10.072056785100981,9.005281898102144e-05
ENGINEERING_SAMPLE,imbalance_20,Q5,30000,1000,1439,97.28978457261988,-9.73326537925243,-9.789532422956654,0.0,-12.475744017033207,-7.152767153927718,-7.732149568364987,-11.748065480165954,10.07280386224081,0.000837129958808608
ENGINEERING_SAMPLE,imbalance_20,Q5,30000,500,1439,97.28978457261988,-9.732933837490625,-9.789532422956654,0.0,-12.475744017033207,-7.152767153927718,-7.731846755518659,-11.747762834405199,10.072472122491325,0.0005053902093236661
ENGINEERING_SAMPLE,imbalance_20,Q5,500,100,1439,99.93050729673384,-10.0048400718806,-10.052679013777183,0.0,-10.05274211506699,-9.841907963190184,-7.731487819477127,-11.747404105798813,10.060036719926055,8.767735400144462e-05
ENGINEERING_SAMPLE,imbalance_20,Q5,500,1000,1439,99.93050729673384,-10.005554235759966,-10.052679013777183,0.0,-10.05274211506699,-9.841907963190184,-7.732149568364987,-11.748065480165954,10.060751209247165,0.0008021666751118741
ENGINEERING_SAMPLE,imbalance_20,Q5,500,500,1439,99.93050729673384,-10.005244251313483,-10.052679013777183,0.0,-10.05274211506699,-9.841907963190184,-7.731846755518659,-11.747762834405199,10.060441080189397,0.0004920376173442641
ENGINEERING_SAMPLE,imbalance_20,Q5,5000,100,1439,98.88811674774149,-9.795320910055043,-10.052632687558255,0.0,-10.737741046224507,-8.630237351029681,-7.731487819477127,-11.747404105798813,10.071989796507829,7.474998037286721e-05
ENGINEERING_SAMPLE,imbalance_20,Q5,5000,1000,1439,98.88811674774149,-9.795989563251375,-10.052632687558255,0.0,-10.737741046224507,-8.630237351029681,-7.732149568364987,-11.748065480165954,10.072658819172647,0.0007437726451923932
ENGINEERING_SAMPLE,imbalance_20,Q5,5000,500,1439,98.88811674774149,-9.79568356771216,-10.052632687558255,0.0,-10.737741046224507,-8.630237351029681,-7.731846755518659,-11.747762834405199,10.072352659964318,0.00043761343686173206
ENGINEERING_SAMPLE,imbalance_20,Q5,60000,100,1439,97.28978457261988,-9.677543583358434,-9.631336284118452,0.0,-13.897774522152016,-5.835109132530883,-7.731487819477127,-11.747404105798813,10.072118981036528,7.597801576470718e-05
ENGINEERING_SAMPLE,imbalance_20,Q5,60000,1000,1439,97.28978457261988,-9.678316268928329,-9.631336284118452,0.0,-13.897774522152016,-5.8635772714187935,-7.732149568364987,-11.748065480165954,10.072892141835451,0.000849138814686902
ENGINEERING_SAMPLE,imbalance_20,Q5,60000,500,1439,97.28978457261988,-9.677985420329536,-9.631336284118452,0.0,-13.897774522152016,-5.847469077754497,-7.731846755518659,-11.747762834405199,10.072561082110962,0.0005180790901982562
ENGINEERING_SAMPLE,imbalance_5,Q1,1000,100,1439,100.0,-10.151364357731786,-10.052700401250679,0.0,-10.527521362108185,-10.052619941352061,-8.384911874673563,-13.350994406827175,10.042137539257038,4.7553640474654645e-05
ENGINEERING_SAMPLE,imbalance_5,Q1,1000,1000,1439,100.0,-10.151524767850551,-10.052700401250679,0.0,-10.527521362108185,-10.052619941352061,-8.385204164834201,-13.351089196411358,10.042298035370022,0.00020804975345870388
ENGINEERING_SAMPLE,imbalance_5,Q1,1000,500,1439,100.0,-10.151476354774498,-10.052700401250679,0.0,-10.527521362108185,-10.052619941352061,-8.385082966537194,-13.351062804390919,10.042249596691883,0.00015961107532084655
ENGINEERING_SAMPLE,imbalance_5,Q1,15000,100,1439,99.65253648366921,-10.632108955747825,-10.579380595795808,0.0,-13.319740192641252,-7.999167658803326,-8.384911874673563,-13.350994406827175,10.03724491963255,4.1491335607457745e-05
ENGINEERING_SAMPLE,imbalance_5,Q1,15000,1000,1439,99.65253648366921,-10.632195378005644,-10.579380595795808,0.0,-13.319740192641252,-7.999167658803326,-8.385204164834201,-13.351089196411358,10.037331399531148,0.00012797123420398398
ENGINEERING_SAMPLE,imbalance_5,Q1,15000,500,1439,99.65253648366921,-10.632176212078765,-10.579380595795808,0.0,-13.319740192641252,-7.999167658803326,-8.385082966537194,-13.351062804390919,10.03731222053589,0.00010879223894495341
ENGINEERING_SAMPLE,imbalance_5,Q1,250,100,1439,100.0,-10.080924618133706,-10.05268567814032,0.0,-10.052764667997002,-10.052619941352061,-8.384911874673563,-13.350994406827175,10.04613111454042,4.7553728266231896e-05
ENGINEERING_SAMPLE,imbalance_5,Q1,250,1000,1439,100.0,-10.081097852610075,-10.05268567814032,0.0,-10.052764667997002,-10.052619941352061,-8.385204164834201,-13.351089196411358,10.04630444468228,0.00022088387012437544
ENGINEERING_SAMPLE,imbalance_5,Q1,250,500,1439,100.0,-10.081036613296876,-10.05268567814032,0.0,-10.052764667997002,-10.052619941352061,-8.385082966537194,-13.351062804390919,10.046243172068179,0.0001596112560251764
ENGINEERING_SAMPLE,imbalance_5,Q1,3000,100,1439,100.0,-10.294637014621525,-10.05271318647125,0.0,-11.053985795709186,-10.052616063297203,-8.384911874673563,-13.350994406827175,10.037673897564357,4.7553640474654645e-05
ENGINEERING_SAMPLE,imbalance_5,Q1,3000,1000,1439,100.0,-10.2948102177281,-10.05271318647125,0.0,-11.053985795709186,-10.052616063297203,-8.385204164834201,-13.351089196411358,10.037847217665265,0.000220873741381992
ENGINEERING_SAMPLE,imbalance_5,Q1,3000,500,1439,100.0,-10.294748982694497,-10.05271318647125,0.0,-11.053985795709186,-10.052616063297203,-8.385082966537194,-13.351062804390919,10.03778594481006,0.00015960088617797313
ENGINEERING_SAMPLE,imbalance_5,Q1,30000,100,1439,97.22029186935372,-10.643756911638235,-10.790064448812466,0.0,-14.476135531425019,-7.0525074119127735,-8.384911874673563,-13.350994406827175,10.033013243435414,5.8688590588546124e-05
ENGINEERING_SAMPLE,imbalance_5,Q1,30000,1000,1439,97.22029186935372,-10.643995994532467,-10.790064448812466,0.0,-14.476135531425019,-7.0525074119127735,-8.385204164834201,-13.351089196411358,10.033252559634763,0.0002980047899360498
ENGINEERING_SAMPLE,imbalance_5,Q1,30000,500,1439,97.22029186935372,-10.643921119320908,-10.790064448812466,0.0,-14.476135531425019,-7.0525074119127735,-8.385082966537194,-13.351062804390919,10.033177618944704,0.00022306409987863445
ENGINEERING_SAMPLE,imbalance_5,Q1,500,100,1439,100.0,-10.113814490604614,-10.052697622675531,0.0,-10.105463639049509,-10.052619941352061,-8.384911874673563,-13.350994406827175,10.053782469459792,5.710403303846676e-05
ENGINEERING_SAMPLE,imbalance_5,Q1,500,1000,1439,100.0,-10.114043657343998,-10.052697622675531,0.0,-10.105463639049509,-10.052619941352061,-8.385204164834201,-13.351089196411358,10.054011752425996,0.0002863869992418725
ENGINEERING_SAMPLE,imbalance_5,Q1,500,500,1439,100.0,-10.113974220878456,-10.052697622675531,0.0,-10.105463639049509,-10.052619941352061,-8.385082966537194,-13.351062804390919,10.05394228089465,0.00021691546789819817
ENGINEERING_SAMPLE,imbalance_5,Q1,5000,100,1439,100.0,-10.366073550020348,-10.052728759462953,0.0,-11.476311805324766,-9.77848420350745,-8.384911874673563,-13.350994406827175,10.037835534067924,2.765285552851636e-05
ENGINEERING_SAMPLE,imbalance_5,Q1,5000,1000,1439,100.0,-10.366107300357955,-10.052728759462953,0.0,-11.476311805324766,-9.77848420350745,-8.385204164834201,-13.351089196411358,10.037869302345909,6.142113351357865e-05
ENGINEERING_SAMPLE,imbalance_5,Q1,5000,500,1439,100.0,-10.366095353874602,-10.052728759462953,0.0,-11.476311805324766,-9.77848420350745,-8.385082966537194,-13.351062804390919,10.037857349474745,4.946826234851159e-05
ENGINEERING_SAMPLE,imbalance_5,Q1,60000,100,1439,94.1626129256428,-11.453718412872709,-11.63403983777997,0.0,-16.787472165339203,-5.623582228130704,-8.384911874673563,-13.350994406827175,10.037313411984766,6.057536305061591e-05
ENGINEERING_SAMPLE,imbalance_5,Q1,60000,1000,1439,94.1626129256428,-11.453961592252886,-11.63403983777997,0.0,-16.787472165339203,-5.623582228130704,-8.385204164834201,-13.351089196411358,10.037556886167973,0.0003040495462573349
ENGINEERING_SAMPLE,imbalance_5,Q1,60000,500,1439,94.1626129256428,-11.45388791276856,-11.63403983777997,0.0,-16.787472165339203,-5.623582228130704,-8.385082966537194,-13.351062804390919,10.037483123087076,0.00023028646536169442
ENGINEERING_SAMPLE,imbalance_5,Q2,1000,100,1438,100.0,-10.085152142217675,-10.052683734193563,0.0,-10.052779435294367,-10.052634073387539,-8.512336338242857,-12.514008688808044,10.055299707838579,-5.315131614893601e-25
ENGINEERING_SAMPLE,imbalance_5,Q2,1000,1000,1438,100.0,-10.085152142217675,-10.052683734193563,0.0,-10.052779435294367,-10.052634073387539,-8.512336338242857,-12.514008688808044,10.055299707838579,-5.315131614893601e-25
ENGINEERING_SAMPLE,imbalance_5,Q2,1000,500,1438,100.0,-10.085152142217675,-10.052683734193563,0.0,-10.052779435294367,-10.052634073387539,-8.512336338242857,-12.514008688808044,10.055299707838579,0.0
ENGINEERING_SAMPLE,imbalance_5,Q2,15000,100,1438,99.02642559109874,-10.282277638078451,-10.052670963254164,0.0,-12.053074832511692,-8.556439230101141,-8.512336338242857,-12.514008688808044,10.047736797651119,-5.147123418255191e-25
ENGINEERING_SAMPLE,imbalance_5,Q2,15000,1000,1438,99.02642559109874,-10.282382073804781,-10.052670963254164,0.0,-12.053074832511692,-8.556439230101141,-8.512336338242857,-12.514008688808044,10.047841324704306,0.00010452705318751065
ENGINEERING_SAMPLE,imbalance_5,Q2,15000,500,1438,99.02642559109874,-10.282349626008791,-10.052670963254164,0.0,-12.053074832511692,-8.556439230101141,-8.512336338242857,-12.514008688808044,10.047808850273322,7.205262220334849e-05
ENGINEERING_SAMPLE,imbalance_5,Q2,250,100,1438,100.0,-10.058810019471226,-10.052683734193563,0.0,-10.05275074415757,-10.052638231313296,-8.512336338242857,-12.514008688808044,10.051999698672118,-5.425228218781439e-25
ENGINEERING_SAMPLE,imbalance_5,Q2,250,1000,1438,100.0,-10.058810019471226,-10.052683734193563,0.0,-10.05275074415757,-10.052638231313296,-8.512336338242857,-12.514008688808044,10.051999698672118,-5.425228218781439e-25
ENGINEERING_SAMPLE,imbalance_5,Q2,250,500,1438,100.0,-10.058810019471226,-10.052683734193563,0.0,-10.05275074415757,-10.052638231313296,-8.512336338242857,-12.514008688808044,10.051999698672118,0.0
ENGINEERING_SAMPLE,imbalance_5,Q2,3000,100,1438,100.0,-10.12506476943729,-10.052688177711241,0.0,-10.78968991798918,-9.842031913566094,-8.512336338242857,-12.514008688808044,10.052103717215081,-6.084434761173e-25
ENGINEERING_SAMPLE,imbalance_5,Q2,3000,1000,1438,100.0,-10.12506476943729,-10.052688177711241,0.0,-10.78968991798918,-9.842031913566094,-8.512336338242857,-12.514008688808044,10.052103717215081,-6.084434761173e-25
ENGINEERING_SAMPLE,imbalance_5,Q2,3000,500,1438,100.0,-10.12506476943729,-10.052688177711241,0.0,-10.78968991798918,-9.842031913566094,-8.512336338242857,-12.514008688808044,10.052103717215081,0.0
ENGINEERING_SAMPLE,imbalance_5,Q2,30000,100,1438,98.67872044506258,-10.460843500068282,-10.578776696269234,0.0,-12.743559966216216,-7.682172258588158,-8.512336338242857,-12.514008688808044,10.05444171871772,-7.765119571763195e-25
ENGINEERING_SAMPLE,imbalance_5,Q2,30000,1000,1438,98.67872044506258,-10.460843500068282,-10.578776696269234,0.0,-12.743559966216216,-7.682172258588158,-8.512336338242857,-12.514008688808044,10.05444171871772,-7.765119571763195e-25
ENGINEERING_SAMPLE,imbalance_5,Q2,30000,500,1438,98.67872044506258,-10.460843500068282,-10.578776696269234,0.0,-12.743559966216216,-7.682172258588158,-8.512336338242857,-12.514008688808044,10.05444171871772,0.0
ENGINEERING_SAMPLE,imbalance_5,Q2,500,100,1438,100.0,-10.074493690280507,-10.052683734193563,0.0,-10.05276076858108,-10.052638231313296,-8.512336338242857,-12.514008688808044,10.060285489663828,-5.315188065615739e-25
ENGINEERING_SAMPLE,imbalance_5,Q2,500,1000,1438,100.0,-10.074493690280507,-10.052683734193563,0.0,-10.05276076858108,-10.052638231313296,-8.512336338242857,-12.514008688808044,10.060285489663828,-5.315188065615739e-25
ENGINEERING_SAMPLE,imbalance_5,Q2,500,500,1438,100.0,-10.074493690280507,-10.052683734193563,0.0,-10.05276076858108,-10.052638231313296,-8.512336338242857,-12.514008688808044,10.060285489663828,0.0
ENGINEERING_SAMPLE,imbalance_5,Q2,5000,100,1438,100.0,-10.167739125394759,-10.052697622675531,0.0,-11.053347103954135,-9.367875156133888,-8.512336338242857,-12.514008688808044,10.054053284938453,-7.220844686950437e-25
ENGINEERING_SAMPLE,imbalance_5,Q2,5000,1000,1438,100.0,-10.167739125394759,-10.052697622675531,0.0,-11.053347103954135,-9.367875156133888,-8.512336338242857,-12.514008688808044,10.054053284938453,-7.220844686950437e-25
ENGINEERING_SAMPLE,imbalance_5,Q2,5000,500,1438,100.0,-10.167739125394759,-10.052697622675531,0.0,-11.053347103954135,-9.367875156133888,-8.512336338242857,-12.514008688808044,10.054053284938453,0.0
ENGINEERING_SAMPLE,imbalance_5,Q2,60000,100,1438,97.49652294853963,-10.72451328026285,-11.00071138746904,0.0,-15.584799637333559,-6.5788032459701835,-8.512336338242857,-12.514008688808044,10.049159929170303,2.2195036622093097e-25
ENGINEERING_SAMPLE,imbalance_5,Q2,60000,1000,1438,97.49652294853963,-10.72451328026285,-11.00071138746904,0.0,-15.584799637333559,-6.5788032459701835,-8.512336338242857,-12.514008688808044,10.049159929170303,2.2195036622093097e-25
ENGINEERING_SAMPLE,imbalance_5,Q2,60000,500,1438,97.49652294853963,-10.72451328026285,-11.00071138746904,0.0,-15.584799637333559,-6.5788032459701835,-8.512336338242857,-12.514008688808044,10.049159929170303,0.0
ENGINEERING_SAMPLE,imbalance_5,Q3,1000,100,1438,100.0,-10.073538679902226,-10.052692066404129,0.0,-10.052773806040062,-10.052618002253178,-8.157937686283047,-12.340772820849892,10.052480581279056,4.134710265759297e-05
ENGINEERING_SAMPLE,imbalance_5,Q3,1000,1000,1438,100.0,-10.073679691653007,-10.052692066404129,0.0,-10.052773806040062,-10.052618002253178,-8.158025004866559,-12.340860073534673,10.052621655236551,0.0001824210601525704
ENGINEERING_SAMPLE,imbalance_5,Q3,1000,500,1438,100.0,-10.0736420170253,-10.052692066404129,0.0,-10.052773806040062,-10.052618002253178,-8.1579944639448,-12.340829555661935,10.05258396507231,0.00014473089591158283
ENGINEERING_SAMPLE,imbalance_5,Q3,15000,100,1438,98.74826147426982,-9.992352248818843,-10.052627699177018,0.0,-11.894248081114375,-8.313676074382997,-8.157937686283047,-12.340772820849892,10.042830813934335,2.9438055770820892e-05
ENGINEERING_SAMPLE,imbalance_5,Q3,15000,1000,1438,98.74826147426982,-9.992440603924367,-10.052627699177018,0.0,-11.894248081114375,-8.313676074382997,-8.158025004866559,-12.340860073534673,10.042919198520837,0.00011782264227191986
ENGINEERING_SAMPLE,imbalance_5,Q3,15000,500,1438,98.74826147426982,-9.992409700464227,-10.052627699177018,0.0,-11.894248081114375,-8.313676074382997,-8.1579944639448,-12.340829555661935,10.042888284497026,8.690861846059261e-05
ENGINEERING_SAMPLE,imbalance_5,Q3,250,100,1438,100.0,-10.060390984674221,-10.052692066404129,0.0,-10.05276076858108,-10.052627699177018,-8.157937686283047,-12.340772820849892,10.052977151734217,4.134710265759297e-05
ENGINEERING_SAMPLE,imbalance_5,Q3,250,1000,1438,100.0,-10.060531987673606,-10.052692066404129,0.0,-10.05276076858108,-10.052627699177018,-8.158025004866559,-12.340860073534673,10.053118225691712,0.0001824210601525704
ENGINEERING_SAMPLE,imbalance_5,Q3,250,500,1438,100.0,-10.060494316106823,-10.052692066404129,0.0,-10.05276076858108,-10.052627699177018,-8.1579944639448,-12.340829555661935,10.05308053552747,0.00014473089591158283
ENGINEERING_SAMPLE,imbalance_5,Q3,3000,100,1438,100.0,-10.083797859337562,-10.052692066404129,0.0,-10.790010327965602,-9.368241410369185,-8.157937686283047,-12.340772820849892,10.04817186884902,4.2779210894604567e-05
ENGINEERING_SAMPLE,imbalance_5,Q3,3000,1000,1438,100.0,-10.083937533157373,-10.052692066404129,0.0,-10.790010327965602,-9.368241410369185,-8.158025004866559,-12.340860073534673,10.04831159067911,0.0001825010409837283
ENGINEERING_SAMPLE,imbalance_5,Q3,3000,500,1438,100.0,-10.083899854985455,-10.052692066404129,0.0,-10.790010327965602,-9.368241410369185,-8.1579944639448,-12.340829555661935,10.048273900967551,0.00014481132942531296
ENGINEERING_SAMPLE,imbalance_5,Q3,30000,100,1438,97.77468706536857,-10.108444567535342,-10.157846528008086,0.0,-13.111423581615478,-7.522571696779842,-8.157937686283047,-12.340772820849892,10.052994353187314,5.010102989887002e-05
ENGINEERING_SAMPLE,imbalance_5,Q3,30000,1000,1438,97.77468706536857,-10.108583861968267,-10.157846528008086,0.0,-13.111423581615478,-7.522571696779842,-8.158025004866559,-12.340860073534673,10.053133693650418,0.00018944149300258273
ENGINEERING_SAMPLE,imbalance_5,Q3,30000,500,1438,97.77468706536857,-10.1085219613064,-10.157846528008086,0.0,-13.111423581615478,-7.522571696779842,-8.1579944639448,-12.340829555661935,10.053071770188497,0.0001275180310827594
ENGINEERING_SAMPLE,imbalance_5,Q3,500,100,1438,100.0,-10.061437867183178,-10.052692066404129,0.0,-10.052761047091677,-10.052619941352061,-8.157937686283047,-12.340772820849892,10.05234102212597,2.906956828551159e-05
ENGINEERING_SAMPLE,imbalance_5,Q3,500,1000,1438,100.0,-10.061525104338209,-10.052692066404129,0.0,-10.052761047091677,-10.052619941352061,-8.158025004866559,-12.340860073534673,10.052428300368552,0.00011634781086656899
ENGINEERING_SAMPLE,imbalance_5,Q3,500,500,1438,100.0,-10.061494591897223,-10.052692066404129,0.0,-10.052761047091677,-10.052619941352061,-8.1579944639448,-12.340829555661935,10.052397773307487,8.582074980114152e-05
ENGINEERING_SAMPLE,imbalance_5,Q3,5000,100,1438,100.0,-10.057318374898353,-10.052688177711241,0.0,-11.001909856866252,-9.104423724614842,-8.157937686283047,-12.340772820849892,10.047786914601124,5.853270889665393e-05
ENGINEERING_SAMPLE,imbalance_5,Q3,5000,1000,1438,100.0,-10.057588308073754,-10.052688177711241,0.0,-11.001909856866252,-9.104423724614842,-8.158025004866559,-12.340860073534673,10.048057004339805,0.0003286224475792614
ENGINEERING_SAMPLE,imbalance_5,Q3,5000,500,1438,100.0,-10.057513103548592,-10.052688177711241,0.0,-11.001909856866252,-9.104423724614842,-8.1579944639448,-12.340829555661935,10.047981756849355,0.0002533749571279461
ENGINEERING_SAMPLE,imbalance_5,Q3,60000,100,1438,97.14881780250347,-10.404717489723184,-10.052615509336029,0.0,-14.74023681423204,-6.467968654882796,-8.157937686283047,-12.340772820849892,10.05010167817258,2.9922719537985447e-05
ENGINEERING_SAMPLE,imbalance_5,Q3,60000,1000,1438,97.14881780250347,-10.404807275313999,-10.052615509336029,0.0,-14.74023681423204,-6.467968654882796,-8.158025004866559,-12.340860073534673,10.050191517909752,0.00011976245671161503
ENGINEERING_SAMPLE,imbalance_5,Q3,60000,500,1438,97.14881780250347,-10.404775871521197,-10.052615509336029,0.0,-14.74023681423204,-6.467968654882796,-8.1579944639448,-12.340829555661935,10.050160094922056,8.833946901506193e-05
ENGINEERING_SAMPLE,imbalance_5,Q4,1000,100,1438,99.86091794158554,-10.018102140184025,-10.05267373901862,0.0,-10.052764110902295,-10.0,-7.857894022792103,-11.860169928275246,10.052490945038834,-5.89831241414115e-25
ENGINEERING_SAMPLE,imbalance_5,Q4,1000,1000,1438,99.86091794158554,-10.018102140184025,-10.05267373901862,0.0,-10.052764110902295,-10.0,-7.857894022792103,-11.860169928275246,10.052490945038834,-5.89831241414115e-25
ENGINEERING_SAMPLE,imbalance_5,Q4,1000,500,1438,99.86091794158554,-10.018102140184025,-10.05267373901862,0.0,-10.052764110902295,-10.0,-7.857894022792103,-11.860169928275246,10.052490945038834,0.0
ENGINEERING_SAMPLE,imbalance_5,Q4,15000,100,1438,99.86091794158554,-9.9135311803077,-10.026307754668014,0.0,-11.63505733478979,-8.022792485073582,-7.857894022792103,-11.860169928275246,10.060388817859911,-9.238606477826058e-25
ENGINEERING_SAMPLE,imbalance_5,Q4,15000,1000,1438,99.86091794158554,-9.9135311803077,-10.026307754668014,0.0,-11.63505733478979,-8.022792485073582,-7.857894022792103,-11.860169928275246,10.060388817859911,-9.238606477826058e-25
ENGINEERING_SAMPLE,imbalance_5,Q4,15000,500,1438,99.86091794158554,-9.9135311803077,-10.026307754668014,0.0,-11.63505733478979,-8.022792485073582,-7.857894022792103,-11.860169928275246,10.060388817859911,0.0
ENGINEERING_SAMPLE,imbalance_5,Q4,250,100,1438,100.0,-10.046673201356102,-10.052680124387287,0.0,-10.052757426683275,-10.052618002253178,-7.857894022792103,-11.860169928275246,10.053775403420284,-6.403833919635346e-25
ENGINEERING_SAMPLE,imbalance_5,Q4,250,1000,1438,100.0,-10.046673201356102,-10.052680124387287,0.0,-10.052757426683275,-10.052618002253178,-7.857894022792103,-11.860169928275246,10.053775403420284,-6.403833919635346e-25
ENGINEERING_SAMPLE,imbalance_5,Q4,250,500,1438,100.0,-10.046673201356102,-10.052680124387287,0.0,-10.052757426683275,-10.052618002253178,-7.857894022792103,-11.860169928275246,10.053775403420284,0.0
ENGINEERING_SAMPLE,imbalance_5,Q4,3000,100,1438,99.86091794158554,-9.95327228097918,-10.052664025122768,0.0,-10.158292332706885,-9.262163259495173,-7.857894022792103,-11.860169928275246,10.054526194152398,2.9504175625921094e-05
ENGINEERING_SAMPLE,imbalance_5,Q4,3000,1000,1438,99.86091794158554,-9.953455232373315,-10.052664025122768,0.0,-10.158292332706885,-9.262163259495173,-7.857894022792103,-11.860169928275246,10.054709260260612,0.0002125702838390332
ENGINEERING_SAMPLE,imbalance_5,Q4,3000,500,1438,99.86091794158554,-9.953410477721246,-10.052664025122768,0.0,-10.158292332706885,-9.262163259495173,-7.857894022792103,-11.860169928275246,10.054664477546506,0.00016778756973255215
ENGINEERING_SAMPLE,imbalance_5,Q4,30000,100,1438,99.51321279554938,-9.916930113350661,-9.841800368261941,0.0,-12.475744017033207,-7.097483579378657,-7.857894022792103,-11.860169928275246,10.059353326775945,1.2337592192210361e-05
ENGINEERING_SAMPLE,imbalance_5,Q4,30000,1000,1438,99.51321279554938,-9.916984142200542,-9.841800368261941,0.0,-12.475744017033207,-7.097483579378657,-7.857894022792103,-11.860169928275246,10.059407385642503,6.639645875141162e-05
ENGINEERING_SAMPLE,imbalance_5,Q4,30000,500,1438,99.51321279554938,-9.916976948054565,-9.841800368261941,0.0,-12.475744017033207,-7.097483579378657,-7.857894022792103,-11.860169928275246,10.059400187499689,5.9198315937676165e-05
ENGINEERING_SAMPLE,imbalance_5,Q4,500,100,1438,99.93045897079277,-10.034283922205635,-10.052677070322176,0.0,-10.05276076858108,-10.052618002253178,-7.857894022792103,-11.860169928275246,10.049315183211103,1.3713617953474906e-05
ENGINEERING_SAMPLE,imbalance_5,Q4,500,1000,1438,99.93045897079277,-10.034304579875624,-10.052677070322176,0.0,-10.05276076858108,-10.052618002253178,-7.857894022792103,-11.860169928275246,10.049335854319992,3.438472684352018e-05
ENGINEERING_SAMPLE,imbalance_5,Q4,500,500,1438,99.93045897079277,-10.034302284578958,-10.052677070322176,0.0,-10.05276076858108,-10.052618002253178,-7.857894022792103,-11.860169928275246,10.049333557530115,3.208793696684848e-05
ENGINEERING_SAMPLE,imbalance_5,Q4,5000,100,1438,99.86091794158554,-9.969372458071664,-10.05265348266307,0.0,-10.870435059660725,-9.051292732958231,-7.857894022792103,-11.860169928275246,10.062125304147647,1.2294634002126063e-05
ENGINEERING_SAMPLE,imbalance_5,Q4,5000,1000,1438,99.86091794158554,-9.96942629879881,-10.05265348266307,0.0,-10.870435059660725,-9.051292732958231,-7.857894022792103,-11.860169928275246,10.062179174786955,6.616527331007663e-05
ENGINEERING_SAMPLE,imbalance_5,Q4,5000,500,1438,99.86091794158554,-9.969419129702086,-10.05265348266307,0.0,-10.870435059660725,-9.051292732958231,-7.857894022792103,-11.860169928275246,10.062172001707314,5.8992193667698185e-05
ENGINEERING_SAMPLE,imbalance_5,Q4,60000,100,1438,96.94019471488178,-9.725759818414515,-9.683565677138846,0.0,-13.897774522152016,-5.830930959471161,-7.857894022792103,-11.860169928275246,10.056590972321134,2.0546015661379155e-05
ENGINEERING_SAMPLE,imbalance_5,Q4,60000,1000,1438,96.94019471488178,-9.725797062570967,-9.683565677138846,0.0,-13.897774522152016,-5.830930959471161,-7.857894022792103,-11.860169928275246,10.056628230891857,5.780458638540671e-05
ENGINEERING_SAMPLE,imbalance_5,Q4,60000,500,1438,96.94019471488178,-9.725779352682148,-9.683565677138846,0.0,-13.897774522152016,-5.830930959471161,-7.857894022792103,-11.860169928275246,10.056610514148936,4.008784346491678e-05
ENGINEERING_SAMPLE,imbalance_5,Q5,1000,100,1439,99.86101459346769,-9.954358224879357,-10.052665412602815,0.0,-10.052739053810193,-9.525795401327198,-7.861745483867084,-11.787574955188262,10.066008644444642,0.0001274835834698683
ENGINEERING_SAMPLE,imbalance_5,Q5,1000,1000,1439,99.86101459346769,-9.955220373686837,-10.052665412602815,0.0,-10.052739053810193,-9.525806400598837,-7.862555180316091,-11.788384223311915,10.066871179661371,0.0009900188001997923
ENGINEERING_SAMPLE,imbalance_5,Q5,1000,500,1439,99.86101459346769,-9.954859437926583,-10.052665412602815,0.0,-10.052739053810193,-9.525806400598837,-7.862201421423674,-11.788030650875232,10.06651007848084,0.000628917619667754
ENGINEERING_SAMPLE,imbalance_5,Q5,15000,100,1439,98.47116052814455,-9.756784298817635,-9.789338349588741,0.0,-11.496978233879767,-8.052352574751243,-7.861745483867084,-11.787574955188262,10.073575392260794,0.00014949230873372084
ENGINEERING_SAMPLE,imbalance_5,Q5,15000,1000,1439,98.47116052814455,-9.757662949768404,-9.789338349588741,0.0,-11.496978233879767,-8.052352574751243,-7.862555180316091,-11.788384223311915,10.074454495336097,0.0010285953840372599
ENGINEERING_SAMPLE,imbalance_5,Q5,15000,500,1439,98.47116052814455,-9.757284462436957,-9.789338349588741,0.0,-11.496978233879767,-8.052352574751243,-7.862201421423674,-11.788030650875232,10.074075808258192,0.00064990830613127
ENGINEERING_SAMPLE,imbalance_5,Q5,250,100,1439,99.86101459346769,-10.01983899128453,-10.052669297935912,0.0,-10.052739053810193,-10.052615509336029,-7.861745483867084,-11.787574955188262,10.057566757183782,0.0001274835834698683
ENGINEERING_SAMPLE,imbalance_5,Q5,250,1000,1439,99.86101459346769,-10.02070111140236,-10.052669297935912,0.0,-10.052739053810193,-10.052615509336029,-7.862555180316091,-11.788384223311915,10.058429292400511,0.0009900188001997923
ENGINEERING_SAMPLE,imbalance_5,Q5,250,500,1439,99.86101459346769,-10.020340188332616,-10.052669297935912,0.0,-10.052739053810193,-10.052615509336029,-7.862201421423674,-11.788030650875232,10.058068191219979,0.000628917619667754
ENGINEERING_SAMPLE,imbalance_5,Q5,3000,100,1439,99.23558026407227,-9.8544354189354,-10.052632687558255,0.0,-10.05277302582948,-9.156789134011051,-7.861745483867084,-11.787574955188262,10.06693846114473,0.00012828400942707064
ENGINEERING_SAMPLE,imbalance_5,Q5,3000,1000,1439,99.23558026407227,-9.85527092764105,-10.052632687558255,0.0,-10.05277302582948,-9.156789134011051,-7.862555180316091,-11.788384223311915,10.06777442129753,0.0009642441622262891
ENGINEERING_SAMPLE,imbalance_5,Q5,3000,500,1439,99.23558026407227,-9.854912641257817,-10.052632687558255,0.0,-10.05277302582948,-9.156789134011051,-7.862201421423674,-11.788030650875232,10.067415946611352,0.000605769476048401
ENGINEERING_SAMPLE,imbalance_5,Q5,30000,100,1439,98.40166782487839,-9.824444910080455,-9.684280351887631,0.0,-12.451484999615843,-7.26310024697079,-7.861745483867084,-11.787574955188262,10.067281920024342,0.00012936993006041906
ENGINEERING_SAMPLE,imbalance_5,Q5,30000,1000,1439,98.40166782487839,-9.825411821755074,-9.684280351887631,0.0,-12.451484999615843,-7.26310024697079,-7.862555180316091,-11.788384223311915,10.068249347265299,0.001096797171018322
ENGINEERING_SAMPLE,imbalance_5,Q5,30000,500,1439,98.40166782487839,-9.825025951723092,-9.684280351887631,0.0,-12.451484999615843,-7.26310024697079,-7.862201421423674,-11.788030650875232,10.067863245891408,0.0007106957971255554
ENGINEERING_SAMPLE,imbalance_5,Q5,500,100,1439,99.86101459346769,-9.988894105649736,-10.052667355197707,0.0,-10.052738497256227,-9.736854292210674,-7.861745483867084,-11.787574955188262,10.054636071331656,0.0001274835834698683
ENGINEERING_SAMPLE,imbalance_5,Q5,500,1000,1439,99.86101459346769,-9.989772438086735,-10.052667355197707,0.0,-10.052738497256227,-9.736890874068102,-7.862555180316091,-11.788384223311915,10.055514808171411,0.0010062204232241159
ENGINEERING_SAMPLE,imbalance_5,Q5,500,500,1439,99.86101459346769,-9.98939531297357,-10.052667355197707,0.0,-10.052738497256227,-9.736854292210674,-7.862201421423674,-11.788030650875232,10.055137505367854,0.000628917619667754
ENGINEERING_SAMPLE,imbalance_5,Q5,5000,100,1439,98.74913134120918,-9.796190977359997,-10.052615509336029,0.0,-10.474658997968499,-8.73720118551898,-7.861745483867084,-11.787574955188262,10.07411751126074,0.00011504792150789122
ENGINEERING_SAMPLE,imbalance_5,Q5,5000,1000,1439,98.74913134120918,-9.797026108528721,-10.052615509336029,0.0,-10.474658997968499,-8.73720118551898,-7.862555180316091,-11.788384223311915,10.074953094584652,0.000950631245420455
ENGINEERING_SAMPLE,imbalance_5,Q5,5000,500,1439,98.74913134120918,-9.796651979589917,-10.052615509336029,0.0,-10.474658997968499,-8.73720118551898,-7.862201421423674,-11.788030650875232,10.07457876766462,0.0005763043253875829
ENGINEERING_SAMPLE,imbalance_5,Q5,60000,100,1439,97.49826268241834,-9.640975676310292,-9.68397255509533,0.0,-14.260871156847866,-5.883204047039441,-7.861745483867084,-11.787574955188262,10.074242733068104,0.00011652394616016636
ENGINEERING_SAMPLE,imbalance_5,Q5,60000,1000,1439,97.49826268241834,-9.641897796582654,-9.68397255509533,0.0,-14.260871156847866,-5.883204047039441,-7.862555180316091,-11.788384223311915,10.07516536498626,0.0010391558643178115
ENGINEERING_SAMPLE,imbalance_5,Q5,60000,500,1439,97.49826268241834,-9.641515680752123,-9.68397255509533,0.0,-14.260871156847866,-5.883204047039441,-7.862201421423674,-11.788030650875232,10.074783026835414,0.00065681771347047
ENGINEERING_SAMPLE,microprice_edge_bps,Q1,1000,100,1439,100.0,-10.159933822331435,-10.052704569662838,0.0,-10.579310381166156,-10.052640726384091,-8.36903957386942,-13.426410272399592,10.043955900326642,4.7553640474654645e-05
ENGINEERING_SAMPLE,microprice_edge_bps,Q1,1000,1000,1439,100.0,-10.1600942324502,-10.052704569662838,0.0,-10.579310381166156,-10.052640726384091,-8.369331864030059,-13.426444027676835,10.044116396439627,0.00020804975345870388
ENGINEERING_SAMPLE,microprice_edge_bps,Q1,1000,500,1439,100.0,-10.160045819374147,-10.052704569662838,0.0,-10.579310381166156,-10.052640726384091,-8.369210665733052,-13.426432079445018,10.044067957761488,0.00015961107532084655
ENGINEERING_SAMPLE,microprice_edge_bps,Q1,15000,100,1439,99.65253648366921,-10.684946397615303,-10.579380595795808,0.0,-13.739461037455474,-7.999167658803326,-8.36903957386942,-13.426410272399592,10.035614275233327,4.1491335607457745e-05
ENGINEERING_SAMPLE,microprice_edge_bps,Q1,15000,1000,1439,99.65253648366921,-10.685032819873122,-10.579380595795808,0.0,-13.739461037455474,-7.999167658803326,-8.369331864030059,-13.426444027676835,10.035700755131924,0.00012797123420398398
ENGINEERING_SAMPLE,microprice_edge_bps,Q1,15000,500,1439,99.65253648366921,-10.685013653946244,-10.579380595795808,0.0,-13.739461037455474,-7.999167658803326,-8.369210665733052,-13.426432079445018,10.035681576136664,0.00010879223894495341
ENGINEERING_SAMPLE,microprice_edge_bps,Q1,250,100,1439,100.0,-10.083200092039098,-10.05269651132751,0.0,-10.052773304469495,-10.052638231313296,-8.36903957386942,-13.426410272399592,10.046301967405212,4.7553728266231896e-05
ENGINEERING_SAMPLE,microprice_edge_bps,Q1,250,1000,1439,100.0,-10.083373326515469,-10.05269651132751,0.0,-10.052773304469495,-10.052638231313296,-8.369331864030059,-13.426444027676835,10.046475297547069,0.00022088387012437544
ENGINEERING_SAMPLE,microprice_edge_bps,Q1,250,500,1439,100.0,-10.08331208720227,-10.05269651132751,0.0,-10.052773304469495,-10.052638231313296,-8.369210665733052,-13.426432079445018,10.04641402493297,0.0001596112560251764
ENGINEERING_SAMPLE,microprice_edge_bps,Q1,3000,100,1439,100.0,-10.295866736212577,-10.052724309097911,0.0,-11.054664211587061,-10.052627699177018,-8.36903957386942,-13.426410272399592,10.037659718942948,4.7553640474654645e-05
ENGINEERING_SAMPLE,microprice_edge_bps,Q1,3000,1000,1439,100.0,-10.29603993931915,-10.052724309097911,0.0,-11.054664211587061,-10.052627699177018,-8.369331864030059,-13.426444027676835,10.037833039043855,0.000220873741381992
ENGINEERING_SAMPLE,microprice_edge_bps,Q1,3000,500,1439,100.0,-10.295978704285545,-10.052724309097911,0.0,-11.054664211587061,-10.052627699177018,-8.369210665733052,-13.426432079445018,10.037771766188651,0.00015960088617797313
ENGINEERING_SAMPLE,microprice_edge_bps,Q1,30000,100,1439,99.23558026407227,-10.751079560466826,-10.843709112396066,0.0,-14.476135531425019,-6.833233882338031,-8.36903957386942,-13.426410272399592,10.036464923297448,5.7496735457546236e-05
ENGINEERING_SAMPLE,microprice_edge_bps,Q1,30000,1000,1439,99.23558026407227,-10.751313788036175,-10.843709112396066,0.0,-14.476135531425019,-6.833233882338031,-8.369331864030059,-13.426444027676835,10.036699379433925,0.0002919528719331468
ENGINEERING_SAMPLE,microprice_edge_bps,Q1,30000,500,1439,99.23558026407227,-10.75124043339964,-10.843709112396066,0.0,-14.476135531425019,-6.833233882338031,-8.369210665733052,-13.426432079445018,10.036625960648637,0.00021853408664580502
ENGINEERING_SAMPLE,microprice_edge_bps,Q1,500,100,1439,100.0,-10.116745860902796,-10.05269928978546,0.0,-10.21064127062023,-10.052638231313296,-8.36903957386942,-13.426410272399592,10.053621964459303,5.710403303846676e-05
ENGINEERING_SAMPLE,microprice_edge_bps,Q1,500,1000,1439,100.0,-10.116975027642178,-10.05269928978546,0.0,-10.21064127062023,-10.052638231313296,-8.369331864030059,-13.426444027676835,10.053851247425506,0.0002863869992418725
ENGINEERING_SAMPLE,microprice_edge_bps,Q1,500,500,1439,100.0,-10.116905591176637,-10.05269928978546,0.0,-10.21064127062023,-10.052638231313296,-8.369210665733052,-13.426432079445018,10.053781775894162,0.00021691546789819817
ENGINEERING_SAMPLE,microprice_edge_bps,Q1,5000,100,1439,100.0,-10.375427349442845,-10.052752136210819,0.0,-11.525978299209779,-9.684280351887631,-8.36903957386942,-13.426410272399592,10.039322610252952,2.765285552851636e-05
ENGINEERING_SAMPLE,microprice_edge_bps,Q1,5000,1000,1439,100.0,-10.375461099780452,-10.052752136210819,0.0,-11.525978299209779,-9.684280351887631,-8.369331864030059,-13.426444027676835,10.039356378530938,6.142113351357865e-05
ENGINEERING_SAMPLE,microprice_edge_bps,Q1,5000,500,1439,100.0,-10.3754491532971,-10.052752136210819,0.0,-11.525978299209779,-9.684280351887631,-8.369210665733052,-13.426432079445018,10.039344425659772,4.946826234851159e-05
ENGINEERING_SAMPLE,microprice_edge_bps,Q1,60000,100,1439,99.23558026407227,-11.233815208549236,-11.525978299209779,0.0,-16.577388786522768,-5.415161788665039,-8.36903957386942,-13.426410272399592,10.035063567398309,5.7478723342846335e-05
ENGINEERING_SAMPLE,microprice_edge_bps,Q1,60000,1000,1439,99.23558026407227,-11.23404595649051,-11.525978299209779,0.0,-16.577388786522768,-5.415161788665039,-8.369331864030059,-13.426444027676835,10.035294595072148,0.00028850639718395576
ENGINEERING_SAMPLE,microprice_edge_bps,Q1,60000,500,1439,99.23558026407227,-11.233976043534446,-11.525978299209779,0.0,-16.577388786522768,-5.415161788665039,-8.369210665733052,-13.426432079445018,10.035224602793008,0.00021851411804278426
ENGINEERING_SAMPLE,microprice_edge_bps,Q2,1000,100,1438,100.0,-10.088140695428924,-10.052679291425319,0.0,-10.052779435294367,-10.052627699177018,-8.544786764972809,-12.604355531065949,10.052817558392281,1.2277534372081382e-05
ENGINEERING_SAMPLE,microprice_edge_bps,Q2,1000,1000,1438,100.0,-10.088194461273279,-10.052679291425319,0.0,-10.052779435294367,-10.052627699177018,-8.544786764972809,-12.604416607816772,10.052871354107195,6.60732492860014e-05
ENGINEERING_SAMPLE,microprice_edge_bps,Q2,1000,500,1438,100.0,-10.088187302147482,-10.052679291425319,0.0,-10.052779435294367,-10.052627699177018,-8.544786764972809,-12.60440215398379,10.05286419100402,5.89101461104413e-05
ENGINEERING_SAMPLE,microprice_edge_bps,Q2,15000,100,1438,99.02642559109874,-10.244251040215916,-10.052669020393108,0.0,-12.212821810361186,-8.417477675272858,-8.544786764972809,-12.604355531065949,10.049345507470042,-5.034975085447788e-25
ENGINEERING_SAMPLE,microprice_edge_bps,Q2,15000,1000,1438,99.02642559109874,-10.244355475942246,-10.052669020393108,0.0,-12.212821810361186,-8.417477675272858,-8.544786764972809,-12.604416607816772,10.049450034523227,0.00010452705318751065
ENGINEERING_SAMPLE,microprice_edge_bps,Q2,15000,500,1438,99.02642559109874,-10.244323028146257,-10.052669020393108,0.0,-12.212821810361186,-8.417477675272858,-8.544786764972809,-12.60440215398379,10.049417560092245,7.205262220334849e-05
ENGINEERING_SAMPLE,microprice_edge_bps,Q2,250,100,1438,100.0,-10.058551426131402,-10.052677903213905,0.0,-10.05275074415757,-10.052637954097808,-8.544786764972809,-12.604355531065949,10.053188164723176,-5.4607602592879555e-25
ENGINEERING_SAMPLE,microprice_edge_bps,Q2,250,1000,1438,100.0,-10.058551426131402,-10.052677903213905,0.0,-10.05275074415757,-10.052637954097808,-8.544786764972809,-12.604416607816772,10.053188164723176,-5.4607602592879555e-25
ENGINEERING_SAMPLE,microprice_edge_bps,Q2,250,500,1438,100.0,-10.058551426131402,-10.052677903213905,0.0,-10.05275074415757,-10.052637954097808,-8.544786764972809,-12.60440215398379,10.053188164723176,0.0
ENGINEERING_SAMPLE,microprice_edge_bps,Q2,3000,100,1438,100.0,-10.120975458204125,-10.052677903213905,0.0,-10.736860529494914,-9.825888114915863,-8.544786764972809,-12.604355531065949,10.050508276889435,-5.789887881410039e-25
ENGINEERING_SAMPLE,microprice_edge_bps,Q2,3000,1000,1438,100.0,-10.120975458204125,-10.052677903213905,0.0,-10.736860529494914,-9.825888114915863,-8.544786764972809,-12.604416607816772,10.050508276889435,-5.789887881410039e-25
ENGINEERING_SAMPLE,microprice_edge_bps,Q2,3000,500,1438,100.0,-10.120975458204125,-10.052677903213905,0.0,-10.736860529494914,-9.825888114915863,-8.544786764972809,-12.60440215398379,10.050508276889435,0.0
ENGINEERING_SAMPLE,microprice_edge_bps,Q2,30000,100,1438,98.74826147426982,-10.460413021076661,-10.579380595795808,0.0,-13.110803171260597,-7.682172258588158,-8.544786764972809,-12.604355531065949,10.052083657398423,-5.976537938417645e-25
ENGINEERING_SAMPLE,microprice_edge_bps,Q2,30000,1000,1438,98.74826147426982,-10.460413021076661,-10.579380595795808,0.0,-13.110803171260597,-7.682172258588158,-8.544786764972809,-12.604416607816772,10.052083657398423,-5.976537938417645e-25
ENGINEERING_SAMPLE,microprice_edge_bps,Q2,30000,500,1438,98.74826147426982,-10.460413021076661,-10.579380595795808,0.0,-13.110803171260597,-7.682172258588158,-8.544786764972809,-12.60440215398379,10.052083657398423,0.0
ENGINEERING_SAMPLE,microprice_edge_bps,Q2,500,100,1438,100.0,-10.077244410538528,-10.052679291425319,0.0,-10.05276076858108,-10.052633796215844,-8.544786764972809,-12.604355531065949,10.063385221510048,-5.460745747159914e-25
ENGINEERING_SAMPLE,microprice_edge_bps,Q2,500,1000,1438,100.0,-10.077244410538528,-10.052679291425319,0.0,-10.05276076858108,-10.052633796215844,-8.544786764972809,-12.604416607816772,10.063385221510048,-5.460745747159914e-25
ENGINEERING_SAMPLE,microprice_edge_bps,Q2,500,500,1438,100.0,-10.077244410538528,-10.052679291425319,0.0,-10.05276076858108,-10.052633796215844,-8.544786764972809,-12.60440215398379,10.063385221510048,0.0
ENGINEERING_SAMPLE,microprice_edge_bps,Q2,5000,100,1438,100.0,-10.134377042509675,-10.052683734193563,0.0,-11.053347103954135,-9.315169211470856,-8.544786764972809,-12.604355531065949,10.051028964097728,-6.706354054160204e-25
ENGINEERING_SAMPLE,microprice_edge_bps,Q2,5000,1000,1438,100.0,-10.134377042509675,-10.052683734193563,0.0,-11.053347103954135,-9.315169211470856,-8.544786764972809,-12.604416607816772,10.051028964097728,-6.706354054160204e-25
ENGINEERING_SAMPLE,microprice_edge_bps,Q2,5000,500,1438,100.0,-10.134377042509675,-10.052683734193563,0.0,-11.053347103954135,-9.315169211470856,-8.544786764972809,-12.60440215398379,10.051028964097728,0.0
ENGINEERING_SAMPLE,microprice_edge_bps,Q2,60000,100,1438,98.67872044506258,-10.851105462981728,-11.00071138746904,0.0,-15.686576127611602,-6.5788032459701835,-8.544786764972809,-12.604355531065949,10.051409404887544,8.938602784906225e-26
ENGINEERING_SAMPLE,microprice_edge_bps,Q2,60000,1000,1438,98.67872044506258,-10.851105462981728,-11.00071138746904,0.0,-15.686576127611602,-6.5788032459701835,-8.544786764972809,-12.604416607816772,10.051409404887544,8.938602784906225e-26
ENGINEERING_SAMPLE,microprice_edge_bps,Q2,60000,500,1438,98.67872044506258,-10.851105462981728,-11.00071138746904,0.0,-15.686576127611602,-6.5788032459701835,-8.544786764972809,-12.60440215398379,10.051409404887544,0.0
ENGINEERING_SAMPLE,microprice_edge_bps,Q3,1000,100,1438,100.0,-10.054420037598382,-10.05268567814032,0.0,-10.052775895999968,-10.052615509336029,-8.122039986255643,-12.302732117577374,10.055823207441923,2.906956828551159e-05
ENGINEERING_SAMPLE,microprice_edge_bps,Q3,1000,1000,1438,100.0,-10.054507283504808,-10.05268567814032,0.0,-10.052775895999968,-10.052615509336029,-8.122127304839156,-12.302819370262155,10.055910485684505,0.00011634781086656899
ENGINEERING_SAMPLE,microprice_edge_bps,Q3,1000,500,1438,100.0,-10.054476768002896,-10.05268567814032,0.0,-10.052775895999968,-10.052615509336029,-8.122096763917396,-12.302788852389417,10.05587995862344,8.582074980114152e-05
ENGINEERING_SAMPLE,microprice_edge_bps,Q3,15000,100,1438,98.74826147426982,-10.026429439387405,-10.052637954097808,0.0,-11.738077672972546,-8.302990953106582,-8.122039986255643,-12.302732117577374,10.0474723076767,2.9438055770820892e-05
ENGINEERING_SAMPLE,microprice_edge_bps,Q3,15000,1000,1438,98.74826147426982,-10.026517794492928,-10.052637954097808,0.0,-11.738077672972546,-8.309043856504827,-8.122127304839156,-12.302819370262155,10.047560692263199,0.00011782264227191986
ENGINEERING_SAMPLE,microprice_edge_bps,Q3,15000,500,1438,98.74826147426982,-10.026486891032791,-10.052637954097808,0.0,-11.738077672972546,-8.30465556516524,-8.122096763917396,-12.302788852389417,10.047529778239387,8.690861846059261e-05
ENGINEERING_SAMPLE,microprice_edge_bps,Q3,250,100,1438,100.0,-10.056983289338977,-10.052686233580028,0.0,-10.05276076858108,-10.052618002253178,-8.122039986255643,-12.302732117577374,10.054591822779857,4.134710265759297e-05
ENGINEERING_SAMPLE,microprice_edge_bps,Q3,250,1000,1438,100.0,-10.057124292338361,-10.052686233580028,0.0,-10.05276076858108,-10.052618002253178,-8.122127304839156,-12.302819370262155,10.054732896737352,0.0001824210601525704
ENGINEERING_SAMPLE,microprice_edge_bps,Q3,250,500,1438,100.0,-10.057086620771578,-10.052686233580028,0.0,-10.05276076858108,-10.052618002253178,-8.122096763917396,-12.302788852389417,10.054695206573111,0.00014473089591158283
ENGINEERING_SAMPLE,microprice_edge_bps,Q3,3000,100,1438,100.0,-10.06112579931944,-10.052683734193563,0.0,-10.790010327965602,-9.367695203150452,-8.122039986255643,-12.302732117577374,10.052134767454664,4.2779210894604567e-05
ENGINEERING_SAMPLE,microprice_edge_bps,Q3,3000,1000,1438,100.0,-10.061265473139253,-10.052683734193563,0.0,-10.790010327965602,-9.367695203150452,-8.122127304839156,-12.302819370262155,10.052274489284752,0.0001825010409837283
ENGINEERING_SAMPLE,microprice_edge_bps,Q3,3000,500,1438,100.0,-10.061227794967335,-10.052683734193563,0.0,-10.790010327965602,-9.367695203150452,-8.122096763917396,-12.302788852389417,10.052236799573194,0.00014481132942531296
ENGINEERING_SAMPLE,microprice_edge_bps,Q3,30000,100,1438,97.56606397774686,-10.046920180673645,-10.052692066404129,0.0,-12.796247021870224,-7.522571696779842,-8.122039986255643,-12.302732117577374,10.056864003496097,5.0208159684826266e-05
ENGINEERING_SAMPLE,microprice_edge_bps,Q3,30000,1000,1438,97.56606397774686,-10.047059772956391,-10.052692066404129,0.0,-12.796247021870224,-7.522571696779842,-8.122127304839156,-12.302819370262155,10.057003641907444,0.0001898465710346624
ENGINEERING_SAMPLE,microprice_edge_bps,Q3,30000,500,1438,97.56606397774686,-10.046997739933879,-10.052692066404129,0.0,-12.796247021870224,-7.522571696779842,-8.122096763917396,-12.302788852389417,10.056941586036128,0.00012779069971657856
ENGINEERING_SAMPLE,microprice_edge_bps,Q3,500,100,1438,100.0,-10.053005792482946,-10.05268567814032,0.0,-10.052764110902295,-10.052616063297203,-8.122039986255643,-12.302732117577374,10.052300864272357,2.906956828551159e-05
ENGINEERING_SAMPLE,microprice_edge_bps,Q3,500,1000,1438,100.0,-10.053093029637976,-10.05268567814032,0.0,-10.052764110902295,-10.052616063297203,-8.122127304839156,-12.302819370262155,10.052388142514939,0.00011634781086656899
ENGINEERING_SAMPLE,microprice_edge_bps,Q3,500,500,1438,100.0,-10.053062517196992,-10.05268567814032,0.0,-10.052764110902295,-10.052616063297203,-8.122096763917396,-12.302788852389417,10.052357615453872,8.582074980114152e-05
ENGINEERING_SAMPLE,microprice_edge_bps,Q3,5000,100,1438,100.0,-10.05316164496795,-10.05267748676804,0.0,-11.001909856866252,-9.087446773073818,-8.122039986255643,-12.302732117577374,10.054059137931617,5.853270889665393e-05
ENGINEERING_SAMPLE,microprice_edge_bps,Q3,5000,1000,1438,100.0,-10.053431578143352,-10.05267748676804,0.0,-11.001909856866252,-9.087446773073818,-8.122127304839156,-12.302819370262155,10.054329227670298,0.0003286224475792614
ENGINEERING_SAMPLE,microprice_edge_bps,Q3,5000,500,1438,100.0,-10.053356373618191,-10.05267748676804,0.0,-11.001909856866252,-9.087446773073818,-8.122096763917396,-12.302788852389417,10.054253980179848,0.0002533749571279461
ENGINEERING_SAMPLE,microprice_edge_bps,Q3,60000,100,1438,97.49652294853963,-10.33990495003807,-10.052615509336029,0.0,-14.741761022202542,-6.308480496388415,-8.122039986255643,-12.302732117577374,10.055489643801437,2.9816005131644557e-05
ENGINEERING_SAMPLE,microprice_edge_bps,Q3,60000,1000,1438,97.49652294853963,-10.339994415423497,-10.052615509336029,0.0,-14.741761022202542,-6.308480496388415,-8.122127304839156,-12.302819370262155,10.055579163140116,0.00011933534381321413
ENGINEERING_SAMPLE,microprice_edge_bps,Q3,60000,500,1438,97.49652294853963,-10.339963123627104,-10.052615509336029,0.0,-14.741761022202542,-6.308480496388415,-8.122096763917396,-12.302788852389417,10.055547852217284,8.802442098005814e-05
ENGINEERING_SAMPLE,microprice_edge_bps,Q4,1000,100,1438,99.86091794158554,-10.024585065720522,-10.052675404617728,0.0,-10.052757426683275,-10.0,-7.871734441169816,-11.848530476389922,10.052106804480793,2.143959268886206e-05
ENGINEERING_SAMPLE,microprice_edge_bps,Q4,1000,1000,1438,99.86091794158554,-10.02481722058549,-10.052675404617728,0.0,-10.052757426683275,-10.0,-7.871966397692171,-11.848762257856293,10.052339044815197,0.00025367992709274023
ENGINEERING_SAMPLE,microprice_edge_bps,Q4,1000,500,1438,99.86091794158554,-10.024740092739117,-10.052675404617728,0.0,-10.052757426683275,-10.0,-7.871889335740338,-11.848685254062582,10.052261886855419,0.00017652196731587818
ENGINEERING_SAMPLE,microprice_edge_bps,Q4,15000,100,1438,99.86091794158554,-9.847954958303495,-9.894644193572189,0.0,-11.580587007400847,-8.104654347780283,-7.871734441169816,-11.848530476389922,10.057775729948442,3.516312391546704e-05
ENGINEERING_SAMPLE,microprice_edge_bps,Q4,15000,1000,1438,99.86091794158554,-9.848207720285249,-9.894644193572189,0.0,-11.580587007400847,-8.104654347780283,-7.871966397692171,-11.848762257856293,10.0580286554596,0.0002880886350721028
ENGINEERING_SAMPLE,microprice_edge_bps,Q4,15000,500,1438,99.86091794158554,-9.84812831711815,-9.894644193572189,0.0,-11.580587007400847,-8.104654347780283,-7.871889335740338,-11.848685254062582,10.05794919914685,0.0002086323223227121
ENGINEERING_SAMPLE,microprice_edge_bps,Q4,250,100,1438,100.0,-10.047240392175521,-10.052680124387287,0.0,-10.052753639730602,-10.052618002253178,-7.871734441169816,-11.848530476389922,10.052546913777377,2.1409774062034713e-05
ENGINEERING_SAMPLE,microprice_edge_bps,Q4,250,1000,1438,100.0,-10.04747220580139,-10.052680124387287,0.0,-10.052753639730602,-10.052618002253178,-7.871966397692171,-11.848762257856293,10.052778831107144,0.00025332710382835533
ENGINEERING_SAMPLE,microprice_edge_bps,Q4,250,500,1438,100.0,-10.047395191323462,-10.052680124387287,0.0,-10.052753639730602,-10.052618002253178,-7.871889335740338,-11.848685254062582,10.052701780460247,0.00017627645693018155
ENGINEERING_SAMPLE,microprice_edge_bps,Q4,3000,100,1438,99.86091794158554,-9.975757208789938,-10.052667355197707,0.0,-10.263102477032826,-9.313874587458747,-7.871734441169816,-11.848530476389922,10.052756190130074,6.46669361414847e-05
ENGINEERING_SAMPLE,microprice_edge_bps,Q4,3000,1000,1438,99.86091794158554,-9.976192892759594,-10.052667355197707,0.0,-10.263102477032826,-9.313874587458747,-7.871966397692171,-11.848762257856293,10.053192182076502,0.0005006588825711456
ENGINEERING_SAMPLE,microprice_edge_bps,Q4,3000,500,1438,99.86091794158554,-9.976068744709936,-10.052667355197707,0.0,-10.263102477032826,-9.313874587458747,-7.871889335740338,-11.848685254062582,10.053067943013307,0.00037641981937528357
ENGINEERING_SAMPLE,microprice_edge_bps,Q4,30000,100,1438,99.23504867872045,-9.917563374128369,-9.789183944654194,0.0,-12.347792039881124,-7.5204925603956525,-7.871734441169816,-11.848530476389922,10.05791047714204,3.394698635477151e-05
ENGINEERING_SAMPLE,microprice_edge_bps,Q4,30000,1000,1438,99.23504867872045,-9.917942421614491,-9.789183944654194,0.0,-12.347792039881124,-7.5204925603956525,-7.871966397692171,-11.848762257856293,10.058289779900882,0.0004132497451977904
ENGINEERING_SAMPLE,microprice_edge_bps,Q4,30000,500,1438,99.23504867872045,-9.91783813571535,-9.789183944654194,0.0,-12.347792039881124,-7.5204925603956525,-7.871889335740338,-11.848685254062582,10.058185424875465,0.0003088947197810504
ENGINEERING_SAMPLE,microprice_edge_bps,Q4,500,100,1438,99.93045897079277,-10.033898132675104,-10.052677070322176,0.0,-10.052757426683275,-10.052618002253178,-7.871734441169816,-11.848530476389922,10.047388597179706,3.51382909536182e-05
ENGINEERING_SAMPLE,microprice_edge_bps,Q4,500,1000,1438,99.93045897079277,-10.034150775083981,-10.052677070322176,0.0,-10.052757426683275,-10.052618002253178,-7.871966397692171,-11.848762257856293,10.047641347008293,0.0002878881195402321
ENGINEERING_SAMPLE,microprice_edge_bps,Q4,500,500,1438,99.93045897079277,-10.034071408461221,-10.052677070322176,0.0,-10.052757426683275,-10.052618002253178,-7.871889335740338,-11.848685254062582,10.047561945952417,0.00020848706366524865
ENGINEERING_SAMPLE,microprice_edge_bps,Q4,5000,100,1438,99.86091794158554,-9.982304163115266,-10.052664025122768,0.0,-10.790923046893546,-9.103038525291131,-7.871734441169816,-11.848530476389922,10.056046405997314,3.3734226690988124e-05
ENGINEERING_SAMPLE,microprice_edge_bps,Q4,5000,1000,1438,99.86091794158554,-9.98259006436238,-10.052664025122768,0.0,-10.790923046893546,-9.103038525291131,-7.871966397692171,-11.848762257856293,10.056332516971025,0.00031984520040281687
ENGINEERING_SAMPLE,microprice_edge_bps,Q4,5000,500,1438,99.86091794158554,-9.982505798763128,-10.052664025122768,0.0,-10.790923046893546,-9.103038525291131,-7.871889335740338,-11.848685254062582,10.056248185931606,0.00023551416098357636
ENGINEERING_SAMPLE,microprice_edge_bps,Q4,60000,100,1438,94.99304589707927,-9.793567254317402,-9.578627852930792,0.0,-14.372012500724642,-5.9888052805280525,-7.871734441169816,-11.848530476389922,10.052518827167287,4.350541795985978e-05
ENGINEERING_SAMPLE,microprice_edge_bps,Q4,60000,1000,1438,94.99304589707927,-9.79384920265233,-9.578627852930792,0.0,-14.372012500724642,-5.9888052805280525,-7.871966397692171,-11.848762257856293,10.052800990833314,0.000325669083987139
ENGINEERING_SAMPLE,microprice_edge_bps,Q4,60000,500,1438,94.99304589707927,-9.793750086326002,-9.578627852930792,0.0,-14.372012500724642,-5.9888052805280525,-7.871889335740338,-11.848685254062582,10.052701799054491,0.00022647730516522333
ENGINEERING_SAMPLE,microprice_edge_bps,Q5,1000,100,1439,99.86101459346769,-9.955439733220237,-10.052665412602815,0.0,-10.052737105922702,-9.526018779045872,-7.867235677352303,-11.671439957546681,10.063710550320602,0.000106058910469725
ENGINEERING_SAMPLE,microprice_edge_bps,Q5,1000,1000,1439,99.86101459346769,-9.956069888717979,-10.052665412602815,0.0,-10.052737105922702,-9.526018779045872,-7.867813417278957,-11.672017444203965,10.064341006817635,0.0007365154075030805
ENGINEERING_SAMPLE,microprice_edge_bps,Q5,1000,500,1439,99.86101459346769,-9.955786027131277,-10.052665412602815,0.0,-10.052737105922702,-9.526018779045872,-7.867536720338373,-11.671740875560992,10.064057009903102,0.00045251849296935377
ENGINEERING_SAMPLE,microprice_edge_bps,Q5,15000,100,1439,98.47116052814455,-9.773833577511331,-9.789532422956654,0.0,-11.47504198627095,-8.051995596361204,-7.867235677352303,-11.671439957546681,10.07160574823331,0.00011385769621247124
ENGINEERING_SAMPLE,microprice_edge_bps,Q5,15000,1000,1439,98.47116052814455,-9.774456077293577,-9.789532422956654,0.0,-11.47504198627095,-8.051995596361204,-7.867813417278957,-11.672017444203965,10.072228534417984,0.0007366438808872673
ENGINEERING_SAMPLE,microprice_edge_bps,Q5,15000,500,1439,98.47116052814455,-9.774158057815308,-9.789532422956654,0.0,-11.47504198627095,-8.051995596361204,-7.867536720338373,-11.671740875560992,10.071930369051517,0.0004384785144196155
ENGINEERING_SAMPLE,microprice_edge_bps,Q5,250,100,1439,99.86101459346769,-10.02066160490079,-10.052669297935912,0.0,-10.052738497256227,-10.052615509336029,-7.867235677352303,-11.671439957546681,10.055819923286085,0.000106058910469725
ENGINEERING_SAMPLE,microprice_edge_bps,Q5,250,1000,1439,99.86101459346769,-10.021291750074989,-10.052669297935912,0.0,-10.052738497256227,-10.052615509336029,-7.867813417278957,-11.672017444203965,10.056450379783119,0.0007365154075030805
ENGINEERING_SAMPLE,microprice_edge_bps,Q5,250,500,1439,99.86101459346769,-10.021007895077101,-10.052669297935912,0.0,-10.052738497256227,-10.052615509336029,-7.867536720338373,-11.671740875560992,10.056166382868586,0.00045251849296935377
ENGINEERING_SAMPLE,microprice_edge_bps,Q5,3000,100,1439,99.23558026407227,-9.85753410671802,-10.052632687558255,0.0,-10.052757426683275,-9.156789134011051,-7.867235677352303,-11.671439957546681,10.066348631876963,9.292425865651786e-05
ENGINEERING_SAMPLE,microprice_edge_bps,Q5,3000,1000,1439,99.23558026407227,-9.858115466979378,-10.052632687558255,0.0,-10.052757426683275,-9.156789134011051,-7.867813417278957,-11.672017444203965,10.066930249240071,0.000674541621764585
ENGINEERING_SAMPLE,microprice_edge_bps,Q5,3000,500,1439,99.23558026407227,-9.857837018774674,-10.052632687558255,0.0,-10.052757426683275,-9.156789134011051,-7.867536720338373,-11.671740875560992,10.066651676036592,0.00039596841828442176
ENGINEERING_SAMPLE,microprice_edge_bps,Q5,30000,100,1439,96.80333564975678,-9.75954547176626,-9.684280351887631,0.0,-12.16039295520816,-7.262264081372503,-7.867235677352303,-11.671439957546681,10.064397016954466,0.00010940456989543968
ENGINEERING_SAMPLE,microprice_edge_bps,Q5,30000,1000,1439,96.80333564975678,-9.760195551775412,-9.684280351887631,0.0,-12.16039295520816,-7.262264081372503,-7.867813417278957,-11.672017444203965,10.06504739037469,0.0007597779901205795
ENGINEERING_SAMPLE,microprice_edge_bps,Q5,30000,500,1439,96.80333564975678,-9.759902751481002,-9.684280351887631,0.0,-12.16039295520816,-7.262264081372503,-7.867536720338373,-11.671740875560992,10.064754421626285,0.0004668092417150338
ENGINEERING_SAMPLE,microprice_edge_bps,Q5,500,100,1439,99.86101459346769,-9.992029753098718,-10.052667355197707,0.0,-10.052737105922702,-9.789237947343823,-7.867235677352303,-11.671439957546681,10.053661682620074,0.000106058910469725
ENGINEERING_SAMPLE,microprice_edge_bps,Q5,500,1000,1439,99.86101459346769,-9.99267610079683,-10.052667355197707,0.0,-10.052737105922702,-9.78927394913691,-7.867813417278957,-11.672017444203965,10.054308340740132,0.000752717030527404
ENGINEERING_SAMPLE,microprice_edge_bps,Q5,500,500,1439,99.86101459346769,-9.992376047009758,-10.052667355197707,0.0,-10.052737105922702,-9.789237947343823,-7.867536720338373,-11.671740875560992,10.054008142202573,0.00045251849296935377
ENGINEERING_SAMPLE,microprice_edge_bps,Q5,5000,100,1439,98.74913134120918,-9.811618146267163,-10.052615509336029,0.0,-10.738681954474428,-8.78609221865495,-7.867235677352303,-11.671439957546681,10.07546790628772,9.338201362526917e-05
ENGINEERING_SAMPLE,microprice_edge_bps,Q5,5000,1000,1439,98.74913134120918,-9.81221876729748,-10.052615509336029,0.0,-10.738681954474428,-8.78609221865495,-7.867813417278957,-11.672017444203965,10.07606879776068,0.0006942734865850046
ENGINEERING_SAMPLE,microprice_edge_bps,Q5,5000,500,1439,98.74913134120918,-9.811922548687763,-10.052615509336029,0.0,-10.738681954474428,-8.78609221865495,-7.867536720338373,-11.671740875560992,10.07577244327572,0.00039791900162572435
ENGINEERING_SAMPLE,microprice_edge_bps,Q5,60000,100,1439,92.84225156358582,-9.626330900536804,-9.684109057963381,0.0,-13.739914307848789,-5.883204047039441,-7.867235677352303,-11.671439957546681,10.074825142180455,9.932323455202658e-05
ENGINEERING_SAMPLE,microprice_edge_bps,Q5,60000,1000,1439,92.84225156358582,-9.62704984639811,-9.684109057963381,0.0,-13.739914307848789,-5.883204047039441,-7.867813417278957,-11.672017444203965,10.075544420220103,0.0008186012742011337
ENGINEERING_SAMPLE,microprice_edge_bps,Q5,60000,500,1439,92.84225156358582,-9.626731430834123,-9.684109057963381,0.0,-13.739914307848789,-5.883204047039441,-7.867536720338373,-11.671740875560992,10.07522584118163,0.000500022235728644
ENGINEERING_SAMPLE,momentum_10s_bps,Q1,1000,100,1439,100.0,-10.086002769519029,-10.052694010965837,0.0,-10.26317480612891,-10.052622157640084,-7.837390364858673,-13.098656832657426,10.055573331005874,2.765285552851636e-05
ENGINEERING_SAMPLE,momentum_10s_bps,Q1,1000,1000,1439,100.0,-10.086253092310038,-10.052694010965837,0.0,-10.26317480612891,-10.052622157640084,-7.83755019250894,-13.098816575330638,10.055823780931833,0.0002781027814865033
ENGINEERING_SAMPLE,momentum_10s_bps,Q1,1000,500,1439,100.0,-10.086100411422445,-10.052694010965837,0.0,-10.26317480612891,-10.052622157640084,-7.837416751449938,-13.09868320203892,10.055671025020377,0.00012534687003031952
ENGINEERING_SAMPLE,momentum_10s_bps,Q1,15000,100,1439,100.0,-10.206046331737513,-10.052667355197707,0.0,-12.474114140052246,-7.684634815862971,-7.837390364858673,-13.098656832657426,10.048236800655822,4.134716835378346e-05
ENGINEERING_SAMPLE,momentum_10s_bps,Q1,15000,1000,1439,100.0,-10.206348978044451,-10.052667355197707,0.0,-12.474114140052246,-7.684634815862971,-7.83755019250894,-13.098816575330638,10.048539655399026,0.00034420191155807
ENGINEERING_SAMPLE,momentum_10s_bps,Q1,15000,500,1439,100.0,-10.206189153891316,-10.052667355197707,0.0,-12.474114140052246,-7.684634815862971,-7.837416751449938,-13.09868320203892,10.048379733686218,0.00018428019875066517
ENGINEERING_SAMPLE,momentum_10s_bps,Q1,250,100,1439,100.0,-10.060996486881283,-10.052688177711241,0.0,-10.052766617921117,-10.052627699177018,-7.837390364858673,-13.098656832657426,10.052144607420471,2.765285552851636e-05
ENGINEERING_SAMPLE,momentum_10s_bps,Q1,250,1000,1439,100.0,-10.061259628523803,-10.052688177711241,0.0,-10.052766617921117,-10.052627699177018,-7.83755019250894,-13.098816575330638,10.052407891372743,0.00029093680780000993
ENGINEERING_SAMPLE,momentum_10s_bps,Q1,250,500,1439,100.0,-10.061094126520302,-10.052688177711241,0.0,-10.052766617921117,-10.052627699177018,-7.837416751449938,-13.09868320203892,10.052242301434973,0.00012534687003031952
ENGINEERING_SAMPLE,momentum_10s_bps,Q1,3000,100,1439,100.0,-10.119949587634538,-10.05269651132751,0.0,-10.894680307713369,-9.472214008110848,-7.837390364858673,-13.098656832657426,10.04743110695547,5.7095521406780905e-05
ENGINEERING_SAMPLE,momentum_10s_bps,Q1,3000,1000,1439,100.0,-10.120304719647343,-10.05269651132751,0.0,-10.894680307713369,-9.472214008110848,-7.83755019250894,-13.098816575330638,10.04778643593626,0.0004124245021975926
ENGINEERING_SAMPLE,momentum_10s_bps,Q1,3000,500,1439,100.0,-10.120113864714899,-10.05269651132751,0.0,-10.894680307713369,-9.472214008110848,-7.837416751449938,-13.09868320203892,10.047595481886455,0.0002214704523926538
ENGINEERING_SAMPLE,momentum_10s_bps,Q1,30000,100,1439,100.0,-10.282724125269942,-10.263428390701597,0.0,-13.792129502771747,-7.0525074119127735,-7.837390364858673,-13.098656832657426,10.051240435753282,3.9921857910068154e-05
ENGINEERING_SAMPLE,momentum_10s_bps,Q1,30000,1000,1439,100.0,-10.282950365696669,-10.263428390701597,0.0,-13.792129502771747,-7.0525074119127735,-7.83755019250894,-13.098816575330638,10.051466843553257,0.0002663296578860188
ENGINEERING_SAMPLE,momentum_10s_bps,Q1,30000,500,1439,100.0,-10.282797064191453,-10.263428390701597,0.0,-13.792129502771747,-7.0525074119127735,-7.837416751449938,-13.09868320203892,10.051313415786243,0.00011290189087136798
ENGINEERING_SAMPLE,momentum_10s_bps,Q1,500,100,1439,100.0,-10.071937029577256,-10.052690955290446,0.0,-10.052778320492985,-10.052622157640084,-7.837390364858673,-13.098656832657426,10.05626235578758,5.710403303846676e-05
ENGINEERING_SAMPLE,momentum_10s_bps,Q1,500,1000,1439,100.0,-10.072292182490187,-10.052690955290446,0.0,-10.052778320492985,-10.052622157640084,-7.83755019250894,-13.098816575330638,10.056617685918644,0.00041243416410186923
ENGINEERING_SAMPLE,momentum_10s_bps,Q1,500,500,1439,100.0,-10.0721013221429,-10.052690955290446,0.0,-10.052778320492985,-10.052622157640084,-7.837416751449938,-13.09868320203892,10.056426731643105,0.00022147988856364347
ENGINEERING_SAMPLE,momentum_10s_bps,Q1,5000,100,1439,100.0,-10.117617678976941,-10.05269928978546,0.0,-11.105565885184854,-8.947069017281974,-7.837390364858673,-13.098656832657426,10.053796604239631,5.7095521406780905e-05
ENGINEERING_SAMPLE,momentum_10s_bps,Q1,5000,1000,1439,100.0,-10.117959985468623,-10.05269928978546,0.0,-11.105565885184854,-8.947069017281974,-7.83755019250894,-13.098816575330638,10.054139104137928,0.00039959541970286777
ENGINEERING_SAMPLE,momentum_10s_bps,Q1,5000,500,1439,100.0,-10.117781953755108,-10.05269928978546,0.0,-11.105565885184854,-8.947069017281974,-7.837416751449938,-13.09868320203892,10.053960979170617,0.0002214704523926538
ENGINEERING_SAMPLE,momentum_10s_bps,Q1,60000,100,1439,100.0,-10.547298441367401,-10.421338841581655,0.0,-16.11789164859403,-5.203884160681706,-7.837390364858673,-13.098656832657426,10.047466193898742,5.703934463765432e-05
ENGINEERING_SAMPLE,momentum_10s_bps,Q1,60000,1000,1439,100.0,-10.547640592424422,-10.421338841581655,0.0,-16.11789164859403,-5.203884160681706,-7.83755019250894,-13.098816575330638,10.047808718834444,0.00039956428033860187
ENGINEERING_SAMPLE,momentum_10s_bps,Q1,60000,500,1439,100.0,-10.547462607530404,-10.421338841581655,0.0,-16.11789164859403,-5.203884160681706,-7.837416751449938,-13.09868320203892,10.04763056272777,0.00022140817366412207
ENGINEERING_SAMPLE,momentum_10s_bps,Q2,1000,100,2982,100.0,-10.062432330099409,-10.052677070322176,0.0,-10.052779435294367,-10.052616063297203,-8.26168557250212,-12.325779695677133,10.051667974905074,1.9938676600140408e-05
ENGINEERING_SAMPLE,momentum_10s_bps,Q2,1000,1000,2982,100.0,-10.062500329729732,-10.052677070322176,0.0,-10.052779435294367,-10.052616063297203,-8.2617376396912,-12.325851224090412,10.051736004533135,8.796830466109867e-05
ENGINEERING_SAMPLE,momentum_10s_bps,Q2,1000,500,2982,100.0,-10.062482162018583,-10.052677070322176,0.0,-10.052779435294367,-10.052616063297203,-8.261721805394897,-12.325829537533462,10.051717829329856,6.979310138191016e-05
ENGINEERING_SAMPLE,momentum_10s_bps,Q2,15000,100,2982,99.73172367538565,-10.094214632231067,-10.052670963254164,0.0,-11.82660915927492,-8.365951544684576,-8.26168557250212,-12.325779695677133,10.052255845603268,2.368613092337925e-05
ENGINEERING_SAMPLE,momentum_10s_bps,Q2,15000,1000,2982,99.73172367538565,-10.09427427621861,-10.052670963254164,0.0,-11.82660915927492,-8.365951544684576,-8.2617376396912,-12.325851224090412,10.052315510883025,8.335141068041579e-05
ENGINEERING_SAMPLE,momentum_10s_bps,Q2,15000,500,2982,99.73172367538565,-10.094251219561443,-10.052670963254164,0.0,-11.82660915927492,-8.365951544684576,-8.261721805394897,-12.325829537533462,10.052292445750702,6.0286278357929485e-05
ENGINEERING_SAMPLE,momentum_10s_bps,Q2,250,100,2982,100.0,-10.055485399025724,-10.052677070322176,0.0,-10.05275074415757,-10.052619941352061,-8.26168557250212,-12.325779695677133,10.053004711072429,2.9542082324343177e-05
ENGINEERING_SAMPLE,momentum_10s_bps,Q2,250,1000,2982,100.0,-10.055570802231092,-10.052677070322176,0.0,-10.05275074415757,-10.052619941352061,-8.2617376396912,-12.325851224090412,10.053090157983203,0.00011498899309781811
ENGINEERING_SAMPLE,momentum_10s_bps,Q2,250,500,2982,100.0,-10.055544357127784,-10.052677070322176,0.0,-10.05275074415757,-10.052619941352061,-8.261721805394897,-12.325829537533462,10.053063699399596,8.853040949196208e-05
ENGINEERING_SAMPLE,momentum_10s_bps,Q2,3000,100,2982,100.0,-10.073705802325367,-10.052674016611155,0.0,-10.684585434217944,-9.525243302581858,-8.26168557250212,-12.325779695677133,10.053085334772138,2.062927742000046e-05
ENGINEERING_SAMPLE,momentum_10s_bps,Q2,3000,1000,2982,100.0,-10.073816854570227,-10.052674016611155,0.0,-10.684585434217944,-9.525243302581858,-8.2617376396912,-12.325851224090412,10.05319644667079,0.0001317411760716992
ENGINEERING_SAMPLE,momentum_10s_bps,Q2,3000,500,2982,100.0,-10.07378936723355,-10.052674016611155,0.0,-10.684585434217944,-9.525243302581858,-8.261721805394897,-12.325829537533462,10.053168945985883,0.0001042404911648394
ENGINEERING_SAMPLE,momentum_10s_bps,Q2,30000,100,2982,98.12206572769954,-10.158919030243752,-10.421125811072722,0.0,-12.582183511101036,-7.5204009458860295,-8.26168557250212,-12.325779695677133,10.051399341492429,2.4074520860495983e-05
ENGINEERING_SAMPLE,momentum_10s_bps,Q2,30000,1000,2982,98.12206572769954,-10.15898761563764,-10.421125811072722,0.0,-12.582183511101036,-7.5204009458860295,-8.2617376396912,-12.325851224090412,10.051467949777331,9.268280576239213e-05
ENGINEERING_SAMPLE,momentum_10s_bps,Q2,30000,500,2982,98.12206572769954,-10.158956219458416,-10.421125811072722,0.0,-12.582183511101036,-7.5204009458860295,-8.261721805394897,-12.325829537533462,10.051436541869622,6.127489805275453e-05
ENGINEERING_SAMPLE,momentum_10s_bps,Q2,500,100,2982,100.0,-10.057701690349292,-10.052677070322176,0.0,-10.052757426683275,-10.052618002253178,-8.26168557250212,-12.325779695677133,10.054004327071766,2.0626595638400102e-05
ENGINEERING_SAMPLE,momentum_10s_bps,Q2,500,1000,2982,100.0,-10.057753713186552,-10.052677070322176,0.0,-10.052757426683275,-10.052618002253178,-8.2617376396912,-12.325851224090412,10.05405637619863,7.267572250176549e-05
ENGINEERING_SAMPLE,momentum_10s_bps,Q2,500,500,2982,100.0,-10.05773789318942,-10.052677070322176,0.0,-10.052757426683275,-10.052618002253178,-8.261721805394897,-12.325829537533462,10.054040548431741,5.684795561214044e-05
ENGINEERING_SAMPLE,momentum_10s_bps,Q2,5000,100,2982,100.0,-10.089375638816701,-10.05267373901862,0.0,-11.053480332223112,-9.104300978908915,-8.26168557250212,-12.325779695677133,10.054532255087667,1.9938676600140408e-05
ENGINEERING_SAMPLE,momentum_10s_bps,Q2,5000,1000,2982,100.0,-10.08944363378264,-10.05267373901862,0.0,-11.053480332223112,-9.104300978908915,-8.2617376396912,-12.325851224090412,10.054600284715727,8.796830466109867e-05
ENGINEERING_SAMPLE,momentum_10s_bps,Q2,5000,500,2982,100.0,-10.089425467702926,-10.05267373901862,0.0,-11.053480332223112,-9.104300978908915,-8.261721805394897,-12.325829537533462,10.054582109512449,6.979310138191016e-05
ENGINEERING_SAMPLE,momentum_10s_bps,Q2,60000,100,2982,95.50637156270959,-10.415434359049028,-10.105400802501357,0.0,-15.686576127611602,-6.262705259055624,-8.26168557250212,-12.325779695677133,10.055565500096806,2.4734264405382097e-05
ENGINEERING_SAMPLE,momentum_10s_bps,Q2,60000,1000,2982,95.50637156270959,-10.415542363646326,-10.105400802501357,0.0,-15.686576127611602,-6.262705259055624,-8.2617376396912,-12.325851224090412,10.055673593645569,0.00013282781316722975
ENGINEERING_SAMPLE,momentum_10s_bps,Q2,60000,500,2982,95.50637156270959,-10.415508534950906,-10.105400802501357,0.0,-15.686576127611602,-6.262705259055624,-8.261721805394897,-12.325829537533462,10.055639740375108,9.897454270626734e-05
ENGINEERING_SAMPLE,momentum_10s_bps,Q4,1000,100,1368,100.0,-10.051349652593943,-10.052673461429007,0.0,-10.05276076858108,-10.052615509336029,-8.415513448964436,-12.297351404031827,10.055707421189918,3.534213634574583e-05
ENGINEERING_SAMPLE,momentum_10s_bps,Q4,1000,1000,1368,100.0,-10.051502457435646,-10.052673461429007,0.0,-10.05276076858108,-10.052615509336029,-8.415573245085266,-12.297411192597952,10.055860308165215,0.00018822911164266052
ENGINEERING_SAMPLE,momentum_10s_bps,Q4,1000,500,1368,100.0,-10.051459715831621,-10.052673461429007,0.0,-10.05276076858108,-10.052615509336029,-8.415556066013801,-12.297394015696911,10.055817543940476,0.0001454648869028353
ENGINEERING_SAMPLE,momentum_10s_bps,Q4,15000,100,1368,99.85380116959064,-10.206197265590982,-10.052673461429007,0.0,-11.894248081114375,-8.104654347780283,-8.415513448964436,-12.297351404031827,10.057355056445388,1.4426786853151358e-05
ENGINEERING_SAMPLE,momentum_10s_bps,Q4,15000,1000,1368,99.85380116959064,-10.206278847868356,-10.052673461429007,0.0,-11.894248081114375,-8.104654347780283,-8.415573245085266,-12.297411192597952,10.05743668058224,9.605092370563164e-05
ENGINEERING_SAMPLE,momentum_10s_bps,Q4,15000,500,1368,99.85380116959064,-10.206259238463,-10.052673461429007,0.0,-11.894248081114375,-8.104654347780283,-8.415556066013801,-12.297394015696911,10.057417061480816,7.643182228070357e-05
ENGINEERING_SAMPLE,momentum_10s_bps,Q4,250,100,1368,100.0,-10.053998839546605,-10.052673461429007,0.0,-10.052739053810193,-10.052616894260836,-8.415513448964436,-12.297351404031827,10.05518478282056,1.4408489023017034e-05
ENGINEERING_SAMPLE,momentum_10s_bps,Q4,250,1000,1368,100.0,-10.054113698651191,-10.052673461429007,0.0,-10.052739053810193,-10.052616894260836,-8.415573245085266,-12.297411192597952,10.0552997031779,0.0001293288463637628
ENGINEERING_SAMPLE,momentum_10s_bps,Q4,250,500,1368,100.0,-10.05408900352745,-10.052673461429007,0.0,-10.052739053810193,-10.052616894260836,-8.415556066013801,-12.297394015696911,10.055274995364089,0.0001046210325529492
ENGINEERING_SAMPLE,momentum_10s_bps,Q4,3000,100,1368,100.0,-10.044605756604996,-10.052669297935912,0.0,-10.736860529494914,-9.419897956491686,-8.415513448964436,-12.297351404031827,10.0527778758775,3.533896091859388e-05
ENGINEERING_SAMPLE,momentum_10s_bps,Q4,3000,1000,1368,100.0,-10.044725165347153,-10.052669297935912,0.0,-10.736860529494914,-9.419897956491686,-8.415573245085266,-12.297411192597952,10.05289734764209,0.0001548107255111102
ENGINEERING_SAMPLE,momentum_10s_bps,Q4,3000,500,1368,100.0,-10.044687538130233,-10.052669297935912,0.0,-10.736860529494914,-9.419897956491686,-8.415556066013801,-12.297394015696911,10.052859700774489,0.00011716385790762645
ENGINEERING_SAMPLE,momentum_10s_bps,Q4,30000,100,1368,99.85380116959064,-10.328234631518754,-10.052692066404129,0.0,-13.316086324570273,-7.420658745707725,-8.415513448964436,-12.297351404031827,10.059362214978314,1.4425127747320626e-05
ENGINEERING_SAMPLE,momentum_10s_bps,Q4,30000,1000,1368,99.85380116959064,-10.328445022503832,-10.052692066404129,0.0,-13.316086324570273,-7.420658745707725,-8.415573245085266,-12.297411192597952,10.059572774945808,0.00022498509524192516
ENGINEERING_SAMPLE,momentum_10s_bps,Q4,30000,500,1368,99.85380116959064,-10.328399949246936,-10.052692066404129,0.0,-13.316086324570273,-7.420658745707725,-8.415556066013801,-12.297394015696911,10.059527667011475,0.0001798771609075099
ENGINEERING_SAMPLE,momentum_10s_bps,Q4,500,100,1368,100.0,-10.054533980068728,-10.052673461429007,0.0,-10.052752164141816,-10.052616063297203,-8.415513448964436,-12.297351404031827,10.057227174003584,1.4408489023017034e-05
ENGINEERING_SAMPLE,momentum_10s_bps,Q4,500,1000,1368,100.0,-10.054648839173314,-10.052673461429007,0.0,-10.052752164141816,-10.052616063297203,-8.415573245085266,-12.297411192597952,10.057342094360925,0.0001293288463637628
ENGINEERING_SAMPLE,momentum_10s_bps,Q4,500,500,1368,100.0,-10.054624144049574,-10.052673461429007,0.0,-10.052752164141816,-10.052616063297203,-8.415556066013801,-12.297394015696911,10.057317386547114,0.0001046210325529492
ENGINEERING_SAMPLE,momentum_10s_bps,Q4,5000,100,1368,100.0,-10.07148861285688,-10.052673461429007,0.0,-11.315387733400716,-9.210189438637896,-8.415513448964436,-12.297351404031827,10.057795717941755,-1.0205597429916133e-24
ENGINEERING_SAMPLE,momentum_10s_bps,Q4,5000,1000,1368,100.0,-10.071548376248051,-10.052673461429007,0.0,-11.315387733400716,-9.210189438637896,-8.415573245085266,-12.297411192597952,10.05785550935778,5.97914160259709e-05
ENGINEERING_SAMPLE,momentum_10s_bps,Q4,5000,500,1368,100.0,-10.071531206579623,-10.052673461429007,0.0,-11.315387733400716,-9.210189438637896,-8.415556066013801,-12.297394015696911,10.057838331537841,4.261359608598504e-05
ENGINEERING_SAMPLE,momentum_10s_bps,Q4,60000,100,1368,96.78362573099415,-10.683444851413844,-10.157846528008086,0.0,-15.429343670068297,-6.308480496388415,-8.415513448964436,-12.297351404031827,10.057130061324743,-7.200073283740439e-25
ENGINEERING_SAMPLE,momentum_10s_bps,Q4,60000,1000,1368,96.78362573099415,-10.683506603825284,-10.157846528008086,0.0,-15.429343670068297,-6.308480496388415,-8.415573245085266,-12.297411192597952,10.057191839766679,6.177844193619954e-05
ENGINEERING_SAMPLE,momentum_10s_bps,Q4,60000,500,1368,96.78362573099415,-10.683488862723111,-10.157846528008086,0.0,-15.429343670068297,-6.308480496388415,-8.415556066013801,-12.297394015696911,10.057174091082633,4.402975788944678e-05
ENGINEERING_SAMPLE,momentum_10s_bps,Q5,1000,100,1403,99.71489665003564,-10.018756709790939,-10.05268317880655,0.0,-10.052764667997002,-9.841813053591451,-7.9998647183189115,-11.791365869696255,10.054041256049,0.00011685710969457713
ENGINEERING_SAMPLE,momentum_10s_bps,Q5,1000,1000,1403,99.71489665003564,-10.01940037417803,-10.05268317880655,0.0,-10.052764667997002,-9.84181705959622,-8.000751633952333,-11.792008266943444,10.054685194710448,0.0007607957711422008
ENGINEERING_SAMPLE,momentum_10s_bps,Q5,1000,500,1403,99.71489665003564,-10.019178678114859,-10.05268317880655,0.0,-10.052764667997002,-9.84181705959622,-8.000420473498027,-11.79178700552966,10.054463401688121,0.0005390027488152624
ENGINEERING_SAMPLE,momentum_10s_bps,Q5,15000,100,1403,96.36493228795439,-9.978092800600997,-9.868294118732445,0.0,-11.898305442420916,-8.313560483828445,-7.9998647183189115,-11.791365869696255,10.051784168345531,0.00012091945004638567
ENGINEERING_SAMPLE,momentum_10s_bps,Q5,15000,1000,1403,96.36493228795439,-9.978772407105106,-9.868294118732445,0.0,-11.898305442420916,-8.313560483828445,-8.000751633952333,-11.792008266943444,10.052464126023382,0.0008008771278971447
ENGINEERING_SAMPLE,momentum_10s_bps,Q5,15000,500,1403,96.36493228795439,-9.978529400329814,-9.868294118732445,0.0,-11.898305442420916,-8.313560483828445,-8.000420473498027,-11.79178700552966,10.052220989165892,0.0005577402704086923
ENGINEERING_SAMPLE,momentum_10s_bps,Q5,250,100,1403,99.85744832501781,-10.04024585757664,-10.052692066404129,0.0,-10.052757426683275,-10.052620495406565,-7.9998647183189115,-11.791365869696255,10.049109866884274,0.00011669029012327867
ENGINEERING_SAMPLE,momentum_10s_bps,Q5,250,1000,1403,99.85744832501781,-10.040888579130433,-10.052692066404129,0.0,-10.052757426683275,-10.052620495406565,-8.000751633952333,-11.792008266943444,10.04975288628996,0.0007597096958086644
ENGINEERING_SAMPLE,momentum_10s_bps,Q5,250,500,1403,99.85744832501781,-10.04066720730633,-10.052692066404129,0.0,-10.052757426683275,-10.052620495406565,-8.000420473498027,-11.79178700552966,10.04953140988865,0.0005382332944986096
ENGINEERING_SAMPLE,momentum_10s_bps,Q5,3000,100,1403,99.07341411261582,-9.997079901991718,-10.05267568222782,0.0,-10.527326826360968,-9.263289793038817,-7.9998647183189115,-11.791365869696255,10.052908491563272,0.00011761373846238376
ENGINEERING_SAMPLE,momentum_10s_bps,Q5,3000,1000,1403,99.07341411261582,-9.997727650867281,-10.05267568222782,0.0,-10.527326826360968,-9.263289793038817,-8.000751633952333,-11.792008266943444,10.053556599611737,0.0007657217869265747
ENGINEERING_SAMPLE,momentum_10s_bps,Q5,3000,500,1403,99.07341411261582,-9.997504544722169,-10.05267568222782,0.0,-10.527326826360968,-9.263289793038817,-8.000420473498027,-11.79178700552966,10.053333370519482,0.0005424926946709008
ENGINEERING_SAMPLE,momentum_10s_bps,Q5,30000,100,1403,95.5096222380613,-10.014448721940978,-9.762934535254953,0.0,-13.265444849609004,-7.206525235586633,-7.9998647183189115,-11.791365869696255,10.054429813778063,0.00015357908626160776
ENGINEERING_SAMPLE,momentum_10s_bps,Q5,30000,1000,1403,95.5096222380613,-10.015316745996927,-9.762934535254953,0.0,-13.265444849609004,-7.206525235586633,-8.000751633952333,-11.792008266943444,10.055298304586918,0.0010220698951180363
ENGINEERING_SAMPLE,momentum_10s_bps,Q5,30000,500,1403,95.5096222380613,-10.015037318098118,-9.762934535254953,0.0,-13.265444849609004,-7.206525235586633,-8.000420473498027,-11.79178700552966,10.055018732222997,0.0007424975311964578
ENGINEERING_SAMPLE,momentum_10s_bps,Q5,500,100,1403,99.78617248752673,-10.030263676231217,-10.052692066404129,0.0,-10.05276076858108,-10.05260969344787,-7.9998647183189115,-11.791365869696255,10.048884744957912,0.00011677364033050958
ENGINEERING_SAMPLE,momentum_10s_bps,Q5,500,1000,1403,99.78617248752673,-10.030923492197758,-10.052692066404129,0.0,-10.05276076858108,-10.05260969344787,-8.000751633952333,-11.792008266943444,10.049544853471948,0.0007768821543670655
ENGINEERING_SAMPLE,momentum_10s_bps,Q5,500,500,1403,99.78617248752673,-10.030685337274537,-10.052692066404129,0.0,-10.05276076858108,-10.05260969344787,-8.000420473498027,-11.79178700552966,10.049306589064432,0.0005386177468518229
ENGINEERING_SAMPLE,momentum_10s_bps,Q5,5000,100,1403,98.57448325017819,-9.987890336321625,-10.052668465316275,0.0,-10.84316640831778,-9.156789134011051,-7.9998647183189115,-11.791365869696255,10.055192639481286,0.0001182090357647964
ENGINEERING_SAMPLE,momentum_10s_bps,Q5,5000,1000,1403,98.57448325017819,-9.98855821120803,-10.052668465316275,0.0,-10.84316640831778,-9.156789134011051,-8.000751633952333,-11.792008266943444,10.055860887764672,0.000786457319150689
ENGINEERING_SAMPLE,momentum_10s_bps,Q5,5000,500,1403,98.57448325017819,-9.988317126501018,-10.052668465316275,0.0,-10.84316640831778,-9.156789134011051,-8.000420473498027,-11.79178700552966,10.055619668945589,0.0005452385000669212
ENGINEERING_SAMPLE,momentum_10s_bps,Q5,60000,100,1403,95.5096222380613,-9.842794005430036,-10.052702624321773,0.0,-14.214453036620823,-5.942152546982928,-7.9998647183189115,-11.791365869696255,10.052484858032436,0.00012200231079306971
ENGINEERING_SAMPLE,momentum_10s_bps,Q5,60000,1000,1403,95.5096222380613,-9.843479736004527,-10.052702624321773,0.0,-14.214453036620823,-5.942152546982928,-8.000751633952333,-11.792008266943444,10.053170877579728,0.0008080218580842647
ENGINEERING_SAMPLE,momentum_10s_bps,Q5,60000,500,1403,95.5096222380613,-9.843234549968164,-10.052702624321773,0.0,-14.214453036620823,-5.942152546982928,-8.000420473498027,-11.79178700552966,10.05292559068104,0.0005627349593974269
ENGINEERING_SAMPLE,momentum_1s_bps,Q1,1000,100,6504,99.93849938499385,-10.06475978423018,-10.052679291425319,0.0,-10.052778320492985,-10.052616063297203,-8.181532948807874,-12.413444617652852,10.053170785336665,3.6437287753549846e-05
ENGINEERING_SAMPLE,momentum_1s_bps,Q1,1000,1000,6504,99.93849938499385,-10.064947924821698,-10.052679291425319,0.0,-10.052778320492985,-10.052616063297203,-8.181726793823792,-12.41359468521366,10.05335901149686,0.00022466344794987907
ENGINEERING_SAMPLE,momentum_1s_bps,Q1,1000,500,6504,99.93849938499385,-10.064892759171881,-10.052679291425319,0.0,-10.052778320492985,-10.052616063297203,-8.181658685534762,-12.413547580510944,10.053303821040862,0.00016947299195019187
ENGINEERING_SAMPLE,momentum_1s_bps,Q1,15000,100,6504,99.20049200492005,-10.147161577240192,-10.052669297935912,0.0,-12.00086396274424,-8.156409418609554,-8.181532948807874,-12.413444617652852,10.050747944131105,3.2587157539833356e-05
ENGINEERING_SAMPLE,momentum_1s_bps,Q1,15000,1000,6504,99.20049200492005,-10.147338519587384,-10.052669297935912,0.0,-12.00086396274424,-8.156409418609554,-8.181726793823792,-12.41359468521366,10.05092499064646,0.000209633672894864
ENGINEERING_SAMPLE,momentum_1s_bps,Q1,15000,500,6504,99.20049200492005,-10.14728500550544,-10.052669297935912,0.0,-12.00086396274424,-8.156409418609554,-8.181658685534762,-12.413547580510944,10.050871444484654,0.00015608751108964233
ENGINEERING_SAMPLE,momentum_1s_bps,Q1,250,100,6504,99.96924969249693,-10.056205208467913,-10.052680124387287,0.0,-10.052754642091818,-10.052619941352061,-8.181532948807874,-12.413444617652852,10.052703687063532,3.642609915874403e-05
ENGINEERING_SAMPLE,momentum_1s_bps,Q1,250,1000,6504,99.96924969249693,-10.05639612343544,-10.052680124387287,0.0,-10.052754642091818,-10.052619941352061,-8.181726793823792,-12.41359468521366,10.052894695708385,0.00022743474401047605
ENGINEERING_SAMPLE,momentum_1s_bps,Q1,250,500,6504,99.96924969249693,-10.056338138121797,-10.052680124387287,0.0,-10.052754642091818,-10.052619941352061,-8.181658685534762,-12.413547580510944,10.05283668186682,0.00016942090244690525
ENGINEERING_SAMPLE,momentum_1s_bps,Q1,3000,100,6504,99.83087330873309,-10.085049495970667,-10.052677903213905,0.0,-10.78964000737366,-9.525048766124703,-8.181532948807874,-12.413444617652852,10.051282107365019,3.890777217309141e-05
ENGINEERING_SAMPLE,momentum_1s_bps,Q1,3000,1000,6504,99.83087330873309,-10.085265788300806,-10.052677903213905,0.0,-10.78964000737366,-9.525243302581858,-8.181726793823792,-12.41359468521366,10.051498526892276,0.00025532729942929144
ENGINEERING_SAMPLE,momentum_1s_bps,Q1,3000,500,6504,99.83087330873309,-10.08520270941257,-10.052677903213905,0.0,-10.78964000737366,-9.525243302581858,-8.181658685534762,-12.413547580510944,10.051435410927917,0.00019221133507042222
ENGINEERING_SAMPLE,momentum_1s_bps,Q1,30000,100,6504,98.4009840098401,-10.21234838779373,-10.157846528008086,0.0,-13.110734236776722,-7.418782742518631,-8.181532948807874,-12.413444617652852,10.052251499792282,4.053862747627817e-05
ENGINEERING_SAMPLE,momentum_1s_bps,Q1,30000,1000,6504,98.4009840098401,-10.212575237480387,-10.157846528008086,0.0,-13.110734236776722,-7.418782742518631,-8.181726793823792,-12.41359468521366,10.052478487192715,0.0002675260279093563
ENGINEERING_SAMPLE,momentum_1s_bps,Q1,30000,500,6504,98.4009840098401,-10.212504254318208,-10.157846528008086,0.0,-13.110734236776722,-7.418782742518631,-8.181658685534762,-12.413547580510944,10.05240746259549,0.00019650143068381456
ENGINEERING_SAMPLE,momentum_1s_bps,Q1,500,100,6504,99.95387453874538,-10.059569852009492,-10.052679291425319,0.0,-10.05276076858108,-10.052618002253178,-8.181532948807874,-12.413444617652852,10.053878614170198,3.886121517758653e-05
ENGINEERING_SAMPLE,momentum_1s_bps,Q1,500,1000,6504,99.95387453874538,-10.05976585254921,-10.052679291425319,0.0,-10.05276076858108,-10.052618002253178,-8.181726793823792,-12.41359468521366,10.054074707151047,0.00023495419602477494
ENGINEERING_SAMPLE,momentum_1s_bps,Q1,500,500,6504,99.95387453874538,-10.059707119368733,-10.052679291425319,0.0,-10.05276076858108,-10.052618002253178,-8.181658685534762,-12.413547580510944,10.054015946316644,0.00017619336162276618
ENGINEERING_SAMPLE,momentum_1s_bps,Q1,5000,100,6504,99.76937269372694,-10.104202940997576,-10.05268317880655,0.0,-11.054664211587061,-9.26258319851178,-8.181532948807874,-12.413444617652852,10.054205520447038,2.9048286003558903e-05
ENGINEERING_SAMPLE,momentum_1s_bps,Q1,5000,1000,6504,99.76937269372694,-10.104355264949813,-10.05268317880655,0.0,-11.054664211587061,-9.26258319851178,-8.181726793823792,-12.41359468521366,10.05435793368229,0.00018146152125574717
ENGINEERING_SAMPLE,momentum_1s_bps,Q1,5000,500,6504,99.76937269372694,-10.104306095708417,-10.05268317880655,0.0,-11.054664211587061,-9.26258319851178,-8.181658685534762,-12.413547580510944,10.054308734877434,0.0001322627164004084
ENGINEERING_SAMPLE,momentum_1s_bps,Q1,60000,100,6504,96.61746617466174,-10.424854232439337,-10.157846528008086,0.0,-15.584799637333559,-6.09745416172009,-8.181532948807874,-12.413444617652852,10.05228068344102,3.8473510042974655e-05
ENGINEERING_SAMPLE,momentum_1s_bps,Q1,60000,1000,6504,96.61746617466174,-10.42506921624658,-10.157846528008086,0.0,-15.584799637333559,-6.09745416172009,-8.181726793823792,-12.41359468521366,10.052495831966993,0.0002536220360160093
ENGINEERING_SAMPLE,momentum_1s_bps,Q1,60000,500,6504,96.61746617466174,-10.42500228527495,-10.157846528008086,0.0,-15.584799637333559,-6.09745416172009,-8.181658685534762,-12.413547580510944,10.05242885260556,0.00018664267458218194
ENGINEERING_SAMPLE,momentum_1s_bps,Q5,1000,100,688,100.0,-9.978894706314216,-10.05267262867773,0.0,-10.052761047091677,-9.578361651130738,-7.904178894479389,-11.968144703686708,10.058496059878525,0.00010790459493135676
ENGINEERING_SAMPLE,momentum_1s_bps,Q5,1000,1000,688,100.0,-9.979548193305511,-10.05267262867773,0.0,-10.052761047091677,-9.57862385273336,-7.904832875612245,-11.968798351631792,10.059149855405598,0.0007617001220048821
ENGINEERING_SAMPLE,momentum_1s_bps,Q5,1000,500,688,100.0,-9.979135503632888,-10.05267262867773,0.0,-10.052761047091677,-9.578361651130738,-7.904419911544473,-11.968385592764662,10.058736968564835,0.0003488132812410893
ENGINEERING_SAMPLE,momentum_1s_bps,Q5,15000,100,688,98.69186046511628,-9.822172934435322,-9.842145993240468,0.0,-11.684547646441555,-8.050876490244237,-7.904178894479389,-11.968144703686708,10.067386020826977,0.0001515152805365798
ENGINEERING_SAMPLE,momentum_1s_bps,Q5,15000,1000,688,98.69186046511628,-9.822911559788785,-9.842145993240468,0.0,-11.684547646441555,-8.050876490244237,-7.904832875612245,-11.968798351631792,10.068124974806052,0.0008904692596123552
ENGINEERING_SAMPLE,momentum_1s_bps,Q5,15000,500,688,98.69186046511628,-9.822457044021508,-9.842145993240468,0.0,-11.684547646441555,-8.050876490244237,-7.904419911544473,-11.968385592764662,10.067670241468555,0.00043573592211533166
ENGINEERING_SAMPLE,momentum_1s_bps,Q5,250,100,688,100.0,-10.02622092735919,-10.052680124387287,0.0,-10.052761047091677,-10.052615509336029,-7.904178894479389,-11.968144703686708,10.05045417385515,0.00010790459493135676
ENGINEERING_SAMPLE,momentum_1s_bps,Q5,250,1000,688,100.0,-10.026874392788086,-10.052680124387287,0.0,-10.052761047091677,-10.052615509336029,-7.904832875612245,-11.968798351631792,10.051107969382223,0.0007617001220048821
ENGINEERING_SAMPLE,momentum_1s_bps,Q5,250,500,688,100.0,-10.026461716877275,-10.052680124387287,0.0,-10.052761047091677,-10.052615509336029,-7.904419911544473,-11.968385592764662,10.05069508254146,0.0003488132812410893
ENGINEERING_SAMPLE,momentum_1s_bps,Q5,3000,100,688,99.70930232558139,-9.8500488638585,-10.052637954097808,0.0,-10.422204269564437,-9.024828901987622,-7.904178894479389,-11.968144703686708,10.057320766110395,0.00014996441814907644
ENGINEERING_SAMPLE,momentum_1s_bps,Q5,3000,1000,688,99.70930232558139,-9.850779955341446,-10.052637954097808,0.0,-10.422204269564437,-9.024828901987622,-7.904832875612245,-11.968798351631792,10.058052179603093,0.0008813779108467798
ENGINEERING_SAMPLE,momentum_1s_bps,Q5,3000,500,688,99.70930232558139,-9.85033006053257,-10.052637954097808,0.0,-10.422204269564437,-9.024828901987622,-7.904419911544473,-11.968385592764662,10.057602081473943,0.0004312797816975416
ENGINEERING_SAMPLE,momentum_1s_bps,Q5,30000,100,688,97.52906976744185,-9.970994353103302,-9.841800368261941,0.0,-12.897483199367505,-6.998704055883639,-7.904178894479389,-11.968144703686708,10.065193141144846,0.00014000459883101854
ENGINEERING_SAMPLE,momentum_1s_bps,Q5,30000,1000,688,97.52906976744185,-9.971776691646621,-9.841800368261941,0.0,-12.897483199367505,-6.998704055883639,-7.904832875612245,-11.968798351631792,10.065975901059126,0.0009227645131110263
ENGINEERING_SAMPLE,momentum_1s_bps,Q5,30000,500,688,97.52906976744185,-9.971338275399525,-9.841800368261941,0.0,-12.897483199367505,-6.998704055883639,-7.904419911544473,-11.968385592764662,10.065537199004872,0.00048406245885656803
ENGINEERING_SAMPLE,momentum_1s_bps,Q5,500,100,688,100.0,-10.007691642045462,-10.05267568222782,0.0,-10.052761047091677,-9.789280946164961,-7.904178894479389,-11.968144703686708,10.055905493552112,0.00010790459493135676
ENGINEERING_SAMPLE,momentum_1s_bps,Q5,500,1000,688,100.0,-10.008378949083168,-10.05267568222782,0.0,-10.052761047091677,-9.789283944891269,-7.904832875612245,-11.968798351631792,10.056593128806345,0.0007955398491646972
ENGINEERING_SAMPLE,momentum_1s_bps,Q5,500,500,688,100.0,-10.007932439364135,-10.05267568222782,0.0,-10.052761047091677,-9.789280946164961,-7.904419911544473,-11.968385592764662,10.056146402238422,0.0003488132812410893
ENGINEERING_SAMPLE,momentum_1s_bps,Q5,5000,100,688,99.27325581395348,-9.766685019600246,-10.052616617270042,0.0,-10.89676434900162,-8.682730147266568,-7.904178894479389,-11.968144703686708,10.063960232120584,0.0001707267313493355
ENGINEERING_SAMPLE,momentum_1s_bps,Q5,5000,1000,688,99.27325581395348,-9.767727973027634,-10.052616617270042,0.0,-10.89676434900162,-8.683579714878777,-7.904832875612245,-11.968798351631792,10.065003708334377,0.0012142029451423287
ENGINEERING_SAMPLE,momentum_1s_bps,Q5,5000,500,688,99.27325581395348,-9.767218151747644,-10.052616617270042,0.0,-10.89676434900162,-8.682730147266568,-7.904419911544473,-11.968385592764662,10.0644936437313,0.0007041383420641498
ENGINEERING_SAMPLE,momentum_1s_bps,Q5,60000,100,688,96.94767441860465,-9.992744326234945,-10.157846528008086,0.0,-14.55359411368905,-5.943758273709999,-7.904178894479389,-11.968144703686708,10.065955762383881,0.00011130189102364835
ENGINEERING_SAMPLE,momentum_1s_bps,Q5,60000,1000,688,96.94767441860465,-9.993418439251439,-10.157846528008086,0.0,-14.55359411368905,-5.943758273709999,-7.904832875612245,-11.968798351631792,10.066630142177925,0.0007856816850665051
ENGINEERING_SAMPLE,momentum_1s_bps,Q5,60000,500,688,96.94767441860465,-9.992992789072549,-10.157846528008086,0.0,-14.55359411368905,-5.943758273709999,-7.904419911544473,-11.968385592764662,10.066204255901395,0.00035979540853653587
ENGINEERING_SAMPLE,momentum_250ms_bps,Q1,1000,100,6942,99.94237971766061,-10.060473021984798,-10.052678180850336,0.0,-10.052778041799998,-10.052615509336029,-8.169381942804534,-12.388512295815788,10.052737200352897,3.996642784549858e-05
ENGINEERING_SAMPLE,momentum_250ms_bps,Q1,1000,1000,6942,99.94237971766061,-10.060657712175505,-10.052678180850336,0.0,-10.052778041799998,-10.052615509336029,-8.169571986799948,-12.388661320370595,10.052921974887854,0.00022474096279964786
ENGINEERING_SAMPLE,momentum_250ms_bps,Q1,1000,500,6942,99.94237971766061,-10.060605092834221,-10.052678180850336,0.0,-10.052778041799998,-10.052615509336029,-8.16950723956914,-12.388616251829097,10.052869331837371,0.00017209791231732112
ENGINEERING_SAMPLE,momentum_250ms_bps,Q1,15000,100,6942,99.16450590607894,-10.132216925958623,-10.052669020393108,0.0,-11.949341334882478,-8.156409418609554,-8.169381942804534,-12.388512295815788,10.051267894056082,3.641735131333527e-05
ENGINEERING_SAMPLE,momentum_250ms_bps,Q1,15000,1000,6942,99.16450590607894,-10.13239125800462,-10.052669020393108,0.0,-11.949341334882478,-8.156409418609554,-8.169571986799948,-12.388661320370595,10.051442327495842,0.0002108507910731269
ENGINEERING_SAMPLE,momentum_250ms_bps,Q1,15000,500,6942,99.16450590607894,-10.13234015843094,-10.052669020393108,0.0,-11.949341334882478,-8.156409418609554,-8.16950723956914,-12.388616251829097,10.051391197432475,0.00015972072770652223
ENGINEERING_SAMPLE,momentum_250ms_bps,Q1,250,100,6942,99.97118985883031,-10.054220222059081,-10.052680124387287,0.0,-10.052754642091818,-10.052619941352061,-8.169381942804534,-12.388512295815788,10.051639742812998,3.9954928346419144e-05
ENGINEERING_SAMPLE,momentum_250ms_bps,Q1,250,1000,6942,99.97118985883031,-10.054407512522646,-10.052680124387287,0.0,-10.052754642091818,-10.052619941352061,-8.169571986799948,-12.388661320370595,10.05182712521805,0.00022733733339853866
ENGINEERING_SAMPLE,momentum_250ms_bps,Q1,250,500,6942,99.97118985883031,-10.054352250739454,-10.052680124387287,0.0,-10.052754642091818,-10.052619941352061,-8.16950723956914,-12.388616251829097,10.051771836238498,0.00017204835384598046
ENGINEERING_SAMPLE,momentum_250ms_bps,Q1,3000,100,6942,99.812734082397,-10.072354191140084,-10.052677070322176,0.0,-10.73819484376731,-9.421156265959072,-8.169381942804534,-12.388512295815788,10.051001478740208,4.642951367460971e-05
ENGINEERING_SAMPLE,momentum_250ms_bps,Q1,3000,1000,6942,99.812734082397,-10.072572803142716,-10.052677070322176,0.0,-10.73819484376731,-9.421156265959072,-8.169571986799948,-12.388661320370595,10.051220218241733,0.000265169015200702
ENGINEERING_SAMPLE,momentum_250ms_bps,Q1,3000,500,6942,99.812734082397,-10.072509192943212,-10.052677070322176,0.0,-10.73819484376731,-9.421156265959072,-8.16950723956914,-12.388616251829097,10.05115657086881,0.00020152164227799424
ENGINEERING_SAMPLE,momentum_250ms_bps,Q1,30000,100,6942,98.37222702391242,-10.202677311436451,-10.105239328658369,0.0,-13.110734236776722,-7.364868783911331,-8.169381942804534,-12.388512295815788,10.052317844975162,4.3914470909675715e-05
ENGINEERING_SAMPLE,momentum_250ms_bps,Q1,30000,1000,6942,98.37222702391242,-10.202898474501342,-10.105239328658369,0.0,-13.110734236776722,-7.364868783911331,-8.169571986799948,-12.388661320370595,10.052539138729005,0.00026520822475466736
ENGINEERING_SAMPLE,momentum_250ms_bps,Q1,30000,500,6942,98.37222702391242,-10.20283099895729,-10.105239328658369,0.0,-13.110734236776722,-7.364868783911331,-8.16950723956914,-12.388616251829097,10.052471624167213,0.00019769366296057108
ENGINEERING_SAMPLE,momentum_250ms_bps,Q1,500,100,6942,99.95678478824546,-10.057661932376883,-10.052679291425319,0.0,-10.05276076858108,-10.052618002253178,-8.169381942804534,-12.388512295815788,10.05457999926099,4.2236844770642063e-05
ENGINEERING_SAMPLE,momentum_250ms_bps,Q1,500,1000,6942,99.95678478824546,-10.057857340130003,-10.052679291425319,0.0,-10.05276076858108,-10.052618002253178,-8.169571986799948,-12.388661320370595,10.054775499748525,0.0002377373323062052
ENGINEERING_SAMPLE,momentum_250ms_bps,Q1,500,500,6942,99.95678478824546,-10.057798024830358,-10.052679291425319,0.0,-10.05276076858108,-10.052618002253178,-8.16950723956914,-12.388616251829097,10.054716156120195,0.0001783937039762112
ENGINEERING_SAMPLE,momentum_250ms_bps,Q1,5000,100,6942,99.72630365888793,-10.08556285186762,-10.052677070322176,0.0,-11.053985795709186,-9.208893321302497,-8.169381942804534,-12.388512295815788,10.054226144022536,3.918922866819465e-05
ENGINEERING_SAMPLE,momentum_250ms_bps,Q1,5000,1000,6942,99.72630365888793,-10.085752020584406,-10.052677070322176,0.0,-11.053985795709186,-9.208893321302497,-8.169571986799948,-12.388661320370595,10.054415424406354,0.00022846961248752538
ENGINEERING_SAMPLE,momentum_250ms_bps,Q1,5000,500,6942,99.72630365888793,-10.08569571216987,-10.052677070322176,0.0,-11.053985795709186,-9.208893321302497,-8.16950723956914,-12.388616251829097,10.054359081990867,0.00017212719700123095
ENGINEERING_SAMPLE,momentum_250ms_bps,Q1,60000,100,6942,96.65802362431576,-10.403317220970608,-10.157846528008086,0.0,-15.429343670068297,-6.095950425437578,-8.169381942804534,-12.388512295815788,10.05266808680418,4.20584564983678e-05
ENGINEERING_SAMPLE,momentum_250ms_bps,Q1,60000,1000,6942,96.65802362431576,-10.403527272291234,-10.157846528008086,0.0,-15.429343670068297,-6.097303788091838,-8.169571986799948,-12.388661320370595,10.052878293811547,0.00025226546386800976
ENGINEERING_SAMPLE,momentum_250ms_bps,Q1,60000,500,6942,96.65802362431576,-10.403463622119945,-10.157846528008086,0.0,-15.429343670068297,-6.097206703193158,-8.16950723956914,-12.388616251829097,10.052814598159163,0.00018856981148371953
ENGINEERING_SAMPLE,momentum_250ms_bps,Q5,1000,100,250,100.0,-9.947425315639329,-10.052669297935912,0.0,-10.052772022751903,-9.420450421264688,-7.755615121972575,-11.880200237902212,10.07985879134536,0.00013517462127511304
ENGINEERING_SAMPLE,momentum_250ms_bps,Q5,1000,1000,250,100.0,-9.948989845046293,-10.052669297935912,0.0,-10.052772022751903,-9.443769919057992,-7.7571807931155785,-11.881765116699222,10.081424053906925,0.0017004371828384635
ENGINEERING_SAMPLE,momentum_250ms_bps,Q5,1000,500,250,100.0,-9.947880108131352,-10.052669297935912,0.0,-10.052772022751903,-9.420450421264688,-7.756070325303012,-11.880655199755916,10.080313787402137,0.0005901706780501713
ENGINEERING_SAMPLE,momentum_250ms_bps,Q5,15000,100,250,98.8,-9.67028583213012,-9.841797029572374,0.0,-11.622118016892452,-7.83905566951597,-7.755615121972575,-11.880200237902212,10.08199457892041,0.00025276991696494936
ENGINEERING_SAMPLE,momentum_250ms_bps,Q5,15000,1000,250,98.8,-9.67207958449628,-9.841797029572374,0.0,-11.622118016892452,-7.83905566951597,-7.7571807931155785,-11.881765116699222,10.083789129809302,0.0020473208058584868
ENGINEERING_SAMPLE,momentum_250ms_bps,Q5,15000,500,250,98.8,-9.67085642823119,-9.841797029572374,0.0,-11.622118016892452,-7.83905566951597,-7.756070325303012,-11.880655199755916,10.082565387234759,0.0008235782313157231
ENGINEERING_SAMPLE,momentum_250ms_bps,Q5,250,100,250,100.0,-10.028791689565885,-10.052680540881443,0.0,-10.052764278034235,-10.0,-7.755615121972575,-11.880200237902212,10.076048119108906,0.00013517462127511304
ENGINEERING_SAMPLE,momentum_250ms_bps,Q5,250,1000,250,100.0,-10.030356159633122,-10.052680540881443,0.0,-10.052765782221707,-10.0,-7.7571807931155785,-11.881765116699222,10.077613381670467,0.0017004371828384635
ENGINEERING_SAMPLE,momentum_250ms_bps,Q5,250,500,250,100.0,-10.02924646059069,-10.052680540881443,0.0,-10.052765782221707,-10.0,-7.756070325303012,-11.880655199755916,10.07650311516568,0.0005901706780501713
ENGINEERING_SAMPLE,momentum_250ms_bps,Q5,3000,100,250,100.0,-9.792070830139279,-10.052619802840624,0.0,-10.474141174507645,-8.934953935897731,-7.755615121972575,-11.880200237902212,10.075630089927651,0.00013517462127511304
ENGINEERING_SAMPLE,momentum_250ms_bps,Q5,3000,1000,250,100.0,-9.793635439301902,-10.052619802840624,0.0,-10.474141174507645,-8.934953935897731,-7.7571807931155785,-11.881765116699222,10.077195352489214,0.0017004371828384635
ENGINEERING_SAMPLE,momentum_250ms_bps,Q5,3000,500,250,100.0,-9.792525663350578,-10.052619802840624,0.0,-10.474141174507645,-8.934953935897731,-7.756070325303012,-11.880655199755916,10.076085085984428,0.0005901706780501713
ENGINEERING_SAMPLE,momentum_250ms_bps,Q5,30000,100,250,96.8,-9.816047657077128,-9.683853423232124,0.0,-12.88738466721292,-6.941894866717938,-7.755615121972575,-11.880200237902212,10.086262946460415,0.00022106768521329848
ENGINEERING_SAMPLE,momentum_250ms_bps,Q5,30000,1000,250,96.8,-9.817975196692917,-9.683853423232124,0.0,-12.88738466721292,-6.941894866717938,-7.7571807931155785,-11.881765116699222,10.08819160852755,0.0021497297523460973
ENGINEERING_SAMPLE,momentum_250ms_bps,Q5,30000,500,250,96.8,-9.816786440290365,-9.683853423232124,0.0,-12.88738466721292,-6.941894866717938,-7.756070325303012,-11.880655199755916,10.087002064898805,0.0009601861236009527
ENGINEERING_SAMPLE,momentum_250ms_bps,Q5,500,100,250,100.0,-9.96975723551121,-10.052674571805007,0.0,-10.052764110902295,-9.683892760094569,-7.755615121972575,-11.880200237902212,10.039988941649213,0.00013517462127511304
ENGINEERING_SAMPLE,momentum_250ms_bps,Q5,500,1000,250,100.0,-9.971321764918173,-10.052674571805007,0.0,-10.052764110902295,-9.684200683773645,-7.7571807931155785,-11.881765116699222,10.041554204210778,0.0017004371828384635
ENGINEERING_SAMPLE,momentum_250ms_bps,Q5,500,500,250,100.0,-9.970212028003232,-10.052674571805007,0.0,-10.052764110902295,-9.683892760094569,-7.756070325303012,-11.880655199755916,10.040443937705987,0.0005901706780501713
ENGINEERING_SAMPLE,momentum_250ms_bps,Q5,5000,100,250,99.6,-9.696655136709728,-9.842077820847729,0.0,-10.895533601065907,-8.577539176773826,-7.755615121972575,-11.880200237902212,10.08038901867944,0.00013571749124007332
ENGINEERING_SAMPLE,momentum_250ms_bps,Q5,5000,1000,250,99.6,-9.698226029443285,-9.842077820847729,0.0,-10.895533601065907,-8.577539176773826,-7.7571807931155785,-11.881765116699222,10.081960567436028,0.0017072662478297826
ENGINEERING_SAMPLE,momentum_250ms_bps,Q5,5000,500,250,99.6,-9.697111796560431,-9.842077820847729,0.0,-10.895533601065907,-8.577539176773826,-7.756070325303012,-11.880655199755916,10.080845842029616,0.0005925408414158347
ENGINEERING_SAMPLE,momentum_250ms_bps,Q5,60000,100,250,96.4,-9.828572238733294,-10.0,0.0,-14.319064507459384,-5.942133291152589,-7.755615121972575,-11.880200237902212,10.07934209874434,0.00014022263617750316
ENGINEERING_SAMPLE,momentum_250ms_bps,Q5,60000,1000,250,96.4,-9.830195256431688,-10.0,0.0,-14.319064507459384,-5.942133291152589,-7.7571807931155785,-11.881765116699222,10.080965815094507,0.0017639389863469538
ENGINEERING_SAMPLE,momentum_250ms_bps,Q5,60000,500,250,96.4,-9.82904417657401,-10.0,0.0,-14.319064507459384,-5.942133291152589,-7.756070325303012,-11.880655199755916,10.079814086355102,0.0006122102469400117
ENGINEERING_SAMPLE,momentum_3s_bps,Q1,1000,100,5682,99.94720168954593,-10.075058151789042,-10.05268317880655,0.0,-10.05277887788779,-10.052618002253178,-8.191104625845766,-12.475012157702276,10.053576253383328,1.7476596711948184e-05
ENGINEERING_SAMPLE,momentum_3s_bps,Q1,1000,1000,5682,99.94720168954593,-10.075171683346184,-10.05268317880655,0.0,-10.05277887788779,-10.052618002253178,-8.19118683979399,-12.475104563650806,10.053689839657576,0.00013106287096002864
ENGINEERING_SAMPLE,momentum_3s_bps,Q1,1000,500,5682,99.94720168954593,-10.075119319898691,-10.05268317880655,0.0,-10.05277887788779,-10.052618002253178,-8.191140590801693,-12.475055260450624,10.053637451302153,7.86745155379668e-05
ENGINEERING_SAMPLE,momentum_3s_bps,Q1,15000,100,5682,99.31362196409715,-10.163724569074088,-10.052670963254164,0.0,-12.053074832511692,-8.156409418609554,-8.191104625845766,-12.475012157702276,10.049691100450717,1.7951553155353548e-05
ENGINEERING_SAMPLE,momentum_3s_bps,Q1,15000,1000,5682,99.31362196409715,-10.163841731618723,-10.052670963254164,0.0,-12.053074832511692,-8.156409418609554,-8.19118683979399,-12.475104563650806,10.049808332656728,0.00013518375916546482
ENGINEERING_SAMPLE,momentum_3s_bps,Q1,15000,500,5682,99.31362196409715,-10.163785772446138,-10.052670963254164,0.0,-12.053074832511692,-8.156409418609554,-8.191140590801693,-12.475055260450624,10.049752341675104,7.919277754064791e-05
ENGINEERING_SAMPLE,momentum_3s_bps,Q1,250,100,5682,99.96480112636395,-10.058588735942536,-10.05268317880655,0.0,-10.052754642091818,-10.052622102231133,-8.191104625845766,-12.475012157702276,10.053649787169531,2.2515307851536337e-05
ENGINEERING_SAMPLE,momentum_3s_bps,Q1,250,1000,5682,99.96480112636395,-10.058714631981465,-10.05268317880655,0.0,-10.052754642091818,-10.052622102231133,-8.19118683979399,-12.475104563650806,10.05377574895692,0.00014847709524039366
ENGINEERING_SAMPLE,momentum_3s_bps,Q1,250,500,5682,99.96480112636395,-10.058654683955496,-10.05268317880655,0.0,-10.052754642091818,-10.052622102231133,-8.191140590801693,-12.475055260450624,10.053715769612827,8.849775114864229e-05
ENGINEERING_SAMPLE,momentum_3s_bps,Q1,3000,100,5682,99.94720168954593,-10.10629934966368,-10.052683734193563,0.0,-10.789952052268296,-9.631299371314443,-8.191104625845766,-12.475012157702276,10.050632407748617,2.1309285679013884e-05
ENGINEERING_SAMPLE,momentum_3s_bps,Q1,3000,1000,5682,99.94720168954593,-10.106421011214922,-10.052683734193563,0.0,-10.789952052268296,-9.631299371314443,-8.19118683979399,-12.475104563650806,10.05075413167789,0.0001430332149520968
ENGINEERING_SAMPLE,momentum_3s_bps,Q1,3000,500,5682,99.94720168954593,-10.106364817122108,-10.052683734193563,0.0,-10.789952052268296,-9.631299371314443,-8.191140590801693,-12.475055260450624,10.050697910215074,8.681175213552101e-05
ENGINEERING_SAMPLE,momentum_3s_bps,Q1,30000,100,5682,98.52164730728617,-10.218027659381928,-10.15810620560925,0.0,-13.110734236776722,-7.419979349509551,-8.191104625845766,-12.475012157702276,10.052788864363603,2.284558799042503e-05
ENGINEERING_SAMPLE,momentum_3s_bps,Q1,30000,1000,5682,98.52164730728617,-10.218136269783736,-10.15810620560925,0.0,-13.110734236776722,-7.419979349509551,-8.19118683979399,-12.475104563650806,10.052897535911105,0.00013151713549165213
ENGINEERING_SAMPLE,momentum_3s_bps,Q1,30000,500,5682,98.52164730728617,-10.218076256331486,-10.15810620560925,0.0,-13.110734236776722,-7.419979349509551,-8.191140590801693,-12.475055260450624,10.052837482078955,7.146330334260196e-05
ENGINEERING_SAMPLE,momentum_3s_bps,Q1,500,100,5682,99.94720168954593,-10.06534575197281,-10.05268317880655,0.0,-10.05276076858108,-10.052618833278055,-8.191104625845766,-12.475012157702276,10.05572855993464,2.530044228492037e-05
ENGINEERING_SAMPLE,momentum_3s_bps,Q1,500,1000,5682,99.94720168954593,-10.065477457107788,-10.05268317880655,0.0,-10.05276076858108,-10.052618833278055,-8.19118683979399,-12.475104563650806,10.055860330530173,0.00015707103781764092
ENGINEERING_SAMPLE,momentum_3s_bps,Q1,500,500,5682,99.94720168954593,-10.06541665214607,-10.05268317880655,0.0,-10.05276076858108,-10.052618833278055,-8.191140590801693,-12.475055260450624,10.055799495724566,9.623623221062039e-05
ENGINEERING_SAMPLE,momentum_3s_bps,Q1,5000,100,5682,99.94720168954593,-10.12070079374556,-10.052683734193563,0.0,-11.054664211587061,-9.262163259495173,-8.191104625845766,-12.475012157702276,10.053023642542206,2.4937064434931578e-05
ENGINEERING_SAMPLE,momentum_3s_bps,Q1,5000,1000,5682,99.94720168954593,-10.120837630574066,-10.052683734193563,0.0,-11.054664211587061,-9.262163259495173,-8.19118683979399,-12.475104563650806,10.053160553329606,0.00016184785183577234
ENGINEERING_SAMPLE,momentum_3s_bps,Q1,5000,500,5682,99.94720168954593,-10.120778844345528,-10.052683734193563,0.0,-11.054664211587061,-9.262163259495173,-8.191140590801693,-12.475055260450624,10.053101736717208,0.00010303123943643467
ENGINEERING_SAMPLE,momentum_3s_bps,Q1,60000,100,5682,96.63850756775783,-10.48288626381714,-10.263345101965538,0.0,-15.686576127611602,-6.09745416172009,-8.191104625845766,-12.475012157702276,10.052740743703493,2.777687160082185e-05
ENGINEERING_SAMPLE,momentum_3s_bps,Q1,60000,1000,5682,96.63850756775783,-10.483050185416106,-10.263345101965538,0.0,-15.686576127611602,-6.09745416172009,-8.19118683979399,-12.475104563650806,10.052904818457176,0.0001918516252842875
ENGINEERING_SAMPLE,momentum_3s_bps,Q1,60000,500,5682,96.63850756775783,-10.482978370728555,-10.263345101965538,0.0,-15.686576127611602,-6.09745416172009,-8.191140590801693,-12.475055260450624,10.052832941564906,0.00011997473301324869
ENGINEERING_SAMPLE,momentum_3s_bps,Q4,1000,100,71,100.0,-10.027091710018734,-10.052619664329185,0.0,-10.052674849406321,-10.052609416532885,-8.974990406679876,-11.896877453294545,10.06196636305732,0.0004033412610914506
ENGINEERING_SAMPLE,momentum_3s_bps,Q4,1000,1000,71,100.0,-10.027822833516963,-10.052619664329185,0.0,-10.052674849406321,-10.052609416532885,-8.974990406679876,-11.896877453294545,10.062697888879349,0.0011348670831201695
ENGINEERING_SAMPLE,momentum_3s_bps,Q4,1000,500,71,100.0,-10.027475121051788,-10.052619664329185,0.0,-10.052674849406321,-10.052609416532885,-8.974990406679876,-11.896877453294545,10.062349985074407,0.0007869632781780868
ENGINEERING_SAMPLE,momentum_3s_bps,Q4,15000,100,71,100.0,-9.802010809374377,-9.736901678354076,0.0,-11.315235413322105,-8.104654347780283,-8.974990406679876,-11.896877453294545,10.05785238405431,-7.410766363534636e-25
ENGINEERING_SAMPLE,momentum_3s_bps,Q4,15000,1000,71,100.0,-9.802010809374377,-9.736901678354076,0.0,-11.315235413322105,-8.104654347780283,-8.974990406679876,-11.896877453294545,10.05785238405431,-7.410766363534636e-25
ENGINEERING_SAMPLE,momentum_3s_bps,Q4,15000,500,71,100.0,-9.802010809374377,-9.736901678354076,0.0,-11.315235413322105,-8.104654347780283,-8.974990406679876,-11.896877453294545,10.05785238405431,0.0
ENGINEERING_SAMPLE,momentum_3s_bps,Q4,250,100,71,100.0,-10.048183942454935,-10.052619664329185,0.0,-10.052674849406321,-10.052609416532885,-8.974990406679876,-11.896877453294545,10.056373255368932,1.4876513770158104e-25
ENGINEERING_SAMPLE,momentum_3s_bps,Q4,250,1000,71,100.0,-10.048183942454935,-10.052619664329185,0.0,-10.052674849406321,-10.052609416532885,-8.974990406679876,-11.896877453294545,10.056373255368932,1.4876513770158104e-25
ENGINEERING_SAMPLE,momentum_3s_bps,Q4,250,500,71,100.0,-10.048183942454935,-10.052619664329185,0.0,-10.052674849406321,-10.052609416532885,-8.974990406679876,-11.896877453294545,10.056373255368932,0.0
ENGINEERING_SAMPLE,momentum_3s_bps,Q4,3000,100,71,100.0,-10.073009310618493,-10.052619664329185,0.0,-11.315235413322105,-9.263289793038817,-8.974990406679876,-11.896877453294545,10.057517445315899,0.0004033412610914506
ENGINEERING_SAMPLE,momentum_3s_bps,Q4,3000,1000,71,100.0,-10.073740434116722,-10.052619664329185,0.0,-11.315235413322105,-9.263289793038817,-8.974990406679876,-11.896877453294545,10.058248971137928,0.0011348670831201695
ENGINEERING_SAMPLE,momentum_3s_bps,Q4,3000,500,71,100.0,-10.07339272165155,-10.052619664329185,0.0,-11.315235413322105,-9.263289793038817,-8.974990406679876,-11.896877453294545,10.057901067332986,0.0007869632781780868
ENGINEERING_SAMPLE,momentum_3s_bps,Q4,30000,100,71,100.0,-9.609969720843026,-9.842150148189873,0.0,-11.210016580256337,-7.314926992688734,-8.974990406679876,-11.896877453294545,10.095678343647823,-1.480463848772678e-25
ENGINEERING_SAMPLE,momentum_3s_bps,Q4,30000,1000,71,100.0,-9.609969720843026,-9.842150148189873,0.0,-11.210016580256337,-7.314926992688734,-8.974990406679876,-11.896877453294545,10.095678343647823,-1.480463848772678e-25
ENGINEERING_SAMPLE,momentum_3s_bps,Q4,30000,500,71,100.0,-9.609969720843026,-9.842150148189873,0.0,-11.210016580256337,-7.314926992688734,-8.974990406679876,-11.896877453294545,10.095678343647823,0.0
ENGINEERING_SAMPLE,momentum_3s_bps,Q4,500,100,71,100.0,-10.037807562904677,-10.052619664329185,0.0,-10.052674849406321,-10.052609416532885,-8.974990406679876,-11.896877453294545,10.051924283099302,1.4876513770158104e-25
ENGINEERING_SAMPLE,momentum_3s_bps,Q4,500,1000,71,100.0,-10.037807562904677,-10.052619664329185,0.0,-10.052674849406321,-10.052609416532885,-8.974990406679876,-11.896877453294545,10.051924283099302,1.4876513770158104e-25
ENGINEERING_SAMPLE,momentum_3s_bps,Q4,500,500,71,100.0,-10.037807562904677,-10.052619664329185,0.0,-10.052674849406321,-10.052609416532885,-8.974990406679876,-11.896877453294545,10.051924283099302,0.0
ENGINEERING_SAMPLE,momentum_3s_bps,Q4,5000,100,71,100.0,-10.15416256275308,-10.052648490339436,0.0,-11.315235413322105,-9.263289793038817,-8.974990406679876,-11.896877453294545,10.074927160758213,2.2291578192793937e-25
ENGINEERING_SAMPLE,momentum_3s_bps,Q4,5000,1000,71,100.0,-10.15416256275308,-10.052648490339436,0.0,-11.315235413322105,-9.263289793038817,-8.974990406679876,-11.896877453294545,10.074927160758213,2.2291578192793937e-25
ENGINEERING_SAMPLE,momentum_3s_bps,Q4,5000,500,71,100.0,-10.15416256275308,-10.052648490339436,0.0,-11.315235413322105,-9.263289793038817,-8.974990406679876,-11.896877453294545,10.074927160758213,0.0
ENGINEERING_SAMPLE,momentum_3s_bps,Q4,60000,100,71,100.0,-10.662908861096083,-9.947383382729958,0.0,-13.739914307848789,-8.052005857440847,-8.974990406679876,-11.896877453294545,10.05415084890238,4.456667668687763e-25
ENGINEERING_SAMPLE,momentum_3s_bps,Q4,60000,1000,71,100.0,-10.662908861096083,-9.947383382729958,0.0,-13.739914307848789,-8.052005857440847,-8.974990406679876,-11.896877453294545,10.05415084890238,4.456667668687763e-25
ENGINEERING_SAMPLE,momentum_3s_bps,Q4,60000,500,71,100.0,-10.662908861096083,-9.947383382729958,0.0,-13.739914307848789,-8.052005857440847,-8.974990406679876,-11.896877453294545,10.05415084890238,0.0
ENGINEERING_SAMPLE,momentum_3s_bps,Q5,1000,100,1439,99.93050729673384,-9.98486745481158,-10.052674571805007,0.0,-10.052764110902295,-9.579047117662542,-7.971990373311572,-11.98296840697874,10.053683059209847,0.00012739493007385308
ENGINEERING_SAMPLE,momentum_3s_bps,Q5,1000,1000,1439,99.93050729673384,-9.985546076100519,-10.052674571805007,0.0,-10.052764110902295,-9.579075925311772,-7.97285448430397,-11.983594286715057,10.054361978944954,0.0008063146651808333
ENGINEERING_SAMPLE,momentum_3s_bps,Q5,1000,500,1439,99.93050729673384,-9.985323233530808,-10.052674571805007,0.0,-10.052764110902295,-9.579047117662542,-7.97253183874668,-11.983378714441164,10.05413903772809,0.0005833734483166614
ENGINEERING_SAMPLE,momentum_3s_bps,Q5,15000,100,1439,98.47116052814455,-9.942767401612311,-9.947316265806437,0.0,-11.73692442178877,-8.10387185645577,-7.971990373311572,-11.98296840697874,10.062573355373427,0.00014949230873372084
ENGINEERING_SAMPLE,momentum_3s_bps,Q5,15000,1000,1439,98.47116052814455,-9.943460422360166,-9.947316265806437,0.0,-11.73692442178877,-8.10387185645577,-7.97285448430397,-11.983594286715057,10.06326673048306,0.0008428674183653732
ENGINEERING_SAMPLE,momentum_3s_bps,Q5,15000,500,1439,98.47116052814455,-9.943221811596729,-9.947316265806437,0.0,-11.73692442178877,-8.10387185645577,-7.97253183874668,-11.983378714441164,10.063027996070343,0.0006041330056491224
ENGINEERING_SAMPLE,momentum_3s_bps,Q5,250,100,1439,100.0,-10.032856972490336,-10.052680957375598,0.0,-10.052758095062837,-10.052616838862678,-7.971990373311572,-11.98296840697874,10.047712684256641,0.00012730639989312072
ENGINEERING_SAMPLE,momentum_3s_bps,Q5,250,1000,1439,100.0,-10.033535098850878,-10.052680957375598,0.0,-10.052758095062837,-10.052616838862678,-7.97285448430397,-11.983594286715057,10.048391132192071,0.0008057543353231677
ENGINEERING_SAMPLE,momentum_3s_bps,Q5,250,500,1439,100.0,-10.03331241869213,-10.052680957375598,0.0,-10.052758095062837,-10.052616838862678,-7.97253183874668,-11.983378714441164,10.048168345903086,0.0005829680463372892
ENGINEERING_SAMPLE,momentum_3s_bps,Q5,3000,100,1439,99.30507296733843,-9.888385045591688,-10.052664025122768,0.0,-10.263496448927297,-9.104423724614842,-7.971990373311572,-11.98296840697874,10.056453174563318,0.00014405254909834577
ENGINEERING_SAMPLE,momentum_3s_bps,Q5,3000,1000,1439,99.30507296733843,-9.889198963813532,-10.052664025122768,0.0,-10.263496448927297,-9.104423724614842,-7.97285448430397,-11.983594286715057,10.05726755743159,0.0009584354173693425
ENGINEERING_SAMPLE,momentum_3s_bps,Q5,3000,500,1439,99.30507296733843,-9.888936972755394,-10.052664025122768,0.0,-10.263496448927297,-9.104423724614842,-7.97253183874668,-11.983378714441164,10.057005418582259,0.000696296568039536
ENGINEERING_SAMPLE,momentum_3s_bps,Q5,30000,100,1439,97.4287699791522,-10.10466491113574,-9.947297375678227,0.0,-13.111423581615478,-7.152767153927718,-7.971990373311572,-11.98296840697874,10.054100550122934,0.00016084215413223564
ENGINEERING_SAMPLE,momentum_3s_bps,Q5,30000,1000,1439,97.4287699791522,-10.1056412207847,-9.947297375678227,0.0,-13.111423581615478,-7.158142962093605,-7.97285448430397,-11.983594286715057,10.05507744594486,0.0011377379760592798
ENGINEERING_SAMPLE,momentum_3s_bps,Q5,30000,500,1439,97.4287699791522,-10.1053469880928,-9.947297375678227,0.0,-13.111423581615478,-7.156091706070241,-7.97253183874668,-11.983378714441164,10.054783048549513,0.0008433405807113299
ENGINEERING_SAMPLE,momentum_3s_bps,Q5,500,100,1439,100.0,-10.013045583892401,-10.052677903213905,0.0,-10.05276076858108,-9.841991273555077,-7.971990373311572,-11.98296840697874,10.047643317800866,0.00012730639989312072
ENGINEERING_SAMPLE,momentum_3s_bps,Q5,500,1000,1439,100.0,-10.013739894725695,-10.052677903213905,0.0,-10.05276076858108,-9.841998600376236,-7.97285448430397,-11.983594286715057,10.048337944841428,0.0008219334404558659
ENGINEERING_SAMPLE,momentum_3s_bps,Q5,500,500,1439,100.0,-10.013501040163238,-10.052677903213905,0.0,-10.05276076858108,-9.841998600376236,-7.97253183874668,-11.983378714441164,10.04809897944731,0.0005829680463372892
ENGINEERING_SAMPLE,momentum_3s_bps,Q5,5000,100,1439,98.81862404447533,-9.873708440846507,-10.052638231313296,0.0,-10.947483173760546,-8.892655158587798,-7.971990373311572,-11.98296840697874,10.06257620696777,0.00011496701579656359
ENGINEERING_SAMPLE,momentum_3s_bps,Q5,5000,1000,1439,98.81862404447533,-9.874357998489192,-10.052638231313296,0.0,-10.947483173760546,-8.892655158587798,-7.97285448430397,-11.983594286715057,10.063226127766592,0.0007648878146170203
ENGINEERING_SAMPLE,momentum_3s_bps,Q5,5000,500,1439,98.81862404447533,-9.87412352581001,-10.052638231313296,0.0,-10.947483173760546,-8.892655158587798,-7.97253183874668,-11.983378714441164,10.062991524653517,0.0005302847015418791
ENGINEERING_SAMPLE,momentum_3s_bps,Q5,60000,100,1439,96.52536483669215,-9.975773548228771,-10.0,0.0,-14.74023681423204,-5.944827331836911,-7.971990373311572,-11.98296840697874,10.056933170846273,0.00011769841358006726
ENGINEERING_SAMPLE,momentum_3s_bps,Q5,60000,1000,1439,96.52536483669215,-9.976421855015527,-10.0,0.0,-14.74023681423204,-5.944827331836911,-7.97285448430397,-11.983594286715057,10.057581745495204,0.000766273062511115
ENGINEERING_SAMPLE,momentum_3s_bps,Q5,60000,500,1439,96.52536483669215,-9.976198551598888,-10.0,0.0,-14.74023681423204,-5.944827331836911,-7.97253183874668,-11.983378714441164,10.057358355690859,0.0005428832581659842
ENGINEERING_SAMPLE,ofi_1s,Q1,1000,100,1439,100.0,-10.109659738987395,-10.052694566581259,0.0,-10.326660664876975,-10.052618833278055,-8.181515860577852,-12.807339979690456,10.046878201681878,9.030058430929882e-05
ENGINEERING_SAMPLE,ofi_1s,Q1,1000,1000,1439,100.0,-10.10995971168392,-10.052694566581259,0.0,-10.326660664876975,-10.052618833278055,-8.181895408641958,-12.807514675002372,10.047178324274745,0.0003904231771753304
ENGINEERING_SAMPLE,ofi_1s,Q1,1000,500,1439,100.0,-10.109873650161294,-10.052694566581259,0.0,-10.326660664876975,-10.052618833278055,-8.181743690646902,-12.807465072639685,10.047092221284286,0.0003043201867182395
ENGINEERING_SAMPLE,ofi_1s,Q1,15000,100,1439,98.95760945100764,-10.318679452790722,-10.05271318647125,0.0,-12.795327047642125,-8.152388044724013,-8.181515860577852,-12.807339979690456,10.037690224857949,7.11380719491995e-05
ENGINEERING_SAMPLE,ofi_1s,Q1,15000,1000,1439,98.95760945100764,-10.318867524000193,-10.05271318647125,0.0,-12.795327047642125,-8.153404934063456,-8.181895408641958,-12.807514675002372,10.037878392611113,0.0002593058251149157
ENGINEERING_SAMPLE,ofi_1s,Q1,15000,500,1439,98.95760945100764,-10.318804471691715,-10.05271318647125,0.0,-12.795327047642125,-8.153404934063456,-8.181743690646902,-12.807465072639685,10.037815307508513,0.00019622072251482072
ENGINEERING_SAMPLE,ofi_1s,Q1,250,100,1439,100.0,-10.068872277518407,-10.052692066404129,0.0,-10.052773638849873,-10.052622157640084,-8.181515860577852,-12.807339979690456,10.04682559805176,7.660309532291408e-05
ENGINEERING_SAMPLE,ofi_1s,Q1,250,1000,1439,100.0,-10.069042105810079,-10.052692066404129,0.0,-10.052773638849873,-10.052622157640084,-8.181895408641958,-12.807514675002372,10.046995511301075,0.0002465163446390544
ENGINEERING_SAMPLE,ofi_1s,Q1,250,500,1439,100.0,-10.068969684520921,-10.052692066404129,0.0,-10.052773638849873,-10.052622157640084,-8.181743690646902,-12.807465072639685,10.046923053136087,0.00017405817965095516
ENGINEERING_SAMPLE,ofi_1s,Q1,3000,100,1439,99.72202918693537,-10.219564630969874,-10.052702068536417,0.0,-11.05460189990217,-9.684280351887631,-8.181515860577852,-12.807339979690456,10.040133242359298,9.055483896130272e-05
ENGINEERING_SAMPLE,ofi_1s,Q1,3000,1000,1439,99.72202918693537,-10.219774618834041,-10.052702068536417,0.0,-11.05460189990217,-9.684280351887631,-8.181895408641958,-12.807514675002372,10.040343312656896,0.0003006251365590056
ENGINEERING_SAMPLE,ofi_1s,Q1,3000,500,1439,99.72202918693537,-10.21970767695186,-10.052702068536417,0.0,-11.05460189990217,-9.684280351887631,-8.181743690646902,-12.807465072639685,10.040276344603251,0.00023365708291550686
ENGINEERING_SAMPLE,ofi_1s,Q1,30000,100,1439,97.91521890201528,-10.409412240273774,-10.158336633663366,0.0,-13.792129502771747,-7.34434784340356,-8.181515860577852,-12.807339979690456,10.037824893467434,8.793994139669389e-05
ENGINEERING_SAMPLE,ofi_1s,Q1,30000,1000,1439,97.91521890201528,-10.409722147309237,-10.158336633663366,0.0,-13.792129502771747,-7.34434784340356,-8.181895408641958,-12.807514675002372,10.038135046882164,0.0003980933561266116
ENGINEERING_SAMPLE,ofi_1s,Q1,30000,500,1439,97.91521890201528,-10.409633186983504,-10.158336633663366,0.0,-13.792129502771747,-7.34434784340356,-8.181743690646902,-12.807465072639685,10.03804602159839,0.0003090680723522009
ENGINEERING_SAMPLE,ofi_1s,Q1,500,100,1439,100.0,-10.08846991703122,-10.052692899770143,0.0,-10.052779435294367,-10.052619941352061,-8.181515860577852,-12.807339979690456,10.052152030651033,5.670222258519855e-05
ENGINEERING_SAMPLE,ofi_1s,Q1,500,1000,1439,100.0,-10.08860367483638,-10.052692899770143,0.0,-10.052779435294367,-10.052619941352061,-8.181895408641958,-12.807514675002372,10.052285850545905,0.00019052211745469212
ENGINEERING_SAMPLE,ofi_1s,Q1,500,500,1439,100.0,-10.088548408482177,-10.052692899770143,0.0,-10.052779435294367,-10.052619941352061,-8.181743690646902,-12.807465072639685,10.05223055780144,0.00013522937299065301
ENGINEERING_SAMPLE,ofi_1s,Q1,5000,100,1439,99.65253648366921,-10.25833561539819,-10.052711240494046,0.0,-11.315851834688461,-9.367875156133888,-8.181515860577852,-12.807339979690456,10.041076896216907,5.689992907956814e-05
ENGINEERING_SAMPLE,ofi_1s,Q1,5000,1000,1439,99.65253648366921,-10.258456962985404,-10.052711240494046,0.0,-11.315851834688461,-9.367875156133888,-8.181895408641958,-12.807514675002372,10.041198303932982,0.0001783076451549274
ENGINEERING_SAMPLE,ofi_1s,Q1,5000,500,1439,99.65253648366921,-10.258414377618351,-10.052711240494046,0.0,-11.315851834688461,-9.367875156133888,-8.181743690646902,-12.807465072639685,10.041155697171881,0.00013570088405407928
ENGINEERING_SAMPLE,ofi_1s,Q1,60000,100,1439,97.77623349548297,-10.626618126527676,-10.632051559049973,0.0,-15.791883092937743,-5.894239580370967,-8.181515860577852,-12.807339979690456,10.040977104843114,5.7991825373205906e-05
ENGINEERING_SAMPLE,ofi_1s,Q1,60000,1000,1439,97.77623349548297,-10.626754848120006,-10.632051559049973,0.0,-15.791883092937743,-5.894239580370967,-8.181895408641958,-12.807514675002372,10.04111391697592,0.0001948039581784946
ENGINEERING_SAMPLE,ofi_1s,Q1,60000,500,1439,97.77623349548297,-10.626698388191569,-10.632051559049973,0.0,-15.791883092937743,-5.894239580370967,-8.181743690646902,-12.807465072639685,10.041057417969933,0.0001383049521915776
ENGINEERING_SAMPLE,ofi_1s,Q2,1000,100,1438,99.7913769123783,-10.078837397199925,-10.05268317880655,0.0,-10.05277302582948,-10.052618002253178,-8.21951921026136,-12.317005094943402,10.051889483691193,2.145453317157207e-05
ENGINEERING_SAMPLE,ofi_1s,Q2,1000,1000,1438,99.7913769123783,-10.07912668688997,-10.05268317880655,0.0,-10.05277302582948,-10.052618002253178,-8.219808052105893,-12.317293754545,10.052178885626612,0.0003108564685914308
ENGINEERING_SAMPLE,ofi_1s,Q2,1000,500,1438,99.7913769123783,-10.079033137277564,-10.05268317880655,0.0,-10.05277302582948,-10.052618002253178,-8.219714647337815,-12.317200409999813,10.0520852981089,0.00021726895087890497
ENGINEERING_SAMPLE,ofi_1s,Q2,15000,100,1438,99.23504867872045,-10.184406433094264,-10.052670963254164,0.0,-11.894248081114375,-8.418662785178622,-8.21951921026136,-12.317005094943402,10.050595882485592,2.1574810862793214e-05
ENGINEERING_SAMPLE,ofi_1s,Q2,15000,1000,1438,99.23504867872045,-10.18469727924223,-10.052670963254164,0.0,-11.894248081114375,-8.418662785178622,-8.219808052105893,-12.317293754545,10.05088690685653,0.0003125991818000723
ENGINEERING_SAMPLE,ofi_1s,Q2,15000,500,1438,99.23504867872045,-10.184603226885498,-10.052670963254164,0.0,-11.894248081114375,-8.418662785178622,-8.219714647337815,-12.317200409999813,10.050792794671583,0.00021848699685439988
ENGINEERING_SAMPLE,ofi_1s,Q2,250,100,1438,99.93045897079277,-10.060662104807774,-10.05268317880655,0.0,-10.05275074415757,-10.052619941352061,-8.21951921026136,-12.317005094943402,10.05273342767184,2.14246730001433e-05
ENGINEERING_SAMPLE,ofi_1s,Q2,250,1000,1438,99.93045897079277,-10.060950973501663,-10.05268317880655,0.0,-10.05275074415757,-10.052619941352061,-8.219808052105893,-12.317293754545,10.053022426820988,0.0003104238221494107
ENGINEERING_SAMPLE,ofi_1s,Q2,250,500,1438,99.93045897079277,-10.060857560192222,-10.05268317880655,0.0,-10.05275074415757,-10.052619941352061,-8.219714647337815,-12.317200409999813,10.052928969557302,0.00021696655846292876
ENGINEERING_SAMPLE,ofi_1s,Q2,3000,100,1438,99.65229485396384,-10.13001952892194,-10.05268317880655,0.0,-10.738106106730873,-9.789338349588741,-8.21951921026136,-12.317005094943402,10.050049938776427,2.1484476693095546e-05
ENGINEERING_SAMPLE,ofi_1s,Q2,3000,1000,1438,99.65229485396384,-10.130412936363648,-10.05268317880655,0.0,-10.738106106730873,-9.789338349588741,-8.219808052105893,-12.317293754545,10.050443636276182,0.00041518197644788406
ENGINEERING_SAMPLE,ofi_1s,Q2,3000,500,1438,99.65229485396384,-10.130287021843282,-10.05268317880655,0.0,-10.738106106730873,-9.789338349588741,-8.219714647337815,-12.317200409999813,10.050317629036266,0.00028917473653257474
ENGINEERING_SAMPLE,ofi_1s,Q2,30000,100,1438,98.40055632823366,-10.239144442857635,-10.052692066404129,0.0,-13.056607156038764,-7.418782742518631,-8.21951921026136,-12.317005094943402,10.049999521782903,4.1998066391838506e-05
ENGINEERING_SAMPLE,ofi_1s,Q2,30000,1000,1438,98.40055632823366,-10.239566535813422,-10.052692066404129,0.0,-13.056607156038764,-7.418782742518631,-8.219808052105893,-12.317293754545,10.050421882115321,0.0004643583988112185
ENGINEERING_SAMPLE,ofi_1s,Q2,30000,500,1438,98.40055632823366,-10.239434593792593,-10.052692066404129,0.0,-13.056607156038764,-7.418782742518631,-8.219714647337815,-12.317200409999813,10.050289859750402,0.00033233603389024036
ENGINEERING_SAMPLE,ofi_1s,Q2,500,100,1438,99.86091794158554,-10.066825637745286,-10.05268317880655,0.0,-10.052757426683275,-10.052618833278055,-8.21951921026136,-12.317005094943402,10.05326129248238,5.095229772842934e-05
ENGINEERING_SAMPLE,ofi_1s,Q2,500,1000,1438,99.86091794158554,-10.067297684315053,-10.05268317880655,0.0,-10.052757426683275,-10.052618833278055,-8.219808052105893,-12.317293754545,10.053733555191162,0.0005232150065087618
ENGINEERING_SAMPLE,ofi_1s,Q2,500,500,1438,99.86091794158554,-10.067159448045999,-10.05268317880655,0.0,-10.052757426683275,-10.052618833278055,-8.219714647337815,-12.317200409999813,10.053595254859651,0.0003849146749980693
ENGINEERING_SAMPLE,ofi_1s,Q2,5000,100,1438,99.51321279554938,-10.166329910017138,-10.052683734193563,0.0,-11.053496988126419,-9.473273713222701,-8.21951921026136,-12.317005094943402,10.04817753936412,3.385209610640038e-05
ENGINEERING_SAMPLE,ofi_1s,Q2,5000,1000,1438,99.51321279554938,-10.166673942518868,-10.052683734193563,0.0,-11.053496988126419,-9.473273713222701,-8.219808052105893,-12.317293754545,10.048521809116304,0.00037812184828928943
ENGINEERING_SAMPLE,ofi_1s,Q2,5000,500,1438,99.51321279554938,-10.166572968719473,-10.052683734193563,0.0,-11.053496988126419,-9.473273713222701,-8.219714647337815,-12.317200409999813,10.048420761855448,0.00027707458743399244
ENGINEERING_SAMPLE,ofi_1s,Q2,60000,100,1438,95.96662030598053,-10.359774440614403,-10.157846528008086,0.0,-14.852120962678022,-6.262705259055624,-8.21951921026136,-12.317005094943402,10.050053648539446,7.370692663856376e-05
ENGINEERING_SAMPLE,ofi_1s,Q2,60000,1000,1438,95.96662030598053,-10.360303044142197,-10.157846528008086,0.0,-14.852120962678022,-6.262705259055624,-8.219808052105893,-12.317293754545,10.050582742151864,0.0006028005390562559
ENGINEERING_SAMPLE,ofi_1s,Q2,60000,500,1438,95.96662030598053,-10.360141341387465,-10.157846528008086,0.0,-14.852120962678022,-6.262705259055624,-8.219714647337815,-12.317200409999813,10.050420895764507,0.0004409541517006597
ENGINEERING_SAMPLE,ofi_1s,Q3,1000,100,1438,99.93045897079277,-10.058293572054806,-10.052673461429007,0.0,-10.05275074415757,-10.052618002253178,-8.293385115516886,-12.330234261730888,10.049200782420776,-1.0632517655709912e-24
ENGINEERING_SAMPLE,ofi_1s,Q3,1000,1000,1438,99.93045897079277,-10.058293572054806,-10.052673461429007,0.0,-10.05275074415757,-10.052618002253178,-8.293385115516886,-12.330241558194702,10.049200782420776,-1.0632517655709912e-24
ENGINEERING_SAMPLE,ofi_1s,Q3,1000,500,1438,99.93045897079277,-10.058293572054806,-10.052673461429007,0.0,-10.05275074415757,-10.052618002253178,-8.293385115516886,-12.330234261730888,10.049200782420776,0.0
ENGINEERING_SAMPLE,ofi_1s,Q3,15000,100,1438,99.65229485396384,-10.222822309479271,-10.052669297935912,0.0,-11.894248081114375,-8.417477675272858,-8.293385115516886,-12.330234261730888,10.050192804802366,1.3752261578091246e-05
ENGINEERING_SAMPLE,ofi_1s,Q3,15000,1000,1438,99.65229485396384,-10.222843024811981,-10.052669297935912,0.0,-11.894248081114375,-8.417477675272858,-8.293385115516886,-12.330241558194702,10.050213533283745,3.4480742957686416e-05
ENGINEERING_SAMPLE,ofi_1s,Q3,15000,500,1438,99.65229485396384,-10.222840723108348,-10.052669297935912,0.0,-11.894248081114375,-8.417477675272858,-8.293385115516886,-12.330234261730888,10.050211230119148,3.217757835995362e-05
ENGINEERING_SAMPLE,ofi_1s,Q3,250,100,1438,99.93045897079277,-10.053472213950094,-10.052673461429007,0.0,-10.052738719877814,-10.052622157640084,-8.293385115516886,-12.330234261730888,10.052707065537868,2.6002719144426117e-05
ENGINEERING_SAMPLE,ofi_1s,Q3,250,1000,1438,99.93045897079277,-10.053669176197033,-10.052673461429007,0.0,-10.052738719877814,-10.052622157640084,-8.293385115516886,-12.330241558194702,10.052904141147447,0.0002230783287229454
ENGINEERING_SAMPLE,ofi_1s,Q3,250,500,1438,99.93045897079277,-10.053635511845956,-10.052673461429007,0.0,-10.052738719877814,-10.052622157640084,-8.293385115516886,-12.330234261730888,10.052870457445245,0.00018939462652064538
ENGINEERING_SAMPLE,ofi_1s,Q3,3000,100,1438,99.93045897079277,-10.075627868291015,-10.05267373901862,0.0,-10.685159405616899,-9.525581161392045,-8.293385115516886,-12.330234261730888,10.051841545126257,-1.1219174368986313e-24
ENGINEERING_SAMPLE,ofi_1s,Q3,3000,1000,1438,99.93045897079277,-10.075627868291015,-10.05267373901862,0.0,-10.685159405616899,-9.525581161392045,-8.293385115516886,-12.330241558194702,10.051841545126257,-1.1219174368986313e-24
ENGINEERING_SAMPLE,ofi_1s,Q3,3000,500,1438,99.93045897079277,-10.075627868291015,-10.05267373901862,0.0,-10.685159405616899,-9.525581161392045,-8.293385115516886,-12.330234261730888,10.051841545126257,0.0
ENGINEERING_SAMPLE,ofi_1s,Q3,30000,100,1438,99.3741307371349,-10.300439155379335,-10.421407678726712,0.0,-13.013193298912238,-7.420658745707725,-8.293385115516886,-12.330234261730888,10.049412896920385,1.2354859641044806e-05
ENGINEERING_SAMPLE,ofi_1s,Q3,30000,1000,1438,99.3741307371349,-10.300493259846924,-10.421407678726712,0.0,-13.013193298912238,-7.420658745707725,-8.293385115516886,-12.330241558194702,10.049467031446659,6.648938591551437e-05
ENGINEERING_SAMPLE,ofi_1s,Q3,30000,500,1438,99.3741307371349,-10.30048605563216,-10.421407678726712,0.0,-13.013193298912238,-7.420658745707725,-8.293385115516886,-12.330234261730888,10.049459823229467,5.928116872415297e-05
ENGINEERING_SAMPLE,ofi_1s,Q3,500,100,1438,99.93045897079277,-10.057837743823484,-10.052673461429007,0.0,-10.052743784993218,-10.052618833278055,-8.293385115516886,-12.330234261730888,10.054876383142025,2.743025886056419e-05
ENGINEERING_SAMPLE,ofi_1s,Q3,500,1000,1438,99.93045897079277,-10.057910851692467,-10.052673461429007,0.0,-10.052743784993218,-10.052618833278055,-8.293385115516886,-12.330241558194702,10.054949536082313,0.00010058319914839097
ENGINEERING_SAMPLE,ofi_1s,Q3,500,500,1438,99.93045897079277,-10.057901392288029,-10.052673461429007,0.0,-10.052743784993218,-10.052618833278055,-8.293385115516886,-12.330234261730888,10.054940070864033,9.111798086859307e-05
ENGINEERING_SAMPLE,ofi_1s,Q3,5000,100,1438,99.93045897079277,-10.12020925445066,-10.052670963254164,0.0,-11.158596343326835,-9.262897005387739,-8.293385115516886,-12.330234261730888,10.0556551957195,-1.129250787521211e-24
ENGINEERING_SAMPLE,ofi_1s,Q3,5000,1000,1438,99.93045897079277,-10.120225473275003,-10.052670963254164,0.0,-11.158596343326835,-9.262897005387739,-8.293385115516886,-12.330241558194702,10.05567142201634,1.6226296838875552e-05
ENGINEERING_SAMPLE,ofi_1s,Q3,5000,500,1438,99.93045897079277,-10.12020925445066,-10.052670963254164,0.0,-11.158596343326835,-9.262897005387739,-8.293385115516886,-12.330234261730888,10.0556551957195,0.0
ENGINEERING_SAMPLE,ofi_1s,Q3,60000,100,1438,96.03616133518776,-10.519248233304129,-10.052702624321773,0.0,-15.686576127611602,-6.262705259055624,-8.293385115516886,-12.330234261730888,10.052148654827178,-8.007452233475382e-25
ENGINEERING_SAMPLE,ofi_1s,Q3,60000,1000,1438,96.03616133518776,-10.519248233304129,-10.052702624321773,0.0,-15.686576127611602,-6.262705259055624,-8.293385115516886,-12.330241558194702,10.052148654827178,-8.007452233475382e-25
ENGINEERING_SAMPLE,ofi_1s,Q3,60000,500,1438,96.03616133518776,-10.519248233304129,-10.052702624321773,0.0,-15.686576127611602,-6.262705259055624,-8.293385115516886,-12.330234261730888,10.052148654827178,0.0
ENGINEERING_SAMPLE,ofi_1s,Q4,1000,100,1438,100.0,-10.051942023944784,-10.052677070322176,0.0,-10.05277302582948,-10.052615509336029,-8.153857743651832,-12.34310856177939,10.061590699757875,2.3869445636426427e-05
ENGINEERING_SAMPLE,ofi_1s,Q4,1000,1000,1438,100.0,-10.05204565407573,-10.052677070322176,0.0,-10.05277302582948,-10.052615509336029,-8.153907649435624,-12.343158442865672,10.061694382206673,0.00012755189443409295
ENGINEERING_SAMPLE,ofi_1s,Q4,1000,500,1438,100.0,-10.052008648921277,-10.052677070322176,0.0,-10.05277302582948,-10.052615509336029,-8.153877778569017,-12.34312858678164,10.061657359553129,9.052924089107865e-05
ENGINEERING_SAMPLE,ofi_1s,Q4,15000,100,1438,99.09596662030599,-10.039780161595727,-10.052667355197707,0.0,-11.894248081114375,-8.104654347780283,-8.153857743651832,-12.34310856177939,10.056424627720661,1.169766203377416e-05
ENGINEERING_SAMPLE,ofi_1s,Q4,15000,1000,1438,99.09596662030599,-10.039830472569463,-10.052667355197707,0.0,-11.894248081114375,-8.104654347780283,-8.153907649435624,-12.343158442865672,10.05647496956159,6.203950296347764e-05
ENGINEERING_SAMPLE,ofi_1s,Q4,15000,500,1438,99.09596662030599,-10.039800359178368,-10.052667355197707,0.0,-11.894248081114375,-8.104654347780283,-8.153877778569017,-12.34312858678164,10.056444837608307,3.1907549680390524e-05
ENGINEERING_SAMPLE,ofi_1s,Q4,250,100,1438,100.0,-10.054680785070177,-10.052677903213905,0.0,-10.052754642091818,-10.052618833278055,-8.153857743651832,-12.34310856177939,10.05837429486775,1.1591911264345047e-05
ENGINEERING_SAMPLE,ofi_1s,Q4,250,1000,1438,100.0,-10.054730649356767,-10.052677903213905,0.0,-10.052754642091818,-10.052618833278055,-8.153907649435624,-12.343158442865672,10.058424181601636,6.147864514809153e-05
ENGINEERING_SAMPLE,ofi_1s,Q4,250,500,1438,100.0,-10.054700803328112,-10.052677903213905,0.0,-10.052754642091818,-10.052618833278055,-8.153877778569017,-12.34312858678164,10.058394322051267,3.161909478063734e-05
ENGINEERING_SAMPLE,ofi_1s,Q4,3000,100,1438,99.93045897079277,-10.015910659719285,-10.052674016611155,0.0,-10.526684653162743,-9.42054306464704,-8.153857743651832,-12.34310856177939,10.060959998352807,2.531359596191483e-05
ENGINEERING_SAMPLE,ofi_1s,Q4,3000,1000,1438,99.93045897079277,-10.015981216376133,-10.052674016611155,0.0,-10.526684653162743,-9.42054306464704,-8.153907649435624,-12.343158442865672,10.061030590911471,9.59061546256744e-05
ENGINEERING_SAMPLE,ofi_1s,Q4,3000,500,1438,99.93045897079277,-10.015949054281133,-10.052674016611155,0.0,-10.526684653162743,-9.42054306464704,-8.153877778569017,-12.34312858678164,10.060998413792138,6.372903529291425e-05
ENGINEERING_SAMPLE,ofi_1s,Q4,30000,100,1438,98.67872044506258,-10.052006314669256,-10.052674016611155,0.0,-12.743559966216216,-7.387646243409056,-8.153857743651832,-12.34310856177939,10.064612533706441,1.1747123606855657e-05
ENGINEERING_SAMPLE,ofi_1s,Q4,30000,1000,1438,98.67872044506258,-10.052069854791167,-10.052674016611155,0.0,-12.743559966216216,-7.387646243409056,-8.153907649435624,-12.343158442865672,10.064676103323913,7.531674107687926e-05
ENGINEERING_SAMPLE,ofi_1s,Q4,30000,500,1438,98.67872044506258,-10.05202660096588,-10.052674016611155,0.0,-12.743559966216216,-7.387646243409056,-8.153877778569017,-12.34312858678164,10.06463282904816,3.20424653238594e-05
ENGINEERING_SAMPLE,ofi_1s,Q4,500,100,1438,100.0,-10.0529233507531,-10.052677070322176,0.0,-10.052757426683275,-10.052616617270042,-8.153857743651832,-12.34310856177939,10.058006502627475,1.1591911264345047e-05
ENGINEERING_SAMPLE,ofi_1s,Q4,500,1000,1438,100.0,-10.05297321503969,-10.052677070322176,0.0,-10.052757426683275,-10.052616617270042,-8.153907649435624,-12.343158442865672,10.058056389361358,6.147864514809153e-05
ENGINEERING_SAMPLE,ofi_1s,Q4,500,500,1438,100.0,-10.052943369011034,-10.052677070322176,0.0,-10.052757426683275,-10.052616617270042,-8.153877778569017,-12.34312858678164,10.058026529810991,3.161909478063734e-05
ENGINEERING_SAMPLE,ofi_1s,Q4,5000,100,1438,99.86091794158554,-10.016753753891292,-10.052671240818906,0.0,-10.790020735382015,-9.262163259495173,-8.153857743651832,-12.34310856177939,10.067154699655168,1.1608055987554441e-05
ENGINEERING_SAMPLE,ofi_1s,Q4,5000,1000,1438,99.86091794158554,-10.016803683156194,-10.052671240818906,0.0,-10.790020735382015,-9.262163259495173,-8.153907649435624,-12.343158442865672,10.067204655869183,6.156427000205824e-05
ENGINEERING_SAMPLE,ofi_1s,Q4,5000,500,1438,99.86091794158554,-10.016773798235082,-10.052671240818906,0.0,-10.790020735382015,-9.262163259495173,-8.153877778569017,-12.34312858678164,10.067174754731697,3.1663132517100624e-05
ENGINEERING_SAMPLE,ofi_1s,Q4,60000,100,1438,96.94019471488178,-10.422316807944853,-10.157990410453658,0.0,-15.800959219961062,-6.09745416172009,-8.153857743651832,-12.34310856177939,10.063199090067735,1.1957796555328678e-05
ENGINEERING_SAMPLE,ofi_1s,Q4,60000,1000,1438,96.94019471488178,-10.422461698119514,-10.157990410453658,0.0,-15.800959219961062,-6.09745416172009,-8.153907649435624,-12.343158442865672,10.063344099386084,0.000156967114903761
ENGINEERING_SAMPLE,ofi_1s,Q4,60000,500,1438,96.94019471488178,-10.422410967653212,-10.157990410453658,0.0,-15.800959219961062,-6.09745416172009,-8.153877778569017,-12.34312858678164,10.063293341068825,0.00010620879764553114
ENGINEERING_SAMPLE,ofi_1s,Q5,1000,100,1439,100.0,-9.984034491021712,-10.052674016611155,0.0,-10.05276076858108,-9.631137255979375,-7.926943746631657,-12.05640139088514,10.058837596926466,8.063007155203568e-05
ENGINEERING_SAMPLE,ofi_1s,Q5,1000,1000,1439,100.0,-9.984504749083603,-10.052674016611155,0.0,-10.05276076858108,-9.631230182957207,-7.9274143681772715,-12.056871791199693,10.059308074907056,0.0005511080521426987
ENGINEERING_SAMPLE,ofi_1s,Q5,1000,500,1439,100.0,-9.984274583981723,-10.052674016611155,0.0,-10.05276076858108,-9.631139978595417,-7.927184045088587,-12.056641579483825,10.05907780024169,0.00032083338677551794
ENGINEERING_SAMPLE,ofi_1s,Q5,15000,100,1439,98.81862404447533,-9.814207664049288,-9.894442244224422,0.0,-11.46962696445628,-7.840080747600499,-7.926943746631657,-12.05640139088514,10.066792022072445,0.00010173501204988999
ENGINEERING_SAMPLE,ofi_1s,Q5,15000,1000,1439,98.81862404447533,-9.814811693285792,-9.894442244224422,0.0,-11.46962696445628,-7.840080747600499,-7.9274143681772715,-12.056871791199693,10.06739636115394,0.0007060740935448581
ENGINEERING_SAMPLE,ofi_1s,Q5,15000,500,1439,98.81862404447533,-9.81454187616994,-9.894442244224422,0.0,-11.46962696445628,-7.840080747600499,-7.927184045088587,-12.056641579483825,10.067126407546478,0.0004361204860829672
ENGINEERING_SAMPLE,ofi_1s,Q5,250,100,1439,100.0,-10.02900421900385,-10.05268234574799,0.0,-10.052757426683275,-10.052616063297203,-7.926943746631657,-12.05640139088514,10.051806521571077,8.063007155203568e-05
ENGINEERING_SAMPLE,ofi_1s,Q5,250,1000,1439,100.0,-10.029474466756547,-10.05268234574799,0.0,-10.052757426683275,-10.052616063297203,-7.9274143681772715,-12.056871791199693,10.052276999551667,0.0005511080521426987
ENGINEERING_SAMPLE,ofi_1s,Q5,250,500,1439,100.0,-10.029244308234324,-10.05268234574799,0.0,-10.052757426683275,-10.052616063297203,-7.927184045088587,-12.056641579483825,10.0520467248863,0.00032083338677551794
ENGINEERING_SAMPLE,ofi_1s,Q5,3000,100,1439,99.86101459346769,-9.872251776483479,-10.05266347015122,0.0,-10.474292153964118,-9.050817878423302,-7.926943746631657,-12.05640139088514,10.05628962118384,0.00011022593539471261
ENGINEERING_SAMPLE,ofi_1s,Q5,3000,1000,1439,99.86101459346769,-9.872905526999803,-10.05266347015122,0.0,-10.474292153964118,-9.050817878423302,-7.9274143681772715,-12.056871791199693,10.056943692683815,0.0007642974353696556
ENGINEERING_SAMPLE,ofi_1s,Q5,3000,500,1439,99.86101459346769,-9.872630311257927,-10.05266347015122,0.0,-10.474292153964118,-9.050817878423302,-7.927184045088587,-12.056641579483825,10.056668345974753,0.000488950726308918
ENGINEERING_SAMPLE,ofi_1s,Q5,30000,100,1439,97.22029186935372,-9.943667724138775,-9.947297375678227,0.0,-12.89594154646887,-7.051373904248146,-7.926943746631657,-12.05640139088514,10.065627864997646,9.702029840330187e-05
ENGINEERING_SAMPLE,ofi_1s,Q5,30000,1000,1439,97.22029186935372,-9.944221968523753,-9.947297375678227,0.0,-12.89594154646887,-7.051373904248146,-7.9274143681772715,-12.056871791199693,10.066182362287345,0.0006515175881027501
ENGINEERING_SAMPLE,ofi_1s,Q5,30000,500,1439,97.22029186935372,-9.943961243376988,-9.947297375678227,0.0,-12.89594154646887,-7.051373904248146,-7.927184045088587,-12.056641579483825,10.065921482023024,0.00039063732378045605
ENGINEERING_SAMPLE,ofi_1s,Q5,500,100,1439,100.0,-10.006997230697378,-10.052677070322176,0.0,-10.052757426683275,-9.841920467305979,-7.926943746631657,-12.05640139088514,10.052068901194843,8.063007155203568e-05
ENGINEERING_SAMPLE,ofi_1s,Q5,500,1000,1439,100.0,-10.007483658454843,-10.052677070322176,0.0,-10.052757426683275,-9.84194713009882,-7.9274143681772715,-12.056871791199693,10.052555558280567,0.0005672871572753971
ENGINEERING_SAMPLE,ofi_1s,Q5,500,500,1439,100.0,-10.007237323657389,-10.052677070322176,0.0,-10.052757426683275,-9.84194713009882,-7.927184045088587,-12.056641579483825,10.052309104510067,0.00032083338677551794
ENGINEERING_SAMPLE,ofi_1s,Q5,5000,100,1439,99.65253648366921,-9.798848179617307,-10.052639617434536,0.0,-10.895841659970527,-8.523633677991137,-7.926943746631657,-12.05640139088514,10.063575640000238,0.00011045653358591494
ENGINEERING_SAMPLE,ofi_1s,Q5,5000,1000,1439,99.65253648366921,-9.799503297812533,-10.052639617434536,0.0,-10.895841659970527,-8.523633677991137,-7.9274143681772715,-12.056871791199693,10.064231079850632,0.0007658963839792156
ENGINEERING_SAMPLE,ofi_1s,Q5,5000,500,1439,99.65253648366921,-9.79922750630551,-10.052639617434536,0.0,-10.895841659970527,-8.523633677991137,-7.927184045088587,-12.056641579483825,10.06395515710243,0.0004899736357781836
ENGINEERING_SAMPLE,ofi_1s,Q5,60000,100,1439,96.52536483669215,-9.986330158176425,-10.0,0.0,-14.531087741493371,-5.873585064137727,-7.926943746631657,-12.05640139088514,10.061683702580252,8.353252193187858e-05
ENGINEERING_SAMPLE,ofi_1s,Q5,60000,1000,1439,96.52536483669215,-9.986817396890956,-10.0,0.0,-14.531087741493371,-5.8799113172239315,-7.9274143681772715,-12.056871791199693,10.062171116413275,0.0005709463549556109
ENGINEERING_SAMPLE,ofi_1s,Q5,60000,500,1439,96.52536483669215,-9.986578955059292,-10.0,0.0,-14.531087741493371,-5.876331718631865,-7.927184045088587,-12.056641579483825,10.061932552523093,0.00033238246477319675
ENGINEERING_SAMPLE,ofi_250ms,Q1,1000,100,1439,99.93050729673384,-10.095721326868912,-10.052688177711241,0.0,-10.316102585741508,-10.052616811163599,-8.172727455888301,-12.55571989448001,10.043666925630022,7.357134635157744e-05
ENGINEERING_SAMPLE,ofi_250ms,Q1,1000,1000,1439,99.93050729673384,-10.09589738239904,-10.052688177711241,0.0,-10.316102585741508,-10.052616811163599,-8.17301974604894,-12.555753649757252,10.043843076892296,0.0002497226086251329
ENGINEERING_SAMPLE,ofi_250ms,Q1,1000,500,1439,99.93050729673384,-10.095853940093424,-10.052688177711241,0.0,-10.316102585741508,-10.052616811163599,-8.172898547751931,-12.555741701525433,10.043799611714451,0.00020625743078148394
ENGINEERING_SAMPLE,ofi_250ms,Q1,15000,100,1439,99.09659485753996,-10.191400619095573,-10.052669020393108,0.0,-12.450091507242306,-8.208771920577275,-8.172727455888301,-12.55571989448001,10.033280993838972,4.1724106073698736e-05
ENGINEERING_SAMPLE,ofi_250ms,Q1,15000,1000,1439,99.09659485753996,-10.191487526190743,-10.052669020393108,0.0,-12.450091507242306,-8.208771920577275,-8.17301974604894,-12.555753649757252,10.033367958898289,0.0001286891653916641
ENGINEERING_SAMPLE,ofi_250ms,Q1,15000,500,1439,99.09659485753996,-10.191468252741133,-10.052669020393108,0.0,-12.450091507242306,-8.208771920577275,-8.172898547751931,-12.555741701525433,10.033348672306984,0.00010940257408629957
ENGINEERING_SAMPLE,ofi_250ms,Q1,250,100,1439,100.0,-10.067233201964319,-10.052687899969426,0.0,-10.052772022750727,-10.052621603550577,-8.172727455888301,-12.55571989448001,10.041960706756631,4.7553728266231896e-05
ENGINEERING_SAMPLE,ofi_250ms,Q1,250,1000,1439,100.0,-10.067303026352024,-10.052687899969426,0.0,-10.052772022750727,-10.052621603550577,-8.17301974604894,-12.555753649757252,10.042030568389064,0.00011741536069794094
ENGINEERING_SAMPLE,ofi_250ms,Q1,250,500,1439,100.0,-10.067273923672326,-10.052687899969426,0.0,-10.052772022750727,-10.052621603550577,-8.172898547751931,-12.555741701525433,10.042001450097375,8.829706900881374e-05
ENGINEERING_SAMPLE,ofi_250ms,Q1,3000,100,1439,99.79152189020152,-10.165039422896266,-10.052694288772082,0.0,-11.000468896890949,-9.630799336557917,-8.172727455888301,-12.55571989448001,10.035345173790642,2.7710626118060614e-05
ENGINEERING_SAMPLE,ofi_250ms,Q1,3000,1000,1439,99.79152189020152,-10.165163990239641,-10.052694288772082,0.0,-11.000468896890949,-9.630799336557917,-8.17301974604894,-12.555753649757252,10.035469831340873,0.0001523681763490567
ENGINEERING_SAMPLE,ofi_250ms,Q1,3000,500,1439,99.79152189020152,-10.16513266793363,-10.052694288772082,0.0,-11.000468896890949,-9.630799336557917,-8.172898547751931,-12.555741701525433,10.035438487734481,0.00012102456995784066
ENGINEERING_SAMPLE,ofi_250ms,Q1,30000,100,1439,97.63724808895066,-10.316172851044358,-10.157992075368306,0.0,-13.324174083811092,-7.364868783911331,-8.172727455888301,-12.55571989448001,10.03632604670523,5.843796315542778e-05
ENGINEERING_SAMPLE,ofi_250ms,Q1,30000,1000,1439,97.63724808895066,-10.316487056143506,-10.157992075368306,0.0,-13.324174083811092,-7.364868783911331,-8.17301974604894,-12.555753649757252,10.036640573201415,0.0003729644593416879
ENGINEERING_SAMPLE,ofi_250ms,Q1,30000,500,1439,97.63724808895066,-10.316409301717147,-10.157992075368306,0.0,-13.324174083811092,-7.364868783911331,-8.172898547751931,-12.555741701525433,10.036562741201637,0.0002951324595625287
ENGINEERING_SAMPLE,ofi_250ms,Q1,500,100,1439,100.0,-10.073643935530194,-10.052687899969426,0.0,-10.052778320492985,-10.052619110292182,-8.172727455888301,-12.55571989448001,10.039515655108795,2.765285552851636e-05
ENGINEERING_SAMPLE,ofi_250ms,Q1,500,1000,1439,100.0,-10.073690516803781,-10.052687899969426,0.0,-10.052778320492985,-10.052619110292182,-8.17301974604894,-12.555753649757252,10.039562257413094,7.425515982708528e-05
ENGINEERING_SAMPLE,ofi_250ms,Q1,500,500,1439,100.0,-10.073665741686645,-10.052687899969426,0.0,-10.052778320492985,-10.052619110292182,-8.172898547751931,-12.555741701525433,10.039537470515615,4.946826234851159e-05
ENGINEERING_SAMPLE,ofi_250ms,Q1,5000,100,1439,99.65253648366921,-10.174210123681334,-10.052697622675531,0.0,-11.299723936331779,-9.262601850272818,-8.172727455888301,-12.55571989448001,10.038118052973545,5.729459923595378e-05
ENGINEERING_SAMPLE,ofi_250ms,Q1,5000,1000,1439,99.65253648366921,-10.174427198254413,-10.052697622675531,0.0,-11.299723936331779,-9.262601850272818,-8.17301974604894,-12.555753649757252,10.038335260423626,0.0002745020493158238
ENGINEERING_SAMPLE,ofi_250ms,Q1,5000,500,1439,99.65253648366921,-10.174370393045265,-10.052697622675531,0.0,-11.299723936331779,-9.262601850272818,-8.172898547751931,-12.555741701525433,10.038278420703218,0.00021766232890896308
ENGINEERING_SAMPLE,ofi_250ms,Q1,60000,100,1439,96.80333564975678,-10.501315973844557,-10.526382313132963,0.0,-15.429343670068297,-5.9888052805280525,-8.172727455888301,-12.55571989448001,10.037595604246283,4.912678028535362e-05
ENGINEERING_SAMPLE,ofi_250ms,Q1,60000,1000,1439,96.80333564975678,-10.501401297006176,-10.526382313132963,0.0,-15.429343670068297,-5.9888052805280525,-8.17301974604894,-12.555753649757252,10.037680978981111,0.0001345015151129021
ENGINEERING_SAMPLE,ofi_250ms,Q1,60000,500,1439,96.80333564975678,-10.501358041007766,-10.526382313132963,0.0,-15.429343670068297,-5.9888052805280525,-8.172898547751931,-12.555741701525433,10.037637695903406,9.121843740818532e-05
ENGINEERING_SAMPLE,ofi_250ms,Q2,1000,100,1438,99.86091794158554,-10.066888618875918,-10.052683734193563,0.0,-10.052770657570287,-10.052616063297203,-8.19381872510876,-12.51698949946903,10.05329921234153,-1.0457366826683964e-24
ENGINEERING_SAMPLE,ofi_250ms,Q2,1000,1000,1438,99.86091794158554,-10.067105598578195,-10.052683734193563,0.0,-10.052770657570287,-10.052616063297203,-8.193944945341695,-12.51711567184469,10.053516302359583,0.00021709001805131275
ENGINEERING_SAMPLE,ofi_250ms,Q2,1000,500,1438,99.86091794158554,-10.067065785657825,-10.052683734193563,0.0,-10.052770657570287,-10.052616063297203,-8.193924479997534,-12.517095214260108,10.053476468594559,0.00017725625302823534
ENGINEERING_SAMPLE,ofi_250ms,Q2,15000,100,1438,99.30458970792768,-10.215722384192775,-10.05268317880655,0.0,-12.109751399728761,-8.365951544684576,-8.19381872510876,-12.51698949946903,10.054635694222497,-1.0700200745626728e-24
ENGINEERING_SAMPLE,ofi_250ms,Q2,15000,1000,1438,99.30458970792768,-10.215940545944884,-10.05268317880655,0.0,-12.109751399728761,-8.365951544684576,-8.193944945341695,-12.51711567184469,10.054853994065194,0.00021829984269761647
ENGINEERING_SAMPLE,ofi_250ms,Q2,15000,500,1438,99.30458970792768,-10.215900509549337,-10.05268317880655,0.0,-12.109751399728761,-8.365951544684576,-8.193924479997534,-12.517095214260108,10.054813930775893,0.00017823655339605627
ENGINEERING_SAMPLE,ofi_250ms,Q2,250,100,1438,99.93045897079277,-10.053311022665708,-10.052683734193563,0.0,-10.05275074415757,-10.052619110292182,-8.19381872510876,-12.51698949946903,10.053484775333978,-1.0303557246985428e-24
ENGINEERING_SAMPLE,ofi_250ms,Q2,250,1000,1438,99.93045897079277,-10.053449987810199,-10.052683734193563,0.0,-10.05275074415757,-10.052619110292182,-8.193944945341695,-12.51711567184469,10.053623805541763,0.00013903020778519
ENGINEERING_SAMPLE,ofi_250ms,Q2,250,500,1438,99.93045897079277,-10.053416693505538,-10.052683734193563,0.0,-10.05275074415757,-10.052619110292182,-8.193924479997534,-12.517095214260108,10.053590494794125,0.00010571946014752964
ENGINEERING_SAMPLE,ofi_250ms,Q2,3000,100,1438,99.7913769123783,-10.081434655473165,-10.052677903213905,0.0,-10.685159405616899,-9.525280378661714,-8.19381872510876,-12.51698949946903,10.054159612139005,1.3738303882840208e-05
ENGINEERING_SAMPLE,ofi_250ms,Q2,3000,1000,1438,99.7913769123783,-10.08161347853356,-10.052677903213905,0.0,-10.685159405616899,-9.525524155908434,-8.193944945341695,-12.51711567184469,10.054338519542181,0.00019264570705969136
ENGINEERING_SAMPLE,ofi_250ms,Q2,3000,500,1438,99.7913769123783,-10.081585826861232,-10.052677903213905,0.0,-10.685159405616899,-9.525524155908434,-8.193924479997534,-12.517095214260108,10.05431085454434,0.00016498070922059833
ENGINEERING_SAMPLE,ofi_250ms,Q2,30000,100,1438,98.74826147426982,-10.3274827019064,-10.158221419636309,0.0,-13.265444849609004,-7.464724102418867,-8.19381872510876,-12.51698949946903,10.052847097123204,2.016902031214477e-05
ENGINEERING_SAMPLE,ofi_250ms,Q2,30000,1000,1438,98.74826147426982,-10.327646919742005,-10.158221419636309,0.0,-13.265444849609004,-7.466990349235096,-8.193944945341695,-12.51711567184469,10.053011362376123,0.00018443427323419086
ENGINEERING_SAMPLE,ofi_250ms,Q2,30000,500,1438,98.74826147426982,-10.32760883575724,-10.158221419636309,0.0,-13.265444849609004,-7.464724102418867,-8.193924479997534,-12.517095214260108,10.052973265411143,0.0001463373082537453
ENGINEERING_SAMPLE,ofi_250ms,Q2,500,100,1438,99.86091794158554,-10.062931347116189,-10.052683734193563,0.0,-10.052754642091818,-10.052618002253178,-8.19381872510876,-12.51698949946903,10.058779104236583,-1.0420818230042058e-24
ENGINEERING_SAMPLE,ofi_250ms,Q2,500,1000,1438,99.86091794158554,-10.063057554862535,-10.052683734193563,0.0,-10.052754642091818,-10.052618002253178,-8.193944945341695,-12.51711567184469,10.058905370423716,0.0001262661871324387
ENGINEERING_SAMPLE,ofi_250ms,Q2,500,500,1438,99.86091794158554,-10.06303709154295,-10.052683734193563,0.0,-10.052754642091818,-10.052618002253178,-8.193924479997534,-12.517095214260108,10.058884897317522,0.00010579308094150425
ENGINEERING_SAMPLE,ofi_250ms,Q2,5000,100,1438,99.7913769123783,-10.100501745687337,-10.05268317880655,0.0,-11.053985795709186,-9.208893321302497,-8.19381872510876,-12.51698949946903,10.053534228983843,1.2303201691326152e-05
ENGINEERING_SAMPLE,ofi_250ms,Q2,5000,1000,1438,99.7913769123783,-10.10068191963015,-10.05268317880655,0.0,-11.053985795709186,-9.208893321302497,-8.193944945341695,-12.51711567184469,10.053714491341172,0.0001925655590212209
ENGINEERING_SAMPLE,ofi_250ms,Q2,5000,500,1438,99.7913769123783,-10.100654267957802,-10.05268317880655,0.0,-11.053985795709186,-9.208893321302497,-8.193924479997534,-12.517095214260108,10.053686825889704,0.00016490010755318098
ENGINEERING_SAMPLE,ofi_250ms,Q2,60000,100,1438,96.87065368567455,-10.53264396403428,-10.157846528008086,0.0,-15.735150899395139,-6.154042475118044,-8.19381872510876,-12.51698949946903,10.054794359236686,-6.7663085342548355e-25
ENGINEERING_SAMPLE,ofi_250ms,Q2,60000,1000,1438,96.87065368567455,-10.532774084088786,-10.157846528008086,0.0,-15.735150899395139,-6.154042475118044,-8.193944945341695,-12.51711567184469,10.054924523087887,0.00013016385120041778
ENGINEERING_SAMPLE,ofi_250ms,Q2,60000,500,1438,96.87065368567455,-10.532752986427694,-10.157846528008086,0.0,-15.735150899395139,-6.154042475118044,-8.193924479997534,-12.517095214260108,10.05490341800498,0.0001090587682928931
ENGINEERING_SAMPLE,ofi_250ms,Q3,1000,100,1439,100.0,-10.056776888700423,-10.052674016611155,0.0,-10.052754642091818,-10.052618002253178,-8.251544468939661,-12.256986710527228,10.049462791783439,-5.746239411821202e-25
ENGINEERING_SAMPLE,ofi_250ms,Q3,1000,1000,1439,100.0,-10.056776888700423,-10.052674016611155,0.0,-10.052754642091818,-10.052618002253178,-8.251544468939661,-12.256993996850024,10.049462791783439,-5.746239411821202e-25
ENGINEERING_SAMPLE,ofi_250ms,Q3,1000,500,1439,100.0,-10.056776888700423,-10.052674016611155,0.0,-10.052754642091818,-10.052618002253178,-8.251544468939661,-12.256986710527228,10.049462791783439,0.0
ENGINEERING_SAMPLE,ofi_250ms,Q3,15000,100,1439,99.5135510771369,-10.194731188098961,-10.052670963254164,0.0,-11.894248081114375,-8.365805032673878,-8.251544468939661,-12.256986710527228,10.05061590626582,1.3761865112712818e-05
ENGINEERING_SAMPLE,ofi_250ms,Q3,15000,1000,1439,99.5135510771369,-10.194751917897687,-10.052670963254164,0.0,-11.894248081114375,-8.365805032673878,-8.251544468939661,-12.256993996850024,10.050636649222396,3.450482168880212e-05
ENGINEERING_SAMPLE,ofi_250ms,Q3,15000,500,1439,99.5135510771369,-10.194749614586717,-10.052670963254164,0.0,-11.894248081114375,-8.365805032673878,-8.251544468939661,-12.256986710527228,10.050634344449444,3.22000487359033e-05
ENGINEERING_SAMPLE,ofi_250ms,Q3,250,100,1439,100.0,-10.055802313407856,-10.052674016611155,0.0,-10.052739220780788,-10.052619941352061,-8.251544468939661,-12.256986710527228,10.051796298420658,1.369757677796199e-05
ENGINEERING_SAMPLE,ofi_250ms,Q3,250,1000,1439,100.0,-10.055854690708728,-10.052674016611155,0.0,-10.052739220780788,-10.052619941352061,-8.251544468939661,-12.256993996850024,10.05184870730997,6.61064660890197e-05
ENGINEERING_SAMPLE,ofi_250ms,Q3,250,500,1439,100.0,-10.05584753655802,-10.052674016611155,0.0,-10.052739220780788,-10.052619941352061,-8.251544468939661,-12.256986710527228,10.051841548844637,5.894800075525154e-05
ENGINEERING_SAMPLE,ofi_250ms,Q3,3000,100,1439,99.93050729673384,-10.08420581855925,-10.052674016611155,0.0,-10.579967400077017,-9.720851751095518,-8.251544468939661,-12.256986710527228,10.050870009714686,-6.483457414244248e-25
ENGINEERING_SAMPLE,ofi_250ms,Q3,3000,1000,1439,99.93050729673384,-10.084218649433307,-10.052674016611155,0.0,-10.579967400077017,-9.720851751095518,-8.251544468939661,-12.256993996850024,10.050882847718656,1.2838003970729488e-05
ENGINEERING_SAMPLE,ofi_250ms,Q3,3000,500,1439,99.93050729673384,-10.08420581855925,-10.052674016611155,0.0,-10.579967400077017,-9.720851751095518,-8.251544468939661,-12.256986710527228,10.050870009714686,0.0
ENGINEERING_SAMPLE,ofi_250ms,Q3,30000,100,1439,99.30507296733843,-10.154642943517658,-10.052692066404129,0.0,-12.74108569650495,-7.364868783911331,-8.251544468939661,-12.256986710527228,10.053008734692972,1.2354859641044806e-05
ENGINEERING_SAMPLE,ofi_250ms,Q3,30000,1000,1439,99.30507296733843,-10.154697047985245,-10.052692066404129,0.0,-12.74108569650495,-7.364868783911331,-8.251544468939661,-12.256993996850024,10.053062869219247,6.648938591551437e-05
ENGINEERING_SAMPLE,ofi_250ms,Q3,30000,500,1439,99.30507296733843,-10.154689843770482,-10.052692066404129,0.0,-12.74108569650495,-7.364868783911331,-8.251544468939661,-12.256986710527228,10.053055661002055,5.928116872415297e-05
ENGINEERING_SAMPLE,ofi_250ms,Q3,500,100,1439,100.0,-10.057996212848739,-10.052674016611155,0.0,-10.052743784993218,-10.052618002253178,-8.251544468939661,-12.256986710527228,10.05245758694829,1.369455802581198e-05
ENGINEERING_SAMPLE,ofi_250ms,Q3,500,1000,1439,100.0,-10.05801684180758,-10.052674016611155,0.0,-10.052743784993218,-10.052618002253178,-8.251544468939661,-12.256993996850024,10.052478229327356,3.4336937091131686e-05
ENGINEERING_SAMPLE,ofi_250ms,Q3,500,500,1439,100.0,-10.058014549701042,-10.052674016611155,0.0,-10.052743784993218,-10.052618002253178,-8.251544468939661,-12.256986710527228,10.052475935729682,3.2043339417207276e-05
ENGINEERING_SAMPLE,ofi_250ms,Q3,5000,100,1439,99.79152189020152,-10.136420632992731,-10.052674988225997,0.0,-11.053985795709186,-9.315212521137102,-8.251544468939661,-12.256986710527228,10.056665916034378,-6.675768428454938e-25
ENGINEERING_SAMPLE,ofi_250ms,Q3,5000,1000,1439,99.79152189020152,-10.136420632992731,-10.052674988225997,0.0,-11.053985795709186,-9.315212521137102,-8.251544468939661,-12.256993996850024,10.056665916034378,-6.675768428454938e-25
ENGINEERING_SAMPLE,ofi_250ms,Q3,5000,500,1439,99.79152189020152,-10.136420632992731,-10.052674988225997,0.0,-11.053985795709186,-9.315212521137102,-8.251544468939661,-12.256986710527228,10.056665916034378,0.0
ENGINEERING_SAMPLE,ofi_250ms,Q3,60000,100,1439,96.24739402362752,-10.377773720785411,-10.157846528008086,0.0,-15.372183462259976,-6.262705259055624,-8.251544468939661,-12.256986710527228,10.050086112926955,3.053224391916933e-05
ENGINEERING_SAMPLE,ofi_250ms,Q3,60000,1000,1439,96.24739402362752,-10.377963302915447,-10.157846528008086,0.0,-15.372183462259976,-6.262705259055624,-8.251544468939661,-12.256993996850024,10.050275946111228,0.0002203654281932658
ENGINEERING_SAMPLE,ofi_250ms,Q3,60000,500,1439,96.24739402362752,-10.377916900258052,-10.157846528008086,0.0,-15.372183462259976,-6.262705259055624,-8.251544468939661,-12.256986710527228,10.05022948200509,0.00017390132205457597
ENGINEERING_SAMPLE,ofi_250ms,Q4,1000,100,1437,100.0,-10.059354705757421,-10.052674016611155,0.0,-10.052765336538883,-10.052616063297203,-8.19019983926918,-12.32215742226354,10.05396327412739,2.8145237295751702e-05
ENGINEERING_SAMPLE,ofi_250ms,Q4,1000,1000,1437,100.0,-10.059452286145309,-10.052674016611155,0.0,-10.052765336538883,-10.052616063297203,-8.190297488766012,-12.322255042893621,10.054060901364245,0.000125772474149806
ENGINEERING_SAMPLE,ofi_250ms,Q4,1000,500,1437,100.0,-10.059431420193716,-10.052674016611155,0.0,-10.052765336538883,-10.052616063297203,-8.190276609646146,-12.322234168248258,10.054040025387955,0.00010489649786148512
ENGINEERING_SAMPLE,ofi_250ms,Q4,15000,100,1437,98.8865692414753,-10.096832742671356,-10.052667355197707,0.0,-11.894248081114375,-8.208771920577275,-8.19019983926918,-12.32215742226354,10.052535739521423,2.8462143556646865e-05
ENGINEERING_SAMPLE,ofi_250ms,Q4,15000,1000,1437,98.8865692414753,-10.096944386397192,-10.052667355197707,0.0,-11.894248081114375,-8.208771920577275,-8.190297488766012,-12.322255042893621,10.052647437573812,0.00014016019594811544
ENGINEERING_SAMPLE,ofi_250ms,Q4,15000,500,1437,98.8865692414753,-10.096910322815457,-10.052667355197707,0.0,-11.894248081114375,-8.208771920577275,-8.190276609646146,-12.322234168248258,10.052613354976335,0.00010607759847076293
ENGINEERING_SAMPLE,ofi_250ms,Q4,250,100,1437,100.0,-10.050601563465417,-10.052674849406321,0.0,-10.052752136210819,-10.052620273784763,-8.19019983926918,-12.32215742226354,10.052810218929348,4.0431315533088535e-05
ENGINEERING_SAMPLE,ofi_250ms,Q4,250,1000,1437,100.0,-10.050752947112999,-10.052674849406321,0.0,-10.052752136210819,-10.052620273784763,-8.190297488766012,-12.322255042893621,10.052961679317244,0.0001918917034283516
ENGINEERING_SAMPLE,ofi_250ms,Q4,250,500,1437,100.0,-10.050724917053616,-10.052674849406321,0.0,-10.052752136210819,-10.052620273784763,-8.190276609646146,-12.322234168248258,10.052933635253018,0.00016384763920234427
ENGINEERING_SAMPLE,ofi_250ms,Q4,3000,100,1437,99.72164231036882,-10.042671404449447,-10.052673461429007,0.0,-10.737428460006113,-9.419897956491686,-8.19019983926918,-12.32215742226354,10.0533220047192,4.19756978319181e-05
ENGINEERING_SAMPLE,ofi_250ms,Q4,3000,1000,1437,99.72164231036882,-10.042789972550748,-10.052673461429007,0.0,-10.737428460006113,-9.419897956491686,-8.190297488766012,-12.322255042893621,10.053440633276656,0.00016060425528779463
ENGINEERING_SAMPLE,ofi_250ms,Q4,3000,500,1437,99.72164231036882,-10.042766746651415,-10.052673461429007,0.0,-10.737428460006113,-9.419897956491686,-8.190276609646146,-12.322234168248258,10.053417395827266,0.0001373668058955446
ENGINEERING_SAMPLE,ofi_250ms,Q4,30000,100,1437,98.12108559498957,-10.165433098027675,-10.052683041507642,0.0,-12.947740953544589,-7.419979349509551,-8.19019983926918,-12.32215742226354,10.052795911991954,2.8684188648223543e-05
ENGINEERING_SAMPLE,ofi_250ms,Q4,30000,1000,1437,98.12108559498957,-10.16553256240235,-10.052683041507642,0.0,-12.947740953544589,-7.419979349509551,-8.190297488766012,-12.322255042893621,10.052895408686535,0.00012818088322927036
ENGINEERING_SAMPLE,ofi_250ms,Q4,30000,500,1437,98.12108559498957,-10.165511294691953,-10.052683041507642,0.0,-12.947740953544589,-7.419979349509551,-8.190276609646146,-12.322234168248258,10.052874132957509,0.00010690515420351356
ENGINEERING_SAMPLE,ofi_250ms,Q4,500,100,1437,100.0,-10.054051155249079,-10.052674849406321,0.0,-10.052757426683275,-10.052618500868105,-8.19019983926918,-12.32215742226354,10.059174585178026,7.135404552143433e-05
ENGINEERING_SAMPLE,ofi_250ms,Q4,500,1000,1437,100.0,-10.054400217622467,-10.052674849406321,0.0,-10.052757426683275,-10.052618500868105,-8.190297488766012,-12.322255042893621,10.059523830784043,0.00042059965153737095
ENGINEERING_SAMPLE,ofi_250ms,Q4,500,500,1437,100.0,-10.054311271855179,-10.052674849406321,0.0,-10.052757426683275,-10.052618500868105,-8.190276609646146,-12.322234168248258,10.059434837930905,0.0003316067983992763
ENGINEERING_SAMPLE,ofi_250ms,Q4,5000,100,1437,99.58246346555323,-10.053628734717853,-10.05267151838365,0.0,-11.001666763367073,-9.155912360985754,-8.19019983926918,-12.32215742226354,10.058576111337583,2.8263246676446678e-05
ENGINEERING_SAMPLE,ofi_250ms,Q4,5000,1000,1437,99.58246346555323,-10.053726724247827,-10.05267151838365,0.0,-11.001666763367073,-9.155912360985754,-8.190297488766012,-12.322255042893621,10.058674147912958,0.00012629982204980517
ENGINEERING_SAMPLE,ofi_250ms,Q4,5000,500,1437,99.58246346555323,-10.053705770807968,-10.05267151838365,0.0,-11.001666763367073,-9.155912360985754,-8.190276609646146,-12.322234168248258,10.05865318440637,0.0001053363154625815
ENGINEERING_SAMPLE,ofi_250ms,Q4,60000,100,1437,96.3813500347947,-10.363606689968611,-10.052702624321773,0.0,-15.406479586944968,-6.208889333747755,-8.19019983926918,-12.32215742226354,10.055688898945357,2.920195378627812e-05
ENGINEERING_SAMPLE,ofi_250ms,Q4,60000,1000,1437,96.3813500347947,-10.363801992913071,-10.052702624321773,0.0,-15.406479586944968,-6.208889333747755,-8.190297488766012,-12.322255042893621,10.055884347469409,0.00022465047783838153
ENGINEERING_SAMPLE,ofi_250ms,Q4,60000,500,1437,96.3813500347947,-10.363760279495095,-10.052702624321773,0.0,-15.406479586944968,-6.208889333747755,-8.190276609646146,-12.322234168248258,10.055842601737455,0.00018290474588467006
ENGINEERING_SAMPLE,ofi_250ms,Q5,1000,100,1439,99.93050729673384,-10.003980650684085,-10.052676237458247,0.0,-10.052772468558274,-9.631439383719787,-7.966797684962391,-12.20248434579418,10.068012867600075,0.00011463173133747142
ENGINEERING_SAMPLE,ofi_250ms,Q5,1000,1000,1439,99.93050729673384,-10.004653487382758,-10.052676237458247,0.0,-10.052772468558274,-9.631545963936636,-7.967470518051402,-12.203210509604087,10.068685985989138,0.0007877501204003306
ENGINEERING_SAMPLE,ofi_250ms,Q5,1000,500,1439,99.93050729673384,-10.004310732544786,-10.052676237458247,0.0,-10.052772468558274,-9.631531991466554,-7.96712777229881,-12.202860803527757,10.068343078395115,0.00044484252637749837
ENGINEERING_SAMPLE,ofi_250ms,Q5,15000,100,1439,98.95760945100764,-9.881529973794958,-9.89445339106101,0.0,-11.669767909743488,-7.854619676878874,-7.966797684962391,-12.20248434579418,10.07062297154404,0.0001358714493222248
ENGINEERING_SAMPLE,ofi_250ms,Q5,15000,1000,1439,98.95760945100764,-9.8822458188323,-9.89445339106101,0.0,-11.669767909743488,-7.854619676878874,-7.967470518051402,-12.203210509604087,10.07133918128606,0.000852081191343473
ENGINEERING_SAMPLE,ofi_250ms,Q5,15000,500,1439,98.95760945100764,-9.88188238452068,-9.89445339106101,0.0,-11.669767909743488,-7.854619676878874,-7.96712777229881,-12.202860803527757,10.07097555845606,0.0004884583613435979
ENGINEERING_SAMPLE,ofi_250ms,Q5,250,100,1439,99.93050729673384,-10.039718894708281,-10.052685400424856,0.0,-10.052761047091677,-10.052616617270042,-7.966797684962391,-12.20248434579418,10.062398892693263,0.00011463173133747142
ENGINEERING_SAMPLE,ofi_250ms,Q5,250,1000,1439,99.93050729673384,-10.040482339694282,-10.052685400424856,0.0,-10.052761047091677,-10.052616617270042,-7.967470518051402,-12.203210509604087,10.063162708593591,0.0008784476316656319
ENGINEERING_SAMPLE,ofi_250ms,Q5,250,500,1439,99.93050729673384,-10.040120277909956,-10.052685400424856,0.0,-10.052761047091677,-10.052616617270042,-7.96712777229881,-12.202860803527757,10.06280046726794,0.000516206306013483
ENGINEERING_SAMPLE,ofi_250ms,Q5,3000,100,1439,99.86101459346769,-9.93964402672038,-10.052669297935912,0.0,-10.526406807105603,-9.104300978908915,-7.966797684962391,-12.20248434579418,10.065595371578038,0.00016412362936645762
ENGINEERING_SAMPLE,ofi_250ms,Q5,3000,1000,1439,99.86101459346769,-9.940536209165804,-10.052669297935912,0.0,-10.526406807105603,-9.104300978908915,-7.967470518051402,-12.203210509604087,10.066488040686062,0.0010567927373904377
ENGINEERING_SAMPLE,ofi_250ms,Q5,3000,500,1439,99.86101459346769,-9.940131333335367,-10.052669297935912,0.0,-10.526406807105603,-9.104300978908915,-7.96712777229881,-12.202860803527757,10.066082953512915,0.0006517055642431675
ENGINEERING_SAMPLE,ofi_250ms,Q5,30000,100,1439,97.77623349548297,-9.98299443204124,-10.0,0.0,-12.947740953544589,-7.052054008846922,-7.966797684962391,-12.20248434579418,10.072410451356143,0.00013116215647912145
ENGINEERING_SAMPLE,ofi_250ms,Q5,30000,1000,1439,97.77623349548297,-9.98376527753792,-10.0,0.0,-12.947740953544589,-7.052054008846922,-7.967470518051402,-12.203210509604087,10.073181692508635,0.0009024033089717237
ENGINEERING_SAMPLE,ofi_250ms,Q5,30000,500,1439,97.77623349548297,-9.983378025926134,-10.0,0.0,-12.947740953544589,-7.052054008846922,-7.96712777229881,-12.202860803527757,10.07279421878412,0.0005149295844560984
ENGINEERING_SAMPLE,ofi_250ms,Q5,500,100,1439,99.93050729673384,-10.024398024737087,-10.052679291425319,0.0,-10.052765782221707,-9.894628032560883,-7.966797684962391,-12.20248434579418,10.060457359095698,0.00011463173133747142
ENGINEERING_SAMPLE,ofi_250ms,Q5,500,1000,1439,99.93050729673384,-10.025070844119472,-10.052679291425319,0.0,-10.052765782221707,-9.894628032560883,-7.967470518051402,-12.203210509604087,10.061130477484763,0.0007877501204003306
ENGINEERING_SAMPLE,ofi_250ms,Q5,500,500,1439,99.93050729673384,-10.024728095187903,-10.052679291425319,0.0,-10.052765782221707,-9.894628032560883,-7.96712777229881,-12.202860803527757,10.060787569890739,0.00044484252637749837
ENGINEERING_SAMPLE,ofi_250ms,Q5,5000,100,1439,99.79152189020152,-9.895639750516064,-10.052664996354416,0.0,-10.974049825546574,-8.761646702086965,-7.966797684962391,-12.20248434579418,10.068765239146144,0.00011479138555938991
ENGINEERING_SAMPLE,ofi_250ms,Q5,5000,1000,1439,99.79152189020152,-9.896329659815406,-10.052664996354416,0.0,-10.974049825546574,-8.761646702086965,-7.967470518051402,-12.203210509604087,10.069455532622488,0.0008050848619033005
ENGINEERING_SAMPLE,ofi_250ms,Q5,5000,500,1439,99.79152189020152,-9.89597022809571,-10.052664996354416,0.0,-10.974049825546574,-8.761646702086965,-7.96712777229881,-12.202860803527757,10.0690959098448,0.0004454620842136787
ENGINEERING_SAMPLE,ofi_250ms,Q5,60000,100,1439,96.94232105628909,-10.141811039346207,-10.052702624321773,0.0,-14.827231700947063,-5.913397064683609,-7.966797684962391,-12.20248434579418,10.069768242063438,0.00011816518255432538
ENGINEERING_SAMPLE,ofi_250ms,Q5,60000,1000,1439,96.94232105628909,-10.142504525653367,-10.052702624321773,0.0,-14.827231700947063,-5.913397064683609,-7.967470518051402,-12.203210509604087,10.070462108904637,0.0008120320237531724
ENGINEERING_SAMPLE,ofi_250ms,Q5,60000,500,1439,96.94232105628909,-10.14215125147202,-10.052702624321773,0.0,-14.827231700947063,-5.913397064683609,-7.96712777229881,-12.202860803527757,10.070108631399114,0.00045855451822999474
ENGINEERING_SAMPLE,ofi_3s,Q1,1000,100,1439,100.0,-10.127846712773897,-10.052688177711241,0.0,-10.316120734188692,-10.052622157640084,-8.300036213212028,-13.225493693788192,10.05110028852134,2.765285552851636e-05
ENGINEERING_SAMPLE,ofi_3s,Q1,1000,1000,1439,100.0,-10.12797104939136,-10.052688177711241,0.0,-10.316120734188692,-10.052622157640084,-8.300090631160149,-13.225527449065433,10.051224691282439,0.00015205561662650648
ENGINEERING_SAMPLE,ofi_3s,Q1,1000,500,1439,100.0,-10.127939792385513,-10.052688177711241,0.0,-10.316120734188692,-10.052622157640084,-8.30007638144787,-13.225515500833618,10.051193418115178,0.00012078244936487425
ENGINEERING_SAMPLE,ofi_3s,Q1,15000,100,1439,99.86101459346769,-10.483153451125357,-10.105347478037238,0.0,-13.003922871288696,-8.104654347780283,-8.300036213212028,-13.225493693788192,10.047994496358617,4.140471486506221e-05
ENGINEERING_SAMPLE,ofi_3s,Q1,15000,1000,1439,99.86101459346769,-10.483330365778992,-10.105347478037238,0.0,-13.003922871288696,-8.104654347780283,-8.300090631160149,-13.225527449065433,10.048171550015706,0.000218458371954438
ENGINEERING_SAMPLE,ofi_3s,Q1,15000,500,1439,99.86101459346769,-10.483291903728958,-10.105347478037238,0.0,-13.003922871288696,-8.104654347780283,-8.30007638144787,-13.225515500833618,10.048133057548181,0.00017996590442911022
ENGINEERING_SAMPLE,ofi_3s,Q1,250,100,1439,100.0,-10.069832442320577,-10.052687899969426,0.0,-10.052773304469495,-10.052628253394904,-8.300036213212028,-13.225493693788192,10.050127238104627,4.7553728266231896e-05
ENGINEERING_SAMPLE,ofi_3s,Q1,250,1000,1439,100.0,-10.070005676796946,-10.052687899969426,0.0,-10.052773304469495,-10.052628253394904,-8.300090631160149,-13.225527449065433,10.050300568246486,0.00022088387012437544
ENGINEERING_SAMPLE,ofi_3s,Q1,250,500,1439,100.0,-10.069944437483748,-10.052687899969426,0.0,-10.052773304469495,-10.052628253394904,-8.30007638144787,-13.225515500833618,10.050239295632387,0.0001596112560251764
ENGINEERING_SAMPLE,ofi_3s,Q1,3000,100,1439,100.0,-10.245357956345112,-10.052700401250679,0.0,-11.053347103954135,-9.841959626838138,-8.300036213212028,-13.225493693788192,10.043596990081799,4.135297093635215e-05
ENGINEERING_SAMPLE,ofi_3s,Q1,3000,1000,1439,100.0,-10.2455346453465,-10.052700401250679,0.0,-11.053347103954135,-9.841959626838138,-8.300090631160149,-13.225527449065433,10.043773794891367,0.0002181577805043228
ENGINEERING_SAMPLE,ofi_3s,Q1,3000,500,1439,100.0,-10.245496234189936,-10.052700401250679,0.0,-11.053347103954135,-9.841959626838138,-8.30007638144787,-13.225515500833618,10.04373535895656,0.00017972184569771906
ENGINEERING_SAMPLE,ofi_3s,Q1,30000,100,1439,98.74913134120918,-10.628734203947383,-10.474398662581281,0.0,-14.2190797804981,-7.677974603342221,-8.300036213212028,-13.225493693788192,10.043773595301202,2.8003138005302633e-05
ENGINEERING_SAMPLE,ofi_3s,Q1,30000,1000,1439,98.74913134120918,-10.62879776311177,-10.474398662581281,0.0,-14.2190797804981,-7.677974603342221,-8.300090631160149,-13.225527449065433,10.043837187159227,9.159499602775496e-05
ENGINEERING_SAMPLE,ofi_3s,Q1,30000,500,1439,98.74913134120918,-10.628756284343725,-10.474398662581281,0.0,-14.2190797804981,-7.677974603342221,-8.30007638144787,-13.225515500833618,10.043795687046744,5.009488354645192e-05
ENGINEERING_SAMPLE,ofi_3s,Q1,500,100,1439,100.0,-10.093906671704406,-10.052688177711241,0.0,-10.052779435294367,-10.052627699177018,-8.300036213212028,-13.225493693788192,10.055571721691054,2.765285552851636e-05
ENGINEERING_SAMPLE,ofi_3s,Q1,500,1000,1439,100.0,-10.093953252977991,-10.052688177711241,0.0,-10.052779435294367,-10.052627699177018,-8.300090631160149,-13.225527449065433,10.05561832399535,7.425515982708528e-05
ENGINEERING_SAMPLE,ofi_3s,Q1,500,500,1439,100.0,-10.093928477860855,-10.052688177711241,0.0,-10.052779435294367,-10.052627699177018,-8.30007638144787,-13.225515500833618,10.055593537097872,4.946826234851159e-05
ENGINEERING_SAMPLE,ofi_3s,Q1,5000,100,1439,100.0,-10.286288191006285,-10.05271596668794,0.0,-11.210309625721942,-9.525806400598837,-8.300036213212028,-13.225493693788192,10.046072417245115,2.765285552851636e-05
ENGINEERING_SAMPLE,ofi_3s,Q1,5000,1000,1439,100.0,-10.286321941343893,-10.05271596668794,0.0,-11.210309625721942,-9.525806400598837,-8.300090631160149,-13.225527449065433,10.0461061855231,6.142113351357865e-05
ENGINEERING_SAMPLE,ofi_3s,Q1,5000,500,1439,100.0,-10.28630999486054,-10.05271596668794,0.0,-11.210309625721942,-9.525806400598837,-8.30007638144787,-13.225515500833618,10.046094232651935,4.946826234851159e-05
ENGINEERING_SAMPLE,ofi_3s,Q1,60000,100,1439,98.61014593467686,-11.170840752224704,-11.210169455835672,0.0,-16.630846157537412,-5.832317282367161,-8.300036213212028,-13.225493693788192,10.04003940471054,2.8042606839700523e-05
ENGINEERING_SAMPLE,ofi_3s,Q1,60000,1000,1439,98.61014593467686,-11.170887924042916,-11.210169455835672,0.0,-16.630846157537412,-5.832317282367161,-8.300090631160149,-13.225527449065433,10.040086612996676,7.525089297464106e-05
ENGINEERING_SAMPLE,ofi_3s,Q1,60000,500,1439,98.61014593467686,-11.170862858489166,-11.210169455835672,0.0,-16.630846157537412,-5.832317282367161,-8.30007638144787,-13.225515500833618,10.040061527593144,5.016548944292331e-05
ENGINEERING_SAMPLE,ofi_3s,Q2,1000,100,1438,99.7913769123783,-10.105349591652502,-10.05268317880655,0.0,-10.052779435294367,-10.052618002253178,-8.209603015043593,-12.247684749131004,10.055930017506236,6.138980011087922e-05
ENGINEERING_SAMPLE,ofi_3s,Q2,1000,1000,1438,99.7913769123783,-10.105584045300668,-10.05268317880655,0.0,-10.052779435294367,-10.052618002253178,-8.209747319299948,-12.247882803040783,10.05616458011346,0.00029595240733411597
ENGINEERING_SAMPLE,ofi_3s,Q2,1000,500,1438,99.7913769123783,-10.105512720000263,-10.05268317880655,0.0,-10.052779435294367,-10.052618002253178,-8.20970040293582,-12.247828744380419,10.056093222006139,0.00022459430001193576
ENGINEERING_SAMPLE,ofi_3s,Q2,15000,100,1438,98.88734353268428,-10.167856470729213,-10.052669020393108,0.0,-11.894248081114375,-8.365819683874948,-8.209603015043593,-12.247684749131004,10.041180219315256,2.9396652035559542e-05
ENGINEERING_SAMPLE,ofi_3s,Q2,15000,1000,1438,98.88734353268428,-10.168015148790884,-10.052669020393108,0.0,-11.894248081114375,-8.365819683874948,-8.209747319299948,-12.247882803040783,10.041338962889832,0.00018814022660946215
ENGINEERING_SAMPLE,ofi_3s,Q2,15000,500,1438,98.88734353268428,-10.167954817810196,-10.052669020393108,0.0,-11.894248081114375,-8.365819683874948,-8.20970040293582,-12.247828744380419,10.0412786044056,0.00012778174237670114
ENGINEERING_SAMPLE,ofi_3s,Q2,250,100,1438,99.86091794158554,-10.070010994187328,-10.052677903213905,0.0,-10.052757426683275,-10.052619941352061,-8.209603015043593,-12.247684749131004,10.055874990385428,4.140468915154505e-05
ENGINEERING_SAMPLE,ofi_3s,Q2,250,1000,1438,99.86091794158554,-10.07020912693958,-10.052677903213905,0.0,-10.052757426683275,-10.052619941352061,-8.209747319299948,-12.247882803040783,10.056073220892392,0.00023963519611624264
ENGINEERING_SAMPLE,ofi_3s,Q2,250,500,1438,99.86091794158554,-10.070155046285374,-10.052677903213905,0.0,-10.052757426683275,-10.052619941352061,-8.20970040293582,-12.247828744380419,10.056019113849317,0.00018552815304072678
ENGINEERING_SAMPLE,ofi_3s,Q2,3000,100,1438,99.7913769123783,-10.181069581897193,-10.052692066404129,0.0,-10.937636449726673,-9.841680922511562,-8.209603015043593,-12.247684749131004,10.049457538553163,4.908659841955308e-05
ENGINEERING_SAMPLE,ofi_3s,Q2,3000,1000,1438,99.7913769123783,-10.181263025151113,-10.052692066404129,0.0,-10.937636449726673,-9.841680922511562,-8.209747319299948,-12.247882803040783,10.049651057823565,0.000242605868823063
ENGINEERING_SAMPLE,ofi_3s,Q2,3000,500,1438,99.7913769123783,-10.181186012693491,-10.052692066404129,0.0,-10.937636449726673,-9.841680922511562,-8.20970040293582,-12.247828744380419,10.049574012951544,0.00016556099680161202
ENGINEERING_SAMPLE,ofi_3s,Q2,30000,100,1438,98.19193324061196,-10.169448511726197,-10.052627699177018,0.0,-12.947740953544589,-7.404804633144208,-8.209603015043593,-12.247684749131004,10.05093215430023,4.988813600411562e-05
ENGINEERING_SAMPLE,ofi_3s,Q2,30000,1000,1438,98.19193324061196,-10.169632045420647,-10.052627699177018,0.0,-12.947740953544589,-7.420658745707725,-8.209747319299948,-12.247882803040783,10.05111575145631,0.00023348529208216959
ENGINEERING_SAMPLE,ofi_3s,Q2,30000,500,1438,98.19193324061196,-10.169566845023347,-10.052627699177018,0.0,-12.947740953544589,-7.420658745707725,-8.20970040293582,-12.247828744380419,10.051050528027647,0.00016826186341925445
ENGINEERING_SAMPLE,ofi_3s,Q2,500,100,1438,99.7913769123783,-10.081646296885129,-10.052679013777183,0.0,-10.052764110902295,-10.052618833278055,-8.209603015043593,-12.247684749131004,10.057111523940131,2.9130340902136354e-05
ENGINEERING_SAMPLE,ofi_3s,Q2,500,1000,1438,99.7913769123783,-10.08179068946217,-10.052679013777183,0.0,-10.052764110902295,-10.052618833278055,-8.209747319299948,-12.247882803040783,10.057255984407,0.000173590807769794
ENGINEERING_SAMPLE,ofi_3s,Q2,500,500,1438,99.7913769123783,-10.081743745213705,-10.052679013777183,0.0,-10.052764110902295,-10.052618833278055,-8.20970040293582,-12.247828744380419,10.057209017736971,0.00012662413774192964
ENGINEERING_SAMPLE,ofi_3s,Q2,5000,100,1438,99.7913769123783,-10.193462409124033,-10.05268317880655,0.0,-11.210437081071404,-9.367767184343826,-8.209603015043593,-12.247684749131004,10.051932241457065,2.9130340902136354e-05
ENGINEERING_SAMPLE,ofi_3s,Q2,5000,1000,1438,99.7913769123783,-10.193606800777948,-10.05268317880655,0.0,-11.210437081071404,-9.367767184343826,-8.209747319299948,-12.247882803040783,10.052076701923932,0.000173590807769794
ENGINEERING_SAMPLE,ofi_3s,Q2,5000,500,1438,99.7913769123783,-10.19355985685236,-10.05268317880655,0.0,-11.210437081071404,-9.367767184343826,-8.20970040293582,-12.247828744380419,10.052029735253905,0.00012662413774192964
ENGINEERING_SAMPLE,ofi_3s,Q2,60000,100,1438,96.87065368567455,-10.248109771407265,-10.157990410453658,0.0,-14.372012500724642,-6.262705259055624,-8.209603015043593,-12.247684749131004,10.052527557934624,6.0365539858302365e-05
ENGINEERING_SAMPLE,ofi_3s,Q2,60000,1000,1438,96.87065368567455,-10.248447001782868,-10.157990410453658,0.0,-14.372012500724642,-6.262705259055624,-8.209747319299948,-12.247882803040783,10.05286511696562,0.0003979245708523528
ENGINEERING_SAMPLE,ofi_3s,Q2,60000,500,1438,96.87065368567455,-10.248352509321768,-10.157990410453658,0.0,-14.372012500724642,-6.262705259055624,-8.20970040293582,-12.247828744380419,10.052770536952345,0.0003033445575773559
ENGINEERING_SAMPLE,ofi_3s,Q3,1000,100,1438,100.0,-10.064707180878246,-10.052674016611155,0.0,-10.052752386790983,-10.052616063297203,-8.13148316787801,-12.137924847784328,10.052913294829597,-9.634281808544681e-25
ENGINEERING_SAMPLE,ofi_3s,Q3,1000,1000,1438,100.0,-10.064707180878246,-10.052674016611155,0.0,-10.052752386790983,-10.052616063297203,-8.13148316787801,-12.137932139174108,10.052913294829597,-9.634281808544681e-25
ENGINEERING_SAMPLE,ofi_3s,Q3,1000,500,1438,100.0,-10.064707180878246,-10.052674016611155,0.0,-10.052752386790983,-10.052616063297203,-8.13148316787801,-12.137924847784328,10.052913294829597,0.0
ENGINEERING_SAMPLE,ofi_3s,Q3,15000,100,1438,99.23504867872045,-10.06270332080062,-10.052667355197707,0.0,-11.841659164731958,-8.208771920577275,-8.13148316787801,-12.137924847784328,10.050048312129562,-1.1001022474235962e-24
ENGINEERING_SAMPLE,ofi_3s,Q3,15000,1000,1438,99.23504867872045,-10.06270332080062,-10.052667355197707,0.0,-11.841659164731958,-8.208771920577275,-8.13148316787801,-12.137932139174108,10.050048312129562,-1.1001022474235962e-24
ENGINEERING_SAMPLE,ofi_3s,Q3,15000,500,1438,99.23504867872045,-10.06270332080062,-10.052667355197707,0.0,-11.841659164731958,-8.208771920577275,-8.13148316787801,-12.137924847784328,10.050048312129562,0.0
ENGINEERING_SAMPLE,ofi_3s,Q3,250,100,1438,100.0,-10.051544871112652,-10.052674016611155,0.0,-10.052743784993218,-10.052618002253178,-8.13148316787801,-12.137924847784328,10.051978084709086,-9.084543039704045e-25
ENGINEERING_SAMPLE,ofi_3s,Q3,250,1000,1438,100.0,-10.051544871112652,-10.052674016611155,0.0,-10.052743784993218,-10.052618002253178,-8.13148316787801,-12.137932139174108,10.051978084709086,-9.084543039704045e-25
ENGINEERING_SAMPLE,ofi_3s,Q3,250,500,1438,100.0,-10.051544871112652,-10.052674016611155,0.0,-10.052743784993218,-10.052618002253178,-8.13148316787801,-12.137924847784328,10.051978084709086,0.0
ENGINEERING_SAMPLE,ofi_3s,Q3,3000,100,1438,100.0,-10.057250670776316,-10.052670963254164,0.0,-10.526684653162743,-9.736457661480282,-8.13148316787801,-12.137924847784328,10.050366379325938,-1.0440081554702993e-24
ENGINEERING_SAMPLE,ofi_3s,Q3,3000,1000,1438,100.0,-10.057250670776316,-10.052670963254164,0.0,-10.526684653162743,-9.736457661480282,-8.13148316787801,-12.137932139174108,10.050366379325938,-1.0440081554702993e-24
ENGINEERING_SAMPLE,ofi_3s,Q3,3000,500,1438,100.0,-10.057250670776316,-10.052670963254164,0.0,-10.526684653162743,-9.736457661480282,-8.13148316787801,-12.137924847784328,10.050366379325938,0.0
ENGINEERING_SAMPLE,ofi_3s,Q3,30000,100,1438,99.16550764951322,-10.124152376441117,-10.36869674277915,0.0,-12.74108569650495,-7.364868783911331,-8.13148316787801,-12.137924847784328,10.050876865305673,1.2380851631874494e-05
ENGINEERING_SAMPLE,ofi_3s,Q3,30000,1000,1438,99.16550764951322,-10.12420659473297,-10.36869674277915,0.0,-12.74108569650495,-7.364868783911331,-8.13148316787801,-12.137932139174108,10.05093111371945,6.662926540902526e-05
ENGINEERING_SAMPLE,ofi_3s,Q3,30000,500,1438,99.16550764951322,-10.124199375362075,-10.36869674277915,0.0,-12.74108569650495,-7.364868783911331,-8.13148316787801,-12.137924847784328,10.050923890337707,5.940588366536788e-05
ENGINEERING_SAMPLE,ofi_3s,Q3,500,100,1438,100.0,-10.062299888444686,-10.052674016611155,0.0,-10.05275074415757,-10.052618002253178,-8.13148316787801,-12.137924847784328,10.060061584283785,1.3704081362408511e-05
ENGINEERING_SAMPLE,ofi_3s,Q3,500,1000,1438,100.0,-10.06232053174912,-10.052674016611155,0.0,-10.05275074415757,-10.052618002253178,-8.13148316787801,-12.137932139174108,10.060082241017772,3.43608153505831e-05
ENGINEERING_SAMPLE,ofi_3s,Q3,500,500,1438,100.0,-10.062318238048627,-10.052674016611155,0.0,-10.05275074415757,-10.052618002253178,-8.13148316787801,-12.137924847784328,10.060079945825107,3.206562268523037e-05
ENGINEERING_SAMPLE,ofi_3s,Q3,5000,100,1438,100.0,-10.064533376441624,-10.052670963254164,0.0,-11.017385996244302,-9.209677334331396,-8.13148316787801,-12.137924847784328,10.053318721372486,4.174067498322373e-05
ENGINEERING_SAMPLE,ofi_3s,Q3,5000,1000,1438,100.0,-10.06476983922755,-10.052670963254164,0.0,-11.017385996244302,-9.209677334331396,-8.13148316787801,-12.137932139174108,10.053555328583503,0.0002783478859986938
ENGINEERING_SAMPLE,ofi_3s,Q3,5000,500,1438,100.0,-10.064717987695373,-10.052670963254164,0.0,-11.017385996244302,-9.209677334331396,-8.13148316787801,-12.137924847784328,10.05350344505094,0.00022646435343724578
ENGINEERING_SAMPLE,ofi_3s,Q3,60000,100,1438,94.85396383866481,-10.225327400542547,-10.0,0.0,-15.372183462259976,-6.09745416172009,-8.13148316787801,-12.137924847784328,10.056729762139769,-8.724695220735436e-25
ENGINEERING_SAMPLE,ofi_3s,Q3,60000,1000,1438,94.85396383866481,-10.225327400542547,-10.0,0.0,-15.372183462259976,-6.09745416172009,-8.13148316787801,-12.137932139174108,10.056729762139769,-8.724695220735436e-25
ENGINEERING_SAMPLE,ofi_3s,Q3,60000,500,1438,94.85396383866481,-10.225327400542547,-10.0,0.0,-15.372183462259976,-6.09745416172009,-8.13148316787801,-12.137924847784328,10.056729762139769,0.0
ENGINEERING_SAMPLE,ofi_3s,Q4,1000,100,1438,100.0,-9.990842135059408,-10.052677070322176,0.0,-10.052758429252616,-9.842059676716667,-8.16035752231911,-12.325415706389016,10.049392070150196,-5.347725771120802e-25
ENGINEERING_SAMPLE,ofi_3s,Q4,1000,1000,1438,100.0,-9.990842135059408,-10.052677070322176,0.0,-10.052758429252616,-9.842059676716667,-8.16035752231911,-12.325415706389016,10.049392070150196,-5.347725771120802e-25
ENGINEERING_SAMPLE,ofi_3s,Q4,1000,500,1438,100.0,-9.990842135059408,-10.052677070322176,0.0,-10.052758429252616,-9.842059676716667,-8.16035752231911,-12.325415706389016,10.049392070150196,0.0
ENGINEERING_SAMPLE,ofi_3s,Q4,15000,100,1438,99.23504867872045,-10.029383323423101,-10.052670963254164,0.0,-11.738077672972546,-8.052590560344601,-8.16035752231911,-12.325415706389016,10.057911965364212,1.3810084682133676e-05
ENGINEERING_SAMPLE,ofi_3s,Q4,15000,1000,1438,99.23504867872045,-10.029404125856018,-10.052670963254164,0.0,-11.738077672972546,-8.052590560344601,-8.16035752231911,-12.325415706389016,10.057932781001083,3.4625721554565264e-05
ENGINEERING_SAMPLE,ofi_3s,Q4,15000,500,1438,99.23504867872045,-10.029401814474582,-10.052670963254164,0.0,-11.738077672972546,-8.052590560344601,-8.16035752231911,-12.325415706389016,10.057930468152543,3.231287301318398e-05
ENGINEERING_SAMPLE,ofi_3s,Q4,250,100,1438,100.0,-10.041727770026704,-10.052683734193563,0.0,-10.052752136210819,-10.052619941352061,-8.16035752231911,-12.325415706389016,10.052142247133098,-5.567398486604314e-25
ENGINEERING_SAMPLE,ofi_3s,Q4,250,1000,1438,100.0,-10.041727770026704,-10.052683734193563,0.0,-10.052752136210819,-10.052619941352061,-8.16035752231911,-12.325415706389016,10.052142247133098,-5.567398486604314e-25
ENGINEERING_SAMPLE,ofi_3s,Q4,250,500,1438,100.0,-10.041727770026704,-10.052683734193563,0.0,-10.052752136210819,-10.052619941352061,-8.16035752231911,-12.325415706389016,10.052142247133098,0.0
ENGINEERING_SAMPLE,ofi_3s,Q4,3000,100,1438,100.0,-9.922852712316603,-10.052670963254164,0.0,-10.474673320810675,-9.262163259495173,-8.16035752231911,-12.325415706389016,10.054464770506243,1.3704081362408511e-05
ENGINEERING_SAMPLE,ofi_3s,Q4,3000,1000,1438,100.0,-9.922873355621036,-10.052670963254164,0.0,-10.474673320810675,-9.262163259495173,-8.16035752231911,-12.325415706389016,10.054485427240232,3.43608153505831e-05
ENGINEERING_SAMPLE,ofi_3s,Q4,3000,500,1438,100.0,-9.922871061920542,-10.052670963254164,0.0,-10.474673320810675,-9.262163259495173,-8.16035752231911,-12.325415706389016,10.054483132047567,3.206562268523037e-05
ENGINEERING_SAMPLE,ofi_3s,Q4,30000,100,1438,98.40055632823366,-10.086694920620133,-10.157846528008086,0.0,-12.947740953544589,-7.418782742518631,-8.16035752231911,-12.325415706389016,10.058838839518181,-4.986477780657223e-25
ENGINEERING_SAMPLE,ofi_3s,Q4,30000,1000,1438,98.40055632823366,-10.086694920620133,-10.157846528008086,0.0,-12.947740953544589,-7.418782742518631,-8.16035752231911,-12.325415706389016,10.058838839518181,-4.986477780657223e-25
ENGINEERING_SAMPLE,ofi_3s,Q4,30000,500,1438,98.40055632823366,-10.086694920620133,-10.157846528008086,0.0,-12.947740953544589,-7.418782742518631,-8.16035752231911,-12.325415706389016,10.058838839518181,0.0
ENGINEERING_SAMPLE,ofi_3s,Q4,500,100,1438,100.0,-10.018915171262444,-10.052679569082235,0.0,-10.052754642091818,-10.052616063297203,-8.16035752231911,-12.325415706389016,10.044741062418778,2.947165816190447e-05
ENGINEERING_SAMPLE,ofi_3s,Q4,500,1000,1438,100.0,-10.019097883700054,-10.052679569082235,0.0,-10.052754642091818,-10.052616063297203,-8.16035752231911,-12.325415706389016,10.044923870118696,0.00021227935807919244
ENGINEERING_SAMPLE,ofi_3s,Q4,500,500,1438,100.0,-10.019053191293688,-10.052679569082235,0.0,-10.052754642091818,-10.052616063297203,-8.16035752231911,-12.325415706389016,10.044879154410676,0.0001675636500598046
ENGINEERING_SAMPLE,ofi_3s,Q4,5000,100,1438,100.0,-9.956752731846217,-10.05267151838365,0.0,-10.948177958406411,-8.914511113960346,-8.16035752231911,-12.325415706389016,10.058411275118239,-6.117439947281778e-25
ENGINEERING_SAMPLE,ofi_3s,Q4,5000,1000,1438,100.0,-9.956752731846217,-10.05267151838365,0.0,-10.948177958406411,-8.914511113960346,-8.16035752231911,-12.325415706389016,10.058411275118239,-6.117439947281778e-25
ENGINEERING_SAMPLE,ofi_3s,Q4,5000,500,1438,100.0,-9.956752731846217,-10.05267151838365,0.0,-10.948177958406411,-8.914511113960346,-8.16035752231911,-12.325415706389016,10.058411275118239,0.0
ENGINEERING_SAMPLE,ofi_3s,Q4,60000,100,1438,96.66203059805285,-10.356548546486657,-9.789303933555377,0.0,-15.686576127611602,-6.208889333747755,-8.16035752231911,-12.325415706389016,10.056920141596095,2.060514088630399e-05
ENGINEERING_SAMPLE,ofi_3s,Q4,60000,1000,1438,96.66203059805285,-10.356679601610928,-9.789303933555377,0.0,-15.686576127611602,-6.208889333747755,-8.16035752231911,-12.325415706389016,10.057051324555838,0.0001517881006288807
ENGINEERING_SAMPLE,ofi_3s,Q4,60000,500,1438,96.66203059805285,-10.3566418512325,-9.789303933555377,0.0,-15.686576127611602,-6.208889333747755,-8.16035752231911,-12.325415706389016,10.057013543116657,0.00011400666144849489
ENGINEERING_SAMPLE,ofi_3s,Q5,1000,100,1439,99.93050729673384,-9.994012625465249,-10.05267373901862,0.0,-10.05276294105282,-9.630729199653768,-7.973568651540104,-11.917318817212793,10.059073288414565,0.00012739493007385308
ENGINEERING_SAMPLE,ofi_3s,Q5,1000,1000,1439,99.93050729673384,-9.994817320539816,-10.05267373901862,0.0,-10.05276294105282,-9.630761938499976,-7.974558811730647,-11.918070684345077,10.059878342969027,0.0009324494845365602
ENGINEERING_SAMPLE,ofi_3s,Q5,1000,500,1439,99.93050729673384,-9.994472969648942,-10.05267373901862,0.0,-10.05276294105282,-9.630729199653768,-7.974114681549299,-11.917733687011285,10.059533834527619,0.0005879410431272148
ENGINEERING_SAMPLE,ofi_3s,Q5,15000,100,1439,98.5406532314107,-9.83381584406486,-9.842150148189873,0.0,-11.529343794353371,-8.051995596361204,-7.973568651540104,-11.917318817212793,10.06459461534426,0.0001354891471327769
ENGINEERING_SAMPLE,ofi_3s,Q5,15000,1000,1439,98.5406532314107,-9.83461528483097,-9.842150148189873,0.0,-11.529343794353371,-8.051995596361204,-7.974558811730647,-11.918070684345077,10.065394467591627,0.0009353413944985222
ENGINEERING_SAMPLE,ofi_3s,Q5,15000,500,1439,98.5406532314107,-9.83425595471747,-9.842150148189873,0.0,-11.529343794353371,-8.051995596361204,-7.974114681549299,-11.917733687011285,10.065034947213032,0.0005758210159044913
ENGINEERING_SAMPLE,ofi_3s,Q5,250,100,1439,100.0,-10.033589668777479,-10.052677903213905,0.0,-10.052752971478034,-10.052616617270042,-7.973568651540104,-11.917318817212793,10.05232607775145,0.00012730639989312072
ENGINEERING_SAMPLE,ofi_3s,Q5,250,1000,1439,100.0,-10.034393775997911,-10.052677903213905,0.0,-10.052752971478034,-10.052616617270042,-7.974558811730647,-11.918070684345077,10.05313057285174,0.0009318015001831643
ENGINEERING_SAMPLE,ofi_3s,Q5,250,500,1439,100.0,-10.034049677078652,-10.052677903213905,0.0,-10.052752971478034,-10.052616617270042,-7.974114681549299,-11.917733687011285,10.05278630381856,0.0005875324670027344
ENGINEERING_SAMPLE,ofi_3s,Q5,3000,100,1439,99.30507296733843,-9.90557472627975,-10.05265431480906,0.0,-10.474035672852073,-9.104423724614842,-7.973568651540104,-11.917318817212793,10.061470915789105,0.00014405254909834577
ENGINEERING_SAMPLE,ofi_3s,Q5,3000,1000,1439,99.30507296733843,-9.906515512313863,-10.05265431480906,0.0,-10.474035672852073,-9.104423724614842,-7.974558811730647,-11.918070684345077,10.06241222788777,0.0010853646477636991
ENGINEERING_SAMPLE,ofi_3s,Q5,3000,500,1439,99.30507296733843,-9.90613124766172,-10.05265431480906,0.0,-10.474035672852073,-9.104423724614842,-7.974114681549299,-11.917733687011285,10.062027756170073,0.0007008929300672307
ENGINEERING_SAMPLE,ofi_3s,Q5,30000,100,1439,97.0813064628214,-9.933543084440265,-9.736901678354076,0.0,-12.733197991836906,-7.097483579378657,-7.973568651540104,-11.917318817212793,10.063155581775053,0.0001614178239752286
ENGINEERING_SAMPLE,ofi_3s,Q5,30000,1000,1439,97.0813064628214,-9.934652608222532,-9.736901678354076,0.0,-12.733197991836906,-7.097483579378657,-7.974558811730647,-11.918070684345077,10.064265810703166,0.0012716467520892238
ENGINEERING_SAMPLE,ofi_3s,Q5,30000,500,1439,97.0813064628214,-9.934232300114827,-9.736901678354076,0.0,-12.733197991836906,-7.097483579378657,-7.974114681549299,-11.917733687011285,10.063845224577772,0.0008510606266963923
ENGINEERING_SAMPLE,ofi_3s,Q5,500,100,1439,100.0,-10.016312762452626,-10.052674849406321,0.0,-10.052757426683275,-9.841998600376236,-7.973568651540104,-11.917318817212793,10.052883182736982,0.00012730639989312072
ENGINEERING_SAMPLE,ofi_3s,Q5,500,1000,1439,100.0,-10.01713305945947,-10.052674849406321,0.0,-10.052757426683275,-9.842000432081527,-7.974558811730647,-11.918070684345077,10.053703856942404,0.0009479806053158627
ENGINEERING_SAMPLE,ofi_3s,Q5,500,500,1439,100.0,-10.016772781015266,-10.052674849406321,0.0,-10.052757426683275,-9.842000432081527,-7.974114681549299,-11.917733687011285,10.053343408804093,0.0005875324670027344
ENGINEERING_SAMPLE,ofi_3s,Q5,5000,100,1439,98.81862404447533,-9.856977542089517,-10.052637954097808,0.0,-10.84316640831778,-8.840059066848161,-7.973568651540104,-11.917318817212793,10.06605889652526,0.00011496701579656359
ENGINEERING_SAMPLE,ofi_3s,Q5,5000,1000,1439,98.81862404447533,-9.85775459206957,-10.052637954097808,0.0,-10.84316640831778,-8.840059066848161,-7.974558811730647,-11.918070684345077,10.066836371381909,0.0008924418724465109
ENGINEERING_SAMPLE,ofi_3s,Q5,5000,500,1439,98.81862404447533,-9.857397243886988,-10.052637954097808,0.0,-10.84316640831778,-8.840059066848161,-7.974114681549299,-11.917733687011285,10.066478833199286,0.0005349036898242812
ENGINEERING_SAMPLE,ofi_3s,Q5,60000,100,1439,96.24739402362752,-9.895274707085802,-10.0,0.0,-14.58735367198257,-5.944827331836911,-7.973568651540104,-11.917318817212793,10.062122102807955,0.00011803833679618297
ENGINEERING_SAMPLE,ofi_3s,Q5,60000,1000,1439,96.24739402362752,-9.896055736891386,-10.0,0.0,-14.58735367198257,-5.944827331836911,-7.974558811730647,-11.918070684345077,10.062903512235824,0.0008994477646653244
ENGINEERING_SAMPLE,ofi_3s,Q5,60000,500,1439,96.24739402362752,-9.8957056763499,-10.0,0.0,-14.58735367198257,-5.944827331836911,-7.974114681549299,-11.917733687011285,10.062553258006847,0.000549193535689623
ENGINEERING_SAMPLE,spread_bps,Q1,1000,100,1453,100.0,-10.061179494082351,-10.052622157640084,0.0,-10.052642944423377,-10.05260969344787,-8.574610621182117,-12.460024275685521,10.055921108053646,4.33320663198033e-05
ENGINEERING_SAMPLE,spread_bps,Q1,1000,1000,1453,100.0,-10.061374047568789,-10.052622157640084,0.0,-10.052642944423377,-10.05260969344787,-8.574716309833452,-12.46019037900845,10.056115759362564,0.00023798337523832478
ENGINEERING_SAMPLE,spread_bps,Q1,1000,500,1453,100.0,-10.061304268419759,-10.052622157640084,0.0,-10.052642944423377,-10.05260969344787,-8.574670573236105,-12.460130354465237,10.056045945870737,0.00016816988341200468
ENGINEERING_SAMPLE,spread_bps,Q1,15000,100,1453,100.0,-10.203808932806158,-10.052616063297203,0.0,-11.894248081114375,-8.473836903182326,-8.574610621182117,-12.460024275685521,10.053444799677806,3.118353927714549e-05
ENGINEERING_SAMPLE,spread_bps,Q1,15000,1000,1453,100.0,-10.203950272397215,-10.052616063297203,0.0,-11.894248081114375,-8.473836903182326,-8.574716309833452,-12.46019037900845,10.053586210696123,0.00017259455759388448
ENGINEERING_SAMPLE,spread_bps,Q1,15000,500,1453,100.0,-10.203887583289342,-10.052616063297203,0.0,-11.894248081114375,-8.473836903182326,-8.574670573236105,-12.460130354465237,10.053523488685922,0.00010987254739341005
ENGINEERING_SAMPLE,spread_bps,Q1,250,100,1453,100.0,-10.05498710887397,-10.052622157640084,0.0,-10.052640726384091,-10.052615509336029,-8.574610621182117,-12.460024275685521,10.053420715111809,4.3332153265487864e-05
ENGINEERING_SAMPLE,spread_bps,Q1,250,1000,1453,100.0,-10.05518166255099,-10.052622157640084,0.0,-10.052640726384091,-10.052615509336029,-8.574716309833452,-12.46019037900845,10.053615366423262,0.0002379834647199251
ENGINEERING_SAMPLE,spread_bps,Q1,250,500,1453,100.0,-10.05511188340196,-10.052622157640084,0.0,-10.052640726384091,-10.052615509336029,-8.574670573236105,-12.460130354465237,10.05354555302092,0.00016817006237520538
ENGINEERING_SAMPLE,spread_bps,Q1,3000,100,1453,100.0,-10.08322153127309,-10.052619941352061,0.0,-10.72612716339027,-9.631545963936636,-8.574610621182117,-12.460024275685521,10.053010200252155,3.118127868934698e-05
ENGINEERING_SAMPLE,spread_bps,Q1,3000,1000,1453,100.0,-10.083362873965184,-10.052619941352061,0.0,-10.72612716339027,-9.631545963936636,-8.574716309833452,-12.46019037900845,10.053151611204537,0.0001725922310722752
ENGINEERING_SAMPLE,spread_bps,Q1,3000,500,1453,100.0,-10.083300180034943,-10.052619941352061,0.0,-10.72612716339027,-9.631545963936636,-8.574670573236105,-12.460130354465237,10.053088886867815,0.00010986789435019146
ENGINEERING_SAMPLE,spread_bps,Q1,30000,100,1453,100.0,-10.356807566586367,-10.105239328658369,0.0,-12.947740953544589,-7.26310024697079,-8.574610621182117,-12.460024275685521,10.053965408574157,4.333397912486358e-05
ENGINEERING_SAMPLE,spread_bps,Q1,30000,1000,1453,100.0,-10.357018156855414,-10.105239328658369,0.0,-12.947740953544589,-7.26310024697079,-8.574716309833452,-12.46019037900845,10.05417609800794,0.0002540234129073551
ENGINEERING_SAMPLE,spread_bps,Q1,30000,500,1453,100.0,-10.356932347017077,-10.105239328658369,0.0,-12.947740953544589,-7.26310024697079,-8.574670573236105,-12.460130354465237,10.054090248415633,0.0001681738206024204
ENGINEERING_SAMPLE,spread_bps,Q1,500,100,1453,100.0,-10.056150008701962,-10.052622157640084,0.0,-10.052642667158244,-10.052615509336029,-8.574610621182117,-12.460024275685521,10.055237513773776,1.1472242531402738e-05
ENGINEERING_SAMPLE,spread_bps,Q1,500,1000,1453,100.0,-10.056271639366223,-10.052622157640084,0.0,-10.052642667158244,-10.052615509336029,-8.574716309833452,-12.46019037900845,10.0553592023579,0.0001331608266568731
ENGINEERING_SAMPLE,spread_bps,Q1,500,500,1453,100.0,-10.056209922306659,-10.052622157640084,0.0,-10.052642667158244,-10.052615509336029,-8.574670573236105,-12.460130354465237,10.05529745492267,7.141339142476534e-05
ENGINEERING_SAMPLE,spread_bps,Q1,5000,100,1453,100.0,-10.1135614518322,-10.052618833278055,0.0,-11.210411590001511,-9.368241410369185,-8.574610621182117,-12.460024275685521,10.056228302679235,2.362303016185905e-05
ENGINEERING_SAMPLE,spread_bps,Q1,5000,1000,1453,100.0,-10.113736315203354,-10.052618833278055,0.0,-11.210411590001511,-9.368241410369185,-8.574716309833452,-12.46019037900845,10.05640325602201,0.00019857637293683276
ENGINEERING_SAMPLE,spread_bps,Q1,5000,500,1453,100.0,-10.113667489238727,-10.052618833278055,0.0,-11.210411590001511,-9.368241410369185,-8.574670573236105,-12.460130354465237,10.05633439502956,0.00012971538048657855
ENGINEERING_SAMPLE,spread_bps,Q1,60000,100,1453,100.0,-10.825937195132411,-10.157846528008086,0.0,-17.155784608419623,-6.262705259055624,-8.574610621182117,-12.460024275685521,10.056383708003196,3.118397400556829e-05
ENGINEERING_SAMPLE,spread_bps,Q1,60000,1000,1453,100.0,-10.826078562772931,-10.157846528008086,0.0,-17.155784608419623,-6.262705259055624,-8.574716309833452,-12.46019037900845,10.056525119034193,0.00017259500500188627
ENGINEERING_SAMPLE,spread_bps,Q1,60000,500,1453,100.0,-10.826015858276497,-10.157846528008086,0.0,-17.155784608419623,-6.262705259055624,-8.574670573236105,-12.460130354465237,10.0564623974714,0.00010987344220941364
ENGINEERING_SAMPLE,spread_bps,Q2,1000,100,1425,100.0,-10.073657428102742,-10.052667355197707,0.0,-10.05267151838365,-10.052649599662875,-9.14104524230471,-12.127835953518364,10.051841113739314,-7.469345414478865e-25
ENGINEERING_SAMPLE,spread_bps,Q2,1000,1000,1425,100.0,-10.073784610084324,-10.052667355197707,0.0,-10.05267151838365,-10.052649599662875,-9.14143357691754,-12.127963188398242,10.051968354612804,0.0001272408734892505
ENGINEERING_SAMPLE,spread_bps,Q2,1000,500,1425,100.0,-10.073763988802273,-10.052667355197707,0.0,-10.05267151838365,-10.052649599662875,-9.141302624118195,-12.127942558539262,10.051947723468599,0.00010660972928561411
ENGINEERING_SAMPLE,spread_bps,Q2,15000,100,1425,100.0,-10.443170976197326,-10.105328050245538,0.0,-12.00086396274424,-8.999573288941335,-9.14104524230471,-12.127835953518364,10.05087993139793,-8.356696167866673e-25
ENGINEERING_SAMPLE,spread_bps,Q2,15000,1000,1425,100.0,-10.443298160858694,-10.105328050245538,0.0,-12.00086396274424,-8.999573288941335,-9.14143357691754,-12.127963188398242,10.051007172271419,0.0001272408734892505
ENGINEERING_SAMPLE,spread_bps,Q2,15000,500,1425,100.0,-10.443277539142143,-10.105328050245538,0.0,-12.00086396274424,-8.999573288941335,-9.141302624118195,-12.127942558539262,10.050986541127216,0.00010660972928561411
ENGINEERING_SAMPLE,spread_bps,Q2,250,100,1425,100.0,-10.05632336698965,-10.052667355197707,0.0,-10.052670963254164,-10.05265154109138,-9.14104524230471,-12.127835953518364,10.051286497454672,-7.321547607617261e-25
ENGINEERING_SAMPLE,spread_bps,Q2,250,1000,1425,100.0,-10.056450548971231,-10.052667355197707,0.0,-10.052670963254164,-10.05265154109138,-9.14143357691754,-12.127963188398242,10.051413738328161,0.0001272408734892505
ENGINEERING_SAMPLE,spread_bps,Q2,250,500,1425,100.0,-10.05642992768918,-10.052667355197707,0.0,-10.052670963254164,-10.05265154109138,-9.141302624118195,-12.127942558539262,10.051393107183959,0.00010660972928561411
ENGINEERING_SAMPLE,spread_bps,Q2,3000,100,1425,100.0,-10.135601597585524,-10.052668465316275,0.0,-10.789952052268296,-9.841992106192265,-9.14104524230471,-12.127835953518364,10.05021424141494,-7.543100309311907e-25
ENGINEERING_SAMPLE,spread_bps,Q2,3000,1000,1425,100.0,-10.135728779567106,-10.052668465316275,0.0,-10.789952052268296,-9.841992106192265,-9.14143357691754,-12.127963188398242,10.05034148228843,0.0001272408734892505
ENGINEERING_SAMPLE,spread_bps,Q2,3000,500,1425,100.0,-10.135708158285055,-10.052668465316275,0.0,-10.789952052268296,-9.841992106192265,-9.141302624118195,-12.127942558539262,10.050320851144225,0.00010660972928561411
ENGINEERING_SAMPLE,spread_bps,Q2,30000,100,1425,100.0,-10.630098481088908,-10.632051559049973,0.0,-13.265444849609004,-8.578490760835212,-9.14104524230471,-12.127835953518364,10.052248285182662,-2.923160329584518e-25
ENGINEERING_SAMPLE,spread_bps,Q2,30000,1000,1425,100.0,-10.630225690538298,-10.632051559049973,0.0,-13.265444849609004,-8.578490760835212,-9.14143357691754,-12.127963188398242,10.052375526056151,0.0001272408734892505
ENGINEERING_SAMPLE,spread_bps,Q2,30000,500,1425,100.0,-10.630205064802619,-10.632051559049973,0.0,-13.265444849609004,-8.578490760835212,-9.141302624118195,-12.127942558539262,10.052354894911947,0.00010660972928561411
ENGINEERING_SAMPLE,spread_bps,Q2,500,100,1425,100.0,-10.062384161255634,-10.052667355197707,0.0,-10.052670963254164,-10.052649877001038,-9.14104524230471,-12.127835953518364,10.054355940155721,-7.321512351275332e-25
ENGINEERING_SAMPLE,spread_bps,Q2,500,1000,1425,100.0,-10.062511343237215,-10.052667355197707,0.0,-10.052670963254164,-10.052649877001038,-9.14143357691754,-12.127963188398242,10.05448318102921,0.0001272408734892505
ENGINEERING_SAMPLE,spread_bps,Q2,500,500,1425,100.0,-10.062490721955164,-10.052667355197707,0.0,-10.052670963254164,-10.052649877001038,-9.141302624118195,-12.127942558539262,10.054462549885006,0.00010660972928561411
ENGINEERING_SAMPLE,spread_bps,Q2,5000,100,1425,100.0,-10.192075422780581,-10.052669020393108,0.0,-11.053347103954135,-9.599783031743032,-9.14104524230471,-12.127835953518364,10.056945042045607,-8.910846017138526e-25
ENGINEERING_SAMPLE,spread_bps,Q2,5000,1000,1425,100.0,-10.192202604762162,-10.052669020393108,0.0,-11.053347103954135,-9.613751018548514,-9.14143357691754,-12.127963188398242,10.057072282919096,0.0001272408734892505
ENGINEERING_SAMPLE,spread_bps,Q2,5000,500,1425,100.0,-10.192181983480111,-10.052669020393108,0.0,-11.053347103954135,-9.599783031743032,-9.141302624118195,-12.127942558539262,10.057051651774893,0.00010660972928561411
ENGINEERING_SAMPLE,spread_bps,Q2,60000,100,1425,100.0,-11.012427928944872,-10.842713207706252,0.0,-15.372183462259976,-7.94649254045853,-9.14104524230471,-12.127835953518364,10.050030715956442,-4.770987985809684e-25
ENGINEERING_SAMPLE,spread_bps,Q2,60000,1000,1425,100.0,-11.012555127005172,-10.842713207706252,0.0,-15.372183462259976,-7.94649254045853,-9.14143357691754,-12.127963188398242,10.050157956829931,0.0001272408734892505
ENGINEERING_SAMPLE,spread_bps,Q2,60000,500,1425,100.0,-11.012534503116118,-10.842713207706252,0.0,-15.372183462259976,-7.94649254045853,-9.141302624118195,-12.127942558539262,10.050137325685728,0.00010660972928561411
ENGINEERING_SAMPLE,spread_bps,Q3,1000,100,1490,99.73154362416108,-10.054285475753554,-10.05268317880655,0.0,-10.052697622675531,-10.0,-8.076283905360594,-12.604084315287118,10.051935814946697,4.0481506714322005e-05
ENGINEERING_SAMPLE,spread_bps,Q3,1000,1000,1490,99.73154362416108,-10.054497542871966,-10.05268317880655,0.0,-10.052697622675531,-10.0,-8.076445024252326,-12.604245353534104,10.052147991221386,0.00025265778140334973
ENGINEERING_SAMPLE,spread_bps,Q3,1000,500,1490,99.73154362416108,-10.054368659928,-10.05268317880655,0.0,-10.052697622675531,-10.0,-8.076323252123712,-12.604123641293706,10.052019044908626,0.0001237114686444881
ENGINEERING_SAMPLE,spread_bps,Q3,15000,100,1490,95.90604026845638,-10.096815134230624,-10.052674016611155,0.0,-12.107107245407931,-8.156424963709684,-8.076283905360594,-12.604084315287118,10.052507650694551,5.588370398247678e-05
ENGINEERING_SAMPLE,spread_bps,Q3,15000,1000,1490,95.90604026845638,-10.097147607538526,-10.052674016611155,0.0,-12.107107245407931,-8.156424963709684,-8.076445024252326,-12.604245353534104,10.05284034140099,0.00038857441042276466
ENGINEERING_SAMPLE,spread_bps,Q3,15000,500,1490,95.90604026845638,-10.096991838594615,-10.052674016611155,0.0,-12.107107245407931,-8.156424963709684,-8.076323252123712,-12.604123641293706,10.052684479176891,0.00023271218632179083
ENGINEERING_SAMPLE,spread_bps,Q3,250,100,1490,99.86577181208054,-10.055202511524099,-10.05268317880655,0.0,-10.05269651132751,-10.052673461429007,-8.076283905360594,-12.604084315287118,10.053529636493924,4.042709608701781e-05
ENGINEERING_SAMPLE,spread_bps,Q3,250,1000,1490,99.86577181208054,-10.055414288467382,-10.05268317880655,0.0,-10.05269651132751,-10.052673461429007,-8.076445024252326,-12.604245353534104,10.053741527585448,0.00025231818761114094
ENGINEERING_SAMPLE,spread_bps,Q3,250,500,1490,99.86577181208054,-10.055285583705775,-10.05268317880655,0.0,-10.05269651132751,-10.052673461429007,-8.076323252123712,-12.604123641293706,10.053612754587625,0.00012354518978878313
ENGINEERING_SAMPLE,spread_bps,Q3,3000,100,1490,99.12751677852349,-10.038157028101528,-10.052679013777183,0.0,-10.685025754037083,-9.315187258219229,-8.076283905360594,-12.604084315287118,10.054156578107536,5.407287817536515e-05
ENGINEERING_SAMPLE,spread_bps,Q3,3000,1000,1490,99.12751677852349,-10.038478713601167,-10.052679013777183,0.0,-10.685025754037083,-9.315187258219229,-8.076445024252326,-12.604245353534104,10.054478454549574,0.0003759493202146904
ENGINEERING_SAMPLE,spread_bps,Q3,3000,500,1490,99.12751677852349,-10.038327999706254,-10.052679013777183,0.0,-10.685025754037083,-9.315187258219229,-8.076323252123712,-12.604123641293706,10.054327660504365,0.00022515527500323163
ENGINEERING_SAMPLE,spread_bps,Q3,30000,100,1490,95.16778523489933,-10.407246622286964,-10.052674016611155,0.0,-13.265978359974913,-7.682172258588158,-8.076283905360594,-12.604084315287118,10.054091825326388,4.241849823472156e-05
ENGINEERING_SAMPLE,spread_bps,Q3,30000,1000,1490,95.16778523489933,-10.407560682275962,-10.052674016611155,0.0,-13.265978359974913,-7.682172258588158,-8.076445024252326,-12.604245353534104,10.054406146772752,0.0003567399445981805
ENGINEERING_SAMPLE,spread_bps,Q3,30000,500,1490,95.16778523489933,-10.407406073464648,-10.052674016611155,0.0,-13.265978359974913,-7.682172258588158,-8.076323252123712,-12.604123641293706,10.05425139968547,0.0002019928573151857
ENGINEERING_SAMPLE,spread_bps,Q3,500,100,1490,99.79865771812081,-10.054296180074617,-10.05268317880655,0.0,-10.052697622675531,-10.052673461429007,-8.076283905360594,-12.604084315287118,10.052871257559895,5.3706784113400095e-05
ENGINEERING_SAMPLE,spread_bps,Q3,500,1000,1490,99.79865771812081,-10.054528067640007,-10.05268317880655,0.0,-10.052697622675531,-10.052673461429007,-8.076445024252326,-12.604245353534104,10.053103267195176,0.00028571641939442917
ENGINEERING_SAMPLE,spread_bps,Q3,500,500,1490,99.79865771812081,-10.054397053251277,-10.05268317880655,0.0,-10.052697622675531,-10.052673461429007,-8.076323252123712,-12.604123641293706,10.052972188037266,0.00015463726148424382
ENGINEERING_SAMPLE,spread_bps,Q3,5000,100,1490,98.65771812080537,-10.022765397987378,-10.052677903213905,0.0,-10.895623481290555,-9.099037160253275,-8.076283905360594,-12.604084315287118,10.051841840531125,2.751340543809197e-05
ENGINEERING_SAMPLE,spread_bps,Q3,5000,1000,1490,98.65771812080537,-10.022928500573775,-10.052677903213905,0.0,-10.895623481290555,-9.099037160253275,-8.076445024252326,-12.604245353534104,10.052005022539609,0.0001906954139205975
ENGINEERING_SAMPLE,spread_bps,Q3,5000,500,1490,98.65771812080537,-10.02280521810312,-10.052677903213905,0.0,-10.895623481290555,-9.099037160253275,-8.076323252123712,-12.604123641293706,10.051881680234068,6.735310838020568e-05
ENGINEERING_SAMPLE,spread_bps,Q3,60000,100,1490,95.16778523489933,-11.038772512918635,-11.316937314106195,0.0,-15.584799637333559,-7.049741986833158,-8.076283905360594,-12.604084315287118,10.05367002742362,2.8522359657260363e-05
ENGINEERING_SAMPLE,spread_bps,Q3,60000,1000,1490,95.16778523489933,-11.0390334173892,-11.316937314106195,0.0,-15.584799637333559,-7.049741986833158,-8.076445024252326,-12.604245353534104,10.053931158184493,0.00028965312053326204
ENGINEERING_SAMPLE,spread_bps,Q3,60000,500,1490,95.16778523489933,-11.038886062474628,-11.316937314106195,0.0,-15.584799637333559,-7.049741986833158,-8.076323252123712,-12.604123641293706,10.053783674228237,0.00014216916427518776
ENGINEERING_SAMPLE,spread_bps,Q4,1000,100,1389,100.0,-10.044967518916321,-10.052710962509032,0.0,-10.052727368643174,-10.052697900519862,-8.017706678459751,-12.122929329883672,10.058717178635138,-6.036278556388544e-25
ENGINEERING_SAMPLE,spread_bps,Q4,1000,1000,1389,100.0,-10.045061362349522,-10.052710962509032,0.0,-10.052727368643174,-10.052697900519862,-8.017706678459751,-12.122929329883672,10.058811075698637,9.389706349856239e-05
ENGINEERING_SAMPLE,spread_bps,Q4,1000,500,1389,100.0,-10.045041358010621,-10.052710962509032,0.0,-10.052727368643174,-10.052697900519862,-8.017706678459751,-12.122929329883672,10.058791059927518,7.388129238052256e-05
ENGINEERING_SAMPLE,spread_bps,Q4,15000,100,1389,100.0,-9.915658866776509,-10.052702068536417,0.0,-11.844922606333887,-7.944424229959975,-8.017706678459751,-12.122929329883672,10.054331810292375,-4.859726713956345e-25
ENGINEERING_SAMPLE,spread_bps,Q4,15000,1000,1389,100.0,-9.915658866776509,-10.052702068536417,0.0,-11.844922606333887,-7.944424229959975,-8.017706678459751,-12.122929329883672,10.054331810292375,-4.859726713956345e-25
ENGINEERING_SAMPLE,spread_bps,Q4,15000,500,1389,100.0,-9.915658866776509,-10.052702068536417,0.0,-11.844922606333887,-7.944424229959975,-8.017706678459751,-12.122929329883672,10.054331810292375,0.0
ENGINEERING_SAMPLE,spread_bps,Q4,250,100,1389,100.0,-10.052065051300662,-10.052710962509032,0.0,-10.052724309097911,-10.05269956764737,-8.017706678459751,-12.122929329883672,10.055014750750788,-5.998345676910435e-25
ENGINEERING_SAMPLE,spread_bps,Q4,250,1000,1389,100.0,-10.052158894733862,-10.052710962509032,0.0,-10.052724309097911,-10.05269956764737,-8.017706678459751,-12.122929329883672,10.055108647814286,9.389706349856239e-05
ENGINEERING_SAMPLE,spread_bps,Q4,250,500,1389,100.0,-10.052138890394962,-10.052710962509032,0.0,-10.052724309097911,-10.05269956764737,-8.017706678459751,-12.122929329883672,10.05508863204317,7.388129238052256e-05
ENGINEERING_SAMPLE,spread_bps,Q4,3000,100,1389,100.0,-10.016346558847086,-10.052710962509032,0.0,-10.579967400077017,-9.314692433056788,-8.017706678459751,-12.122929329883672,10.053989439053852,-7.630893464841769e-25
ENGINEERING_SAMPLE,spread_bps,Q4,3000,1000,1389,100.0,-10.016346558847086,-10.052710962509032,0.0,-10.579967400077017,-9.314692433056788,-8.017706678459751,-12.122929329883672,10.053989439053852,-7.630893464841769e-25
ENGINEERING_SAMPLE,spread_bps,Q4,3000,500,1389,100.0,-10.016346558847086,-10.052710962509032,0.0,-10.579967400077017,-9.314692433056788,-8.017706678459751,-12.122929329883672,10.053989439053852,0.0
ENGINEERING_SAMPLE,spread_bps,Q4,30000,100,1389,96.4722822174226,-9.808427053282974,-9.947297375678227,0.0,-12.74108569650495,-7.206525235586633,-8.017706678459751,-12.122929329883672,10.058444627479624,-4.526615306618574e-25
ENGINEERING_SAMPLE,spread_bps,Q4,30000,1000,1389,96.4722822174226,-9.808427053282974,-9.947297375678227,0.0,-12.74108569650495,-7.206525235586633,-8.017706678459751,-12.122929329883672,10.058444627479624,-4.526615306618574e-25
ENGINEERING_SAMPLE,spread_bps,Q4,30000,500,1389,96.4722822174226,-9.808427053282974,-9.947297375678227,0.0,-12.74108569650495,-7.206525235586633,-8.017706678459751,-12.122929329883672,10.058444627479624,0.0
ENGINEERING_SAMPLE,spread_bps,Q4,500,100,1389,100.0,-10.047206786958991,-10.052710962509032,0.0,-10.052726534186524,-10.05269928978546,-8.017706678459751,-12.122929329883672,10.05364908013219,-5.770520794559871e-25
ENGINEERING_SAMPLE,spread_bps,Q4,500,1000,1389,100.0,-10.047206786958991,-10.052710962509032,0.0,-10.052726534186524,-10.05269928978546,-8.017706678459751,-12.122929329883672,10.05364908013219,-5.770520794559871e-25
ENGINEERING_SAMPLE,spread_bps,Q4,500,500,1389,100.0,-10.047206786958991,-10.052710962509032,0.0,-10.052726534186524,-10.05269928978546,-8.017706678459751,-12.122929329883672,10.05364908013219,0.0
ENGINEERING_SAMPLE,spread_bps,Q4,5000,100,1389,100.0,-9.9923157778788,-10.052710962509032,0.0,-10.896095814193876,-8.840585059265196,-8.017706678459751,-12.122929329883672,10.056210596673296,-6.453655805645973e-25
ENGINEERING_SAMPLE,spread_bps,Q4,5000,1000,1389,100.0,-9.9923157778788,-10.052710962509032,0.0,-10.896095814193876,-8.840585059265196,-8.017706678459751,-12.122929329883672,10.056210596673296,-6.453655805645973e-25
ENGINEERING_SAMPLE,spread_bps,Q4,5000,500,1389,100.0,-9.9923157778788,-10.052710962509032,0.0,-10.896095814193876,-8.840585059265196,-8.017706678459751,-12.122929329883672,10.056210596673296,0.0
ENGINEERING_SAMPLE,spread_bps,Q4,60000,100,1389,87.83297336213103,-10.043629299479974,-9.314692433056788,0.0,-14.059386356803401,-5.835109132530883,-8.017706678459751,-12.122929329883672,10.060920950361595,3.4661604777089775e-05
ENGINEERING_SAMPLE,spread_bps,Q4,60000,1000,1389,87.83297336213103,-10.043859588080887,-9.314692433056788,0.0,-14.059386356803401,-5.835109132530883,-8.017706678459751,-12.122929329883672,10.061151536399484,0.0002652476426661058
ENGINEERING_SAMPLE,spread_bps,Q4,60000,500,1389,87.83297336213103,-10.043791843389489,-9.314692433056788,0.0,-14.059386356803401,-5.835109132530883,-8.017706678459751,-12.122929329883672,10.06108370951997,0.0001974207631521211
ENGINEERING_SAMPLE,spread_bps,Q5,1000,100,1435,100.0,-10.048386351740582,-10.05275074415757,0.0,-10.0527861253126,-9.841788682231895,-6.965507896289248,-12.519792344060816,10.050169794194622,0.0001309851709900284
ENGINEERING_SAMPLE,spread_bps,Q5,1000,1000,1435,100.0,-10.048918137168215,-10.05275074415757,0.0,-10.0527861253126,-9.841788682231895,-6.966040066808036,-12.520324159637374,10.050701792662867,0.0006629836392370899
ENGINEERING_SAMPLE,spread_bps,Q5,1000,500,1435,100.0,-10.048714355491109,-10.05275074415757,0.0,-10.0527861253126,-9.841788682231895,-6.965836132475169,-12.520120356678442,10.050497925346152,0.0004591163225214067
ENGINEERING_SAMPLE,spread_bps,Q5,15000,100,1435,100.0,-9.916299585796954,-9.894442244224422,0.0,-12.267336656906966,-7.413343262613619,-6.965507896289248,-12.519792344060816,10.050537512308626,0.0001309851709900284
ENGINEERING_SAMPLE,spread_bps,Q5,15000,1000,1435,100.0,-9.91684415005747,-9.894442244224422,0.0,-12.267336656906966,-7.413343262613619,-6.966040066808036,-12.520324159637374,10.051082355789479,0.0006758286518426654
ENGINEERING_SAMPLE,spread_bps,Q5,15000,500,1435,100.0,-9.916627549345264,-9.894442244224422,0.0,-12.267336656906966,-7.413343262613619,-6.965836132475169,-12.520120356678442,10.050865643460158,0.0004591163225214067
ENGINEERING_SAMPLE,spread_bps,Q5,250,100,1435,100.0,-10.047992684963686,-10.05275074415757,0.0,-10.052779435294367,-10.052732097729804,-6.965507896289248,-12.519792344060816,10.049213030713075,0.0001309851709900284
ENGINEERING_SAMPLE,spread_bps,Q5,250,1000,1435,100.0,-10.048537298132434,-10.05275074415757,0.0,-10.052779435294367,-10.052732097729804,-6.966040066808036,-12.520324159637374,10.049757898981925,0.0006758534398399722
ENGINEERING_SAMPLE,spread_bps,Q5,250,500,1435,100.0,-10.048320665105617,-10.05275074415757,0.0,-10.052779435294367,-10.052732097729804,-6.965836132475169,-12.520120356678442,10.049541161864607,0.0004591163225214067
ENGINEERING_SAMPLE,spread_bps,Q5,3000,100,1435,100.0,-10.039124345436054,-10.05275074415757,0.0,-10.897174598313525,-9.103535420150997,-6.965507896289248,-12.519792344060816,10.047900388139029,0.00016050990701708254
ENGINEERING_SAMPLE,spread_bps,Q5,3000,1000,1435,100.0,-10.039851997086618,-10.05275074415757,0.0,-10.897174598313525,-9.103535420150997,-6.966040066808036,-12.520324159637374,10.048628445130694,0.0008885668986815225
ENGINEERING_SAMPLE,spread_bps,Q5,3000,500,1435,100.0,-10.039590592884633,-10.05275074415757,0.0,-10.897174598313525,-9.103535420150997,-6.965836132475169,-12.520120356678442,10.048366899049402,0.000627020817389661
ENGINEERING_SAMPLE,spread_bps,Q5,30000,100,1435,100.0,-9.722973659378683,-9.472361676406464,0.0,-13.48221072635135,-5.883204047039441,-6.965507896289248,-12.519792344060816,10.048969088640932,0.0001604714979083845
ENGINEERING_SAMPLE,spread_bps,Q5,30000,1000,1435,100.0,-9.72370131719503,-9.472361676406464,0.0,-13.48221072635135,-5.883204047039441,-6.966040066808036,-12.520324159637374,10.04969716770874,0.000888550565714697
ENGINEERING_SAMPLE,spread_bps,Q5,30000,500,1435,100.0,-9.723439881043916,-9.472361676406464,0.0,-13.48221072635135,-5.883204047039441,-6.965836132475169,-12.520120356678442,10.049435595379283,0.0006269782362570871
ENGINEERING_SAMPLE,spread_bps,Q5,500,100,1435,100.0,-10.052796807213072,-10.05275074415757,0.0,-10.052779435294367,-10.052728759462953,-6.965507896289248,-12.519792344060816,10.054266477877311,0.00016051844237457099
ENGINEERING_SAMPLE,spread_bps,Q5,500,1000,1435,100.0,-10.053524532831185,-10.05275074415757,0.0,-10.052779435294367,-10.052728759462953,-6.966040066808036,-12.520324159637374,10.054994536022454,0.0008885765875179364
ENGINEERING_SAMPLE,spread_bps,Q5,500,500,1435,100.0,-10.053263108104725,-10.05275074415757,0.0,-10.052779435294367,-10.052728759462953,-6.965836132475169,-12.520120356678442,10.054732989714799,0.0006270302798635662
ENGINEERING_SAMPLE,spread_bps,Q5,5000,100,1435,100.0,-10.03854685367988,-10.052743784993218,0.0,-11.319165448027917,-8.807580700035084,-6.965507896289248,-12.519792344060816,10.054560298014849,0.00016050990701708254
ENGINEERING_SAMPLE,spread_bps,Q5,5000,1000,1435,100.0,-10.039261624211543,-10.052743784993218,0.0,-11.319165448027917,-8.807580700035084,-6.966040066808036,-12.520324159637374,10.05527549016351,0.0008757020556781015
ENGINEERING_SAMPLE,spread_bps,Q5,5000,500,1435,100.0,-10.039013085914489,-10.052743784993218,0.0,-11.319165448027917,-8.807580700035084,-6.965836132475169,-12.520120356678442,10.055026808925222,0.000627020817389661
ENGINEERING_SAMPLE,spread_bps,Q5,60000,100,1435,100.0,-8.951875087309736,-8.154025972655363,0.0,-14.535678291199021,-3.8817209407865922,-6.965507896289248,-12.519792344060816,10.04799815467527,0.0001309851709900284
ENGINEERING_SAMPLE,spread_bps,Q5,60000,1000,1435,100.0,-8.952406803391092,-8.154025972655363,0.0,-14.535678291199021,-3.8817209407865922,-6.966040066808036,-12.520324159637374,10.048530153143517,0.0006629836392370899
ENGINEERING_SAMPLE,spread_bps,Q5,60000,500,1435,100.0,-8.952203035845823,-8.154025972655363,0.0,-14.535678291199021,-3.8817209407865922,-6.965836132475169,-12.520120356678442,10.048326285826802,0.0004591163225214067
ENGINEERING_SAMPLE,volatility_1s_bps,Q1,1000,100,6027,99.93363198938111,-10.05732287652701,-10.052677903213905,0.0,-10.05277302582948,-10.052616063297203,-8.171598515587261,-12.317098013665307,10.05398018403422,2.577583797077425e-05
ENGINEERING_SAMPLE,volatility_1s_bps,Q1,1000,1000,6027,99.93363198938111,-10.057497022694635,-10.052677903213905,0.0,-10.05277302582948,-10.052616063297203,-8.171717069267027,-12.317231078076738,10.054154411392085,0.00020000319583630217
ENGINEERING_SAMPLE,volatility_1s_bps,Q1,1000,500,6027,99.93363198938111,-10.057447628268706,-10.052677903213905,0.0,-10.05277302582948,-10.052616063297203,-8.17167979976675,-12.317190380487094,10.054104994179967,0.00015058598371952474
ENGINEERING_SAMPLE,volatility_1s_bps,Q1,15000,100,6027,99.12062385929981,-10.110558671409589,-10.052669020393108,0.0,-11.894248081114375,-8.156409418609554,-8.171598515587261,-12.317098013665307,10.05195789317986,1.8237650818772133e-05
ENGINEERING_SAMPLE,volatility_1s_bps,Q1,15000,1000,6027,99.12062385929981,-10.1107080249845,-10.052669020393108,0.0,-11.894248081114375,-8.156409418609554,-8.171717069267027,-12.317231078076738,10.052107338414151,0.0001676828851093109
ENGINEERING_SAMPLE,volatility_1s_bps,Q1,15000,500,6027,99.12062385929981,-10.110662175301849,-10.052669020393108,0.0,-11.894248081114375,-8.156409418609554,-8.17167979976675,-12.317190380487094,10.052061459732705,0.00012180420366408901
ENGINEERING_SAMPLE,volatility_1s_bps,Q1,250,100,6027,99.96681599469056,-10.054480060886926,-10.052679013777183,0.0,-10.052752136210819,-10.052619941352061,-8.171598515587261,-12.317098013665307,10.053365849532002,2.10142145328598e-05
ENGINEERING_SAMPLE,volatility_1s_bps,Q1,250,1000,6027,99.96681599469056,-10.054645529137073,-10.052679013777183,0.0,-10.052752136210819,-10.052619941352061,-8.171717069267027,-12.317231078076738,10.053531398584791,0.00018656326732290721
ENGINEERING_SAMPLE,volatility_1s_bps,Q1,250,500,6027,99.96681599469056,-10.054600250087411,-10.052679013777183,0.0,-10.052752136210819,-10.052619941352061,-8.17167979976675,-12.317190380487094,10.053486097556007,0.00014126223853810015
ENGINEERING_SAMPLE,volatility_1s_bps,Q1,3000,100,6027,99.80089596814335,-10.064824196196838,-10.052675959840839,0.0,-10.737428460006113,-9.472578849330104,-8.171598515587261,-12.317098013665307,10.052372812892893,2.8434524758068463e-05
ENGINEERING_SAMPLE,volatility_1s_bps,Q1,3000,1000,6027,99.80089596814335,-10.065028741508693,-10.052675959840839,0.0,-10.737428460006113,-9.472578849330104,-8.171717069267027,-12.317231078076738,10.05257748676249,0.0002331083943544844
ENGINEERING_SAMPLE,volatility_1s_bps,Q1,3000,500,6027,99.80089596814335,-10.064970804346885,-10.052675959840839,0.0,-10.737428460006113,-9.472578849330104,-8.17167979976675,-12.317190380487094,10.052519512720732,0.0001751343525982879
ENGINEERING_SAMPLE,volatility_1s_bps,Q1,30000,100,6027,98.30761572921851,-10.17333706869985,-10.052692066404129,0.0,-13.002339834630607,-7.364868783911331,-8.171598515587261,-12.317098013665307,10.053943285364642,3.001733629503452e-05
ENGINEERING_SAMPLE,volatility_1s_bps,Q1,30000,1000,6027,98.30761572921851,-10.173552730635198,-10.052692066404129,0.0,-13.002339834630607,-7.364868783911331,-8.171717069267027,-12.317231078076738,10.054159086326315,0.0002458182979692345
ENGINEERING_SAMPLE,volatility_1s_bps,Q1,30000,500,6027,98.30761572921851,-10.173486365264829,-10.052692066404129,0.0,-13.002339834630607,-7.364868783911331,-8.17167979976675,-12.317190380487094,10.054092679688877,0.0001794116605304411
ENGINEERING_SAMPLE,volatility_1s_bps,Q1,500,100,6027,99.95022399203584,-10.055090442881442,-10.052677903213905,0.0,-10.052757426683275,-10.052618002253178,-8.171598515587261,-12.317098013665307,10.053738235036262,2.8393469716034088e-05
ENGINEERING_SAMPLE,volatility_1s_bps,Q1,500,1000,6027,99.95022399203584,-10.055270011611038,-10.052677903213905,0.0,-10.052757426683275,-10.052618002253178,-8.171717069267027,-12.317231078076738,10.053917888694924,0.00020804712837645418
ENGINEERING_SAMPLE,volatility_1s_bps,Q1,500,500,6027,99.95022399203584,-10.055219829651778,-10.052677903213905,0.0,-10.052757426683275,-10.052618002253178,-8.17167979976675,-12.317190380487094,10.053867683196058,0.00015784162951129702
ENGINEERING_SAMPLE,volatility_1s_bps,Q1,5000,100,6027,99.73452795752448,-10.07839522269374,-10.052674016611155,0.0,-11.053496988126419,-9.210663479661784,-8.171598515587261,-12.317098013665307,10.054952374518095,1.7784034200131924e-05
ENGINEERING_SAMPLE,volatility_1s_bps,Q1,5000,1000,6027,99.73452795752448,-10.078530710580281,-10.052674016611155,0.0,-11.053496988126419,-9.210663479661784,-8.171717069267027,-12.317231078076738,10.055087944443015,0.00015335395912100777
ENGINEERING_SAMPLE,volatility_1s_bps,Q1,5000,500,6027,99.73452795752448,-10.078487790635002,-10.052674016611155,0.0,-11.053496988126419,-9.210663479661784,-8.17167979976675,-12.317190380487094,10.055044997687187,0.00011040720329208129
ENGINEERING_SAMPLE,volatility_1s_bps,Q1,60000,100,6027,96.36635141861623,-10.342940125528234,-10.105400802501357,0.0,-15.372183462259976,-6.09745416172009,-8.171598515587261,-12.317098013665307,10.053318908912196,2.757800254992287e-05
ENGINEERING_SAMPLE,volatility_1s_bps,Q1,60000,1000,6027,96.36635141861623,-10.343139607443579,-10.105400802501357,0.0,-15.372183462259976,-6.09745416172009,-8.171717069267027,-12.317231078076738,10.053518547112326,0.0002272162026803479
ENGINEERING_SAMPLE,volatility_1s_bps,Q1,60000,500,6027,96.36635141861623,-10.343080868616715,-10.105400802501357,0.0,-15.372183462259976,-6.09745416172009,-8.17167979976675,-12.317190380487094,10.053459765396449,0.00016843448680111599
ENGINEERING_SAMPLE,volatility_1s_bps,Q5,1000,100,1165,100.0,-10.052499974350361,-10.05268234574799,0.0,-10.105237666556112,-9.736538830053291,-8.069125485468316,-12.64882512822815,10.052131111971368,0.00013376211125568598
ENGINEERING_SAMPLE,volatility_1s_bps,Q5,1000,1000,1165,100.0,-10.053035279523982,-10.05268234574799,0.0,-10.105237666556112,-9.736635174609615,-8.069980514381323,-12.649360538520758,10.052666657024997,0.0006693071648854289
ENGINEERING_SAMPLE,volatility_1s_bps,Q5,1000,500,1165,100.0,-10.052739138243984,-10.05268234574799,0.0,-10.105237666556112,-9.736538830053291,-8.069549234146548,-12.649064352849368,10.0523703787058,0.00037302884568877174
ENGINEERING_SAMPLE,volatility_1s_bps,Q5,15000,100,1165,99.31330472103004,-10.145431647220759,-10.052618002253178,0.0,-12.52897920455444,-8.050876490244237,-8.069125485468316,-12.64882512822815,10.054264814018081,0.00017647319787380964
ENGINEERING_SAMPLE,volatility_1s_bps,Q5,15000,1000,1165,99.31330472103004,-10.146080670887617,-10.052618002253178,0.0,-12.52897920455444,-8.050876490244237,-8.069980514381323,-12.649360538520758,10.05491413816606,0.0008257973458525743
ENGINEERING_SAMPLE,volatility_1s_bps,Q5,15000,500,1165,99.31330472103004,-10.145752249920875,-10.052618002253178,0.0,-12.52897920455444,-8.050876490244237,-8.069549234146548,-12.649064352849368,10.054585560353463,0.0004972195332561926
ENGINEERING_SAMPLE,volatility_1s_bps,Q5,250,100,1165,100.0,-10.047419653766331,-10.05268567814032,0.0,-10.052766617921117,-10.052619110292182,-8.069125485468316,-12.64882512822815,10.047950730874787,0.00015834353260295864
ENGINEERING_SAMPLE,volatility_1s_bps,Q5,250,1000,1165,100.0,-10.048015333703496,-10.05268567814032,0.0,-10.052767955117826,-10.052619110292182,-8.069980514381323,-12.649360538520758,10.04854671069315,0.0007543233509656293
ENGINEERING_SAMPLE,volatility_1s_bps,Q5,250,500,1165,100.0,-10.0476821703887,-10.05268567814032,0.0,-10.052767955117826,-10.052619110292182,-8.069549234146548,-12.649064352849368,10.048213377263226,0.00042098992103999474
ENGINEERING_SAMPLE,volatility_1s_bps,Q5,3000,100,1165,99.91416309012875,-10.05106731771519,-10.052676515075655,0.0,-10.896095814193876,-9.157530963055057,-8.069125485468316,-12.64882512822815,10.049204724331664,0.0001584794580329615
ENGINEERING_SAMPLE,volatility_1s_bps,Q5,3000,1000,1165,99.91416309012875,-10.051647708442077,-10.052676515075655,0.0,-10.896095814193876,-9.167669084001652,-8.069980514381323,-12.649360538520758,10.049785350036856,0.0007391051632242757
ENGINEERING_SAMPLE,volatility_1s_bps,Q5,3000,500,1165,99.91416309012875,-10.051330090717057,-10.052676515075655,0.0,-10.896095814193876,-9.162511242596873,-8.069549234146548,-12.649064352849368,10.049467596246467,0.0004213513728333877
ENGINEERING_SAMPLE,volatility_1s_bps,Q5,30000,100,1165,98.36909871244636,-10.27272666733472,-10.052674016611155,0.0,-13.427188174362973,-7.0881697583579495,-8.069125485468316,-12.64882512822815,10.051082225648603,0.000153174157169035
ENGINEERING_SAMPLE,volatility_1s_bps,Q5,30000,1000,1165,98.36909871244636,-10.273336606418681,-10.052674016611155,0.0,-13.427188174362973,-7.097483579378657,-8.069980514381323,-12.649360538520758,10.051692461745754,0.0007634102543190789
ENGINEERING_SAMPLE,volatility_1s_bps,Q5,30000,500,1165,98.36909871244636,-10.273026611025745,-10.052674016611155,0.0,-13.427188174362973,-7.097483579378657,-8.069549234146548,-12.649064352849368,10.051382280965802,0.0004532294743685051
ENGINEERING_SAMPLE,volatility_1s_bps,Q5,500,100,1165,100.0,-10.052094961135774,-10.052683734193563,0.0,-10.052778041799998,-10.052609416532885,-8.069125485468316,-12.64882512822815,10.055801478477141,0.00013376211125568598
ENGINEERING_SAMPLE,volatility_1s_bps,Q5,500,1000,1165,100.0,-10.052666072486474,-10.052683734193563,0.0,-10.052778041799998,-10.052609416532885,-8.069980514381323,-12.649360538520758,10.056372860351502,0.0007051439856159774
ENGINEERING_SAMPLE,volatility_1s_bps,Q5,500,500,1165,100.0,-10.05233411800545,-10.052683734193563,0.0,-10.052778041799998,-10.052609416532885,-8.069549234146548,-12.649064352849368,10.056040745211575,0.00037302884568877174
ENGINEERING_SAMPLE,volatility_1s_bps,Q5,5000,100,1165,99.65665236051503,-10.039263625243906,-10.052674849406321,0.0,-11.106055256654143,-8.946114224558332,-8.069125485468316,-12.64882512822815,10.056077293273834,0.00017071563808070358
ENGINEERING_SAMPLE,volatility_1s_bps,Q5,5000,1000,1165,99.65665236051503,-10.04002706161856,-10.052674849406321,0.0,-11.106055256654143,-8.946114224558332,-8.069980514381323,-12.649360538520758,10.056841111464077,0.0009345338283241831
ENGINEERING_SAMPLE,volatility_1s_bps,Q5,5000,500,1165,99.65665236051503,-10.039674541936744,-10.052674849406321,0.0,-11.106055256654143,-8.946114224558332,-8.069549234146548,-12.649064352849368,10.056488422214017,0.0005818445782630181
ENGINEERING_SAMPLE,volatility_1s_bps,Q5,60000,100,1165,98.11158798283262,-10.588931070148305,-10.631429323506186,0.0,-15.747647033996666,-5.942133291152589,-8.069125485468316,-12.64882512822815,10.054985201479779,0.00013633671007250582
ENGINEERING_SAMPLE,volatility_1s_bps,Q5,60000,1000,1165,98.11158798283262,-10.589492750517868,-10.631429323506186,0.0,-15.747647033996666,-5.942133291152589,-8.069980514381323,-12.649360538520758,10.05554714898064,0.0006982842109330715
ENGINEERING_SAMPLE,volatility_1s_bps,Q5,60000,500,1165,98.11158798283262,-10.589174860939012,-10.631429323506186,0.0,-15.747647033996666,-5.942133291152589,-8.069549234146548,-12.649064352849368,10.055229073523188,0.00038020875347980675
ENGINEERING_SAMPLE,volatility_30s_bps,Q1,1000,100,1441,100.0,-10.0529492432937,-10.052669297935912,0.0,-10.05277302582948,-10.052615509336029,-8.446792397465485,-12.028274116490445,10.05303877232573,1.225197392578281e-05
ENGINEERING_SAMPLE,volatility_30s_bps,Q1,1000,1000,1441,100.0,-10.053002897203612,-10.052669297935912,0.0,-10.05277302582948,-10.052615509336029,-8.446813008315411,-12.028274116490445,10.053092456044013,6.59356922090701e-05
ENGINEERING_SAMPLE,volatility_30s_bps,Q1,1000,500,1441,100.0,-10.052995752982309,-10.052669297935912,0.0,-10.05277302582948,-10.052615509336029,-8.446810718220975,-12.028274116490445,10.053085307853612,5.878750180903164e-05
ENGINEERING_SAMPLE,volatility_30s_bps,Q1,15000,100,1441,100.0,-9.907499639003651,-10.052615509336029,0.0,-11.844922606333887,-7.680705418261979,-8.446792397465485,-12.028274116490445,10.050104806730328,-1.4035439561489384e-24
ENGINEERING_SAMPLE,volatility_30s_bps,Q1,15000,1000,1441,100.0,-9.907499639003651,-10.052615509336029,0.0,-11.844922606333887,-7.680705418261979,-8.446813008315411,-12.028274116490445,10.050104806730328,-1.4035439561489384e-24
ENGINEERING_SAMPLE,volatility_30s_bps,Q1,15000,500,1441,100.0,-9.907499639003651,-10.052615509336029,0.0,-11.844922606333887,-7.680705418261979,-8.446810718220975,-12.028274116490445,10.050104806730328,0.0
ENGINEERING_SAMPLE,volatility_30s_bps,Q1,250,100,1441,100.0,-10.053484019369481,-10.052669297935912,0.0,-10.052733210579353,-10.052616617270042,-8.446792397465485,-12.028274116490445,10.052674841825171,1.225197392578281e-05
ENGINEERING_SAMPLE,volatility_30s_bps,Q1,250,1000,1441,100.0,-10.053537673279392,-10.052669297935912,0.0,-10.052733210579353,-10.052616617270042,-8.446813008315411,-12.028274116490445,10.052728525543454,6.59356922090701e-05
ENGINEERING_SAMPLE,volatility_30s_bps,Q1,250,500,1441,100.0,-10.05353052905809,-10.052669297935912,0.0,-10.052733210579353,-10.052616617270042,-8.446810718220975,-12.028274116490445,10.052721377353055,5.878750180903164e-05
ENGINEERING_SAMPLE,volatility_30s_bps,Q1,3000,100,1441,100.0,-10.046483879009434,-10.052669020393108,0.0,-10.7905393648266,-9.367521818229758,-8.446792397465485,-12.028274116490445,10.052848505209596,-1.1036452395411781e-24
ENGINEERING_SAMPLE,volatility_30s_bps,Q1,3000,1000,1441,100.0,-10.046483879009434,-10.052669020393108,0.0,-10.7905393648266,-9.367521818229758,-8.446813008315411,-12.028274116490445,10.052848505209596,-1.1036452395411781e-24
ENGINEERING_SAMPLE,volatility_30s_bps,Q1,3000,500,1441,100.0,-10.046483879009434,-10.052669020393108,0.0,-10.7905393648266,-9.367521818229758,-8.446810718220975,-12.028274116490445,10.052848505209596,0.0
ENGINEERING_SAMPLE,volatility_30s_bps,Q1,30000,100,1441,96.66897987508675,-10.020862242760751,-10.157846528008086,0.0,-11.894248081114375,-7.052569496737774,-8.446792397465485,-12.028274116490445,10.056365928994339,3.470547978900614e-05
ENGINEERING_SAMPLE,volatility_30s_bps,Q1,30000,1000,1441,96.66897987508675,-10.020953611806029,-10.157846528008086,0.0,-11.894248081114375,-7.052569496737774,-8.446813008315411,-12.028274116490445,10.056457356843788,0.00012613332923798188
ENGINEERING_SAMPLE,volatility_30s_bps,Q1,30000,500,1441,96.66897987508675,-10.020928498806823,-10.157846528008086,0.0,-11.894248081114375,-7.052569496737774,-8.446810718220975,-12.028274116490445,10.056432230324232,0.00010100680968212919
ENGINEERING_SAMPLE,volatility_30s_bps,Q1,500,100,1441,100.0,-10.052364340715032,-10.052669297935912,0.0,-10.052733210579353,-10.052615509336029,-8.446792397465485,-12.028274116490445,10.051926312657008,-1.0818211817494005e-24
ENGINEERING_SAMPLE,volatility_30s_bps,Q1,500,1000,1441,100.0,-10.052364340715032,-10.052669297935912,0.0,-10.052733210579353,-10.052615509336029,-8.446813008315411,-12.028274116490445,10.051926312657008,-1.0818211817494005e-24
ENGINEERING_SAMPLE,volatility_30s_bps,Q1,500,500,1441,100.0,-10.052364340715032,-10.052669297935912,0.0,-10.052733210579353,-10.052615509336029,-8.446810718220975,-12.028274116490445,10.051926312657008,0.0
ENGINEERING_SAMPLE,volatility_30s_bps,Q1,5000,100,1441,100.0,-10.041922109384119,-10.052669020393108,0.0,-11.053480332223112,-9.051952637153592,-8.446792397465485,-12.028274116490445,10.053553414925846,1.225197392578281e-05
ENGINEERING_SAMPLE,volatility_30s_bps,Q1,5000,1000,1441,100.0,-10.041975763294031,-10.052669020393108,0.0,-11.053480332223112,-9.051952637153592,-8.446813008315411,-12.028274116490445,10.053607098644129,6.59356922090701e-05
ENGINEERING_SAMPLE,volatility_30s_bps,Q1,5000,500,1441,100.0,-10.041968619072728,-10.052669020393108,0.0,-11.053480332223112,-9.051952637153592,-8.446810718220975,-12.028274116490445,10.053599950453728,5.878750180903164e-05
ENGINEERING_SAMPLE,volatility_30s_bps,Q1,60000,100,1441,95.76682859125607,-10.632332814702892,-11.263367720838607,0.0,-13.322192266499243,-6.5788032459701835,-8.446792397465485,-12.028274116490445,10.057245891128584,-4.956368477560635e-25
ENGINEERING_SAMPLE,volatility_30s_bps,Q1,60000,1000,1441,95.76682859125607,-10.632332814702892,-11.263367720838607,0.0,-13.322192266499243,-6.5788032459701835,-8.446813008315411,-12.028274116490445,10.057245891128584,-4.956368477560635e-25
ENGINEERING_SAMPLE,volatility_30s_bps,Q1,60000,500,1441,95.76682859125607,-10.632332814702892,-11.263367720838607,0.0,-13.322192266499243,-6.5788032459701835,-8.446810718220975,-12.028274116490445,10.057245891128584,0.0
ENGINEERING_SAMPLE,volatility_30s_bps,Q2,1000,100,1465,100.0,-10.053747481037586,-10.052674016611155,0.0,-10.052754642091818,-10.052618833278055,-8.259500827981068,-12.138853070906917,10.05361718225838,2.3067341514524408e-05
ENGINEERING_SAMPLE,volatility_30s_bps,Q2,1000,1000,1465,100.0,-10.053890715336566,-10.052674016611155,0.0,-10.052754642091818,-10.052618833278055,-8.259644195209477,-12.139049157723047,10.053760481760193,0.00016636684332838262
ENGINEERING_SAMPLE,volatility_30s_bps,Q2,1000,500,1465,100.0,-10.05382060935506,-10.052674016611155,0.0,-10.052754642091818,-10.052618833278055,-8.259574024165708,-12.1389719917381,10.053690343222787,9.622830592147922e-05
ENGINEERING_SAMPLE,volatility_30s_bps,Q2,15000,100,1465,97.47440273037543,-10.225940203060922,-10.05268317880655,0.0,-11.921286259178478,-8.630237351029681,-8.259500827981068,-12.138853070906917,10.053362656464607,2.3665024733037996e-05
ENGINEERING_SAMPLE,volatility_30s_bps,Q2,15000,1000,1465,97.47440273037543,-10.226087162575572,-10.05268317880655,0.0,-11.921286259178478,-8.66972566131241,-8.259644195209477,-12.139049157723047,10.053509668908694,0.00017067746882078468
ENGINEERING_SAMPLE,volatility_30s_bps,Q2,15000,500,1465,97.47440273037543,-10.226015233288459,-10.05268317880655,0.0,-11.921286259178478,-8.630237351029681,-8.259574024165708,-12.1389719917381,10.053437713056242,9.872161636902455e-05
ENGINEERING_SAMPLE,volatility_30s_bps,Q2,250,100,1465,100.0,-10.054075665944945,-10.052674016611155,0.0,-10.05274211506699,-10.052619941352061,-8.259500827981068,-12.138853070906917,10.055507856439979,2.3067341514524408e-05
ENGINEERING_SAMPLE,volatility_30s_bps,Q2,250,1000,1465,100.0,-10.054218895337046,-10.052674016611155,0.0,-10.05274211506699,-10.052619941352061,-8.259644195209477,-12.139049157723047,10.055651155941794,0.00016636684332838262
ENGINEERING_SAMPLE,volatility_30s_bps,Q2,250,500,1465,100.0,-10.05414879078808,-10.052674016611155,0.0,-10.05274211506699,-10.052619941352061,-8.259574024165708,-12.1389719917381,10.055581017404386,9.622830592147922e-05
ENGINEERING_SAMPLE,volatility_30s_bps,Q2,3000,100,1465,100.0,-10.090751496636505,-10.052677903213905,0.0,-10.527521362108185,-9.789338349588741,-8.259500827981068,-12.138853070906917,10.054282310934285,2.3067341514524408e-05
ENGINEERING_SAMPLE,volatility_30s_bps,Q2,3000,1000,1465,100.0,-10.090894744545666,-10.052677903213905,0.0,-10.527521362108185,-9.789338349588741,-8.259644195209477,-12.139049157723047,10.054425610436098,0.00016636684332838262
ENGINEERING_SAMPLE,volatility_30s_bps,Q2,3000,500,1465,100.0,-10.090824631902665,-10.052677903213905,0.0,-10.527521362108185,-9.789338349588741,-8.259574024165708,-12.1389719917381,10.054355471898692,9.622830592147922e-05
ENGINEERING_SAMPLE,volatility_30s_bps,Q2,30000,100,1465,96.65529010238907,-10.128176147845268,-10.15810620560925,0.0,-13.52905393137333,-7.097483579378657,-8.259500827981068,-12.138853070906917,10.048679429788336,2.386557579009764e-05
ENGINEERING_SAMPLE,volatility_30s_bps,Q2,30000,1000,1465,96.65529010238907,-10.128324371554408,-10.15810620560925,0.0,-13.52905393137333,-7.097483579378657,-8.259644195209477,-12.139049157723047,10.048827688100594,0.00017212388804807948
ENGINEERING_SAMPLE,volatility_30s_bps,Q2,30000,500,1465,96.65529010238907,-10.128251823507709,-10.15810620560925,0.0,-13.52905393137333,-7.097483579378657,-8.259574024165708,-12.1389719917381,10.048755122452782,9.955824023655866e-05
ENGINEERING_SAMPLE,volatility_30s_bps,Q2,500,100,1465,100.0,-10.05256543540661,-10.052674016611155,0.0,-10.052743784993218,-10.052618833278055,-8.259500827981068,-12.138853070906917,10.05406940901394,2.3067341514524408e-05
ENGINEERING_SAMPLE,volatility_30s_bps,Q2,500,1000,1465,100.0,-10.05270866970559,-10.052674016611155,0.0,-10.052743784993218,-10.052618833278055,-8.259644195209477,-12.139049157723047,10.054212708515754,0.00016636684332838262
ENGINEERING_SAMPLE,volatility_30s_bps,Q2,500,500,1465,100.0,-10.052638563724086,-10.052674016611155,0.0,-10.052743784993218,-10.052618833278055,-8.259574024165708,-12.1389719917381,10.054142569978348,9.622830592147922e-05
ENGINEERING_SAMPLE,volatility_30s_bps,Q2,5000,100,1465,100.0,-10.12498345787908,-10.052677903213905,0.0,-11.001909856866252,-9.526003793866582,-8.259500827981068,-12.138853070906917,10.05422583692781,2.3067341514524408e-05
ENGINEERING_SAMPLE,volatility_30s_bps,Q2,5000,1000,1465,100.0,-10.125126705788242,-10.052677903213905,0.0,-11.001909856866252,-9.526003793866582,-8.259644195209477,-12.139049157723047,10.054369136429623,0.00016636684332838262
ENGINEERING_SAMPLE,volatility_30s_bps,Q2,5000,500,1465,100.0,-10.12505659314524,-10.052677903213905,0.0,-11.001909856866252,-9.526003793866582,-8.259574024165708,-12.1389719917381,10.054298997892216,9.622830592147922e-05
ENGINEERING_SAMPLE,volatility_30s_bps,Q2,60000,100,1465,91.67235494880546,-10.479585677397003,-10.0,0.0,-16.577388786522768,-5.416563443830086,-8.259500827981068,-12.138853070906917,10.055564559258638,2.516281110854673e-05
ENGINEERING_SAMPLE,volatility_30s_bps,Q2,60000,1000,1465,91.67235494880546,-10.479741983511213,-10.0,0.0,-16.577388786522768,-5.416563443830086,-8.259644195209477,-12.139049157723047,10.055720876287795,0.00018147984026513814
ENGINEERING_SAMPLE,volatility_30s_bps,Q2,60000,500,1465,91.67235494880546,-10.479665479533956,-10.0,0.0,-16.577388786522768,-5.416563443830086,-8.259574024165708,-12.1389719917381,10.055644366267467,0.00010496981993668434
ENGINEERING_SAMPLE,volatility_30s_bps,Q3,1000,100,1413,99.7169143665959,-10.041164665254218,-10.05267568222782,0.0,-10.052757426683275,-10.052613016655085,-7.691661798493397,-11.73876989295017,10.054239773563589,2.9658134599436394e-05
ENGINEERING_SAMPLE,volatility_30s_bps,Q3,1000,1000,1413,99.7169143665959,-10.041255243179283,-10.05267568222782,0.0,-10.052757426683275,-10.052613016655085,-7.691994664015434,-11.738867741632577,10.054330393083706,0.00012027765471634554
ENGINEERING_SAMPLE,volatility_30s_bps,Q3,1000,500,1413,99.7169143665959,-10.041225874927811,-10.05267568222782,0.0,-10.052757426683275,-10.052613016655085,-7.6918563446601755,-11.738830997986238,10.054301011270928,9.089584193735155e-05
ENGINEERING_SAMPLE,volatility_30s_bps,Q3,15000,100,1413,98.30148619957536,-9.890326594071917,-10.052627699177018,0.0,-11.63505733478979,-8.206824861618992,-7.691661798493397,-11.73876989295017,10.0571119340037,7.907986524055739e-05
ENGINEERING_SAMPLE,volatility_30s_bps,Q3,15000,1000,1413,98.30148619957536,-9.890531487753696,-10.052627699177018,0.0,-11.63505733478979,-8.206824861618992,-7.691994664015434,-11.738867741632577,10.057316933909672,0.00028407977121209447
ENGINEERING_SAMPLE,volatility_30s_bps,Q3,15000,500,1413,98.30148619957536,-9.89047413595638,-10.052627699177018,0.0,-11.63505733478979,-8.206824861618992,-7.6918563446601755,-11.738830997986238,10.05725955471861,0.00022670058015085504
ENGINEERING_SAMPLE,volatility_30s_bps,Q3,250,100,1413,99.85845718329794,-10.049540199495256,-10.052675959840839,0.0,-10.052752136210819,-10.052618002253178,-7.691661798493397,-11.73876989295017,10.052256110301274,2.9616096137920537e-05
ENGINEERING_SAMPLE,volatility_30s_bps,Q3,250,1000,1413,99.85845718329794,-10.04963064903205,-10.052675959840839,0.0,-10.052752136210819,-10.052618002253178,-7.691994664015434,-11.738867741632577,10.052346601374161,0.00012010716902574831
ENGINEERING_SAMPLE,volatility_30s_bps,Q3,250,500,1413,99.85845718329794,-10.049601322408147,-10.052675959840839,0.0,-10.052752136210819,-10.052618002253178,-7.6918563446601755,-11.738830997986238,10.052317261208175,9.076700304020434e-05
ENGINEERING_SAMPLE,volatility_30s_bps,Q3,3000,100,1413,99.07997169143665,-9.992060996341923,-10.052673461429007,0.0,-10.474398662581281,-9.261583113456464,-7.691661798493397,-11.73876989295017,10.051924944657678,4.392484332124951e-05
ENGINEERING_SAMPLE,volatility_30s_bps,Q3,3000,1000,1413,99.07997169143665,-9.992173360176345,-10.052673461429007,0.0,-10.474398662581281,-9.261583113456464,-7.691994664015434,-11.738867741632577,10.05203736414862,0.0001563443342639067
ENGINEERING_SAMPLE,volatility_30s_bps,Q3,3000,500,1413,99.07997169143665,-9.992141447170892,-10.052673461429007,0.0,-10.474398662581281,-9.261583113456464,-7.6918563446601755,-11.738830997986238,10.052005435962005,0.0001244161476507783
ENGINEERING_SAMPLE,volatility_30s_bps,Q3,30000,100,1413,98.30148619957536,-9.676908878886401,-9.789183944654194,0.0,-12.109751399728761,-7.573785890311925,-7.691661798493397,-11.73876989295017,10.051877200013957,4.2795828709617645e-05
ENGINEERING_SAMPLE,volatility_30s_bps,Q3,30000,1000,1413,98.30148619957536,-9.677069719673831,-9.789183944654194,0.0,-12.109751399728761,-7.573785890311925,-7.691994664015434,-11.738867741632577,10.052038113840995,0.00020370965574783076
ENGINEERING_SAMPLE,volatility_30s_bps,Q3,30000,500,1413,98.30148619957536,-9.677019225319958,-9.789183944654194,0.0,-12.109751399728761,-7.573785890311925,-7.6918563446601755,-11.738830997986238,10.051987597152415,0.00015319296716813745
ENGINEERING_SAMPLE,volatility_30s_bps,Q3,500,100,1413,99.78768577494692,-10.047275734817617,-10.052675959840839,0.0,-10.052752136210819,-10.052616894260836,-7.691661798493397,-11.73876989295017,10.054588408128236,4.361331960975129e-05
ENGINEERING_SAMPLE,volatility_30s_bps,Q3,500,1000,1413,99.78768577494692,-10.047387301745411,-10.052675959840839,0.0,-10.052752136210819,-10.052616894260836,-7.691994664015434,-11.738867741632577,10.054700030317825,0.00015523550919820523
ENGINEERING_SAMPLE,volatility_30s_bps,Q3,500,500,1413,99.78768577494692,-10.04735561507333,-10.052675959840839,0.0,-10.052752136210819,-10.052616894260836,-7.6918563446601755,-11.738830997986238,10.054668328572252,0.00012353376362488625
ENGINEERING_SAMPLE,volatility_30s_bps,Q3,5000,100,1413,98.58457183297948,-9.939575379886492,-10.052667355197707,0.0,-10.527504657557381,-8.789690374278058,-7.691661798493397,-11.73876989295017,10.05376000356538,2.999878797602719e-05
ENGINEERING_SAMPLE,volatility_30s_bps,Q3,5000,1000,1413,98.58457183297948,-9.939666998189734,-10.052667355197707,0.0,-10.527504657557381,-8.789690374278058,-7.691994664015434,-11.738867741632577,10.053851663941435,0.00012165916403110616
ENGINEERING_SAMPLE,volatility_30s_bps,Q3,5000,500,1413,98.58457183297948,-9.939637292614481,-10.052667355197707,0.0,-10.527504657557381,-8.789690374278058,-7.6918563446601755,-11.738830997986238,10.053821944649112,9.193987170834769e-05
ENGINEERING_SAMPLE,volatility_30s_bps,Q3,60000,100,1413,95.89525831564048,-9.161612259571685,-8.78849761794342,0.0,-14.275152729986129,-5.944827331836911,-7.691661798493397,-11.73876989295017,10.054119755483788,5.197745939672946e-05
ENGINEERING_SAMPLE,volatility_30s_bps,Q3,60000,1000,1413,95.89525831564048,-9.161744778024374,-8.78849761794342,0.0,-14.275152729986129,-5.944827331836911,-7.691994664015434,-11.738867741632577,10.054252317366766,0.00018453934237386556
ENGINEERING_SAMPLE,volatility_30s_bps,Q3,60000,500,1413,95.89525831564048,-9.161696014336362,-8.78849761794342,0.0,-14.275152729986129,-5.944827331836911,-7.6918563446601755,-11.738830997986238,10.05420353794696,0.00013575992256813454
ENGINEERING_SAMPLE,volatility_30s_bps,Q4,1000,100,1440,100.0,-10.079982844966661,-10.052679013777183,0.0,-10.052778041799998,-10.052609416532885,-8.030209619967156,-12.8802839200468,10.053630335592128,4.797356634131124e-05
ENGINEERING_SAMPLE,volatility_30s_bps,Q4,1000,1000,1440,100.0,-10.080185352459996,-10.052679013777183,0.0,-10.052778041799998,-10.052609416532885,-8.030376216986864,-12.880450447679292,10.053832941328464,0.0002505793026760118
ENGINEERING_SAMPLE,volatility_30s_bps,Q4,1000,500,1440,100.0,-10.080143290530842,-10.052679013777183,0.0,-10.052778041799998,-10.052609416532885,-8.03035127877503,-12.880425519614151,10.0537908579459,0.00020849592011386864
ENGINEERING_SAMPLE,volatility_30s_bps,Q4,15000,100,1440,100.0,-10.136064303586041,-10.052691511989511,0.0,-11.73692442178877,-8.104654347780283,-8.030209619967156,-12.8802839200468,10.047389214394748,2.8086601384718888e-05
ENGINEERING_SAMPLE,volatility_30s_bps,Q4,15000,1000,1440,100.0,-10.136230767421464,-10.052691511989511,0.0,-11.73692442178877,-8.104654347780283,-8.030376216986864,-12.880450447679292,10.047555751844026,0.00019462405066105902
ENGINEERING_SAMPLE,volatility_30s_bps,Q4,15000,500,1440,100.0,-10.136205848980776,-10.052691511989511,0.0,-11.73692442178877,-8.104654347780283,-8.03035127877503,-12.880425519614151,10.047530822051847,0.00016969425848147686
ENGINEERING_SAMPLE,volatility_30s_bps,Q4,250,100,1440,100.0,-10.057115904767171,-10.052680124387287,0.0,-10.052727090488021,-10.052619941352061,-8.030209619967156,-12.8802839200468,10.051800176995402,4.797365407192212e-05
ENGINEERING_SAMPLE,volatility_30s_bps,Q4,250,1000,1440,100.0,-10.057318412452807,-10.052680124387287,0.0,-10.052727090488021,-10.052619941352061,-8.030376216986864,-12.880450447679292,10.052002782734293,0.0002505793929654322
ENGINEERING_SAMPLE,volatility_30s_bps,Q4,250,500,1440,100.0,-10.057276350523654,-10.052680124387287,0.0,-10.052727090488021,-10.052619941352061,-8.03035127877503,-12.880425519614151,10.051960699442022,0.00020849610069270937
ENGINEERING_SAMPLE,volatility_30s_bps,Q4,3000,100,1440,100.0,-10.107748095154191,-10.052677070322176,0.0,-10.84316640831778,-9.630729199653768,-8.030209619967156,-12.8802839200468,10.051376643487172,6.16641677801138e-05
ENGINEERING_SAMPLE,volatility_30s_bps,Q4,3000,1000,1440,100.0,-10.10800294762524,-10.052677070322176,0.0,-10.84316640831778,-9.630729199653768,-8.030376216986864,-12.880450447679292,10.051631619972698,0.0003166406533068973
ENGINEERING_SAMPLE,volatility_30s_bps,Q4,3000,500,1440,100.0,-10.107953736513542,-10.052677070322176,0.0,-10.84316640831778,-9.630729199653768,-8.03035127877503,-12.880425519614151,10.05158238388777,0.00026740456837745096
ENGINEERING_SAMPLE,volatility_30s_bps,Q4,30000,100,1440,100.0,-10.366592768580283,-10.263184226325269,0.0,-13.741452304253155,-7.419979349509551,-8.030209619967156,-12.8802839200468,10.053663614183483,5.747054522349734e-05
ENGINEERING_SAMPLE,volatility_30s_bps,Q4,30000,1000,1440,100.0,-10.36703210795543,-10.263184226325269,0.0,-13.741452304253155,-7.419979349509551,-8.030376216986864,-12.880450447679292,10.054103288559928,0.0004971449216673311
ENGINEERING_SAMPLE,volatility_30s_bps,Q4,30000,500,1440,100.0,-10.366943258210327,-10.263184226325269,0.0,-13.741452304253155,-7.419979349509551,-8.03035127877503,-12.880425519614151,10.054014363088523,0.00040821945026331337
ENGINEERING_SAMPLE,volatility_30s_bps,Q4,500,100,1440,100.0,-10.065987382660905,-10.052679013777183,0.0,-10.052735992908737,-10.052616063297203,-8.030209619967156,-12.8802839200468,10.055406961047066,2.8086601384718888e-05
ENGINEERING_SAMPLE,volatility_30s_bps,Q4,500,1000,1440,100.0,-10.066170000170597,-10.052679013777183,0.0,-10.052735992908737,-10.052616063297203,-8.030376216986864,-12.880450447679292,10.055589666365986,0.0002107919203040818
ENGINEERING_SAMPLE,volatility_30s_bps,Q4,500,500,1440,100.0,-10.066128923931094,-10.052679013777183,0.0,-10.052735992908737,-10.052616063297203,-8.03035127877503,-12.880425519614151,10.055548568704163,0.00016969425848147686
ENGINEERING_SAMPLE,volatility_30s_bps,Q4,5000,100,1440,100.0,-10.127561425801407,-10.052677070322176,0.0,-11.059133323758704,-9.263064761613853,-8.030209619967156,-12.8802839200468,10.054748376023818,2.8086601384718888e-05
ENGINEERING_SAMPLE,volatility_30s_bps,Q4,5000,1000,1440,100.0,-10.12772788484448,-10.052677070322176,0.0,-11.059133323758704,-9.263064761613853,-8.030376216986864,-12.880450447679292,10.054914913473095,0.00019462405066105902
ENGINEERING_SAMPLE,volatility_30s_bps,Q4,5000,500,1440,100.0,-10.127702967071595,-10.052677070322176,0.0,-11.059133323758704,-9.263064761613853,-8.03035127877503,-12.880425519614151,10.054889983680916,0.00016969425848147686
ENGINEERING_SAMPLE,volatility_30s_bps,Q4,60000,100,1440,100.0,-10.61003090330694,-10.789511100813076,0.0,-15.800959219961062,-5.467861078450499,-8.030209619967156,-12.8802839200468,10.048534375345215,5.7452683209753276e-05
ENGINEERING_SAMPLE,volatility_30s_bps,Q4,60000,1000,1440,100.0,-10.610482947553033,-10.789511100813076,0.0,-15.800959219961062,-5.467861078450499,-8.030376216986864,-12.880450447679292,10.048986830039407,0.0005099073774010148
ENGINEERING_SAMPLE,volatility_30s_bps,Q4,60000,500,1440,100.0,-10.610381335448846,-10.789511100813076,0.0,-15.800959219961062,-5.467861078450499,-8.03035127877503,-12.880425519614151,10.048885117015395,0.00040819435339043634
ENGINEERING_SAMPLE,volatility_30s_bps,Q5,1000,100,1433,100.0,-10.05457217448631,-10.052705959280098,0.0,-10.105465864725124,-9.841821565139236,-8.336677582368464,-13.063363028805684,10.053891016574378,0.00010381139901111102
ENGINEERING_SAMPLE,volatility_30s_bps,Q5,1000,1000,1433,100.0,-10.055246371468774,-10.052705959280098,0.0,-10.105465864725124,-9.841821565139236,-8.337208548249874,-13.063893642775106,10.05456551356777,0.0007783083924043506
ENGINEERING_SAMPLE,volatility_30s_bps,Q5,1000,500,1433,100.0,-10.054948005740604,-10.052705959280098,0.0,-10.105465864725124,-9.841821565139236,-8.33693659505915,-13.063621853960052,10.0542670128241,0.0004798076487331722
ENGINEERING_SAMPLE,volatility_30s_bps,Q5,15000,100,1433,100.0,-10.41576838292411,-10.052688177711241,0.0,-13.37668918918919,-8.152388044724013,-8.336677582368464,-13.063363028805684,10.053879273332845,9.005647020197823e-05
ENGINEERING_SAMPLE,volatility_30s_bps,Q5,15000,1000,1433,100.0,-10.416402713144045,-10.052688177711241,0.0,-13.37668918918919,-8.153065970950308,-8.337208548249874,-13.063893642775106,10.054513998596175,0.0007247817335330405
ENGINEERING_SAMPLE,volatility_30s_bps,Q5,15000,500,1433,100.0,-10.416098714651634,-10.052688177711241,0.0,-13.37668918918919,-8.153065970950308,-8.33693659505915,-13.063621853960052,10.05420981700671,0.00042060014406758634
ENGINEERING_SAMPLE,volatility_30s_bps,Q5,250,100,1433,100.0,-10.052370423313468,-10.052707071026667,0.0,-10.052778320492985,-10.05265154109138,-8.336677582368464,-13.063363028805684,10.050134516145373,0.00010381139901111102
ENGINEERING_SAMPLE,volatility_30s_bps,Q5,250,1000,1433,100.0,-10.05305746562093,-10.052707071026667,0.0,-10.052778320492985,-10.05265154109138,-8.337208548249874,-13.063893642775106,10.050821900901408,0.0007911961550457575
ENGINEERING_SAMPLE,volatility_30s_bps,Q5,250,500,1433,100.0,-10.052746234284914,-10.052707071026667,0.0,-10.052778320492985,-10.05265154109138,-8.33693659505915,-13.063621853960052,10.050510512395096,0.0004798076487331722
ENGINEERING_SAMPLE,volatility_30s_bps,Q5,3000,100,1433,100.0,-10.073540149210514,-10.052707071026667,0.0,-10.897174598313525,-9.2617701057252,-8.336677582368464,-13.063363028805684,10.048807535244086,0.0001196224131181141
ENGINEERING_SAMPLE,volatility_30s_bps,Q5,3000,1000,1433,100.0,-10.07435784617037,-10.052707071026667,0.0,-10.897174598313525,-9.2617701057252,-8.337208548249874,-13.063893642775106,10.04962573095227,0.0009378181213034181
ENGINEERING_SAMPLE,volatility_30s_bps,Q5,3000,500,1433,100.0,-10.074008968410618,-10.052707071026667,0.0,-10.897174598313525,-9.2617701057252,-8.33693659505915,-13.063621853960052,10.049276654265375,0.0005887414344083593
ENGINEERING_SAMPLE,volatility_30s_bps,Q5,30000,100,1433,100.0,-10.732650623704641,-10.474398662581281,0.0,-13.48221072635135,-7.677974603342221,-8.336677582368464,-13.063363028805684,10.056785310164548,9.005647020197823e-05
ENGINEERING_SAMPLE,volatility_30s_bps,Q5,30000,1000,1433,100.0,-10.73319742674093,-10.474398662581281,0.0,-13.48221072635135,-7.677974603342221,-8.337208548249874,-13.063893642775106,10.057332426768161,0.000637173073815838
ENGINEERING_SAMPLE,volatility_30s_bps,Q5,30000,500,1433,100.0,-10.73290944432136,-10.474398662581281,0.0,-13.48221072635135,-7.677974603342221,-8.33693659505915,-13.063621853960052,10.05704425374489,0.00034900005054520797
ENGINEERING_SAMPLE,volatility_30s_bps,Q5,500,100,1433,100.0,-10.054717001169156,-10.052707071026667,0.0,-10.05277887788779,-10.052640726384091,-8.336677582368464,-13.063363028805684,10.054385673532142,0.00013338588919730688
ENGINEERING_SAMPLE,volatility_30s_bps,Q5,500,1000,1433,100.0,-10.055496449822677,-10.052707071026667,0.0,-10.05277887788779,-10.052640726384091,-8.337208548249874,-13.063893642775106,10.055165489866182,0.0009132022232372268
ENGINEERING_SAMPLE,volatility_30s_bps,Q5,500,500,1433,100.0,-10.055159750703655,-10.052707071026667,0.0,-10.05277887788779,-10.052640726384091,-8.33693659505915,-13.063621853960052,10.054828630821104,0.0005763431781605645
ENGINEERING_SAMPLE,volatility_30s_bps,Q5,5000,100,1433,100.0,-10.121277927263755,-10.052710962509032,0.0,-11.31700310968218,-8.997439552317601,-8.336677582368464,-13.063363028805684,10.059377384697092,0.0001196224131181141
ENGINEERING_SAMPLE,volatility_30s_bps,Q5,5000,1000,1433,100.0,-10.122008051846754,-10.052710962509032,0.0,-11.31700310968218,-8.997439552317601,-8.337208548249874,-13.063893642775106,10.060107960341591,0.000850198057616293
ENGINEERING_SAMPLE,volatility_30s_bps,Q5,5000,500,1433,100.0,-10.121675186642642,-10.052710962509032,0.0,-11.31700310968218,-8.997439552317601,-8.33693659505915,-13.063621853960052,10.059774901169227,0.0005171388852527759
ENGINEERING_SAMPLE,volatility_30s_bps,Q5,60000,100,1433,100.0,-10.981027565060508,-11.631785170712183,0.0,-15.791883092937743,-6.330931324516202,-8.336677582368464,-13.063363028805684,10.05281228627633,9.005647020197823e-05
ENGINEERING_SAMPLE,volatility_30s_bps,Q5,60000,1000,1433,100.0,-10.981558037005778,-11.631785170712183,0.0,-15.791883092937743,-6.330931324516202,-8.337208548249874,-13.063893642775106,10.053343140971803,0.0006209111656760864
ENGINEERING_SAMPLE,volatility_30s_bps,Q5,60000,500,1433,100.0,-10.981286326031379,-11.631785170712183,0.0,-15.791883092937743,-6.330931324516202,-8.33693659505915,-13.063621853960052,10.053071229856673,0.00034900005054520797
ENGINEERING_SAMPLE,volatility_5s_bps,Q1,1000,100,3232,100.0,-10.06189719581324,-10.052674016611155,0.0,-10.05276076858108,-10.052616063297203,-8.132759040517707,-12.038216643358737,10.053792291504502,5.4625910974792786e-06
ENGINEERING_SAMPLE,volatility_5s_bps,Q1,1000,1000,3232,100.0,-10.061921117621464,-10.052674016611155,0.0,-10.05276076858108,-10.052616063297203,-8.132759040517707,-12.038243817977452,10.053816226602907,2.9397689502868202e-05
ENGINEERING_SAMPLE,volatility_5s_bps,Q1,1000,500,3232,100.0,-10.061917932342103,-10.052674016611155,0.0,-10.05276076858108,-10.052616063297203,-8.132759040517707,-12.03823738709508,10.053813039553908,2.62106405033461e-05
ENGINEERING_SAMPLE,volatility_5s_bps,Q1,15000,100,3232,99.10272277227723,-10.005385070037333,-10.052637954097808,0.0,-11.738077672972546,-8.156409418609554,-8.132759040517707,-12.038216643358737,10.050339446096661,-1.1645228675531043e-24
ENGINEERING_SAMPLE,volatility_5s_bps,Q1,15000,1000,3232,99.10272277227723,-10.005385070037333,-10.052637954097808,0.0,-11.738077672972546,-8.156409418609554,-8.132759040517707,-12.038243817977452,10.050339446096661,-1.1645228675531043e-24
ENGINEERING_SAMPLE,volatility_5s_bps,Q1,15000,500,3232,99.10272277227723,-10.005385070037333,-10.052637954097808,0.0,-11.738077672972546,-8.156409418609554,-8.132759040517707,-12.03823738709508,10.050339446096661,0.0
ENGINEERING_SAMPLE,volatility_5s_bps,Q1,250,100,3232,100.0,-10.057301901173373,-10.052675959840839,0.0,-10.05275074415757,-10.052618833278055,-8.132759040517707,-12.038216643358737,10.055912082500162,5.4625910974792786e-06
ENGINEERING_SAMPLE,volatility_5s_bps,Q1,250,1000,3232,100.0,-10.057325822981598,-10.052675959840839,0.0,-10.05275074415757,-10.052618833278055,-8.132759040517707,-12.038243817977452,10.055936017598569,2.9397689502868202e-05
ENGINEERING_SAMPLE,volatility_5s_bps,Q1,250,500,3232,100.0,-10.057322637702237,-10.052675959840839,0.0,-10.05275074415757,-10.052618833278055,-8.132759040517707,-12.03823738709508,10.055932830549569,2.62106405033461e-05
ENGINEERING_SAMPLE,volatility_5s_bps,Q1,3000,100,3232,100.0,-10.059286079498506,-10.052673461429007,0.0,-10.627049413094428,-9.525806400598837,-8.132759040517707,-12.038216643358737,10.052058127080123,-1.0024354758090265e-24
ENGINEERING_SAMPLE,volatility_5s_bps,Q1,3000,1000,3232,100.0,-10.059326397209295,-10.052673461429007,0.0,-10.627049413094428,-9.525806400598837,-8.132759040517707,-12.038243817977452,10.05209847846939,4.0351389267080985e-05
ENGINEERING_SAMPLE,volatility_5s_bps,Q1,3000,500,3232,100.0,-10.059317800047554,-10.052673461429007,0.0,-10.627049413094428,-9.525806400598837,-8.132759040517707,-12.03823738709508,10.052089874126207,3.174704608290563e-05
ENGINEERING_SAMPLE,volatility_5s_bps,Q1,30000,100,3232,98.26732673267327,-10.006305119683738,-10.052669297935912,0.0,-12.582183511101036,-7.364868783911331,-8.132759040517707,-12.038216643358737,10.05328579702819,1.4576543850849686e-05
ENGINEERING_SAMPLE,volatility_5s_bps,Q1,30000,1000,3232,98.26732673267327,-10.006345809590966,-10.052669297935912,0.0,-12.582183511101036,-7.364868783911331,-8.132759040517707,-12.038243817977452,10.053326507561085,5.52870767454783e-05
ENGINEERING_SAMPLE,volatility_5s_bps,Q1,30000,500,3232,98.26732673267327,-10.006334794978901,-10.052669297935912,0.0,-12.582183511101036,-7.364868783911331,-8.132759040517707,-12.03823738709508,10.053315487771364,4.4267287026175324e-05
ENGINEERING_SAMPLE,volatility_5s_bps,Q1,500,100,3232,100.0,-10.058638032028789,-10.052674016611155,0.0,-10.052754642091818,-10.052618002253178,-8.132759040517707,-12.038216643358737,10.055145960241463,6.0972985764676486e-06
ENGINEERING_SAMPLE,volatility_5s_bps,Q1,500,1000,3232,100.0,-10.058647216766342,-10.052674016611155,0.0,-10.052754642091818,-10.052618002253178,-8.132759040517707,-12.038243817977452,10.055155150954173,1.528801128531513e-05
ENGINEERING_SAMPLE,volatility_5s_bps,Q1,500,500,3232,100.0,-10.058646196239948,-10.052674016611155,0.0,-10.052754642091818,-10.052618002253178,-8.132759040517707,-12.03823738709508,10.05515412976387,1.4266820984332077e-05
ENGINEERING_SAMPLE,volatility_5s_bps,Q1,5000,100,3232,100.0,-10.054472365329524,-10.052670963254164,0.0,-11.001909856866252,-9.104300978908915,-8.132759040517707,-12.038216643358737,10.054801004449248,5.4625910974792786e-06
ENGINEERING_SAMPLE,volatility_5s_bps,Q1,5000,1000,3232,100.0,-10.054496287137749,-10.052670963254164,0.0,-11.001909856866252,-9.104300978908915,-8.132759040517707,-12.038243817977452,10.054824939547654,2.9397689502868202e-05
ENGINEERING_SAMPLE,volatility_5s_bps,Q1,5000,500,3232,100.0,-10.054493101858386,-10.052670963254164,0.0,-11.001909856866252,-9.104300978908915,-8.132759040517707,-12.03823738709508,10.054821752498654,2.62106405033461e-05
ENGINEERING_SAMPLE,volatility_5s_bps,Q1,60000,100,3232,95.38985148514851,-10.085850368763262,-9.683959231425952,0.0,-14.372012500724642,-6.262705259055624,-8.132759040517707,-12.038216643358737,10.057029977968647,2.3006261323390227e-05
ENGINEERING_SAMPLE,volatility_5s_bps,Q1,60000,1000,3232,95.38985148514851,-10.085994623668496,-9.683959231425952,0.0,-14.372012500724642,-6.262705259055624,-8.132759040517707,-12.038243817977452,10.057174403292766,0.00016743158544334
ENGINEERING_SAMPLE,volatility_5s_bps,Q1,60000,500,3232,95.38985148514851,-10.085956757724121,-9.683959231425952,0.0,-14.372012500724642,-6.262705259055624,-8.132759040517707,-12.03823738709508,10.05713649573926,0.0001295240319360998
ENGINEERING_SAMPLE,volatility_5s_bps,Q3,1000,100,1092,100.0,-10.049799441471617,-10.05267151838365,0.0,-10.052778041799998,-10.052615509336029,-8.493511319075063,-12.626472605891074,10.053157011498653,2.622456917352838e-05
ENGINEERING_SAMPLE,volatility_5s_bps,Q3,1000,1000,1092,100.0,-10.049921846313644,-10.05267151838365,0.0,-10.052778041799998,-10.052615509336029,-8.493613426518321,-12.62654750585303,10.053279477607157,0.00014869067767862658
ENGINEERING_SAMPLE,volatility_5s_bps,Q3,1000,500,1092,100.0,-10.049877729380096,-10.05267151838365,0.0,-10.052778041799998,-10.052615509336029,-8.493588883481832,-12.62652598753744,10.053235338021233,0.00010455109175482757
ENGINEERING_SAMPLE,volatility_5s_bps,Q3,15000,100,1092,100.0,-10.42340784905843,-10.05275074415757,0.0,-12.42383505458993,-8.740884548694666,-8.493511319075063,-12.626472605891074,10.057933720184332,1.8046694909711313e-05
ENGINEERING_SAMPLE,volatility_5s_bps,Q3,15000,1000,1092,100.0,-10.423629221064342,-10.05275074415757,0.0,-12.42383505458993,-8.740884548694666,-8.493613426518321,-12.62654750585303,10.058155251779196,0.00023957828977280878
ENGINEERING_SAMPLE,volatility_5s_bps,Q3,15000,500,1092,100.0,-10.42357924627087,-10.05275074415757,0.0,-12.42383505458993,-8.740884548694666,-8.493588883481832,-12.62652598753744,10.05810524199057,0.00018956850114744444
ENGINEERING_SAMPLE,volatility_5s_bps,Q3,250,100,1092,100.0,-10.051060715973565,-10.05267373901862,0.0,-10.052747542743646,-10.052618002253178,-8.493511319075063,-12.626472605891074,10.049973986797268,2.6224684862246024e-05
ENGINEERING_SAMPLE,volatility_5s_bps,Q3,250,1000,1092,100.0,-10.051200024538845,-10.05267373901862,0.0,-10.052747542743646,-10.052618002253178,-8.493613426518321,-12.62654750585303,10.050113365147118,0.0001656030347133348
ENGINEERING_SAMPLE,volatility_5s_bps,Q3,250,500,1092,100.0,-10.05113900413563,-10.05267373901862,0.0,-10.052747542743646,-10.052618002253178,-8.493588883481832,-12.62652598753744,10.050052313442285,0.00010455132988077138
ENGINEERING_SAMPLE,volatility_5s_bps,Q3,3000,100,1092,100.0,-10.107539646291736,-10.052669297935912,0.0,-10.686121789455898,-9.52592135844045,-8.493511319075063,-12.626472605891074,10.05740912216687,2.622456917352838e-05
ENGINEERING_SAMPLE,volatility_5s_bps,Q3,3000,1000,1092,100.0,-10.107662051133765,-10.052669297935912,0.0,-10.686121789455898,-9.52592135844045,-8.493613426518321,-12.62654750585303,10.057531588275374,0.00014869067767862658
ENGINEERING_SAMPLE,volatility_5s_bps,Q3,3000,500,1092,100.0,-10.107617934200215,-10.052669297935912,0.0,-10.686121789455898,-9.52592135844045,-8.493588883481832,-12.62652598753744,10.057487448689452,0.00010455109175482757
ENGINEERING_SAMPLE,volatility_5s_bps,Q3,30000,100,1092,100.0,-10.537665159944314,-10.631993276447435,0.0,-13.204058811748924,-7.680534165945866,-8.493511319075063,-12.626472605891074,10.053569887363293,-9.36524030667355e-25
ENGINEERING_SAMPLE,volatility_5s_bps,Q3,30000,1000,1092,100.0,-10.537859329236184,-10.631993276447435,0.0,-13.204058811748924,-7.680534165945866,-8.493613426518321,-12.62654750585303,10.053764213678077,0.00019432631478235354
ENGINEERING_SAMPLE,volatility_5s_bps,Q3,30000,500,1092,100.0,-10.537812373882664,-10.631993276447435,0.0,-13.204058811748924,-7.680534165945866,-8.493588883481832,-12.62652598753744,10.053717222371903,0.00014733500860876443
ENGINEERING_SAMPLE,volatility_5s_bps,Q3,500,100,1092,100.0,-10.055765963134123,-10.052673600223812,0.0,-10.052764667997002,-10.052616617270042,-8.493511319075063,-12.626472605891074,10.054730827953387,-8.058955444220858e-25
ENGINEERING_SAMPLE,volatility_5s_bps,Q3,500,1000,1092,100.0,-10.055857735027892,-10.052673600223812,0.0,-10.052764667997002,-10.052616617270042,-8.493613426518321,-12.62654750585303,10.054822643723522,9.18157701361394e-05
ENGINEERING_SAMPLE,volatility_5s_bps,Q3,500,500,1092,100.0,-10.055819322303272,-10.052673600223812,0.0,-10.052764667997002,-10.052616617270042,-8.493588883481832,-12.62652598753744,10.054784212018813,5.3384065426398846e-05
ENGINEERING_SAMPLE,volatility_5s_bps,Q3,5000,100,1092,100.0,-10.175061141589676,-10.05267151838365,0.0,-11.315387733400716,-9.419897956491686,-8.493511319075063,-12.626472605891074,10.056901858870598,-9.313207740521783e-25
ENGINEERING_SAMPLE,volatility_5s_bps,Q3,5000,1000,1092,100.0,-10.17513601001378,-10.05267151838365,0.0,-11.315387733400716,-9.419897956491686,-8.493613426518321,-12.62654750585303,10.056976762402762,7.49035321644031e-05
ENGINEERING_SAMPLE,volatility_5s_bps,Q3,5000,500,1092,100.0,-10.175114500758827,-10.05267151838365,0.0,-11.315387733400716,-9.419897956491686,-8.493588883481832,-12.62652598753744,10.056955242936024,5.3384065426398846e-05
ENGINEERING_SAMPLE,volatility_5s_bps,Q3,60000,100,1092,98.26007326007326,-10.672632573857188,-10.15820964822954,0.0,-16.160230307691496,-6.308480496388415,-8.493511319075063,-12.626472605891074,10.053443082668814,-7.2182549488246195e-25
ENGINEERING_SAMPLE,volatility_5s_bps,Q3,60000,1000,1092,98.26007326007326,-10.672725901942705,-10.15820964822954,0.0,-16.160230307691496,-6.308480496388415,-8.493613426518321,-12.62654750585303,10.053536457005373,9.337433655964976e-05
ENGINEERING_SAMPLE,volatility_5s_bps,Q3,60000,500,1092,98.26007326007326,-10.672686880449422,-10.15820964822954,0.0,-16.160230307691496,-6.308480496388415,-8.493588883481832,-12.62652598753744,10.05349741202524,5.432935642649351e-05
ENGINEERING_SAMPLE,volatility_5s_bps,Q4,1000,100,1434,99.72105997210599,-10.056864401902525,-10.052680124387287,0.0,-10.05277887788779,-10.0,-8.205169076643756,-12.698544611902882,10.053681762481707,2.3631926796348435e-05
ENGINEERING_SAMPLE,volatility_5s_bps,Q4,1000,1000,1434,99.72105997210599,-10.056970210277795,-10.052680124387287,0.0,-10.05277887788779,-10.0,-8.205513629686914,-12.698650240433839,10.053787618561184,0.00012948800627226968
ENGINEERING_SAMPLE,volatility_5s_bps,Q4,1000,500,1434,99.72105997210599,-10.056939320073926,-10.052680124387287,0.0,-10.05277887788779,-10.0,-8.205375379163561,-12.698619402734579,10.053756714099089,9.858354417829864e-05
ENGINEERING_SAMPLE,volatility_5s_bps,Q4,15000,100,1434,99.6513249651325,-10.053821487366324,-10.052664025122768,0.0,-12.528424782135717,-8.050090394059223,-8.205169076643756,-12.698544611902882,10.054131498982766,4.3690811399819794e-05
ENGINEERING_SAMPLE,volatility_5s_bps,Q4,15000,1000,1434,99.6513249651325,-10.053963710825316,-10.052664025122768,0.0,-12.528424782135717,-8.050090394059223,-8.205513629686914,-12.698650240433839,10.054273775135892,0.0001859669645253856
ENGINEERING_SAMPLE,volatility_5s_bps,Q4,15000,500,1434,99.6513249651325,-10.053915519940862,-10.052664025122768,0.0,-12.528424782135717,-8.050090394059223,-8.205375379163561,-12.698619402734579,10.054225565779342,0.00013775760797579275
ENGINEERING_SAMPLE,volatility_5s_bps,Q4,250,100,1434,99.860529986053,-10.049252550630563,-10.052681235045686,0.0,-10.052751997005494,-10.052622157640084,-8.205169076643756,-12.698544611902882,10.0490606696562,2.359892131199599e-05
ENGINEERING_SAMPLE,volatility_5s_bps,Q4,250,1000,1434,99.860529986053,-10.049358206208815,-10.052681235045686,0.0,-10.052751997005494,-10.052622157640084,-8.205513629686914,-12.698650240433839,10.049166377891988,0.00012930715710149837
ENGINEERING_SAMPLE,volatility_5s_bps,Q4,250,500,1434,99.860529986053,-10.04932736061324,-10.052681235045686,0.0,-10.052751997005494,-10.052622157640084,-8.205375379163561,-12.698619402734579,10.04913551659255,9.844585766408314e-05
ENGINEERING_SAMPLE,volatility_5s_bps,Q4,3000,100,1434,99.72105997210599,-10.079754736216186,-10.052682762406072,0.0,-10.897174598313525,-9.315273869373215,-8.205169076643756,-12.698544611902882,10.052033406263746,5.119901425859958e-05
ENGINEERING_SAMPLE,volatility_5s_bps,Q4,3000,1000,1434,99.72105997210599,-10.079934024463372,-10.052682762406072,0.0,-10.897174598313525,-9.315273869373215,-8.205513629686914,-12.698650240433839,10.052212771617564,0.00023056436807829318
ENGINEERING_SAMPLE,volatility_5s_bps,Q4,3000,500,1434,99.72105997210599,-10.07989362561509,-10.052682762406072,0.0,-10.897174598313525,-9.315273869373215,-8.205375379163561,-12.698619402734579,10.052172356401302,0.0001901491518153055
ENGINEERING_SAMPLE,volatility_5s_bps,Q4,30000,100,1434,98.18688981868898,-10.339049974929393,-10.158336633663366,0.0,-13.740361909984774,-7.206525235586633,-8.205169076643756,-12.698544611902882,10.057003966853303,6.804776914024093e-05
ENGINEERING_SAMPLE,volatility_5s_bps,Q4,30000,1000,1434,98.18688981868898,-10.339397502434748,-10.158336633663366,0.0,-13.740361909984774,-7.223094393143415,-8.205513629686914,-12.698650240433839,10.05735176676098,0.00041584767681655913
ENGINEERING_SAMPLE,volatility_5s_bps,Q4,30000,500,1434,98.18688981868898,-10.339313166292245,-10.158336633663366,0.0,-13.740361909984774,-7.206525235586633,-8.205375379163561,-12.698619402734579,10.057267367015118,0.00033144793095494043
ENGINEERING_SAMPLE,volatility_5s_bps,Q4,500,100,1434,99.7907949790795,-10.049578576596623,-10.052680124387287,0.0,-10.05277302582948,-10.052618833278055,-8.205169076643756,-12.698544611902882,10.053112117896408,2.3615412521857623e-05
ENGINEERING_SAMPLE,volatility_5s_bps,Q4,500,1000,1434,99.7907949790795,-10.049700571123923,-10.052680124387287,0.0,-10.05277302582948,-10.052618833278055,-8.205513629686914,-12.698650240433839,10.053234169556742,0.00014566707285485565
ENGINEERING_SAMPLE,volatility_5s_bps,Q4,500,500,1434,99.7907949790795,-10.049653442414305,-10.052680124387287,0.0,-10.05277302582948,-10.052618833278055,-8.205375379163561,-12.698619402734579,10.053187017136699,9.851465281269537e-05
ENGINEERING_SAMPLE,volatility_5s_bps,Q4,5000,100,1434,99.72105997210599,-10.04848580415821,-10.052677070322176,0.0,-11.054664211587061,-9.051374770944225,-8.205169076643756,-12.698544611902882,10.05113498486372,2.3631926796348435e-05
ENGINEERING_SAMPLE,volatility_5s_bps,Q4,5000,1000,1434,99.72105997210599,-10.048591622587434,-10.052677070322176,0.0,-11.054664211587061,-9.051374770944225,-8.205513629686914,-12.698650240433839,10.051240840943198,0.00012948800627226968
ENGINEERING_SAMPLE,volatility_5s_bps,Q4,5000,500,1434,99.72105997210599,-10.048560729448367,-10.052677070322176,0.0,-11.054664211587061,-9.051374770944225,-8.205375379163561,-12.698619402734579,10.051209936481103,9.858354417829864e-05
ENGINEERING_SAMPLE,volatility_5s_bps,Q4,60000,100,1434,98.11715481171548,-10.896283716002294,-10.737342972767895,0.0,-16.47927964962765,-5.883204047039441,-8.205169076643756,-12.698544611902882,10.051137247447672,2.40182340574117e-05
ENGINEERING_SAMPLE,volatility_5s_bps,Q4,60000,1000,1434,98.11715481171548,-10.896391295450755,-10.737342972767895,0.0,-16.47927964962765,-5.883204047039441,-8.205513629686914,-12.698650240433839,10.05124483393925,0.00013160472563564013
ENGINEERING_SAMPLE,volatility_5s_bps,Q4,60000,500,1434,98.11715481171548,-10.896359888191297,-10.737342972767895,0.0,-16.47927964962765,-5.883204047039441,-8.205375379163561,-12.698619402734579,10.051213424286944,0.00010019507332975626
ENGINEERING_SAMPLE,volatility_5s_bps,Q5,1000,100,1434,100.0,-10.049281264828693,-10.052688177711241,0.0,-10.052781665038419,-9.841823817910743,-7.897200125024911,-12.598378799796109,10.053825893191652,0.00016108420671375397
ENGINEERING_SAMPLE,volatility_5s_bps,Q5,1000,1000,1434,100.0,-10.050194950704958,-10.052688177711241,0.0,-10.052781665038419,-9.841846844097894,-7.897970883266917,-12.599149102671397,10.05473999078002,0.0010751817950808208
ENGINEERING_SAMPLE,volatility_5s_bps,Q5,1000,500,1434,100.0,-10.049818476707253,-10.052688177711241,0.0,-10.052781665038419,-9.841846844097894,-7.897620734392182,-12.598799153615003,10.0543633452016,0.000698536216661132
ENGINEERING_SAMPLE,volatility_5s_bps,Q5,15000,100,1434,98.11715481171548,-10.193476377318719,-10.05268317880655,0.0,-12.422302654801983,-7.998904115362933,-7.897200125024911,-12.598378799796109,10.050693719502583,0.0001641720366734863
ENGINEERING_SAMPLE,volatility_5s_bps,Q5,15000,1000,1434,98.11715481171548,-10.194327964444327,-10.05268317880655,0.0,-12.422302654801983,-7.998904115362933,-7.897970883266917,-12.599149102671397,10.051545765518544,0.0010162180526338085
ENGINEERING_SAMPLE,volatility_5s_bps,Q5,15000,500,1434,98.11715481171548,-10.19395095533677,-10.05268317880655,0.0,-12.422302654801983,-7.998904115362933,-7.897620734392182,-12.598799153615003,10.051168550228962,0.0006390027630534936
ENGINEERING_SAMPLE,volatility_5s_bps,Q5,250,100,1434,100.0,-10.050208204004921,-10.052688455455984,0.0,-10.052766617921117,-10.052626313683367,-7.897200125024911,-12.598378799796109,10.050109847788436,0.00016108420671375397
ENGINEERING_SAMPLE,volatility_5s_bps,Q5,250,1000,1434,100.0,-10.051121854150255,-10.052688455455984,0.0,-10.052766617921117,-10.052626313683367,-7.897970883266917,-12.599149102671397,10.051023945376803,0.0010751817950808208
ENGINEERING_SAMPLE,volatility_5s_bps,Q5,250,500,1434,100.0,-10.050745395614776,-10.052688455455984,0.0,-10.052766617921117,-10.052626313683367,-7.897620734392182,-12.598799153615003,10.050647299798383,0.000698536216661132
ENGINEERING_SAMPLE,volatility_5s_bps,Q5,3000,100,1434,99.3723849372385,-10.018431384186373,-10.052688177711241,0.0,-10.78964000737366,-9.209882176053995,-7.897200125024911,-12.598378799796109,10.046979908481733,0.00017800135834586568
ENGINEERING_SAMPLE,volatility_5s_bps,Q5,3000,1000,1434,99.3723849372385,-10.019403706807179,-10.052688177711241,0.0,-10.78964000737366,-9.209882176053995,-7.897970883266917,-12.599149102671397,10.047952764979911,0.0011508578565242492
ENGINEERING_SAMPLE,volatility_5s_bps,Q5,3000,500,1434,99.3723849372385,-10.018993554534212,-10.052688177711241,0.0,-10.78964000737366,-9.209882176053995,-7.897620734392182,-12.598799153615003,10.047542395963122,0.0007404888397366002
ENGINEERING_SAMPLE,volatility_5s_bps,Q5,30000,100,1434,97.28033472803347,-10.182816568700263,-10.052627699177018,0.0,-13.48221072635135,-7.051373904248146,-7.897200125024911,-12.598378799796109,10.050292905152043,0.00015145802110683575
ENGINEERING_SAMPLE,volatility_5s_bps,Q5,30000,1000,1434,97.28033472803347,-10.183638220612483,-10.052627699177018,0.0,-13.48221072635135,-7.051373904248146,-7.897970883266917,-12.599149102671397,10.051114946734144,0.0009734996032069495
ENGINEERING_SAMPLE,volatility_5s_bps,Q5,30000,500,1434,97.28033472803347,-10.183248638822421,-10.052627699177018,0.0,-13.48221072635135,-7.051373904248146,-7.897620734392182,-12.598799153615003,10.050725141501179,0.0005836943702428032
ENGINEERING_SAMPLE,volatility_5s_bps,Q5,500,100,1434,100.0,-10.04964711525224,-10.052688177711241,0.0,-10.052772468558274,-10.052619525826497,-7.897200125024911,-12.598378799796109,10.05211060108023,0.00019063807312715608
ENGINEERING_SAMPLE,volatility_5s_bps,Q5,500,1000,1434,100.0,-10.050653107304061,-10.052688177711241,0.0,-10.052772468558274,-10.052619525826497,-7.897970883266917,-12.599149102671397,10.053117065789435,0.0011971027823321286
ENGINEERING_SAMPLE,volatility_5s_bps,Q5,500,500,1434,100.0,-10.050251198745539,-10.052688177711241,0.0,-10.052772468558274,-10.052619525826497,-7.897620734392182,-12.598799153615003,10.052714967434135,0.0007950044270303462
ENGINEERING_SAMPLE,volatility_5s_bps,Q5,5000,100,1434,98.88423988842399,-10.056602680686215,-10.052697622675531,0.0,-11.001666763367073,-8.997439552317601,-7.897200125024911,-12.598378799796109,10.058566823764039,0.00017888006744912454
ENGINEERING_SAMPLE,volatility_5s_bps,Q5,5000,1000,1434,98.88423988842399,-10.057583199275697,-10.052697622675531,0.0,-11.001666763367073,-8.997439552317601,-7.897970883266917,-12.599149102671397,10.059547907437347,0.001159963740757835
ENGINEERING_SAMPLE,volatility_5s_bps,Q5,5000,500,1434,98.88423988842399,-10.05716760899115,-10.052697622675531,0.0,-11.001666763367073,-8.997439552317601,-7.897620734392182,-12.598799153615003,10.059132087981938,0.0007441442853488401
ENGINEERING_SAMPLE,volatility_5s_bps,Q5,60000,100,1434,96.79218967921896,-10.300765010941191,-10.368980629373949,0.0,-14.425783597431762,-5.735930485025812,-7.897200125024911,-12.598378799796109,10.04856365368413,0.00015222185838907485
ENGINEERING_SAMPLE,volatility_5s_bps,Q5,60000,1000,1434,96.79218967921896,-10.301560651023426,-10.368980629373949,0.0,-14.425783597431762,-5.735943960182235,-7.897970883266917,-12.599149102671397,10.04935974628413,0.0009483144583892611
ENGINEERING_SAMPLE,volatility_5s_bps,Q5,60000,500,1434,96.79218967921896,-10.301199194170257,-10.368980629373949,0.0,-14.425783597431762,-5.735930485025812,-7.897620734392182,-12.598799153615003,10.04899806989958,0.0005866380738391286
