partition,feature_left,feature_right,left_bin,right_bin,horizon_ms,notional,samples,executable_percent,mean_net_return_bps,median_net_return_bps,positive_percent,p10_net_return_bps,p90_net_return_bps,mean_mfe_bps,mean_mae_bps,average_cost_bps,average_depth_slippage_bps
ENGINEERING_SAMPLE,imbalance_10,microprice_edge_bps,HIGH,HIGH,1000,100,2055,99.80535279805353,-9.978654226876634,-10.052667355197707,0.0,-10.052743784993218,-9.579075925311772,-7.8226977898339785,-11.871842235423337,10.060307825533032,8.931931226045866e-05
ENGINEERING_SAMPLE,imbalance_10,microprice_edge_bps,HIGH,HIGH,1000,1000,2055,99.80535279805353,-9.979258277503813,-10.052667355197707,0.0,-10.052743784993218,-9.579075925311772,-7.823264656189222,-11.872408801909128,10.060912146891608,0.0006936406708372022
ENGINEERING_SAMPLE,imbalance_10,microprice_edge_bps,HIGH,HIGH,1000,500,2055,99.80535279805353,-9.979005393697141,-10.052667355197707,0.0,-10.052743784993218,-9.579075925311772,-7.82301699051868,-11.872161266775754,10.060659147185893,0.00044064096512070325
ENGINEERING_SAMPLE,imbalance_10,microprice_edge_bps,HIGH,HIGH,15000,100,2055,98.83211678832117,-9.842976878293985,-9.842051201011378,0.0,-11.63505733478979,-8.052590560344601,-7.8226977898339785,-11.871842235423337,10.069349662254645,0.00010429867133219223
ENGINEERING_SAMPLE,imbalance_10,microprice_edge_bps,HIGH,HIGH,15000,1000,2055,98.83211678832117,-9.843589900646146,-9.842051201011378,0.0,-11.63505733478979,-8.052590560344601,-7.823264656189222,-11.872408801909128,10.069963000047705,0.0007176364643923177
ENGINEERING_SAMPLE,imbalance_10,microprice_edge_bps,HIGH,HIGH,15000,500,2055,98.83211678832117,-9.84332583538339,-9.842051201011378,0.0,-11.63505733478979,-8.052590560344601,-7.82301699051868,-11.872161266775754,10.069698795424666,0.00045343184135303283
ENGINEERING_SAMPLE,imbalance_10,microprice_edge_bps,HIGH,HIGH,250,100,2055,99.90267639902676,-10.02900331206189,-10.05267262867773,0.0,-10.052743784993218,-10.052616617270042,-7.8226977898339785,-11.871842235423337,10.0560868108136,8.923229880477385e-05
ENGINEERING_SAMPLE,imbalance_10,microprice_edge_bps,HIGH,HIGH,250,1000,2055,99.90267639902676,-10.029606754151185,-10.05267262867773,0.0,-10.052743784993218,-10.052616617270042,-7.823264656189222,-11.872408801909128,10.056690543451905,0.0006929649371101323
ENGINEERING_SAMPLE,imbalance_10,microprice_edge_bps,HIGH,HIGH,250,500,2055,99.90267639902676,-10.029354125582639,-10.05267262867773,0.0,-10.052743784993218,-10.052616617270042,-7.82301699051868,-11.872161266775754,10.056437790214485,0.0004402116996895092
ENGINEERING_SAMPLE,imbalance_10,microprice_edge_bps,HIGH,HIGH,3000,100,2055,99.36739659367396,-9.901532404178157,-10.052649599662875,0.0,-10.105400246759958,-9.156789134011051,-7.8226977898339785,-11.871842235423337,10.063126801147853,8.971085478053714e-05
ENGINEERING_SAMPLE,imbalance_10,microprice_edge_bps,HIGH,HIGH,3000,1000,2055,99.36739659367396,-9.902116687445377,-10.052649599662875,0.0,-10.105400246759958,-9.156789134011051,-7.823264656189222,-11.872408801909128,10.063711400118565,0.0006743098254941923
ENGINEERING_SAMPLE,imbalance_10,microprice_edge_bps,HIGH,HIGH,3000,500,2055,99.36739659367396,-9.901866132619102,-10.052649599662875,0.0,-10.105400246759958,-9.156789134011051,-7.82301699051868,-11.872161266775754,10.063460713609329,0.000423623316257158
ENGINEERING_SAMPLE,imbalance_10,microprice_edge_bps,HIGH,HIGH,30000,100,2055,98.78345498783455,-9.869377855624114,-9.684280351887631,0.0,-12.589177815051551,-7.262264081372503,-7.8226977898339785,-11.871842235423337,10.063758973406806,9.024030589436128e-05
ENGINEERING_SAMPLE,imbalance_10,microprice_edge_bps,HIGH,HIGH,30000,1000,2055,98.78345498783455,-9.870052312240498,-9.684280351887631,0.0,-12.589177815051551,-7.262264081372503,-7.823264656189222,-11.872408801909128,10.06443378964976,0.0007650565488482483
ENGINEERING_SAMPLE,imbalance_10,microprice_edge_bps,HIGH,HIGH,30000,500,2055,98.78345498783455,-9.86978315363691,-9.684280351887631,0.0,-12.589177815051551,-7.262264081372503,-7.82301699051868,-11.872161266775754,10.064164469676642,0.0004957365757289588
ENGINEERING_SAMPLE,imbalance_10,microprice_edge_bps,HIGH,HIGH,500,100,2055,99.85401459854015,-10.006532961341374,-10.052669297935912,0.0,-10.052743784993218,-9.841959626838138,-7.8226977898339785,-11.871842235423337,10.05407154158121,9.887932672775057e-05
ENGINEERING_SAMPLE,imbalance_10,microprice_edge_bps,HIGH,HIGH,500,1000,2055,99.85401459854015,-10.007162517278873,-10.052669297935912,0.0,-10.052743784993218,-9.84195996002117,-7.823264656189222,-11.872408801909128,10.054701390130043,0.0007287278755590609
ENGINEERING_SAMPLE,imbalance_10,microprice_edge_bps,HIGH,HIGH,500,500,2055,99.85401459854015,-10.00689681205035,-10.052669297935912,0.0,-10.052743784993218,-9.84195996002117,-7.82301699051868,-11.872161266775754,10.054435559420606,0.0004628971661227698
ENGINEERING_SAMPLE,imbalance_10,microprice_edge_bps,HIGH,HIGH,5000,100,2055,99.02676399026764,-9.873452913335555,-10.052627699177018,0.0,-10.822167986181832,-8.841431636951977,-7.8226977898339785,-11.871842235423337,10.068237896698012,8.901139601462725e-05
ENGINEERING_SAMPLE,imbalance_10,microprice_edge_bps,HIGH,HIGH,5000,1000,2055,99.02676399026764,-9.874074061578767,-10.052627699177018,0.0,-10.822167986181832,-8.841431636951977,-7.823264656189222,-11.872408801909128,10.068859381779744,0.0007104964777472908
ENGINEERING_SAMPLE,imbalance_10,microprice_edge_bps,HIGH,HIGH,5000,500,2055,99.02676399026764,-9.873807755905581,-10.052627699177018,0.0,-10.822167986181832,-8.841431636951977,-7.82301699051868,-11.872161266775754,10.068592935049654,0.00044404974765728256
ENGINEERING_SAMPLE,imbalance_10,microprice_edge_bps,HIGH,HIGH,60000,100,2055,98.78345498783455,-9.675942583695937,-9.683565677138846,0.0,-14.433449654251952,-5.830930959471161,-7.8226977898339785,-11.871842235423337,10.066997201359204,8.053354505552385e-05
ENGINEERING_SAMPLE,imbalance_10,microprice_edge_bps,HIGH,HIGH,60000,1000,2055,98.78345498783455,-9.676579891450675,-9.683565677138846,0.0,-14.433449654251952,-5.832178650077561,-7.823264656189222,-11.872408801909128,10.067634862729241,0.0007181949150925564
ENGINEERING_SAMPLE,imbalance_10,microprice_edge_bps,HIGH,HIGH,60000,500,2055,98.78345498783455,-9.676315798588492,-9.683565677138846,0.0,-14.433449654251952,-5.832178650077561,-7.82301699051868,-11.872161266775754,10.067370616214149,0.00045394839999954154
ENGINEERING_SAMPLE,imbalance_10,microprice_edge_bps,HIGH,LOW,1000,100,19,100.0,-10.105399760056033,-10.05268567814032,0.0,-10.15822968501818,-10.05268567814032,-7.091214290067813,-10.824341988544438,10.047175140380778,3.329179642625419e-24
ENGINEERING_SAMPLE,imbalance_10,microprice_edge_bps,HIGH,LOW,1000,1000,19,100.0,-10.105399760056033,-10.05268567814032,0.0,-10.15822968501818,-10.05268567814032,-7.091214290067813,-10.824341988544438,10.047175140380778,3.329179642625419e-24
ENGINEERING_SAMPLE,imbalance_10,microprice_edge_bps,HIGH,LOW,1000,500,19,100.0,-10.105399760056033,-10.05268567814032,0.0,-10.15822968501818,-10.05268567814032,-7.091214290067813,-10.824341988544438,10.047175140380778,0.0
ENGINEERING_SAMPLE,imbalance_10,microprice_edge_bps,HIGH,LOW,15000,100,19,100.0,-9.645009901968587,-9.683885931158084,0.0,-10.07384096499821,-9.472578849330104,-7.091214290067813,-10.824341988544438,10.047173926226506,5.547683761063753e-24
ENGINEERING_SAMPLE,imbalance_10,microprice_edge_bps,HIGH,LOW,15000,1000,19,100.0,-9.645009901968587,-9.683885931158084,0.0,-10.07384096499821,-9.472578849330104,-7.091214290067813,-10.824341988544438,10.047173926226506,5.547683761063753e-24
ENGINEERING_SAMPLE,imbalance_10,microprice_edge_bps,HIGH,LOW,15000,500,19,100.0,-9.645009901968587,-9.683885931158084,0.0,-10.07384096499821,-9.472578849330104,-7.091214290067813,-10.824341988544438,10.047173926226506,0.0
ENGINEERING_SAMPLE,imbalance_10,microprice_edge_bps,HIGH,LOW,250,100,19,100.0,-10.058255185721798,-10.05268567814032,0.0,-10.052743339670158,-10.052685289350968,-7.091214290067813,-10.824341988544438,10.05272978544241,3.329179642625419e-24
ENGINEERING_SAMPLE,imbalance_10,microprice_edge_bps,HIGH,LOW,250,1000,19,100.0,-10.058255185721798,-10.05268567814032,0.0,-10.052743339670158,-10.052685289350968,-7.091214290067813,-10.824341988544438,10.05272978544241,3.329179642625419e-24
ENGINEERING_SAMPLE,imbalance_10,microprice_edge_bps,HIGH,LOW,250,500,19,100.0,-10.058255185721798,-10.05268567814032,0.0,-10.052743339670158,-10.052685289350968,-7.091214290067813,-10.824341988544438,10.05272978544241,0.0
ENGINEERING_SAMPLE,imbalance_10,microprice_edge_bps,HIGH,LOW,3000,100,19,100.0,-9.991713982347711,-10.05268567814032,0.0,-10.15822968501818,-9.683885931158084,-7.091214290067813,-10.824341988544438,10.047174840625468,4.438868656440631e-24
ENGINEERING_SAMPLE,imbalance_10,microprice_edge_bps,HIGH,LOW,3000,1000,19,100.0,-9.991713982347711,-10.05268567814032,0.0,-10.15822968501818,-9.683885931158084,-7.091214290067813,-10.824341988544438,10.047174840625468,4.438868656440631e-24
ENGINEERING_SAMPLE,imbalance_10,microprice_edge_bps,HIGH,LOW,3000,500,19,100.0,-9.991713982347711,-10.05268567814032,0.0,-10.15822968501818,-9.683885931158084,-7.091214290067813,-10.824341988544438,10.047174840625468,0.0
ENGINEERING_SAMPLE,imbalance_10,microprice_edge_bps,HIGH,LOW,30000,100,19,100.0,-9.941776279974656,-9.683885931158084,0.0,-11.696695167528153,-8.364994432923321,-7.091214290067813,-10.824341988544438,9.99723876201728,6.103393403461776e-24
ENGINEERING_SAMPLE,imbalance_10,microprice_edge_bps,HIGH,LOW,30000,1000,19,100.0,-9.941776279974656,-9.683885931158084,0.0,-11.696695167528153,-8.364994432923321,-7.091214290067813,-10.824341988544438,9.99723876201728,6.103393403461776e-24
ENGINEERING_SAMPLE,imbalance_10,microprice_edge_bps,HIGH,LOW,30000,500,19,100.0,-9.941776279974656,-9.683885931158084,0.0,-11.696695167528153,-8.364994432923321,-7.091214290067813,-10.824341988544438,9.99723876201728,0.0
ENGINEERING_SAMPLE,imbalance_10,microprice_edge_bps,HIGH,LOW,500,100,19,100.0,-10.105399760056033,-10.05268567814032,0.0,-10.15822968501818,-10.05268567814032,-7.091214290067813,-10.824341988544438,10.049955935816186,3.329179642625419e-24
ENGINEERING_SAMPLE,imbalance_10,microprice_edge_bps,HIGH,LOW,500,1000,19,100.0,-10.105399760056033,-10.05268567814032,0.0,-10.15822968501818,-10.05268567814032,-7.091214290067813,-10.824341988544438,10.049955935816186,3.329179642625419e-24
ENGINEERING_SAMPLE,imbalance_10,microprice_edge_bps,HIGH,LOW,500,500,19,100.0,-10.105399760056033,-10.05268567814032,0.0,-10.15822968501818,-10.05268567814032,-7.091214290067813,-10.824341988544438,10.049955935816186,0.0
ENGINEERING_SAMPLE,imbalance_10,microprice_edge_bps,HIGH,LOW,5000,100,19,100.0,-9.85029520278317,-9.683885931158084,0.0,-10.15822968501818,-9.683885931158084,-7.091214290067813,-10.824341988544438,10.047174467730773,6.380824430617253e-24
ENGINEERING_SAMPLE,imbalance_10,microprice_edge_bps,HIGH,LOW,5000,1000,19,100.0,-9.85029520278317,-9.683885931158084,0.0,-10.15822968501818,-9.683885931158084,-7.091214290067813,-10.824341988544438,10.047174467730773,6.380824430617253e-24
ENGINEERING_SAMPLE,imbalance_10,microprice_edge_bps,HIGH,LOW,5000,500,19,100.0,-9.85029520278317,-9.683885931158084,0.0,-10.15822968501818,-9.683885931158084,-7.091214290067813,-10.824341988544438,10.047174467730773,0.0
ENGINEERING_SAMPLE,imbalance_10,microprice_edge_bps,HIGH,LOW,60000,100,19,100.0,-7.600211251308171,-7.734515839966265,0.0,-8.15600126508882,-4.936650079418268,-7.091214290067813,-10.824341988544438,10.047168533338395,4.7160672146182754e-24
ENGINEERING_SAMPLE,imbalance_10,microprice_edge_bps,HIGH,LOW,60000,1000,19,100.0,-7.600211251308171,-7.734515839966265,0.0,-8.15600126508882,-4.936650079418268,-7.091214290067813,-10.824341988544438,10.047168533338395,4.7160672146182754e-24
ENGINEERING_SAMPLE,imbalance_10,microprice_edge_bps,HIGH,LOW,60000,500,19,100.0,-7.600211251308171,-7.734515839966265,0.0,-8.15600126508882,-4.936650079418268,-7.091214290067813,-10.824341988544438,10.047168533338395,0.0
ENGINEERING_SAMPLE,imbalance_10,microprice_edge_bps,HIGH,MID,1000,100,323,100.0,-10.042685204886695,-10.05268317880655,0.0,-10.05277887788779,-10.01052321265944,-8.118635404853492,-11.760323455099853,10.062028729364256,-1.0281896874163515e-24
ENGINEERING_SAMPLE,imbalance_10,microprice_edge_bps,HIGH,MID,1000,1000,323,100.0,-10.042685204886695,-10.05268317880655,0.0,-10.05277887788779,-10.01052321265944,-8.118635404853492,-11.760323455099853,10.062028729364256,-1.0281896874163515e-24
ENGINEERING_SAMPLE,imbalance_10,microprice_edge_bps,HIGH,MID,1000,500,323,100.0,-10.042685204886695,-10.05268317880655,0.0,-10.05277887788779,-10.01052321265944,-8.118635404853492,-11.760323455099853,10.062028729364256,0.0
ENGINEERING_SAMPLE,imbalance_10,microprice_edge_bps,HIGH,MID,15000,100,323,100.0,-9.945631567737143,-10.052669297935912,0.0,-11.706579539858206,-8.050876490244237,-8.118635404853492,-11.760323455099853,10.060733063043193,-1.6972296907007345e-24
ENGINEERING_SAMPLE,imbalance_10,microprice_edge_bps,HIGH,MID,15000,1000,323,100.0,-9.945631567737143,-10.052669297935912,0.0,-11.706579539858206,-8.050876490244237,-8.118635404853492,-11.760323455099853,10.060733063043193,-1.6972296907007345e-24
ENGINEERING_SAMPLE,imbalance_10,microprice_edge_bps,HIGH,MID,15000,500,323,100.0,-9.945631567737143,-10.052669297935912,0.0,-11.706579539858206,-8.050876490244237,-8.118635404853492,-11.760323455099853,10.060733063043193,0.0
ENGINEERING_SAMPLE,imbalance_10,microprice_edge_bps,HIGH,MID,250,100,323,100.0,-10.044037046322511,-10.05268317880655,0.0,-10.05277302582948,-10.052667355197707,-8.118635404853492,-11.760323455099853,10.055503361663206,-1.158847925063295e-24
ENGINEERING_SAMPLE,imbalance_10,microprice_edge_bps,HIGH,MID,250,1000,323,100.0,-10.044037046322511,-10.05268317880655,0.0,-10.05277302582948,-10.052667355197707,-8.118635404853492,-11.760323455099853,10.055503361663206,-1.158847925063295e-24
ENGINEERING_SAMPLE,imbalance_10,microprice_edge_bps,HIGH,MID,250,500,323,100.0,-10.044037046322511,-10.05268317880655,0.0,-10.05277302582948,-10.052667355197707,-8.118635404853492,-11.760323455099853,10.055503361663206,0.0
ENGINEERING_SAMPLE,imbalance_10,microprice_edge_bps,HIGH,MID,3000,100,323,100.0,-10.007695644598055,-10.052675959840839,0.0,-10.790010327965602,-9.399274470669893,-8.118635404853492,-11.760323455099853,10.056490688018428,-7.670369929257864e-25
ENGINEERING_SAMPLE,imbalance_10,microprice_edge_bps,HIGH,MID,3000,1000,323,100.0,-10.007695644598055,-10.052675959840839,0.0,-10.790010327965602,-9.399274470669893,-8.118635404853492,-11.760323455099853,10.056490688018428,-7.670369929257864e-25
ENGINEERING_SAMPLE,imbalance_10,microprice_edge_bps,HIGH,MID,3000,500,323,100.0,-10.007695644598055,-10.052675959840839,0.0,-10.790010327965602,-9.399274470669893,-8.118635404853492,-11.760323455099853,10.056490688018428,0.0
ENGINEERING_SAMPLE,imbalance_10,microprice_edge_bps,HIGH,MID,30000,100,323,99.69040247678019,-9.88973082771774,-9.841992106192265,0.0,-11.738407454647032,-7.237912806616562,-8.118635404853492,-11.760323455099853,10.06582796536758,-9.6621693205591e-25
ENGINEERING_SAMPLE,imbalance_10,microprice_edge_bps,HIGH,MID,30000,1000,323,99.69040247678019,-9.88973082771774,-9.841992106192265,0.0,-11.738407454647032,-7.237912806616562,-8.118635404853492,-11.760323455099853,10.06582796536758,-9.6621693205591e-25
ENGINEERING_SAMPLE,imbalance_10,microprice_edge_bps,HIGH,MID,30000,500,323,99.69040247678019,-9.88973082771774,-9.841992106192265,0.0,-11.738407454647032,-7.237912806616562,-8.118635404853492,-11.760323455099853,10.06582796536758,0.0
ENGINEERING_SAMPLE,imbalance_10,microprice_edge_bps,HIGH,MID,500,100,323,100.0,-10.039785307696011,-10.05268317880655,0.0,-10.052778041799998,-10.052659807716763,-8.118635404853492,-11.760323455099853,10.058603663643483,-1.1751986963517691e-24
ENGINEERING_SAMPLE,imbalance_10,microprice_edge_bps,HIGH,MID,500,1000,323,100.0,-10.039785307696011,-10.05268317880655,0.0,-10.052778041799998,-10.052659807716763,-8.118635404853492,-11.760323455099853,10.058603663643483,-1.1751986963517691e-24
ENGINEERING_SAMPLE,imbalance_10,microprice_edge_bps,HIGH,MID,500,500,323,100.0,-10.039785307696011,-10.05268317880655,0.0,-10.052778041799998,-10.052659807716763,-8.118635404853492,-11.760323455099853,10.058603663643483,0.0
ENGINEERING_SAMPLE,imbalance_10,microprice_edge_bps,HIGH,MID,5000,100,323,100.0,-10.032993465617016,-10.052707071026667,0.0,-10.87450501359213,-9.104551155706863,-8.118635404853492,-11.760323455099853,10.077066181268867,-8.48448149628354e-25
ENGINEERING_SAMPLE,imbalance_10,microprice_edge_bps,HIGH,MID,5000,1000,323,100.0,-10.032993465617016,-10.052707071026667,0.0,-10.87450501359213,-9.104551155706863,-8.118635404853492,-11.760323455099853,10.077066181268867,-8.48448149628354e-25
ENGINEERING_SAMPLE,imbalance_10,microprice_edge_bps,HIGH,MID,5000,500,323,100.0,-10.032993465617016,-10.052707071026667,0.0,-10.87450501359213,-9.104551155706863,-8.118635404853492,-11.760323455099853,10.077066181268867,0.0
ENGINEERING_SAMPLE,imbalance_10,microprice_edge_bps,HIGH,MID,60000,100,323,99.69040247678019,-9.955263149669905,-10.421338841581655,0.0,-13.162657750541877,-5.777756656000169,-8.118635404853492,-11.760323455099853,10.061744091423705,-5.404232338872158e-25
ENGINEERING_SAMPLE,imbalance_10,microprice_edge_bps,HIGH,MID,60000,1000,323,99.69040247678019,-9.955263149669905,-10.421338841581655,0.0,-13.162657750541877,-5.777756656000169,-8.118635404853492,-11.760323455099853,10.061744091423705,-5.404232338872158e-25
ENGINEERING_SAMPLE,imbalance_10,microprice_edge_bps,HIGH,MID,60000,500,323,99.69040247678019,-9.955263149669905,-10.421338841581655,0.0,-13.162657750541877,-5.777756656000169,-8.118635404853492,-11.760323455099853,10.061744091423705,0.0
ENGINEERING_SAMPLE,imbalance_10,microprice_edge_bps,LOW,HIGH,1000,100,134,100.0,-10.034604809399713,-10.052702624321773,0.0,-10.052704013836452,-10.052644746242974,-7.307722355685549,-10.672029312412858,10.05351485512063,-2.7151043945050048e-24
ENGINEERING_SAMPLE,imbalance_10,microprice_edge_bps,LOW,HIGH,1000,1000,134,100.0,-10.034604809399713,-10.052702624321773,0.0,-10.052704013836452,-10.052644746242974,-7.307722355685549,-10.672029312412858,10.05351485512063,-2.7151043945050048e-24
ENGINEERING_SAMPLE,imbalance_10,microprice_edge_bps,LOW,HIGH,1000,500,134,100.0,-10.034604809399713,-10.052702624321773,0.0,-10.052704013836452,-10.052644746242974,-7.307722355685549,-10.672029312412858,10.05351485512063,0.0
ENGINEERING_SAMPLE,imbalance_10,microprice_edge_bps,LOW,HIGH,15000,100,134,100.0,-9.742406739568045,-9.789183944654194,0.0,-10.7905393648266,-9.104055386529852,-7.307722355685549,-10.672029312412858,10.043678585188873,-3.6200383222894034e-24
ENGINEERING_SAMPLE,imbalance_10,microprice_edge_bps,LOW,HIGH,15000,1000,134,100.0,-9.742406739568045,-9.789183944654194,0.0,-10.7905393648266,-9.104055386529852,-7.307722355685549,-10.672029312412858,10.043678585188873,-3.6200383222894034e-24
ENGINEERING_SAMPLE,imbalance_10,microprice_edge_bps,LOW,HIGH,15000,500,134,100.0,-9.742406739568045,-9.789183944654194,0.0,-10.7905393648266,-9.104055386529852,-7.307722355685549,-10.672029312412858,10.043678585188873,0.0
ENGINEERING_SAMPLE,imbalance_10,microprice_edge_bps,LOW,HIGH,250,100,134,100.0,-10.040901933826587,-10.052702624321773,0.0,-10.052704013836452,-10.052702624321773,-7.307722355685549,-10.672029312412858,10.047613355117536,-2.6757867006174847e-24
ENGINEERING_SAMPLE,imbalance_10,microprice_edge_bps,LOW,HIGH,250,1000,134,100.0,-10.040901933826587,-10.052702624321773,0.0,-10.052704013836452,-10.052702624321773,-7.307722355685549,-10.672029312412858,10.047613355117536,-2.6757867006174847e-24
ENGINEERING_SAMPLE,imbalance_10,microprice_edge_bps,LOW,HIGH,250,500,134,100.0,-10.040901933826587,-10.052702624321773,0.0,-10.052704013836452,-10.052702624321773,-7.307722355685549,-10.672029312412858,10.047613355117536,0.0
ENGINEERING_SAMPLE,imbalance_10,microprice_edge_bps,LOW,HIGH,3000,100,134,100.0,-10.058210162709731,-10.052702624321773,0.0,-10.052704013836452,-9.789183944654194,-7.307722355685549,-10.672029312412858,10.050367922007107,-3.0299051576922353e-24
ENGINEERING_SAMPLE,imbalance_10,microprice_edge_bps,LOW,HIGH,3000,1000,134,100.0,-10.058210162709731,-10.052702624321773,0.0,-10.052704013836452,-9.789183944654194,-7.307722355685549,-10.672029312412858,10.050367922007107,-3.0299051576922353e-24
ENGINEERING_SAMPLE,imbalance_10,microprice_edge_bps,LOW,HIGH,3000,500,134,100.0,-10.058210162709731,-10.052702624321773,0.0,-10.052704013836452,-9.789183944654194,-7.307722355685549,-10.672029312412858,10.050367922007107,0.0
ENGINEERING_SAMPLE,imbalance_10,microprice_edge_bps,LOW,HIGH,30000,100,134,81.34328358208955,-9.12820859866389,-9.104055386529852,0.0,-10.527040138364514,-7.364868783911331,-7.307722355685549,-10.672029312412858,10.031443249683365,-2.805368361876681e-24
ENGINEERING_SAMPLE,imbalance_10,microprice_edge_bps,LOW,HIGH,30000,1000,134,81.34328358208955,-9.12820859866389,-9.104055386529852,0.0,-10.527040138364514,-7.364868783911331,-7.307722355685549,-10.672029312412858,10.031443249683365,-2.805368361876681e-24
ENGINEERING_SAMPLE,imbalance_10,microprice_edge_bps,LOW,HIGH,30000,500,134,81.34328358208955,-9.12820859866389,-9.104055386529852,0.0,-10.527040138364514,-7.364868783911331,-7.307722355685549,-10.672029312412858,10.031443249683365,0.0
ENGINEERING_SAMPLE,imbalance_10,microprice_edge_bps,LOW,HIGH,500,100,134,100.0,-10.027530180244781,-10.052702624321773,0.0,-10.052704013836452,-10.052702624321773,-7.307722355685549,-10.672029312412858,10.0389551041013,-2.597054315798321e-24
ENGINEERING_SAMPLE,imbalance_10,microprice_edge_bps,LOW,HIGH,500,1000,134,100.0,-10.027530180244781,-10.052702624321773,0.0,-10.052704013836452,-10.052702624321773,-7.307722355685549,-10.672029312412858,10.0389551041013,-2.597054315798321e-24
ENGINEERING_SAMPLE,imbalance_10,microprice_edge_bps,LOW,HIGH,500,500,134,100.0,-10.027530180244781,-10.052702624321773,0.0,-10.052704013836452,-10.052702624321773,-7.307722355685549,-10.672029312412858,10.0389551041013,0.0
ENGINEERING_SAMPLE,imbalance_10,microprice_edge_bps,LOW,HIGH,5000,100,134,100.0,-10.085355143222761,-10.052702624321773,0.0,-10.7905393648266,-9.789183944654194,-7.307722355685549,-10.672029312412858,10.053516998275287,-3.1089896152782503e-24
ENGINEERING_SAMPLE,imbalance_10,microprice_edge_bps,LOW,HIGH,5000,1000,134,100.0,-10.085355143222761,-10.052702624321773,0.0,-10.7905393648266,-9.789183944654194,-7.307722355685549,-10.672029312412858,10.053516998275287,-3.1089896152782503e-24
ENGINEERING_SAMPLE,imbalance_10,microprice_edge_bps,LOW,HIGH,5000,500,134,100.0,-10.085355143222761,-10.052702624321773,0.0,-10.7905393648266,-9.789183944654194,-7.307722355685549,-10.672029312412858,10.053516998275287,0.0
ENGINEERING_SAMPLE,imbalance_10,microprice_edge_bps,LOW,HIGH,60000,100,134,5.970149253731344,-9.377498016667756,-9.684291986480938,0.0,-10.23679788029959,-8.138744011615945,-7.307722355685549,-10.672029312412858,10.01006408474794,0.003580143228995318
ENGINEERING_SAMPLE,imbalance_10,microprice_edge_bps,LOW,HIGH,60000,1000,134,5.970149253731344,-9.383987810929607,-9.684291986480938,0.0,-10.23679788029959,-8.17508685948231,-7.307722355685549,-10.672029312412858,10.016556390696602,0.010072449177657119
ENGINEERING_SAMPLE,imbalance_10,microprice_edge_bps,LOW,HIGH,60000,500,134,5.970149253731344,-9.38090186280251,-9.684291986480938,0.0,-10.23679788029959,-8.157805549970572,-7.307722355685549,-10.672029312412858,10.013469248242707,0.006985306723761749
ENGINEERING_SAMPLE,imbalance_10,microprice_edge_bps,LOW,LOW,1000,100,1799,100.0,-10.123442967637654,-10.05269928978546,0.0,-10.474398662581281,-10.052622157640084,-8.342572487779513,-13.330141704909277,10.04403728471043,3.80376257048516e-05
ENGINEERING_SAMPLE,imbalance_10,microprice_edge_bps,LOW,LOW,1000,1000,1799,100.0,-10.123571277899414,-10.05269928978546,0.0,-10.474398662581281,-10.052622157640084,-8.342806287413287,-13.330217526038592,10.044165663758006,0.0001664166732779738
ENGINEERING_SAMPLE,imbalance_10,microprice_edge_bps,LOW,LOW,1000,500,1799,100.0,-10.123532552820791,-10.05269928978546,0.0,-10.474398662581281,-10.052622157640084,-8.342709342249645,-13.330196415356315,10.044126918200561,0.00012767111583474053
ENGINEERING_SAMPLE,imbalance_10,microprice_edge_bps,LOW,LOW,15000,100,1799,99.55530850472485,-10.521841296788525,-10.474023681423205,0.0,-13.5307407192606,-7.998186925837888,-8.342572487779513,-13.330141704909277,10.039844238921134,3.322086837582043e-05
ENGINEERING_SAMPLE,imbalance_10,microprice_edge_bps,LOW,LOW,15000,1000,1799,99.55530850472485,-10.52198324338667,-10.474023681423205,0.0,-13.5307407192606,-7.998186925837888,-8.342806287413287,-13.330217526038592,10.039986297048014,0.0001752789952532258
ENGINEERING_SAMPLE,imbalance_10,microprice_edge_bps,LOW,LOW,15000,500,1799,99.55530850472485,-10.52195238355088,-10.474023681423205,0.0,-13.5307407192606,-7.998186925837888,-8.342709342249645,-13.330196415356315,10.039955412806899,0.00014439475413993935
ENGINEERING_SAMPLE,imbalance_10,microprice_edge_bps,LOW,LOW,250,100,1799,100.0,-10.07299210541339,-10.052694288772082,0.0,-10.052766339351706,-10.052622157640084,-8.342572487779513,-13.330141704909277,10.047025978258871,3.803769592835336e-05
ENGINEERING_SAMPLE,imbalance_10,microprice_edge_bps,LOW,LOW,250,1000,1799,100.0,-10.07313067373551,-10.052694288772082,0.0,-10.052766339351706,-10.052622157640084,-8.342806287413287,-13.330217526038592,10.047164623102748,0.00017668253980487842
ENGINEERING_SAMPLE,imbalance_10,microprice_edge_bps,LOW,LOW,250,500,1799,100.0,-10.073081689093103,-10.052694288772082,0.0,-10.052766339351706,-10.052622157640084,-8.342709342249645,-13.330196415356315,10.047115611823322,0.00012767126037811495
ENGINEERING_SAMPLE,imbalance_10,microprice_edge_bps,LOW,LOW,3000,100,1799,100.0,-10.212630605914644,-10.05271318647125,0.0,-11.001680501042648,-10.052616063297203,-8.342572487779513,-13.330141704909277,10.039729853528867,3.80376257048516e-05
ENGINEERING_SAMPLE,imbalance_10,microprice_edge_bps,LOW,LOW,3000,1000,1799,100.0,-10.212769149144416,-10.05271318647125,0.0,-11.001680501042648,-10.052616063297203,-8.342806287413287,-13.330217526038592,10.0398684903411,0.00017667443793701305
ENGINEERING_SAMPLE,imbalance_10,microprice_edge_bps,LOW,LOW,3000,500,1799,100.0,-10.212720167925205,-10.05271318647125,0.0,-11.001680501042648,-10.052616063297203,-8.342709342249645,-13.330196415356315,10.039819478868814,0.00012766296565319807
ENGINEERING_SAMPLE,imbalance_10,microprice_edge_bps,LOW,LOW,30000,100,1799,99.16620344635909,-10.646038013988912,-10.790981465947041,0.0,-14.476135531425019,-6.995839529218211,-8.342572487779513,-13.330141704909277,10.038640733116413,4.602317165547984e-05
ENGINEERING_SAMPLE,imbalance_10,microprice_edge_bps,LOW,LOW,30000,1000,1799,99.16620344635909,-10.646225501079178,-10.790981465947041,0.0,-14.476135531425019,-6.995839529218211,-8.342806287413287,-13.330217526038592,10.038828403162874,0.00023369321811689104
ENGINEERING_SAMPLE,imbalance_10,microprice_edge_bps,LOW,LOW,30000,500,1799,99.16620344635909,-10.646166784475495,-10.790981465947041,0.0,-14.476135531425019,-6.995839529218211,-8.342709342249645,-13.330196415356315,10.038769635211422,0.0001749252666649157
ENGINEERING_SAMPLE,imbalance_10,microprice_edge_bps,LOW,LOW,500,100,1799,100.0,-10.098567527010793,-10.052697622675531,0.0,-10.052779435294367,-10.052622157640084,-8.342572487779513,-13.330141704909277,10.053291894023442,4.5676878011313876e-05
ENGINEERING_SAMPLE,imbalance_10,microprice_edge_bps,LOW,LOW,500,1000,1799,100.0,-10.098750834925175,-10.052697622675531,0.0,-10.052779435294367,-10.052622157640084,-8.342806287413287,-13.330217526038592,10.05347529490636,0.0002290777609277679
ENGINEERING_SAMPLE,imbalance_10,microprice_edge_bps,LOW,LOW,500,500,1799,100.0,-10.098695293472192,-10.052697622675531,0.0,-10.052779435294367,-10.052622157640084,-8.342709342249645,-13.330196415356315,10.053419725404632,0.00017350825920261654
ENGINEERING_SAMPLE,imbalance_10,microprice_edge_bps,LOW,LOW,5000,100,1799,100.0,-10.266084422378306,-10.052728759462953,0.0,-11.369098735057504,-9.368241410369185,-8.342572487779513,-13.330141704909277,10.040742620098085,2.2119210175394686e-05
ENGINEERING_SAMPLE,imbalance_10,microprice_edge_bps,LOW,LOW,5000,1000,1799,100.0,-10.266111418896271,-10.052728759462953,0.0,-11.369098735057504,-9.368241410369185,-8.342806287413287,-13.330217526038592,10.040769630966357,4.913007844693701e-05
ENGINEERING_SAMPLE,imbalance_10,microprice_edge_bps,LOW,LOW,5000,500,1799,100.0,-10.266101863037715,-10.052728759462953,0.0,-11.369098735057504,-9.368241410369185,-8.342709342249645,-13.330196415356315,10.04076006999826,3.956911034992116e-05
ENGINEERING_SAMPLE,imbalance_10,microprice_edge_bps,LOW,LOW,60000,100,1799,99.1106170094497,-11.151755341492747,-11.316607565323231,0.0,-16.61945615173259,-5.415161788665039,-8.342572487779513,-13.330141704909277,10.039165522001332,4.603455801098405e-05
ENGINEERING_SAMPLE,imbalance_10,microprice_edge_bps,LOW,LOW,60000,1000,1799,99.1106170094497,-11.151940146910661,-11.316607565323231,0.0,-16.61945615173259,-5.415161788665039,-8.342806287413287,-13.330217526038592,10.03935055145632,0.00023106401299982545
ENGINEERING_SAMPLE,imbalance_10,microprice_edge_bps,LOW,LOW,60000,500,1799,99.1106170094497,-11.151884153808439,-11.316607565323231,0.0,-16.61945615173259,-5.415161788665039,-8.342709342249645,-13.330196415356315,10.039294494824457,0.0001750073811357801
ENGINEERING_SAMPLE,imbalance_10,microprice_edge_bps,LOW,MID,1000,100,465,100.0,-10.132585543323582,-10.052677070322176,0.0,-10.084242850994576,-10.052615509336029,-8.431507979187415,-12.400017836123013,10.060773413084128,3.796794500441511e-05
ENGINEERING_SAMPLE,imbalance_10,microprice_edge_bps,LOW,MID,1000,1000,465,100.0,-10.13275181275193,-10.052677070322176,0.0,-10.084242850994576,-10.052615509336029,-8.431507979187415,-12.400017836123013,10.060939774886377,0.00020432974725434415
ENGINEERING_SAMPLE,imbalance_10,microprice_edge_bps,LOW,MID,1000,500,465,100.0,-10.132729673347852,-10.052677070322176,0.0,-10.084242850994576,-10.052615509336029,-8.431507979187415,-12.400017836123013,10.060917623182362,0.0001821780432404615
ENGINEERING_SAMPLE,imbalance_10,microprice_edge_bps,LOW,MID,15000,100,465,95.91397849462365,-10.185511744873907,-10.052704013836452,0.0,-11.73692442178877,-8.63060692241182,-8.431507979187415,-12.400017836123013,10.046547882658446,-9.422889984235137e-26
ENGINEERING_SAMPLE,imbalance_10,microprice_edge_bps,LOW,MID,15000,1000,465,95.91397849462365,-10.185511744873907,-10.052704013836452,0.0,-11.73692442178877,-8.63060692241182,-8.431507979187415,-12.400017836123013,10.046547882658446,-9.422889984235137e-26
ENGINEERING_SAMPLE,imbalance_10,microprice_edge_bps,LOW,MID,15000,500,465,95.91397849462365,-10.185511744873907,-10.052704013836452,0.0,-11.73692442178877,-8.63060692241182,-8.431507979187415,-12.400017836123013,10.046547882658446,0.0
ENGINEERING_SAMPLE,imbalance_10,microprice_edge_bps,LOW,MID,250,100,465,100.0,-10.069247497694716,-10.052674571805007,0.0,-10.052732097729804,-10.052615509336029,-8.431507979187415,-12.400017836123013,10.06157503375998,3.796794500441511e-05
ENGINEERING_SAMPLE,imbalance_10,microprice_edge_bps,LOW,MID,250,1000,465,100.0,-10.069413767123066,-10.052674571805007,0.0,-10.052732097729804,-10.052615509336029,-8.431507979187415,-12.400017836123013,10.06174139556223,0.00020432974725434415
ENGINEERING_SAMPLE,imbalance_10,microprice_edge_bps,LOW,MID,250,500,465,100.0,-10.069391627718986,-10.052674571805007,0.0,-10.052732097729804,-10.052615509336029,-8.431507979187415,-12.400017836123013,10.061719243858217,0.0001821780432404615
ENGINEERING_SAMPLE,imbalance_10,microprice_edge_bps,LOW,MID,3000,100,465,100.0,-10.252495014940596,-10.052692066404129,0.0,-11.211189614385594,-10.0,-8.431507979187415,-12.400017836123013,10.054664186415591,4.239670122984021e-05
ENGINEERING_SAMPLE,imbalance_10,microprice_edge_bps,LOW,MID,3000,1000,465,100.0,-10.252657115516747,-10.052692066404129,0.0,-11.211189614385594,-10.0,-8.431507979187415,-12.400017836123013,10.054826366800185,0.00020457708582467766
ENGINEERING_SAMPLE,imbalance_10,microprice_edge_bps,LOW,MID,3000,500,465,100.0,-10.252634976112736,-10.052692066404129,0.0,-11.211189614385594,-10.0,-8.431507979187415,-12.400017836123013,10.05480421649608,0.0001824267817194807
ENGINEERING_SAMPLE,imbalance_10,microprice_edge_bps,LOW,MID,30000,100,465,93.33333333333333,-10.28306868257108,-10.421616548291334,0.0,-12.267480202381517,-8.011240788795623,-8.431507979187415,-12.400017836123013,10.056036614949821,6.599080378628013e-05
ENGINEERING_SAMPLE,imbalance_10,microprice_edge_bps,LOW,MID,30000,1000,465,93.33333333333333,-10.283188304371029,-10.421616548291334,0.0,-12.267480202381517,-8.011240788795623,-8.431507979187415,-12.400017836123013,10.056156288715782,0.00018566456974739416
ENGINEERING_SAMPLE,imbalance_10,microprice_edge_bps,LOW,MID,30000,500,465,93.33333333333333,-10.283131420534577,-10.421616548291334,0.0,-12.267480202381517,-8.011240788795623,-8.431507979187415,-12.400017836123013,10.056099380167897,0.0001287560218624844
ENGINEERING_SAMPLE,imbalance_10,microprice_edge_bps,LOW,MID,500,100,465,100.0,-10.101384639209202,-10.052677070322176,0.0,-10.052750465755738,-10.052615509336029,-8.431507979187415,-12.400017836123013,10.077180112594244,-3.5112948897952018e-25
ENGINEERING_SAMPLE,imbalance_10,microprice_edge_bps,LOW,MID,500,1000,465,100.0,-10.101384639209202,-10.052677070322176,0.0,-10.052750465755738,-10.052615509336029,-8.431507979187415,-12.400017836123013,10.077180112594244,-3.5112948897952018e-25
ENGINEERING_SAMPLE,imbalance_10,microprice_edge_bps,LOW,MID,500,500,465,100.0,-10.101384639209202,-10.052677070322176,0.0,-10.052750465755738,-10.052615509336029,-8.431507979187415,-12.400017836123013,10.077180112594244,0.0
ENGINEERING_SAMPLE,imbalance_10,microprice_edge_bps,LOW,MID,5000,100,465,100.0,-10.246622771713504,-10.052697622675531,0.0,-11.315387733400716,-9.736560500152871,-8.431507979187415,-12.400017836123013,10.058691960454668,-2.9451044138231996e-25
ENGINEERING_SAMPLE,imbalance_10,microprice_edge_bps,LOW,MID,5000,1000,465,100.0,-10.246622771713504,-10.052697622675531,0.0,-11.315387733400716,-9.736560500152871,-8.431507979187415,-12.400017836123013,10.058691960454668,-2.9451044138231996e-25
ENGINEERING_SAMPLE,imbalance_10,microprice_edge_bps,LOW,MID,5000,500,465,100.0,-10.246622771713504,-10.052697622675531,0.0,-11.315387733400716,-9.736560500152871,-8.431507979187415,-12.400017836123013,10.058691960454668,0.0
ENGINEERING_SAMPLE,imbalance_10,microprice_edge_bps,LOW,MID,60000,100,465,89.46236559139786,-10.91459696296075,-10.842723132966082,0.0,-16.787472165339203,-6.782221588899972,-8.431507979187415,-12.400017836123013,10.051290255534472,-8.827437377216186e-26
ENGINEERING_SAMPLE,imbalance_10,microprice_edge_bps,LOW,MID,60000,1000,465,89.46236559139786,-10.91459696296075,-10.842723132966082,0.0,-16.787472165339203,-6.782221588899972,-8.431507979187415,-12.400017836123013,10.051290255534472,-8.827437377216186e-26
ENGINEERING_SAMPLE,imbalance_10,microprice_edge_bps,LOW,MID,60000,500,465,89.46236559139786,-10.91459696296075,-10.842723132966082,0.0,-16.787472165339203,-6.782221588899972,-8.431507979187415,-12.400017836123013,10.051290255534472,0.0
ENGINEERING_SAMPLE,imbalance_10,microprice_edge_bps,MID,HIGH,1000,100,208,100.0,-9.9688378652314,-10.052627699177018,0.0,-10.052711240494046,-9.842148901705052,-8.449115151263866,-11.793074048030613,10.056740735942299,-1.772981140028086e-24
ENGINEERING_SAMPLE,imbalance_10,microprice_edge_bps,MID,HIGH,1000,1000,208,100.0,-9.9688378652314,-10.052627699177018,0.0,-10.052711240494046,-9.842148901705052,-8.449115151263866,-11.793074048030613,10.056740735942299,-1.772981140028086e-24
ENGINEERING_SAMPLE,imbalance_10,microprice_edge_bps,MID,HIGH,1000,500,208,100.0,-9.9688378652314,-10.052627699177018,0.0,-10.052711240494046,-9.842148901705052,-8.449115151263866,-11.793074048030613,10.056740735942299,0.0
ENGINEERING_SAMPLE,imbalance_10,microprice_edge_bps,MID,HIGH,15000,100,208,100.0,-9.872353022389435,-9.842150148189873,0.0,-11.262632642748864,-8.899213122796718,-8.449115151263866,-11.793074048030613,10.068137925766736,-1.6712897899716866e-24
ENGINEERING_SAMPLE,imbalance_10,microprice_edge_bps,MID,HIGH,15000,1000,208,100.0,-9.872353022389435,-9.842150148189873,0.0,-11.262632642748864,-8.899213122796718,-8.449115151263866,-11.793074048030613,10.068137925766736,-1.6712897899716866e-24
ENGINEERING_SAMPLE,imbalance_10,microprice_edge_bps,MID,HIGH,15000,500,208,100.0,-9.872353022389435,-9.842150148189873,0.0,-11.262632642748864,-8.899213122796718,-8.449115151263866,-11.793074048030613,10.068137925766736,0.0
ENGINEERING_SAMPLE,imbalance_10,microprice_edge_bps,MID,HIGH,250,100,208,100.0,-10.044807240808094,-10.052637954097808,0.0,-10.052711240494046,-10.052615509336029,-8.449115151263866,-11.793074048030613,10.055980351125886,-1.8742942589052163e-24
ENGINEERING_SAMPLE,imbalance_10,microprice_edge_bps,MID,HIGH,250,1000,208,100.0,-10.044807240808094,-10.052637954097808,0.0,-10.052711240494046,-10.052615509336029,-8.449115151263866,-11.793074048030613,10.055980351125886,-1.8742942589052163e-24
ENGINEERING_SAMPLE,imbalance_10,microprice_edge_bps,MID,HIGH,250,500,208,100.0,-10.044807240808094,-10.052637954097808,0.0,-10.052711240494046,-10.052615509336029,-8.449115151263866,-11.793074048030613,10.055980351125886,0.0
ENGINEERING_SAMPLE,imbalance_10,microprice_edge_bps,MID,HIGH,3000,100,208,100.0,-9.877357150192804,-10.052615509336029,0.0,-10.158293836894355,-9.209677334331396,-8.449115151263866,-11.793074048030613,10.060037271151373,-1.6715715158325847e-24
ENGINEERING_SAMPLE,imbalance_10,microprice_edge_bps,MID,HIGH,3000,1000,208,100.0,-9.877357150192804,-10.052615509336029,0.0,-10.158293836894355,-9.209677334331396,-8.449115151263866,-11.793074048030613,10.060037271151373,-1.6715715158325847e-24
ENGINEERING_SAMPLE,imbalance_10,microprice_edge_bps,MID,HIGH,3000,500,208,100.0,-9.877357150192804,-10.052615509336029,0.0,-10.158293836894355,-9.209677334331396,-8.449115151263866,-11.793074048030613,10.060037271151373,0.0
ENGINEERING_SAMPLE,imbalance_10,microprice_edge_bps,MID,HIGH,30000,100,208,98.5576923076923,-10.126854605937758,-10.052637954097808,0.0,-11.852372246739147,-7.89401601348504,-8.449115151263866,-11.793074048030613,10.068366928878497,-1.9786506621778768e-24
ENGINEERING_SAMPLE,imbalance_10,microprice_edge_bps,MID,HIGH,30000,1000,208,98.5576923076923,-10.126854605937758,-10.052637954097808,0.0,-11.852372246739147,-7.89401601348504,-8.449115151263866,-11.793074048030613,10.068366928878497,-1.9786506621778768e-24
ENGINEERING_SAMPLE,imbalance_10,microprice_edge_bps,MID,HIGH,30000,500,208,98.5576923076923,-10.126854605937758,-10.052637954097808,0.0,-11.852372246739147,-7.89401601348504,-8.449115151263866,-11.793074048030613,10.068366928878497,0.0
ENGINEERING_SAMPLE,imbalance_10,microprice_edge_bps,MID,HIGH,500,100,208,100.0,-10.000236635829056,-10.052630886282278,0.0,-10.052711240494046,-10.0,-8.449115151263866,-11.793074048030613,10.032676258074385,-1.8236588445978936e-24
ENGINEERING_SAMPLE,imbalance_10,microprice_edge_bps,MID,HIGH,500,1000,208,100.0,-10.000236635829056,-10.052630886282278,0.0,-10.052711240494046,-10.0,-8.449115151263866,-11.793074048030613,10.032676258074385,-1.8236588445978936e-24
ENGINEERING_SAMPLE,imbalance_10,microprice_edge_bps,MID,HIGH,500,500,208,100.0,-10.000236635829056,-10.052630886282278,0.0,-10.052711240494046,-10.0,-8.449115151263866,-11.793074048030613,10.032676258074385,0.0
ENGINEERING_SAMPLE,imbalance_10,microprice_edge_bps,MID,HIGH,5000,100,208,100.0,-9.901833782751073,-10.0,0.0,-10.84316640831778,-9.104300978908915,-8.449115151263866,-11.793074048030613,10.059281704132076,-1.5196948579328329e-24
ENGINEERING_SAMPLE,imbalance_10,microprice_edge_bps,MID,HIGH,5000,1000,208,100.0,-9.901833782751073,-10.0,0.0,-10.84316640831778,-9.104300978908915,-8.449115151263866,-11.793074048030613,10.059281704132076,-1.5196948579328329e-24
ENGINEERING_SAMPLE,imbalance_10,microprice_edge_bps,MID,HIGH,5000,500,208,100.0,-9.901833782751073,-10.0,0.0,-10.84316640831778,-9.104300978908915,-8.449115151263866,-11.793074048030613,10.059281704132076,0.0
ENGINEERING_SAMPLE,imbalance_10,microprice_edge_bps,MID,HIGH,60000,100,208,98.5576923076923,-10.283962202707494,-10.157846528008086,0.0,-13.687258890739296,-7.260214759015503,-8.449115151263866,-11.793074048030613,10.070167939084506,-2.2357079446898365e-24
ENGINEERING_SAMPLE,imbalance_10,microprice_edge_bps,MID,HIGH,60000,1000,208,98.5576923076923,-10.283962202707494,-10.157846528008086,0.0,-13.687258890739296,-7.260214759015503,-8.449115151263866,-11.793074048030613,10.070167939084506,-2.2357079446898365e-24
ENGINEERING_SAMPLE,imbalance_10,microprice_edge_bps,MID,HIGH,60000,500,208,98.5576923076923,-10.283962202707494,-10.157846528008086,0.0,-13.687258890739296,-7.260214759015503,-8.449115151263866,-11.793074048030613,10.070167939084506,0.0
ENGINEERING_SAMPLE,imbalance_10,microprice_edge_bps,MID,LOW,1000,100,580,100.0,-10.101469458113995,-10.05267373901862,0.0,-10.058034352287516,-10.052668465316275,-9.112125135237456,-12.440206813076509,10.05544117011055,-6.81792503942202e-25
ENGINEERING_SAMPLE,imbalance_10,microprice_edge_bps,MID,LOW,1000,1000,580,100.0,-10.101469458113995,-10.05267373901862,0.0,-10.058034352287516,-10.052668465316275,-9.112125135237456,-12.440206813076509,10.05544117011055,-6.81792503942202e-25
ENGINEERING_SAMPLE,imbalance_10,microprice_edge_bps,MID,LOW,1000,500,580,100.0,-10.101469458113995,-10.05267373901862,0.0,-10.058034352287516,-10.052668465316275,-9.112125135237456,-12.440206813076509,10.05544117011055,0.0
ENGINEERING_SAMPLE,imbalance_10,microprice_edge_bps,MID,LOW,15000,100,580,100.0,-10.6068887348753,-10.105347478037238,0.0,-12.79297400180316,-9.315187258219229,-9.112125135237456,-12.440206813076509,10.048533934146281,-9.272916797847205e-25
ENGINEERING_SAMPLE,imbalance_10,microprice_edge_bps,MID,LOW,15000,1000,580,100.0,-10.6068887348753,-10.105347478037238,0.0,-12.79297400180316,-9.315187258219229,-9.112125135237456,-12.440206813076509,10.048533934146281,-9.272916797847205e-25
ENGINEERING_SAMPLE,imbalance_10,microprice_edge_bps,MID,LOW,15000,500,580,100.0,-10.6068887348753,-10.105347478037238,0.0,-12.79297400180316,-9.315187258219229,-9.112125135237456,-12.440206813076509,10.048533934146281,0.0
ENGINEERING_SAMPLE,imbalance_10,microprice_edge_bps,MID,LOW,250,100,580,100.0,-10.062767127126207,-10.05267373901862,0.0,-10.052736549409847,-10.052668465316275,-9.112125135237456,-12.440206813076509,10.052530788392493,-6.90888961044993e-25
ENGINEERING_SAMPLE,imbalance_10,microprice_edge_bps,MID,LOW,250,1000,580,100.0,-10.062767127126207,-10.05267373901862,0.0,-10.052736549409847,-10.052668465316275,-9.112125135237456,-12.440206813076509,10.052530788392493,-6.90888961044993e-25
ENGINEERING_SAMPLE,imbalance_10,microprice_edge_bps,MID,LOW,250,500,580,100.0,-10.062767127126207,-10.05267373901862,0.0,-10.052736549409847,-10.052668465316275,-9.112125135237456,-12.440206813076509,10.052530788392493,0.0
ENGINEERING_SAMPLE,imbalance_10,microprice_edge_bps,MID,LOW,3000,100,580,100.0,-10.199576548878746,-10.052677903213905,0.0,-10.53251442018481,-10.052668465316275,-9.112125135237456,-12.440206813076509,10.056167789399513,-7.272356801981379e-25
ENGINEERING_SAMPLE,imbalance_10,microprice_edge_bps,MID,LOW,3000,1000,580,100.0,-10.199576548878746,-10.052677903213905,0.0,-10.53251442018481,-10.052668465316275,-9.112125135237456,-12.440206813076509,10.056167789399513,-7.272356801981379e-25
ENGINEERING_SAMPLE,imbalance_10,microprice_edge_bps,MID,LOW,3000,500,580,100.0,-10.199576548878746,-10.052677903213905,0.0,-10.53251442018481,-10.052668465316275,-9.112125135237456,-12.440206813076509,10.056167789399513,0.0
ENGINEERING_SAMPLE,imbalance_10,microprice_edge_bps,MID,LOW,30000,100,580,100.0,-10.830902561798277,-10.842628841806867,0.0,-12.74108569650495,-8.782042977953658,-9.112125135237456,-12.440206813076509,10.055809417738104,-8.090828798980926e-25
ENGINEERING_SAMPLE,imbalance_10,microprice_edge_bps,MID,LOW,30000,1000,580,100.0,-10.830902561798277,-10.842628841806867,0.0,-12.74108569650495,-8.782042977953658,-9.112125135237456,-12.440206813076509,10.055809417738104,-8.090828798980926e-25
ENGINEERING_SAMPLE,imbalance_10,microprice_edge_bps,MID,LOW,30000,500,580,100.0,-10.830902561798277,-10.842628841806867,0.0,-12.74108569650495,-8.782042977953658,-9.112125135237456,-12.440206813076509,10.055809417738104,0.0
ENGINEERING_SAMPLE,imbalance_10,microprice_edge_bps,MID,LOW,500,100,580,100.0,-10.083754908391146,-10.05267373901862,0.0,-10.05276076858108,-10.052668465316275,-9.112125135237456,-12.440206813076509,10.062986472950874,-6.81792503942202e-25
ENGINEERING_SAMPLE,imbalance_10,microprice_edge_bps,MID,LOW,500,1000,580,100.0,-10.083754908391146,-10.05267373901862,0.0,-10.05276076858108,-10.052668465316275,-9.112125135237456,-12.440206813076509,10.062986472950874,-6.81792503942202e-25
ENGINEERING_SAMPLE,imbalance_10,microprice_edge_bps,MID,LOW,500,500,580,100.0,-10.083754908391146,-10.05267373901862,0.0,-10.05276076858108,-10.052668465316275,-9.112125135237456,-12.440206813076509,10.062986472950874,0.0
ENGINEERING_SAMPLE,imbalance_10,microprice_edge_bps,MID,LOW,5000,100,580,100.0,-10.302040603620402,-10.052683734193563,0.0,-11.000616477332603,-10.031575260988143,-9.112125135237456,-12.440206813076509,10.060258762975272,-7.545008824193332e-25
ENGINEERING_SAMPLE,imbalance_10,microprice_edge_bps,MID,LOW,5000,1000,580,100.0,-10.302040603620402,-10.052683734193563,0.0,-11.000616477332603,-10.031575260988143,-9.112125135237456,-12.440206813076509,10.060258762975272,-7.545008824193332e-25
ENGINEERING_SAMPLE,imbalance_10,microprice_edge_bps,MID,LOW,5000,500,580,100.0,-10.302040603620402,-10.052683734193563,0.0,-11.000616477332603,-10.031575260988143,-9.112125135237456,-12.440206813076509,10.060258762975272,0.0
ENGINEERING_SAMPLE,imbalance_10,microprice_edge_bps,MID,LOW,60000,100,580,100.0,-11.181065705284047,-11.264169736446854,0.0,-15.372183462259976,-7.524138548946442,-9.112125135237456,-12.440206813076509,10.050354688311872,-3.3634196024793936e-25
ENGINEERING_SAMPLE,imbalance_10,microprice_edge_bps,MID,LOW,60000,1000,580,100.0,-11.181065705284047,-11.264169736446854,0.0,-15.372183462259976,-7.524138548946442,-9.112125135237456,-12.440206813076509,10.050354688311872,-3.3634196024793936e-25
ENGINEERING_SAMPLE,imbalance_10,microprice_edge_bps,MID,LOW,60000,500,580,100.0,-11.181065705284047,-11.264169736446854,0.0,-15.372183462259976,-7.524138548946442,-9.112125135237456,-12.440206813076509,10.050354688311872,0.0
ENGINEERING_SAMPLE,imbalance_10,microprice_edge_bps,MID,MID,1000,100,1609,100.0,-10.058219165281226,-10.052692066404129,0.0,-10.052769570977494,-10.052618002253178,-7.996947070541638,-12.258818195790402,10.05134914969555,2.598013623030806e-05
ENGINEERING_SAMPLE,imbalance_10,microprice_edge_bps,MID,MID,1000,1000,1609,100.0,-10.05829713893781,-10.052692066404129,0.0,-10.052769570977494,-10.052618002253178,-7.997025109151389,-12.258896175504953,10.051427152251692,0.00010398269237173785
ENGINEERING_SAMPLE,imbalance_10,microprice_edge_bps,MID,MID,1000,500,1609,100.0,-10.058269866537717,-10.052692066404129,0.0,-10.052769570977494,-10.052618002253178,-7.996997814032999,-12.258868900986,10.051399869520921,7.66999615997772e-05
ENGINEERING_SAMPLE,imbalance_10,microprice_edge_bps,MID,MID,15000,100,1609,99.37849596022374,-9.914745650878617,-9.947316265806437,0.0,-11.894248081114375,-8.104654347780283,-7.996947070541638,-12.258818195790402,10.044729147793564,2.614261363012237e-05
ENGINEERING_SAMPLE,imbalance_10,microprice_edge_bps,MID,MID,15000,1000,1609,99.37849596022374,-9.91483563454627,-9.947316265806437,0.0,-11.894248081114375,-8.104654347780283,-7.997025109151389,-12.258896175504953,10.044819165745984,0.00011616056605073608
ENGINEERING_SAMPLE,imbalance_10,microprice_edge_bps,MID,MID,15000,500,1609,99.37849596022374,-9.914796671101536,-9.947316265806437,0.0,-11.894248081114375,-8.104654347780283,-7.996997814032999,-12.258868900986,10.04478018481609,7.717963615637367e-05
ENGINEERING_SAMPLE,imbalance_10,microprice_edge_bps,MID,MID,250,100,1609,100.0,-10.058354920016644,-10.052692066404129,0.0,-10.05276076858108,-10.052627699177018,-7.996947070541638,-12.258818195790402,10.050709810493977,2.598013623030806e-05
ENGINEERING_SAMPLE,imbalance_10,microprice_edge_bps,MID,MID,250,1000,1609,100.0,-10.058432885851904,-10.052692066404129,0.0,-10.05276076858108,-10.052627699177018,-7.997025109151389,-12.258896175504953,10.05078781305012,0.00010398269237173785
ENGINEERING_SAMPLE,imbalance_10,microprice_edge_bps,MID,MID,250,500,1609,100.0,-10.058405616187429,-10.052692066404129,0.0,-10.05276076858108,-10.052627699177018,-7.996997814032999,-12.258868900986,10.050760530319348,7.66999615997772e-05
ENGINEERING_SAMPLE,imbalance_10,microprice_edge_bps,MID,MID,3000,100,1609,100.0,-10.031152877788811,-10.05268567814032,0.0,-10.474101131506616,-9.315733894503968,-7.996947070541638,-12.258818195790402,10.04694953483233,5.2312017025101526e-05
ENGINEERING_SAMPLE,imbalance_10,microprice_edge_bps,MID,MID,3000,1000,1609,100.0,-10.031394140925515,-10.05268567814032,0.0,-10.474101131506616,-9.315733894503968,-7.997025109151389,-12.258896175504953,10.047190920192321,0.00029369737701614534
ENGINEERING_SAMPLE,imbalance_10,microprice_edge_bps,MID,MID,3000,500,1609,100.0,-10.031326922734886,-10.05268567814032,0.0,-10.474101131506616,-9.315733894503968,-7.996997814032999,-12.258868900986,10.04712366979377,0.00022644697846487658
ENGINEERING_SAMPLE,imbalance_10,microprice_edge_bps,MID,MID,30000,100,1609,98.69484151646985,-9.970438115581825,-10.052627699177018,0.0,-12.89594154646887,-7.190569004566027,-7.996947070541638,-12.258818195790402,10.053219384977776,3.744151991285812e-05
ENGINEERING_SAMPLE,imbalance_10,microprice_edge_bps,MID,MID,30000,1000,1609,98.69484151646985,-9.970577440138308,-10.052627699177018,0.0,-12.89594154646887,-7.190569004566027,-7.997025109151389,-12.258896175504953,10.053358763135675,0.0001768196778114183
ENGINEERING_SAMPLE,imbalance_10,microprice_edge_bps,MID,MID,30000,500,1609,98.69484151646985,-9.97053169733701,-10.052627699177018,0.0,-12.89594154646887,-7.190569004566027,-7.996997814032999,-12.258868900986,10.053313003299376,0.00013105984151187412
ENGINEERING_SAMPLE,imbalance_10,microprice_edge_bps,MID,MID,500,100,1609,100.0,-10.054390069325544,-10.052692066404129,0.0,-10.052761047091677,-10.052619941352061,-7.996947070541638,-12.258818195790402,10.048219534603648,2.598013623030806e-05
ENGINEERING_SAMPLE,imbalance_10,microprice_edge_bps,MID,MID,500,1000,1609,100.0,-10.054468035160806,-10.052692066404129,0.0,-10.052761047091677,-10.052619941352061,-7.997025109151389,-12.258896175504953,10.048297537159788,0.00010398269237173785
ENGINEERING_SAMPLE,imbalance_10,microprice_edge_bps,MID,MID,500,500,1609,100.0,-10.05444076549633,-10.052692066404129,0.0,-10.052761047091677,-10.052619941352061,-7.996997814032999,-12.258868900986,10.048270254429019,7.66999615997772e-05
ENGINEERING_SAMPLE,imbalance_10,microprice_edge_bps,MID,MID,5000,100,1609,100.0,-10.004326628232409,-10.052677070322176,0.0,-10.907236313402928,-8.998929900580912,-7.996947070541638,-12.258818195790402,10.047067718819214,5.2312017025101526e-05
ENGINEERING_SAMPLE,imbalance_10,microprice_edge_bps,MID,MID,5000,1000,1609,100.0,-10.004567873668226,-10.052677070322176,0.0,-10.907236313402928,-8.998929900580912,-7.997025109151389,-12.258896175504953,10.047309104179204,0.00029369737701614534
ENGINEERING_SAMPLE,imbalance_10,microprice_edge_bps,MID,MID,5000,500,1609,100.0,-10.004500661668734,-10.052677070322176,0.0,-10.907236313402928,-8.998929900580912,-7.996997814032999,-12.258868900986,10.047241853780653,0.00022644697846487658
ENGINEERING_SAMPLE,imbalance_10,microprice_edge_bps,MID,MID,60000,100,1609,98.69484151646985,-10.132543963570415,-9.44641245348116,0.0,-14.535678291199021,-6.262705259055624,-7.996947070541638,-12.258818195790402,10.05094625848896,2.6323702263580396e-05
ENGINEERING_SAMPLE,imbalance_10,microprice_edge_bps,MID,MID,60000,1000,1609,98.69484151646985,-10.132622950012712,-9.44641245348116,0.0,-14.535678291199021,-6.262705259055624,-7.997025109151389,-12.258896175504953,10.05102529256505,0.00010535777835398375
ENGINEERING_SAMPLE,imbalance_10,microprice_edge_bps,MID,MID,60000,500,1609,98.69484151646985,-10.13259532337635,-9.44641245348116,0.0,-14.535678291199021,-6.262705259055624,-7.996997814032999,-12.258868900986,10.050997649042499,7.771425580229315e-05
ENGINEERING_SAMPLE,ofi_1s,aggressive_flow_1s,HIGH,HIGH,1000,100,1074,100.0,-9.988456235136203,-10.052670963254164,0.0,-10.052754642091818,-9.699814990123965,-7.943600037256828,-11.87647664224463,10.059093145673781,0.00010803228395100496
ENGINEERING_SAMPLE,ofi_1s,aggressive_flow_1s,HIGH,HIGH,1000,1000,1074,100.0,-9.988748761135806,-10.052670963254164,0.0,-10.052754642091818,-9.699814990123965,-7.943892831608111,-11.876769287017458,10.059385806473703,0.0004006930838711603
ENGINEERING_SAMPLE,ofi_1s,aggressive_flow_1s,HIGH,HIGH,1000,500,1074,100.0,-9.988630424740228,-10.052670963254164,0.0,-10.052754642091818,-9.699814990123965,-7.943774386681631,-11.876650901124634,10.059267415231545,0.00028230184171358885
ENGINEERING_SAMPLE,ofi_1s,aggressive_flow_1s,HIGH,HIGH,15000,100,1074,98.51024208566108,-9.761039769645683,-9.894644193572189,0.0,-11.423676505499722,-7.841553585247334,-7.943600037256828,-11.87647664224463,10.065751139548071,0.00013673647177215838
ENGINEERING_SAMPLE,ofi_1s,aggressive_flow_1s,HIGH,HIGH,15000,1000,1074,98.51024208566108,-9.761385812097373,-9.894644193572189,0.0,-11.423676505499722,-7.841553585247334,-7.943892831608111,-11.876769287017458,10.06609731736308,0.00048291428678171695
ENGINEERING_SAMPLE,ofi_1s,aggressive_flow_1s,HIGH,HIGH,15000,500,1074,98.51024208566108,-9.761242342366334,-9.894644193572189,0.0,-11.423676505499722,-7.841553585247334,-7.943774386681631,-11.876650901124634,10.06595379185855,0.0003393887822522072
ENGINEERING_SAMPLE,ofi_1s,aggressive_flow_1s,HIGH,HIGH,250,100,1074,100.0,-10.029732995524888,-10.052675959840839,0.0,-10.05275074415757,-10.052616617270042,-7.943600037256828,-11.87647664224463,10.053311355301082,0.00010803228395100496
ENGINEERING_SAMPLE,ofi_1s,aggressive_flow_1s,HIGH,HIGH,250,1000,1074,100.0,-10.030025514831216,-10.052675959840839,0.0,-10.05275074415757,-10.052616617270042,-7.943892831608111,-11.876769287017458,10.053604016101001,0.0004006930838711603
ENGINEERING_SAMPLE,ofi_1s,aggressive_flow_1s,HIGH,HIGH,250,500,1074,100.0,-10.029907180389705,-10.052675959840839,0.0,-10.05275074415757,-10.052616617270042,-7.943774386681631,-11.876650901124634,10.053485624858846,0.00028230184171358885
ENGINEERING_SAMPLE,ofi_1s,aggressive_flow_1s,HIGH,HIGH,3000,100,1074,99.81378026070763,-9.879833477843821,-10.052658753365261,0.0,-10.474162356793343,-9.156330032211661,-7.943600037256828,-11.87647664224463,10.057386940021342,0.00010823383671957028
ENGINEERING_SAMPLE,ofi_1s,aggressive_flow_1s,HIGH,HIGH,3000,1000,1074,99.81378026070763,-9.88012656820062,-10.052658753365261,0.0,-10.474162356793343,-9.156330032211661,-7.943892831608111,-11.876769287017458,10.057680146830217,0.0004014406455948006
ENGINEERING_SAMPLE,ofi_1s,aggressive_flow_1s,HIGH,HIGH,3000,500,1074,99.81378026070763,-9.880008001924551,-10.052658753365261,0.0,-10.474162356793343,-9.156330032211661,-7.943774386681631,-11.876650901124634,10.057561534708878,0.0002828285242540993
ENGINEERING_SAMPLE,ofi_1s,aggressive_flow_1s,HIGH,HIGH,30000,100,1074,98.04469273743017,-9.778505370110198,-9.947221400811085,0.0,-12.262490721779734,-6.941993247908942,-7.943600037256828,-11.87647664224463,10.065232530989112,0.00011018677394432985
ENGINEERING_SAMPLE,ofi_1s,aggressive_flow_1s,HIGH,HIGH,30000,1000,1074,98.04469273743017,-9.778803796639751,-9.947221400811085,0.0,-12.262490721779734,-6.941993247908942,-7.943892831608111,-11.876769287017458,10.065531028329202,0.0004086841140338331
ENGINEERING_SAMPLE,ofi_1s,aggressive_flow_1s,HIGH,HIGH,30000,500,1074,98.04469273743017,-9.77868307459513,-9.947221400811085,0.0,-12.262490721779734,-6.941993247908942,-7.943774386681631,-11.876650901124634,10.065410276008143,0.0002879317929728342
ENGINEERING_SAMPLE,ofi_1s,aggressive_flow_1s,HIGH,HIGH,500,100,1074,100.0,-10.012462463184153,-10.052674294208082,0.0,-10.052752971478034,-9.894649683940203,-7.943600037256828,-11.87647664224463,10.05217992186449,0.00010803228395100496
ENGINEERING_SAMPLE,ofi_1s,aggressive_flow_1s,HIGH,HIGH,500,1000,1074,100.0,-10.012776654166933,-10.052674294208082,0.0,-10.052752971478034,-9.894649683940203,-7.943892831608111,-11.876769287017458,10.05249426025499,0.0004223706744539842
ENGINEERING_SAMPLE,ofi_1s,aggressive_flow_1s,HIGH,HIGH,500,500,1074,100.0,-10.01263665278818,-10.052674294208082,0.0,-10.052752971478034,-9.894649683940203,-7.943774386681631,-11.876650901124634,10.052354191422252,0.00028230184171358885
ENGINEERING_SAMPLE,ofi_1s,aggressive_flow_1s,HIGH,HIGH,5000,100,1074,99.53445065176909,-9.805084549131406,-10.052638231313296,0.0,-10.790010327965602,-8.630209912452633,-7.943600037256828,-11.87647664224463,10.06499505889233,0.00010853757994703398
ENGINEERING_SAMPLE,ofi_1s,aggressive_flow_1s,HIGH,HIGH,5000,1000,1074,99.53445065176909,-9.805378462005576,-10.052638231313296,0.0,-10.790010327965602,-8.672911242108954,-7.943892831608111,-11.876769287017458,10.065289088545384,0.0004025672330005858
ENGINEERING_SAMPLE,ofi_1s,aggressive_flow_1s,HIGH,HIGH,5000,500,1074,99.53445065176909,-9.805259562989725,-10.052638231313296,0.0,-10.790010327965602,-8.630209912452633,-7.943774386681631,-11.876650901124634,10.065170143555601,0.0002836222432183297
ENGINEERING_SAMPLE,ofi_1s,aggressive_flow_1s,HIGH,HIGH,60000,100,1074,96.74115456238361,-9.856565568489824,-10.0,0.0,-14.324032013843825,-5.830930959471161,-7.943600037256828,-11.87647664224463,10.06322325707347,0.00011167148504656336
ENGINEERING_SAMPLE,ofi_1s,aggressive_flow_1s,HIGH,HIGH,60000,1000,1074,96.74115456238361,-9.856868060486576,-10.0,0.0,-14.324032013843825,-5.834273497918939,-7.943892831608111,-11.876769287017458,10.063525776514389,0.0004141909259649915
ENGINEERING_SAMPLE,ofi_1s,aggressive_flow_1s,HIGH,HIGH,60000,500,1074,96.74115456238361,-9.856745691614549,-10.0,0.0,-14.324032013843825,-5.834273497918939,-7.943774386681631,-11.876650901124634,10.063403397116817,0.00029181152839306493
ENGINEERING_SAMPLE,ofi_1s,aggressive_flow_1s,HIGH,LOW,1000,100,449,100.0,-10.022992114261925,-10.052677903213905,0.0,-10.052757426683275,-9.989463253161288,-8.176884183660873,-12.633854359668852,10.059402239610229,-3.634696035237921e-25
ENGINEERING_SAMPLE,ofi_1s,aggressive_flow_1s,HIGH,LOW,1000,1000,449,100.0,-10.023395754181202,-10.052677903213905,0.0,-10.052757426683275,-9.989463253161288,-8.177288144629083,-12.634258167472474,10.059806066435891,0.0004038268256618752
ENGINEERING_SAMPLE,ofi_1s,aggressive_flow_1s,HIGH,LOW,1000,500,449,100.0,-10.023330308018789,-10.052677903213905,0.0,-10.052757426683275,-9.989463253161288,-8.177222646411808,-12.634192694089299,10.059740588973774,0.0003383493635456572
ENGINEERING_SAMPLE,ofi_1s,aggressive_flow_1s,HIGH,LOW,15000,100,449,99.33184855233853,-10.185040104357817,-10.05264571838044,0.0,-12.107082812887041,-8.313618279105722,-8.176884183660873,-12.633854359668852,10.062286134949982,-5.313811027680164e-25
ENGINEERING_SAMPLE,ofi_1s,aggressive_flow_1s,HIGH,LOW,15000,1000,449,99.33184855233853,-10.185446467905912,-10.05264571838044,0.0,-12.107082812887041,-8.313618279105722,-8.177288144629083,-12.634258167472474,10.062692678099584,0.00040654314960130486
ENGINEERING_SAMPLE,ofi_1s,aggressive_flow_1s,HIGH,LOW,15000,500,449,99.33184855233853,-10.185380580134417,-10.05264571838044,0.0,-12.107082812887041,-8.313618279105722,-8.177222646411808,-12.634192694089299,10.06262676020611,0.00034062525612556075
ENGINEERING_SAMPLE,ofi_1s,aggressive_flow_1s,HIGH,LOW,250,100,449,100.0,-10.040834715130568,-10.05268567814032,0.0,-10.052757426683275,-10.05261844547461,-8.176884183660873,-12.633854359668852,10.051059034200883,-3.75101028262001e-25
ENGINEERING_SAMPLE,ofi_1s,aggressive_flow_1s,HIGH,LOW,250,1000,449,100.0,-10.041238355049845,-10.05268567814032,0.0,-10.052757426683275,-10.05261844547461,-8.177288144629083,-12.634258167472474,10.051462861026543,0.0004038268256618752
ENGINEERING_SAMPLE,ofi_1s,aggressive_flow_1s,HIGH,LOW,250,500,449,100.0,-10.041172908887432,-10.05268567814032,0.0,-10.052757426683275,-10.05261844547461,-8.177222646411808,-12.634192694089299,10.051397383564428,0.0003383493635456572
ENGINEERING_SAMPLE,ofi_1s,aggressive_flow_1s,HIGH,LOW,3000,100,449,100.0,-9.983271614431306,-10.05267373901862,0.0,-10.47489956129005,-9.315077448911843,-8.176884183660873,-12.633854359668852,10.055209776795442,9.436079331586345e-05
ENGINEERING_SAMPLE,ofi_1s,aggressive_flow_1s,HIGH,LOW,3000,1000,449,100.0,-9.984260372840515,-10.05267373901862,0.0,-10.47489956129005,-9.315077448911843,-8.177288144629083,-12.634258167472474,10.056199088991692,0.0010836729895657765
ENGINEERING_SAMPLE,ofi_1s,aggressive_flow_1s,HIGH,LOW,3000,500,449,100.0,-9.984051791532504,-10.05267373901862,0.0,-10.47489956129005,-9.315077448911843,-8.177222646411808,-12.634192694089299,10.055990386635463,0.0008749706333361804
ENGINEERING_SAMPLE,ofi_1s,aggressive_flow_1s,HIGH,LOW,30000,100,449,97.55011135857461,-10.328181538674578,-10.157846528008086,0.0,-13.741452304253155,-7.4547279820680545,-8.176884183660873,-12.633854359668852,10.061737722071848,-1.5591171224154692e-25
ENGINEERING_SAMPLE,ofi_1s,aggressive_flow_1s,HIGH,LOW,30000,1000,449,97.55011135857461,-10.32864858192591,-10.157846528008086,0.0,-13.741452304253155,-7.461730541376184,-8.177288144629083,-12.634258167472474,10.062204894581178,0.00046717250932978545
ENGINEERING_SAMPLE,ofi_1s,aggressive_flow_1s,HIGH,LOW,30000,500,449,97.55011135857461,-10.328528300756851,-10.157846528008086,0.0,-13.741452304253155,-7.4547279820680545,-8.177222646411808,-12.634192694089299,10.06208456879384,0.0003468467219908678
ENGINEERING_SAMPLE,ofi_1s,aggressive_flow_1s,HIGH,LOW,500,100,449,100.0,-10.027571744999422,-10.05268317880655,0.0,-10.052757426683275,-10.052615509336029,-8.176884183660873,-12.633854359668852,10.048712963990456,-3.6339747336392295e-25
ENGINEERING_SAMPLE,ofi_1s,aggressive_flow_1s,HIGH,LOW,500,1000,449,100.0,-10.0279753849187,-10.05268317880655,0.0,-10.052757426683275,-10.052615509336029,-8.177288144629083,-12.634258167472474,10.049116790816118,0.0004038268256618752
ENGINEERING_SAMPLE,ofi_1s,aggressive_flow_1s,HIGH,LOW,500,500,449,100.0,-10.027909938756284,-10.05268317880655,0.0,-10.052757426683275,-10.052615509336029,-8.177222646411808,-12.634192694089299,10.049051313354003,0.0003383493635456572
ENGINEERING_SAMPLE,ofi_1s,aggressive_flow_1s,HIGH,LOW,5000,100,449,100.0,-9.99831607016361,-10.052673461429007,0.0,-10.895623481290555,-9.104205551059621,-8.176884183660873,-12.633854359668852,10.058344845419573,-5.863979161224279e-25
ENGINEERING_SAMPLE,ofi_1s,aggressive_flow_1s,HIGH,LOW,5000,1000,449,100.0,-9.998719710082886,-10.052673461429007,0.0,-10.895623481290555,-9.104205551059621,-8.177288144629083,-12.634258167472474,10.058748672245233,0.0004038268256618752
ENGINEERING_SAMPLE,ofi_1s,aggressive_flow_1s,HIGH,LOW,5000,500,449,100.0,-9.998654263920475,-10.052673461429007,0.0,-10.895623481290555,-9.104205551059621,-8.177222646411808,-12.634192694089299,10.058683194783116,0.0003383493635456572
ENGINEERING_SAMPLE,ofi_1s,aggressive_flow_1s,HIGH,LOW,60000,100,449,95.99109131403118,-10.59682789029089,-10.737342972767895,0.0,-16.11789164859403,-5.9888052805280525,-8.176884183660873,-12.633854359668852,10.057479385859347,-2.319739924570739e-25
ENGINEERING_SAMPLE,ofi_1s,aggressive_flow_1s,HIGH,LOW,60000,1000,449,95.99109131403118,-10.597550640881536,-10.737342972767895,0.0,-16.11789164859403,-5.9888052805280525,-8.177288144629083,-12.634258167472474,10.058202643657896,0.0007232577985500444
ENGINEERING_SAMPLE,ofi_1s,aggressive_flow_1s,HIGH,LOW,60000,500,449,95.99109131403118,-10.597417985468773,-10.737342972767895,0.0,-16.11789164859403,-5.9888052805280525,-8.177222646411808,-12.634192694089299,10.058069886253442,0.0005905003940958562
ENGINEERING_SAMPLE,ofi_1s,aggressive_flow_1s,HIGH,MID,1000,100,874,100.0,-10.013591889199008,-10.052681651561794,0.0,-10.052771911298839,-9.736275828717414,-7.997142475271515,-12.31962692380574,10.060523214673001,1.9072275055066566e-05
ENGINEERING_SAMPLE,ofi_1s,aggressive_flow_1s,HIGH,MID,1000,1000,874,100.0,-10.01388136167939,-10.052681651561794,0.0,-10.052771911298839,-9.73652022164462,-7.997432119794657,-12.319916425939466,10.06081282450545,0.0003086821075017059
ENGINEERING_SAMPLE,ofi_1s,aggressive_flow_1s,HIGH,MID,1000,500,874,100.0,-10.01363233701687,-10.052681651561794,0.0,-10.052771911298839,-9.736275828717414,-7.997182954256671,-12.319667382792975,10.060563680681279,5.9538283331959096e-05
ENGINEERING_SAMPLE,ofi_1s,aggressive_flow_1s,HIGH,MID,15000,100,874,99.19908466819221,-9.956804140197258,-9.947316265806437,0.0,-11.916181816234426,-7.888916226596831,-7.997142475271515,-12.31962692380574,10.061552907865778,1.9226261128175522e-05
ENGINEERING_SAMPLE,ofi_1s,aggressive_flow_1s,HIGH,MID,15000,1000,874,99.19908466819221,-9.957246206697308,-9.947316265806437,0.0,-11.916181816234426,-7.888916226596831,-7.997432119794657,-12.319916425939466,10.06199527571377,0.00046159410911938336
ENGINEERING_SAMPLE,ofi_1s,aggressive_flow_1s,HIGH,MID,15000,500,874,99.19908466819221,-9.956963144875479,-9.947316265806437,0.0,-11.916181816234426,-7.888916226596831,-7.997182954256671,-12.319667382792975,10.06171204307368,0.00017836146903079642
ENGINEERING_SAMPLE,ofi_1s,aggressive_flow_1s,HIGH,MID,250,100,874,100.0,-10.045781571208593,-10.052692066404129,0.0,-10.052764110902295,-10.052619941352061,-7.997142475271515,-12.31962692380574,10.056965547432123,1.9072275055066566e-05
ENGINEERING_SAMPLE,ofi_1s,aggressive_flow_1s,HIGH,MID,250,1000,874,100.0,-10.046071034940285,-10.052692066404129,0.0,-10.052764110902295,-10.052619941352061,-7.997432119794657,-12.319916425939466,10.057255157264573,0.0003086821075017059
ENGINEERING_SAMPLE,ofi_1s,aggressive_flow_1s,HIGH,MID,250,500,874,100.0,-10.045822018709643,-10.052692066404129,0.0,-10.052764110902295,-10.052619941352061,-7.997182954256671,-12.319667382792975,10.057006013440402,5.9538283331959096e-05
ENGINEERING_SAMPLE,ofi_1s,aggressive_flow_1s,HIGH,MID,3000,100,874,100.0,-9.945380048297869,-10.05267151838365,0.0,-10.474398662581281,-9.155803672110153,-7.997142475271515,-12.31962692380574,10.060426052437219,4.161972242250757e-05
ENGINEERING_SAMPLE,ofi_1s,aggressive_flow_1s,HIGH,MID,3000,1000,874,100.0,-9.945703485391263,-10.05267151838365,0.0,-10.474398662581281,-9.155803672110153,-7.997432119794657,-12.319916425939466,10.060749648978446,0.0003652162636506058
ENGINEERING_SAMPLE,ofi_1s,aggressive_flow_1s,HIGH,MID,3000,500,874,100.0,-9.945450686882854,-10.05267151838365,0.0,-10.474398662581281,-9.155803672110153,-7.997182954256671,-12.319667382792975,10.0604967288533,0.00011229613850514133
ENGINEERING_SAMPLE,ofi_1s,aggressive_flow_1s,HIGH,MID,30000,100,874,97.48283752860412,-10.091477085969496,-10.0,0.0,-13.105321528702925,-7.26310024697079,-7.997142475271515,-12.31962692380574,10.067065489185211,4.2692362559821775e-05
ENGINEERING_SAMPLE,ofi_1s,aggressive_flow_1s,HIGH,MID,30000,1000,874,97.48283752860412,-10.091884061612541,-10.0,0.0,-13.105321528702925,-7.26310024697079,-7.997432119794657,-12.319916425939466,10.067472775261828,0.00044997843917813
ENGINEERING_SAMPLE,ofi_1s,aggressive_flow_1s,HIGH,MID,30000,500,874,97.48283752860412,-10.091594944014682,-10.0,0.0,-13.105321528702925,-7.26310024697079,-7.997182954256671,-12.319667382792975,10.067183429254612,0.00016063243196129105
ENGINEERING_SAMPLE,ofi_1s,aggressive_flow_1s,HIGH,MID,500,100,874,100.0,-10.030647641644793,-10.05268567814032,0.0,-10.052764667997002,-10.052610690410035,-7.997142475271515,-12.31962692380574,10.057270469713131,1.9072275055066566e-05
ENGINEERING_SAMPLE,ofi_1s,aggressive_flow_1s,HIGH,MID,500,1000,874,100.0,-10.030937114125171,-10.05268567814032,0.0,-10.052764667997002,-10.052610690410035,-7.997432119794657,-12.319916425939466,10.057560079545576,0.0003086821075017059
ENGINEERING_SAMPLE,ofi_1s,aggressive_flow_1s,HIGH,MID,500,500,874,100.0,-10.030688089462654,-10.05268567814032,0.0,-10.052764667997002,-10.052610690410035,-7.997182954256671,-12.319667382792975,10.057310935721409,5.9538283331959096e-05
ENGINEERING_SAMPLE,ofi_1s,aggressive_flow_1s,HIGH,MID,5000,100,874,100.0,-9.911501697551515,-10.052669020393108,0.0,-10.947483173760546,-8.841362055979218,-7.997142475271515,-12.31962692380574,10.069834195451318,6.75482432459392e-05
ENGINEERING_SAMPLE,ofi_1s,aggressive_flow_1s,HIGH,MID,5000,1000,874,100.0,-9.912091755595123,-10.052669020393108,0.0,-10.947483173760546,-8.841362055979218,-7.997432119794657,-12.319916425939466,10.070424586669798,0.0006579394617269367
ENGINEERING_SAMPLE,ofi_1s,aggressive_flow_1s,HIGH,MID,5000,500,874,100.0,-9.911769202513977,-10.052669020393108,0.0,-10.947483173760546,-8.841362055979218,-7.997182954256671,-12.319667382792975,10.070101863924052,0.0003352167159817816
ENGINEERING_SAMPLE,ofi_1s,aggressive_flow_1s,HIGH,MID,60000,100,874,96.79633867276888,-10.293777769861785,-10.052662390980927,0.0,-14.561515981590794,-6.134827413106043,-7.997142475271515,-12.31962692380574,10.067761799962039,1.970350874483236e-05
ENGINEERING_SAMPLE,ofi_1s,aggressive_flow_1s,HIGH,MID,60000,1000,874,96.79633867276888,-10.294076773158196,-10.052662390980927,0.0,-14.561515981590794,-6.170691730523286,-7.997432119794657,-12.319916425939466,10.068060994989885,0.0003188985365915969
ENGINEERING_SAMPLE,ofi_1s,aggressive_flow_1s,HIGH,MID,60000,500,874,96.79633867276888,-10.293819564844638,-10.052662390980927,0.0,-14.561515981590794,-6.14922531600997,-7.997182954256671,-12.319667382792975,10.067803605270825,6.150881753207122e-05
ENGINEERING_SAMPLE,ofi_1s,aggressive_flow_1s,LOW,HIGH,1000,100,512,99.8046875,-10.09324344935181,-10.052674571805007,0.0,-10.105218833065768,-10.052616063297203,-8.345923421239487,-12.211043352071771,10.055237715926602,5.6041545083156536e-05
ENGINEERING_SAMPLE,ofi_1s,aggressive_flow_1s,LOW,HIGH,1000,1000,512,99.8046875,-10.093345034025731,-10.052674571805007,0.0,-10.105218833065768,-10.052616063297203,-8.345981429510472,-12.211043352071771,10.0553393565007,0.0001576821191810803
ENGINEERING_SAMPLE,ofi_1s,aggressive_flow_1s,LOW,HIGH,1000,500,512,99.8046875,-10.093296721726265,-10.052674571805007,0.0,-10.105218833065768,-10.052616063297203,-8.345974984147029,-12.211043352071771,10.055291017615863,0.0001093432343456833
ENGINEERING_SAMPLE,ofi_1s,aggressive_flow_1s,LOW,HIGH,15000,100,512,98.046875,-10.158081645183593,-10.052667355197707,0.0,-11.841659164731958,-8.428203010154096,-8.345923421239487,-12.211043352071771,10.044413641095009,-1.2173646526777755e-24
ENGINEERING_SAMPLE,ofi_1s,aggressive_flow_1s,LOW,HIGH,15000,1000,512,98.046875,-10.158081645183593,-10.052667355197707,0.0,-11.841659164731958,-8.428203010154096,-8.345981429510472,-12.211043352071771,10.044413641095009,-1.2173646526777755e-24
ENGINEERING_SAMPLE,ofi_1s,aggressive_flow_1s,LOW,HIGH,15000,500,512,98.046875,-10.158081645183593,-10.052667355197707,0.0,-11.841659164731958,-8.428203010154096,-8.345974984147029,-12.211043352071771,10.044413641095009,0.0
ENGINEERING_SAMPLE,ofi_1s,aggressive_flow_1s,LOW,HIGH,250,100,512,99.8046875,-10.06792915381637,-10.05267373901862,0.0,-10.05275074415757,-10.052618002253178,-8.345923421239487,-12.211043352071771,10.054973790330646,-1.1341511396205603e-24
ENGINEERING_SAMPLE,ofi_1s,aggressive_flow_1s,LOW,HIGH,250,1000,512,99.8046875,-10.06792915381637,-10.05267373901862,0.0,-10.05275074415757,-10.052618002253178,-8.345981429510472,-12.211043352071771,10.054973790330646,-1.1341511396205603e-24
ENGINEERING_SAMPLE,ofi_1s,aggressive_flow_1s,LOW,HIGH,250,500,512,99.8046875,-10.06792915381637,-10.05267373901862,0.0,-10.05275074415757,-10.052618002253178,-8.345974984147029,-12.211043352071771,10.054973790330646,0.0
ENGINEERING_SAMPLE,ofi_1s,aggressive_flow_1s,LOW,HIGH,3000,100,512,99.0234375,-10.175559120431368,-10.052677903213905,0.0,-10.937620679707374,-9.684122583595812,-8.345923421239487,-12.211043352071771,10.051042558985467,-1.1847896543358285e-24
ENGINEERING_SAMPLE,ofi_1s,aggressive_flow_1s,LOW,HIGH,3000,1000,512,99.0234375,-10.17585252800173,-10.052677903213905,0.0,-10.937620679707374,-9.684122583595812,-8.345981429510472,-12.211043352071771,10.051336201470319,0.0002936424848542697
ENGINEERING_SAMPLE,ofi_1s,aggressive_flow_1s,LOW,HIGH,3000,500,512,99.0234375,-10.175761331110907,-10.052677903213905,0.0,-10.937620679707374,-9.684122583595812,-8.345974984147029,-12.211043352071771,10.051244938577064,0.0002023795915975365
ENGINEERING_SAMPLE,ofi_1s,aggressive_flow_1s,LOW,HIGH,30000,100,512,97.65625,-10.18308674876449,-10.0,0.0,-12.582183511101036,-7.627994177767933,-8.345923421239487,-12.211043352071771,10.04632848339663,5.7280017686491154e-05
ENGINEERING_SAMPLE,ofi_1s,aggressive_flow_1s,LOW,HIGH,30000,1000,512,97.65625,-10.183451125834793,-10.0,0.0,-12.582183511101036,-7.627994177767933,-8.345981429510472,-12.211043352071771,10.046693179582721,0.00042197620377834187
ENGINEERING_SAMPLE,ofi_1s,aggressive_flow_1s,LOW,HIGH,30000,500,512,97.65625,-10.183346178611222,-10.0,0.0,-12.582183511101036,-7.627994177767933,-8.345974984147029,-12.211043352071771,10.04658815246583,0.0003169490868869229
ENGINEERING_SAMPLE,ofi_1s,aggressive_flow_1s,LOW,HIGH,500,100,512,99.8046875,-10.074840947854417,-10.05267373901862,0.0,-10.052757426683275,-10.052618002253178,-8.345923421239487,-12.211043352071771,10.055803371433056,-1.1444985754400922e-24
ENGINEERING_SAMPLE,ofi_1s,aggressive_flow_1s,LOW,HIGH,500,1000,512,99.8046875,-10.074840947854417,-10.05267373901862,0.0,-10.052757426683275,-10.052618002253178,-8.345981429510472,-12.211043352071771,10.055803371433056,-1.1444985754400922e-24
ENGINEERING_SAMPLE,ofi_1s,aggressive_flow_1s,LOW,HIGH,500,500,512,99.8046875,-10.074840947854417,-10.05267373901862,0.0,-10.052757426683275,-10.052618002253178,-8.345974984147029,-12.211043352071771,10.055803371433056,0.0
ENGINEERING_SAMPLE,ofi_1s,aggressive_flow_1s,LOW,HIGH,5000,100,512,99.0234375,-10.274510943324016,-10.05268317880655,0.0,-11.210437081071404,-9.631270224405258,-8.345923421239487,-12.211043352071771,10.055523115646583,-9.87274024899609e-25
ENGINEERING_SAMPLE,ofi_1s,aggressive_flow_1s,LOW,HIGH,5000,1000,512,99.0234375,-10.274510943324016,-10.05268317880655,0.0,-11.210437081071404,-9.631270224405258,-8.345981429510472,-12.211043352071771,10.055523115646583,-9.87274024899609e-25
ENGINEERING_SAMPLE,ofi_1s,aggressive_flow_1s,LOW,HIGH,5000,500,512,99.0234375,-10.274510943324016,-10.05268317880655,0.0,-11.210437081071404,-9.631270224405258,-8.345974984147029,-12.211043352071771,10.055523115646583,0.0
ENGINEERING_SAMPLE,ofi_1s,aggressive_flow_1s,LOW,HIGH,60000,100,512,95.703125,-10.510034459807923,-10.52650850732258,0.0,-14.58735367198257,-6.262705259055624,-8.345923421239487,-12.211043352071771,10.047435890734304,-8.707055924872024e-25
ENGINEERING_SAMPLE,ofi_1s,aggressive_flow_1s,LOW,HIGH,60000,1000,512,95.703125,-10.510034459807923,-10.52650850732258,0.0,-14.58735367198257,-6.262705259055624,-8.345981429510472,-12.211043352071771,10.047435890734304,-8.707055924872024e-25
ENGINEERING_SAMPLE,ofi_1s,aggressive_flow_1s,LOW,HIGH,60000,500,512,95.703125,-10.510034459807923,-10.52650850732258,0.0,-14.58735367198257,-6.262705259055624,-8.345974984147029,-12.211043352071771,10.047435890734304,0.0
ENGINEERING_SAMPLE,ofi_1s,aggressive_flow_1s,LOW,LOW,1000,100,1229,100.0,-10.100465500900395,-10.052692066404129,0.0,-10.21083651220984,-10.052619941352061,-8.260284129060297,-12.99141172093318,10.043488182991695,3.2377916277896695e-05
ENGINEERING_SAMPLE,ofi_1s,aggressive_flow_1s,LOW,LOW,1000,1000,1229,100.0,-10.100611082993582,-10.052692066404129,0.0,-10.21083651220984,-10.052619941352061,-8.260602196844198,-12.991451243995794,10.043633842530522,0.00017803745510621875
ENGINEERING_SAMPLE,ofi_1s,aggressive_flow_1s,LOW,LOW,1000,500,1229,100.0,-10.100574485083563,-10.052692066404129,0.0,-10.21083651220984,-10.052619941352061,-8.260462974449315,-12.99143725416212,10.043597225697578,0.00014142062216115055
ENGINEERING_SAMPLE,ofi_1s,aggressive_flow_1s,LOW,LOW,15000,100,1229,99.75589910496339,-10.373515827332492,-10.052779435294367,0.0,-12.556056299501922,-8.366098030426873,-8.260284129060297,-12.99141172093318,10.041405216503291,3.245714445802206e-05
ENGINEERING_SAMPLE,ofi_1s,aggressive_flow_1s,LOW,LOW,15000,1000,1229,99.75589910496339,-10.373570458789063,-10.052779435294367,0.0,-12.556056299501922,-8.366098030426873,-8.260602196844198,-12.991451243995794,10.041459886279073,8.712692024065293e-05
ENGINEERING_SAMPLE,ofi_1s,aggressive_flow_1s,LOW,LOW,15000,500,1229,99.75589910496339,-10.373541414971724,-10.052779435294367,0.0,-12.556056299501922,-8.366098030426873,-8.260462974449315,-12.99143725416212,10.04143082202565,5.8062666818522166e-05
ENGINEERING_SAMPLE,ofi_1s,aggressive_flow_1s,LOW,LOW,250,100,1229,100.0,-10.0662036079323,-10.052690955290446,0.0,-10.05277302582948,-10.052627699177018,-8.260284129060297,-12.99141172093318,10.045696333860235,5.567926360871253e-05
ENGINEERING_SAMPLE,ofi_1s,aggressive_flow_1s,LOW,LOW,250,1000,1229,100.0,-10.06630038245043,-10.052690955290446,0.0,-10.05277302582948,-10.052627699177018,-8.260602196844198,-12.991451243995794,10.045793159778002,0.00015250518137467298
ENGINEERING_SAMPLE,ofi_1s,aggressive_flow_1s,LOW,LOW,250,500,1229,100.0,-10.066251287784066,-10.052690955290446,0.0,-10.05277302582948,-10.052627699177018,-8.260462974449315,-12.99143725416212,10.04574403904114,0.00010338444451072658
ENGINEERING_SAMPLE,ofi_1s,aggressive_flow_1s,LOW,LOW,3000,100,1229,100.0,-10.212406699061251,-10.052702068536417,0.0,-11.001680501042648,-9.841863776599952,-8.260284129060297,-12.99141172093318,10.04258085238884,7.17202235271796e-05
ENGINEERING_SAMPLE,ofi_1s,aggressive_flow_1s,LOW,LOW,3000,1000,1229,100.0,-10.212549789704129,-10.052702068536417,0.0,-11.001680501042648,-9.841863776599952,-8.260602196844198,-12.991451243995794,10.042724013303586,0.00021488113827180375
ENGINEERING_SAMPLE,ofi_1s,aggressive_flow_1s,LOW,LOW,3000,500,1229,100.0,-10.212507336317168,-10.052702068536417,0.0,-11.001680501042648,-9.841863776599952,-8.260462974449315,-12.99143725416212,10.042681538736321,0.00017240657100871509
ENGINEERING_SAMPLE,ofi_1s,aggressive_flow_1s,LOW,LOW,30000,100,1229,98.53539462978031,-10.587567699599685,-10.421616548291334,0.0,-14.009818412162161,-7.630593280161833,-8.260284129060297,-12.99141172093318,10.042234703870808,6.779961868982331e-05
ENGINEERING_SAMPLE,ofi_1s,aggressive_flow_1s,LOW,LOW,30000,1000,1229,98.53539462978031,-10.5878246653225,-10.421616548291334,0.0,-14.009818412162161,-7.630593280161833,-8.260602196844198,-12.991451243995794,10.042491929344402,0.0003250250922842854
ENGINEERING_SAMPLE,ofi_1s,aggressive_flow_1s,LOW,LOW,30000,500,1229,98.53539462978031,-10.587757399474219,-10.421616548291334,0.0,-14.009818412162161,-7.630593280161833,-8.260462974449315,-12.99143725416212,10.042424597625965,0.0002576933738482325
ENGINEERING_SAMPLE,ofi_1s,aggressive_flow_1s,LOW,LOW,500,100,1229,100.0,-10.083614558875993,-10.052690955290446,0.0,-10.05277887788779,-10.052622157640084,-8.260284129060297,-12.99141172093318,10.050749366801195,6.686143494088989e-05
ENGINEERING_SAMPLE,ofi_1s,aggressive_flow_1s,LOW,LOW,500,1000,1229,100.0,-10.083882883479713,-10.052690955290446,0.0,-10.05277887788779,-10.052622157640084,-8.260602196844198,-12.991451243995794,10.051017827491487,0.0003353221252311265
ENGINEERING_SAMPLE,ofi_1s,aggressive_flow_1s,LOW,LOW,500,500,1229,100.0,-10.0838015823618,-10.052690955290446,0.0,-10.05277887788779,-10.052622157640084,-8.260462974449315,-12.99143725416212,10.050936485316056,0.0002539799498010636
ENGINEERING_SAMPLE,ofi_1s,aggressive_flow_1s,LOW,LOW,5000,100,1229,100.0,-10.230175838120202,-10.052710962509032,0.0,-11.220876193406896,-9.421016520858554,-8.260284129060297,-12.99141172093318,10.040676914666365,4.67433307832287e-05
ENGINEERING_SAMPLE,ofi_1s,aggressive_flow_1s,LOW,LOW,5000,1000,1229,100.0,-10.230278264499372,-10.052710962509032,0.0,-11.220876193406896,-9.421016520858554,-8.260602196844198,-12.991451243995794,10.040779397001652,0.0001492256660694139
ENGINEERING_SAMPLE,ofi_1s,aggressive_flow_1s,LOW,LOW,5000,500,1229,100.0,-10.230255900127979,-10.052710962509032,0.0,-11.220876193406896,-9.421016520858554,-8.260462974449315,-12.99143725416212,10.040757020497198,0.00012684916161621055
ENGINEERING_SAMPLE,ofi_1s,aggressive_flow_1s,LOW,LOW,60000,100,1229,97.96582587469487,-10.836947310795338,-11.00071138746904,0.0,-15.998925970969626,-6.051799963131699,-8.260284129060297,-12.99141172093318,10.04215814624737,3.3050215203932755e-05
ENGINEERING_SAMPLE,ofi_1s,aggressive_flow_1s,LOW,LOW,60000,1000,1229,97.96582587469487,-10.836987639671605,-11.00071138746904,0.0,-15.998925970969626,-6.051799963131699,-8.260602196844198,-12.991451243995794,10.042198505509845,7.340947767943495e-05
ENGINEERING_SAMPLE,ofi_1s,aggressive_flow_1s,LOW,LOW,60000,500,1229,97.96582587469487,-10.836973364607026,-11.00071138746904,0.0,-15.998925970969626,-6.051799963131699,-8.260462974449315,-12.99143725416212,10.042184219644723,5.9123612557731043e-05
ENGINEERING_SAMPLE,ofi_1s,aggressive_flow_1s,LOW,MID,1000,100,657,99.69558599695586,-10.116032664394993,-10.052697622675531,0.0,-10.316029444918929,-10.052618833278055,-7.974501290789884,-12.252451469284273,10.054396533878919,0.00014091619431947923
ENGINEERING_SAMPLE,ofi_1s,aggressive_flow_1s,LOW,MID,1000,1000,657,99.69558599695586,-10.116848244449178,-10.052697622675531,0.0,-10.316029444918929,-10.052618833278055,-7.975200099925704,-12.253267473026336,10.055212441702968,0.0009568240183716038
ENGINEERING_SAMPLE,ofi_1s,aggressive_flow_1s,LOW,MID,1000,500,657,99.69558599695586,-10.116596440323969,-10.052697622675531,0.0,-10.316029444918929,-10.052618833278055,-7.9749645855691975,-12.253016459708718,10.054960536701952,0.000704919017353358
ENGINEERING_SAMPLE,ofi_1s,aggressive_flow_1s,LOW,MID,15000,100,657,98.4779299847793,-10.115313566356683,-10.052627699177018,0.0,-12.528563387740398,-7.99877536561715,-7.974501290789884,-12.252451469284273,10.045945065513205,0.00014265132990932142
ENGINEERING_SAMPLE,ofi_1s,aggressive_flow_1s,LOW,MID,15000,1000,657,98.4779299847793,-10.116139093977328,-10.052627699177018,0.0,-12.528563387740398,-7.99877536561715,-7.975200099925704,-12.253267473026336,10.046771066835621,0.0009686526523242265
ENGINEERING_SAMPLE,ofi_1s,aggressive_flow_1s,LOW,MID,15000,500,657,98.4779299847793,-10.115884220138282,-10.052627699177018,0.0,-12.528563387740398,-7.99877536561715,-7.9749645855691975,-12.253016459708718,10.046516044823804,0.000713630640505715
ENGINEERING_SAMPLE,ofi_1s,aggressive_flow_1s,LOW,MID,250,100,657,100.0,-10.070206844877516,-10.052692066404129,0.0,-10.05277302582948,-10.05262193600428,-7.974501290789884,-12.252451469284273,10.051072112012351,0.00011048598827362495
ENGINEERING_SAMPLE,ofi_1s,aggressive_flow_1s,LOW,MID,250,1000,657,100.0,-10.070905163025055,-10.052692066404129,0.0,-10.05277302582948,-10.05262193600428,-7.975200099925704,-12.253267473026336,10.051770747070243,0.000809121046166364
ENGINEERING_SAMPLE,ofi_1s,aggressive_flow_1s,LOW,MID,250,500,657,100.0,-10.070669814913341,-10.052692066404129,0.0,-10.05277302582948,-10.05262193600428,-7.9749645855691975,-12.253016459708718,10.051535287794671,0.0005736617705930633
ENGINEERING_SAMPLE,ofi_1s,aggressive_flow_1s,LOW,MID,3000,100,657,99.69558599695586,-10.15443889972685,-10.052697622675531,0.0,-10.78968991798918,-9.70504362744515,-7.974501290789884,-12.252451469284273,10.037458362761464,0.00011082335006988029
ENGINEERING_SAMPLE,ofi_1s,aggressive_flow_1s,LOW,MID,3000,1000,657,99.69558599695586,-10.155139225057619,-10.052697622675531,0.0,-10.78968991798918,-9.70504362744515,-7.975200099925704,-12.253267473026336,10.038159131056176,0.0008115916447806124
ENGINEERING_SAMPLE,ofi_1s,aggressive_flow_1s,LOW,MID,3000,500,657,99.69558599695586,-10.154903199155358,-10.052697622675531,0.0,-10.78968991798918,-9.70504362744515,-7.9749645855691975,-12.253016459708718,10.037922952820981,0.0005754134095872405
ENGINEERING_SAMPLE,ofi_1s,aggressive_flow_1s,LOW,MID,30000,100,657,97.26027397260275,-10.06284263556593,-9.947316265806437,0.0,-13.056607156038764,-7.097483579378657,-7.974501290789884,-12.252451469284273,10.033775434342195,0.00011359826963344536
ENGINEERING_SAMPLE,ofi_1s,aggressive_flow_1s,LOW,MID,30000,1000,657,97.26027397260275,-10.063560611038822,-9.947316265806437,0.0,-13.056607156038764,-7.097483579378657,-7.975200099925704,-12.253267473026336,10.034493749260873,0.0008319131883118954
ENGINEERING_SAMPLE,ofi_1s,aggressive_flow_1s,LOW,MID,30000,500,657,97.26027397260275,-10.063318637196726,-9.947316265806437,0.0,-13.056607156038764,-7.097483579378657,-7.9749645855691975,-12.253016459708718,10.03425165732965,0.0005898212570886425
ENGINEERING_SAMPLE,ofi_1s,aggressive_flow_1s,LOW,MID,500,100,657,99.84779299847793,-10.089185754232721,-10.052697622675531,0.0,-10.052779435294367,-10.052619941352061,-7.974501290789884,-12.252451469284273,10.057818254436473,0.00011065441203623718
ENGINEERING_SAMPLE,ofi_1s,aggressive_flow_1s,LOW,MID,500,1000,657,99.84779299847793,-10.089885158346618,-10.052697622675531,0.0,-10.052779435294367,-10.052619941352061,-7.975200099925704,-12.253267473026336,10.058517954486831,0.0008103544623952761
ENGINEERING_SAMPLE,ofi_1s,aggressive_flow_1s,LOW,MID,500,500,657,99.84779299847793,-10.089649444343975,-10.052697622675531,0.0,-10.052779435294367,-10.052619941352061,-7.9749645855691975,-12.253016459708718,10.058282136279436,0.0005745362549994551
ENGINEERING_SAMPLE,ofi_1s,aggressive_flow_1s,LOW,MID,5000,100,657,99.23896499238965,-10.168776660126213,-10.052704013836452,0.0,-11.315851834688461,-9.214925926847775,-7.974501290789884,-12.252451469284273,10.044061936868474,0.00011133327345977238
ENGINEERING_SAMPLE,ofi_1s,aggressive_flow_1s,LOW,MID,5000,1000,657,99.23896499238965,-10.169480164130693,-10.052704013836452,0.0,-11.315851834688461,-9.214925926847775,-7.975200099925704,-12.253267473026336,10.044765929557178,0.0008153259621645723
ENGINEERING_SAMPLE,ofi_1s,aggressive_flow_1s,LOW,MID,5000,500,657,99.23896499238965,-10.169243067498119,-10.052704013836452,0.0,-11.315851834688461,-9.214925926847775,-7.9749645855691975,-12.253016459708718,10.044528664612312,0.0005780610173000653
ENGINEERING_SAMPLE,ofi_1s,aggressive_flow_1s,LOW,MID,60000,100,657,96.9558599695586,-9.966039072788718,-10.0,0.0,-14.711529185401861,-5.761031577672997,-7.974501290789884,-12.252451469284273,10.042947813383956,0.0001589174884265842
ENGINEERING_SAMPLE,ofi_1s,aggressive_flow_1s,LOW,MID,60000,1000,657,96.9558599695586,-9.966869453854484,-10.0,0.0,-14.711529185401861,-5.761031577672997,-7.975200099925704,-12.253267473026336,10.043778798763281,0.000989902867751231
ENGINEERING_SAMPLE,ofi_1s,aggressive_flow_1s,LOW,MID,60000,500,657,96.9558599695586,-9.966559179375173,-10.0,0.0,-14.711529185401861,-5.761031577672997,-7.9749645855691975,-12.253016459708718,10.043468296581667,0.000679400686137734
ENGINEERING_SAMPLE,ofi_1s,aggressive_flow_1s,MID,HIGH,1000,100,811,99.8766954377312,-10.034181409071698,-10.052671102035804,0.0,-10.052752136210819,-10.052615509336029,-8.231786331072422,-12.134947385434026,10.052796165889939,2.1796412872904972e-05
ENGINEERING_SAMPLE,ofi_1s,aggressive_flow_1s,MID,HIGH,1000,1000,811,99.8766954377312,-10.034377793767135,-10.052671102035804,0.0,-10.052752136210819,-10.052615509336029,-8.23188732007649,-12.135048361679035,10.052992650945702,0.0002182814686380225
ENGINEERING_SAMPLE,ofi_1s,aggressive_flow_1s,MID,HIGH,1000,500,811,99.8766954377312,-10.034336086447004,-10.052671102035804,0.0,-10.052752136210819,-10.052615509336029,-8.231858306533573,-12.13501935180172,10.0529509227975,0.00017655332043511375
ENGINEERING_SAMPLE,ofi_1s,aggressive_flow_1s,MID,HIGH,15000,100,811,99.13686806411837,-10.063847580954281,-10.052668187795408,0.0,-11.73692442178877,-8.156409418609554,-8.231786331072422,-12.134947385434026,10.052073573944142,2.451118263856313e-05
ENGINEERING_SAMPLE,ofi_1s,aggressive_flow_1s,MID,HIGH,15000,1000,811,99.13686806411837,-10.063986189649423,-10.052668187795408,0.0,-11.73692442178877,-8.156409418609554,-8.23188732007649,-12.135048361679035,10.052212253758743,0.00016319099724116024
ENGINEERING_SAMPLE,ofi_1s,aggressive_flow_1s,MID,HIGH,15000,500,811,99.13686806411837,-10.063952873172164,-10.052668187795408,0.0,-11.73692442178877,-8.156409418609554,-8.231858306533573,-12.13501935180172,10.052178920807815,0.00012985804631273764
ENGINEERING_SAMPLE,ofi_1s,aggressive_flow_1s,MID,HIGH,250,100,811,99.8766954377312,-10.050489553437014,-10.05267151838365,0.0,-10.052740779221173,-10.052619941352061,-8.231786331072422,-12.134947385434026,10.055981685988721,2.1796412872904972e-05
ENGINEERING_SAMPLE,ofi_1s,aggressive_flow_1s,MID,HIGH,250,1000,811,99.8766954377312,-10.05068593813245,-10.05267151838365,0.0,-10.052740779221173,-10.052619941352061,-8.23188732007649,-12.135048361679035,10.056178171044486,0.0002182814686380225
ENGINEERING_SAMPLE,ofi_1s,aggressive_flow_1s,MID,HIGH,250,500,811,99.8766954377312,-10.05064423081232,-10.05267151838365,0.0,-10.052740779221173,-10.052619941352061,-8.231858306533573,-12.13501935180172,10.056136442896284,0.00017655332043511375
ENGINEERING_SAMPLE,ofi_1s,aggressive_flow_1s,MID,HIGH,3000,100,811,99.63008631319359,-10.050715259111943,-10.052670963254164,0.0,-10.631429323506186,-9.368241410369185,-8.231786331072422,-12.134947385434026,10.058846651416804,-1.4150460048131357e-24
ENGINEERING_SAMPLE,ofi_1s,aggressive_flow_1s,MID,HIGH,3000,1000,811,99.63008631319359,-10.050816442675211,-10.052670963254164,0.0,-10.631429323506186,-9.368241410369185,-8.23188732007649,-12.135048361679035,10.058947882428095,0.00010123101129149529
ENGINEERING_SAMPLE,ofi_1s,aggressive_flow_1s,MID,HIGH,3000,500,811,99.63008631319359,-10.050787373236588,-10.052670963254164,0.0,-10.631429323506186,-9.368241410369185,-8.231858306533573,-12.13501935180172,10.058918799188394,7.214777159112319e-05
ENGINEERING_SAMPLE,ofi_1s,aggressive_flow_1s,MID,HIGH,30000,100,811,99.13686806411837,-10.037898036616287,-10.157919301688196,0.0,-12.58353778647897,-7.419141724615907,-8.231786331072422,-12.134947385434026,10.056266227804478,2.1959072670463964e-05
ENGINEERING_SAMPLE,ofi_1s,aggressive_flow_1s,MID,HIGH,30000,1000,811,99.13686806411837,-10.038095891687094,-10.157919301688196,0.0,-12.58353778647897,-7.419141724615907,-8.23188732007649,-12.135048361679035,10.056464179166628,0.00021991043482188832
ENGINEERING_SAMPLE,ofi_1s,aggressive_flow_1s,MID,HIGH,30000,500,811,99.13686806411837,-10.03805387173414,-10.157919301688196,0.0,-12.58353778647897,-7.419141724615907,-8.231858306533573,-12.13501935180172,10.056422139614336,0.00017787088252791308
ENGINEERING_SAMPLE,ofi_1s,aggressive_flow_1s,MID,HIGH,500,100,811,99.8766954377312,-10.038310830039839,-10.05267151838365,0.0,-10.052743784993218,-10.052616063297203,-8.231786331072422,-12.134947385434026,10.04809558352269,-1.3790308813417345e-24
ENGINEERING_SAMPLE,ofi_1s,aggressive_flow_1s,MID,HIGH,500,1000,811,99.8766954377312,-10.038411763767147,-10.05267151838365,0.0,-10.052743784993218,-10.052616063297203,-8.23188732007649,-12.135048361679035,10.048196564580866,0.00010098105817719531
ENGINEERING_SAMPLE,ofi_1s,aggressive_flow_1s,MID,HIGH,500,500,811,99.8766954377312,-10.038382766104915,-10.05267151838365,0.0,-10.052743784993218,-10.052616063297203,-8.231858306533573,-12.13501935180172,10.048167553151634,7.196962894521919e-05
ENGINEERING_SAMPLE,ofi_1s,aggressive_flow_1s,MID,HIGH,5000,100,811,99.63008631319359,-10.100178441278313,-10.05267151838365,0.0,-11.053985795709186,-9.263061168152497,-8.231786331072422,-12.134947385434026,10.061246110162482,-1.3889461548297014e-24
ENGINEERING_SAMPLE,ofi_1s,aggressive_flow_1s,MID,HIGH,5000,1000,811,99.63008631319359,-10.100308469458641,-10.05267151838365,0.0,-11.053985795709186,-9.263061168152497,-8.23188732007649,-12.135048361679035,10.061376199080405,0.00013008891792202023
ENGINEERING_SAMPLE,ofi_1s,aggressive_flow_1s,MID,HIGH,5000,500,811,99.63008631319359,-10.10025055540296,-10.05267151838365,0.0,-11.053985795709186,-9.263061168152497,-8.231858306533573,-12.13501935180172,10.061318257934074,7.214777159112319e-05
ENGINEERING_SAMPLE,ofi_1s,aggressive_flow_1s,MID,HIGH,60000,100,811,97.28729963008631,-10.29976996961556,-10.052702624321773,0.0,-14.778607548575085,-6.09745416172009,-8.231786331072422,-12.134947385434026,10.05824970213484,-8.143136908569305e-25
ENGINEERING_SAMPLE,ofi_1s,aggressive_flow_1s,MID,HIGH,60000,1000,811,97.28729963008631,-10.299873594701424,-10.052702624321773,0.0,-14.778607548575085,-6.09745416172009,-8.23188732007649,-12.135048361679035,10.058353370901788,0.00010366876694997236
ENGINEERING_SAMPLE,ofi_1s,aggressive_flow_1s,MID,HIGH,60000,500,811,97.28729963008631,-10.299843823827814,-10.052702624321773,0.0,-14.778607548575085,-6.09745416172009,-8.231858306533573,-12.13501935180172,10.058323587305239,7.38851704000349e-05
ENGINEERING_SAMPLE,ofi_1s,aggressive_flow_1s,MID,LOW,1000,100,720,100.0,-10.081217169341853,-10.052683456500056,0.0,-10.052757426683275,-10.052618002253178,-8.308523782820126,-12.678879279132838,10.053812400900203,-8.122346307233285e-25
ENGINEERING_SAMPLE,ofi_1s,aggressive_flow_1s,MID,LOW,1000,1000,720,100.0,-10.081217169341853,-10.052683456500056,0.0,-10.052757426683275,-10.052618002253178,-8.308523782820126,-12.678879279132838,10.053812400900203,-8.122346307233285e-25
ENGINEERING_SAMPLE,ofi_1s,aggressive_flow_1s,MID,LOW,1000,500,720,100.0,-10.081217169341853,-10.052683456500056,0.0,-10.052757426683275,-10.052618002253178,-8.308523782820126,-12.678879279132838,10.053812400900203,0.0
ENGINEERING_SAMPLE,ofi_1s,aggressive_flow_1s,MID,LOW,15000,100,720,99.72222222222223,-10.327757977764437,-10.052670963254164,0.0,-12.47466965189732,-8.282329288720687,-8.308523782820126,-12.678879279132838,10.048713075851566,-8.438640007247562e-25
ENGINEERING_SAMPLE,ofi_1s,aggressive_flow_1s,MID,LOW,15000,1000,720,99.72222222222223,-10.327757977764437,-10.052670963254164,0.0,-12.47466965189732,-8.282329288720687,-8.308523782820126,-12.678879279132838,10.048713075851566,-8.438640007247562e-25
ENGINEERING_SAMPLE,ofi_1s,aggressive_flow_1s,MID,LOW,15000,500,720,99.72222222222223,-10.327757977764437,-10.052670963254164,0.0,-12.47466965189732,-8.282329288720687,-8.308523782820126,-12.678879279132838,10.048713075851566,0.0
ENGINEERING_SAMPLE,ofi_1s,aggressive_flow_1s,MID,LOW,250,100,720,100.0,-10.061933180199631,-10.05268317880655,0.0,-10.052739053810193,-10.052625759506334,-8.308523782820126,-12.678879279132838,10.057096126488505,2.7376129143732367e-05
ENGINEERING_SAMPLE,ofi_1s,aggressive_flow_1s,MID,LOW,250,1000,720,100.0,-10.062218901678337,-10.05268317880655,0.0,-10.052739053810193,-10.052625759506334,-8.308523782820126,-12.678879279132838,10.057382014562002,0.0003132642026411146
ENGINEERING_SAMPLE,ofi_1s,aggressive_flow_1s,MID,LOW,250,500,720,100.0,-10.062166011609449,-10.05268317880655,0.0,-10.052739053810193,-10.052625759506334,-8.308523782820126,-12.678879279132838,10.057329093815198,0.00026034345583799003
ENGINEERING_SAMPLE,ofi_1s,aggressive_flow_1s,MID,LOW,3000,100,720,100.0,-10.118429515060061,-10.052678458495544,0.0,-10.79055937837585,-9.631139978595417,-8.308523782820126,-12.678879279132838,10.053847841012422,-8.70762311121671e-25
ENGINEERING_SAMPLE,ofi_1s,aggressive_flow_1s,MID,LOW,3000,1000,720,100.0,-10.118429515060061,-10.052678458495544,0.0,-10.79055937837585,-9.631139978595417,-8.308523782820126,-12.678879279132838,10.053847841012422,-8.70762311121671e-25
ENGINEERING_SAMPLE,ofi_1s,aggressive_flow_1s,MID,LOW,3000,500,720,100.0,-10.118429515060061,-10.052678458495544,0.0,-10.79055937837585,-9.631139978595417,-8.308523782820126,-12.678879279132838,10.053847841012422,0.0
ENGINEERING_SAMPLE,ofi_1s,aggressive_flow_1s,MID,LOW,30000,100,720,99.16666666666667,-10.471638115613084,-10.500541657872013,0.0,-13.48221072635135,-7.522571696779842,-8.308523782820126,-12.678879279132838,10.059104021111366,-6.491690440847445e-25
ENGINEERING_SAMPLE,ofi_1s,aggressive_flow_1s,MID,LOW,30000,1000,720,99.16666666666667,-10.471638115613084,-10.500541657872013,0.0,-13.48221072635135,-7.522571696779842,-8.308523782820126,-12.678879279132838,10.059104021111366,-6.491690440847445e-25
ENGINEERING_SAMPLE,ofi_1s,aggressive_flow_1s,MID,LOW,30000,500,720,99.16666666666667,-10.471638115613084,-10.500541657872013,0.0,-13.48221072635135,-7.522571696779842,-8.308523782820126,-12.678879279132838,10.059104021111366,0.0
ENGINEERING_SAMPLE,ofi_1s,aggressive_flow_1s,MID,LOW,500,100,720,100.0,-10.074098982150133,-10.05268317880655,0.0,-10.052743784993218,-10.052621936011281,-8.308523782820126,-12.678879279132838,10.057410400374035,5.4746224975876023e-05
ENGINEERING_SAMPLE,ofi_1s,aggressive_flow_1s,MID,LOW,500,1000,720,100.0,-10.074244893271977,-10.05268317880655,0.0,-10.052743784993218,-10.052621936011281,-8.308523782820126,-12.678879279132838,10.057556401450691,0.00020074730163366364
ENGINEERING_SAMPLE,ofi_1s,aggressive_flow_1s,MID,LOW,500,500,720,100.0,-10.074226013877288,-10.05268317880655,0.0,-10.052743784993218,-10.052621936011281,-8.308523782820126,-12.678879279132838,10.057537510452542,0.00018185630348356701
ENGINEERING_SAMPLE,ofi_1s,aggressive_flow_1s,MID,LOW,5000,100,720,99.86111111111111,-10.165293151624928,-10.052674016611155,0.0,-11.36899054923983,-9.262968448993439,-8.308523782820126,-12.678879279132838,10.053186440459111,-8.866824205507728e-25
ENGINEERING_SAMPLE,ofi_1s,aggressive_flow_1s,MID,LOW,5000,1000,720,99.86111111111111,-10.165293151624928,-10.052674016611155,0.0,-11.36899054923983,-9.262968448993439,-8.308523782820126,-12.678879279132838,10.053186440459111,-8.866824205507728e-25
ENGINEERING_SAMPLE,ofi_1s,aggressive_flow_1s,MID,LOW,5000,500,720,99.86111111111111,-10.165293151624928,-10.052674016611155,0.0,-11.36899054923983,-9.262968448993439,-8.308523782820126,-12.678879279132838,10.053186440459111,0.0
ENGINEERING_SAMPLE,ofi_1s,aggressive_flow_1s,MID,LOW,60000,100,720,95.69444444444444,-10.722898220832773,-10.105400802501357,0.0,-16.126359380413522,-6.308480496388415,-8.308523782820126,-12.678879279132838,10.051472362736543,6.137468480123298e-05
ENGINEERING_SAMPLE,ofi_1s,aggressive_flow_1s,MID,LOW,60000,1000,720,95.69444444444444,-10.723279311181248,-10.105400802501357,0.0,-16.126359380413522,-6.308480496388415,-8.308523782820126,-12.678879279132838,10.05185395774412,0.00044296969237688405
ENGINEERING_SAMPLE,ofi_1s,aggressive_flow_1s,MID,LOW,60000,500,720,95.69444444444444,-10.723186034431622,-10.105400802501357,0.0,-16.126359380413522,-6.308480496388415,-8.308523782820126,-12.678879279132838,10.051760557472708,0.00034956942096601995
ENGINEERING_SAMPLE,ofi_1s,aggressive_flow_1s,MID,MID,1000,100,866,100.0,-10.073128391180417,-10.052673461429007,0.0,-10.052754642091818,-10.052618002253178,-8.240300805423464,-12.167393963371918,10.05081692583942,-9.064658191119897e-25
ENGINEERING_SAMPLE,ofi_1s,aggressive_flow_1s,MID,MID,1000,1000,866,100.0,-10.073128391180417,-10.052673461429007,0.0,-10.052754642091818,-10.052618002253178,-8.240300805423464,-12.167406070783585,10.05081692583942,-9.064658191119897e-25
ENGINEERING_SAMPLE,ofi_1s,aggressive_flow_1s,MID,MID,1000,500,866,100.0,-10.073128391180417,-10.052673461429007,0.0,-10.052754642091818,-10.052618002253178,-8.240300805423464,-12.167393963371918,10.05081692583942,0.0
ENGINEERING_SAMPLE,ofi_1s,aggressive_flow_1s,MID,MID,15000,100,866,99.65357967667437,-10.15982133917599,-10.052664025122768,0.0,-11.738077672972546,-8.418662785178622,-8.240300805423464,-12.167393963371918,10.049643230780921,-1.1049386477749092e-24
ENGINEERING_SAMPLE,ofi_1s,aggressive_flow_1s,MID,MID,15000,1000,866,99.65357967667437,-10.15982133917599,-10.052664025122768,0.0,-11.738077672972546,-8.418662785178622,-8.240300805423464,-12.167406070783585,10.049643230780921,-1.1049386477749092e-24
ENGINEERING_SAMPLE,ofi_1s,aggressive_flow_1s,MID,MID,15000,500,866,99.65357967667437,-10.15982133917599,-10.052664025122768,0.0,-11.738077672972546,-8.418662785178622,-8.240300805423464,-12.167393963371918,10.049643230780921,0.0
ENGINEERING_SAMPLE,ofi_1s,aggressive_flow_1s,MID,MID,250,100,866,100.0,-10.052557493183173,-10.052673461429007,0.0,-10.052739053810193,-10.052618002253178,-8.240300805423464,-12.167393963371918,10.049839375295964,-9.186245041532632e-25
ENGINEERING_SAMPLE,ofi_1s,aggressive_flow_1s,MID,MID,250,1000,866,100.0,-10.052557493183173,-10.052673461429007,0.0,-10.052739053810193,-10.052618002253178,-8.240300805423464,-12.167406070783585,10.049839375295964,-9.186245041532632e-25
ENGINEERING_SAMPLE,ofi_1s,aggressive_flow_1s,MID,MID,250,500,866,100.0,-10.052557493183173,-10.052673461429007,0.0,-10.052739053810193,-10.052618002253178,-8.240300805423464,-12.167393963371918,10.049839375295964,0.0
ENGINEERING_SAMPLE,ofi_1s,aggressive_flow_1s,MID,MID,3000,100,866,99.88452655889145,-10.064700954765478,-10.052673461429007,0.0,-10.474959740225454,-9.736632343651683,-8.240300805423464,-12.167393963371918,10.050996759404219,-1.0232781295191781e-24
ENGINEERING_SAMPLE,ofi_1s,aggressive_flow_1s,MID,MID,3000,1000,866,99.88452655889145,-10.064700954765478,-10.052673461429007,0.0,-10.474959740225454,-9.736632343651683,-8.240300805423464,-12.167406070783585,10.050996759404219,-1.0232781295191781e-24
ENGINEERING_SAMPLE,ofi_1s,aggressive_flow_1s,MID,MID,3000,500,866,99.88452655889145,-10.064700954765478,-10.052673461429007,0.0,-10.474959740225454,-9.736632343651683,-8.240300805423464,-12.167393963371918,10.050996759404219,0.0
ENGINEERING_SAMPLE,ofi_1s,aggressive_flow_1s,MID,MID,30000,100,866,99.30715935334872,-10.163552102545754,-10.052669297935912,0.0,-12.645014076065685,-7.522571696779842,-8.240300805423464,-12.167393963371918,10.048781550389712,-8.208379840330597e-25
ENGINEERING_SAMPLE,ofi_1s,aggressive_flow_1s,MID,MID,30000,1000,866,99.30715935334872,-10.163552102545754,-10.052669297935912,0.0,-12.645014076065685,-7.522571696779842,-8.240300805423464,-12.167406070783585,10.048781550389712,-8.208379840330597e-25
ENGINEERING_SAMPLE,ofi_1s,aggressive_flow_1s,MID,MID,30000,500,866,99.30715935334872,-10.163552102545754,-10.052669297935912,0.0,-12.645014076065685,-7.522571696779842,-8.240300805423464,-12.167393963371918,10.048781550389712,0.0
ENGINEERING_SAMPLE,ofi_1s,aggressive_flow_1s,MID,MID,500,100,866,100.0,-10.064792272990395,-10.052673461429007,0.0,-10.052743784993218,-10.052618002253178,-8.240300805423464,-12.167393963371918,10.05964425220196,-9.125390575461411e-25
ENGINEERING_SAMPLE,ofi_1s,aggressive_flow_1s,MID,MID,500,1000,866,100.0,-10.064792272990395,-10.052673461429007,0.0,-10.052743784993218,-10.052618002253178,-8.240300805423464,-12.167406070783585,10.05964425220196,-9.125390575461411e-25
ENGINEERING_SAMPLE,ofi_1s,aggressive_flow_1s,MID,MID,500,500,866,100.0,-10.064792272990395,-10.052673461429007,0.0,-10.052743784993218,-10.052618002253178,-8.240300805423464,-12.167393963371918,10.05964425220196,0.0
ENGINEERING_SAMPLE,ofi_1s,aggressive_flow_1s,MID,MID,5000,100,866,99.88452655889145,-10.082533500632122,-10.052670963254164,0.0,-11.000616477332603,-9.263259537362321,-8.240300805423464,-12.167393963371918,10.050999285604671,-1.0415090069257912e-24
ENGINEERING_SAMPLE,ofi_1s,aggressive_flow_1s,MID,MID,5000,1000,866,99.88452655889145,-10.082533500632122,-10.052670963254164,0.0,-11.000616477332603,-9.263259537362321,-8.240300805423464,-12.167406070783585,10.050999285604671,-1.0415090069257912e-24
ENGINEERING_SAMPLE,ofi_1s,aggressive_flow_1s,MID,MID,5000,500,866,99.88452655889145,-10.082533500632122,-10.052670963254164,0.0,-11.000616477332603,-9.263259537362321,-8.240300805423464,-12.167393963371918,10.050999285604671,0.0
ENGINEERING_SAMPLE,ofi_1s,aggressive_flow_1s,MID,MID,60000,100,866,95.3810623556582,-10.408765503048173,-9.97369169136498,0.0,-15.372183462259976,-6.570767265587062,-8.240300805423464,-12.167393963371918,10.050789372280553,-7.521605856970045e-25
ENGINEERING_SAMPLE,ofi_1s,aggressive_flow_1s,MID,MID,60000,1000,866,95.3810623556582,-10.408765503048173,-9.97369169136498,0.0,-15.372183462259976,-6.570767265587062,-8.240300805423464,-12.167406070783585,10.050789372280553,-7.521605856970045e-25
ENGINEERING_SAMPLE,ofi_1s,aggressive_flow_1s,MID,MID,60000,500,866,95.3810623556582,-10.408765503048173,-9.97369169136498,0.0,-15.372183462259976,-6.570767265587062,-8.240300805423464,-12.167393963371918,10.050789372280553,0.0
ENGINEERING_SAMPLE,ofi_3s,momentum_3s_bps,HIGH,HIGH,1000,100,1420,99.92957746478874,-9.987980803906467,-10.052674571805007,0.0,-10.0527608242832,-9.579075925311772,-7.9747861184317514,-11.928320676973804,10.055923543398636,0.00012910071137857697
ENGINEERING_SAMPLE,ofi_3s,momentum_3s_bps,HIGH,HIGH,1000,1000,1420,99.92957746478874,-9.988668511738386,-10.052674571805007,0.0,-10.0527608242832,-9.624993783063927,-7.975661791472637,-11.928954931157296,10.056611553672832,0.0008171109855743751
ENGINEERING_SAMPLE,ofi_3s,momentum_3s_bps,HIGH,HIGH,1000,500,1420,99.92957746478874,-9.988442685371053,-10.052674571805007,0.0,-10.0527608242832,-9.579075925311772,-7.975334828826906,-11.928736474465659,10.056385627337491,0.0005911846502321065
ENGINEERING_SAMPLE,ofi_3s,momentum_3s_bps,HIGH,HIGH,15000,100,1420,98.45070422535211,-9.890107640901343,-9.894520222673666,0.0,-11.580587007400847,-8.104654347780283,-7.9747861184317514,-11.928320676973804,10.064703194738923,0.00015152403539033077
ENGINEERING_SAMPLE,ofi_3s,momentum_3s_bps,HIGH,HIGH,15000,1000,1420,98.45070422535211,-9.890810080386116,-9.894520222673666,0.0,-11.580587007400847,-8.104654347780283,-7.975661791472637,-11.928954931157296,10.065405993401548,0.0008543226980141158
ENGINEERING_SAMPLE,ofi_3s,momentum_3s_bps,HIGH,HIGH,15000,500,1420,98.45070422535211,-9.890568226701,-9.894520222673666,0.0,-11.580587007400847,-8.104654347780283,-7.975334828826906,-11.928736474465659,10.065164014386657,0.0006123436831221792
ENGINEERING_SAMPLE,ofi_3s,momentum_3s_bps,HIGH,HIGH,250,100,1420,100.0,-10.032256789987654,-10.052679291425319,0.0,-10.052757426683275,-10.052616617270042,-7.9747861184317514,-11.928320676973804,10.04938879841757,0.00012900979538464841
ENGINEERING_SAMPLE,ofi_3s,momentum_3s_bps,HIGH,HIGH,250,1000,1420,100.0,-10.03294398986992,-10.052679291425319,0.0,-10.052757426683275,-10.052616617270042,-7.975661791472637,-11.928954931157296,10.050076324177489,0.0008165355553028438
ENGINEERING_SAMPLE,ofi_3s,momentum_3s_bps,HIGH,HIGH,250,500,1420,100.0,-10.03271833018792,-10.052679291425319,0.0,-10.052757426683275,-10.052616617270042,-7.975334828826906,-11.928736474465659,10.049850556945199,0.0005907683230136332
ENGINEERING_SAMPLE,ofi_3s,momentum_3s_bps,HIGH,HIGH,3000,100,1420,99.29577464788733,-9.88618816640935,-10.052649599662875,0.0,-10.263496448927297,-9.104423724614842,-7.9747861184317514,-11.928320676973804,10.058146681776712,0.0001459936827386781
ENGINEERING_SAMPLE,ofi_3s,momentum_3s_bps,HIGH,HIGH,3000,1000,1420,99.29577464788733,-9.887013052323544,-10.052649599662875,0.0,-10.263496448927297,-9.104423724614842,-7.975661791472637,-11.928954931157296,10.058972038598526,0.0009713505045537521
ENGINEERING_SAMPLE,ofi_3s,momentum_3s_bps,HIGH,HIGH,3000,500,1420,99.29577464788733,-9.886747530889446,-10.052649599662875,0.0,-10.263496448927297,-9.104423724614842,-7.975334828826906,-11.928736474465659,10.058706367381724,0.000705679287750707
ENGINEERING_SAMPLE,ofi_3s,momentum_3s_bps,HIGH,HIGH,30000,100,1420,97.3943661971831,-10.029482706365622,-9.841800368261941,0.0,-13.002339834630607,-7.163518770259503,-7.9747861184317514,-11.928320676973804,10.059145104531618,0.00016305184388531769
ENGINEERING_SAMPLE,ofi_3s,momentum_3s_bps,HIGH,HIGH,30000,1000,1420,97.3943661971831,-10.030472428800792,-9.841800368261941,0.0,-13.002339834630607,-7.206525235586633,-7.975661791472637,-11.928954931157296,10.060135421192747,0.0011533685050145411
ENGINEERING_SAMPLE,ofi_3s,momentum_3s_bps,HIGH,HIGH,30000,500,1420,97.3943661971831,-10.03017415386656,-9.841800368261941,0.0,-13.002339834630607,-7.190115187399719,-7.975334828826906,-11.928736474465659,10.059836979292328,0.000854926604596735
ENGINEERING_SAMPLE,ofi_3s,momentum_3s_bps,HIGH,HIGH,500,100,1420,100.0,-10.012964424157822,-10.052675959840839,0.0,-10.052757760873055,-9.842034142162975,-7.9747861184317514,-11.928320676973804,10.049580491584257,0.00012900979538464841
ENGINEERING_SAMPLE,ofi_3s,momentum_3s_bps,HIGH,HIGH,500,1000,1420,100.0,-10.013668025065646,-10.052675959840839,0.0,-10.052757760873055,-9.842073827535714,-7.975661791472637,-11.928954931157296,10.050284412930292,0.000832931141419712
ENGINEERING_SAMPLE,ofi_3s,momentum_3s_bps,HIGH,HIGH,500,500,1420,100.0,-10.01342597456186,-10.052675959840839,0.0,-10.052757760873055,-9.842073827535714,-7.975334828826906,-11.928736474465659,10.050042250111886,0.0005907683230136332
ENGINEERING_SAMPLE,ofi_3s,momentum_3s_bps,HIGH,HIGH,5000,100,1420,98.80281690140845,-9.872630093054306,-10.052637954097808,0.0,-10.93742145867114,-8.893940993236205,-7.9747861184317514,-11.928320676973804,10.064887016829733,0.00011652394616016636
ENGINEERING_SAMPLE,ofi_3s,momentum_3s_bps,HIGH,HIGH,5000,1000,1420,98.80281690140845,-9.873288447272339,-10.052637954097808,0.0,-10.93742145867114,-8.893940993236205,-7.975661791472637,-11.928954931157296,10.065545739121909,0.0007752462383359964
ENGINEERING_SAMPLE,ofi_3s,momentum_3s_bps,HIGH,HIGH,5000,500,1420,98.80281690140845,-9.873050799268208,-10.052637954097808,0.0,-10.93742145867114,-8.893940993236205,-7.975334828826906,-11.928736474465659,10.065307958917495,0.00053746603392199
ENGINEERING_SAMPLE,ofi_3s,momentum_3s_bps,HIGH,HIGH,60000,100,1420,96.47887323943662,-9.910490252091158,-9.947383382729958,0.0,-14.691374627534742,-5.944827331836911,-7.9747861184317514,-11.928320676973804,10.058797777996418,0.00011933072734504629
ENGINEERING_SAMPLE,ofi_3s,momentum_3s_bps,HIGH,HIGH,60000,1000,1420,96.47887323943662,-9.911147549993935,-9.947383382729958,0.0,-14.691374627534742,-5.944827331836911,-7.975661791472637,-11.928954931157296,10.059455347476245,0.0007769002071736779
ENGINEERING_SAMPLE,ofi_3s,momentum_3s_bps,HIGH,HIGH,60000,500,1420,96.47887323943662,-9.910921149668596,-9.947383382729958,0.0,-14.691374627534742,-5.944827331836911,-7.975334828826906,-11.928736474465659,10.059228859565124,0.0005504122960529577
ENGINEERING_SAMPLE,ofi_3s,momentum_3s_bps,HIGH,LOW,1000,100,977,100.0,-9.986967173095993,-10.052677070322176,0.0,-10.05276076858108,-9.76808614819237,-8.12917168232459,-12.389854534369512,10.057788955325682,-5.335217358277523e-25
ENGINEERING_SAMPLE,ofi_3s,momentum_3s_bps,HIGH,LOW,1000,1000,977,100.0,-9.987152735126427,-10.052677070322176,0.0,-10.05276076858108,-9.788993198138566,-8.129357337182453,-12.390040098200423,10.057974607188767,0.00018565186308447837
ENGINEERING_SAMPLE,ofi_3s,momentum_3s_bps,HIGH,LOW,1000,500,977,100.0,-9.986973892786784,-10.052677070322176,0.0,-10.05276076858108,-9.76808614819237,-8.129178405376907,-12.389861254125504,10.057795678152026,6.722826343475697e-06
ENGINEERING_SAMPLE,ofi_3s,momentum_3s_bps,HIGH,LOW,15000,100,977,99.18116683725691,-9.965341785857829,-10.052669020393108,0.0,-11.423676505499722,-7.836328789110762,-8.12917168232459,-12.389854534369512,10.06283392012928,-5.162645485148917e-25
ENGINEERING_SAMPLE,ofi_3s,momentum_3s_bps,HIGH,LOW,15000,1000,977,99.18116683725691,-9.965528867053298,-10.052669020393108,0.0,-11.423676505499722,-7.836328789110762,-8.129357337182453,-12.390040098200423,10.063021104721885,0.00018718459260426765
ENGINEERING_SAMPLE,ofi_3s,momentum_3s_bps,HIGH,LOW,15000,500,977,99.18116683725691,-9.965348560561594,-10.052669020393108,0.0,-11.423676505499722,-7.836328789110762,-8.129178405376907,-12.389861254125504,10.062840698458833,6.77832955374175e-06
ENGINEERING_SAMPLE,ofi_3s,momentum_3s_bps,HIGH,LOW,250,100,977,100.0,-10.039308088014854,-10.05268567814032,0.0,-10.05275074415757,-10.052619442714384,-8.12917168232459,-12.389854534369512,10.056544826498405,-6.144692907070791e-25
ENGINEERING_SAMPLE,ofi_3s,momentum_3s_bps,HIGH,LOW,250,1000,977,100.0,-10.039493642218929,-10.05268567814032,0.0,-10.05275074415757,-10.052619442714384,-8.129357337182453,-12.390040098200423,10.056730478361489,0.00018565186308447837
ENGINEERING_SAMPLE,ofi_3s,momentum_3s_bps,HIGH,LOW,250,500,977,100.0,-10.039314807422231,-10.05268567814032,0.0,-10.05275074415757,-10.052619442714384,-8.129178405376907,-12.389861254125504,10.056551549324748,6.722826343475697e-06
ENGINEERING_SAMPLE,ofi_3s,momentum_3s_bps,HIGH,LOW,3000,100,977,100.0,-9.890005401330772,-10.052670963254164,0.0,-10.474398662581281,-8.841652096616217,-8.12917168232459,-12.389854534369512,10.058892504909467,2.0170387921334125e-05
ENGINEERING_SAMPLE,ofi_3s,momentum_3s_bps,HIGH,LOW,3000,1000,977,100.0,-9.890221347262717,-10.052670963254164,0.0,-10.474398662581281,-8.841652096616217,-8.129357337182453,-12.390040098200423,10.059108560440388,0.00023622591884101725
ENGINEERING_SAMPLE,ofi_3s,momentum_3s_bps,HIGH,LOW,3000,500,977,100.0,-9.890039128934013,-10.052670963254164,0.0,-10.474398662581281,-8.841652096616217,-8.129178405376907,-12.389861254125504,10.058926253218331,5.391869678499184e-05
ENGINEERING_SAMPLE,ofi_3s,momentum_3s_bps,HIGH,LOW,30000,100,977,97.7482088024565,-10.043582969174063,-10.052670963254164,0.0,-12.582183511101036,-7.419979349509551,-8.12917168232459,-12.389854534369512,10.065469576646365,-5.678089611082104e-25
ENGINEERING_SAMPLE,ofi_3s,momentum_3s_bps,HIGH,LOW,30000,1000,977,97.7482088024565,-10.043772726866194,-10.052670963254164,0.0,-12.582183511101036,-7.419979349509551,-8.129357337182453,-12.390040098200423,10.065659505306295,0.00018992865993040352
ENGINEERING_SAMPLE,ofi_3s,momentum_3s_bps,HIGH,LOW,30000,500,977,97.7482088024565,-10.043589840800834,-10.052670963254164,0.0,-12.582183511101036,-7.419979349509551,-8.129178405376907,-12.389861254125504,10.065476454344099,6.8776977356814195e-06
ENGINEERING_SAMPLE,ofi_3s,momentum_3s_bps,HIGH,LOW,500,100,977,100.0,-10.015185081653355,-10.052677070322176,0.0,-10.052752136210819,-10.052615509336029,-8.12917168232459,-12.389854534369512,10.049470403376697,-5.87487743516223e-25
ENGINEERING_SAMPLE,ofi_3s,momentum_3s_bps,HIGH,LOW,500,1000,977,100.0,-10.01537064368379,-10.052677070322176,0.0,-10.052752136210819,-10.052615509336029,-8.129357337182453,-12.390040098200423,10.049656055239781,0.00018565186308447837
ENGINEERING_SAMPLE,ofi_3s,momentum_3s_bps,HIGH,LOW,500,500,977,100.0,-10.015191801344146,-10.052677070322176,0.0,-10.052752136210819,-10.052615509336029,-8.129178405376907,-12.389861254125504,10.04947712620304,6.722826343475697e-06
ENGINEERING_SAMPLE,ofi_3s,momentum_3s_bps,HIGH,LOW,5000,100,977,100.0,-9.880073824466693,-10.052670963254164,0.0,-10.790010327965602,-8.523633677991137,-8.12917168232459,-12.389854534369512,10.06329340713156,-5.929114200610964e-25
ENGINEERING_SAMPLE,ofi_3s,momentum_3s_bps,HIGH,LOW,5000,1000,977,100.0,-9.880259386497128,-10.052670963254164,0.0,-10.790010327965602,-8.523633677991137,-8.129357337182453,-12.390040098200423,10.063479058994645,0.00018565186308447837
ENGINEERING_SAMPLE,ofi_3s,momentum_3s_bps,HIGH,LOW,5000,500,977,100.0,-9.880080544157485,-10.052670963254164,0.0,-10.790010327965602,-8.523633677991137,-8.129178405376907,-12.389861254125504,10.063300129957902,6.722826343475697e-06
ENGINEERING_SAMPLE,ofi_3s,momentum_3s_bps,HIGH,LOW,60000,100,977,96.62231320368475,-10.342002474576796,-10.052618833488056,0.0,-15.321505948835272,-6.11405402748506,-8.12917168232459,-12.389854534369512,10.063029813845816,3.0340196855892526e-05
ENGINEERING_SAMPLE,ofi_3s,momentum_3s_bps,HIGH,LOW,60000,1000,977,96.62231320368475,-10.342387426670724,-10.052618833488056,0.0,-15.321505948835272,-6.11405402748506,-8.129357337182453,-12.390040098200423,10.063415117007125,0.00041564335816491476
ENGINEERING_SAMPLE,ofi_3s,momentum_3s_bps,HIGH,LOW,60000,500,977,96.62231320368475,-10.342146813926803,-10.052618833488056,0.0,-15.321505948835272,-6.11405402748506,-8.129178405376907,-12.389861254125504,10.063174301467553,0.0001748278185921437
ENGINEERING_SAMPLE,ofi_3s,momentum_3s_bps,LOW,HIGH,1000,100,53,100.0,-9.988495895401165,-10.052664025122768,0.0,-10.052712074466683,-9.884012904586537,-8.967531402363278,-12.355181224248213,10.045254689730328,0.0005403250856130754
ENGINEERING_SAMPLE,ofi_3s,momentum_3s_bps,LOW,HIGH,1000,1000,53,100.0,-9.989475324993132,-10.052664025122768,0.0,-10.052712074466683,-9.884012904586537,-8.967531402363278,-12.355181224248213,10.046234658284368,0.0015202936396515477
ENGINEERING_SAMPLE,ofi_3s,momentum_3s_bps,LOW,HIGH,1000,500,53,100.0,-9.98900952150205,-10.052664025122768,0.0,-10.052712074466683,-9.884012904586537,-8.967531402363278,-12.355181224248213,10.0457685984702,0.001054233825483852
ENGINEERING_SAMPLE,ofi_3s,momentum_3s_bps,LOW,HIGH,15000,100,53,100.0,-10.698258957357174,-10.737428460006113,0.0,-12.422302654801983,-9.50480476383704,-8.967531402363278,-12.355181224248213,10.047728991847906,-1.7899803178620808e-24
ENGINEERING_SAMPLE,ofi_3s,momentum_3s_bps,LOW,HIGH,15000,1000,53,100.0,-10.698258957357174,-10.737428460006113,0.0,-12.422302654801983,-9.50480476383704,-8.967531402363278,-12.355181224248213,10.047728991847906,-1.7899803178620808e-24
ENGINEERING_SAMPLE,ofi_3s,momentum_3s_bps,LOW,HIGH,15000,500,53,100.0,-10.698258957357174,-10.737428460006113,0.0,-12.422302654801983,-9.50480476383704,-8.967531402363278,-12.355181224248213,10.047728991847906,0.0
ENGINEERING_SAMPLE,ofi_3s,momentum_3s_bps,LOW,HIGH,250,100,53,100.0,-10.084523914878721,-10.052668465316275,0.0,-10.052732932362561,-10.05261928389936,-8.967531402363278,-12.355181224248213,10.043747188230778,-1.5911073409658008e-24
ENGINEERING_SAMPLE,ofi_3s,momentum_3s_bps,LOW,HIGH,250,1000,53,100.0,-10.084523914878721,-10.052668465316275,0.0,-10.052732932362561,-10.05261928389936,-8.967531402363278,-12.355181224248213,10.043747188230778,-1.5911073409658008e-24
ENGINEERING_SAMPLE,ofi_3s,momentum_3s_bps,LOW,HIGH,250,500,53,100.0,-10.084523914878721,-10.052668465316275,0.0,-10.052732932362561,-10.05261928389936,-8.967531402363278,-12.355181224248213,10.043747188230778,0.0
ENGINEERING_SAMPLE,ofi_3s,momentum_3s_bps,LOW,HIGH,3000,100,53,100.0,-9.967532276428374,-10.052664025122768,0.0,-10.147677632778661,-9.841863776599952,-8.967531402363278,-12.355181224248213,10.056212803100562,0.0005403250856130754
ENGINEERING_SAMPLE,ofi_3s,momentum_3s_bps,LOW,HIGH,3000,1000,53,100.0,-9.96851170602034,-10.052664025122768,0.0,-10.147677632778661,-9.841863776599952,-8.967531402363278,-12.355181224248213,10.057192771654602,0.0015202936396515477
ENGINEERING_SAMPLE,ofi_3s,momentum_3s_bps,LOW,HIGH,3000,500,53,100.0,-9.968045902529258,-10.052664025122768,0.0,-10.147677632778661,-9.841863776599952,-8.967531402363278,-12.355181224248213,10.056726711840433,0.001054233825483852
ENGINEERING_SAMPLE,ofi_3s,momentum_3s_bps,LOW,HIGH,30000,100,53,100.0,-10.543849103983598,-11.000616477332603,0.0,-11.852167217684732,-7.26098000569158,-8.967531402363278,-12.355181224248213,10.010968304975147,-1.4916383666396503e-24
ENGINEERING_SAMPLE,ofi_3s,momentum_3s_bps,LOW,HIGH,30000,1000,53,100.0,-10.543849103983598,-11.000616477332603,0.0,-11.852167217684732,-7.26098000569158,-8.967531402363278,-12.355181224248213,10.010968304975147,-1.4916383666396503e-24
ENGINEERING_SAMPLE,ofi_3s,momentum_3s_bps,LOW,HIGH,30000,500,53,100.0,-10.543849103983598,-11.000616477332603,0.0,-11.852167217684732,-7.26098000569158,-8.967531402363278,-12.355181224248213,10.010968304975147,0.0
ENGINEERING_SAMPLE,ofi_3s,momentum_3s_bps,LOW,HIGH,500,100,53,100.0,-10.02878239392385,-10.052664025122768,0.0,-10.052728760783385,-10.052609416532885,-8.967531402363278,-12.355181224248213,10.018835830371463,-1.4915753850120755e-24
ENGINEERING_SAMPLE,ofi_3s,momentum_3s_bps,LOW,HIGH,500,1000,53,100.0,-10.02878239392385,-10.052664025122768,0.0,-10.052728760783385,-10.052609416532885,-8.967531402363278,-12.355181224248213,10.018835830371463,-1.4915753850120755e-24
ENGINEERING_SAMPLE,ofi_3s,momentum_3s_bps,LOW,HIGH,500,500,53,100.0,-10.02878239392385,-10.052664025122768,0.0,-10.052728760783385,-10.052609416532885,-8.967531402363278,-12.355181224248213,10.018835830371463,0.0
ENGINEERING_SAMPLE,ofi_3s,momentum_3s_bps,LOW,HIGH,5000,100,53,100.0,-10.14077222146314,-10.052664025122768,0.0,-10.905771740460974,-9.841863776599952,-8.967531402363278,-12.355181224248213,10.067605149425152,-1.1931463058118219e-24
ENGINEERING_SAMPLE,ofi_3s,momentum_3s_bps,LOW,HIGH,5000,1000,53,100.0,-10.14077222146314,-10.052664025122768,0.0,-10.905771740460974,-9.841863776599952,-8.967531402363278,-12.355181224248213,10.067605149425152,-1.1931463058118219e-24
ENGINEERING_SAMPLE,ofi_3s,momentum_3s_bps,LOW,HIGH,5000,500,53,100.0,-10.14077222146314,-10.052664025122768,0.0,-10.905771740460974,-9.841863776599952,-8.967531402363278,-12.355181224248213,10.067605149425152,0.0
ENGINEERING_SAMPLE,ofi_3s,momentum_3s_bps,LOW,HIGH,60000,100,53,100.0,-11.617212473301956,-11.89393899518383,0.0,-12.685865281261197,-8.89385730999083,-8.967531402363278,-12.355181224248213,10.0477314172055,-1.6905296822495907e-24
ENGINEERING_SAMPLE,ofi_3s,momentum_3s_bps,LOW,HIGH,60000,1000,53,100.0,-11.617212473301956,-11.89393899518383,0.0,-12.685865281261197,-8.89385730999083,-8.967531402363278,-12.355181224248213,10.0477314172055,-1.6905296822495907e-24
ENGINEERING_SAMPLE,ofi_3s,momentum_3s_bps,LOW,HIGH,60000,500,53,100.0,-11.617212473301956,-11.89393899518383,0.0,-12.685865281261197,-8.89385730999083,-8.967531402363278,-12.355181224248213,10.0477314172055,0.0
ENGINEERING_SAMPLE,ofi_3s,momentum_3s_bps,LOW,LOW,1000,100,2345,99.87206823027718,-10.117542101441279,-10.052688177711241,0.0,-10.25793327524807,-10.052621603550577,-8.195755681177095,-12.826692283387734,10.052085635774805,4.237813523789656e-05
ENGINEERING_SAMPLE,ofi_3s,momentum_3s_bps,LOW,LOW,1000,1000,2345,99.87206823027718,-10.11770507978891,-10.052688177711241,0.0,-10.25793327524807,-10.052621603550577,-8.195842657094516,-12.826799530211046,10.05224869295845,0.00020543531888340694
ENGINEERING_SAMPLE,ofi_3s,momentum_3s_bps,LOW,LOW,1000,500,2345,99.87206823027718,-10.117662742066425,-10.052688177711241,0.0,-10.25793327524807,-10.052621603550577,-8.195815172802085,-12.826769078931223,10.052206335766364,0.00016307812679628955
ENGINEERING_SAMPLE,ofi_3s,momentum_3s_bps,LOW,LOW,15000,100,2345,99.317697228145,-10.310404396563001,-10.05271318647125,0.0,-12.641476511123455,-8.104654347780283,-8.195755681177095,-12.826692283387734,10.044233086730182,4.349532608658655e-05
ENGINEERING_SAMPLE,ofi_3s,momentum_3s_bps,LOW,LOW,15000,1000,2345,99.317697228145,-10.310575332690886,-10.05271318647125,0.0,-12.641476511123455,-8.104654347780283,-8.195842657094516,-12.826799530211046,10.044404132162194,0.0002145407580994652
ENGINEERING_SAMPLE,ofi_3s,momentum_3s_bps,LOW,LOW,15000,500,2345,99.317697228145,-10.310524850718355,-10.05271318647125,0.0,-12.641476511123455,-8.104654347780283,-8.195815172802085,-12.826769078931223,10.044353619417354,0.00016402801325833959
ENGINEERING_SAMPLE,ofi_3s,momentum_3s_bps,LOW,LOW,250,100,2345,99.91471215351812,-10.068528725509218,-10.052687899969426,0.0,-10.0527688465823,-10.052627699177018,-8.195755681177095,-12.826692283387734,10.052141985141372,5.458256448857294e-05
ENGINEERING_SAMPLE,ofi_3s,momentum_3s_bps,LOW,LOW,250,1000,2345,99.91471215351812,-10.068721660517589,-10.052687899969426,0.0,-10.0527688465823,-10.052627699177018,-8.195842657094516,-12.826799530211046,10.05233502245465,0.0002476198777671244
ENGINEERING_SAMPLE,ofi_3s,momentum_3s_bps,LOW,LOW,250,500,2345,99.91471215351812,-10.068660928513864,-10.052687899969426,0.0,-10.0527688465823,-10.052627699177018,-8.195815172802085,-12.826769078931223,10.052274258584454,0.00018685600757195261
ENGINEERING_SAMPLE,ofi_3s,momentum_3s_bps,LOW,LOW,3000,100,2345,99.87206823027718,-10.221380448887261,-10.052700401250679,0.0,-11.001666763367073,-9.841898796247964,-8.195755681177095,-12.826692283387734,10.044925140238917,4.32574570332948e-05
ENGINEERING_SAMPLE,ofi_3s,momentum_3s_bps,LOW,LOW,3000,1000,2345,99.87206823027718,-10.221550466160906,-10.052700401250679,0.0,-11.001666763367073,-9.841898796247964,-8.195842657094516,-12.826799530211046,10.045095246679358,0.00021336389747299563
ENGINEERING_SAMPLE,ofi_3s,momentum_3s_bps,LOW,LOW,3000,500,2345,99.87206823027718,-10.221500248039836,-10.052700401250679,0.0,-11.001666763367073,-9.841898796247964,-8.195815172802085,-12.826769078931223,10.045045004034735,0.00016312125284929943
ENGINEERING_SAMPLE,ofi_3s,momentum_3s_bps,LOW,LOW,30000,100,2345,98.37953091684435,-10.368851262801638,-10.263077546680144,0.0,-13.345030416052696,-7.4511638730044165,-8.195755681177095,-12.826692283387734,10.048824602869871,3.536822639796303e-05
ENGINEERING_SAMPLE,ofi_3s,momentum_3s_bps,LOW,LOW,30000,1000,2345,98.37953091684435,-10.368944800337498,-10.263077546680144,0.0,-13.345030416052696,-7.500895786051608,-8.195842657094516,-12.826799530211046,10.04891817467008,0.00012894002660666058
ENGINEERING_SAMPLE,ofi_3s,momentum_3s_bps,LOW,LOW,30000,500,2345,98.37953091684435,-10.368900228388611,-10.263077546680144,0.0,-13.345030416052696,-7.479378508432784,-8.195815172802085,-12.826769078931223,10.048873584477777,8.434983430149531e-05
ENGINEERING_SAMPLE,ofi_3s,momentum_3s_bps,LOW,LOW,500,100,2345,99.87206823027718,-10.089258923669236,-10.052687899969426,0.0,-10.052778599188915,-10.052622157640084,-8.195755681177095,-12.826692283387734,10.057954795886342,3.4839666225491336e-05
ENGINEERING_SAMPLE,ofi_3s,momentum_3s_bps,LOW,LOW,500,1000,2345,99.87206823027718,-10.089341108759596,-10.052687899969426,0.0,-10.052778599188915,-10.052622157640084,-8.195842657094516,-12.826799530211046,10.058037019126616,0.00011706290649756702
ENGINEERING_SAMPLE,ofi_3s,momentum_3s_bps,LOW,LOW,500,500,2345,99.87206823027718,-10.08930715133701,-10.052687899969426,0.0,-10.052778599188915,-10.052622157640084,-8.195815172802085,-12.826769078931223,10.058003045489006,8.308926888708356e-05
ENGINEERING_SAMPLE,ofi_3s,momentum_3s_bps,LOW,LOW,5000,100,2345,99.87206823027718,-10.248668769653511,-10.052707071026667,0.0,-11.210437081071404,-9.367875156133888,-8.195755681177095,-12.826692283387734,10.047685664760257,3.4839666225491336e-05
ENGINEERING_SAMPLE,ofi_3s,momentum_3s_bps,LOW,LOW,5000,1000,2345,99.87206823027718,-10.248743070439193,-10.052707071026667,0.0,-11.210437081071404,-9.367875156133888,-8.195842657094516,-12.826799530211046,10.04776000236267,0.00010917726863884111
ENGINEERING_SAMPLE,ofi_3s,momentum_3s_bps,LOW,LOW,5000,500,2345,99.87206823027718,-10.248716995538956,-10.052707071026667,0.0,-11.210437081071404,-9.367875156133888,-8.195815172802085,-12.826769078931223,10.047733914362919,8.308926888708356e-05
ENGINEERING_SAMPLE,ofi_3s,momentum_3s_bps,LOW,LOW,60000,100,2345,98.25159914712154,-10.682194063836928,-10.685455792361259,0.0,-15.998925970969626,-5.883204047039441,-8.195755681177095,-12.826692283387734,10.045162913804122,5.3768079916731874e-05
ENGINEERING_SAMPLE,ofi_3s,momentum_3s_bps,LOW,LOW,60000,1000,2345,98.25159914712154,-10.682391519796349,-10.685455792361259,0.0,-15.998925970969626,-5.883204047039441,-8.195842657094516,-12.826799530211046,10.045360575970387,0.0002514302461826454
ENGINEERING_SAMPLE,ofi_3s,momentum_3s_bps,LOW,LOW,60000,500,2345,98.25159914712154,-10.68232914705338,-10.685455792361259,0.0,-15.998925970969626,-5.883204047039441,-8.195815172802085,-12.826769078931223,10.045298142425063,0.00018899670085900061
ENGINEERING_SAMPLE,ofi_3s,momentum_3s_bps,MID,HIGH,1000,100,37,100.0,-9.941293735968808,-10.052668465316275,0.0,-10.495267253609157,-8.891713792393354,-8.363324691115773,-13.381888395631343,9.995725521147492,2.8363263419628975e-25
ENGINEERING_SAMPLE,ofi_3s,momentum_3s_bps,MID,HIGH,1000,1000,37,100.0,-9.941293735968808,-10.052668465316275,0.0,-10.495267253609157,-8.891713792393354,-8.363324691115773,-13.381888395631343,9.995725521147492,2.8363263419628975e-25
ENGINEERING_SAMPLE,ofi_3s,momentum_3s_bps,MID,HIGH,1000,500,37,100.0,-9.941293735968808,-10.052668465316275,0.0,-10.495267253609157,-8.891713792393354,-8.363324691115773,-13.381888395631343,9.995725521147492,0.0
ENGINEERING_SAMPLE,ofi_3s,momentum_3s_bps,MID,HIGH,15000,100,37,100.0,-10.580161319735618,-10.685047423723988,0.0,-12.84573746858987,-8.018384069539296,-8.363324691115773,-13.381888395631343,9.994304351866159,8.544873920910298e-25
ENGINEERING_SAMPLE,ofi_3s,momentum_3s_bps,MID,HIGH,15000,1000,37,100.0,-10.580161319735618,-10.685047423723988,0.0,-12.84573746858987,-8.018384069539296,-8.363324691115773,-13.381888395631343,9.994304351866159,8.544873920910298e-25
ENGINEERING_SAMPLE,ofi_3s,momentum_3s_bps,MID,HIGH,15000,500,37,100.0,-10.580161319735618,-10.685047423723988,0.0,-12.84573746858987,-8.018384069539296,-8.363324691115773,-13.381888395631343,9.994304351866159,0.0
ENGINEERING_SAMPLE,ofi_3s,momentum_3s_bps,MID,HIGH,250,100,37,100.0,-10.011292812347447,-10.052670130581875,0.0,-10.052775533695554,-10.052609416532885,-8.363324691115773,-13.381888395631343,10.005685379657296,4.259414846123054e-25
ENGINEERING_SAMPLE,ofi_3s,momentum_3s_bps,MID,HIGH,250,1000,37,100.0,-10.011292812347447,-10.052670130581875,0.0,-10.052775533695554,-10.052609416532885,-8.363324691115773,-13.381888395631343,10.005685379657296,4.259414846123054e-25
ENGINEERING_SAMPLE,ofi_3s,momentum_3s_bps,MID,HIGH,250,500,37,100.0,-10.011292812347447,-10.052670130581875,0.0,-10.052775533695554,-10.052609416532885,-8.363324691115773,-13.381888395631343,10.005685379657296,0.0
ENGINEERING_SAMPLE,ofi_3s,momentum_3s_bps,MID,HIGH,3000,100,37,100.0,-10.213009889636451,-10.052668465316275,0.0,-11.315235413322105,-9.366693595653345,-8.363324691115773,-13.381888395631343,9.994303383754529,4.271134741896161e-25
ENGINEERING_SAMPLE,ofi_3s,momentum_3s_bps,MID,HIGH,3000,1000,37,100.0,-10.213009889636451,-10.052668465316275,0.0,-11.315235413322105,-9.366693595653345,-8.363324691115773,-13.381888395631343,9.994303383754529,4.271134741896161e-25
ENGINEERING_SAMPLE,ofi_3s,momentum_3s_bps,MID,HIGH,3000,500,37,100.0,-10.213009889636451,-10.052668465316275,0.0,-11.315235413322105,-9.366693595653345,-8.363324691115773,-13.381888395631343,9.994303383754529,0.0
ENGINEERING_SAMPLE,ofi_3s,momentum_3s_bps,MID,HIGH,30000,100,37,100.0,-11.336472166956145,-11.685080107688336,0.0,-13.792129502771747,-7.699501149433308,-8.363324691115773,-13.381888395631343,10.007111728119957,7.106741848772026e-25
ENGINEERING_SAMPLE,ofi_3s,momentum_3s_bps,MID,HIGH,30000,1000,37,100.0,-11.336472166956145,-11.685080107688336,0.0,-13.792129502771747,-7.699501149433308,-8.363324691115773,-13.381888395631343,10.007111728119957,7.106741848772026e-25
ENGINEERING_SAMPLE,ofi_3s,momentum_3s_bps,MID,HIGH,30000,500,37,100.0,-11.336472166956145,-11.685080107688336,0.0,-13.792129502771747,-7.699501149433308,-8.363324691115773,-13.381888395631343,10.007111728119957,0.0
ENGINEERING_SAMPLE,ofi_3s,momentum_3s_bps,MID,HIGH,500,100,37,100.0,-10.041134675819574,-10.05268234574799,0.0,-10.41108243867151,-10.052609416532885,-8.363324691115773,-13.381888395631343,10.022777333950375,4.259414846123054e-25
ENGINEERING_SAMPLE,ofi_3s,momentum_3s_bps,MID,HIGH,500,1000,37,100.0,-10.041134675819574,-10.05268234574799,0.0,-10.41108243867151,-10.052609416532885,-8.363324691115773,-13.381888395631343,10.022777333950375,4.259414846123054e-25
ENGINEERING_SAMPLE,ofi_3s,momentum_3s_bps,MID,HIGH,500,500,37,100.0,-10.041134675819574,-10.05268234574799,0.0,-10.41108243867151,-10.052609416532885,-8.363324691115773,-13.381888395631343,10.022777333950375,0.0
ENGINEERING_SAMPLE,ofi_3s,momentum_3s_bps,MID,HIGH,5000,100,37,100.0,-10.07021612287736,-10.052668465316275,0.0,-11.315235413322105,-8.32184284400125,-8.363324691115773,-13.381888395631343,9.99144965379338,-9.98635156465481e-28
ENGINEERING_SAMPLE,ofi_3s,momentum_3s_bps,MID,HIGH,5000,1000,37,100.0,-10.07021612287736,-10.052668465316275,0.0,-11.315235413322105,-8.32184284400125,-8.363324691115773,-13.381888395631343,9.99144965379338,-9.98635156465481e-28
ENGINEERING_SAMPLE,ofi_3s,momentum_3s_bps,MID,HIGH,5000,500,37,100.0,-10.07021612287736,-10.052668465316275,0.0,-11.315235413322105,-8.32184284400125,-8.363324691115773,-13.381888395631343,9.99144965379338,0.0
ENGINEERING_SAMPLE,ofi_3s,momentum_3s_bps,MID,HIGH,60000,100,37,100.0,-11.3603265183161,-11.89393899518383,0.0,-15.775584003703987,-6.890938615406515,-8.363324691115773,-13.381888395631343,9.995734151636757,2.8294092083616686e-25
ENGINEERING_SAMPLE,ofi_3s,momentum_3s_bps,MID,HIGH,60000,1000,37,100.0,-11.3603265183161,-11.89393899518383,0.0,-15.775584003703987,-6.890938615406515,-8.363324691115773,-13.381888395631343,9.995734151636757,2.8294092083616686e-25
ENGINEERING_SAMPLE,ofi_3s,momentum_3s_bps,MID,HIGH,60000,500,37,100.0,-11.3603265183161,-11.89393899518383,0.0,-15.775584003703987,-6.890938615406515,-8.363324691115773,-13.381888395631343,9.995734151636757,0.0
ENGINEERING_SAMPLE,ofi_3s,momentum_3s_bps,MID,LOW,1000,100,2360,100.0,-10.06936640437276,-10.052674016611155,0.0,-10.052757426683275,-10.052616063297203,-8.212124291999812,-12.160970116765576,10.05331151467209,-9.642648735628829e-25
ENGINEERING_SAMPLE,ofi_3s,momentum_3s_bps,MID,LOW,1000,1000,2360,100.0,-10.069401046880861,-10.052674016611155,0.0,-10.052757426683275,-10.052616063297203,-8.21215895348002,-12.161009216671069,10.053346173425108,3.465875301844415e-05
ENGINEERING_SAMPLE,ofi_3s,momentum_3s_bps,MID,LOW,1000,500,2360,100.0,-10.069391094293401,-10.052674016611155,0.0,-10.052757426683275,-10.052616063297203,-8.212148995441988,-12.160994817086692,10.053336216112532,2.4701440443062518e-05
ENGINEERING_SAMPLE,ofi_3s,momentum_3s_bps,MID,LOW,15000,100,2360,99.36440677966101,-10.100021199656123,-10.052669020393108,0.0,-11.894248081114375,-8.417477675272858,-8.212124291999812,-12.160970116765576,10.049681003088928,-1.1299324939837272e-24
ENGINEERING_SAMPLE,ofi_3s,momentum_3s_bps,MID,LOW,15000,1000,2360,99.36440677966101,-10.100056063758094,-10.052669020393108,0.0,-11.894248081114375,-8.417477675272858,-8.21215895348002,-12.161009216671069,10.049715883539726,3.488045079894593e-05
ENGINEERING_SAMPLE,ofi_3s,momentum_3s_bps,MID,LOW,15000,500,2360,99.36440677966101,-10.100046047508025,-10.052669020393108,0.0,-11.894248081114375,-8.417477675272858,-8.212148995441988,-12.160994817086692,10.04970586253432,2.48594453925917e-05
ENGINEERING_SAMPLE,ofi_3s,momentum_3s_bps,MID,LOW,250,100,2360,100.0,-10.056702209447032,-10.052674571805007,0.0,-10.052743784993218,-10.052618833278055,-8.212124291999812,-12.160970116765576,10.053948230698202,-9.218272609536732e-25
ENGINEERING_SAMPLE,ofi_3s,momentum_3s_bps,MID,LOW,250,1000,2360,100.0,-10.056736851955133,-10.052674571805007,0.0,-10.052743784993218,-10.052618833278055,-8.21215895348002,-12.161009216671069,10.053982889451222,3.465875301844415e-05
ENGINEERING_SAMPLE,ofi_3s,momentum_3s_bps,MID,LOW,250,500,2360,100.0,-10.056726899367673,-10.052674571805007,0.0,-10.052743784993218,-10.052618833278055,-8.212148995441988,-12.160994817086692,10.053972932138645,2.4701440443062518e-05
ENGINEERING_SAMPLE,ofi_3s,momentum_3s_bps,MID,LOW,3000,100,2360,100.0,-10.081638016248263,-10.052674016611155,0.0,-10.57997994619816,-9.73680191282732,-8.212124291999812,-12.160970116765576,10.05287660502894,-1.024541133660861e-24
ENGINEERING_SAMPLE,ofi_3s,momentum_3s_bps,MID,LOW,3000,1000,2360,100.0,-10.081672658756366,-10.052674016611155,0.0,-10.57997994619816,-9.73680191282732,-8.21215895348002,-12.161009216671069,10.052911263781958,3.465875301844415e-05
ENGINEERING_SAMPLE,ofi_3s,momentum_3s_bps,MID,LOW,3000,500,2360,100.0,-10.081662706168904,-10.052674016611155,0.0,-10.57997994619816,-9.73680191282732,-8.212148995441988,-12.160994817086692,10.052901306469384,2.4701440443062518e-05
ENGINEERING_SAMPLE,ofi_3s,momentum_3s_bps,MID,LOW,30000,100,2360,98.98305084745763,-10.140392653414137,-10.15810620560925,0.0,-12.743559966216216,-7.418782742518631,-8.212124291999812,-12.160970116765576,10.051519802307096,1.981810927666892e-05
ENGINEERING_SAMPLE,ofi_3s,momentum_3s_bps,MID,LOW,30000,1000,2360,98.98305084745763,-10.1404829750486,-10.15810620560925,0.0,-12.743559966216216,-7.418782742518631,-8.21215895348002,-12.161009216671069,10.051610166737575,0.00011018253975478051
ENGINEERING_SAMPLE,ofi_3s,momentum_3s_bps,MID,LOW,30000,500,2360,98.98305084745763,-10.140457944386274,-10.15810620560925,0.0,-12.743559966216216,-7.418782742518631,-8.212148995441988,-12.160994817086692,10.051585124738505,8.5140540685257e-05
ENGINEERING_SAMPLE,ofi_3s,momentum_3s_bps,MID,LOW,500,100,2360,100.0,-10.062380636205472,-10.052674016611155,0.0,-10.052752136210819,-10.052618002253178,-8.212124291999812,-12.160970116765576,10.056110074493208,2.6307929422017824e-05
ENGINEERING_SAMPLE,ofi_3s,momentum_3s_bps,MID,LOW,500,1000,2360,100.0,-10.06253918784792,-10.052674016611155,0.0,-10.052752136210819,-10.052618002253178,-8.21215895348002,-12.161009216671069,10.05626870860892,0.0001849420451337057
ENGINEERING_SAMPLE,ofi_3s,momentum_3s_bps,MID,LOW,500,500,2360,100.0,-10.06250060559026,-10.052674016611155,0.0,-10.052752136210819,-10.052618002253178,-8.212148995441988,-12.160994817086692,10.056230106518724,0.0001463399549377067
ENGINEERING_SAMPLE,ofi_3s,momentum_3s_bps,MID,LOW,5000,100,2360,100.0,-10.093324331630743,-10.052670963254164,0.0,-11.001909856866252,-9.26258319851178,-8.212124291999812,-12.160970116765576,10.054069398458106,2.5433512977065982e-05
ENGINEERING_SAMPLE,ofi_3s,momentum_3s_bps,MID,LOW,5000,1000,2360,100.0,-10.093503056124506,-10.052670963254164,0.0,-11.001909856866252,-9.26258319851178,-8.21215895348002,-12.161009216671069,10.054248227198174,0.00020426225304646183
ENGINEERING_SAMPLE,ofi_3s,momentum_3s_bps,MID,LOW,5000,500,2360,100.0,-10.093461509255999,-10.052670963254164,0.0,-11.001909856866252,-9.26258319851178,-8.212148995441988,-12.160994817086692,10.054206656106013,0.00016269116088490974
ENGINEERING_SAMPLE,ofi_3s,momentum_3s_bps,MID,LOW,60000,100,2360,95.04237288135593,-10.337451188381246,-10.052669020393108,0.0,-15.163250890842768,-6.262705259055624,-8.212124291999812,-12.160970116765576,10.056194349532204,-7.910300587780227e-25
ENGINEERING_SAMPLE,ofi_3s,momentum_3s_bps,MID,LOW,60000,1000,2360,95.04237288135593,-10.337487639648632,-10.052669020393108,0.0,-15.163250890842768,-6.262705259055624,-8.21215895348002,-12.161009216671069,10.056230816164895,3.646663268993678e-05
ENGINEERING_SAMPLE,ofi_3s,momentum_3s_bps,MID,LOW,60000,500,2360,95.04237288135593,-10.337477167415338,-10.052669020393108,0.0,-15.163250890842768,-6.262705259055624,-8.212148995441988,-12.160994817086692,10.056220339456166,2.5989923961492438e-05
ENGINEERING_SAMPLE,spread_bps,depth_10_bid,HIGH,HIGH,1000,100,713,100.0,-9.983271277714758,-10.052725421618742,0.0,-10.052778041799998,-9.483154372530764,-6.614811209348489,-11.745764411192,10.065048315714154,0.00014918544469928478
ENGINEERING_SAMPLE,spread_bps,depth_10_bid,HIGH,HIGH,1000,1000,713,100.0,-9.98409747773074,-10.052725421618742,0.0,-10.052778041799998,-9.483154372530764,-6.615637988280848,-11.746590655438414,10.065874850268267,0.0009757199988121432
ENGINEERING_SAMPLE,spread_bps,depth_10_bid,HIGH,HIGH,1000,500,713,100.0,-9.983773000016555,-10.052725421618742,0.0,-10.052778041799998,-9.483154372530764,-6.615313272134579,-11.746266140656527,10.065550233853024,0.0006511035835689606
ENGINEERING_SAMPLE,spread_bps,depth_10_bid,HIGH,HIGH,15000,100,713,100.0,-9.626649600286516,-9.472578849330104,0.0,-11.63505733478979,-7.310733956570368,-6.614811209348489,-11.745764411192,10.063347359466,0.00014918544469928478
ENGINEERING_SAMPLE,spread_bps,depth_10_bid,HIGH,HIGH,15000,1000,713,100.0,-9.627475697479001,-9.472578849330104,0.0,-11.63505733478979,-7.310733956570368,-6.615637988280848,-11.746590655438414,10.064173894020113,0.0009757199988121432
ENGINEERING_SAMPLE,spread_bps,depth_10_bid,HIGH,HIGH,15000,500,713,100.0,-9.627151249528703,-9.472578849330104,0.0,-11.63505733478979,-7.310733956570368,-6.615313272134579,-11.746266140656527,10.06384927760487,0.0006511035835689606
ENGINEERING_SAMPLE,spread_bps,depth_10_bid,HIGH,HIGH,250,100,713,100.0,-10.025512068469176,-10.052733210579353,0.0,-10.05277302582948,-10.052707071026667,-6.614811209348489,-11.745764411192,10.055723034462169,0.00014918544469928478
ENGINEERING_SAMPLE,spread_bps,depth_10_bid,HIGH,HIGH,250,1000,713,100.0,-10.02633822138744,-10.052733210579353,0.0,-10.05277302582948,-10.052707071026667,-6.615637988280848,-11.746590655438414,10.056549569016282,0.0009757199988121432
ENGINEERING_SAMPLE,spread_bps,depth_10_bid,HIGH,HIGH,250,500,713,100.0,-10.026013758914214,-10.052733210579353,0.0,-10.05277302582948,-10.052707071026667,-6.615313272134579,-11.746266140656527,10.056224952601038,0.0006511035835689606
ENGINEERING_SAMPLE,spread_bps,depth_10_bid,HIGH,HIGH,3000,100,713,100.0,-9.929432219326348,-10.05271596668794,0.0,-10.474658997968499,-9.00878913628504,-6.614811209348489,-11.745764411192,10.063197655987695,0.00014918544469928478
ENGINEERING_SAMPLE,spread_bps,depth_10_bid,HIGH,HIGH,3000,1000,713,100.0,-9.930258257293936,-10.05271596668794,0.0,-10.474658997968499,-9.00878913628504,-6.615637988280848,-11.746590655438414,10.064024190541808,0.0009757199988121432
ENGINEERING_SAMPLE,spread_bps,depth_10_bid,HIGH,HIGH,3000,500,713,100.0,-9.92993382901968,-10.05271596668794,0.0,-10.474658997968499,-9.00878913628504,-6.615313272134579,-11.746266140656527,10.063699574126563,0.0006511035835689606
ENGINEERING_SAMPLE,spread_bps,depth_10_bid,HIGH,HIGH,30000,100,713,100.0,-9.015030335036814,-8.786579186284653,0.0,-12.109751399728761,-6.531611660956793,-6.614811209348489,-11.745764411192,10.06016281524311,0.00014918544469928478
ENGINEERING_SAMPLE,spread_bps,depth_10_bid,HIGH,HIGH,30000,1000,713,100.0,-9.01588241070791,-8.786579186284653,0.0,-12.109751399728761,-6.531611660956793,-6.615637988280848,-11.746590655438414,10.06101525185033,0.001001622051918926
ENGINEERING_SAMPLE,spread_bps,depth_10_bid,HIGH,HIGH,30000,500,713,100.0,-9.015532037947896,-8.786579186284653,0.0,-12.109751399728761,-6.531611660956793,-6.615313272134579,-11.746266140656527,10.06066473338198,0.0006511035835689606
ENGINEERING_SAMPLE,spread_bps,depth_10_bid,HIGH,HIGH,500,100,713,100.0,-10.005020288644998,-10.052728759462953,0.0,-10.052774976371383,-9.841694291514708,-6.614811209348489,-11.745764411192,10.056173058802946,0.00014918544469928478
ENGINEERING_SAMPLE,spread_bps,depth_10_bid,HIGH,HIGH,500,1000,713,100.0,-10.00584647138705,-10.052728759462953,0.0,-10.052774976371383,-9.841694291514708,-6.615637988280848,-11.746590655438414,10.056999593357059,0.0009757199988121432
ENGINEERING_SAMPLE,spread_bps,depth_10_bid,HIGH,HIGH,500,500,713,100.0,-10.00552199941171,-10.052728759462953,0.0,-10.052774976371383,-9.841694291514708,-6.615313272134579,-11.746266140656527,10.056674976941816,0.0006511035835689606
ENGINEERING_SAMPLE,spread_bps,depth_10_bid,HIGH,HIGH,5000,100,713,100.0,-9.88867169191387,-10.052712074466683,0.0,-11.423226010600427,-8.471470758846174,-6.614811209348489,-11.745764411192,10.067714106446967,0.00014918544469928478
ENGINEERING_SAMPLE,spread_bps,depth_10_bid,HIGH,HIGH,5000,1000,713,100.0,-9.889497729881457,-10.052712074466683,0.0,-11.423226010600427,-8.471470758846174,-6.615637988280848,-11.746590655438414,10.06854064100108,0.0009757199988121432
ENGINEERING_SAMPLE,spread_bps,depth_10_bid,HIGH,HIGH,5000,500,713,100.0,-9.889173301607203,-10.052712074466683,0.0,-11.423226010600427,-8.471470758846174,-6.615313272134579,-11.746266140656527,10.068216024585837,0.0006511035835689606
ENGINEERING_SAMPLE,spread_bps,depth_10_bid,HIGH,HIGH,60000,100,713,100.0,-8.140572801430027,-7.206525235586633,0.0,-13.587732263513514,-4.194967158757312,-6.614811209348489,-11.745764411192,10.071332530128087,0.0001491854446992848
ENGINEERING_SAMPLE,spread_bps,depth_10_bid,HIGH,HIGH,60000,1000,713,100.0,-8.141398925047632,-7.206525235586633,0.0,-13.587732263513514,-4.194967158757312,-6.615637988280848,-11.746590655438414,10.0721590646822,0.0009757199988121432
ENGINEERING_SAMPLE,spread_bps,depth_10_bid,HIGH,HIGH,60000,500,713,100.0,-8.141074453587375,-7.206525235586633,0.0,-13.587732263513514,-4.194967158757312,-6.615313272134579,-11.746266140656527,10.071834448266957,0.0006511035835689606
ENGINEERING_SAMPLE,spread_bps,depth_10_bid,HIGH,LOW,1000,100,833,100.0,-10.141990416931023,-10.052733210579353,0.0,-10.474839928870384,-10.052710962509032,-7.827503063751306,-13.346042365604264,10.041753328598356,4.777005895022214e-05
ENGINEERING_SAMPLE,spread_bps,depth_10_bid,HIGH,LOW,1000,1000,833,100.0,-10.142205207318211,-10.052733210579353,0.0,-10.474839928870384,-10.052710962509032,-7.827561415723213,-13.346100677541783,10.041968233248081,0.000262674708674121
ENGINEERING_SAMPLE,spread_bps,depth_10_bid,HIGH,LOW,1000,500,833,100.0,-10.142151211122037,-10.052733210579353,0.0,-10.474839928870384,-10.052710962509032,-7.8275407610895,-13.346080037078895,10.041914209133207,0.00020865059380078516
ENGINEERING_SAMPLE,spread_bps,depth_10_bid,HIGH,LOW,15000,100,833,100.0,-10.032830495564445,-10.052732097729804,0.0,-13.42944995777027,-7.153848182033907,-7.827503063751306,-13.346042365604264,10.03820802347001,4.777005895022214e-05
ENGINEERING_SAMPLE,spread_bps,depth_10_bid,HIGH,LOW,15000,1000,833,100.0,-10.032888789119095,-10.052732097729804,0.0,-13.42944995777027,-7.153848182033907,-7.827561415723213,-13.346100677541783,10.038266357866195,0.00010610445513330093
ENGINEERING_SAMPLE,spread_bps,depth_10_bid,HIGH,LOW,15000,500,833,100.0,-10.032868155163126,-10.052732097729804,0.0,-13.42944995777027,-7.153848182033907,-7.8275407610895,-13.346080037078895,10.038245709388876,8.545597781453563e-05
ENGINEERING_SAMPLE,spread_bps,depth_10_bid,HIGH,LOW,250,100,833,100.0,-10.07146259849507,-10.052733210579353,0.0,-10.052774976371383,-10.052710962509032,-7.827503063751306,-13.346042365604264,10.047392365284786,4.777005895022214e-05
ENGINEERING_SAMPLE,spread_bps,depth_10_bid,HIGH,LOW,250,1000,833,100.0,-10.071699542512127,-10.052733210579353,0.0,-10.052774976371383,-10.052710962509032,-7.827561415723213,-13.346100677541783,10.047629440599414,0.00028484537357824596
ENGINEERING_SAMPLE,spread_bps,depth_10_bid,HIGH,LOW,250,500,833,100.0,-10.071623389106765,-10.052733210579353,0.0,-10.052774976371383,-10.052710962509032,-7.8275407610895,-13.346080037078895,10.047553245819637,0.00020865059380078516
ENGINEERING_SAMPLE,spread_bps,depth_10_bid,HIGH,LOW,3000,100,833,100.0,-10.15698808215656,-10.052739053810193,0.0,-11.001909856866252,-9.504257896660848,-7.827503063751306,-13.346042365604264,10.033649946827966,4.777005895022214e-05
ENGINEERING_SAMPLE,spread_bps,depth_10_bid,HIGH,LOW,3000,1000,833,100.0,-10.157068541533162,-10.052739053810193,0.0,-11.001909856866252,-9.504257896660848,-7.827561415723213,-13.346100677541783,10.033730443348652,0.0001282665796349924
ENGINEERING_SAMPLE,spread_bps,depth_10_bid,HIGH,LOW,3000,500,833,100.0,-10.157025752095493,-10.052739053810193,0.0,-11.001909856866252,-9.504257896660848,-7.8275407610895,-13.346080037078895,10.033687632746831,8.545597781453563e-05
ENGINEERING_SAMPLE,spread_bps,depth_10_bid,HIGH,LOW,30000,100,833,98.79951980792318,-10.09758535575491,-10.263560372333412,0.0,-13.587732263513514,-3.6931687890457305,-7.827503063751306,-13.346042365604264,10.046712167065966,9.976347294456383e-05
ENGINEERING_SAMPLE,spread_bps,depth_10_bid,HIGH,LOW,30000,1000,833,98.79951980792318,-10.097963466921774,-10.263560372333412,0.0,-13.587732263513514,-3.6931687890457305,-7.827561415723213,-13.346100677541783,10.047090660442057,0.00047825684903556455
ENGINEERING_SAMPLE,spread_bps,depth_10_bid,HIGH,LOW,30000,500,833,98.79951980792318,-10.097864488863124,-10.263560372333412,0.0,-13.587732263513514,-3.6931687890457305,-7.8275407610895,-13.346080037078895,10.046991585459036,0.00037918186601483545
ENGINEERING_SAMPLE,spread_bps,depth_10_bid,HIGH,LOW,500,100,833,100.0,-10.110198437544717,-10.052733210579353,0.0,-10.052779435294367,-10.052710962509032,-7.827503063751306,-13.346042365604264,10.06122709307607,9.864670293199719e-05
ENGINEERING_SAMPLE,spread_bps,depth_10_bid,HIGH,LOW,500,1000,833,100.0,-10.110594321023678,-10.052733210579353,0.0,-10.052779435294367,-10.052710962509032,-7.827561415723213,-13.346100677541783,10.061623177335813,0.0004947309626759358
ENGINEERING_SAMPLE,spread_bps,depth_10_bid,HIGH,LOW,500,500,833,100.0,-10.110474370154632,-10.052733210579353,0.0,-10.052779435294367,-10.052710962509032,-7.8275407610895,-13.346080037078895,10.061503165890912,0.0003747195177737181
ENGINEERING_SAMPLE,spread_bps,depth_10_bid,HIGH,LOW,5000,100,833,100.0,-10.157612539877919,-10.05275074415757,0.0,-11.423226010600427,-8.786233223159696,-7.827503063751306,-13.346042365604264,10.041889464847523,4.777005895022214e-05
ENGINEERING_SAMPLE,spread_bps,depth_10_bid,HIGH,LOW,5000,1000,833,100.0,-10.157670843282261,-10.05275074415757,0.0,-11.423226010600427,-8.786233223159696,-7.827561415723213,-13.346100677541783,10.041947799243708,0.00010610445513330093
ENGINEERING_SAMPLE,spread_bps,depth_10_bid,HIGH,LOW,5000,500,833,100.0,-10.157650205839833,-10.05275074415757,0.0,-11.423226010600427,-8.786233223159696,-7.8275407610895,-13.346080037078895,10.041927150766389,8.545597781453563e-05
ENGINEERING_SAMPLE,spread_bps,depth_10_bid,HIGH,LOW,60000,100,833,98.79951980792318,-10.669168890588699,-12.05659521259477,0.0,-15.800959219961062,-2.614934794196657,-7.827503063751306,-13.346042365604264,10.036644702345303,9.97322198463968e-05
ENGINEERING_SAMPLE,spread_bps,depth_10_bid,HIGH,LOW,60000,1000,833,98.79951980792318,-10.669569264902355,-12.05659521259477,0.0,-15.800959219961062,-2.614934794196657,-7.827561415723213,-13.346100677541783,10.037045562027252,0.0005005919017967057
ENGINEERING_SAMPLE,spread_bps,depth_10_bid,HIGH,LOW,60000,500,833,98.79951980792318,-10.669447957853436,-12.05659521259477,0.0,-15.800959219961062,-2.614934794196657,-7.8275407610895,-13.346080037078895,10.03692411734364,0.00037914721818359167
ENGINEERING_SAMPLE,spread_bps,depth_10_bid,HIGH,MID,1000,100,797,100.0,-9.998260516195913,-10.052733210579353,0.0,-10.052779435294367,-9.841872782791981,-7.609335026920246,-12.120169189823283,10.058214508207438,5.2449233619279384e-05
ENGINEERING_SAMPLE,spread_bps,depth_10_bid,HIGH,MID,1000,1000,797,100.0,-9.9984179310183,-10.052733210579353,0.0,-10.052779435294367,-9.841872782791981,-7.609492572871424,-12.120326616875621,10.058371981372847,0.00020992239902901656
ENGINEERING_SAMPLE,spread_bps,depth_10_bid,HIGH,MID,1000,500,797,100.0,-9.998362872935804,-10.052733210579353,0.0,-10.052779435294367,-9.841872782791981,-7.609437468924761,-12.120271554515528,10.058316902434564,0.00015484346074534695
ENGINEERING_SAMPLE,spread_bps,depth_10_bid,HIGH,MID,15000,100,797,100.0,-9.773479749536698,-9.630949303991434,0.0,-11.529343794353371,-8.396925817334465,-7.609335026920246,-12.120169189823283,10.055335135433436,5.2449233619279384e-05
ENGINEERING_SAMPLE,spread_bps,depth_10_bid,HIGH,MID,15000,1000,797,100.0,-9.773660281386853,-9.630949303991434,0.0,-11.529343794353371,-8.396925817334465,-7.609492572871424,-12.120326616875621,10.055515736068216,0.0002330498684004103
ENGINEERING_SAMPLE,spread_bps,depth_10_bid,HIGH,MID,15000,500,797,100.0,-9.773582110059214,-9.630949303991434,0.0,-11.529343794353371,-8.396925817334465,-7.609437468924761,-12.120271554515528,10.05543752966056,0.00015484346074534695
ENGINEERING_SAMPLE,spread_bps,depth_10_bid,HIGH,MID,250,100,797,100.0,-10.046573027775898,-10.052737105922702,0.0,-10.052779435294367,-10.052711240494046,-7.609335026920246,-12.120169189823283,10.05262035982928,5.2449233619279384e-05
ENGINEERING_SAMPLE,spread_bps,depth_10_bid,HIGH,MID,250,1000,797,100.0,-10.046730426808436,-10.052737105922702,0.0,-10.052779435294367,-10.052711240494046,-7.609492572871424,-12.120326616875621,10.052777832994689,0.00020992239902901656
ENGINEERING_SAMPLE,spread_bps,depth_10_bid,HIGH,MID,250,500,797,100.0,-10.046675374248666,-10.052737105922702,0.0,-10.052779435294367,-10.052711240494046,-7.609437468924761,-12.120271554515528,10.052722754056406,0.00015484346074534695
ENGINEERING_SAMPLE,spread_bps,depth_10_bid,HIGH,MID,3000,100,797,100.0,-9.94217478515623,-10.052727368643174,0.0,-10.369089633416156,-9.20874297081479,-7.609335026920246,-12.120169189823283,10.054227315183049,0.00010560857640324762
ENGINEERING_SAMPLE,spread_bps,depth_10_bid,HIGH,MID,3000,1000,797,100.0,-9.942661852141123,-10.052727368643174,0.0,-10.369089633416156,-9.20874297081479,-7.609492572871424,-12.120326616875621,10.054714628914825,0.000592922308179395
ENGINEERING_SAMPLE,spread_bps,depth_10_bid,HIGH,MID,3000,500,797,100.0,-9.942526150674716,-10.052727368643174,0.0,-10.369089633416156,-9.20874297081479,-7.609437468924761,-12.120271554515528,10.054578862426407,0.000457155819761589
ENGINEERING_SAMPLE,spread_bps,depth_10_bid,HIGH,MID,30000,100,797,98.99623588456713,-9.758259920758682,-9.472311534177,0.0,-12.954915003695492,-6.833233882338031,-7.609335026920246,-12.120169189823283,10.056091961702611,5.298103826941149e-05
ENGINEERING_SAMPLE,spread_bps,depth_10_bid,HIGH,MID,30000,1000,797,98.99623588456713,-9.758418949304486,-9.472311534177,0.0,-12.954915003695492,-6.833233882338031,-7.609492572871424,-12.120326616875621,10.056251031554108,0.00021205088976695337
ENGINEERING_SAMPLE,spread_bps,depth_10_bid,HIGH,MID,30000,500,797,98.99623588456713,-9.758363326799177,-9.472311534177,0.0,-12.954915003695492,-6.833233882338031,-7.609437468924761,-12.120271554515528,10.056195394147501,0.00015641348316101586
ENGINEERING_SAMPLE,spread_bps,depth_10_bid,HIGH,MID,500,100,797,100.0,-10.022883412001516,-10.052735992908737,0.0,-10.052779435294367,-10.05270757133109,-7.609335026920246,-12.120169189823283,10.043550236654115,5.2449233619279384e-05
ENGINEERING_SAMPLE,spread_bps,depth_10_bid,HIGH,MID,500,1000,797,100.0,-10.023040811034056,-10.052735992908737,0.0,-10.052779435294367,-10.05270757133109,-7.609492572871424,-12.120326616875621,10.043707709819524,0.00020992239902901656
ENGINEERING_SAMPLE,spread_bps,depth_10_bid,HIGH,MID,500,500,797,100.0,-10.022985758474285,-10.052735992908737,0.0,-10.052779435294367,-10.05270757133109,-7.609437468924761,-12.120271554515528,10.04365263088124,0.00015484346074534695
ENGINEERING_SAMPLE,spread_bps,depth_10_bid,HIGH,MID,5000,100,797,100.0,-9.896847895870396,-10.05271596668794,0.0,-10.73819484376731,-8.838852423523944,-7.609335026920246,-12.120169189823283,10.0537323077371,0.00010560857640324764
ENGINEERING_SAMPLE,spread_bps,depth_10_bid,HIGH,MID,5000,1000,797,100.0,-9.897334927120367,-10.05271596668794,0.0,-10.73819484376731,-8.838852423523944,-7.609492572871424,-12.120326616875621,10.054219621468876,0.000592922308179395
ENGINEERING_SAMPLE,spread_bps,depth_10_bid,HIGH,MID,5000,500,797,100.0,-9.89719923815276,-10.05271596668794,0.0,-10.73819484376731,-8.838852423523944,-7.609437468924761,-12.120271554515528,10.054083854980457,0.000457155819761589
ENGINEERING_SAMPLE,spread_bps,depth_10_bid,HIGH,MID,60000,100,797,98.99623588456713,-9.622004127844754,-8.682218987648852,0.0,-14.324032013843825,-5.460776806696063,-7.609335026920246,-12.120169189823283,10.055423675194932,5.298103826941149e-05
ENGINEERING_SAMPLE,spread_bps,depth_10_bid,HIGH,MID,60000,1000,797,98.99623588456713,-9.62216310182494,-8.682218987648852,0.0,-14.324032013843825,-5.460776806696063,-7.609492572871424,-12.120326616875621,10.05558274504643,0.00021205088976695337
ENGINEERING_SAMPLE,spread_bps,depth_10_bid,HIGH,MID,60000,500,797,98.99623588456713,-9.622107498404734,-8.682218987648852,0.0,-14.324032013843825,-5.460776806696063,-7.609437468924761,-12.120271554515528,10.055527107639824,0.00015641348316101586
ENGINEERING_SAMPLE,spread_bps,depth_10_bid,LOW,HIGH,1000,100,690,100.0,-10.035342411886417,-10.05266347015122,0.0,-10.052669020393108,-9.842130284184101,-8.897586713042042,-11.696921345963043,10.059699207954747,-1.9391038515138452e-24
ENGINEERING_SAMPLE,spread_bps,depth_10_bid,LOW,HIGH,1000,1000,690,100.0,-10.035723557745658,-10.05266347015122,0.0,-10.052669020393108,-9.842130284184101,-8.89796813270584,-11.697302650980845,10.060080531000901,0.00038132304615320315
ENGINEERING_SAMPLE,spread_bps,depth_10_bid,LOW,HIGH,1000,500,690,100.0,-10.03564692958141,-10.05266347015122,0.0,-10.052669020393108,-9.842130284184101,-8.897891452025666,-11.697225990763929,10.060003866307904,0.0003046583531559821
ENGINEERING_SAMPLE,spread_bps,depth_10_bid,LOW,HIGH,15000,100,690,100.0,-9.974974640839951,-10.052667355197707,0.0,-11.738077672972546,-8.051995596361204,-8.897586713042042,-11.696921345963043,10.062638495207233,4.150799155299163e-05
ENGINEERING_SAMPLE,spread_bps,depth_10_bid,LOW,HIGH,15000,1000,690,100.0,-9.975431034217753,-10.052667355197707,0.0,-11.738077672972546,-8.051995596361204,-8.89796813270584,-11.697302650980845,10.063095091339134,0.0004981041234538268
ENGINEERING_SAMPLE,spread_bps,depth_10_bid,LOW,HIGH,15000,500,690,100.0,-9.975318626047445,-10.052667355197707,0.0,-11.738077672972546,-8.051995596361204,-8.897891452025666,-11.697225990763929,10.062982632748,0.00038564553231893974
ENGINEERING_SAMPLE,spread_bps,depth_10_bid,LOW,HIGH,250,100,690,100.0,-10.044717996735477,-10.05266347015122,0.0,-10.052669020393108,-10.052616617270042,-8.897586713042042,-11.696921345963043,10.055043729581808,-1.946751903189775e-24
ENGINEERING_SAMPLE,spread_bps,depth_10_bid,LOW,HIGH,250,1000,690,100.0,-10.045099142594719,-10.05266347015122,0.0,-10.052669020393108,-10.052616617270042,-8.89796813270584,-11.697302650980845,10.055425052627962,0.00038132304615320315
ENGINEERING_SAMPLE,spread_bps,depth_10_bid,LOW,HIGH,250,500,690,100.0,-10.04502251443047,-10.05266347015122,0.0,-10.052669020393108,-10.052616617270042,-8.897891452025666,-11.697225990763929,10.055348387934963,0.0003046583531559821
ENGINEERING_SAMPLE,spread_bps,depth_10_bid,LOW,HIGH,3000,100,690,100.0,-10.021790333588738,-10.05266347015122,0.0,-10.789972864227751,-9.263289793038817,-8.897586713042042,-11.696921345963043,10.05565300177362,-1.969613841430255e-24
ENGINEERING_SAMPLE,spread_bps,depth_10_bid,LOW,HIGH,3000,1000,690,100.0,-10.02217147944798,-10.05266347015122,0.0,-10.789972864227751,-9.263289793038817,-8.89796813270584,-11.697302650980845,10.056034324819775,0.00038132304615320315
ENGINEERING_SAMPLE,spread_bps,depth_10_bid,LOW,HIGH,3000,500,690,100.0,-10.02209485128373,-10.05266347015122,0.0,-10.789972864227751,-9.263289793038817,-8.897891452025666,-11.697225990763929,10.055957660126777,0.0003046583531559821
ENGINEERING_SAMPLE,spread_bps,depth_10_bid,LOW,HIGH,30000,100,690,100.0,-10.330441911836518,-10.526684653162743,0.0,-11.789558495176307,-7.26310024697079,-8.897586713042042,-11.696921345963043,10.062750053551872,-1.6259984910472198e-24
ENGINEERING_SAMPLE,spread_bps,depth_10_bid,LOW,HIGH,30000,1000,690,100.0,-10.330823120036706,-10.526684653162743,0.0,-11.789558495176307,-7.26310024697079,-8.89796813270584,-11.697302650980845,10.063131376598026,0.00038132304615320315
ENGINEERING_SAMPLE,spread_bps,depth_10_bid,LOW,HIGH,30000,500,690,100.0,-10.33074648106189,-10.526684653162743,0.0,-11.789558495176307,-7.26310024697079,-8.897891452025666,-11.697225990763929,10.063054711905027,0.0003046583531559821
ENGINEERING_SAMPLE,spread_bps,depth_10_bid,LOW,HIGH,500,100,690,100.0,-10.040067439141728,-10.05266347015122,0.0,-10.052669020393108,-10.052615509336029,-8.897586713042042,-11.696921345963043,10.06008377402829,-1.931476638523458e-24
ENGINEERING_SAMPLE,spread_bps,depth_10_bid,LOW,HIGH,500,1000,690,100.0,-10.040482307018259,-10.05266347015122,0.0,-10.052669020393108,-10.052615509336029,-8.89796813270584,-11.697302650980845,10.060498838715437,0.0004150646871473376
ENGINEERING_SAMPLE,spread_bps,depth_10_bid,LOW,HIGH,500,500,690,100.0,-10.040371956836719,-10.05266347015122,0.0,-10.052669020393108,-10.052615509336029,-8.897891452025666,-11.697225990763929,10.060388432381446,0.0003046583531559821
ENGINEERING_SAMPLE,spread_bps,depth_10_bid,LOW,HIGH,5000,100,690,100.0,-9.996029467294532,-10.052664025122768,0.0,-11.00071138746904,-9.047480596481225,-8.897586713042042,-11.696921345963043,10.06298234743093,-2.114596019539045e-24
ENGINEERING_SAMPLE,spread_bps,depth_10_bid,LOW,HIGH,5000,1000,690,100.0,-9.996410613153772,-10.052664025122768,0.0,-11.00071138746904,-9.047480596481225,-8.89796813270584,-11.697302650980845,10.063363670477084,0.00038132304615320315
ENGINEERING_SAMPLE,spread_bps,depth_10_bid,LOW,HIGH,5000,500,690,100.0,-9.996333984989523,-10.052664025122768,0.0,-11.00071138746904,-9.047480596481225,-8.897891452025666,-11.697225990763929,10.063287005784087,0.0003046583531559821
ENGINEERING_SAMPLE,spread_bps,depth_10_bid,LOW,HIGH,60000,100,690,100.0,-10.45381696492039,-10.157990410453658,0.0,-12.474961408167244,-6.789406058946503,-8.897586713042042,-11.696921345963043,10.056341522778329,-1.7786588366374594e-24
ENGINEERING_SAMPLE,spread_bps,depth_10_bid,LOW,HIGH,60000,1000,690,100.0,-10.454198149599629,-10.157990410453658,0.0,-12.474961408167244,-6.789406058946503,-8.89796813270584,-11.697302650980845,10.056722845824481,0.00038132304615320315
ENGINEERING_SAMPLE,spread_bps,depth_10_bid,LOW,HIGH,60000,500,690,100.0,-10.454121514438498,-10.157990410453658,0.0,-12.474961408167244,-6.789406058946503,-8.897891452025666,-11.697225990763929,10.056646181131484,0.0003046583531559821
ENGINEERING_SAMPLE,spread_bps,depth_10_bid,LOW,LOW,1000,100,1133,100.0,-10.120046161806327,-10.052640726384091,0.0,-10.263242451697183,-10.052616063297203,-8.786458927962164,-12.960327409961481,10.051543665681567,4.0858185317339816e-05
ENGINEERING_SAMPLE,spread_bps,depth_10_bid,LOW,LOW,1000,1000,1133,100.0,-10.120160217457302,-10.052640726384091,0.0,-10.263242451697183,-10.052616063297203,-8.786485141761585,-12.96040492837956,10.051657784455982,0.00015497695973062847
ENGINEERING_SAMPLE,spread_bps,depth_10_bid,LOW,LOW,1000,500,1133,100.0,-10.120129341545631,-10.052640726384091,0.0,-10.263242451697183,-10.052616063297203,-8.786482229117203,-12.960386583620666,10.051626891505835,0.00012408400958292918
ENGINEERING_SAMPLE,spread_bps,depth_10_bid,LOW,LOW,15000,100,1133,100.0,-10.57182269759294,-10.105285888846753,0.0,-12.94943405771136,-8.42060352592296,-8.786458927962164,-12.960327409961481,10.042208657187006,-1.5480311655176013e-24
ENGINEERING_SAMPLE,spread_bps,depth_10_bid,LOW,LOW,15000,1000,1133,100.0,-10.57182269759294,-10.105285888846753,0.0,-12.94943405771136,-8.42060352592296,-8.786485141761585,-12.96040492837956,10.042208657187006,-1.5480311655176013e-24
ENGINEERING_SAMPLE,spread_bps,depth_10_bid,LOW,LOW,15000,500,1133,100.0,-10.57182269759294,-10.105285888846753,0.0,-12.94943405771136,-8.42060352592296,-8.786482229117203,-12.960386583620666,10.042208657187006,0.0
ENGINEERING_SAMPLE,spread_bps,depth_10_bid,LOW,LOW,250,100,1133,100.0,-10.067035385136615,-10.052638231313296,0.0,-10.052664302612929,-10.052616063297203,-8.786458927962164,-12.960327409961481,10.04907997987376,4.085829681961666e-05
ENGINEERING_SAMPLE,spread_bps,depth_10_bid,LOW,LOW,250,1000,1133,100.0,-10.067149441031999,-10.052638231313296,0.0,-10.052664302612929,-10.052616063297203,-8.786485141761585,-12.96040492837956,10.049194098651425,0.00015497707448505505
ENGINEERING_SAMPLE,spread_bps,depth_10_bid,LOW,LOW,250,500,1133,100.0,-10.067118565120326,-10.052638231313296,0.0,-10.052664302612929,-10.052616063297203,-8.786482229117203,-12.960386583620666,10.049163205816031,0.00012408423909178234
ENGINEERING_SAMPLE,spread_bps,depth_10_bid,LOW,LOW,3000,100,1133,100.0,-10.22089843532211,-10.052642944423377,0.0,-11.210309625721942,-10.052615509336029,-8.786458927962164,-12.960327409961481,10.045626213659027,2.5275577702994696e-05
ENGINEERING_SAMPLE,spread_bps,depth_10_bid,LOW,LOW,3000,1000,1133,100.0,-10.220944251534268,-10.052642944423377,0.0,-11.210309625721942,-10.052615509336029,-8.786485141761585,-12.96040492837956,10.045672055083003,7.1117001678316e-05
ENGINEERING_SAMPLE,spread_bps,depth_10_bid,LOW,LOW,3000,500,1133,100.0,-10.220922461962312,-10.052642944423377,0.0,-11.210309625721942,-10.052615509336029,-8.786482229117203,-12.960386583620666,10.045650253520645,4.931543932095689e-05
ENGINEERING_SAMPLE,spread_bps,depth_10_bid,LOW,LOW,30000,100,1133,100.0,-10.87206455369806,-10.842628841806867,0.0,-14.476135531425019,-7.419979349509551,-8.786458927962164,-12.960327409961481,10.046617681805886,4.086063836743036e-05
ENGINEERING_SAMPLE,spread_bps,depth_10_bid,LOW,LOW,30000,1000,1133,100.0,-10.872199172077638,-10.842628841806867,0.0,-14.476135531425019,-7.419979349509551,-8.786485141761585,-12.96040492837956,10.046752368449168,0.00017554728164863474
ENGINEERING_SAMPLE,spread_bps,depth_10_bid,LOW,LOW,30000,500,1133,100.0,-10.872147738814956,-10.842628841806867,0.0,-14.476135531425019,-7.419979349509551,-8.786482229117203,-12.960386583620666,10.046700910226296,0.00012408905877769888
ENGINEERING_SAMPLE,spread_bps,depth_10_bid,LOW,LOW,500,100,1133,100.0,-10.090317718522467,-10.052638231313296,0.0,-10.052667355197707,-10.052616063297203,-8.786458927962164,-12.960327409961481,10.05903392651118,-1.7804042654599467e-24
ENGINEERING_SAMPLE,spread_bps,depth_10_bid,LOW,LOW,500,1000,1133,100.0,-10.090317718522467,-10.052638231313296,0.0,-10.052667355197707,-10.052616063297203,-8.786485141761585,-12.96040492837956,10.05903392651118,-1.7804042654599467e-24
ENGINEERING_SAMPLE,spread_bps,depth_10_bid,LOW,LOW,500,500,1133,100.0,-10.090317718522467,-10.052638231313296,0.0,-10.052667355197707,-10.052616063297203,-8.786482229117203,-12.960386583620666,10.05903392651118,0.0
ENGINEERING_SAMPLE,spread_bps,depth_10_bid,LOW,LOW,5000,100,1133,100.0,-10.306366220139642,-10.05265348266307,0.0,-11.316073610584418,-9.694784386842557,-8.786458927962164,-12.960327409961481,10.048624124781696,-1.8687459109000796e-24
ENGINEERING_SAMPLE,spread_bps,depth_10_bid,LOW,LOW,5000,1000,1133,100.0,-10.306366220139642,-10.05265348266307,0.0,-11.316073610584418,-9.694784386842557,-8.786485141761585,-12.96040492837956,10.048624124781696,-1.8687459109000796e-24
ENGINEERING_SAMPLE,spread_bps,depth_10_bid,LOW,LOW,5000,500,1133,100.0,-10.306366220139642,-10.05265348266307,0.0,-11.316073610584418,-9.694784386842557,-8.786482229117203,-12.960386583620666,10.048624124781696,0.0
ENGINEERING_SAMPLE,spread_bps,depth_10_bid,LOW,LOW,60000,100,1133,100.0,-11.244556440867683,-11.210169455835672,0.0,-16.63433881554687,-6.262705259055624,-8.786458927962164,-12.960327409961481,10.047368377173907,-1.5805211576442811e-24
ENGINEERING_SAMPLE,spread_bps,depth_10_bid,LOW,LOW,60000,1000,1133,100.0,-11.244556440867683,-11.210169455835672,0.0,-16.63433881554687,-6.262705259055624,-8.786485141761585,-12.96040492837956,10.047368377173907,-1.5805211576442811e-24
ENGINEERING_SAMPLE,spread_bps,depth_10_bid,LOW,LOW,60000,500,1133,100.0,-11.244556440867683,-11.210169455835672,0.0,-16.63433881554687,-6.262705259055624,-8.786482229117203,-12.960386583620666,10.047368377173907,0.0
ENGINEERING_SAMPLE,spread_bps,depth_10_bid,LOW,MID,1000,100,692,100.0,-10.017065915537762,-10.052627699177018,0.0,-10.052668354304418,-10.05260969344787,-8.687871506148602,-12.292193628417213,10.051087511264088,2.4088393638913553e-05
ENGINEERING_SAMPLE,spread_bps,depth_10_bid,LOW,MID,1000,1000,692,100.0,-10.017169535254695,-10.052627699177018,0.0,-10.052668354304418,-10.05260969344787,-8.68797521209816,-12.292297283044489,10.051191177627276,0.00012775475682508039
ENGINEERING_SAMPLE,spread_bps,depth_10_bid,LOW,MID,1000,500,692,100.0,-10.017107514172025,-10.052627699177018,0.0,-10.052668354304418,-10.05260969344787,-8.687913139401367,-12.2922352410664,10.05112912844602,6.570557557016834e-05
ENGINEERING_SAMPLE,spread_bps,depth_10_bid,LOW,MID,15000,100,692,100.0,-10.433822752016628,-10.052637954097808,0.0,-11.894248081114375,-9.421156265959072,-8.687871506148602,-12.292193628417213,10.05732828342135,2.4088393638913553e-05
ENGINEERING_SAMPLE,spread_bps,depth_10_bid,LOW,MID,15000,1000,692,100.0,-10.43392635481659,-10.052637954097808,0.0,-11.894248081114375,-9.421156265959072,-8.68797521209816,-12.292297283044489,10.057431949784537,0.00012775475682508039
ENGINEERING_SAMPLE,spread_bps,depth_10_bid,LOW,MID,15000,500,692,100.0,-10.433864343859492,-10.052637954097808,0.0,-11.894248081114375,-9.421156265959072,-8.687913139401367,-12.2922352410664,10.057369900603282,6.570557557016834e-05
ENGINEERING_SAMPLE,spread_bps,depth_10_bid,LOW,MID,250,100,692,100.0,-10.047792561121547,-10.052627699177018,0.0,-10.052665051852154,-10.052615509336029,-8.687871506148602,-12.292193628417213,10.05367575037264,2.4088393638913553e-05
ENGINEERING_SAMPLE,spread_bps,depth_10_bid,LOW,MID,250,1000,692,100.0,-10.047896180838478,-10.052627699177018,0.0,-10.052665051852154,-10.052615509336029,-8.68797521209816,-12.292297283044489,10.053779416735827,0.00012775475682508039
ENGINEERING_SAMPLE,spread_bps,depth_10_bid,LOW,MID,250,500,692,100.0,-10.047834159755809,-10.052627699177018,0.0,-10.052665051852154,-10.052615509336029,-8.687913139401367,-12.2922352410664,10.053717367554572,6.570557557016834e-05
ENGINEERING_SAMPLE,spread_bps,depth_10_bid,LOW,MID,3000,100,692,100.0,-10.039676361305402,-10.052622157640084,0.0,-10.263102477032826,-9.684280351887631,-8.687871506148602,-12.292193628417213,10.05740455990514,2.4088393638913553e-05
ENGINEERING_SAMPLE,spread_bps,depth_10_bid,LOW,MID,3000,1000,692,100.0,-10.039779981022333,-10.052622157640084,0.0,-10.263102477032826,-9.684280351887631,-8.68797521209816,-12.292297283044489,10.057508226268325,0.00012775475682508039
ENGINEERING_SAMPLE,spread_bps,depth_10_bid,LOW,MID,3000,500,692,100.0,-10.039717959939665,-10.052622157640084,0.0,-10.263102477032826,-9.684280351887631,-8.687913139401367,-12.2922352410664,10.057446177087071,6.570557557016834e-05
ENGINEERING_SAMPLE,spread_bps,depth_10_bid,LOW,MID,30000,100,692,100.0,-10.279904573228404,-10.052637954097808,0.0,-12.052264147963294,-7.89401601348504,-8.687871506148602,-12.292193628417213,10.052690817363567,2.4088393638913553e-05
ENGINEERING_SAMPLE,spread_bps,depth_10_bid,LOW,MID,30000,1000,692,100.0,-10.280008192945335,-10.052637954097808,0.0,-12.052264147963294,-7.89401601348504,-8.68797521209816,-12.292297283044489,10.052794483726753,0.00012775475682508039
ENGINEERING_SAMPLE,spread_bps,depth_10_bid,LOW,MID,30000,500,692,100.0,-10.279946171862665,-10.052637954097808,0.0,-12.052264147963294,-7.89401601348504,-8.687913139401367,-12.2922352410664,10.052732434545497,6.570557557016834e-05
ENGINEERING_SAMPLE,spread_bps,depth_10_bid,LOW,MID,500,100,692,100.0,-10.030450167950056,-10.052627699177018,0.0,-10.052667355197707,-10.052615509336029,-8.687871506148602,-12.292193628417213,10.04279270606042,2.4088393638913553e-05
ENGINEERING_SAMPLE,spread_bps,depth_10_bid,LOW,MID,500,1000,692,100.0,-10.030553787666989,-10.052627699177018,0.0,-10.052667355197707,-10.052615509336029,-8.68797521209816,-12.292297283044489,10.042896372423606,0.00012775475682508039
ENGINEERING_SAMPLE,spread_bps,depth_10_bid,LOW,MID,500,500,692,100.0,-10.030491766584317,-10.052627699177018,0.0,-10.052667355197707,-10.052615509336029,-8.687913139401367,-12.2922352410664,10.042834323242351,6.570557557016834e-05
ENGINEERING_SAMPLE,spread_bps,depth_10_bid,LOW,MID,5000,100,692,100.0,-10.11532129298147,-10.052622157640084,0.0,-10.947483173760546,-9.631499389036362,-8.687871506148602,-12.292193628417213,10.064206316714579,4.960153587453931e-05
ENGINEERING_SAMPLE,spread_bps,depth_10_bid,LOW,MID,5000,1000,692,100.0,-10.115570310552517,-10.052622157640084,0.0,-10.947483173760546,-9.631499389036362,-8.68797521209816,-12.292297283044489,10.06445546779829,0.000298752619586257
ENGINEERING_SAMPLE,spread_bps,depth_10_bid,LOW,MID,5000,500,692,100.0,-10.115459738268997,-10.052622157640084,0.0,-10.947483173760546,-9.631499389036362,-8.687913139401367,-12.2922352410664,10.064344838081016,0.00018812290231412008
ENGINEERING_SAMPLE,spread_bps,depth_10_bid,LOW,MID,60000,100,692,100.0,-10.931256786454401,-11.053369306325486,0.0,-15.998925970969626,-6.315226779582464,-8.687871506148602,-12.292193628417213,10.059199463987643,6.547733270244324e-05
ENGINEERING_SAMPLE,spread_bps,depth_10_bid,LOW,MID,60000,1000,692,100.0,-10.931435467074241,-11.053369306325486,0.0,-15.998925970969626,-6.315226779582464,-8.68797521209816,-12.292297283044489,10.059378185910928,0.0002441992559887465
ENGINEERING_SAMPLE,spread_bps,depth_10_bid,LOW,MID,60000,500,692,100.0,-10.931337749712906,-11.053369306325486,0.0,-15.998925970969626,-6.315226779582464,-8.687913139401367,-12.2922352410664,10.059280447221537,0.00014646056659631574
ENGINEERING_SAMPLE,spread_bps,depth_10_bid,MID,HIGH,1000,100,994,99.59758551307847,-10.011340130086888,-10.052677903213905,0.0,-10.052702624321773,-9.841962958668452,-8.173209260623196,-11.726941305316762,10.058094414453777,6.076315048230555e-05
ENGINEERING_SAMPLE,spread_bps,depth_10_bid,MID,HIGH,1000,1000,994,99.59758551307847,-10.011658444973717,-10.052677903213905,0.0,-10.052702624321773,-9.841962958668452,-8.173450857833453,-11.727182781600513,10.05841289318528,0.00037924188198523
ENGINEERING_SAMPLE,spread_bps,depth_10_bid,MID,HIGH,1000,500,994,99.59758551307847,-10.011464990372977,-10.052677903213905,0.0,-10.052702624321773,-9.841962958668452,-8.173268260955805,-11.727000274525027,10.058219343467341,0.000185692164046171
ENGINEERING_SAMPLE,spread_bps,depth_10_bid,MID,HIGH,15000,100,994,97.58551307847083,-9.843992656919944,-9.841992106192265,0.0,-11.106148519390997,-8.419779501665332,-8.173209260623196,-11.726941305316762,10.061193259343316,6.201205859319582e-05
ENGINEERING_SAMPLE,spread_bps,depth_10_bid,MID,HIGH,15000,1000,994,97.58551307847083,-9.844270426539268,-9.841992106192265,0.0,-11.106148519390997,-8.419779501665332,-8.173450857833453,-11.727182781600513,10.061471178380724,0.0003399310960016938
ENGINEERING_SAMPLE,spread_bps,depth_10_bid,MID,HIGH,15000,500,994,97.58551307847083,-9.844080208044138,-9.841992106192265,0.0,-11.106148519390997,-8.419779501665332,-8.173268260955805,-11.727000274525027,10.061280855057,0.00014960777227702668
ENGINEERING_SAMPLE,spread_bps,depth_10_bid,MID,HIGH,250,100,994,99.79879275653923,-10.042067521254474,-10.052679013777183,0.0,-10.052700123379978,-10.052669297935912,-8.173209260623196,-11.726941305316762,10.056436122683886,6.064064413052671e-05
ENGINEERING_SAMPLE,spread_bps,depth_10_bid,MID,HIGH,250,1000,994,99.79879275653923,-10.0423851866694,-10.052679013777183,0.0,-10.052700123379978,-10.052669297935912,-8.173450857833453,-11.727182781600513,10.056753959321172,0.0003784772814167114
ENGINEERING_SAMPLE,spread_bps,depth_10_bid,MID,HIGH,250,500,994,99.79879275653923,-10.042192129526988,-10.052679013777183,0.0,-10.052700123379978,-10.052669297935912,-8.173268260955805,-11.727000274525027,10.05656079982444,0.0001853177846831747
ENGINEERING_SAMPLE,spread_bps,depth_10_bid,MID,HIGH,3000,100,994,98.69215291750503,-9.956544434544968,-10.05267373901862,0.0,-10.31605909045393,-9.315187258219229,-8.173209260623196,-11.726941305316762,10.059789257023947,4.1228038729862584e-05
ENGINEERING_SAMPLE,spread_bps,depth_10_bid,MID,HIGH,3000,1000,994,98.69215291750503,-9.956788839032232,-10.05267373901862,0.0,-10.31605909045393,-9.315187258219229,-8.173450857833453,-11.727182781600513,10.060033780522897,0.0002857515376791828
ENGINEERING_SAMPLE,spread_bps,depth_10_bid,MID,HIGH,3000,500,994,98.69215291750503,-9.956604103831555,-10.05267373901862,0.0,-10.31605909045393,-9.315187258219229,-8.173268260955805,-11.727000274525027,10.059848955661385,0.00010092667616605743
ENGINEERING_SAMPLE,spread_bps,depth_10_bid,MID,HIGH,30000,100,994,94.76861167002012,-10.03588962253148,-9.947316265806437,0.0,-12.160101417419128,-8.208771920577275,-8.173209260623196,-11.726941305316762,10.06609000039739,6.385289861659784e-05
ENGINEERING_SAMPLE,spread_bps,depth_10_bid,MID,HIGH,30000,1000,994,94.76861167002012,-10.036362379500057,-9.947316265806437,0.0,-12.160101417419128,-8.208771920577275,-8.173450857833453,-11.727182781600513,10.06656315093979,0.0005370034410193418
ENGINEERING_SAMPLE,spread_bps,depth_10_bid,MID,HIGH,30000,500,994,94.76861167002012,-10.036129645641838,-9.947316265806437,0.0,-12.160101417419128,-8.208771920577275,-8.173268260955805,-11.727000274525027,10.06633020893367,0.00030406143489695683
ENGINEERING_SAMPLE,spread_bps,depth_10_bid,MID,HIGH,500,100,994,99.69818913480886,-10.02674581783095,-10.052677903213905,0.0,-10.052700123379978,-10.052669297935912,-8.173209260623196,-11.726941305316762,10.050536528612,6.070183549695509e-05
ENGINEERING_SAMPLE,spread_bps,depth_10_bid,MID,HIGH,500,1000,994,99.69818913480886,-10.02706381151204,-10.052677903213905,0.0,-10.052700123379978,-10.052669297935912,-8.173450857833453,-11.727182781600513,10.050854685972432,0.00037885919592873634
ENGINEERING_SAMPLE,spread_bps,depth_10_bid,MID,HIGH,500,500,994,99.69818913480886,-10.026870552122803,-10.052677903213905,0.0,-10.052700123379978,-10.052669297935912,-8.173268260955805,-11.727000274525027,10.05066133156198,0.00018550478547498417
ENGINEERING_SAMPLE,spread_bps,depth_10_bid,MID,HIGH,5000,100,994,97.98792756539235,-9.91351155492686,-10.05267151838365,0.0,-10.737700596782016,-9.104300978908915,-8.173209260623196,-11.726941305316762,10.061464679058194,4.152433880286981e-05
ENGINEERING_SAMPLE,spread_bps,depth_10_bid,MID,HIGH,5000,1000,994,97.98792756539235,-9.913757715914546,-10.05267151838365,0.0,-10.737700596782016,-9.104300978908915,-8.173450857833453,-11.727182781600513,10.061710959912885,0.00028780519349412564
ENGINEERING_SAMPLE,spread_bps,depth_10_bid,MID,HIGH,5000,500,994,97.98792756539235,-9.913571653048157,-10.05267151838365,0.0,-10.737700596782016,-9.104300978908915,-8.173268260955805,-11.727000274525027,10.061524806741279,0.00010165202188799009
ENGINEERING_SAMPLE,spread_bps,depth_10_bid,MID,HIGH,60000,100,994,90.54325955734406,-10.2549152346308,-10.0,0.0,-13.58217293684843,-6.996552214964653,-8.173209260623196,-11.726941305316762,10.063531030009363,4.493856221555022e-05
ENGINEERING_SAMPLE,spread_bps,depth_10_bid,MID,HIGH,60000,1000,994,90.54325955734406,-10.25532630411887,-10.0,0.0,-13.58217293684843,-6.996552214964653,-8.173450857833453,-11.727182781600513,10.063942456030386,0.00045636458324018397
ENGINEERING_SAMPLE,spread_bps,depth_10_bid,MID,HIGH,60000,500,994,90.54325955734406,-10.255094138264576,-10.0,0.0,-13.58217293684843,-6.996552214964653,-8.173268260955805,-11.727000274525027,10.063710086863749,0.00022399541660246251
ENGINEERING_SAMPLE,spread_bps,depth_10_bid,MID,LOW,1000,100,432,100.0,-10.116115180550487,-10.052694010965837,0.0,-10.158022049833466,-10.052673461429007,-8.206303057036033,-12.860504705042436,10.038077352662915,-9.394676444550861e-25
ENGINEERING_SAMPLE,spread_bps,depth_10_bid,MID,LOW,1000,1000,432,100.0,-10.116115180550487,-10.052694010965837,0.0,-10.158022049833466,-10.052673461429007,-8.207095413780975,-12.860504705042436,10.038077352662915,-9.394676444550861e-25
ENGINEERING_SAMPLE,spread_bps,depth_10_bid,MID,LOW,1000,500,432,100.0,-10.116115180550487,-10.052694010965837,0.0,-10.158022049833466,-10.052673461429007,-8.206739166064704,-12.860504705042436,10.038077352662915,0.0
ENGINEERING_SAMPLE,spread_bps,depth_10_bid,MID,LOW,15000,100,432,96.06481481481481,-10.800035195140481,-10.737428460006113,0.0,-13.003922871288696,-8.89385730999083,-8.206303057036033,-12.860504705042436,10.040317754029209,4.748461724231172e-05
ENGINEERING_SAMPLE,spread_bps,depth_10_bid,MID,LOW,15000,1000,432,96.06481481481481,-10.800530780263975,-10.737428460006113,0.0,-13.003922871288696,-8.89385730999083,-8.207095413780975,-12.860504705042436,10.040813738494792,0.0005434690828252716
ENGINEERING_SAMPLE,spread_bps,depth_10_bid,MID,LOW,15000,500,432,96.06481481481481,-10.800439016696325,-10.737428460006113,0.0,-13.003922871288696,-8.89385730999083,-8.206739166064704,-12.860504705042436,10.040721898749664,0.0004516293376990921
ENGINEERING_SAMPLE,spread_bps,depth_10_bid,MID,LOW,250,100,432,100.0,-10.071227758078727,-10.052692066404129,0.0,-10.052702068536417,-10.052673461429007,-8.206303057036033,-12.860504705042436,10.041246138555216,-8.784554817470634e-25
ENGINEERING_SAMPLE,spread_bps,depth_10_bid,MID,LOW,250,1000,432,100.0,-10.071227758078727,-10.052692066404129,0.0,-10.052702068536417,-10.052673461429007,-8.207095413780975,-12.860504705042436,10.041246138555216,-8.784554817470634e-25
ENGINEERING_SAMPLE,spread_bps,depth_10_bid,MID,LOW,250,500,432,100.0,-10.071227758078727,-10.052692066404129,0.0,-10.052702068536417,-10.052673461429007,-8.206739166064704,-12.860504705042436,10.041246138555216,0.0
ENGINEERING_SAMPLE,spread_bps,depth_10_bid,MID,LOW,3000,100,432,100.0,-10.188340552024478,-10.052697622675531,0.0,-11.042946528249812,-9.736560500152871,-8.206303057036033,-12.860504705042436,10.038444396050327,-1.012675851730778e-24
ENGINEERING_SAMPLE,spread_bps,depth_10_bid,MID,LOW,3000,1000,432,100.0,-10.188642188231135,-10.052697622675531,0.0,-11.042946528249812,-9.736560500152871,-8.207095413780975,-12.860504705042436,10.03874628422188,0.00030188817155371697
ENGINEERING_SAMPLE,spread_bps,depth_10_bid,MID,LOW,3000,500,432,100.0,-10.18857786872477,-10.052697622675531,0.0,-11.042946528249812,-9.736560500152871,-8.206739166064704,-12.860504705042436,10.038681910987687,0.0002375149373609977
ENGINEERING_SAMPLE,spread_bps,depth_10_bid,MID,LOW,30000,100,432,96.06481481481481,-10.78534879854763,-10.421616548291334,0.0,-13.214351615097085,-8.556488873280662,-8.206303057036033,-12.860504705042436,10.028077575616095,-7.491932963131871e-25
ENGINEERING_SAMPLE,spread_bps,depth_10_bid,MID,LOW,30000,1000,432,96.06481481481481,-10.78534879854763,-10.421616548291334,0.0,-13.214351615097085,-8.556488873280662,-8.207095413780975,-12.860504705042436,10.028077575616095,-7.491932963131871e-25
ENGINEERING_SAMPLE,spread_bps,depth_10_bid,MID,LOW,30000,500,432,96.06481481481481,-10.78534879854763,-10.421616548291334,0.0,-13.214351615097085,-8.556488873280662,-8.206739166064704,-12.860504705042436,10.028077575616095,0.0
ENGINEERING_SAMPLE,spread_bps,depth_10_bid,MID,LOW,500,100,432,100.0,-10.095133482341245,-10.052694010965837,0.0,-10.052702068536417,-10.052673461429007,-8.206303057036033,-12.860504705042436,10.053205987633033,-9.028597806388216e-25
ENGINEERING_SAMPLE,spread_bps,depth_10_bid,MID,LOW,500,1000,432,100.0,-10.095133482341245,-10.052694010965837,0.0,-10.052702068536417,-10.052673461429007,-8.207095413780975,-12.860504705042436,10.053205987633033,-9.028597806388216e-25
ENGINEERING_SAMPLE,spread_bps,depth_10_bid,MID,LOW,500,500,432,100.0,-10.095133482341245,-10.052694010965837,0.0,-10.052702068536417,-10.052673461429007,-8.206739166064704,-12.860504705042436,10.053205987633033,0.0
ENGINEERING_SAMPLE,spread_bps,depth_10_bid,MID,LOW,5000,100,432,100.0,-10.175190624868204,-10.052702068536417,0.0,-11.053985795709186,-9.367695203150452,-8.206303057036033,-12.860504705042436,10.038322767575183,-8.662606003944607e-25
ENGINEERING_SAMPLE,spread_bps,depth_10_bid,MID,LOW,5000,1000,432,100.0,-10.175190624868204,-10.052702068536417,0.0,-11.053985795709186,-9.367695203150452,-8.207095413780975,-12.860504705042436,10.038322767575183,-8.662606003944607e-25
ENGINEERING_SAMPLE,spread_bps,depth_10_bid,MID,LOW,5000,500,432,100.0,-10.175190624868204,-10.052702068536417,0.0,-11.053985795709186,-9.367695203150452,-8.206739166064704,-12.860504705042436,10.038322767575183,0.0
ENGINEERING_SAMPLE,spread_bps,depth_10_bid,MID,LOW,60000,100,432,96.06481481481481,-10.653959760421353,-9.262571539993887,0.0,-14.425783597431762,-6.890938615406515,-8.206303057036033,-12.860504705042436,10.038999119922595,-7.110037890582342e-25
ENGINEERING_SAMPLE,spread_bps,depth_10_bid,MID,LOW,60000,1000,432,96.06481481481481,-10.653959760421353,-9.262571539993887,0.0,-14.425783597431762,-6.890938615406515,-8.207095413780975,-12.860504705042436,10.038999119922595,-7.110037890582342e-25
ENGINEERING_SAMPLE,spread_bps,depth_10_bid,MID,LOW,60000,500,432,96.06481481481481,-10.653959760421353,-9.262571539993887,0.0,-14.425783597431762,-6.890938615406515,-8.206739166064704,-12.860504705042436,10.038999119922595,0.0
ENGINEERING_SAMPLE,spread_bps,depth_10_bid,MID,MID,1000,100,908,100.0,-10.074732841248775,-10.05268317880655,0.0,-10.052704013836452,-10.052670963254164,-8.341138533700773,-12.494758062656484,10.054396021868321,5.2217458640457555e-25
ENGINEERING_SAMPLE,spread_bps,depth_10_bid,MID,MID,1000,1000,908,100.0,-10.074732841248775,-10.05268317880655,0.0,-10.052704013836452,-10.052670963254164,-8.341138533700773,-12.494758062656484,10.054396021868321,5.2217458640457555e-25
ENGINEERING_SAMPLE,spread_bps,depth_10_bid,MID,MID,1000,500,908,100.0,-10.074732841248775,-10.05268317880655,0.0,-10.052704013836452,-10.052670963254164,-8.341138533700773,-12.494758062656484,10.054396021868321,0.0
ENGINEERING_SAMPLE,spread_bps,depth_10_bid,MID,MID,15000,100,908,97.79735682819383,-10.153861649213471,-10.052674016611155,0.0,-11.896094725692816,-8.208771920577275,-8.341138533700773,-12.494758062656484,10.050992475210132,-8.939111602542352e-26
ENGINEERING_SAMPLE,spread_bps,depth_10_bid,MID,MID,15000,1000,908,97.79735682819383,-10.153861649213471,-10.052674016611155,0.0,-11.896094725692816,-8.208771920577275,-8.341138533700773,-12.494758062656484,10.050992475210132,-8.939111602542352e-26
ENGINEERING_SAMPLE,spread_bps,depth_10_bid,MID,MID,15000,500,908,97.79735682819383,-10.153861649213471,-10.052674016611155,0.0,-11.896094725692816,-8.208771920577275,-8.341138533700773,-12.494758062656484,10.050992475210132,0.0
ENGINEERING_SAMPLE,spread_bps,depth_10_bid,MID,MID,250,100,908,100.0,-10.06197001872398,-10.052683734193563,0.0,-10.052704013836452,-10.052670963254164,-8.341138533700773,-12.494758062656484,10.056950086825102,4.583310063532794e-25
ENGINEERING_SAMPLE,spread_bps,depth_10_bid,MID,MID,250,1000,908,100.0,-10.06197001872398,-10.052683734193563,0.0,-10.052704013836452,-10.052670963254164,-8.341138533700773,-12.494758062656484,10.056950086825102,4.583310063532794e-25
ENGINEERING_SAMPLE,spread_bps,depth_10_bid,MID,MID,250,500,908,100.0,-10.06197001872398,-10.052683734193563,0.0,-10.052704013836452,-10.052670963254164,-8.341138533700773,-12.494758062656484,10.056950086825102,0.0
ENGINEERING_SAMPLE,spread_bps,depth_10_bid,MID,MID,3000,100,908,100.0,-10.091946961647738,-10.05268317880655,0.0,-10.737428460006113,-9.525806400598837,-8.341138533700773,-12.494758062656484,10.0560649747323,4.341512673019729e-05
ENGINEERING_SAMPLE,spread_bps,depth_10_bid,MID,MID,3000,1000,908,100.0,-10.092062668519636,-10.05268317880655,0.0,-10.737428460006113,-9.525806400598837,-8.341138533700773,-12.494758062656484,10.056180743743656,0.00015918413808657886
ENGINEERING_SAMPLE,spread_bps,depth_10_bid,MID,MID,3000,500,908,100.0,-10.092047698074513,-10.05268317880655,0.0,-10.737428460006113,-9.525806400598837,-8.341138533700773,-12.494758062656484,10.05616576535328,0.0001442057477102641
ENGINEERING_SAMPLE,spread_bps,depth_10_bid,MID,MID,30000,100,908,96.25550660792952,-10.437980136914161,-10.052670963254164,0.0,-13.318655430297088,-7.682172258588158,-8.341138533700773,-12.494758062656484,10.052712869020988,-4.225281710098757e-25
ENGINEERING_SAMPLE,spread_bps,depth_10_bid,MID,MID,30000,1000,908,96.25550660792952,-10.437980136914161,-10.052670963254164,0.0,-13.318655430297088,-7.682172258588158,-8.341138533700773,-12.494758062656484,10.052712869020988,-4.225281710098757e-25
ENGINEERING_SAMPLE,spread_bps,depth_10_bid,MID,MID,30000,500,908,96.25550660792952,-10.437980136914161,-10.052670963254164,0.0,-13.318655430297088,-7.682172258588158,-8.341138533700773,-12.494758062656484,10.052712869020988,0.0
ENGINEERING_SAMPLE,spread_bps,depth_10_bid,MID,MID,500,100,908,100.0,-10.06640068264325,-10.052683734193563,0.0,-10.052704013836452,-10.052670963254164,-8.341138533700773,-12.494758062656484,10.057205143490817,2.1703159690686607e-05
ENGINEERING_SAMPLE,spread_bps,depth_10_bid,MID,MID,500,1000,908,100.0,-10.066433375453576,-10.052683734193563,0.0,-10.052704013836452,-10.052670963254164,-8.341138533700773,-12.494758062656484,10.057237857569534,5.441723840764152e-05
ENGINEERING_SAMPLE,spread_bps,depth_10_bid,MID,MID,500,500,908,100.0,-10.066429742919093,-10.052683734193563,0.0,-10.052704013836452,-10.052670963254164,-8.341138533700773,-12.494758062656484,10.057234222671898,5.0782340772424306e-05
ENGINEERING_SAMPLE,spread_bps,depth_10_bid,MID,MID,5000,100,908,100.0,-10.144822266984793,-10.052683734193563,0.0,-10.942985533341313,-9.315187258219229,-8.341138533700773,-12.494758062656484,10.05509248025484,5.1635250537911045e-25
ENGINEERING_SAMPLE,spread_bps,depth_10_bid,MID,MID,5000,1000,908,100.0,-10.144822266984793,-10.052683734193563,0.0,-10.942985533341313,-9.315187258219229,-8.341138533700773,-12.494758062656484,10.05509248025484,5.1635250537911045e-25
ENGINEERING_SAMPLE,spread_bps,depth_10_bid,MID,MID,5000,500,908,100.0,-10.144822266984793,-10.052683734193563,0.0,-10.942985533341313,-9.315187258219229,-8.341138533700773,-12.494758062656484,10.05509248025484,0.0
ENGINEERING_SAMPLE,spread_bps,depth_10_bid,MID,MID,60000,100,908,87.66519823788546,-11.092670778563692,-10.632051559049973,0.0,-15.584799637333559,-7.471460645732536,-8.341138533700773,-12.494758062656484,10.051386597490298,3.7059420804725613e-25
ENGINEERING_SAMPLE,spread_bps,depth_10_bid,MID,MID,60000,1000,908,87.66519823788546,-11.092670778563692,-10.632051559049973,0.0,-15.584799637333559,-7.471460645732536,-8.341138533700773,-12.494758062656484,10.051386597490298,3.7059420804725613e-25
ENGINEERING_SAMPLE,spread_bps,depth_10_bid,MID,MID,60000,500,908,87.66519823788546,-11.092670778563692,-10.632051559049973,0.0,-15.584799637333559,-7.471460645732536,-8.341138533700773,-12.494758062656484,10.051386597490298,0.0
ENGINEERING_SAMPLE,volatility_5s_bps,ofi_1s,HIGH,HIGH,1000,100,957,100.0,-9.993873558094057,-10.052680124387287,0.0,-10.052766617921117,-9.579075925311772,-7.744102112756141,-12.194214555152374,10.056604748585212,0.0001386581414435815
ENGINEERING_SAMPLE,volatility_5s_bps,ofi_1s,HIGH,HIGH,1000,1000,957,100.0,-9.994655591735834,-10.052680124387287,0.0,-10.052766617921117,-9.579075925311772,-7.744884755307064,-12.194996827936823,10.057387146638916,0.000921056195147648
ENGINEERING_SAMPLE,volatility_5s_bps,ofi_1s,HIGH,HIGH,1000,500,957,100.0,-9.994264655298203,-10.052680124387287,0.0,-10.052766617921117,-9.579075925311772,-7.744493543989617,-12.194605806298402,10.056996025137462,0.0005299346936933405
ENGINEERING_SAMPLE,volatility_5s_bps,ofi_1s,HIGH,HIGH,15000,100,957,98.74608150470219,-9.846132800790988,-9.841972120477482,0.0,-11.68441453112986,-7.998186925837888,-7.744102112756141,-12.194214555152374,10.05980299093563,0.00017072630215139866
ENGINEERING_SAMPLE,volatility_5s_bps,ofi_1s,HIGH,HIGH,15000,1000,957,98.74608150470219,-9.846979706475985,-9.841972120477482,0.0,-11.68441453112986,-7.998186925837888,-7.744884755307064,-12.194996827936823,10.060650285503419,0.0010180208699404544
ENGINEERING_SAMPLE,volatility_5s_bps,ofi_1s,HIGH,HIGH,15000,500,957,98.74608150470219,-9.846557690079901,-9.841972120477482,0.0,-11.68441453112986,-7.998186925837888,-7.744493543989617,-12.194605806298402,10.060228062152513,0.0005957975190338281
ENGINEERING_SAMPLE,volatility_5s_bps,ofi_1s,HIGH,HIGH,250,100,957,100.0,-10.028166144347699,-10.052688455455984,0.0,-10.05276477943006,-10.052618833278055,-7.744102112756141,-12.194214555152374,10.048728218518352,0.0001386581414435815
ENGINEERING_SAMPLE,volatility_5s_bps,ofi_1s,HIGH,HIGH,250,1000,957,100.0,-10.028948162487978,-10.052688455455984,0.0,-10.052765782221707,-10.052618833278055,-7.744884755307064,-12.194996827936823,10.049510616572057,0.000921056195147648
ENGINEERING_SAMPLE,volatility_5s_bps,ofi_1s,HIGH,HIGH,250,500,957,100.0,-10.028557235943898,-10.052688455455984,0.0,-10.052765782221707,-10.052618833278055,-7.744493543989617,-12.194605806298402,10.049119495070602,0.0005299346936933405
ENGINEERING_SAMPLE,volatility_5s_bps,ofi_1s,HIGH,HIGH,3000,100,957,99.79101358411704,-9.906039828604177,-10.052668465316275,0.0,-10.558754003993096,-9.052422009554258,-7.744102112756141,-12.194214555152374,10.055194620759432,0.00018331291891134053
ENGINEERING_SAMPLE,volatility_5s_bps,ofi_1s,HIGH,HIGH,3000,1000,957,99.79101358411704,-9.907098618484882,-10.052668465316275,0.0,-10.558754003993096,-9.052422009554258,-7.744884755307064,-12.194996827936823,10.05625392742832,0.001242619587800158
ENGINEERING_SAMPLE,volatility_5s_bps,ofi_1s,HIGH,HIGH,3000,500,957,99.79101358411704,-9.90663955711286,-10.052668465316275,0.0,-10.558754003993096,-9.052422009554258,-7.744493543989617,-12.194605806298402,10.055794648627955,0.0007833407874350488
ENGINEERING_SAMPLE,volatility_5s_bps,ofi_1s,HIGH,HIGH,30000,100,957,97.80564263322884,-9.916455984060255,-9.68397255509533,0.0,-13.110734236776722,-7.051373904248146,-7.744102112756141,-12.194214555152374,10.065820716264328,0.00014176906128366185
ENGINEERING_SAMPLE,volatility_5s_bps,ofi_1s,HIGH,HIGH,30000,1000,957,97.80564263322884,-9.917300204261842,-9.68397255509533,0.0,-13.110734236776722,-7.051373904248146,-7.744884755307064,-12.194996827936823,10.066665295768201,0.0009863485651556616
ENGINEERING_SAMPLE,volatility_5s_bps,ofi_1s,HIGH,HIGH,30000,500,957,97.80564263322884,-9.916855934138406,-9.68397255509533,0.0,-13.110734236776722,-7.051373904248146,-7.744493543989617,-12.194605806298402,10.066220771457173,0.0005418242541287679
ENGINEERING_SAMPLE,volatility_5s_bps,ofi_1s,HIGH,HIGH,500,100,957,100.0,-10.010881386720175,-10.05268567814032,0.0,-10.052765782221707,-9.81350432471808,-7.744102112756141,-12.194214555152374,10.050554588911417,0.0001386581414435815
ENGINEERING_SAMPLE,volatility_5s_bps,ofi_1s,HIGH,HIGH,500,1000,957,100.0,-10.01168773404213,-10.05268567814032,0.0,-10.052765782221707,-9.830046405443504,-7.744884755307064,-12.194996827936823,10.05136131479405,0.0009453840240775882
ENGINEERING_SAMPLE,volatility_5s_bps,ofi_1s,HIGH,HIGH,500,500,957,100.0,-10.011272483924321,-10.05268567814032,0.0,-10.052765782221707,-9.820791795699932,-7.744493543989617,-12.194605806298402,10.050945865463667,0.0005299346936933405
ENGINEERING_SAMPLE,volatility_5s_bps,ofi_1s,HIGH,HIGH,5000,100,957,99.47753396029258,-9.851845249778474,-10.052665412602815,0.0,-10.942452316215842,-8.735769454415276,-7.744102112756141,-12.194214555152374,10.063789882191559,0.00018389058567261577
ENGINEERING_SAMPLE,volatility_5s_bps,ofi_1s,HIGH,HIGH,5000,1000,957,99.47753396029258,-9.852907369438512,-10.052665412602815,0.0,-10.942452316215842,-8.735769454415276,-7.744884755307064,-12.194996827936823,10.064852527011714,0.0012465354058289401
ENGINEERING_SAMPLE,volatility_5s_bps,ofi_1s,HIGH,HIGH,5000,500,957,99.47753396029258,-9.852446865480747,-10.052665412602815,0.0,-10.942452316215842,-8.735769454415276,-7.744493543989617,-12.194605806298402,10.064391800904206,0.0007858092983198231
ENGINEERING_SAMPLE,volatility_5s_bps,ofi_1s,HIGH,HIGH,60000,100,957,97.3876698014629,-10.044243516373928,-10.052622157640084,0.0,-14.793078712289029,-5.630635612859731,-7.744102112756141,-12.194214555152374,10.058915152610995,0.0001423775121904587
ENGINEERING_SAMPLE,volatility_5s_bps,ofi_1s,HIGH,HIGH,60000,1000,957,97.3876698014629,-10.045046631405386,-10.052622157640084,0.0,-14.793078712289029,-5.630635612859731,-7.744884755307064,-12.194996827936823,10.059718537736956,0.0009457626381505356
ENGINEERING_SAMPLE,volatility_5s_bps,ofi_1s,HIGH,HIGH,60000,500,957,97.3876698014629,-10.044645205940567,-10.052622157640084,0.0,-14.793078712289029,-5.630635612859731,-7.744493543989617,-12.194605806298402,10.059316924778917,0.0005441496801121533
ENGINEERING_SAMPLE,volatility_5s_bps,ofi_1s,HIGH,LOW,1000,100,973,99.89722507708119,-10.103695462708705,-10.052697622675531,0.0,-10.316002466052261,-10.052618833278055,-8.034504543219633,-12.931395842636604,10.049124855114986,0.00013589770204196908
ENGINEERING_SAMPLE,volatility_5s_bps,ofi_1s,HIGH,LOW,1000,1000,973,99.89722507708119,-10.104429130741645,-10.052697622675531,0.0,-10.316002466052261,-10.052618833278055,-8.03537815360879,-12.9319172660213,10.049858841944177,0.0008698845312334808
ENGINEERING_SAMPLE,volatility_5s_bps,ofi_1s,HIGH,LOW,1000,500,973,99.89722507708119,-10.10421317340273,-10.052697622675531,0.0,-10.316002466052261,-10.052618833278055,-8.03504327462057,-12.931740688773676,10.04964279270204,0.0006538352890972258
ENGINEERING_SAMPLE,volatility_5s_bps,ofi_1s,HIGH,LOW,15000,100,973,98.7667009249743,-10.261474228831839,-10.052710962509032,0.0,-12.94943405771136,-7.941232392692473,-8.034504543219633,-12.931395842636604,10.041294471853947,0.00013744835541817482
ENGINEERING_SAMPLE,volatility_5s_bps,ofi_1s,HIGH,LOW,15000,1000,973,98.7667009249743,-10.262099717423213,-10.052710962509032,0.0,-12.94943405771136,-7.941232392692473,-8.03537815360879,-12.9319172660213,10.041920328254271,0.0007633047557427836
ENGINEERING_SAMPLE,volatility_5s_bps,ofi_1s,HIGH,LOW,15000,500,973,98.7667009249743,-10.261891069042445,-10.052710962509032,0.0,-12.94943405771136,-7.941232392692473,-8.03504327462057,-12.931740688773676,10.041711554043719,0.0005545305451890798
ENGINEERING_SAMPLE,volatility_5s_bps,ofi_1s,HIGH,LOW,250,100,973,100.0,-10.069862822551586,-10.052694010965837,0.0,-10.052774641991006,-10.052628253394904,-8.034504543219633,-12.931395842636604,10.04558258644625,0.00011550026043299756
ENGINEERING_SAMPLE,volatility_5s_bps,ofi_1s,HIGH,LOW,250,1000,973,100.0,-10.070384263735091,-10.052694010965837,0.0,-10.052774641991006,-10.052628253394904,-8.03537815360879,-12.9319172660213,10.04610426762308,0.0006371814372634541
ENGINEERING_SAMPLE,volatility_5s_bps,ofi_1s,HIGH,LOW,250,500,973,100.0,-10.070207681124142,-10.052694010965837,0.0,-10.052774641991006,-10.052628253394904,-8.03504327462057,-12.931740688773676,10.045927600690232,0.0004605145044184489
ENGINEERING_SAMPLE,volatility_5s_bps,ofi_1s,HIGH,LOW,3000,100,973,99.48612538540596,-10.152059542826166,-10.052702068536417,0.0,-10.897101653823425,-9.56212400733549,-8.034504543219633,-12.931395842636604,10.036663549652822,0.00011609685268730024
ENGINEERING_SAMPLE,volatility_5s_bps,ofi_1s,HIGH,LOW,3000,1000,973,99.48612538540596,-10.152602658272823,-10.052702068536417,0.0,-10.897101653823425,-9.56212400733549,-8.03537815360879,-12.9319172660213,10.037206996796176,0.0006595439960405474
ENGINEERING_SAMPLE,volatility_5s_bps,ofi_1s,HIGH,LOW,3000,500,973,99.48612538540596,-10.15240612876088,-10.052702068536417,0.0,-10.897101653823425,-9.56212400733549,-8.03504327462057,-12.931740688773676,10.037010345995176,0.000462893195040445
ENGINEERING_SAMPLE,volatility_5s_bps,ofi_1s,HIGH,LOW,30000,100,973,98.25282631038027,-10.419686554643151,-10.052674016611155,0.0,-14.084972370433398,-7.097483579378657,-8.034504543219633,-12.931395842636604,10.034887976596409,0.00016181446917274854
ENGINEERING_SAMPLE,volatility_5s_bps,ofi_1s,HIGH,LOW,30000,1000,973,98.25282631038027,-10.4204919644941,-10.052674016611155,0.0,-14.084972370433398,-7.097483579378657,-8.03537815360879,-12.9319172660213,10.035693942372097,0.0009677802448614757
ENGINEERING_SAMPLE,volatility_5s_bps,ofi_1s,HIGH,LOW,30000,500,973,98.25282631038027,-10.420245018649574,-10.052674016611155,0.0,-14.084972370433398,-7.097483579378657,-8.03504327462057,-12.931740688773676,10.035446834155488,0.0007206720282529834
ENGINEERING_SAMPLE,volatility_5s_bps,ofi_1s,HIGH,LOW,500,100,973,100.0,-10.080941547570873,-10.052694566581259,0.0,-10.052787519160242,-10.052622157640084,-8.034504543219633,-12.931395842636604,10.046246468175651,0.00015905652398574024
ENGINEERING_SAMPLE,volatility_5s_bps,ofi_1s,HIGH,LOW,500,1000,973,100.0,-10.081733039295244,-10.052694566581259,0.0,-10.052787519160242,-10.052622157640084,-8.03537815360879,-12.9319172660213,10.047038321472193,0.0009509098205295165
ENGINEERING_SAMPLE,volatility_5s_bps,ofi_1s,HIGH,LOW,500,500,973,100.0,-10.08149039914029,-10.052694566581259,0.0,-10.052787519160242,-10.052622157640084,-8.03504327462057,-12.931740688773676,10.04679556904281,0.0007081573911460943
ENGINEERING_SAMPLE,volatility_5s_bps,ofi_1s,HIGH,LOW,5000,100,973,99.17780061664953,-10.161736855256482,-10.052710962509032,0.0,-11.105523961592661,-9.156481671698709,-8.034504543219633,-12.931395842636604,10.042915422359831,0.00011645777554539547
ENGINEERING_SAMPLE,volatility_5s_bps,ofi_1s,HIGH,LOW,5000,1000,973,99.17780061664953,-10.16226250432046,-10.052710962509032,0.0,-11.105523961592661,-9.156481671698709,-8.03537815360879,-12.9319172660213,10.043441428354708,0.0006424637704221148
ENGINEERING_SAMPLE,volatility_5s_bps,ofi_1s,HIGH,LOW,5000,500,973,99.17780061664953,-10.162084496036538,-10.052710962509032,0.0,-11.105523961592661,-9.156481671698709,-8.03504327462057,-12.931740688773676,10.043263296825529,0.00046433224124264324
ENGINEERING_SAMPLE,volatility_5s_bps,ofi_1s,HIGH,LOW,60000,100,973,98.25282631038027,-10.698723456475914,-10.685455792361259,0.0,-15.747647033996666,-5.630635612859731,-8.034504543219633,-12.931395842636604,10.03828834268634,0.0001175541353570153
ENGINEERING_SAMPLE,volatility_5s_bps,ofi_1s,HIGH,LOW,60000,1000,973,98.25282631038027,-10.699254010355423,-10.685455792361259,0.0,-15.747647033996666,-5.630635612859731,-8.03537815360879,-12.9319172660213,10.038819300620498,0.0006485120695160469
ENGINEERING_SAMPLE,volatility_5s_bps,ofi_1s,HIGH,LOW,60000,500,973,98.25282631038027,-10.69907434132504,-10.685455792361259,0.0,-15.747647033996666,-5.630635612859731,-8.03504327462057,-12.931740688773676,10.038639492120854,0.00046870356987358864
ENGINEERING_SAMPLE,volatility_5s_bps,ofi_1s,HIGH,MID,1000,100,467,100.0,-10.089685331981618,-10.052687899969426,0.0,-10.168576499513946,-10.052622157640084,-8.28380127336097,-12.776320640534076,10.049946049773343,-1.2184817689409551e-24
ENGINEERING_SAMPLE,volatility_5s_bps,ofi_1s,HIGH,MID,1000,1000,467,100.0,-10.089685331981618,-10.052687899969426,0.0,-10.168576499513946,-10.052622157640084,-8.28380127336097,-12.776320640534076,10.049946049773343,-1.2184817689409551e-24
ENGINEERING_SAMPLE,volatility_5s_bps,ofi_1s,HIGH,MID,1000,500,467,100.0,-10.089685331981618,-10.052687899969426,0.0,-10.168576499513946,-10.052622157640084,-8.28380127336097,-12.776320640534076,10.049946049773343,0.0
ENGINEERING_SAMPLE,volatility_5s_bps,ofi_1s,HIGH,MID,15000,100,467,98.92933618843684,-10.435167202581452,-10.105400246759958,0.0,-13.307698173246248,-8.324366450188155,-8.28380127336097,-12.776320640534076,10.049342488126946,-9.809564966760759e-25
ENGINEERING_SAMPLE,volatility_5s_bps,ofi_1s,HIGH,MID,15000,1000,467,98.92933618843684,-10.435167202581452,-10.105400246759958,0.0,-13.307698173246248,-8.324366450188155,-8.28380127336097,-12.776320640534076,10.049342488126946,-9.809564966760759e-25
ENGINEERING_SAMPLE,volatility_5s_bps,ofi_1s,HIGH,MID,15000,500,467,98.92933618843684,-10.435167202581452,-10.105400246759958,0.0,-13.307698173246248,-8.324366450188155,-8.28380127336097,-12.776320640534076,10.049342488126946,0.0
ENGINEERING_SAMPLE,volatility_5s_bps,ofi_1s,HIGH,MID,250,100,467,100.0,-10.060175104179148,-10.05268234574799,0.0,-10.052740445246501,-10.052626923308745,-8.28380127336097,-12.776320640534076,10.055970095423358,4.220730831581863e-05
ENGINEERING_SAMPLE,volatility_5s_bps,ofi_1s,HIGH,MID,250,1000,467,100.0,-10.060615616951457,-10.05268234574799,0.0,-10.052740445246501,-10.052626923308745,-8.28380127336097,-12.776320640534076,10.056410865044167,0.0004829769291254872
ENGINEERING_SAMPLE,volatility_5s_bps,ofi_1s,HIGH,MID,250,500,467,100.0,-10.0605340733763,-10.05268234574799,0.0,-10.052740445246501,-10.052626923308745,-8.28380127336097,-12.776320640534076,10.056329274171151,0.00040138605610996324
ENGINEERING_SAMPLE,volatility_5s_bps,ofi_1s,HIGH,MID,3000,100,467,99.3576017130621,-10.133393164698365,-10.052695955723806,0.0,-10.774359610748968,-9.631499389036362,-8.28380127336097,-12.776320640534076,10.05231737241997,-1.3059409295881762e-24
ENGINEERING_SAMPLE,volatility_5s_bps,ofi_1s,HIGH,MID,3000,1000,467,99.3576017130621,-10.133393164698365,-10.052695955723806,0.0,-10.774359610748968,-9.631499389036362,-8.28380127336097,-12.776320640534076,10.05231737241997,-1.3059409295881762e-24
ENGINEERING_SAMPLE,volatility_5s_bps,ofi_1s,HIGH,MID,3000,500,467,99.3576017130621,-10.133393164698365,-10.052695955723806,0.0,-10.774359610748968,-9.631499389036362,-8.28380127336097,-12.776320640534076,10.05231737241997,0.0
ENGINEERING_SAMPLE,volatility_5s_bps,ofi_1s,HIGH,MID,30000,100,467,98.92933618843684,-10.54961095584605,-10.421373260154184,0.0,-14.038012629150257,-7.4871220108543,-8.28380127336097,-12.776320640534076,10.052664244674693,-1.2429507273478416e-24
ENGINEERING_SAMPLE,volatility_5s_bps,ofi_1s,HIGH,MID,30000,1000,467,98.92933618843684,-10.54961095584605,-10.421373260154184,0.0,-14.038012629150257,-7.4871220108543,-8.28380127336097,-12.776320640534076,10.052664244674693,-1.2429507273478416e-24
ENGINEERING_SAMPLE,volatility_5s_bps,ofi_1s,HIGH,MID,30000,500,467,98.92933618843684,-10.54961095584605,-10.421373260154184,0.0,-14.038012629150257,-7.4871220108543,-8.28380127336097,-12.776320640534076,10.052664244674693,0.0
ENGINEERING_SAMPLE,volatility_5s_bps,ofi_1s,HIGH,MID,500,100,467,100.0,-10.080486390690488,-10.05268678903145,0.0,-10.052757426683275,-10.052625759506334,-8.28380127336097,-12.776320640534076,10.066362476528598,4.220730831581863e-05
ENGINEERING_SAMPLE,volatility_5s_bps,ofi_1s,HIGH,MID,500,1000,467,100.0,-10.080647784557627,-10.05268678903145,0.0,-10.052757426683275,-10.052625759506334,-8.28380127336097,-12.776320640534076,10.066523967731422,0.00020369851113939902
ENGINEERING_SAMPLE,volatility_5s_bps,ofi_1s,HIGH,MID,500,500,467,100.0,-10.080625739969042,-10.05268678903145,0.0,-10.052757426683275,-10.052625759506334,-8.28380127336097,-12.776320640534076,10.066501909847876,0.00018164062759487573
ENGINEERING_SAMPLE,volatility_5s_bps,ofi_1s,HIGH,MID,5000,100,467,99.14346895074947,-10.184958827596692,-10.05269928978546,0.0,-10.947483173760546,-9.313947041896565,-8.28380127336097,-12.776320640534076,10.053562653253383,-1.1493653787511802e-24
ENGINEERING_SAMPLE,volatility_5s_bps,ofi_1s,HIGH,MID,5000,1000,467,99.14346895074947,-10.185009165502915,-10.05269928978546,0.0,-10.947483173760546,-9.313947041896565,-8.28380127336097,-12.776320640534076,10.053613014351779,5.03610983962509e-05
ENGINEERING_SAMPLE,volatility_5s_bps,ofi_1s,HIGH,MID,5000,500,467,99.14346895074947,-10.184958827596692,-10.05269928978546,0.0,-10.947483173760546,-9.313947041896565,-8.28380127336097,-12.776320640534076,10.053562653253383,0.0
ENGINEERING_SAMPLE,volatility_5s_bps,ofi_1s,HIGH,MID,60000,100,467,98.28693790149893,-10.933213931628194,-10.421006076050672,0.0,-15.998925970969626,-5.883204047039441,-8.28380127336097,-12.776320640534076,10.048409185533778,-1.0444644017755292e-24
ENGINEERING_SAMPLE,volatility_5s_bps,ofi_1s,HIGH,MID,60000,1000,467,98.28693790149893,-10.933213931628194,-10.421006076050672,0.0,-15.998925970969626,-5.883204047039441,-8.28380127336097,-12.776320640534076,10.048409185533778,-1.0444644017755292e-24
ENGINEERING_SAMPLE,volatility_5s_bps,ofi_1s,HIGH,MID,60000,500,467,98.28693790149893,-10.933213931628194,-10.421006076050672,0.0,-15.998925970969626,-5.883204047039441,-8.28380127336097,-12.776320640534076,10.048409185533778,0.0
ENGINEERING_SAMPLE,volatility_5s_bps,ofi_1s,LOW,HIGH,1000,100,840,100.0,-10.008503743133026,-10.052677070322176,0.0,-10.052757426683275,-9.84199793440688,-7.9159229879745485,-11.814408016878403,10.058985621953637,-6.144964129241559e-25
ENGINEERING_SAMPLE,volatility_5s_bps,ofi_1s,LOW,HIGH,1000,1000,840,100.0,-10.008503743133026,-10.052677070322176,0.0,-10.052757426683275,-9.84199793440688,-7.9159229879745485,-11.814408016878403,10.058985621953637,-6.144964129241559e-25
ENGINEERING_SAMPLE,volatility_5s_bps,ofi_1s,LOW,HIGH,1000,500,840,100.0,-10.008503743133026,-10.052677070322176,0.0,-10.052757426683275,-9.84199793440688,-7.9159229879745485,-11.814408016878403,10.058985621953637,0.0
ENGINEERING_SAMPLE,volatility_5s_bps,ofi_1s,LOW,HIGH,15000,100,840,98.33333333333333,-9.793664914550668,-9.947316265806437,0.0,-11.634583057699256,-7.627994177767933,-7.9159229879745485,-11.814408016878403,10.059413977935513,-9.823808050836687e-25
ENGINEERING_SAMPLE,volatility_5s_bps,ofi_1s,LOW,HIGH,15000,1000,840,98.33333333333333,-9.793664914550668,-9.947316265806437,0.0,-11.634583057699256,-7.627994177767933,-7.9159229879745485,-11.814408016878403,10.059413977935513,-9.823808050836687e-25
ENGINEERING_SAMPLE,volatility_5s_bps,ofi_1s,LOW,HIGH,15000,500,840,98.33333333333333,-9.793664914550668,-9.947316265806437,0.0,-11.634583057699256,-7.627994177767933,-7.9159229879745485,-11.814408016878403,10.059413977935513,0.0
ENGINEERING_SAMPLE,volatility_5s_bps,ofi_1s,LOW,HIGH,250,100,840,100.0,-10.04553642795988,-10.05268317880655,0.0,-10.052754642091818,-10.052618002253178,-7.9159229879745485,-11.814408016878403,10.057234488308636,-6.081905311335707e-25
ENGINEERING_SAMPLE,volatility_5s_bps,ofi_1s,LOW,HIGH,250,1000,840,100.0,-10.04553642795988,-10.05268317880655,0.0,-10.052754642091818,-10.052618002253178,-7.9159229879745485,-11.814408016878403,10.057234488308636,-6.081905311335707e-25
ENGINEERING_SAMPLE,volatility_5s_bps,ofi_1s,LOW,HIGH,250,500,840,100.0,-10.04553642795988,-10.05268317880655,0.0,-10.052754642091818,-10.052618002253178,-7.9159229879745485,-11.814408016878403,10.057234488308636,0.0
ENGINEERING_SAMPLE,volatility_5s_bps,ofi_1s,LOW,HIGH,3000,100,840,100.0,-9.90754412058883,-10.052669020393108,0.0,-10.374275071877081,-9.208893321302497,-7.9159229879745485,-11.814408016878403,10.05390343069342,-5.894058729902153e-25
ENGINEERING_SAMPLE,volatility_5s_bps,ofi_1s,LOW,HIGH,3000,1000,840,100.0,-9.90754412058883,-10.052669020393108,0.0,-10.374275071877081,-9.208893321302497,-7.9159229879745485,-11.814408016878403,10.05390343069342,-5.894058729902153e-25
ENGINEERING_SAMPLE,volatility_5s_bps,ofi_1s,LOW,HIGH,3000,500,840,100.0,-9.90754412058883,-10.052669020393108,0.0,-10.374275071877081,-9.208893321302497,-7.9159229879745485,-11.814408016878403,10.05390343069342,0.0
ENGINEERING_SAMPLE,volatility_5s_bps,ofi_1s,LOW,HIGH,30000,100,840,97.5,-9.694839220390277,-9.947316265806437,0.0,-12.267480202381517,-6.7857839493481364,-7.9159229879745485,-11.814408016878403,10.060566794879275,-5.659081156834883e-25
ENGINEERING_SAMPLE,volatility_5s_bps,ofi_1s,LOW,HIGH,30000,1000,840,97.5,-9.694839220390277,-9.947316265806437,0.0,-12.267480202381517,-6.7857839493481364,-7.9159229879745485,-11.814408016878403,10.060566794879275,-5.659081156834883e-25
ENGINEERING_SAMPLE,volatility_5s_bps,ofi_1s,LOW,HIGH,30000,500,840,97.5,-9.694839220390277,-9.947316265806437,0.0,-12.267480202381517,-6.7857839493481364,-7.9159229879745485,-11.814408016878403,10.060566794879275,0.0
ENGINEERING_SAMPLE,volatility_5s_bps,ofi_1s,LOW,HIGH,500,100,840,100.0,-10.029218948373007,-10.05268317880655,0.0,-10.052757426683275,-10.052615509336029,-7.9159229879745485,-11.814408016878403,10.052834255634837,-6.0192565300286265e-25
ENGINEERING_SAMPLE,volatility_5s_bps,ofi_1s,LOW,HIGH,500,1000,840,100.0,-10.029218948373007,-10.05268317880655,0.0,-10.052757426683275,-10.052615509336029,-7.9159229879745485,-11.814408016878403,10.052834255634837,-6.0192565300286265e-25
ENGINEERING_SAMPLE,volatility_5s_bps,ofi_1s,LOW,HIGH,500,500,840,100.0,-10.029218948373007,-10.05268317880655,0.0,-10.052757426683275,-10.052615509336029,-7.9159229879745485,-11.814408016878403,10.052834255634837,0.0
ENGINEERING_SAMPLE,volatility_5s_bps,ofi_1s,LOW,HIGH,5000,100,840,100.0,-9.851594382478602,-10.052667355197707,0.0,-10.736617130704401,-8.733821759601376,-7.9159229879745485,-11.814408016878403,10.06212705282083,-7.649261841246023e-25
ENGINEERING_SAMPLE,volatility_5s_bps,ofi_1s,LOW,HIGH,5000,1000,840,100.0,-9.851594382478602,-10.052667355197707,0.0,-10.736617130704401,-8.733821759601376,-7.9159229879745485,-11.814408016878403,10.06212705282083,-7.649261841246023e-25
ENGINEERING_SAMPLE,volatility_5s_bps,ofi_1s,LOW,HIGH,5000,500,840,100.0,-9.851594382478602,-10.052667355197707,0.0,-10.736617130704401,-8.733821759601376,-7.9159229879745485,-11.814408016878403,10.06212705282083,0.0
ENGINEERING_SAMPLE,volatility_5s_bps,ofi_1s,LOW,HIGH,60000,100,840,95.83333333333333,-9.651149101761193,-9.36797175528271,0.0,-14.302831014905962,-6.095950425437578,-7.9159229879745485,-11.814408016878403,10.06351718634284,7.25139319054689e-27
ENGINEERING_SAMPLE,volatility_5s_bps,ofi_1s,LOW,HIGH,60000,1000,840,95.83333333333333,-9.651310900852675,-9.36797175528271,0.0,-14.302831014905962,-6.095950425437578,-7.9159229879745485,-11.814408016878403,10.063679181207998,0.0001619948651588661
ENGINEERING_SAMPLE,volatility_5s_bps,ofi_1s,LOW,HIGH,60000,500,840,95.83333333333333,-9.6512763847769,-9.36797175528271,0.0,-14.302831014905962,-6.095950425437578,-7.9159229879745485,-11.814408016878403,10.063644623368459,0.0001274370256190235
ENGINEERING_SAMPLE,volatility_5s_bps,ofi_1s,LOW,LOW,1000,100,867,100.0,-10.109684745335018,-10.05268317880655,0.0,-10.052779435294367,-10.052618002253178,-8.186914269056173,-12.135870268136308,10.0516194280594,-9.537100845944464e-25
ENGINEERING_SAMPLE,volatility_5s_bps,ofi_1s,LOW,LOW,1000,1000,867,100.0,-10.109684745335018,-10.05268317880655,0.0,-10.052779435294367,-10.052618002253178,-8.186914269056173,-12.135959476151509,10.0516194280594,-9.537100845944464e-25
ENGINEERING_SAMPLE,volatility_5s_bps,ofi_1s,LOW,LOW,1000,500,867,100.0,-10.109684745335018,-10.05268317880655,0.0,-10.052779435294367,-10.052618002253178,-8.186914269056173,-12.135947596574436,10.0516194280594,0.0
ENGINEERING_SAMPLE,volatility_5s_bps,ofi_1s,LOW,LOW,15000,100,867,98.96193771626298,-10.086609718751172,-10.052667355197707,0.0,-11.841659164731958,-8.417477675272858,-8.186914269056173,-12.135870268136308,10.046141649859633,-9.513409054587426e-25
ENGINEERING_SAMPLE,volatility_5s_bps,ofi_1s,LOW,LOW,15000,1000,867,98.96193771626298,-10.086609718751172,-10.052667355197707,0.0,-11.841659164731958,-8.417477675272858,-8.186914269056173,-12.135959476151509,10.046141649859633,-9.513409054587426e-25
ENGINEERING_SAMPLE,volatility_5s_bps,ofi_1s,LOW,LOW,15000,500,867,98.96193771626298,-10.086609718751172,-10.052667355197707,0.0,-11.841659164731958,-8.417477675272858,-8.186914269056173,-12.135947596574436,10.046141649859633,0.0
ENGINEERING_SAMPLE,volatility_5s_bps,ofi_1s,LOW,LOW,250,100,867,100.0,-10.071583634207434,-10.05268317880655,0.0,-10.052757426683275,-10.052619941352061,-8.186914269056173,-12.135870268136308,10.057212040751168,-9.719365067703295e-25
ENGINEERING_SAMPLE,volatility_5s_bps,ofi_1s,LOW,LOW,250,1000,867,100.0,-10.071583634207434,-10.05268317880655,0.0,-10.052757426683275,-10.052619941352061,-8.186914269056173,-12.135959476151509,10.057212040751168,-9.719365067703295e-25
ENGINEERING_SAMPLE,volatility_5s_bps,ofi_1s,LOW,LOW,250,500,867,100.0,-10.071583634207434,-10.05268317880655,0.0,-10.052757426683275,-10.052619941352061,-8.186914269056173,-12.135947596574436,10.057212040751168,0.0
ENGINEERING_SAMPLE,volatility_5s_bps,ofi_1s,LOW,LOW,3000,100,867,100.0,-10.217158708293448,-10.052692066404129,0.0,-11.001666763367073,-9.926236887983586,-8.186914269056173,-12.135870268136308,10.04845535100581,-9.963844102684876e-25
ENGINEERING_SAMPLE,volatility_5s_bps,ofi_1s,LOW,LOW,3000,1000,867,100.0,-10.217309004534828,-10.052692066404129,0.0,-11.001666763367073,-9.926236887983586,-8.186914269056173,-12.135959476151509,10.048605772793712,0.00015042178790219808
ENGINEERING_SAMPLE,volatility_5s_bps,ofi_1s,LOW,LOW,3000,500,867,100.0,-10.217276956061069,-10.052692066404129,0.0,-11.001666763367073,-9.926236887983586,-8.186914269056173,-12.135947596574436,10.048573697548994,0.00011834654318333449
ENGINEERING_SAMPLE,volatility_5s_bps,ofi_1s,LOW,LOW,30000,100,867,97.46251441753172,-10.10556891338889,-10.0,0.0,-12.582183511101036,-7.419533143794268,-8.186914269056173,-12.135870268136308,10.043879542878967,3.389350158963973e-05
ENGINEERING_SAMPLE,volatility_5s_bps,ofi_1s,LOW,LOW,30000,1000,867,97.46251441753172,-10.105630352277856,-10.0,0.0,-12.582183511101036,-7.419533143794268,-8.186914269056173,-12.135959476151509,10.043941008458173,9.535908079333618e-05
ENGINEERING_SAMPLE,volatility_5s_bps,ofi_1s,LOW,LOW,30000,500,867,97.46251441753172,-10.105601136200912,-10.0,0.0,-12.582183511101036,-7.419533143794268,-8.186914269056173,-12.135947596574436,10.0439117796892,6.613031182049494e-05
ENGINEERING_SAMPLE,volatility_5s_bps,ofi_1s,LOW,LOW,500,100,867,100.0,-10.088662156518508,-10.05268317880655,0.0,-10.05277302582948,-10.052618833278055,-8.186914269056173,-12.135870268136308,10.061226649909356,-9.658687983568485e-25
ENGINEERING_SAMPLE,volatility_5s_bps,ofi_1s,LOW,LOW,500,1000,867,100.0,-10.088662156518508,-10.05268317880655,0.0,-10.05277302582948,-10.052618833278055,-8.186914269056173,-12.135959476151509,10.061226649909356,-9.658687983568485e-25
ENGINEERING_SAMPLE,volatility_5s_bps,ofi_1s,LOW,LOW,500,500,867,100.0,-10.088662156518508,-10.05268317880655,0.0,-10.05277302582948,-10.052618833278055,-8.186914269056173,-12.135947596574436,10.061226649909356,0.0
ENGINEERING_SAMPLE,volatility_5s_bps,ofi_1s,LOW,LOW,5000,100,867,100.0,-10.223712906189567,-10.052697622675531,0.0,-11.210437081071404,-9.631299371314443,-8.186914269056173,-12.135870268136308,10.047135547307215,2.0363430711710527e-05
ENGINEERING_SAMPLE,volatility_5s_bps,ofi_1s,LOW,LOW,5000,1000,867,100.0,-10.223802081834528,-10.052697622675531,0.0,-11.210437081071404,-9.631299371314443,-8.186914269056173,-12.135959476151509,10.047224772495275,0.00010958861876963095
ENGINEERING_SAMPLE,volatility_5s_bps,ofi_1s,LOW,LOW,5000,500,867,100.0,-10.223790207759674,-10.052697622675531,0.0,-11.210437081071404,-9.631299371314443,-8.186914269056173,-12.135947596574436,10.04721289182357,9.77079470666835e-05
ENGINEERING_SAMPLE,volatility_5s_bps,ofi_1s,LOW,LOW,60000,100,867,95.38638985005767,-10.163026889736845,-10.052669297935912,0.0,-14.372012500724642,-6.262705259055624,-8.186914269056173,-12.135870268136308,10.050252697554694,3.463258262631505e-05
ENGINEERING_SAMPLE,volatility_5s_bps,ofi_1s,LOW,LOW,60000,1000,867,95.38638985005767,-10.16308966888327,-10.052669297935912,0.0,-14.372012500724642,-6.262705259055624,-8.186914269056173,-12.135959476151509,10.050315500997968,9.743602590236632e-05
ENGINEERING_SAMPLE,volatility_5s_bps,ofi_1s,LOW,LOW,60000,500,867,95.38638985005767,-10.163059816906227,-10.052669297935912,0.0,-14.372012500724642,-6.262705259055624,-8.186914269056173,-12.135947596574436,10.050285637467582,6.757249551401934e-05
ENGINEERING_SAMPLE,volatility_5s_bps,ofi_1s,LOW,MID,1000,100,1525,100.0,-10.064138962905698,-10.05267373901862,0.0,-10.05275074415757,-10.052616063297203,-8.221408024775673,-12.105976350612066,10.052167029228848,1.1577111099706904e-05
ENGINEERING_SAMPLE,volatility_5s_bps,ofi_1s,LOW,MID,1000,1000,1525,100.0,-10.064189661452701,-10.05267373901862,0.0,-10.05275074415757,-10.052616063297203,-8.221408024775673,-12.105983226034036,10.052217755942321,6.230382457263609e-05
ENGINEERING_SAMPLE,volatility_5s_bps,ofi_1s,LOW,MID,1000,500,1525,100.0,-10.064182910749164,-10.05267373901862,0.0,-10.05275074415757,-10.052616063297203,-8.221408024775673,-12.105976350612066,10.05221100148831,5.554937056184563e-05
ENGINEERING_SAMPLE,volatility_5s_bps,ofi_1s,LOW,MID,15000,100,1525,99.60655737704919,-10.074634642015948,-10.052669020393108,0.0,-11.738077672972546,-8.209685273285283,-8.221408024775673,-12.105976350612066,10.047776013491314,-1.3839826878801067e-24
ENGINEERING_SAMPLE,volatility_5s_bps,ofi_1s,LOW,MID,15000,1000,1525,99.60655737704919,-10.074634642015948,-10.052669020393108,0.0,-11.738077672972546,-8.209685273285283,-8.221408024775673,-12.105983226034036,10.047776013491314,-1.3839826878801067e-24
ENGINEERING_SAMPLE,volatility_5s_bps,ofi_1s,LOW,MID,15000,500,1525,99.60655737704919,-10.074634642015948,-10.052669020393108,0.0,-11.738077672972546,-8.209685273285283,-8.221408024775673,-12.105976350612066,10.047776013491314,0.0
ENGINEERING_SAMPLE,volatility_5s_bps,ofi_1s,LOW,MID,250,100,1525,100.0,-10.05566303885128,-10.05267373901862,0.0,-10.052739888671978,-10.052618833278055,-8.221408024775673,-12.105976350612066,10.054444617134433,1.1577111099706904e-05
ENGINEERING_SAMPLE,volatility_5s_bps,ofi_1s,LOW,MID,250,1000,1525,100.0,-10.055713737398284,-10.05267373901862,0.0,-10.052739888671978,-10.052618833278055,-8.221408024775673,-12.105983226034036,10.054495343847906,6.230382457263609e-05
ENGINEERING_SAMPLE,volatility_5s_bps,ofi_1s,LOW,MID,250,500,1525,100.0,-10.055706986694746,-10.05267373901862,0.0,-10.052739888671978,-10.052618833278055,-8.221408024775673,-12.105976350612066,10.054488589393895,5.554937056184563e-05
ENGINEERING_SAMPLE,volatility_5s_bps,ofi_1s,LOW,MID,3000,100,1525,100.0,-10.053114063969922,-10.052670963254164,0.0,-10.579310381166156,-9.631270224405258,-8.221408024775673,-12.105976350612066,10.053089964339966,-1.2333804857706323e-24
ENGINEERING_SAMPLE,volatility_5s_bps,ofi_1s,LOW,MID,3000,1000,1525,100.0,-10.053114063969922,-10.052670963254164,0.0,-10.579310381166156,-9.631270224405258,-8.221408024775673,-12.105983226034036,10.053089964339966,-1.2333804857706323e-24
ENGINEERING_SAMPLE,volatility_5s_bps,ofi_1s,LOW,MID,3000,500,1525,100.0,-10.053114063969922,-10.052670963254164,0.0,-10.579310381166156,-9.631270224405258,-8.221408024775673,-12.105976350612066,10.053089964339966,0.0
ENGINEERING_SAMPLE,volatility_5s_bps,ofi_1s,LOW,MID,30000,100,1525,99.14754098360656,-10.11954100978988,-10.15810620560925,0.0,-12.74108569650495,-7.522571696779842,-8.221408024775673,-12.105976350612066,10.054598725279547,1.167664975334195e-05
ENGINEERING_SAMPLE,volatility_5s_bps,ofi_1s,LOW,MID,30000,1000,1525,99.14754098360656,-10.11959214423709,-10.15810620560925,0.0,-12.74108569650495,-7.522571696779842,-8.221408024775673,-12.105983226034036,10.054649888135398,6.283950560401457e-05
ENGINEERING_SAMPLE,volatility_5s_bps,ofi_1s,LOW,MID,30000,500,1525,99.14754098360656,-10.119585335491788,-10.15810620560925,0.0,-12.74108569650495,-7.522571696779842,-8.221408024775673,-12.105976350612066,10.054643075607377,5.6026977583872084e-05
ENGINEERING_SAMPLE,volatility_5s_bps,ofi_1s,LOW,MID,500,100,1525,100.0,-10.057773188971916,-10.05267373901862,0.0,-10.052743784993218,-10.052618002253178,-8.221408024775673,-12.105976350612066,10.052962271013596,1.2922274753536682e-05
ENGINEERING_SAMPLE,volatility_5s_bps,ofi_1s,LOW,MID,500,1000,1525,100.0,-10.05779265459275,-10.05267373901862,0.0,-10.052743784993218,-10.052618002253178,-8.221408024775673,-12.105983226034036,10.052981749297842,3.240055899943508e-05
ENGINEERING_SAMPLE,volatility_5s_bps,ofi_1s,LOW,MID,500,500,1525,100.0,-10.057790491745992,-10.05267373901862,0.0,-10.052743784993218,-10.052618002253178,-8.221408024775673,-12.105976350612066,10.052979585044037,3.023630519433526e-05
ENGINEERING_SAMPLE,volatility_5s_bps,ofi_1s,LOW,MID,5000,100,1525,100.0,-10.070004140194518,-10.052670963254164,0.0,-11.053985795709186,-9.104017531346583,-8.221408024775673,-12.105976350612066,10.055123673767289,-1.2437757477576017e-24
ENGINEERING_SAMPLE,volatility_5s_bps,ofi_1s,LOW,MID,5000,1000,1525,100.0,-10.070004140194518,-10.052670963254164,0.0,-11.053985795709186,-9.104017531346583,-8.221408024775673,-12.105983226034036,10.055123673767289,-1.2437757477576017e-24
ENGINEERING_SAMPLE,volatility_5s_bps,ofi_1s,LOW,MID,5000,500,1525,100.0,-10.070004140194518,-10.052670963254164,0.0,-11.053985795709186,-9.104017531346583,-8.221408024775673,-12.105976350612066,10.055123673767289,0.0
ENGINEERING_SAMPLE,volatility_5s_bps,ofi_1s,LOW,MID,60000,100,1525,95.14754098360656,-10.283031304043423,-9.684291986480938,0.0,-15.372183462259976,-6.416448294588767,-8.221408024775673,-12.105976350612066,10.057293663813661,2.9143458186112696e-05
ENGINEERING_SAMPLE,volatility_5s_bps,ofi_1s,LOW,MID,60000,1000,1525,95.14754098360656,-10.283212262864993,-9.684291986480938,0.0,-15.372183462259976,-6.416448294588767,-8.221408024775673,-12.105983226034036,10.057474862270048,0.00021034191457455073
ENGINEERING_SAMPLE,volatility_5s_bps,ofi_1s,LOW,MID,60000,500,1525,95.14754098360656,-10.283167970872926,-9.684291986480938,0.0,-15.372183462259976,-6.416448294588767,-8.221408024775673,-12.105976350612066,10.057430511624284,0.00016599126881156975
ENGINEERING_SAMPLE,volatility_5s_bps,ofi_1s,MID,HIGH,1000,100,600,100.0,-10.014207712786776,-10.052670963254164,0.0,-10.052751133950995,-9.89462992112558,-8.553114883431034,-12.668873982015974,10.065527111376225,-3.9468690261074275e-25
ENGINEERING_SAMPLE,volatility_5s_bps,ofi_1s,MID,HIGH,1000,1000,600,100.0,-10.014207712786776,-10.052670963254164,0.0,-10.052751133950995,-9.89462992112558,-8.553114883431034,-12.668873982015974,10.065527111376225,-3.9468690261074275e-25
ENGINEERING_SAMPLE,volatility_5s_bps,ofi_1s,MID,HIGH,1000,500,600,100.0,-10.014207712786776,-10.052670963254164,0.0,-10.052751133950995,-9.89462992112558,-8.553114883431034,-12.668873982015974,10.065527111376225,0.0
ENGINEERING_SAMPLE,volatility_5s_bps,ofi_1s,MID,HIGH,15000,100,600,100.0,-10.180157393689012,-10.052670963254164,0.0,-11.855338587591948,-8.104654347780283,-8.553114883431034,-12.668873982015974,10.075201534567128,-6.8458819486006685e-25
ENGINEERING_SAMPLE,volatility_5s_bps,ofi_1s,MID,HIGH,15000,1000,600,100.0,-10.18037455508828,-10.052670963254164,0.0,-11.855338587591948,-8.104654347780283,-8.553114883431034,-12.668873982015974,10.075418891118211,0.00021735655108335726
ENGINEERING_SAMPLE,volatility_5s_bps,ofi_1s,MID,HIGH,15000,500,600,100.0,-10.18032824504369,-10.052670963254164,0.0,-11.855338587591948,-8.104654347780283,-8.553114883431034,-12.668873982015974,10.075372539457158,0.0001710048900292804
ENGINEERING_SAMPLE,volatility_5s_bps,ofi_1s,MID,HIGH,250,100,600,100.0,-10.0417925298277,-10.05267373901862,0.0,-10.052736549409847,-10.052618002253178,-8.553114883431034,-12.668873982015974,10.058766525173196,-4.386604296384925e-25
ENGINEERING_SAMPLE,volatility_5s_bps,ofi_1s,MID,HIGH,250,1000,600,100.0,-10.0417925298277,-10.05267373901862,0.0,-10.052736549409847,-10.052618002253178,-8.553114883431034,-12.668873982015974,10.058766525173196,-4.386604296384925e-25
ENGINEERING_SAMPLE,volatility_5s_bps,ofi_1s,MID,HIGH,250,500,600,100.0,-10.0417925298277,-10.05267373901862,0.0,-10.052736549409847,-10.052618002253178,-8.553114883431034,-12.668873982015974,10.058766525173196,0.0
ENGINEERING_SAMPLE,volatility_5s_bps,ofi_1s,MID,HIGH,3000,100,600,100.0,-9.972212512881608,-10.052669020393108,0.0,-10.52733210579353,-9.309177844127667,-8.553114883431034,-12.668873982015974,10.06855102451072,3.28441149985724e-05
ENGINEERING_SAMPLE,volatility_5s_bps,ofi_1s,MID,HIGH,3000,1000,600,100.0,-9.972261988001232,-10.052669020393108,0.0,-10.52733210579353,-9.309177844127667,-8.553114883431034,-12.668873982015974,10.06860053181651,8.235142079023082e-05
ENGINEERING_SAMPLE,volatility_5s_bps,ofi_1s,MID,HIGH,3000,500,600,100.0,-9.972256490765718,-10.052669020393108,0.0,-10.52733210579353,-9.309177844127667,-8.553114883431034,-12.668873982015974,10.068595031004758,7.685060903560213e-05
ENGINEERING_SAMPLE,volatility_5s_bps,ofi_1s,MID,HIGH,30000,100,600,98.0,-10.53838779478142,-10.421338841581655,0.0,-13.316086324570273,-7.8897038888664115,-8.553114883431034,-12.668873982015974,10.070847582917125,3.351143622931969e-05
ENGINEERING_SAMPLE,volatility_5s_bps,ofi_1s,MID,HIGH,30000,1000,600,98.0,-10.538515960119677,-10.421338841581655,0.0,-13.316086324570273,-7.8897038888664115,-8.553114883431034,-12.668873982015974,10.070975849209395,0.0001617777285002376
ENGINEERING_SAMPLE,volatility_5s_bps,ofi_1s,MID,HIGH,30000,500,600,98.0,-10.53849845191751,-10.421338841581655,0.0,-13.316086324570273,-7.8897038888664115,-8.553114883431034,-12.668873982015974,10.070958327216267,0.00014425573537225805
ENGINEERING_SAMPLE,volatility_5s_bps,ofi_1s,MID,HIGH,500,100,600,100.0,-10.029321723395897,-10.05267262867773,0.0,-10.052736549409847,-10.052615509336029,-8.553114883431034,-12.668873982015974,10.058677051869937,-4.2987631834405675e-25
ENGINEERING_SAMPLE,volatility_5s_bps,ofi_1s,MID,HIGH,500,1000,600,100.0,-10.029321723395897,-10.05267262867773,0.0,-10.052736549409847,-10.052615509336029,-8.553114883431034,-12.668873982015974,10.058677051869937,-4.2987631834405675e-25
ENGINEERING_SAMPLE,volatility_5s_bps,ofi_1s,MID,HIGH,500,500,600,100.0,-10.029321723395897,-10.05267262867773,0.0,-10.052736549409847,-10.052615509336029,-8.553114883431034,-12.668873982015974,10.058677051869937,0.0
ENGINEERING_SAMPLE,volatility_5s_bps,ofi_1s,MID,HIGH,5000,100,600,100.0,-9.96539303852304,-10.052664302612929,0.0,-10.848396539554512,-9.104551155706863,-8.553114883431034,-12.668873982015974,10.07299491359646,-5.61697850650861e-25
ENGINEERING_SAMPLE,volatility_5s_bps,ofi_1s,MID,HIGH,5000,1000,600,100.0,-9.96539303852304,-10.052664302612929,0.0,-10.848396539554512,-9.104551155706863,-8.553114883431034,-12.668873982015974,10.07299491359646,-5.61697850650861e-25
ENGINEERING_SAMPLE,volatility_5s_bps,ofi_1s,MID,HIGH,5000,500,600,100.0,-9.96539303852304,-10.052664302612929,0.0,-10.848396539554512,-9.104551155706863,-8.553114883431034,-12.668873982015974,10.07299491359646,0.0
ENGINEERING_SAMPLE,volatility_5s_bps,ofi_1s,MID,HIGH,60000,100,600,96.5,-11.02993170207445,-10.842713207706252,0.0,-16.47927964962765,-6.435530855016612,-8.553114883431034,-12.668873982015974,10.072105017155723,-5.092967438146702e-25
ENGINEERING_SAMPLE,volatility_5s_bps,ofi_1s,MID,HIGH,60000,1000,600,96.5,-11.02993170207445,-10.842713207706252,0.0,-16.47927964962765,-6.435530855016612,-8.553114883431034,-12.668873982015974,10.072105017155723,-5.092967438146702e-25
ENGINEERING_SAMPLE,volatility_5s_bps,ofi_1s,MID,HIGH,60000,500,600,96.5,-11.02993170207445,-10.842713207706252,0.0,-16.47927964962765,-6.435530855016612,-8.553114883431034,-12.668873982015974,10.072105017155723,0.0
ENGINEERING_SAMPLE,volatility_5s_bps,ofi_1s,MID,LOW,1000,100,558,99.6415770609319,-10.092144306557122,-10.052686233580028,0.0,-10.052779435294367,-10.052619387310685,-8.510074807373247,-12.83926906675232,10.04460391389696,5.150580852067085e-05
ENGINEERING_SAMPLE,volatility_5s_bps,ofi_1s,MID,LOW,1000,1000,558,99.6415770609319,-10.09223766944988,-10.052686233580028,0.0,-10.052779435294367,-10.052619387310685,-8.510128033600386,-12.83926906675232,10.0446973281656,0.00014492007716102883
ENGINEERING_SAMPLE,volatility_5s_bps,ofi_1s,MID,LOW,1000,500,558,99.6415770609319,-10.092193267318537,-10.052686233580028,0.0,-10.052779435294367,-10.052619387310685,-8.510122119575149,-12.83926906675232,10.04465290160058,0.00010049351214144633
ENGINEERING_SAMPLE,volatility_5s_bps,ofi_1s,MID,LOW,15000,100,558,99.6415770609319,-10.514941357965236,-10.052779435294367,0.0,-12.630955514609107,-8.84044443741332,-8.510074807373247,-12.83926906675232,10.042286650393102,-9.196488091871376e-25
ENGINEERING_SAMPLE,volatility_5s_bps,ofi_1s,MID,LOW,15000,1000,558,99.6415770609319,-10.514941357965236,-10.052779435294367,0.0,-12.630955514609107,-8.84044443741332,-8.510128033600386,-12.83926906675232,10.042286650393102,-9.196488091871376e-25
ENGINEERING_SAMPLE,volatility_5s_bps,ofi_1s,MID,LOW,15000,500,558,99.6415770609319,-10.514941357965236,-10.052779435294367,0.0,-12.630955514609107,-8.84044443741332,-8.510122119575149,-12.83926906675232,10.042286650393102,0.0
ENGINEERING_SAMPLE,volatility_5s_bps,ofi_1s,MID,LOW,250,100,558,99.82078853046595,-10.057742175283577,-10.052685400424856,0.0,-10.05275865245389,-10.052619664329185,-8.510074807373247,-12.83926906675232,10.042822410811208,5.141356529546258e-05
ENGINEERING_SAMPLE,volatility_5s_bps,ofi_1s,MID,LOW,250,1000,558,99.82078853046595,-10.057868510353893,-10.052685400424856,0.0,-10.05275865245389,-10.052619664329185,-8.510128033600386,-12.83926906675232,10.042948813864914,0.0001778166190007781
ENGINEERING_SAMPLE,volatility_5s_bps,ofi_1s,MID,LOW,250,500,558,99.82078853046595,-10.05779104864132,-10.052685400424856,0.0,-10.05275865245389,-10.052619664329185,-8.510122119575149,-12.83926906675232,10.04287131080567,0.00010031355975614865
ENGINEERING_SAMPLE,volatility_5s_bps,ofi_1s,MID,LOW,3000,100,558,99.6415770609319,-10.208171850683307,-10.052686233580028,0.0,-10.895654350403948,-9.789395389247542,-8.510074807373247,-12.83926906675232,10.045403897867455,8.696348131181419e-05
ENGINEERING_SAMPLE,volatility_5s_bps,ofi_1s,MID,LOW,3000,1000,558,99.6415770609319,-10.208400783302524,-10.052686233580028,0.0,-10.895654350403948,-9.789395389247542,-8.510128033600386,-12.83926906675232,10.045632948608823,0.00031601422267986894
ENGINEERING_SAMPLE,volatility_5s_bps,ofi_1s,MID,LOW,3000,500,558,99.6415770609319,-10.208337865302717,-10.052686233580028,0.0,-10.895654350403948,-9.789395389247542,-8.510122119575149,-12.83926906675232,10.045569997059255,0.00025306267311187534
ENGINEERING_SAMPLE,volatility_5s_bps,ofi_1s,MID,LOW,30000,100,558,98.38709677419355,-10.642656146942857,-10.736617130704401,0.0,-13.214351615097085,-7.680534165945866,-8.510074807373247,-12.83926906675232,10.046378599766175,-1.0853178679655603e-24
ENGINEERING_SAMPLE,volatility_5s_bps,ofi_1s,MID,LOW,30000,1000,558,98.38709677419355,-10.642893437787981,-10.736617130704401,0.0,-13.214351615097085,-7.680534165945866,-8.510128033600386,-12.83926906675232,10.046616140164389,0.00023754039821275387
ENGINEERING_SAMPLE,volatility_5s_bps,ofi_1s,MID,LOW,30000,500,558,98.38709677419355,-10.64284282571737,-10.736617130704401,0.0,-13.214351615097085,-7.680534165945866,-8.510122119575149,-12.83926906675232,10.046565474866277,0.00018687510010044305
ENGINEERING_SAMPLE,volatility_5s_bps,ofi_1s,MID,LOW,500,100,558,99.6415770609319,-10.078931036872051,-10.052685400424856,0.0,-10.052778599188915,-10.052619664329185,-8.510074807373247,-12.83926906675232,10.055276889397424,-7.205377376705689e-25
ENGINEERING_SAMPLE,volatility_5s_bps,ofi_1s,MID,LOW,500,1000,558,99.6415770609319,-10.078964235772908,-10.052685400424856,0.0,-10.052778599188915,-10.052619664329185,-8.510128033600386,-12.83926906675232,10.055310105519483,3.321612205959721e-05
ENGINEERING_SAMPLE,volatility_5s_bps,ofi_1s,MID,LOW,500,500,558,99.6415770609319,-10.078931036872051,-10.052685400424856,0.0,-10.052778599188915,-10.052619664329185,-8.510122119575149,-12.83926906675232,10.055276889397424,0.0
ENGINEERING_SAMPLE,volatility_5s_bps,ofi_1s,MID,LOW,5000,100,558,99.6415770609319,-10.327464713540355,-10.052707071026667,0.0,-11.315851834688461,-9.631139978595417,-8.510074807373247,-12.83926906675232,10.044227749106888,-7.584767844170747e-25
ENGINEERING_SAMPLE,volatility_5s_bps,ofi_1s,MID,LOW,5000,1000,558,99.6415770609319,-10.327464713540355,-10.052707071026667,0.0,-11.315851834688461,-9.631139978595417,-8.510128033600386,-12.83926906675232,10.044227749106888,-7.584767844170747e-25
ENGINEERING_SAMPLE,volatility_5s_bps,ofi_1s,MID,LOW,5000,500,558,99.6415770609319,-10.327464713540355,-10.052707071026667,0.0,-11.315851834688461,-9.631139978595417,-8.510122119575149,-12.83926906675232,10.044227749106888,0.0
ENGINEERING_SAMPLE,volatility_5s_bps,ofi_1s,MID,LOW,60000,100,558,98.2078853046595,-10.790447946471785,-10.948120013671971,0.0,-16.160230307691496,-6.308480496388415,-8.510074807373247,-12.83926906675232,10.042330502155753,-5.96376215253195e-25
ENGINEERING_SAMPLE,volatility_5s_bps,ofi_1s,MID,LOW,60000,1000,558,98.2078853046595,-10.790481488156116,-10.948120013671971,0.0,-16.160230307691496,-6.308480496388415,-8.510128033600386,-12.83926906675232,10.042364071509775,3.356935402367884e-05
ENGINEERING_SAMPLE,volatility_5s_bps,ofi_1s,MID,LOW,60000,500,558,98.2078853046595,-10.790447946471785,-10.948120013671971,0.0,-16.160230307691496,-6.308480496388415,-8.510122119575149,-12.83926906675232,10.042330502155753,0.0
ENGINEERING_SAMPLE,volatility_5s_bps,ofi_1s,MID,MID,1000,100,405,99.75308641975309,-10.024251291014473,-10.052673183848174,0.0,-10.052748656408266,-10.052616617270042,-8.365846823894552,-12.541851390209086,10.056034049449973,-3.3895512559643256e-25
ENGINEERING_SAMPLE,volatility_5s_bps,ofi_1s,MID,MID,1000,1000,405,99.75308641975309,-10.024453658141008,-10.052673183848174,0.0,-10.052748656408266,-10.052616617270042,-8.36604930184825,-12.542053842581504,10.056236511472557,0.00020246202258299059
ENGINEERING_SAMPLE,volatility_5s_bps,ofi_1s,MID,MID,1000,500,405,99.75308641975309,-10.024395519263761,-10.052673183848174,0.0,-10.052748656408266,-10.052616617270042,-8.365991131131015,-12.541995679213619,10.056178344993157,0.00014429554318224637
ENGINEERING_SAMPLE,volatility_5s_bps,ofi_1s,MID,MID,15000,100,405,99.75308641975309,-10.272703539643887,-10.052637954097808,0.0,-12.053074832511692,-8.888364445787259,-8.365846823894552,-12.541851390209086,10.060191227892314,4.877968030050682e-05
ENGINEERING_SAMPLE,volatility_5s_bps,ofi_1s,MID,MID,15000,1000,405,99.75308641975309,-10.272979384670853,-10.052637954097808,0.0,-12.053074832511692,-8.888364445787259,-8.36604930184825,-12.542053842581504,10.060467214454048,0.0003247662420343882
ENGINEERING_SAMPLE,volatility_5s_bps,ofi_1s,MID,MID,15000,500,405,99.75308641975309,-10.272913081582447,-10.052637954097808,0.0,-12.053074832511692,-8.888364445787259,-8.365991131131015,-12.541995679213619,10.06040087858141,0.0002584303693946561
ENGINEERING_SAMPLE,volatility_5s_bps,ofi_1s,MID,MID,250,100,405,99.75308641975309,-10.044592349565542,-10.05267373901862,0.0,-10.052735992908737,-10.052618002253178,-8.365846823894552,-12.541851390209086,10.050616831772713,-3.389615330248571e-25
ENGINEERING_SAMPLE,volatility_5s_bps,ofi_1s,MID,MID,250,1000,405,99.75308641975309,-10.04479471669208,-10.05267373901862,0.0,-10.052735992908737,-10.052618002253178,-8.36604930184825,-12.542053842581504,10.050819293795296,0.00020246202258299059
ENGINEERING_SAMPLE,volatility_5s_bps,ofi_1s,MID,MID,250,500,405,99.75308641975309,-10.044736577814833,-10.05267373901862,0.0,-10.052735992908737,-10.052618002253178,-8.365991131131015,-12.541995679213619,10.050761127315894,0.00014429554318224637
ENGINEERING_SAMPLE,volatility_5s_bps,ofi_1s,MID,MID,3000,100,405,99.75308641975309,-10.097327054712029,-10.052670963254164,0.0,-10.631429323506186,-9.42054306464704,-8.365846823894552,-12.541851390209086,10.062359604794684,-4.172766975286576e-25
ENGINEERING_SAMPLE,volatility_5s_bps,ofi_1s,MID,MID,3000,1000,405,99.75308641975309,-10.097529421838566,-10.052670963254164,0.0,-10.631429323506186,-9.42054306464704,-8.36604930184825,-12.542053842581504,10.062562066817268,0.00020246202258299059
ENGINEERING_SAMPLE,volatility_5s_bps,ofi_1s,MID,MID,3000,500,405,99.75308641975309,-10.097471282961319,-10.052670963254164,0.0,-10.631429323506186,-9.42054306464704,-8.365991131131015,-12.541995679213619,10.062503900337866,0.00014429554318224637
ENGINEERING_SAMPLE,volatility_5s_bps,ofi_1s,MID,MID,30000,100,405,99.75308641975309,-10.181208355874785,-10.289633361918858,0.0,-12.89594154646887,-7.314926992688734,-8.365846823894552,-12.541851390209086,10.055708658171001,-3.1292410683316716e-25
ENGINEERING_SAMPLE,volatility_5s_bps,ofi_1s,MID,MID,30000,1000,405,99.75308641975309,-10.181410732589503,-10.289633361918858,0.0,-12.89594154646887,-7.314926992688734,-8.36604930184825,-12.542053842581504,10.055911120193583,0.00020246202258299059
ENGINEERING_SAMPLE,volatility_5s_bps,ofi_1s,MID,MID,30000,500,405,99.75308641975309,-10.18135259095763,-10.289633361918858,0.0,-12.89594154646887,-7.314926992688734,-8.365991131131015,-12.541995679213619,10.055852953714183,0.00014429554318224637
ENGINEERING_SAMPLE,volatility_5s_bps,ofi_1s,MID,MID,500,100,405,99.75308641975309,-10.03663834221638,-10.05267373901862,0.0,-10.052737912902312,-10.052618002253178,-8.365846823894552,-12.541851390209086,10.049965577957893,-3.389633915027614e-25
ENGINEERING_SAMPLE,volatility_5s_bps,ofi_1s,MID,MID,500,1000,405,99.75308641975309,-10.036840709342918,-10.05267373901862,0.0,-10.052737912902312,-10.052618002253178,-8.36604930184825,-12.542053842581504,10.050168039980477,0.00020246202258299059
ENGINEERING_SAMPLE,volatility_5s_bps,ofi_1s,MID,MID,500,500,405,99.75308641975309,-10.03678257046567,-10.05267373901862,0.0,-10.052737912902312,-10.052618002253178,-8.365991131131015,-12.541995679213619,10.050109873501077,0.00014429554318224637
ENGINEERING_SAMPLE,volatility_5s_bps,ofi_1s,MID,MID,5000,100,405,99.75308641975309,-10.195022731792276,-10.05267151838365,0.0,-11.284441413688546,-9.419897956491686,-8.365846823894552,-12.541851390209086,10.056879155440585,-5.737234128145416e-25
ENGINEERING_SAMPLE,volatility_5s_bps,ofi_1s,MID,MID,5000,1000,405,99.75308641975309,-10.195225098918813,-10.05267151838365,0.0,-11.284441413688546,-9.419897956491686,-8.36604930184825,-12.542053842581504,10.057081617463167,0.00020246202258299059
ENGINEERING_SAMPLE,volatility_5s_bps,ofi_1s,MID,MID,5000,500,405,99.75308641975309,-10.195166960041567,-10.05267151838365,0.0,-11.284441413688546,-9.419897956491686,-8.365991131131015,-12.541995679213619,10.057023450983767,0.00014429554318224637
ENGINEERING_SAMPLE,volatility_5s_bps,ofi_1s,MID,MID,60000,100,405,97.28395061728395,-10.591908804350002,-10.580065316372883,0.0,-16.166554492323275,-6.308480496388415,-8.365846823894552,-12.541851390209086,10.045742568680147,-1.3360858791341957e-25
ENGINEERING_SAMPLE,volatility_5s_bps,ofi_1s,MID,MID,60000,1000,405,97.28395061728395,-10.592116317529564,-10.580065316372883,0.0,-16.166554492323275,-6.308480496388415,-8.36604930184825,-12.542053842581504,10.045950169332745,0.00020760065259778728
ENGINEERING_SAMPLE,volatility_5s_bps,ofi_1s,MID,MID,60000,500,405,97.28395061728395,-10.592056700221752,-10.580065316372883,0.0,-16.166554492323275,-6.308480496388415,-8.365991131131015,-12.541995679213619,10.04589052654676,0.00014795786661326788
