partition,feature_left,feature_right,left_bin,right_bin,horizon_ms,notional,samples,executable_percent,mean_net_return_bps,median_net_return_bps,positive_percent,p10_net_return_bps,p90_net_return_bps,mean_mfe_bps,mean_mae_bps,average_cost_bps,average_depth_slippage_bps
ENGINEERING_SAMPLE,imbalance_10,microprice_edge_bps,HIGH,HIGH,1000,100,2055,99.80535279805353,-10.126938276284834,-10.052736166309996,0.0,-10.526684284225267,-10.052672864919504,-8.23299780730094,-12.281934955153108,10.045209775861176,9.608224767988025e-06
ENGINEERING_SAMPLE,imbalance_10,microprice_edge_bps,HIGH,HIGH,1000,1000,2055,99.80535279805353,-10.127061015808065,-10.052736166309996,0.0,-10.526720330193895,-10.052672864919504,-8.233012278599256,-12.281949414706046,10.045332448095882,0.00013228045947578286
ENGINEERING_SAMPLE,imbalance_10,microprice_edge_bps,HIGH,HIGH,1000,500,2055,99.80535279805353,-10.126951413788662,-10.052736166309996,0.0,-10.526684284225267,-10.052672864919504,-8.233010670677222,-12.281947808089052,10.045222907350635,2.2739714226865134e-05
ENGINEERING_SAMPLE,imbalance_10,microprice_edge_bps,HIGH,HIGH,15000,100,2055,98.83211678832117,-10.262767034156957,-10.263512766080732,0.0,-12.054739336492892,-8.468891820580476,-8.23299780730094,-12.281934955153108,10.035948412561096,9.702840472251816e-06
ENGINEERING_SAMPLE,imbalance_10,microprice_edge_bps,HIGH,HIGH,15000,1000,2055,98.83211678832117,-10.262821971788126,-10.263512766080732,0.0,-12.054739336492892,-8.468891820580476,-8.233012278599256,-12.281949414706046,10.036003313468024,6.460374740076936e-05
ENGINEERING_SAMPLE,imbalance_10,microprice_edge_bps,HIGH,HIGH,15000,500,2055,98.83211678832117,-10.262808769464236,-10.263512766080732,0.0,-12.054739336492892,-8.468891820580476,-8.233010670677222,-12.281947808089052,10.035990120438306,5.141071768270831e-05
ENGINEERING_SAMPLE,imbalance_10,microprice_edge_bps,HIGH,HIGH,250,100,2055,99.90267639902676,-10.076581302641426,-10.052730885383452,0.0,-10.052824988516306,-10.052675083448284,-8.23299780730094,-12.281934955153108,10.049242536850594,5.241480686433158e-05
ENGINEERING_SAMPLE,imbalance_10,microprice_edge_bps,HIGH,HIGH,250,1000,2055,99.90267639902676,-10.077058152968002,-10.052730885383452,0.0,-10.052824988516306,-10.052675083448284,-8.233012278599256,-12.281949414706046,10.049719139794936,0.0005290177512061317
ENGINEERING_SAMPLE,imbalance_10,microprice_edge_bps,HIGH,HIGH,250,500,2055,99.90267639902676,-10.07677394398937,-10.052730885383452,0.0,-10.052824988516306,-10.052675083448284,-8.233010670677222,-12.281947808089052,10.049435077605908,0.0002449555621798212
ENGINEERING_SAMPLE,imbalance_10,microprice_edge_bps,HIGH,HIGH,3000,100,2055,99.36739659367396,-10.204194912394364,-10.052763978103345,0.0,-10.949566317787562,-10.0,-8.23299780730094,-12.281934955153108,10.042447606515458,6.647720776108135e-05
ENGINEERING_SAMPLE,imbalance_10,microprice_edge_bps,HIGH,HIGH,3000,1000,2055,99.36739659367396,-10.204492425419348,-10.052763978103345,0.0,-10.949566317787562,-10.0,-8.233012278599256,-12.281949414706046,10.042744941572888,0.0003638122651917972
ENGINEERING_SAMPLE,imbalance_10,microprice_edge_bps,HIGH,HIGH,3000,500,2055,99.36739659367396,-10.204402570839676,-10.052763978103345,0.0,-10.949566317787562,-10.0,-8.233010670677222,-12.281947808089052,10.042655141798429,0.0002740124907316322
ENGINEERING_SAMPLE,imbalance_10,microprice_edge_bps,HIGH,HIGH,30000,100,2055,98.78345498783455,-10.23634536685121,-10.421382919356027,0.0,-12.845892900411922,-7.5137897616920535,-8.23299780730094,-12.281934955153108,10.0417528846091,2.962791333930547e-05
ENGINEERING_SAMPLE,imbalance_10,microprice_edge_bps,HIGH,HIGH,30000,1000,2055,98.78345498783455,-10.23638883575474,-10.421382919356027,0.0,-12.845892900411922,-7.5137897616920535,-8.233012278599256,-12.281949414706046,10.041796335803944,7.307910818347126e-05
ENGINEERING_SAMPLE,imbalance_10,microprice_edge_bps,HIGH,HIGH,30000,500,2055,98.78345498783455,-10.236384005872278,-10.421382919356027,0.0,-12.845892900411922,-7.5137897616920535,-8.233010670677222,-12.281947808089052,10.041791507893405,6.825119764523062e-05
ENGINEERING_SAMPLE,imbalance_10,microprice_edge_bps,HIGH,HIGH,500,100,2055,99.85401459854015,-10.099112652461477,-10.052736166309996,0.0,-10.263665544012776,-10.052672864919504,-8.23299780730094,-12.281934955153108,10.05152731480641,8.115097532242658e-05
ENGINEERING_SAMPLE,imbalance_10,microprice_edge_bps,HIGH,HIGH,500,1000,2055,99.85401459854015,-10.09965975496758,-10.052736166309996,0.0,-10.263735881376066,-10.052672864919504,-8.233012278599256,-12.281949414706046,10.05207412325631,0.0006279594252221017
ENGINEERING_SAMPLE,imbalance_10,microprice_edge_bps,HIGH,HIGH,500,500,2055,99.85401459854015,-10.0994310775653,-10.052736166309996,0.0,-10.263730875887012,-10.052672864919504,-8.233010670677222,-12.281947808089052,10.051845569551201,0.00039940572011382976
ENGINEERING_SAMPLE,imbalance_10,microprice_edge_bps,HIGH,HIGH,5000,100,2055,99.02676399026764,-10.23228616876878,-10.052796833773087,0.0,-11.265163950675998,-9.282519522663941,-8.23299780730094,-12.281934955153108,10.037319899252964,5.076119235740935e-05
ENGINEERING_SAMPLE,imbalance_10,microprice_edge_bps,HIGH,HIGH,5000,1000,2055,99.02676399026764,-10.232385047385849,-10.052796833773087,0.0,-11.265163950675998,-9.282519522663941,-8.233012278599256,-12.281949414706046,10.03741872022412,0.00014958216351486074
ENGINEERING_SAMPLE,imbalance_10,microprice_edge_bps,HIGH,HIGH,5000,500,2055,99.02676399026764,-10.232353040964853,-10.052796833773087,0.0,-11.265163950675998,-9.282519522663941,-8.233010670677222,-12.281947808089052,10.037386733011584,0.00011759495097830565
ENGINEERING_SAMPLE,imbalance_10,microprice_edge_bps,HIGH,HIGH,60000,100,2055,98.78345498783455,-10.42996616588299,-10.422336782452234,0.0,-14.278914438079147,-5.667630031744627,-8.23299780730094,-12.281934955153108,10.03829669035642,3.0294969098217613e-05
ENGINEERING_SAMPLE,imbalance_10,microprice_edge_bps,HIGH,HIGH,60000,1000,2055,98.78345498783455,-10.430173135592199,-10.422336782452234,0.0,-14.278914438079147,-5.667630031744627,-8.233012278599256,-12.281949414706046,10.038503619848683,0.00023722446136016084
ENGINEERING_SAMPLE,imbalance_10,microprice_edge_bps,HIGH,HIGH,60000,500,2055,98.78345498783455,-10.429996431893393,-10.422336782452234,0.0,-14.278914438079147,-5.667630031744627,-8.233010670677222,-12.281947808089052,10.038326943537268,6.054814994482262e-05
ENGINEERING_SAMPLE,imbalance_10,microprice_edge_bps,HIGH,LOW,1000,100,19,100.0,-10.000006780691177,-10.052738668170724,0.0,-10.05279549648138,-9.947203723443552,-9.281007193449378,-13.013246187870925,10.05828467918355,3.329154785769309e-24
ENGINEERING_SAMPLE,imbalance_10,microprice_edge_bps,HIGH,LOW,1000,1000,19,100.0,-10.000006780691177,-10.052738668170724,0.0,-10.05279549648138,-9.947203723443552,-9.281007193449378,-13.013246187870925,10.05828467918355,3.329154785769309e-24
ENGINEERING_SAMPLE,imbalance_10,microprice_edge_bps,HIGH,LOW,1000,500,19,100.0,-10.000006780691177,-10.052738668170724,0.0,-10.05279549648138,-9.947203723443552,-9.281007193449378,-13.013246187870925,10.05828467918355,0.0
ENGINEERING_SAMPLE,imbalance_10,microprice_edge_bps,HIGH,LOW,15000,100,19,100.0,-10.460859688636878,-10.421909345365798,0.0,-10.633541945901449,-10.03167821170718,-9.281007193449378,-13.013246187870925,10.058283465029277,-5.557988192368371e-25
ENGINEERING_SAMPLE,imbalance_10,microprice_edge_bps,HIGH,LOW,15000,1000,19,100.0,-10.460859688636878,-10.421909345365798,0.0,-10.633541945901449,-10.03167821170718,-9.281007193449378,-13.013246187870925,10.058283465029277,-5.557988192368371e-25
ENGINEERING_SAMPLE,imbalance_10,microprice_edge_bps,HIGH,LOW,15000,500,19,100.0,-10.460859688636878,-10.421909345365798,0.0,-10.633541945901449,-10.03167821170718,-9.281007193449378,-13.013246187870925,10.058283465029277,0.0
ENGINEERING_SAMPLE,imbalance_10,microprice_edge_bps,HIGH,LOW,250,100,19,100.0,-10.047198771967546,-10.052738668170724,0.0,-10.052795385038053,-10.05273583280651,-9.281007193449378,-13.013246187870925,10.05272978544241,3.329179642625419e-24
ENGINEERING_SAMPLE,imbalance_10,microprice_edge_bps,HIGH,LOW,250,1000,19,100.0,-10.047198771967546,-10.052738668170724,0.0,-10.052795385038053,-10.05273583280651,-9.281007193449378,-13.013246187870925,10.05272978544241,3.329179642625419e-24
ENGINEERING_SAMPLE,imbalance_10,microprice_edge_bps,HIGH,LOW,250,500,19,100.0,-10.047198771967546,-10.052738668170724,0.0,-10.052795385038053,-10.05273583280651,-9.281007193449378,-13.013246187870925,10.05272978544241,0.0
ENGINEERING_SAMPLE,imbalance_10,microprice_edge_bps,HIGH,LOW,3000,100,19,100.0,-10.113806900889058,-10.052738668170724,0.0,-10.421909345365798,-9.947203723443552,-9.281007193449378,-13.013246187870925,10.058284379428239,1.664649038053935e-24
ENGINEERING_SAMPLE,imbalance_10,microprice_edge_bps,HIGH,LOW,3000,1000,19,100.0,-10.113806900889058,-10.052738668170724,0.0,-10.421909345365798,-9.947203723443552,-9.281007193449378,-13.013246187870925,10.058284379428239,1.664649038053935e-24
ENGINEERING_SAMPLE,imbalance_10,microprice_edge_bps,HIGH,LOW,3000,500,19,100.0,-10.113806900889058,-10.052738668170724,0.0,-10.421909345365798,-9.947203723443552,-9.281007193449378,-13.013246187870925,10.058284379428239,0.0
ENGINEERING_SAMPLE,imbalance_10,microprice_edge_bps,HIGH,LOW,30000,100,19,100.0,-10.163794829574064,-10.421909345365798,0.0,-11.742240351228984,-8.40708848538797,-9.281007193449378,-13.013246187870925,10.108220195080733,8.322579866597366e-25
ENGINEERING_SAMPLE,imbalance_10,microprice_edge_bps,HIGH,LOW,30000,1000,19,100.0,-10.163794829574064,-10.421909345365798,0.0,-11.742240351228984,-8.40708848538797,-9.281007193449378,-13.013246187870925,10.108220195080733,8.322579866597366e-25
ENGINEERING_SAMPLE,imbalance_10,microprice_edge_bps,HIGH,LOW,30000,500,19,100.0,-10.163794829574064,-10.421909345365798,0.0,-11.742240351228984,-8.40708848538797,-9.281007193449378,-13.013246187870925,10.108220195080733,0.0
ENGINEERING_SAMPLE,imbalance_10,microprice_edge_bps,HIGH,LOW,500,100,19,100.0,-10.000006780691177,-10.052738668170724,0.0,-10.05279549648138,-9.947203723443552,-9.281007193449378,-13.013246187870925,10.055503883748141,3.329154785769309e-24
ENGINEERING_SAMPLE,imbalance_10,microprice_edge_bps,HIGH,LOW,500,1000,19,100.0,-10.000006780691177,-10.052738668170724,0.0,-10.05279549648138,-9.947203723443552,-9.281007193449378,-13.013246187870925,10.055503883748141,3.329154785769309e-24
ENGINEERING_SAMPLE,imbalance_10,microprice_edge_bps,HIGH,LOW,500,500,19,100.0,-10.000006780691177,-10.052738668170724,0.0,-10.05279549648138,-9.947203723443552,-9.281007193449378,-13.013246187870925,10.055503883748141,0.0
ENGINEERING_SAMPLE,imbalance_10,microprice_edge_bps,HIGH,LOW,5000,100,19,100.0,-10.255367916171286,-10.421909345365798,0.0,-10.421909345365798,-9.947203723443552,-9.281007193449378,-13.013246187870925,10.058284006533546,-2.773754677763904e-25
ENGINEERING_SAMPLE,imbalance_10,microprice_edge_bps,HIGH,LOW,5000,1000,19,100.0,-10.255367916171286,-10.421909345365798,0.0,-10.421909345365798,-9.947203723443552,-9.281007193449378,-13.013246187870925,10.058284006533546,-2.773754677763904e-25
ENGINEERING_SAMPLE,imbalance_10,microprice_edge_bps,HIGH,LOW,5000,500,19,100.0,-10.255367916171286,-10.421909345365798,0.0,-10.421909345365798,-9.947203723443552,-9.281007193449378,-13.013246187870925,10.058284006533546,0.0
ENGINEERING_SAMPLE,imbalance_10,microprice_edge_bps,HIGH,LOW,60000,100,19,100.0,-12.50771495631798,-12.373240067682609,0.0,-15.1740351025319,-11.951330722316811,-9.281007193449378,-13.013246187870925,10.058278072141167,1.9781821969223676e-28
ENGINEERING_SAMPLE,imbalance_10,microprice_edge_bps,HIGH,LOW,60000,1000,19,100.0,-12.50771495631798,-12.373240067682609,0.0,-15.1740351025319,-11.951330722316811,-9.281007193449378,-13.013246187870925,10.058278072141167,1.9781821969223676e-28
ENGINEERING_SAMPLE,imbalance_10,microprice_edge_bps,HIGH,LOW,60000,500,19,100.0,-12.50771495631798,-12.373240067682609,0.0,-15.1740351025319,-11.951330722316811,-9.281007193449378,-13.013246187870925,10.058278072141167,0.0
ENGINEERING_SAMPLE,imbalance_10,microprice_edge_bps,HIGH,MID,1000,100,323,100.0,-10.062779808240888,-10.052736166309996,0.0,-10.094938590420993,-10.052672587616545,-8.344440663666655,-11.986098530184067,10.0434261565548,-1.0773956418309366e-24
ENGINEERING_SAMPLE,imbalance_10,microprice_edge_bps,HIGH,MID,1000,1000,323,100.0,-10.062779808240888,-10.052736166309996,0.0,-10.094938590420993,-10.052672587616545,-8.344440663666655,-11.986098530184067,10.0434261565548,-1.0773956418309366e-24
ENGINEERING_SAMPLE,imbalance_10,microprice_edge_bps,HIGH,MID,1000,500,323,100.0,-10.062779808240888,-10.052736166309996,0.0,-10.094938590420993,-10.052672587616545,-8.344440663666655,-11.986098530184067,10.0434261565548,0.0
ENGINEERING_SAMPLE,imbalance_10,microprice_edge_bps,HIGH,MID,15000,100,323,100.0,-10.160054216698935,-10.052786248667813,0.0,-12.056547885713082,-8.397154903811304,-8.344440663666655,-11.986098530184067,10.044844483047738,0.00012317160789977624
ENGINEERING_SAMPLE,imbalance_10,microprice_edge_bps,HIGH,MID,15000,1000,323,100.0,-10.160204631123346,-10.052786248667813,0.0,-12.056547885713082,-8.397154903811304,-8.344440663666655,-11.986098530184067,10.044994916353597,0.00027360491375834963
ENGINEERING_SAMPLE,imbalance_10,microprice_edge_bps,HIGH,MID,15000,500,323,100.0,-10.16015135358342,-10.052786248667813,0.0,-12.056547885713082,-8.397154903811304,-8.344440663666655,-11.986098530184067,10.044941632125768,0.00022032068592979157
ENGINEERING_SAMPLE,imbalance_10,microprice_edge_bps,HIGH,MID,250,100,323,100.0,-10.061426606906565,-10.052736166309996,0.0,-10.052826104173816,-10.052720326702675,-8.344440663666655,-11.986098530184067,10.049951531576534,-1.1098935990197446e-24
ENGINEERING_SAMPLE,imbalance_10,microprice_edge_bps,HIGH,MID,250,1000,323,100.0,-10.061426606906565,-10.052736166309996,0.0,-10.052826104173816,-10.052720326702675,-8.344440663666655,-11.986098530184067,10.049951531576534,-1.1098935990197446e-24
ENGINEERING_SAMPLE,imbalance_10,microprice_edge_bps,HIGH,MID,250,500,323,100.0,-10.061426606906565,-10.052736166309996,0.0,-10.052826104173816,-10.052720326702675,-8.344440663666655,-11.986098530184067,10.049951531576534,0.0
ENGINEERING_SAMPLE,imbalance_10,microprice_edge_bps,HIGH,MID,3000,100,323,100.0,-10.097804560655671,-10.052750624782512,0.0,-10.706834821837894,-9.314635752865236,-8.344440663666655,-11.986098530184067,10.048964013060111,-9.634489897193751e-25
ENGINEERING_SAMPLE,imbalance_10,microprice_edge_bps,HIGH,MID,3000,1000,323,100.0,-10.097804560655671,-10.052750624782512,0.0,-10.706834821837894,-9.314635752865236,-8.344440663666655,-11.986098530184067,10.048964013060111,-9.634489897193751e-25
ENGINEERING_SAMPLE,imbalance_10,microprice_edge_bps,HIGH,MID,3000,500,323,100.0,-10.097804560655671,-10.052750624782512,0.0,-10.706834821837894,-9.314635752865236,-8.344440663666655,-11.986098530184067,10.048964013060111,0.0
ENGINEERING_SAMPLE,imbalance_10,microprice_edge_bps,HIGH,MID,30000,100,323,99.69040247678019,-10.215888045565114,-10.26361135702542,0.0,-12.870395490333493,-8.365308090843449,-8.344440663666655,-11.986098530184067,10.039626135404037,-2.4525330179471168e-25
ENGINEERING_SAMPLE,imbalance_10,microprice_edge_bps,HIGH,MID,30000,1000,323,99.69040247678019,-10.215888045565114,-10.26361135702542,0.0,-12.870395490333493,-8.365308090843449,-8.344440663666655,-11.986098530184067,10.039626135404037,-2.4525330179471168e-25
ENGINEERING_SAMPLE,imbalance_10,microprice_edge_bps,HIGH,MID,30000,500,323,99.69040247678019,-10.215888045565114,-10.26361135702542,0.0,-12.870395490333493,-8.365308090843449,-8.344440663666655,-11.986098530184067,10.039626135404037,0.0
ENGINEERING_SAMPLE,imbalance_10,microprice_edge_bps,HIGH,MID,500,100,323,100.0,-10.065812135358799,-10.052736722258533,0.0,-10.052831125215839,-10.052720326702675,-8.344440663666655,-11.986098530184067,10.046980630256776,0.0001294231129451165
ENGINEERING_SAMPLE,imbalance_10,microprice_edge_bps,HIGH,MID,500,1000,323,100.0,-10.066200985518654,-10.052736722258533,0.0,-10.052831125215839,-10.052720326702675,-8.344440663666655,-11.986098530184067,10.04736920913265,0.0005180019888189764
ENGINEERING_SAMPLE,imbalance_10,microprice_edge_bps,HIGH,MID,500,500,323,100.0,-10.066065003890232,-10.052736722258533,0.0,-10.052831125215839,-10.052720326702675,-8.344440663666655,-11.986098530184067,10.047233322372744,0.00038211522891284184
ENGINEERING_SAMPLE,imbalance_10,microprice_edge_bps,HIGH,MID,5000,100,323,100.0,-10.072585990809486,-10.052740892246218,0.0,-11.00180234304596,-9.230082871918514,-8.344440663666655,-11.986098530184067,10.02849328333409,0.00010462990973572033
ENGINEERING_SAMPLE,imbalance_10,microprice_edge_bps,HIGH,MID,5000,1000,323,100.0,-10.073236460274162,-10.052740892246218,0.0,-11.00180234304596,-9.230082871918514,-8.344440663666655,-11.986098530184067,10.029143341321435,0.0007546878970800631
ENGINEERING_SAMPLE,imbalance_10,microprice_edge_bps,HIGH,MID,5000,500,323,100.0,-10.072918042132356,-10.052740892246218,0.0,-11.00180234304596,-9.230082871918514,-8.344440663666655,-11.986098530184067,10.028825127539271,0.00043647411491603465
ENGINEERING_SAMPLE,imbalance_10,microprice_edge_bps,HIGH,MID,60000,100,323,99.69040247678019,-10.150289816604579,-9.683678039783954,0.0,-14.332152267698824,-6.939689270006012,-8.344440663666655,-11.986098530184067,10.043710353220911,-8.349448200992687e-25
ENGINEERING_SAMPLE,imbalance_10,microprice_edge_bps,HIGH,MID,60000,1000,323,99.69040247678019,-10.150289816604579,-9.683678039783954,0.0,-14.332152267698824,-6.939689270006012,-8.344440663666655,-11.986098530184067,10.043710353220911,-8.349448200992687e-25
ENGINEERING_SAMPLE,imbalance_10,microprice_edge_bps,HIGH,MID,60000,500,323,99.69040247678019,-10.150289816604579,-9.683678039783954,0.0,-14.332152267698824,-6.939689270006012,-8.344440663666655,-11.986098530184067,10.043710353220911,0.0
ENGINEERING_SAMPLE,imbalance_10,microprice_edge_bps,LOW,HIGH,1000,100,134,100.0,-10.070865691437252,-10.0527556314857,0.0,-10.052757022405256,-10.0527556314857,-9.433383282081115,-12.797342175126401,10.0515440301883,-2.7543210724259648e-24
ENGINEERING_SAMPLE,imbalance_10,microprice_edge_bps,LOW,HIGH,1000,1000,134,100.0,-10.070865691437252,-10.0527556314857,0.0,-10.052757022405256,-10.0527556314857,-9.433383282081115,-12.797342175126401,10.0515440301883,-2.7543210724259648e-24
ENGINEERING_SAMPLE,imbalance_10,microprice_edge_bps,LOW,HIGH,1000,500,134,100.0,-10.070865691437252,-10.0527556314857,0.0,-10.052757022405256,-10.0527556314857,-9.433383282081115,-12.797342175126401,10.0515440301883,0.0
ENGINEERING_SAMPLE,imbalance_10,microprice_edge_bps,LOW,HIGH,15000,100,134,100.0,-10.36335764765342,-10.316542134431538,0.0,-11.002356998228297,-9.314176790685902,-9.433383282081115,-12.797342175126401,10.061378758989074,-3.974240547538587e-24
ENGINEERING_SAMPLE,imbalance_10,microprice_edge_bps,LOW,HIGH,15000,1000,134,100.0,-10.36335764765342,-10.316542134431538,0.0,-11.002356998228297,-9.314176790685902,-9.433383282081115,-12.797342175126401,10.061378758989074,-3.974240547538587e-24
ENGINEERING_SAMPLE,imbalance_10,microprice_edge_bps,LOW,HIGH,15000,500,134,100.0,-10.36335764765342,-10.316542134431538,0.0,-11.002356998228297,-9.314176790685902,-9.433383282081115,-12.797342175126401,10.061378758989074,0.0
ENGINEERING_SAMPLE,imbalance_10,microprice_edge_bps,LOW,HIGH,250,100,134,100.0,-10.064562233475739,-10.0527556314857,0.0,-10.052757022405256,-10.0527556314857,-9.433383282081115,-12.797342175126401,10.057445563415554,-2.7544145813577658e-24
ENGINEERING_SAMPLE,imbalance_10,microprice_edge_bps,LOW,HIGH,250,1000,134,100.0,-10.064562233475739,-10.0527556314857,0.0,-10.052757022405256,-10.0527556314857,-9.433383282081115,-12.797342175126401,10.057445563415554,-2.7544145813577658e-24
ENGINEERING_SAMPLE,imbalance_10,microprice_edge_bps,LOW,HIGH,250,500,134,100.0,-10.064562233475739,-10.0527556314857,0.0,-10.052757022405256,-10.0527556314857,-9.433383282081115,-12.797342175126401,10.057445563415554,0.0
ENGINEERING_SAMPLE,imbalance_10,microprice_edge_bps,LOW,HIGH,3000,100,134,100.0,-10.047236596333768,-10.052756326945477,0.0,-10.316542134431538,-10.0527556314857,-9.433383282081115,-12.797342175126401,10.054691087890978,-2.8721793286227065e-24
ENGINEERING_SAMPLE,imbalance_10,microprice_edge_bps,LOW,HIGH,3000,1000,134,100.0,-10.047236596333768,-10.052756326945477,0.0,-10.316542134431538,-10.0527556314857,-9.433383282081115,-12.797342175126401,10.054691087890978,-2.8721793286227065e-24
ENGINEERING_SAMPLE,imbalance_10,microprice_edge_bps,LOW,HIGH,3000,500,134,100.0,-10.047236596333768,-10.052756326945477,0.0,-10.316542134431538,-10.0527556314857,-9.433383282081115,-12.797342175126401,10.054691087890978,0.0
ENGINEERING_SAMPLE,imbalance_10,microprice_edge_bps,LOW,HIGH,30000,100,134,81.34328358208955,-10.97817216455907,-11.002356998228297,0.0,-12.74329283725639,-9.57794382075795,-9.433383282081115,-12.797342175126401,10.073519272845532,-2.03149780071328e-24
ENGINEERING_SAMPLE,imbalance_10,microprice_edge_bps,LOW,HIGH,30000,1000,134,81.34328358208955,-10.97817216455907,-11.002356998228297,0.0,-12.74329283725639,-9.57794382075795,-9.433383282081115,-12.797342175126401,10.073519272845532,-2.03149780071328e-24
ENGINEERING_SAMPLE,imbalance_10,microprice_edge_bps,LOW,HIGH,30000,500,134,81.34328358208955,-10.97817216455907,-11.002356998228297,0.0,-12.74329283725639,-9.57794382075795,-9.433383282081115,-12.797342175126401,10.073519272845532,0.0
ENGINEERING_SAMPLE,imbalance_10,microprice_edge_bps,LOW,HIGH,500,100,134,100.0,-10.077947436076272,-10.0527556314857,0.0,-10.052757022405256,-10.0527556314857,-9.433383282081115,-12.797342175126401,10.066103743896168,-2.793667433365636e-24
ENGINEERING_SAMPLE,imbalance_10,microprice_edge_bps,LOW,HIGH,500,1000,134,100.0,-10.077947436076272,-10.0527556314857,0.0,-10.052757022405256,-10.0527556314857,-9.433383282081115,-12.797342175126401,10.066103743896168,-2.793667433365636e-24
ENGINEERING_SAMPLE,imbalance_10,microprice_edge_bps,LOW,HIGH,500,500,134,100.0,-10.077947436076272,-10.0527556314857,0.0,-10.052757022405256,-10.0527556314857,-9.433383282081115,-12.797342175126401,10.066103743896168,0.0
ENGINEERING_SAMPLE,imbalance_10,microprice_edge_bps,LOW,HIGH,5000,100,134,100.0,-10.020064313947033,-10.052757022405256,0.0,-10.316542134431538,-9.314176790685902,-9.433383282081115,-12.797342175126401,10.051542154887326,-2.440031148206674e-24
ENGINEERING_SAMPLE,imbalance_10,microprice_edge_bps,LOW,HIGH,5000,1000,134,100.0,-10.020064313947033,-10.052757022405256,0.0,-10.316542134431538,-9.314176790685902,-9.433383282081115,-12.797342175126401,10.051542154887326,-2.440031148206674e-24
ENGINEERING_SAMPLE,imbalance_10,microprice_edge_bps,LOW,HIGH,5000,500,134,100.0,-10.020064313947033,-10.052757022405256,0.0,-10.316542134431538,-9.314176790685902,-9.433383282081115,-12.797342175126401,10.051542154887326,0.0
ENGINEERING_SAMPLE,imbalance_10,microprice_edge_bps,LOW,HIGH,60000,100,134,5.970149253731344,-10.732101680027725,-10.421367390880903,0.0,-11.988612112342329,-9.868306967768655,-9.433383282081115,-12.797342175126401,10.092262651438451,-2.632126152542239e-24
ENGINEERING_SAMPLE,imbalance_10,microprice_edge_bps,LOW,HIGH,60000,1000,134,5.970149253731344,-10.732101680027725,-10.421367390880903,0.0,-11.988612112342329,-9.868306967768655,-9.433383282081115,-12.797342175126401,10.092262651438451,-2.632126152542239e-24
ENGINEERING_SAMPLE,imbalance_10,microprice_edge_bps,LOW,HIGH,60000,500,134,5.970149253731344,-10.732101680027725,-10.421367390880903,0.0,-11.988612112342329,-9.868306967768655,-9.433383282081115,-12.797342175126401,10.092262651438451,0.0
ENGINEERING_SAMPLE,imbalance_10,microprice_edge_bps,LOW,LOW,1000,100,1799,100.0,-9.982034897001896,-10.052722271405084,0.0,-10.052806029546042,-9.630652153276587,-6.773462936719446,-11.762118831371243,10.061248207211106,5.04326922122727e-05
ENGINEERING_SAMPLE,imbalance_10,microprice_edge_bps,LOW,LOW,1000,1000,1799,100.0,-9.982347674533536,-10.052723938407057,0.0,-10.052806364006619,-9.630652153276587,-6.773775648122527,-11.762431382109266,10.061560828177532,0.0003630536586375028
ENGINEERING_SAMPLE,imbalance_10,microprice_edge_bps,LOW,LOW,1000,500,1799,100.0,-9.982253768267878,-10.052723938407057,0.0,-10.052806364006619,-9.630652153276587,-6.773681758037551,-11.762337542208165,10.06146696766496,0.0002691931460664406
ENGINEERING_SAMPLE,imbalance_10,microprice_edge_bps,LOW,LOW,15000,100,1799,99.55530850472485,-9.58326324188586,-9.630944100164411,0.0,-12.109290999936754,-6.571209389136693,-6.773462936719446,-11.762118831371243,10.065469529941593,8.254857444724125e-05
ENGINEERING_SAMPLE,imbalance_10,microprice_edge_bps,LOW,LOW,15000,1000,1799,99.55530850472485,-9.58365019765576,-9.630944100164411,0.0,-12.109290999936754,-6.571209389136693,-6.773775648122527,-11.762431382109266,10.06585626114668,0.000469279779535379
ENGINEERING_SAMPLE,imbalance_10,microprice_edge_bps,LOW,LOW,15000,500,1799,99.55530850472485,-9.583528250738512,-9.630944100164411,0.0,-12.109290999936754,-6.571209389136693,-6.773681758037551,-11.762337542208165,10.06573437837322,0.0003473970060748247
ENGINEERING_SAMPLE,imbalance_10,microprice_edge_bps,LOW,LOW,250,100,1799,100.0,-10.032536499534125,-10.05273227499842,0.0,-10.052805193434317,-10.05267203301939,-6.773462936719446,-11.762118831371243,10.058259247627308,5.04326922122727e-05
ENGINEERING_SAMPLE,imbalance_10,microprice_edge_bps,LOW,LOW,250,1000,1799,100.0,-10.032849278691698,-10.05273227499842,0.0,-10.052805193434317,-10.05267203301939,-6.773775648122527,-11.762431382109266,10.058571868593733,0.0003630536586375028
ENGINEERING_SAMPLE,imbalance_10,microprice_edge_bps,LOW,LOW,250,500,1799,100.0,-10.032755370800105,-10.05273227499842,0.0,-10.052805193434317,-10.05267203301939,-6.773681758037551,-11.762337542208165,10.058478008081162,0.0002691931460664406
ENGINEERING_SAMPLE,imbalance_10,microprice_edge_bps,LOW,LOW,3000,100,1799,100.0,-9.89278894425641,-10.052713382507903,0.0,-10.05283252011913,-9.102858130805632,-6.773462936719446,-11.762118831371243,10.065587494272553,8.181816533711247e-05
ENGINEERING_SAMPLE,imbalance_10,microprice_edge_bps,LOW,LOW,3000,1000,1799,100.0,-9.893168626753981,-10.052713382507903,0.0,-10.05283252011913,-9.102870434837648,-6.773775648122527,-11.762431382109266,10.065967004748414,0.0004613286411980149
ENGINEERING_SAMPLE,imbalance_10,microprice_edge_bps,LOW,LOW,3000,500,1799,100.0,-9.893041267677567,-10.052713382507903,0.0,-10.05283252011913,-9.102870434837648,-6.773681758037551,-11.762337542208165,10.065839704242888,0.0003340281356732051
ENGINEERING_SAMPLE,imbalance_10,microprice_edge_bps,LOW,LOW,30000,100,1799,99.16620344635909,-9.458969518629461,-9.31379324898967,0.0,-13.112697148823303,-5.624789251844047,-6.773462936719446,-11.762118831371243,10.066759721639036,6.810889111189165e-05
ENGINEERING_SAMPLE,imbalance_10,microprice_edge_bps,LOW,LOW,30000,1000,1799,99.16620344635909,-9.459471868901206,-9.31379324898967,0.0,-13.112697148823303,-5.624789251844047,-6.773775648122527,-11.762431382109266,10.06726188770975,0.0005702749618255523
ENGINEERING_SAMPLE,imbalance_10,microprice_edge_bps,LOW,LOW,30000,500,1799,99.16620344635909,-9.459315034028181,-9.31379324898967,0.0,-13.112697148823303,-5.624789251844047,-6.773681758037551,-11.762337542208165,10.067105104487972,0.0004134917400474293
ENGINEERING_SAMPLE,imbalance_10,microprice_edge_bps,LOW,LOW,500,100,1799,100.0,-10.006972360709932,-10.05272671697795,0.0,-10.052805193434317,-10.052668982943777,-6.773462936719446,-11.762118831371243,10.052030451525034,5.04326922122727e-05
ENGINEERING_SAMPLE,imbalance_10,microprice_edge_bps,LOW,LOW,500,1000,1799,100.0,-10.007307139130003,-10.05272671697795,0.0,-10.052805360656661,-10.052668982943777,-6.773775648122527,-11.762431382109266,10.052365062636763,0.0003850438039410682
ENGINEERING_SAMPLE,imbalance_10,microprice_edge_bps,LOW,LOW,500,500,1799,100.0,-10.007191231975913,-10.05272671697795,0.0,-10.052805360656661,-10.052668982943777,-6.773681758037551,-11.762337542208165,10.052249211978888,0.0002691931460664406
ENGINEERING_SAMPLE,imbalance_10,microprice_edge_bps,LOW,LOW,5000,100,1799,100.0,-9.839273290373143,-10.052706440142236,0.0,-10.737792994469318,-8.734945471787578,-6.773462936719446,-11.762118831371243,10.064566938273963,8.966509682358558e-05
ENGINEERING_SAMPLE,imbalance_10,microprice_edge_bps,LOW,LOW,5000,1000,1799,100.0,-9.839798600787784,-10.052706440142236,0.0,-10.737792994469318,-8.734945471787578,-6.773775648122527,-11.762431382109266,10.065091961628598,0.000614688451458801
ENGINEERING_SAMPLE,imbalance_10,microprice_edge_bps,LOW,LOW,5000,500,1799,100.0,-9.839633513829607,-10.052706440142236,0.0,-10.737792994469318,-8.734945471787578,-6.773681758037551,-11.762337542208165,10.064926963035987,0.0004496898588478251
ENGINEERING_SAMPLE,imbalance_10,microprice_edge_bps,LOW,LOW,60000,100,1799,99.1106170094497,-8.952748619627389,-8.787502766273592,2.131239484015704,-14.694954128440367,-3.4792298197840914,-6.773462936719446,-11.762118831371243,10.066213045596477,7.319726029157193e-05
ENGINEERING_SAMPLE,imbalance_10,microprice_edge_bps,LOW,LOW,60000,1000,1799,99.1106170094497,-8.953091382134097,-8.787502766273592,2.131239484015704,-14.694954128440367,-3.4792298197840914,-6.773775648122527,-11.762431382109266,10.06655572332448,0.0004158749882958924
ENGINEERING_SAMPLE,imbalance_10,microprice_edge_bps,LOW,LOW,60000,500,1799,99.1106170094497,-8.952986997425912,-8.787502766273592,2.131239484015704,-14.694954128440367,-3.4792298197840914,-6.773681758037551,-11.762337542208165,10.066451366239454,0.0003115179032677357
ENGINEERING_SAMPLE,imbalance_10,microprice_edge_bps,LOW,MID,1000,100,465,100.0,-9.97276129372425,-10.052706440142236,0.0,-10.05278123615185,-10.021064931783728,-7.704243993380925,-11.673333222162832,10.04465420716692,-1.2442027202313684e-25
ENGINEERING_SAMPLE,imbalance_10,microprice_edge_bps,LOW,MID,1000,1000,465,100.0,-9.97276129372425,-10.052706440142236,0.0,-10.05278123615185,-10.021064931783728,-7.704243993380925,-11.673374222014857,10.04465420716692,-1.2442027202313684e-25
ENGINEERING_SAMPLE,imbalance_10,microprice_edge_bps,LOW,MID,1000,500,465,100.0,-9.97276129372425,-10.052706440142236,0.0,-10.05278123615185,-10.021064931783728,-7.704243993380925,-11.673333222162832,10.04465420716692,0.0
ENGINEERING_SAMPLE,imbalance_10,microprice_edge_bps,LOW,MID,15000,100,465,95.91397849462365,-9.91974136068409,-10.052680630587938,0.0,-11.47621104889705,-8.366702651465284,-7.704243993380925,-11.673333222162832,10.058839534735892,-2.128048754371665e-25
ENGINEERING_SAMPLE,imbalance_10,microprice_edge_bps,LOW,MID,15000,1000,465,95.91397849462365,-9.91974136068409,-10.052680630587938,0.0,-11.47621104889705,-8.366702651465284,-7.704243993380925,-11.673374222014857,10.058839534735892,-2.128048754371665e-25
ENGINEERING_SAMPLE,imbalance_10,microprice_edge_bps,LOW,MID,15000,500,465,95.91397849462365,-9.91974136068409,-10.052680630587938,0.0,-11.47621104889705,-8.366702651465284,-7.704243993380925,-11.673333222162832,10.058839534735892,0.0
ENGINEERING_SAMPLE,imbalance_10,microprice_edge_bps,LOW,MID,250,100,465,100.0,-10.036163043297694,-10.052726439107682,0.0,-10.052783575276601,-10.052668428422527,-7.704243993380925,-11.673333222162832,10.04385225239202,-2.7180329194605484e-25
ENGINEERING_SAMPLE,imbalance_10,microprice_edge_bps,LOW,MID,250,1000,465,100.0,-10.036163043297694,-10.052726439107682,0.0,-10.052783575276601,-10.052668428422527,-7.704243993380925,-11.673374222014857,10.04385225239202,-2.7180329194605484e-25
ENGINEERING_SAMPLE,imbalance_10,microprice_edge_bps,LOW,MID,250,500,465,100.0,-10.036163043297694,-10.052726439107682,0.0,-10.052783575276601,-10.052668428422527,-7.704243993380925,-11.673333222162832,10.04385225239202,0.0
ENGINEERING_SAMPLE,imbalance_10,microprice_edge_bps,LOW,MID,3000,100,465,100.0,-9.852735653811653,-10.052691173372656,0.0,-10.10533519395556,-8.893018967334037,-7.704243993380925,-11.673333222162832,10.050768494668194,-6.780545523370508e-26
ENGINEERING_SAMPLE,imbalance_10,microprice_edge_bps,LOW,MID,3000,1000,465,100.0,-9.853476894287292,-10.052691173372656,0.0,-10.10533519395556,-8.893018967334037,-7.704243993380925,-11.673374222014857,10.051509503374277,0.0007410087060823524
ENGINEERING_SAMPLE,imbalance_10,microprice_edge_bps,LOW,MID,3000,500,465,100.0,-9.852750824691816,-10.052691173372656,0.0,-10.10533519395556,-8.893018967334037,-7.704243993380925,-11.673333222162832,10.050783660804758,1.5166136562254963e-05
ENGINEERING_SAMPLE,imbalance_10,microprice_edge_bps,LOW,MID,30000,100,465,93.33333333333333,-9.822150425137293,-9.683469549169523,0.0,-12.09637002638564,-7.835809477582805,-7.704243993380925,-11.673333222162832,10.04941540362145,-2.914807053494837e-25
ENGINEERING_SAMPLE,imbalance_10,microprice_edge_bps,LOW,MID,30000,1000,465,93.33333333333333,-9.822944180999995,-9.683469549169523,0.0,-12.09637002638564,-7.835809477582805,-7.704243993380925,-11.673374222014857,10.050209086972066,0.0007936833506137965
ENGINEERING_SAMPLE,imbalance_10,microprice_edge_bps,LOW,MID,30000,500,465,93.33333333333333,-9.82216657206156,-9.683469549169523,0.0,-12.09637002638564,-7.835809477582805,-7.704243993380925,-11.673333222162832,10.049431549070645,1.6145449194108114e-05
ENGINEERING_SAMPLE,imbalance_10,microprice_edge_bps,LOW,MID,500,100,465,100.0,-10.003955593979025,-10.052707273129563,0.0,-10.05278123615185,-10.052668428422527,-7.704243993380925,-11.673333222162832,10.02820937530773,-1.8113869991123425e-25
ENGINEERING_SAMPLE,imbalance_10,microprice_edge_bps,LOW,MID,500,1000,465,100.0,-10.003955593979025,-10.052707273129563,0.0,-10.05278123615185,-10.052668428422527,-7.704243993380925,-11.673374222014857,10.02820937530773,-1.8113869991123425e-25
ENGINEERING_SAMPLE,imbalance_10,microprice_edge_bps,LOW,MID,500,500,465,100.0,-10.003955593979025,-10.052707273129563,0.0,-10.05278123615185,-10.052668428422527,-7.704243993380925,-11.673333222162832,10.02820937530773,0.0
ENGINEERING_SAMPLE,imbalance_10,microprice_edge_bps,LOW,MID,5000,100,465,100.0,-9.858571385017303,-10.052691173372656,0.0,-10.369186245723533,-8.788626146281889,-7.704243993380925,-11.673333222162832,10.046698292971012,-9.058493021131897e-26
ENGINEERING_SAMPLE,imbalance_10,microprice_edge_bps,LOW,MID,5000,1000,465,100.0,-9.858571385017303,-10.052691173372656,0.0,-10.369186245723533,-8.788626146281889,-7.704243993380925,-11.673374222014857,10.046698292971012,-9.058493021131897e-26
ENGINEERING_SAMPLE,imbalance_10,microprice_edge_bps,LOW,MID,5000,500,465,100.0,-9.858571385017303,-10.052691173372656,0.0,-10.369186245723533,-8.788626146281889,-7.704243993380925,-11.673333222162832,10.046698292971012,0.0
ENGINEERING_SAMPLE,imbalance_10,microprice_edge_bps,LOW,MID,60000,100,465,89.46236559139786,-9.189917649825016,-9.261871363382044,0.0,-13.326621841288606,-3.31103916614024,-7.704243993380925,-11.673333222162832,10.054095813023796,-7.980703498914178e-25
ENGINEERING_SAMPLE,imbalance_10,microprice_edge_bps,LOW,MID,60000,1000,465,89.46236559139786,-9.189917649825016,-9.261871363382044,0.0,-13.326621841288606,-3.31103916614024,-7.704243993380925,-11.673374222014857,10.054095813023796,-7.980703498914178e-25
ENGINEERING_SAMPLE,imbalance_10,microprice_edge_bps,LOW,MID,60000,500,465,89.46236559139786,-9.189917649825016,-9.261871363382044,0.0,-13.326621841288606,-3.31103916614024,-7.704243993380925,-11.673333222162832,10.054095813023796,0.0
ENGINEERING_SAMPLE,imbalance_10,microprice_edge_bps,MID,HIGH,1000,100,208,100.0,-10.13661630961624,-10.052741170268845,0.0,-10.263349766958639,-10.052668428422527,-8.311599735378229,-11.65581990032091,10.048628692171341,-1.7730817680358367e-24
ENGINEERING_SAMPLE,imbalance_10,microprice_edge_bps,MID,HIGH,1000,1000,208,100.0,-10.13661630961624,-10.052741170268845,0.0,-10.263349766958639,-10.052668428422527,-8.311599735378229,-11.65581990032091,10.048628692171341,-1.7730817680358367e-24
ENGINEERING_SAMPLE,imbalance_10,microprice_edge_bps,MID,HIGH,1000,500,208,100.0,-10.13661630961624,-10.052741170268845,0.0,-10.263349766958639,-10.052668428422527,-8.311599735378229,-11.65581990032091,10.048628692171341,0.0
ENGINEERING_SAMPLE,imbalance_10,microprice_edge_bps,MID,HIGH,15000,100,208,100.0,-10.23319819589483,-10.263347687383527,0.0,-11.207330479343447,-8.841422653605848,-8.311599735378229,-11.65581990032091,10.037230992830434,-9.123457639263224e-25
ENGINEERING_SAMPLE,imbalance_10,microprice_edge_bps,MID,HIGH,15000,1000,208,100.0,-10.23319819589483,-10.263347687383527,0.0,-11.207330479343447,-8.841422653605848,-8.311599735378229,-11.65581990032091,10.037230992830434,-9.123457639263224e-25
ENGINEERING_SAMPLE,imbalance_10,microprice_edge_bps,MID,HIGH,15000,500,208,100.0,-10.23319819589483,-10.263347687383527,0.0,-11.207330479343447,-8.841422653605848,-8.311599735378229,-11.65581990032091,10.037230992830434,0.0
ENGINEERING_SAMPLE,imbalance_10,microprice_edge_bps,MID,HIGH,250,100,208,100.0,-10.060570525910542,-10.05269603002209,0.0,-10.052764256369418,-10.052668428422527,-8.311599735378229,-11.65581990032091,10.049389477491305,-1.9250017589672597e-24
ENGINEERING_SAMPLE,imbalance_10,microprice_edge_bps,MID,HIGH,250,1000,208,100.0,-10.060570525910542,-10.05269603002209,0.0,-10.052764256369418,-10.052668428422527,-8.311599735378229,-11.65581990032091,10.049389477491305,-1.9250017589672597e-24
ENGINEERING_SAMPLE,imbalance_10,microprice_edge_bps,MID,HIGH,250,500,208,100.0,-10.060570525910542,-10.05269603002209,0.0,-10.052764256369418,-10.052668428422527,-8.311599735378229,-11.65581990032091,10.049389477491305,0.0
ENGINEERING_SAMPLE,imbalance_10,microprice_edge_bps,MID,HIGH,3000,100,208,100.0,-10.228189034046226,-10.052741170268845,0.0,-10.896599894570373,-9.947182317864213,-8.311599735378229,-11.65581990032091,10.045331674421673,-1.0132567756331011e-24
ENGINEERING_SAMPLE,imbalance_10,microprice_edge_bps,MID,HIGH,3000,1000,208,100.0,-10.228189034046226,-10.052741170268845,0.0,-10.896599894570373,-9.947182317864213,-8.311599735378229,-11.65581990032091,10.045331674421673,-1.0132567756331011e-24
ENGINEERING_SAMPLE,imbalance_10,microprice_edge_bps,MID,HIGH,3000,500,208,100.0,-10.228189034046226,-10.052741170268845,0.0,-10.896599894570373,-9.947182317864213,-8.311599735378229,-11.65581990032091,10.045331674421673,0.0
ENGINEERING_SAMPLE,imbalance_10,microprice_edge_bps,MID,HIGH,30000,100,208,98.5576923076923,-9.978439233122266,-10.052668428422527,0.0,-12.213507235078145,-8.251119409342593,-8.311599735378229,-11.65581990032091,10.037001924648983,-5.912724446974571e-25
ENGINEERING_SAMPLE,imbalance_10,microprice_edge_bps,MID,HIGH,30000,1000,208,98.5576923076923,-9.978439233122266,-10.052668428422527,0.0,-12.213507235078145,-8.251119409342593,-8.311599735378229,-11.65581990032091,10.037001924648983,-5.912724446974571e-25
ENGINEERING_SAMPLE,imbalance_10,microprice_edge_bps,MID,HIGH,30000,500,208,98.5576923076923,-9.978439233122266,-10.052668428422527,0.0,-12.213507235078145,-8.251119409342593,-8.311599735378229,-11.65581990032091,10.037001924648983,0.0
ENGINEERING_SAMPLE,imbalance_10,microprice_edge_bps,MID,HIGH,500,100,208,100.0,-10.105266141965414,-10.05272004907688,0.0,-10.105456212746446,-10.052668428422527,-8.311599735378229,-11.65581990032091,10.07277347579068,8.014023268330855e-05
ENGINEERING_SAMPLE,imbalance_10,microprice_edge_bps,MID,HIGH,500,1000,208,100.0,-10.105611216239755,-10.05272004907688,0.0,-10.105456212746446,-10.052668428422527,-8.311599735378229,-11.65581990032091,10.073118365806664,0.0004250302486680559
ENGINEERING_SAMPLE,imbalance_10,microprice_edge_bps,MID,HIGH,500,500,208,100.0,-10.105404673099464,-10.05272004907688,0.0,-10.105456212746446,-10.052668428422527,-8.311599735378229,-11.65581990032091,10.072911932953643,0.00021859739564690622
ENGINEERING_SAMPLE,imbalance_10,microprice_edge_bps,MID,HIGH,5000,100,208,100.0,-10.203687783950823,-10.105335471573783,0.0,-11.002082235108066,-9.261487359291381,-8.311599735378229,-11.65581990032091,10.046087370165587,-6.840163582020879e-25
ENGINEERING_SAMPLE,imbalance_10,microprice_edge_bps,MID,HIGH,5000,1000,208,100.0,-10.203687783950823,-10.105335471573783,0.0,-11.002082235108066,-9.261487359291381,-8.311599735378229,-11.65581990032091,10.046087370165587,-6.840163582020879e-25
ENGINEERING_SAMPLE,imbalance_10,microprice_edge_bps,MID,HIGH,5000,500,208,100.0,-10.203687783950823,-10.105335471573783,0.0,-11.002082235108066,-9.261487359291381,-8.311599735378229,-11.65581990032091,10.046087370165587,0.0
ENGINEERING_SAMPLE,imbalance_10,microprice_edge_bps,MID,HIGH,60000,100,208,98.5576923076923,-9.821173623479073,-9.947331571577473,0.0,-12.84802319451766,-6.414488766620816,-8.311599735378229,-11.65581990032091,10.03520174359776,-6.172525823703352e-25
ENGINEERING_SAMPLE,imbalance_10,microprice_edge_bps,MID,HIGH,60000,1000,208,98.5576923076923,-9.821173623479073,-9.947331571577473,0.0,-12.84802319451766,-6.414488766620816,-8.311599735378229,-11.65581990032091,10.03520174359776,-6.172525823703352e-25
ENGINEERING_SAMPLE,imbalance_10,microprice_edge_bps,MID,HIGH,60000,500,208,98.5576923076923,-9.821173623479073,-9.947331571577473,0.0,-12.84802319451766,-6.414488766620816,-8.311599735378229,-11.65581990032091,10.03520174359776,0.0
ENGINEERING_SAMPLE,imbalance_10,microprice_edge_bps,MID,LOW,1000,100,580,100.0,-10.003907700412464,-10.052723938407057,0.0,-10.052768987341771,-10.047436545816606,-7.66422622230641,-10.993047960763317,10.049985310267395,-5.454142106884527e-25
ENGINEERING_SAMPLE,imbalance_10,microprice_edge_bps,MID,LOW,1000,1000,580,100.0,-10.003907700412464,-10.052723938407057,0.0,-10.052768987341771,-10.047436545816606,-7.66422622230641,-10.993047960763317,10.049985310267395,-5.454142106884527e-25
ENGINEERING_SAMPLE,imbalance_10,microprice_edge_bps,MID,LOW,1000,500,580,100.0,-10.003907700412464,-10.052723938407057,0.0,-10.052768987341771,-10.047436545816606,-7.66422622230641,-10.993047960763317,10.049985310267395,0.0
ENGINEERING_SAMPLE,imbalance_10,microprice_edge_bps,MID,LOW,15000,100,580,100.0,-9.497980084689415,-10.0,0.0,-10.790963280751777,-7.309718136091867,-7.66422622230641,-10.993047960763317,10.056895212809216,8.181821009683877e-26
ENGINEERING_SAMPLE,imbalance_10,microprice_edge_bps,MID,LOW,15000,1000,580,100.0,-9.497980084689415,-10.0,0.0,-10.790963280751777,-7.309718136091867,-7.66422622230641,-10.993047960763317,10.056895212809216,8.181821009683877e-26
ENGINEERING_SAMPLE,imbalance_10,microprice_edge_bps,MID,LOW,15000,500,580,100.0,-9.497980084689415,-10.0,0.0,-10.790963280751777,-7.309718136091867,-7.66422622230641,-10.993047960763317,10.056895212809216,0.0
ENGINEERING_SAMPLE,imbalance_10,microprice_edge_bps,MID,LOW,250,100,580,100.0,-10.04264895733481,-10.05272560551445,0.0,-10.052777338186422,-10.052721437943626,-7.66422622230641,-10.993047960763317,10.052895487816603,-6.636205673857532e-25
ENGINEERING_SAMPLE,imbalance_10,microprice_edge_bps,MID,LOW,250,1000,580,100.0,-10.04264895733481,-10.05272560551445,0.0,-10.052777338186422,-10.052721437943626,-7.66422622230641,-10.993047960763317,10.052895487816603,-6.636205673857532e-25
ENGINEERING_SAMPLE,imbalance_10,microprice_edge_bps,MID,LOW,250,500,580,100.0,-10.04264895733481,-10.05272560551445,0.0,-10.052777338186422,-10.052721437943626,-7.66422622230641,-10.993047960763317,10.052895487816603,0.0
ENGINEERING_SAMPLE,imbalance_10,microprice_edge_bps,MID,LOW,3000,100,580,100.0,-9.905701935801652,-10.052723938407057,0.0,-10.052768987341771,-9.57250551093967,-7.66422622230641,-10.993047960763317,10.049259208573,-1.6360568918564649e-25
ENGINEERING_SAMPLE,imbalance_10,microprice_edge_bps,MID,LOW,3000,1000,580,100.0,-9.905701935801652,-10.052723938407057,0.0,-10.052768987341771,-9.57250551093967,-7.66422622230641,-10.993047960763317,10.049259208573,-1.6360568918564649e-25
ENGINEERING_SAMPLE,imbalance_10,microprice_edge_bps,MID,LOW,3000,500,580,100.0,-9.905701935801652,-10.052723938407057,0.0,-10.052768987341771,-9.57250551093967,-7.66422622230641,-10.993047960763317,10.049259208573,0.0
ENGINEERING_SAMPLE,imbalance_10,microprice_edge_bps,MID,LOW,30000,100,580,100.0,-9.273740949820128,-9.261958205557839,0.0,-11.324738487707117,-7.361689784294077,-7.66422622230641,-10.993047960763317,10.04880236872127,3.642102209402146e-26
ENGINEERING_SAMPLE,imbalance_10,microprice_edge_bps,MID,LOW,30000,1000,580,100.0,-9.273740949820128,-9.261958205557839,0.0,-11.324738487707117,-7.361689784294077,-7.66422622230641,-10.993047960763317,10.04880236872127,3.642102209402146e-26
ENGINEERING_SAMPLE,imbalance_10,microprice_edge_bps,MID,LOW,30000,500,580,100.0,-9.273740949820128,-9.261958205557839,0.0,-11.324738487707117,-7.361689784294077,-7.66422622230641,-10.993047960763317,10.04880236872127,0.0
ENGINEERING_SAMPLE,imbalance_10,microprice_edge_bps,MID,LOW,500,100,580,100.0,-10.021640067024345,-10.052723938407057,0.0,-10.052768987341771,-10.052717271031582,-7.66422622230641,-10.993047960763317,10.042439913987309,-6.090497543250452e-25
ENGINEERING_SAMPLE,imbalance_10,microprice_edge_bps,MID,LOW,500,1000,580,100.0,-10.021640067024345,-10.052723938407057,0.0,-10.052768987341771,-10.052717271031582,-7.66422622230641,-10.993047960763317,10.042439913987309,-6.090497543250452e-25
ENGINEERING_SAMPLE,imbalance_10,microprice_edge_bps,MID,LOW,500,500,580,100.0,-10.021640067024345,-10.052723938407057,0.0,-10.052768987341771,-10.052717271031582,-7.66422622230641,-10.993047960763317,10.042439913987309,0.0
ENGINEERING_SAMPLE,imbalance_10,microprice_edge_bps,MID,LOW,5000,100,580,100.0,-9.803134825098008,-10.05272199358167,0.0,-10.073914996671864,-9.103811114565277,-7.66422622230641,-10.993047960763317,10.045168775580933,9.102800557374474e-27
ENGINEERING_SAMPLE,imbalance_10,microprice_edge_bps,MID,LOW,5000,1000,580,100.0,-9.803134825098008,-10.05272199358167,0.0,-10.073914996671864,-9.103811114565277,-7.66422622230641,-10.993047960763317,10.045168775580933,9.102800557374474e-27
ENGINEERING_SAMPLE,imbalance_10,microprice_edge_bps,MID,LOW,5000,500,580,100.0,-9.803134825098008,-10.05272199358167,0.0,-10.073914996671864,-9.103811114565277,-7.66422622230641,-10.993047960763317,10.045168775580933,0.0
ENGINEERING_SAMPLE,imbalance_10,microprice_edge_bps,MID,LOW,60000,100,580,100.0,-8.923225621422857,-8.840012226485097,0.0,-12.58381338378914,-4.727856205637321,-7.66422622230641,-10.993047960763317,10.055077488999622,7.283588065029551e-26
ENGINEERING_SAMPLE,imbalance_10,microprice_edge_bps,MID,LOW,60000,1000,580,100.0,-8.923225621422857,-8.840012226485097,0.0,-12.58381338378914,-4.727856205637321,-7.66422622230641,-10.993047960763317,10.055077488999622,7.283588065029551e-26
ENGINEERING_SAMPLE,imbalance_10,microprice_edge_bps,MID,LOW,60000,500,580,100.0,-8.923225621422857,-8.840012226485097,0.0,-12.58381338378914,-4.727856205637321,-7.66422622230641,-10.993047960763317,10.055077488999622,0.0
ENGINEERING_SAMPLE,imbalance_10,microprice_edge_bps,MID,MID,1000,100,1609,100.0,-10.047538670724563,-10.052745062893413,0.0,-10.052831125215839,-10.052670923860113,-7.845570575561829,-12.107816214712756,10.054709164648614,-3.665354672808236e-25
ENGINEERING_SAMPLE,imbalance_10,microprice_edge_bps,MID,MID,1000,1000,1609,100.0,-10.047538670724563,-10.052745062893413,0.0,-10.052831125215839,-10.052670923860113,-7.845570575561829,-12.107816214712756,10.054709164648614,-3.665354672808236e-25
ENGINEERING_SAMPLE,imbalance_10,microprice_edge_bps,MID,MID,1000,500,1609,100.0,-10.047538670724563,-10.052745062893413,0.0,-10.052831125215839,-10.052670923860113,-7.845570575561829,-12.107816214712756,10.054709164648614,0.0
ENGINEERING_SAMPLE,imbalance_10,microprice_edge_bps,MID,MID,15000,100,1609,99.37849596022374,-10.190861421368686,-10.158210166775602,0.0,-12.002654825303013,-8.209188588756167,-7.845570575561829,-12.107816214712756,10.060738433129004,-2.2378008213823485e-25
ENGINEERING_SAMPLE,imbalance_10,microprice_edge_bps,MID,MID,15000,1000,1609,99.37849596022374,-10.191113680823547,-10.158210166775602,0.0,-12.002654825303013,-8.209188588756167,-7.845570575561829,-12.107816214712756,10.060990589866783,0.00025215673777969174
ENGINEERING_SAMPLE,imbalance_10,microprice_edge_bps,MID,MID,15000,500,1609,99.37849596022374,-10.190865837335886,-10.158210166775602,0.0,-12.002654825303013,-8.209188588756167,-7.845570575561829,-12.107816214712756,10.060742847575806,4.41444680258604e-06
ENGINEERING_SAMPLE,imbalance_10,microprice_edge_bps,MID,MID,250,100,1609,100.0,-10.04713232381547,-10.052745062893413,0.0,-10.052813834532488,-10.05268035320905,-7.845570575561829,-12.107816214712756,10.05478312947676,2.4731216740777074e-05
ENGINEERING_SAMPLE,imbalance_10,microprice_edge_bps,MID,MID,250,1000,1609,100.0,-10.047162539157602,-10.052745062893413,0.0,-10.052813834532488,-10.05268035320905,-7.845570575561829,-12.107816214712756,10.054813329957925,5.493169790509971e-05
ENGINEERING_SAMPLE,imbalance_10,microprice_edge_bps,MID,MID,250,500,1609,100.0,-10.047151843971415,-10.052745062893413,0.0,-10.052813834532488,-10.05268035320905,-7.845570575561829,-12.107816214712756,10.054802640032007,4.424177198635157e-05
ENGINEERING_SAMPLE,imbalance_10,microprice_edge_bps,MID,MID,3000,100,1609,100.0,-10.07441530713199,-10.052749512310855,0.0,-10.790331908875403,-9.63088380030599,-7.845570575561829,-12.107816214712756,10.058334562285081,1.9138661812784542e-05
ENGINEERING_SAMPLE,imbalance_10,microprice_edge_bps,MID,MID,3000,1000,1609,100.0,-10.074622755261862,-10.052749512310855,0.0,-10.790331908875403,-9.63088380030599,-7.845570575561829,-12.107816214712756,10.058541849280969,0.00022642565769903343
ENGINEERING_SAMPLE,imbalance_10,microprice_edge_bps,MID,MID,3000,500,1609,100.0,-10.07455386127513,-10.052749512310855,0.0,-10.790331908875403,-9.63088380030599,-7.845570575561829,-12.107816214712756,10.05847300880719,0.0001575851839221509
ENGINEERING_SAMPLE,imbalance_10,microprice_edge_bps,MID,MID,30000,100,1609,98.69484151646985,-10.13514919361199,-10.052745062893413,0.0,-12.917782170770728,-7.206558672461478,-7.845570575561829,-12.107816214712756,10.0522847350762,2.5054333987254524e-05
ENGINEERING_SAMPLE,imbalance_10,microprice_edge_bps,MID,MID,30000,1000,1609,98.69484151646985,-10.135179792717508,-10.052745062893413,0.0,-12.917782170770728,-7.206558672461478,-7.845570575561829,-12.107816214712756,10.05231533366339,5.5652921178918256e-05
ENGINEERING_SAMPLE,imbalance_10,microprice_edge_bps,MID,MID,30000,500,1609,98.69484151646985,-10.135168956039044,-10.052745062893413,0.0,-12.917782170770728,-7.206558672461478,-7.845570575561829,-12.107816214712756,10.05230449716849,4.481642627939117e-05
ENGINEERING_SAMPLE,imbalance_10,microprice_edge_bps,MID,MID,500,100,1609,100.0,-10.051101153916969,-10.052745062893413,0.0,-10.052818964780908,-10.052673419534178,-7.845570575561829,-12.107816214712756,10.057273382369477,2.4729126692058286e-05
ENGINEERING_SAMPLE,imbalance_10,microprice_edge_bps,MID,MID,500,1000,1609,100.0,-10.051131360928991,-10.052745062893413,0.0,-10.052818964780908,-10.052673419534178,-7.845570575561829,-12.107816214712756,10.057303582175395,5.492893260987177e-05
ENGINEERING_SAMPLE,imbalance_10,microprice_edge_bps,MID,MID,500,500,1609,100.0,-10.05112066568635,-10.052745062893413,0.0,-10.052818964780908,-10.052673419534178,-7.845570575561829,-12.107816214712756,10.05729288948418,4.42362413958957e-05
ENGINEERING_SAMPLE,imbalance_10,microprice_edge_bps,MID,MID,5000,100,1609,100.0,-10.101569739078046,-10.052752293577981,0.0,-11.1075587371706,-9.197452452939652,-7.845570575561829,-12.107816214712756,10.059074598723377,2.5144641281971564e-05
ENGINEERING_SAMPLE,imbalance_10,microprice_edge_bps,MID,MID,5000,1000,1609,100.0,-10.101707596918972,-10.052752293577981,0.0,-11.1075587371706,-9.197452452939652,-7.845570575561829,-12.107816214712756,10.059212396591029,0.00016294250893107094
ENGINEERING_SAMPLE,imbalance_10,microprice_edge_bps,MID,MID,5000,500,1609,100.0,-10.101602392355675,-10.052752293577981,0.0,-11.1075587371706,-9.197452452939652,-7.845570575561829,-12.107816214712756,10.059107226797119,5.777271502183104e-05
ENGINEERING_SAMPLE,imbalance_10,microprice_edge_bps,MID,MID,60000,100,1609,98.69484151646985,-9.972844117348613,-10.659700501382286,0.0,-13.846435399013066,-5.565346785427836,-7.845570575561829,-12.107816214712756,10.054522546924428,-4.314453057171911e-25
ENGINEERING_SAMPLE,imbalance_10,microprice_edge_bps,MID,MID,60000,1000,1609,98.69484151646985,-9.972932628837068,-10.659700501382286,0.0,-13.846435399013066,-5.565346785427836,-7.845570575561829,-12.107816214712756,10.054610990118602,8.844319417373837e-05
ENGINEERING_SAMPLE,imbalance_10,microprice_edge_bps,MID,MID,60000,500,1609,98.69484151646985,-9.972880853896077,-10.659700501382286,0.0,-13.846435399013066,-5.565346785427836,-7.845570575561829,-12.107816214712756,10.054559259990082,3.671306565467456e-05
ENGINEERING_SAMPLE,ofi_1s,aggressive_flow_1s,HIGH,HIGH,1000,100,1074,100.0,-10.117135673584137,-10.05274408968377,0.0,-10.405931123101174,-10.05267183891345,-8.228174110254116,-12.161073400415345,10.045991721980725,-6.1816153199057325e-25
ENGINEERING_SAMPLE,ofi_1s,aggressive_flow_1s,HIGH,HIGH,1000,1000,1074,100.0,-10.117135673584137,-10.05274408968377,0.0,-10.405931123101174,-10.05267183891345,-8.228174110254116,-12.161073400415345,10.045991721980725,-6.1816153199057325e-25
ENGINEERING_SAMPLE,ofi_1s,aggressive_flow_1s,HIGH,HIGH,1000,500,1074,100.0,-10.117135673584137,-10.05274408968377,0.0,-10.405931123101174,-10.05267183891345,-8.228174110254116,-12.161073400415345,10.045991721980725,0.0
ENGINEERING_SAMPLE,ofi_1s,aggressive_flow_1s,HIGH,HIGH,15000,100,1074,98.51024208566108,-10.344809281829225,-10.210923541533807,0.0,-12.266013288088072,-8.680455173723583,-8.228174110254116,-12.161073400415345,10.039354232651721,-4.233539752288402e-25
ENGINEERING_SAMPLE,ofi_1s,aggressive_flow_1s,HIGH,HIGH,15000,1000,1074,98.51024208566108,-10.344886653697012,-10.210923541533807,0.0,-12.266013288088072,-8.680455173723583,-8.228174110254116,-12.161073400415345,10.039431547735367,7.731508364539137e-05
ENGINEERING_SAMPLE,ofi_1s,aggressive_flow_1s,HIGH,HIGH,15000,500,1074,98.51024208566108,-10.344864430812414,-10.210923541533807,0.0,-12.266013288088072,-8.680455173723583,-8.228174110254116,-12.161073400415345,10.03940934116041,5.510850868829802e-05
ENGINEERING_SAMPLE,ofi_1s,aggressive_flow_1s,HIGH,HIGH,250,100,1074,100.0,-10.075855076104872,-10.052733108802554,0.0,-10.052822478459198,-10.052672864919504,-8.228174110254116,-12.161073400415345,10.051369344434711,3.7658013029790684e-05
ENGINEERING_SAMPLE,ofi_1s,aggressive_flow_1s,HIGH,HIGH,250,1000,1074,100.0,-10.075964135728107,-10.052733108802554,0.0,-10.052822478459198,-10.052672864919504,-8.228174110254116,-12.161073400415345,10.051478343520163,0.00014665709848208592
ENGINEERING_SAMPLE,ofi_1s,aggressive_flow_1s,HIGH,HIGH,250,500,1074,100.0,-10.075903517573357,-10.052733108802554,0.0,-10.052822478459198,-10.052672864919504,-8.228174110254116,-12.161073400415345,10.05141775799336,8.607157167721283e-05
ENGINEERING_SAMPLE,ofi_1s,aggressive_flow_1s,HIGH,HIGH,3000,100,1074,99.81378026070763,-10.225937174610502,-10.0527556314857,0.0,-10.95008332951349,-9.630836132492561,-8.228174110254116,-12.161073400415345,10.047765974229565,6.926278294966248e-05
ENGINEERING_SAMPLE,ofi_1s,aggressive_flow_1s,HIGH,HIGH,3000,1000,1074,99.81378026070763,-10.22643333330815,-10.0527556314857,0.0,-10.9698775494602,-9.630836132492561,-8.228174110254116,-12.161073400415345,10.048261836467129,0.0005651250205127458
ENGINEERING_SAMPLE,ofi_1s,aggressive_flow_1s,HIGH,HIGH,3000,500,1074,99.81378026070763,-10.22628196012631,-10.0527556314857,0.0,-10.95008332951349,-9.630836132492561,-8.228174110254116,-12.161073400415345,10.048110554612135,0.00041384316551906775
ENGINEERING_SAMPLE,ofi_1s,aggressive_flow_1s,HIGH,HIGH,30000,100,1074,98.04469273743017,-10.32729942034904,-10.15849504950495,0.0,-13.166637002773383,-7.840571699305117,-8.228174110254116,-12.161073400415345,10.039844105839048,-9.488553530644196e-26
ENGINEERING_SAMPLE,ofi_1s,aggressive_flow_1s,HIGH,HIGH,30000,1000,1074,98.04469273743017,-10.32729942034904,-10.15849504950495,0.0,-13.166637002773383,-7.840571699305117,-8.228174110254116,-12.161073400415345,10.039844105839048,-9.488553530644196e-26
ENGINEERING_SAMPLE,ofi_1s,aggressive_flow_1s,HIGH,HIGH,30000,500,1074,98.04469273743017,-10.32729942034904,-10.15849504950495,0.0,-13.166637002773383,-7.840571699305117,-8.228174110254116,-12.161073400415345,10.039844105839048,0.0
ENGINEERING_SAMPLE,ofi_1s,aggressive_flow_1s,HIGH,HIGH,500,100,1074,100.0,-10.093174465767666,-10.052736722258533,0.0,-10.21091254969576,-10.052672670807432,-8.228174110254116,-12.161073400415345,10.052974197004234,6.912454898572076e-05
ENGINEERING_SAMPLE,ofi_1s,aggressive_flow_1s,HIGH,HIGH,500,1000,1074,100.0,-10.093369995842538,-10.052736722258533,0.0,-10.21091254969576,-10.052672670807432,-8.228174110254116,-12.161073400415345,10.053169610687409,0.0002645382321599759
ENGINEERING_SAMPLE,ofi_1s,aggressive_flow_1s,HIGH,HIGH,500,500,1074,100.0,-10.093322766854694,-10.052736722258533,0.0,-10.21091254969576,-10.052672670807432,-8.228174110254116,-12.161073400415345,10.053122410001494,0.00021733754624529564
ENGINEERING_SAMPLE,ofi_1s,aggressive_flow_1s,HIGH,HIGH,5000,100,1074,99.53445065176909,-10.300721073004906,-10.052768987341771,0.0,-11.47664223579259,-9.314635752865236,-8.228174110254116,-12.161073400415345,10.04011602972724,2.8805700595527243e-05
ENGINEERING_SAMPLE,ofi_1s,aggressive_flow_1s,HIGH,HIGH,5000,1000,1074,99.53445065176909,-10.301033312744893,-10.052768987341771,0.0,-11.47664223579259,-9.314635752865236,-8.228174110254116,-12.161073400415345,10.040428023642244,0.00034079961559986294
ENGINEERING_SAMPLE,ofi_1s,aggressive_flow_1s,HIGH,HIGH,5000,500,1074,99.53445065176909,-10.300929612377567,-10.052768987341771,0.0,-11.47664223579259,-9.314635752865236,-8.228174110254116,-12.161073400415345,10.040324404917765,0.00023718089112044724
ENGINEERING_SAMPLE,ofi_1s,aggressive_flow_1s,HIGH,HIGH,60000,100,1074,96.74115456238361,-10.249161660663567,-10.105444542810169,0.48123195380173245,-14.278914438079147,-5.777189224551814,-8.228174110254116,-12.161073400415345,10.041848648286326,-1.1668158655882591e-25
ENGINEERING_SAMPLE,ofi_1s,aggressive_flow_1s,HIGH,HIGH,60000,1000,1074,96.74115456238361,-10.249318736302492,-10.105444542810169,0.48123195380173245,-14.278914438079147,-5.777189224551814,-8.228174110254116,-12.161073400415345,10.042005705437237,0.0001570571509131447
ENGINEERING_SAMPLE,ofi_1s,aggressive_flow_1s,HIGH,HIGH,60000,500,1074,96.74115456238361,-10.249162144496506,-10.105444542810169,0.48123195380173245,-14.278914438079147,-5.777189224551814,-8.228174110254116,-12.161073400415345,10.041849132062316,4.837759906236956e-07
ENGINEERING_SAMPLE,ofi_1s,aggressive_flow_1s,HIGH,LOW,1000,100,449,100.0,-10.082471700871718,-10.052745062893413,0.0,-10.115964785959918,-10.052672809458912,-7.471089582416637,-11.927807988278902,10.046031548744168,-5.160030369537122e-25
ENGINEERING_SAMPLE,ofi_1s,aggressive_flow_1s,HIGH,LOW,1000,1000,449,100.0,-10.082471700871718,-10.052745062893413,0.0,-10.115964785959918,-10.052672809458912,-7.471089582416637,-11.927807988278902,10.046031548744168,-5.160030369537122e-25
ENGINEERING_SAMPLE,ofi_1s,aggressive_flow_1s,HIGH,LOW,1000,500,449,100.0,-10.082471700871718,-10.052745062893413,0.0,-10.115964785959918,-10.052672809458912,-7.471089582416637,-11.927807988278902,10.046031548744168,0.0
ENGINEERING_SAMPLE,ofi_1s,aggressive_flow_1s,HIGH,LOW,15000,100,449,99.33184855233853,-9.920260630749144,-10.052736166309996,0.0,-11.793582712173933,-7.996258037314219,-7.471089582416637,-11.927807988278902,10.043148413109144,4.7292899698429425e-26
ENGINEERING_SAMPLE,ofi_1s,aggressive_flow_1s,HIGH,LOW,15000,1000,449,99.33184855233853,-9.92039215397337,-10.052736166309996,0.0,-11.793582712173933,-7.996258037314219,-7.471089582416637,-11.927807988278902,10.043279834170484,0.00013142106134148812
ENGINEERING_SAMPLE,ofi_1s,aggressive_flow_1s,HIGH,LOW,15000,500,449,99.33184855233853,-9.920260630749144,-10.052736166309996,0.0,-11.793582712173933,-7.996258037314219,-7.471089582416637,-11.927807988278902,10.043148413109144,0.0
ENGINEERING_SAMPLE,ofi_1s,aggressive_flow_1s,HIGH,LOW,250,100,449,100.0,-10.064611154293237,-10.052745062893413,0.0,-10.052826159958164,-10.052680630587938,-7.471089582416637,-11.927807988278902,10.054374848268884,-4.220762611774577e-25
ENGINEERING_SAMPLE,ofi_1s,aggressive_flow_1s,HIGH,LOW,250,1000,449,100.0,-10.064611154293237,-10.052745062893413,0.0,-10.052826159958164,-10.052680630587938,-7.471089582416637,-11.927807988278902,10.054374848268884,-4.220762611774577e-25
ENGINEERING_SAMPLE,ofi_1s,aggressive_flow_1s,HIGH,LOW,250,500,449,100.0,-10.064611154293237,-10.052745062893413,0.0,-10.052826159958164,-10.052680630587938,-7.471089582416637,-11.927807988278902,10.054374848268884,0.0
ENGINEERING_SAMPLE,ofi_1s,aggressive_flow_1s,HIGH,LOW,3000,100,449,100.0,-10.122444173448871,-10.052745062893413,0.0,-10.791090111902632,-9.630262171493733,-7.471089582416637,-11.927807988278902,10.050553325166023,-4.574897605618286e-25
ENGINEERING_SAMPLE,ofi_1s,aggressive_flow_1s,HIGH,LOW,3000,1000,449,100.0,-10.122444173448871,-10.052745062893413,0.0,-10.791090111902632,-9.630262171493733,-7.471089582416637,-11.927807988278902,10.050553325166023,-4.574897605618286e-25
ENGINEERING_SAMPLE,ofi_1s,aggressive_flow_1s,HIGH,LOW,3000,500,449,100.0,-10.122444173448871,-10.052745062893413,0.0,-10.791090111902632,-9.630262171493733,-7.471089582416637,-11.927807988278902,10.050553325166023,0.0
ENGINEERING_SAMPLE,ofi_1s,aggressive_flow_1s,HIGH,LOW,30000,100,449,97.55011135857461,-9.776974698951964,-9.947331571577473,0.0,-12.65333283230015,-6.360283650550957,-7.471089582416637,-11.927807988278902,10.04369705218175,-4.7685179781587507e-26
ENGINEERING_SAMPLE,ofi_1s,aggressive_flow_1s,HIGH,LOW,30000,1000,449,97.55011135857461,-9.776974698951964,-9.947331571577473,0.0,-12.65333283230015,-6.360283650550957,-7.471089582416637,-11.927807988278902,10.04369705218175,-4.7685179781587507e-26
ENGINEERING_SAMPLE,ofi_1s,aggressive_flow_1s,HIGH,LOW,30000,500,449,97.55011135857461,-9.776974698951964,-9.947331571577473,0.0,-12.65333283230015,-6.360283650550957,-7.471089582416637,-11.927807988278902,10.04369705218175,0.0
ENGINEERING_SAMPLE,ofi_1s,aggressive_flow_1s,HIGH,LOW,500,100,449,100.0,-10.077887464030217,-10.052745062893413,0.0,-10.052831962148975,-10.052675083448284,-7.471089582416637,-11.927807988278902,10.056603264152082,-4.573260865867132e-25
ENGINEERING_SAMPLE,ofi_1s,aggressive_flow_1s,HIGH,LOW,500,1000,449,100.0,-10.077887464030217,-10.052745062893413,0.0,-10.052831962148975,-10.052675083448284,-7.471089582416637,-11.927807988278902,10.056603264152082,-4.573260865867132e-25
ENGINEERING_SAMPLE,ofi_1s,aggressive_flow_1s,HIGH,LOW,500,500,449,100.0,-10.077887464030217,-10.052745062893413,0.0,-10.052831962148975,-10.052675083448284,-7.471089582416637,-11.927807988278902,10.056603264152082,0.0
ENGINEERING_SAMPLE,ofi_1s,aggressive_flow_1s,HIGH,LOW,5000,100,449,100.0,-10.107172563744248,-10.052736166309996,0.0,-11.002188997597052,-9.208949166121993,-7.471089582416637,-11.927807988278902,10.047088812913763,-2.4632153485774937e-25
ENGINEERING_SAMPLE,ofi_1s,aggressive_flow_1s,HIGH,LOW,5000,1000,449,100.0,-10.107172563744248,-10.052736166309996,0.0,-11.002188997597052,-9.208949166121993,-7.471089582416637,-11.927807988278902,10.047088812913763,-2.4632153485774937e-25
ENGINEERING_SAMPLE,ofi_1s,aggressive_flow_1s,HIGH,LOW,5000,500,449,100.0,-10.107172563744248,-10.052736166309996,0.0,-11.002188997597052,-9.208949166121993,-7.471089582416637,-11.927807988278902,10.047088812913763,0.0
ENGINEERING_SAMPLE,ofi_1s,aggressive_flow_1s,HIGH,LOW,60000,100,449,95.99109131403118,-9.50814997688639,-9.367356079567909,0.6960556844547564,-14.120893047620054,-3.981542065937777,-7.471089582416637,-11.927807988278902,10.046947140004551,9.230232438513728e-05
ENGINEERING_SAMPLE,ofi_1s,aggressive_flow_1s,HIGH,LOW,60000,1000,449,95.99109131403118,-9.508588797004183,-9.367356079567909,0.6960556844547564,-14.120893047620054,-3.981542065937777,-7.471089582416637,-11.927807988278902,10.047385741078289,0.0005309033981220539
ENGINEERING_SAMPLE,ofi_1s,aggressive_flow_1s,HIGH,LOW,60000,500,449,95.99109131403118,-9.508358107325115,-9.367356079567909,0.6960556844547564,-14.120893047620054,-3.981542065937777,-7.471089582416637,-11.927807988278902,10.047155204965579,0.00030036728541176194
ENGINEERING_SAMPLE,ofi_1s,aggressive_flow_1s,HIGH,MID,1000,100,874,100.0,-10.091913620371715,-10.052755075138412,0.0,-10.369585188681526,-10.05267203301939,-7.784691207497513,-12.107550545614659,10.044942746681501,-3.61604862077439e-25
ENGINEERING_SAMPLE,ofi_1s,aggressive_flow_1s,HIGH,MID,1000,1000,874,100.0,-10.091913620371715,-10.052755075138412,0.0,-10.369585188681526,-10.05267203301939,-7.784691207497513,-12.107550545614659,10.044942746681501,-3.61604862077439e-25
ENGINEERING_SAMPLE,ofi_1s,aggressive_flow_1s,HIGH,MID,1000,500,874,100.0,-10.091913620371715,-10.052755075138412,0.0,-10.369585188681526,-10.05267203301939,-7.784691207497513,-12.107550545614659,10.044942746681501,0.0
ENGINEERING_SAMPLE,ofi_1s,aggressive_flow_1s,HIGH,MID,15000,100,874,99.19908466819221,-10.148777864072706,-10.158210166775602,0.0,-12.218867425304573,-8.187280757885375,-7.784691207497513,-12.107550545614659,10.043932124917431,1.922604243739032e-05
ENGINEERING_SAMPLE,ofi_1s,aggressive_flow_1s,HIGH,MID,15000,1000,874,99.19908466819221,-10.149258231321015,-10.158210166775602,0.0,-12.218867425304573,-8.187280757885375,-7.784691207497513,-12.107550545614659,10.044412311511103,0.0004994126361071336
ENGINEERING_SAMPLE,ofi_1s,aggressive_flow_1s,HIGH,MID,15000,500,874,99.19908466819221,-10.148819243089356,-10.158210166775602,0.0,-12.218867425304573,-8.187280757885375,-7.784691207497513,-12.107550545614659,10.043973483558746,6.058468374960717e-05
ENGINEERING_SAMPLE,ofi_1s,aggressive_flow_1s,HIGH,MID,250,100,874,100.0,-10.059691562730304,-10.052750624782512,0.0,-10.052824988516306,-10.052679659761829,-7.784691207497513,-12.107550545614659,10.04850058360012,-4.7021638731898775e-25
ENGINEERING_SAMPLE,ofi_1s,aggressive_flow_1s,HIGH,MID,250,1000,874,100.0,-10.060086120689215,-10.052750624782512,0.0,-10.052824988516306,-10.052679659761829,-7.784691207497513,-12.107550545614659,10.048894940056448,0.0003943564563279529
ENGINEERING_SAMPLE,ofi_1s,aggressive_flow_1s,HIGH,MID,250,500,874,100.0,-10.059699682870237,-10.052750624782512,0.0,-10.052824988516306,-10.052679659761829,-7.784691207497513,-12.107550545614659,10.048508699541706,8.115941586613217e-06
ENGINEERING_SAMPLE,ofi_1s,aggressive_flow_1s,HIGH,MID,3000,100,874,100.0,-10.160264471258564,-10.052763978103345,0.0,-10.950676083337498,-9.630652153276587,-7.784691207497513,-12.107550545614659,10.045109911373498,4.781497245646052e-05
ENGINEERING_SAMPLE,ofi_1s,aggressive_flow_1s,HIGH,MID,3000,1000,874,100.0,-10.160317013043796,-10.052763978103345,0.0,-10.950676083337498,-9.630652153276587,-7.784691207497513,-12.107550545614659,10.045162416505226,0.00010032010418518064
ENGINEERING_SAMPLE,ofi_1s,aggressive_flow_1s,HIGH,MID,3000,500,874,100.0,-10.160296522200227,-10.052763978103345,0.0,-10.950676083337498,-9.630652153276587,-7.784691207497513,-12.107550545614659,10.045141939956208,7.984355516726679e-05
ENGINEERING_SAMPLE,ofi_1s,aggressive_flow_1s,HIGH,MID,30000,100,874,97.48283752860412,-10.01397348579984,-10.10559451414975,0.0,-12.845023696682464,-6.997105034150811,-7.784691207497513,-12.107550545614659,10.038424274838913,-1.0487224629681109e-25
ENGINEERING_SAMPLE,ofi_1s,aggressive_flow_1s,HIGH,MID,30000,1000,874,97.48283752860412,-10.01397348579984,-10.10559451414975,0.0,-12.845023696682464,-6.997105034150811,-7.784691207497513,-12.107550545614659,10.038424274838913,-1.0487224629681109e-25
ENGINEERING_SAMPLE,ofi_1s,aggressive_flow_1s,HIGH,MID,30000,500,874,97.48283752860412,-10.01397348579984,-10.10559451414975,0.0,-12.845023696682464,-6.997105034150811,-7.784691207497513,-12.107550545614659,10.038424274838913,0.0
ENGINEERING_SAMPLE,ofi_1s,aggressive_flow_1s,HIGH,MID,500,100,874,100.0,-10.074907633634755,-10.052753406166955,0.0,-10.05283408251807,-10.052675083448284,-7.784691207497513,-12.107550545614659,10.048262466519104,6.688498861411218e-05
ENGINEERING_SAMPLE,ofi_1s,aggressive_flow_1s,HIGH,MID,500,1000,874,100.0,-10.075249854106778,-10.052753406166955,0.0,-10.05283408251807,-10.052675083448284,-7.784691207497513,-12.107550545614659,10.048604507268266,0.00040892573777681954
ENGINEERING_SAMPLE,ofi_1s,aggressive_flow_1s,HIGH,MID,500,500,874,100.0,-10.075146553479858,-10.052753406166955,0.0,-10.05283408251807,-10.052675083448284,-7.784691207497513,-12.107550545614659,10.04850126112359,0.0003056795931014386
ENGINEERING_SAMPLE,ofi_1s,aggressive_flow_1s,HIGH,MID,5000,100,874,100.0,-10.194263261405991,-10.052769126501229,0.0,-11.265239933936863,-9.156945665969738,-7.784691207497513,-12.107550545614659,10.03578792171154,4.781497245646052e-05
ENGINEERING_SAMPLE,ofi_1s,aggressive_flow_1s,HIGH,MID,5000,1000,874,100.0,-10.194315803191223,-10.052769126501229,0.0,-11.265239933936863,-9.156945665969738,-7.784691207497513,-12.107550545614659,10.035840426843269,0.00010032010418518064
ENGINEERING_SAMPLE,ofi_1s,aggressive_flow_1s,HIGH,MID,5000,500,874,100.0,-10.194295312347654,-10.052769126501229,0.0,-11.265239933936863,-9.156945665969738,-7.784691207497513,-12.107550545614659,10.035819950294249,7.984355516726679e-05
ENGINEERING_SAMPLE,ofi_1s,aggressive_flow_1s,HIGH,MID,60000,100,874,96.79633867276888,-9.811495699343459,-10.0527556314857,0.4728132387706856,-13.982880103395392,-5.53947085626031,-7.784691207497513,-12.107550545614659,10.037755353872262,4.9399903392716685e-05
ENGINEERING_SAMPLE,ofi_1s,aggressive_flow_1s,HIGH,MID,60000,1000,874,96.79633867276888,-9.811764306873544,-10.0527556314857,0.4728132387706856,-14.001055037960965,-5.53947085626031,-7.784691207497513,-12.107550545614659,10.03802388827654,0.0003179343076693034
ENGINEERING_SAMPLE,ofi_1s,aggressive_flow_1s,HIGH,MID,60000,500,874,96.79633867276888,-9.811536518382528,-10.0527556314857,0.4728132387706856,-13.992100539317413,-5.53947085626031,-7.784691207497513,-12.107550545614659,10.037796142781769,9.018881289878325e-05
ENGINEERING_SAMPLE,ofi_1s,aggressive_flow_1s,LOW,HIGH,1000,100,512,99.8046875,-10.012177852802239,-10.052724494097808,0.0,-10.052805193434317,-10.0,-7.893356874449142,-11.758854370897932,10.050224575448201,-1.0309947082576421e-24
ENGINEERING_SAMPLE,ofi_1s,aggressive_flow_1s,LOW,HIGH,1000,1000,512,99.8046875,-10.012292572371846,-10.052724494097808,0.0,-10.052805193434317,-10.0,-7.893356874449142,-11.758854370897932,10.050339222251056,0.00011464680285412238
ENGINEERING_SAMPLE,ofi_1s,aggressive_flow_1s,LOW,HIGH,1000,500,512,99.8046875,-10.012177852802239,-10.052724494097808,0.0,-10.052805193434317,-10.0,-7.893356874449142,-11.758854370897932,10.050224575448201,0.0
ENGINEERING_SAMPLE,ofi_1s,aggressive_flow_1s,LOW,HIGH,15000,100,512,98.046875,-9.947217766575983,-10.052720326702675,0.0,-11.678972950046541,-8.261832061068702,-7.893356874449142,-11.758854370897932,10.060992341331355,-3.77810005157977e-25
ENGINEERING_SAMPLE,ofi_1s,aggressive_flow_1s,LOW,HIGH,15000,1000,512,98.046875,-9.947217766575983,-10.052720326702675,0.0,-11.678972950046541,-8.261832061068702,-7.893356874449142,-11.758854370897932,10.060992341331355,-3.77810005157977e-25
ENGINEERING_SAMPLE,ofi_1s,aggressive_flow_1s,LOW,HIGH,15000,500,512,98.046875,-9.947217766575983,-10.052720326702675,0.0,-11.678972950046541,-8.261832061068702,-7.893356874449142,-11.758854370897932,10.060992341331355,0.0
ENGINEERING_SAMPLE,ofi_1s,aggressive_flow_1s,LOW,HIGH,250,100,512,99.8046875,-10.037461541799626,-10.052726439107682,0.0,-10.05279209780653,-10.052670923860113,-7.893356874449142,-11.758854370897932,10.050432326260974,-1.1031954328570021e-24
ENGINEERING_SAMPLE,ofi_1s,aggressive_flow_1s,LOW,HIGH,250,1000,512,99.8046875,-10.037461541799626,-10.052726439107682,0.0,-10.05279209780653,-10.052670923860113,-7.893356874449142,-11.758854370897932,10.050432326260974,-1.1031954328570021e-24
ENGINEERING_SAMPLE,ofi_1s,aggressive_flow_1s,LOW,HIGH,250,500,512,99.8046875,-10.037461541799626,-10.052726439107682,0.0,-10.05279209780653,-10.052670923860113,-7.893356874449142,-11.758854370897932,10.050432326260974,0.0
ENGINEERING_SAMPLE,ofi_1s,aggressive_flow_1s,LOW,HIGH,3000,100,512,99.0234375,-9.929723135299731,-10.052722271405084,0.0,-10.421593489759935,-9.166893945499304,-7.893356874449142,-11.758854370897932,10.054363936884414,-8.416273008245196e-25
ENGINEERING_SAMPLE,ofi_1s,aggressive_flow_1s,LOW,HIGH,3000,1000,512,99.0234375,-9.929723135299731,-10.052722271405084,0.0,-10.421593489759935,-9.166893945499304,-7.893356874449142,-11.758854370897932,10.054363936884414,-8.416273008245196e-25
ENGINEERING_SAMPLE,ofi_1s,aggressive_flow_1s,LOW,HIGH,3000,500,512,99.0234375,-9.929723135299731,-10.052722271405084,0.0,-10.421593489759935,-9.166893945499304,-7.893356874449142,-11.758854370897932,10.054363936884414,0.0
ENGINEERING_SAMPLE,ofi_1s,aggressive_flow_1s,LOW,HIGH,30000,100,512,97.65625,-9.922244615994579,-10.105444542810169,0.0,-12.479920049362663,-7.520720635221917,-7.893356874449142,-11.758854370897932,10.0591346995584,-1.155623253963864e-25
ENGINEERING_SAMPLE,ofi_1s,aggressive_flow_1s,LOW,HIGH,30000,1000,512,97.65625,-9.922933596083405,-10.105444542810169,0.0,-12.479920049362663,-7.520720635221917,-7.893356874449142,-11.758854370897932,10.059823616706733,0.0006889171483327753
ENGINEERING_SAMPLE,ofi_1s,aggressive_flow_1s,LOW,HIGH,30000,500,512,97.65625,-9.922258631524842,-10.105444542810169,0.0,-12.479920049362663,-7.520720635221917,-7.893356874449142,-11.758854370897932,10.059148713808302,1.4014249900485842e-05
ENGINEERING_SAMPLE,ofi_1s,aggressive_flow_1s,LOW,HIGH,500,100,512,99.8046875,-10.030542796019283,-10.052726439107682,0.0,-10.052803799973612,-10.052668982943777,-7.893356874449142,-11.758854370897932,10.049602781644086,-1.1031819742044824e-24
ENGINEERING_SAMPLE,ofi_1s,aggressive_flow_1s,LOW,HIGH,500,1000,512,99.8046875,-10.030542796019283,-10.052726439107682,0.0,-10.052803799973612,-10.052668982943777,-7.893356874449142,-11.758854370897932,10.049602781644086,-1.1031819742044824e-24
ENGINEERING_SAMPLE,ofi_1s,aggressive_flow_1s,LOW,HIGH,500,500,512,99.8046875,-10.030542796019283,-10.052726439107682,0.0,-10.052803799973612,-10.052668982943777,-7.893356874449142,-11.758854370897932,10.049602781644086,0.0
ENGINEERING_SAMPLE,ofi_1s,aggressive_flow_1s,LOW,HIGH,5000,100,512,99.0234375,-9.830671788840673,-10.052717271031582,0.0,-10.474557959366518,-8.893706757653304,-7.893356874449142,-11.758854370897932,10.04988390240837,-6.962581334185469e-25
ENGINEERING_SAMPLE,ofi_1s,aggressive_flow_1s,LOW,HIGH,5000,1000,512,99.0234375,-9.830671788840673,-10.052717271031582,0.0,-10.474557959366518,-8.893706757653304,-7.893356874449142,-11.758854370897932,10.04988390240837,-6.962581334185469e-25
ENGINEERING_SAMPLE,ofi_1s,aggressive_flow_1s,LOW,HIGH,5000,500,512,99.0234375,-9.830671788840673,-10.052717271031582,0.0,-10.474557959366518,-8.893706757653304,-7.893356874449142,-11.758854370897932,10.04988390240837,0.0
ENGINEERING_SAMPLE,ofi_1s,aggressive_flow_1s,LOW,HIGH,60000,100,512,95.703125,-9.594909629360874,-9.578369555596518,0.20408163265306123,-13.846435399013066,-5.513594927092785,-7.893356874449142,-11.758854370897932,10.057970609967972,-5.052745151027359e-25
ENGINEERING_SAMPLE,ofi_1s,aggressive_flow_1s,LOW,HIGH,60000,1000,512,95.703125,-9.594909629360874,-9.578369555596518,0.20408163265306123,-13.846435399013066,-5.513594927092785,-7.893356874449142,-11.758854370897932,10.057970609967972,-5.052745151027359e-25
ENGINEERING_SAMPLE,ofi_1s,aggressive_flow_1s,LOW,HIGH,60000,500,512,95.703125,-9.594909629360874,-9.578369555596518,0.20408163265306123,-13.846435399013066,-5.513594927092785,-7.893356874449142,-11.758854370897932,10.057970609967972,0.0
ENGINEERING_SAMPLE,ofi_1s,aggressive_flow_1s,LOW,LOW,1000,100,1229,100.0,-10.004998263937253,-10.052736722258533,0.0,-10.052825546339172,-9.894475716415936,-7.112496545843945,-11.844568930429359,10.061980959775935,3.9339437634711114e-05
ENGINEERING_SAMPLE,ofi_1s,aggressive_flow_1s,LOW,LOW,1000,1000,1229,100.0,-10.005249922874219,-10.052736722258533,0.0,-10.052825546339172,-9.894475716415936,-7.112615232847928,-11.84468757102882,10.062232493336786,0.0002908729984847586
ENGINEERING_SAMPLE,ofi_1s,aggressive_flow_1s,LOW,LOW,1000,500,1229,100.0,-10.005073875578782,-10.052736722258533,0.0,-10.052825546339172,-9.894475716415936,-7.112571707367739,-11.844644066312517,10.06205653458918,0.00011491425087788519
ENGINEERING_SAMPLE,ofi_1s,aggressive_flow_1s,LOW,LOW,15000,100,1229,99.75589910496339,-9.731673457514802,-10.052668428422527,0.0,-11.741064366094689,-7.546884564565518,-7.112496545843945,-11.844568930429359,10.06406541776331,3.943570053267534e-05
ENGINEERING_SAMPLE,ofi_1s,aggressive_flow_1s,LOW,LOW,15000,1000,1229,99.75589910496339,-9.731792449605294,-10.052668428422527,0.0,-11.741064366094689,-7.546884564565518,-7.112615232847928,-11.84468757102882,10.064184359763827,0.00015837770104855852
ENGINEERING_SAMPLE,ofi_1s,aggressive_flow_1s,LOW,LOW,15000,500,1229,99.75589910496339,-9.73174882403486,-10.052668428422527,0.0,-11.741064366094689,-7.546884564565518,-7.112571707367739,-11.844644066312517,10.06414074619481,0.00011476413203179588
ENGINEERING_SAMPLE,ofi_1s,aggressive_flow_1s,LOW,LOW,250,100,1229,100.0,-10.039350319573309,-10.052740892246218,0.0,-10.052813834532488,-10.052672864919504,-7.112496545843945,-11.844568930429359,10.05978542298794,7.171740975506124e-05
ENGINEERING_SAMPLE,ofi_1s,aggressive_flow_1s,LOW,LOW,250,1000,1229,100.0,-10.039508585753007,-10.052740892246218,0.0,-10.052813834532488,-10.052672864919504,-7.112615232847928,-11.84468757102882,10.059943612952813,0.0002299073746255803
ENGINEERING_SAMPLE,ofi_1s,aggressive_flow_1s,LOW,LOW,250,500,1229,100.0,-10.039451056405994,-10.052740892246218,0.0,-10.052813834532488,-10.052672864919504,-7.112571707367739,-11.844644066312517,10.059886110653041,0.00017240507485518427
ENGINEERING_SAMPLE,ofi_1s,aggressive_flow_1s,LOW,LOW,3000,100,1229,100.0,-9.893016212656761,-10.052723938407057,0.0,-10.26382545592625,-9.102858130805632,-7.112496545843945,-11.844568930429359,10.062960595825444,7.171232809179833e-05
ENGINEERING_SAMPLE,ofi_1s,aggressive_flow_1s,LOW,LOW,3000,1000,1229,100.0,-9.893174453489802,-10.052723938407057,0.0,-10.26382545592625,-9.102858130805632,-7.112615232847928,-11.84468757102882,10.063118784148546,0.00022990065119418628
ENGINEERING_SAMPLE,ofi_1s,aggressive_flow_1s,LOW,LOW,3000,500,1229,100.0,-9.893116928987613,-10.052723938407057,0.0,-10.26382545592625,-9.102858130805632,-7.112571707367739,-11.844644066312517,10.063061275125344,0.00017239162799239621
ENGINEERING_SAMPLE,ofi_1s,aggressive_flow_1s,LOW,LOW,30000,100,1229,98.53539462978031,-9.517543739666035,-9.683469549169523,0.0,-12.477202686685105,-6.091776244595886,-7.112496545843945,-11.844568930429359,10.063417567278067,9.81934762002942e-05
ENGINEERING_SAMPLE,ofi_1s,aggressive_flow_1s,LOW,LOW,30000,1000,1229,98.53539462978031,-9.517979703255302,-9.683469549169523,0.0,-12.477202686685105,-6.101263823064771,-7.112615232847928,-11.84468757102882,10.063853465379344,0.0005340915774777647
ENGINEERING_SAMPLE,ofi_1s,aggressive_flow_1s,LOW,LOW,30000,500,1229,98.53539462978031,-9.517829788347381,-9.683469549169523,0.0,-12.477202686685105,-6.101263823064771,-7.112571707367739,-11.844644066312517,10.063703568769062,0.00038419496719549316
ENGINEERING_SAMPLE,ofi_1s,aggressive_flow_1s,LOW,LOW,500,100,1229,100.0,-10.021977670334753,-10.052738668170724,0.0,-10.052818072499898,-10.052668872039527,-7.112496545843945,-11.844568930429359,10.05483121423594,7.335381150067745e-05
ENGINEERING_SAMPLE,ofi_1s,aggressive_flow_1s,LOW,LOW,500,1000,1229,100.0,-10.022378444494908,-10.052738668170724,0.0,-10.052818072499898,-10.052668872039527,-7.112615232847928,-11.84468757102882,10.055231770473451,0.00047391004901206835
ENGINEERING_SAMPLE,ofi_1s,aggressive_flow_1s,LOW,LOW,500,500,1229,100.0,-10.022124660226503,-10.052738668170724,0.0,-10.052818072499898,-10.052668872039527,-7.112571707367739,-11.844644066312517,10.054978118391736,0.00022025796729639545
ENGINEERING_SAMPLE,ofi_1s,aggressive_flow_1s,LOW,LOW,5000,100,1229,100.0,-9.875205868562338,-10.052720326702675,0.0,-10.684941405106029,-8.88324993684381,-7.112496545843945,-11.844568930429359,10.064841290766548,7.335267727770386e-05
ENGINEERING_SAMPLE,ofi_1s,aggressive_flow_1s,LOW,LOW,5000,1000,1229,100.0,-9.875559610611615,-10.052720326702675,0.0,-10.684941405106029,-8.88324993684381,-7.112615232847928,-11.84468757102882,10.065194881089404,0.0004269430001332534
ENGINEERING_SAMPLE,ofi_1s,aggressive_flow_1s,LOW,LOW,5000,500,1229,100.0,-9.87534790848879,-10.052720326702675,0.0,-10.684941405106029,-8.88324993684381,-7.112571707367739,-11.844644066312517,10.064983256026292,0.0002153179370198059
ENGINEERING_SAMPLE,ofi_1s,aggressive_flow_1s,LOW,LOW,60000,100,1229,97.96582587469487,-9.267776807208893,-9.103726109111603,0.8305647840531561,-14.057562255087852,-4.1003906537922905,-7.112496545843945,-11.844568930429359,10.063271322939071,4.015628642280728e-05
ENGINEERING_SAMPLE,ofi_1s,aggressive_flow_1s,LOW,LOW,60000,1000,1229,97.96582587469487,-9.267897950929871,-9.103726109111603,0.8305647840531561,-14.057562255087852,-4.1003906537922905,-7.112615232847928,-11.84468757102882,10.0633924382984,0.0001612716457521036
ENGINEERING_SAMPLE,ofi_1s,aggressive_flow_1s,LOW,LOW,60000,500,1229,97.96582587469487,-9.267853534260267,-9.103726109111603,0.8305647840531561,-14.057562255087852,-4.1003906537922905,-7.112571707367739,-11.844644066312517,10.063348027803704,0.00011686115105563269
ENGINEERING_SAMPLE,ofi_1s,aggressive_flow_1s,LOW,MID,1000,100,657,99.69558599695586,-9.989486179801423,-10.052736722258533,0.0,-10.05282761041484,-9.789101800305206,-7.852009729138846,-12.130228218763044,10.051105796632179,-6.8373412587281055e-25
ENGINEERING_SAMPLE,ofi_1s,aggressive_flow_1s,LOW,MID,1000,1000,657,99.69558599695586,-9.989720961141234,-10.052736722258533,0.0,-10.05282761041484,-9.789101800305206,-7.852243699451913,-12.13049115619378,10.05134046037796,0.00023466374577932206
ENGINEERING_SAMPLE,ofi_1s,aggressive_flow_1s,LOW,MID,1000,500,657,99.69558599695586,-9.989642931964847,-10.052736722258533,0.0,-10.05282761041484,-9.789101800305206,-7.852165939255078,-12.130384402517342,10.051262470090373,0.00015667345819319977
ENGINEERING_SAMPLE,ofi_1s,aggressive_flow_1s,LOW,MID,15000,100,657,98.4779299847793,-9.990269185009605,-10.052766204314118,0.0,-12.108670963388372,-7.574356216996133,-7.852009729138846,-12.130228218763044,10.059700929966818,6.149061723590066e-05
ENGINEERING_SAMPLE,ofi_1s,aggressive_flow_1s,LOW,MID,15000,1000,657,98.4779299847793,-9.990581980811076,-10.052766204314118,0.0,-12.108670963388372,-7.574356216996133,-7.852243699451913,-12.13049115619378,10.06001359567204,0.00037415632245657327
ENGINEERING_SAMPLE,ofi_1s,aggressive_flow_1s,LOW,MID,15000,500,657,98.4779299847793,-9.990476383816539,-10.052766204314118,0.0,-12.108670963388372,-7.574356216996133,-7.852165939255078,-12.130384402517342,10.059908040117236,0.0002686007676535835
ENGINEERING_SAMPLE,ofi_1s,aggressive_flow_1s,LOW,MID,250,100,657,100.0,-10.035374486034035,-10.052741170268845,0.0,-10.052825546339172,-10.052672365777683,-7.852009729138846,-12.130228218763044,10.054526837330581,4.686035784049607e-05
ENGINEERING_SAMPLE,ofi_1s,aggressive_flow_1s,LOW,MID,250,1000,657,100.0,-10.03611641913857,-10.052741170268845,0.0,-10.052825546339172,-10.052672365777683,-7.852243699451913,-12.13049115619378,10.055268392693883,0.0007884157211425129
ENGINEERING_SAMPLE,ofi_1s,aggressive_flow_1s,LOW,MID,250,500,657,100.0,-10.035869897368215,-10.052741170268845,0.0,-10.052825546339172,-10.052672365777683,-7.852165939255078,-12.130384402517342,10.055021996242424,0.000542019269683633
ENGINEERING_SAMPLE,ofi_1s,aggressive_flow_1s,LOW,MID,3000,100,657,99.69558599695586,-9.951058250232592,-10.052736166309996,0.0,-10.400713223606838,-9.314913722267871,-7.852009729138846,-12.130228218763044,10.06806109158785,4.701390359812264e-05
ENGINEERING_SAMPLE,ofi_1s,aggressive_flow_1s,LOW,MID,3000,1000,657,99.69558599695586,-9.951802625528074,-10.052736166309996,0.0,-10.400713223606838,-9.314913722267871,-7.852243699451913,-12.13049115619378,10.068804953465508,0.0007908757812567951
ENGINEERING_SAMPLE,ofi_1s,aggressive_flow_1s,LOW,MID,3000,500,657,99.69558599695586,-9.95155535906214,-10.052736166309996,0.0,-10.400713223606838,-9.314913722267871,-7.852165939255078,-12.130384402517342,10.06855785734234,0.0005437796580874605
ENGINEERING_SAMPLE,ofi_1s,aggressive_flow_1s,LOW,MID,30000,100,657,97.26027397260275,-10.042702182507869,-10.158210166775602,0.0,-13.011087937907547,-7.045824831142537,-7.852009729138846,-12.130228218763044,10.071779570561521,4.9828669764161976e-26
ENGINEERING_SAMPLE,ofi_1s,aggressive_flow_1s,LOW,MID,30000,1000,657,97.26027397260275,-10.042942865217226,-10.158210166775602,0.0,-13.011087937907547,-7.045824831142537,-7.852243699451913,-12.13049115619378,10.072020110081843,0.0002405395203215273
ENGINEERING_SAMPLE,ofi_1s,aggressive_flow_1s,LOW,MID,30000,500,657,97.26027397260275,-10.042862874862166,-10.158210166775602,0.0,-13.011087937907547,-7.045824831142537,-7.852165939255078,-12.130384402517342,10.071940166985803,0.00016059642428254437
ENGINEERING_SAMPLE,ofi_1s,aggressive_flow_1s,LOW,MID,500,100,657,99.84779299847793,-10.01639046062926,-10.052738946171369,0.0,-10.052826104173816,-10.052668428422527,-7.852009729138846,-12.130228218763044,10.04779477498275,6.0654214706588086e-05
ENGINEERING_SAMPLE,ofi_1s,aggressive_flow_1s,LOW,MID,500,1000,657,99.84779299847793,-10.01669897413524,-10.052738946171369,0.0,-10.052826104173816,-10.052668428422527,-7.852243699451913,-12.13049115619378,10.048103153399225,0.00036903263118100556
ENGINEERING_SAMPLE,ofi_1s,aggressive_flow_1s,LOW,MID,500,500,657,99.84779299847793,-10.01659483121459,-10.052738946171369,0.0,-10.052826104173816,-10.052668428422527,-7.852165939255078,-12.130384402517342,10.047999055566097,0.0002649347980526555
ENGINEERING_SAMPLE,ofi_1s,aggressive_flow_1s,LOW,MID,5000,100,657,99.23896499238965,-9.937501991542087,-10.052736444284264,0.0,-10.891348915490456,-8.788198741409726,-7.852009729138846,-12.130228218763044,10.062980891487301,0.0001138852586922238
ENGINEERING_SAMPLE,ofi_1s,aggressive_flow_1s,LOW,MID,5000,1000,657,99.23896499238965,-9.93805994219103,-10.052736444284264,0.0,-10.891348915490456,-8.788198741409726,-7.852243699451913,-12.13049115619378,10.063538512027764,0.0006715057991539064
ENGINEERING_SAMPLE,ofi_1s,aggressive_flow_1s,LOW,MID,5000,500,657,99.23896499238965,-9.937903757464648,-10.052736444284264,0.0,-10.891348915490456,-8.788198741409726,-7.852165939255078,-12.130384402517342,10.063382413784716,0.0005154075561065813
ENGINEERING_SAMPLE,ofi_1s,aggressive_flow_1s,LOW,MID,60000,100,657,96.9558599695586,-10.139648360705007,-10.105444542810169,0.0,-14.34878573554029,-5.389241549275105,-7.852009729138846,-12.130228218763044,10.062651938599664,-3.143053344790025e-25
ENGINEERING_SAMPLE,ofi_1s,aggressive_flow_1s,LOW,MID,60000,1000,657,96.9558599695586,-10.139889801809627,-10.105444542810169,0.0,-14.34878573554029,-5.389241549275105,-7.852243699451913,-12.13049115619378,10.06289323334611,0.0002412947464449858
ENGINEERING_SAMPLE,ofi_1s,aggressive_flow_1s,LOW,MID,60000,500,657,96.9558599695586,-10.139809550787017,-10.105444542810169,0.0,-14.34878573554029,-5.389241549275105,-7.852165939255078,-12.130384402517342,10.062813039251338,0.00016110065167432628
ENGINEERING_SAMPLE,ofi_1s,aggressive_flow_1s,MID,HIGH,1000,100,811,99.8766954377312,-10.071270099123097,-10.052726439107682,0.0,-10.052813834532488,-10.052668982943777,-7.969471046627225,-11.872900322561208,10.052636630452039,-1.1188922388628536e-24
ENGINEERING_SAMPLE,ofi_1s,aggressive_flow_1s,MID,HIGH,1000,1000,811,99.8766954377312,-10.071270099123097,-10.052726439107682,0.0,-10.052813834532488,-10.052668982943777,-7.969471046627225,-11.872900322561208,10.052636630452039,-1.1188922388628536e-24
ENGINEERING_SAMPLE,ofi_1s,aggressive_flow_1s,MID,HIGH,1000,500,811,99.8766954377312,-10.071270099123097,-10.052726439107682,0.0,-10.052813834532488,-10.052668982943777,-7.969471046627225,-11.872900322561208,10.052636630452039,0.0
ENGINEERING_SAMPLE,ofi_1s,aggressive_flow_1s,MID,HIGH,15000,100,811,99.13686806411837,-10.041626919293083,-10.052723938407057,0.0,-11.95089880949244,-8.366702651465284,-7.969471046627225,-11.872900322561208,10.053412178310529,5.030734421879736e-05
ENGINEERING_SAMPLE,ofi_1s,aggressive_flow_1s,MID,HIGH,15000,1000,811,99.13686806411837,-10.041699717059625,-10.052723938407057,0.0,-11.95089880949244,-8.366702651465284,-7.969471046627225,-11.872900322561208,10.053484931449027,0.00012306048271832688
ENGINEERING_SAMPLE,ofi_1s,aggressive_flow_1s,MID,HIGH,15000,500,811,99.13686806411837,-10.041691628418898,-10.052723938407057,0.0,-11.95089880949244,-8.366702651465284,-7.969471046627225,-11.872900322561208,10.053476847766973,0.00011497680066282359
ENGINEERING_SAMPLE,ofi_1s,aggressive_flow_1s,MID,HIGH,250,100,811,99.8766954377312,-10.0549661427145,-10.052724494097808,0.0,-10.052796833773087,-10.052672864919504,-7.969471046627225,-11.872900322561208,10.049471775416183,2.0579220244602687e-05
ENGINEERING_SAMPLE,ofi_1s,aggressive_flow_1s,MID,HIGH,250,1000,811,99.8766954377312,-10.055155789386188,-10.052724494097808,0.0,-10.052796833773087,-10.052672864919504,-7.969471046627225,-11.872900322561208,10.049661320824145,0.0002101246282055356
ENGINEERING_SAMPLE,ofi_1s,aggressive_flow_1s,MID,HIGH,250,500,811,99.8766954377312,-10.055073724219428,-10.052724494097808,0.0,-10.052796833773087,-10.052672864919504,-7.969471046627225,-11.872900322561208,10.0495792994771,0.00012810328116072102
ENGINEERING_SAMPLE,ofi_1s,aggressive_flow_1s,MID,HIGH,3000,100,811,99.63008631319359,-10.05471842061142,-10.05272671697795,0.0,-10.737792994469318,-9.473279669806105,-7.969471046627225,-11.872900322561208,10.045997460560267,2.063884131166654e-05
ENGINEERING_SAMPLE,ofi_1s,aggressive_flow_1s,MID,HIGH,3000,1000,811,99.63008631319359,-10.054807277036838,-10.05272671697795,0.0,-10.737792994469318,-9.473279669806105,-7.969471046627225,-11.872900322561208,10.046086252232314,0.00010943051335920688
ENGINEERING_SAMPLE,ofi_1s,aggressive_flow_1s,MID,HIGH,3000,500,811,99.63008631319359,-10.054754082091492,-10.05272671697795,0.0,-10.737792994469318,-9.473279669806105,-7.969471046627225,-11.872900322561208,10.046033096052335,5.627433337982199e-05
ENGINEERING_SAMPLE,ofi_1s,aggressive_flow_1s,MID,HIGH,30000,100,811,99.13686806411837,-10.067549674581365,-9.947307289158303,0.0,-12.688901142365445,-7.519420323024733,-7.969471046627225,-11.872900322561208,10.049166528242095,3.0174668533552527e-25
ENGINEERING_SAMPLE,ofi_1s,aggressive_flow_1s,MID,HIGH,30000,1000,811,99.13686806411837,-10.067549674581365,-9.947307289158303,0.0,-12.688901142365445,-7.519420323024733,-7.969471046627225,-11.872900322561208,10.049166528242095,3.0174668533552527e-25
ENGINEERING_SAMPLE,ofi_1s,aggressive_flow_1s,MID,HIGH,30000,500,811,99.13686806411837,-10.067549674581365,-9.947307289158303,0.0,-12.688901142365445,-7.519420323024733,-7.969471046627225,-11.872900322561208,10.049166528242095,0.0
ENGINEERING_SAMPLE,ofi_1s,aggressive_flow_1s,MID,HIGH,500,100,811,99.8766954377312,-10.06711471872025,-10.052726439107682,0.0,-10.052803799973612,-10.052672005289969,-7.969471046627225,-11.872900322561208,10.057315438190649,-1.222958017770065e-24
ENGINEERING_SAMPLE,ofi_1s,aggressive_flow_1s,MID,HIGH,500,1000,811,99.8766954377312,-10.067288126195649,-10.052726439107682,0.0,-10.052803799973612,-10.052672005289969,-7.969471046627225,-11.872900322561208,10.057488745812108,0.0001733076214592404
ENGINEERING_SAMPLE,ofi_1s,aggressive_flow_1s,MID,HIGH,500,500,811,99.8766954377312,-10.067186726798164,-10.052726439107682,0.0,-10.052803799973612,-10.052672005289969,-7.969471046627225,-11.872900322561208,10.057387407819594,7.196962894521919e-05
ENGINEERING_SAMPLE,ofi_1s,aggressive_flow_1s,MID,HIGH,5000,100,811,99.63008631319359,-10.005234074647541,-10.052726578042815,0.0,-10.843062884928255,-9.05045871559633,-7.969471046627225,-11.872900322561208,10.044214431735043,4.9239853909818384e-05
ENGINEERING_SAMPLE,ofi_1s,aggressive_flow_1s,MID,HIGH,5000,1000,811,99.63008631319359,-10.00529421008022,-10.052726578042815,0.0,-10.843062884928255,-9.05045871559633,-7.969471046627225,-11.872900322561208,10.044274568370252,0.00010937648912037367
ENGINEERING_SAMPLE,ofi_1s,aggressive_flow_1s,MID,HIGH,5000,500,811,99.63008631319359,-10.005272912251751,-10.052726578042815,0.0,-10.843062884928255,-9.05045871559633,-7.969471046627225,-11.872900322561208,10.044253270115892,8.807823475984242e-05
ENGINEERING_SAMPLE,ofi_1s,aggressive_flow_1s,MID,HIGH,60000,100,811,97.28729963008631,-9.805391475697583,-10.052668428422527,0.5069708491761724,-14.012051244169603,-5.321945214595528,-7.969471046627225,-11.872900322561208,10.047161562082627,-3.9395629402015284e-25
ENGINEERING_SAMPLE,ofi_1s,aggressive_flow_1s,MID,HIGH,60000,1000,811,97.28729963008631,-9.805391475697583,-10.052668428422527,0.5069708491761724,-14.012051244169603,-5.321945214595528,-7.969471046627225,-11.872900322561208,10.047161562082627,-3.9395629402015284e-25
ENGINEERING_SAMPLE,ofi_1s,aggressive_flow_1s,MID,HIGH,60000,500,811,97.28729963008631,-9.805391475697583,-10.052668428422527,0.5069708491761724,-14.012051244169603,-5.321945214595528,-7.969471046627225,-11.872900322561208,10.047161562082627,0.0
ENGINEERING_SAMPLE,ofi_1s,aggressive_flow_1s,MID,LOW,1000,100,720,100.0,-10.024995622823779,-10.052731997069566,0.0,-10.052796833773087,-10.052668982943777,-7.42531923985447,-11.79638098675646,10.053161529189692,8.62315464388362e-05
ENGINEERING_SAMPLE,ofi_1s,aggressive_flow_1s,MID,LOW,1000,1000,720,100.0,-10.025402196754872,-10.052731997069566,0.0,-10.052796833773087,-10.052668982943777,-7.425725777406282,-11.79678721514799,10.05356789287852,0.0004925952352666906
ENGINEERING_SAMPLE,ofi_1s,aggressive_flow_1s,MID,LOW,1000,500,720,100.0,-10.025308254842349,-10.052731997069566,0.0,-10.052796833773087,-10.052668982943777,-7.425631847308699,-11.796693356199631,10.053474001662986,0.0003987040197324448
ENGINEERING_SAMPLE,ofi_1s,aggressive_flow_1s,MID,LOW,15000,100,720,99.72222222222223,-9.777547585577375,-10.052680630587938,0.0,-11.824883093011204,-7.62825239573408,-7.42531923985447,-11.79638098675646,10.056282815323799,8.64717457325377e-05
ENGINEERING_SAMPLE,ofi_1s,aggressive_flow_1s,MID,LOW,15000,1000,720,99.72222222222223,-9.777955347486843,-10.052680630587938,0.0,-11.824883093011204,-7.62825239573408,-7.425725777406282,-11.79678721514799,10.056690310944907,0.0004939673668412496
ENGINEERING_SAMPLE,ofi_1s,aggressive_flow_1s,MID,LOW,15000,500,720,99.72222222222223,-9.777861130506261,-10.052680630587938,0.0,-11.824883093011204,-7.62825239573408,-7.425631847308699,-11.796693356199631,10.056596158193955,0.00039981461588768836
ENGINEERING_SAMPLE,ofi_1s,aggressive_flow_1s,MID,LOW,250,100,720,100.0,-10.043666712536346,-10.052731997069566,0.0,-10.052789033810308,-10.052675083448284,-7.42531923985447,-11.79638098675646,10.048586354215413,8.62315464388362e-05
ENGINEERING_SAMPLE,ofi_1s,aggressive_flow_1s,MID,LOW,250,1000,720,100.0,-10.04407328646744,-10.05273255293606,0.0,-10.052789145224237,-10.052675333044597,-7.425725777406282,-11.79678721514799,10.048992717904241,0.0004925952352666906
ENGINEERING_SAMPLE,ofi_1s,aggressive_flow_1s,MID,LOW,250,500,720,100.0,-10.043979344554915,-10.05273255293606,0.0,-10.052789145224237,-10.052675333044597,-7.425631847308699,-11.796693356199631,10.048898826688706,0.0003987040197324448
ENGINEERING_SAMPLE,ofi_1s,aggressive_flow_1s,MID,LOW,3000,100,720,100.0,-9.987086156483828,-10.052726994851147,0.0,-10.474725587574731,-9.314159428073008,-7.42531923985447,-11.79638098675646,10.051807562078992,8.62315464388362e-05
ENGINEERING_SAMPLE,ofi_1s,aggressive_flow_1s,MID,LOW,3000,1000,720,100.0,-9.987971417364426,-10.052726994851147,0.0,-10.474725587574731,-9.314159428073008,-7.425725777406282,-11.79678721514799,10.052692493890497,0.0009711633579448766
ENGINEERING_SAMPLE,ofi_1s,aggressive_flow_1s,MID,LOW,3000,500,720,100.0,-9.98740856305292,-10.052726994851147,0.0,-10.474725587574731,-9.314159428073008,-7.425631847308699,-11.796693356199631,10.052129829348816,0.0004084988162622345
ENGINEERING_SAMPLE,ofi_1s,aggressive_flow_1s,MID,LOW,30000,100,720,99.16666666666667,-9.633523416889023,-9.604440324863788,0.0,-12.585448562101499,-6.619914589920766,-7.42531923985447,-11.79638098675646,10.045890030858528,8.695618128286003e-05
ENGINEERING_SAMPLE,ofi_1s,aggressive_flow_1s,MID,LOW,30000,1000,720,99.16666666666667,-9.633933428900734,-9.604440324863788,0.0,-12.585448562101499,-6.619914589920766,-7.425725777406282,-11.79678721514799,10.04629980936827,0.0004967346910252342
ENGINEERING_SAMPLE,ofi_1s,aggressive_flow_1s,MID,LOW,30000,500,720,99.16666666666667,-9.633838691277816,-9.604440324863788,0.0,-12.585448562101499,-6.619914589920766,-7.425631847308699,-11.796693356199631,10.046205129150925,0.0004020544736797763
ENGINEERING_SAMPLE,ofi_1s,aggressive_flow_1s,MID,LOW,500,100,720,100.0,-10.031516054362111,-10.052731997069566,0.0,-10.052793490649668,-10.052670923860113,-7.42531923985447,-11.79638098675646,10.04829951443415,8.62315464388362e-05
ENGINEERING_SAMPLE,ofi_1s,aggressive_flow_1s,MID,LOW,500,1000,720,100.0,-10.031922628293204,-10.052731997069566,0.0,-10.052793490649668,-10.052670923860113,-7.425725777406282,-11.79678721514799,10.048705878122979,0.0004925952352666906
ENGINEERING_SAMPLE,ofi_1s,aggressive_flow_1s,MID,LOW,500,500,720,100.0,-10.03182868638068,-10.052731997069566,0.0,-10.052793490649668,-10.052670923860113,-7.425631847308699,-11.796693356199631,10.048611986907446,0.0003987040197324448
ENGINEERING_SAMPLE,ofi_1s,aggressive_flow_1s,MID,LOW,5000,100,720,99.86111111111111,-9.940175596696745,-10.052723938407057,0.0,-10.843168956816243,-8.73504543658633,-7.42531923985447,-11.79638098675646,10.05246952325866,8.635147904862596e-05
ENGINEERING_SAMPLE,ofi_1s,aggressive_flow_1s,MID,LOW,5000,1000,720,99.86111111111111,-9.940664245224147,-10.052723938407057,0.0,-10.843168956816243,-8.73504543658633,-7.425725777406282,-11.79678721514799,10.052957938710067,0.0005747669304570226
ENGINEERING_SAMPLE,ofi_1s,aggressive_flow_1s,MID,LOW,5000,500,720,99.86111111111111,-9.94048864018836,-10.052723938407057,0.0,-10.843168956816243,-8.73504543658633,-7.425631847308699,-11.796693356199631,10.0527824303251,0.0003992585454900699
ENGINEERING_SAMPLE,ofi_1s,aggressive_flow_1s,MID,LOW,60000,100,720,95.69444444444444,-9.382152939129005,-10.0,0.14513788098693758,-13.800810434342155,-3.973030230777107,-7.42531923985447,-11.79638098675646,10.054409697431511,9.011134025538762e-05
ENGINEERING_SAMPLE,ofi_1s,aggressive_flow_1s,MID,LOW,60000,1000,720,95.69444444444444,-9.382577641957827,-10.0,0.14513788098693758,-13.800810434342155,-3.973030230777107,-7.425725777406282,-11.79678721514799,10.054834344537397,0.0005147584461422601
ENGINEERING_SAMPLE,ofi_1s,aggressive_flow_1s,MID,LOW,60000,500,720,95.69444444444444,-9.382479510932487,-10.0,0.14513788098693758,-13.800810434342155,-3.973030230777107,-7.425631847308699,-11.796693356199631,10.054736228898522,0.00041664280726757657
ENGINEERING_SAMPLE,ofi_1s,aggressive_flow_1s,MID,MID,1000,100,866,100.0,-10.032264132046086,-10.052724494097808,0.0,-10.052796833773087,-10.052668982943777,-7.936994824194199,-11.864452844781534,10.054596271675997,-8.638401108464655e-25
ENGINEERING_SAMPLE,ofi_1s,aggressive_flow_1s,MID,MID,1000,1000,866,100.0,-10.032264132046086,-10.052724494097808,0.0,-10.052796833773087,-10.052668982943777,-7.936994824194199,-11.864452844781534,10.054596271675997,-8.638401108464655e-25
ENGINEERING_SAMPLE,ofi_1s,aggressive_flow_1s,MID,MID,1000,500,866,100.0,-10.032264132046086,-10.052724494097808,0.0,-10.052796833773087,-10.052668982943777,-7.936994824194199,-11.864452844781534,10.054596271675997,0.0
ENGINEERING_SAMPLE,ofi_1s,aggressive_flow_1s,MID,MID,15000,100,866,99.65357967667437,-9.945483890291095,-10.052723938407057,0.0,-11.688456203821387,-8.36561819896822,-7.936994824194199,-11.864452844781534,10.055709251368011,-1.769640537044014e-25
ENGINEERING_SAMPLE,ofi_1s,aggressive_flow_1s,MID,MID,15000,1000,866,99.65357967667437,-9.945483890291095,-10.052723938407057,0.0,-11.688456203821387,-8.36561819896822,-7.936994824194199,-11.864452844781534,10.055709251368011,-1.769640537044014e-25
ENGINEERING_SAMPLE,ofi_1s,aggressive_flow_1s,MID,MID,15000,500,866,99.65357967667437,-9.945483890291095,-10.052723938407057,0.0,-11.688456203821387,-8.36561819896822,-7.936994824194199,-11.864452844781534,10.055709251368011,0.0
ENGINEERING_SAMPLE,ofi_1s,aggressive_flow_1s,MID,MID,250,100,866,100.0,-10.05285571981493,-10.052726439107682,0.0,-10.05279209780653,-10.052670923860113,-7.936994824194199,-11.864452844781534,10.055573713644659,-9.125126922541821e-25
ENGINEERING_SAMPLE,ofi_1s,aggressive_flow_1s,MID,MID,250,1000,866,100.0,-10.05285571981493,-10.052726439107682,0.0,-10.05279209780653,-10.052670923860113,-7.936994824194199,-11.864452844781534,10.055573713644659,-9.125126922541821e-25
ENGINEERING_SAMPLE,ofi_1s,aggressive_flow_1s,MID,MID,250,500,866,100.0,-10.05285571981493,-10.052726439107682,0.0,-10.05279209780653,-10.052670923860113,-7.936994824194199,-11.864452844781534,10.055573713644659,0.0
ENGINEERING_SAMPLE,ofi_1s,aggressive_flow_1s,MID,MID,3000,100,866,99.88452655889145,-10.040700025052592,-10.052726439107682,0.0,-10.369085563133178,-9.630215318331098,-7.936994824194199,-11.864452844781534,10.054416374441304,-7.064710987219604e-25
ENGINEERING_SAMPLE,ofi_1s,aggressive_flow_1s,MID,MID,3000,1000,866,99.88452655889145,-10.040700025052592,-10.052726439107682,0.0,-10.369085563133178,-9.630215318331098,-7.936994824194199,-11.864452844781534,10.054416374441304,-7.064710987219604e-25
ENGINEERING_SAMPLE,ofi_1s,aggressive_flow_1s,MID,MID,3000,500,866,99.88452655889145,-10.040700025052592,-10.052726439107682,0.0,-10.369085563133178,-9.630215318331098,-7.936994824194199,-11.864452844781534,10.054416374441304,0.0
ENGINEERING_SAMPLE,ofi_1s,aggressive_flow_1s,MID,MID,30000,100,866,99.30715935334872,-9.941796261531822,-10.052680630587938,0.0,-12.585448562101499,-7.457810474436363,-7.936994824194199,-11.864452844781534,10.056617601794347,4.702115706935659e-05
ENGINEERING_SAMPLE,ofi_1s,aggressive_flow_1s,MID,MID,30000,1000,866,99.30715935334872,-9.941864318978658,-10.052680630587938,0.0,-12.585448562101499,-7.457810474436363,-7.936994824194199,-11.864452844781534,10.056685626843253,0.00011504620597477694
ENGINEERING_SAMPLE,ofi_1s,aggressive_flow_1s,MID,MID,30000,500,866,99.30715935334872,-9.94185675704012,-10.052680630587938,0.0,-12.585448562101499,-7.457810474436363,-7.936994824194199,-11.864452844781534,10.056678068504484,0.000107487867207508
ENGINEERING_SAMPLE,ofi_1s,aggressive_flow_1s,MID,MID,500,100,866,100.0,-10.040644203864824,-10.052726439107682,0.0,-10.052793490649668,-10.052670923860113,-7.936994824194199,-11.864452844781534,10.045804452417883,3.555110288822854e-05
ENGINEERING_SAMPLE,ofi_1s,aggressive_flow_1s,MID,MID,500,1000,866,100.0,-10.041029502100509,-10.052726439107682,0.0,-10.052793490649668,-10.052670923860113,-7.936994824194199,-11.864452844781534,10.04618955301858,0.00042065170358565244
ENGINEERING_SAMPLE,ofi_1s,aggressive_flow_1s,MID,MID,500,500,866,100.0,-10.04090149321761,-10.052726439107682,0.0,-10.052793490649668,-10.052670923860113,-7.936994824194199,-11.864452844781534,10.046061609796594,0.00029270848160000123
ENGINEERING_SAMPLE,ofi_1s,aggressive_flow_1s,MID,MID,5000,100,866,99.88452655889145,-10.022849543697584,-10.052723938407057,0.0,-10.842835948048213,-9.103811114565277,-7.936994824194199,-11.864452844781534,10.054413942426685,-5.603018375002754e-25
ENGINEERING_SAMPLE,ofi_1s,aggressive_flow_1s,MID,MID,5000,1000,866,99.88452655889145,-10.022849543697584,-10.052723938407057,0.0,-10.842835948048213,-9.103811114565277,-7.936994824194199,-11.864452844781534,10.054413942426685,-5.603018375002754e-25
ENGINEERING_SAMPLE,ofi_1s,aggressive_flow_1s,MID,MID,5000,500,866,99.88452655889145,-10.022849543697584,-10.052723938407057,0.0,-10.842835948048213,-9.103811114565277,-7.936994824194199,-11.864452844781534,10.054413942426685,0.0
ENGINEERING_SAMPLE,ofi_1s,aggressive_flow_1s,MID,MID,60000,100,866,95.3810623556582,-9.69628724149826,-10.131726577620142,1.2106537530266344,-13.5383027801384,-4.727856205637321,-7.936994824194199,-11.864452844781534,10.054623390969448,-3.253279244589335e-25
ENGINEERING_SAMPLE,ofi_1s,aggressive_flow_1s,MID,MID,60000,1000,866,95.3810623556582,-9.69628724149826,-10.131726577620142,1.2106537530266344,-13.5383027801384,-4.727856205637321,-7.936994824194199,-11.864452844781534,10.054623390969448,-3.253279244589335e-25
ENGINEERING_SAMPLE,ofi_1s,aggressive_flow_1s,MID,MID,60000,500,866,95.3810623556582,-9.69628724149826,-10.131726577620142,1.2106537530266344,-13.5383027801384,-4.727856205637321,-7.936994824194199,-11.864452844781534,10.054623390969448,0.0
ENGINEERING_SAMPLE,ofi_3s,momentum_3s_bps,HIGH,HIGH,1000,100,1420,99.92957746478874,-10.117654340025807,-10.052747287508303,0.0,-10.526684284225267,-10.052670923860113,-8.176318566945845,-12.130041300584784,10.049646099377506,1.3890636351999509e-05
ENGINEERING_SAMPLE,ofi_3s,momentum_3s_bps,HIGH,HIGH,1000,1000,1420,99.92957746478874,-10.117748826613273,-10.052747287508303,0.0,-10.526684284225267,-10.052670923860113,-8.17637168982234,-12.130107829029747,10.049740532716461,0.00010832397530694565
ENGINEERING_SAMPLE,ofi_3s,momentum_3s_bps,HIGH,HIGH,1000,500,1420,99.92957746478874,-10.117700251531875,-10.052747287508303,0.0,-10.526684284225267,-10.052670923860113,-8.176364433834381,-12.130087149825698,10.04969198758054,5.977883938464198e-05
ENGINEERING_SAMPLE,ofi_3s,momentum_3s_bps,HIGH,HIGH,15000,100,1420,98.45070422535211,-10.215648489814537,-10.211171734014373,0.0,-12.002654825303013,-8.523301723183646,-8.176318566945845,-12.130041300584784,10.040548875438425,1.4099293979604652e-05
ENGINEERING_SAMPLE,ofi_3s,momentum_3s_bps,HIGH,HIGH,15000,1000,1420,98.45070422535211,-10.21570246460447,-10.211171734014373,0.0,-12.002654825303013,-8.523301723183646,-8.17637168982234,-12.130107829029747,10.040602821355249,6.804521080264616e-05
ENGINEERING_SAMPLE,ofi_3s,momentum_3s_bps,HIGH,HIGH,15000,500,1420,98.45070422535211,-10.215695092206703,-10.211171734014373,0.0,-12.002654825303013,-8.523301723183646,-8.176364433834381,-12.130087149825698,10.040595452949228,6.067680478312373e-05
ENGINEERING_SAMPLE,ofi_3s,momentum_3s_bps,HIGH,HIGH,250,100,1420,100.0,-10.073395656634684,-10.052738390174477,0.0,-10.052826104173816,-10.052672587616545,-8.176318566945845,-12.130041300584784,10.055908546926728,7.57830580822652e-05
ENGINEERING_SAMPLE,ofi_3s,momentum_3s_bps,HIGH,HIGH,250,1000,1420,100.0,-10.073874436126985,-10.052738390174477,0.0,-10.052826104173816,-10.052672587616545,-8.17637168982234,-12.130107829029747,10.056387075314156,0.00055431144550952
ENGINEERING_SAMPLE,ofi_3s,momentum_3s_bps,HIGH,HIGH,250,500,1420,100.0,-10.073696451115508,-10.052738390174477,0.0,-10.052826104173816,-10.052672587616545,-8.176364433834381,-12.130087149825698,10.056209183758698,0.00037641989005205535
ENGINEERING_SAMPLE,ofi_3s,momentum_3s_bps,HIGH,HIGH,3000,100,1420,99.29577464788733,-10.21968613101141,-10.052763978103345,0.0,-11.001944910028145,-9.841743119266056,-8.176318566945845,-12.130041300584784,10.047596570228546,9.627716470388082e-05
ENGINEERING_SAMPLE,ofi_3s,momentum_3s_bps,HIGH,HIGH,3000,1000,1420,99.29577464788733,-10.220149434849509,-10.052763978103345,0.0,-11.001944910028145,-9.841743119266056,-8.17637168982234,-12.130107829029747,10.048059598736005,0.0005593056721628445
ENGINEERING_SAMPLE,ofi_3s,momentum_3s_bps,HIGH,HIGH,3000,500,1420,99.29577464788733,-10.220014337410754,-10.052763978103345,0.0,-11.001944910028145,-9.841743119266056,-8.176364433834381,-12.130087149825698,10.047924583357274,0.00042429029343222607
ENGINEERING_SAMPLE,ofi_3s,momentum_3s_bps,HIGH,HIGH,30000,100,1420,97.3943661971831,-10.076212095058128,-10.263931243339066,0.0,-12.9448854450593,-7.100091696705243,-8.176318566945845,-12.130041300584784,10.04656431183062,4.349169057348805e-05
ENGINEERING_SAMPLE,ofi_3s,momentum_3s_bps,HIGH,HIGH,30000,1000,1420,97.3943661971831,-10.07655805851032,-10.263931243339066,0.0,-12.9448854450593,-7.100091696705243,-8.17637168982234,-12.130107829029747,10.046910209522554,0.00038938938250672103
ENGINEERING_SAMPLE,ofi_3s,momentum_3s_bps,HIGH,HIGH,30000,500,1420,97.3943661971831,-10.076301882831899,-10.263931243339066,0.0,-12.9448854450593,-7.100091696705243,-8.176364433834381,-12.130087149825698,10.046654061545567,0.00013324140552097382
ENGINEERING_SAMPLE,ofi_3s,momentum_3s_bps,HIGH,HIGH,500,100,1420,100.0,-10.092760685655511,-10.052741448294404,0.0,-10.26354122624023,-10.05267203301939,-8.176318566945845,-12.130041300584784,10.056104314220036,0.0001290107843268249
ENGINEERING_SAMPLE,ofi_3s,momentum_3s_bps,HIGH,HIGH,500,1000,1420,100.0,-10.093506237125712,-10.052741448294404,0.0,-10.26361274615713,-10.05267203301939,-8.17637168982234,-12.130107829029747,10.056849462526937,0.0008741590912295869
ENGINEERING_SAMPLE,ofi_3s,momentum_3s_bps,HIGH,HIGH,500,500,1420,100.0,-10.093263769361021,-10.052741448294404,0.0,-10.26361274615713,-10.05267203301939,-8.176364433834381,-12.130087149825698,10.056607128510805,0.0006318250750958736
ENGINEERING_SAMPLE,ofi_3s,momentum_3s_bps,HIGH,HIGH,5000,100,1420,98.80281690140845,-10.233138395390869,-10.052786248667813,0.0,-11.212616353733996,-9.16707236271222,-8.176318566945845,-12.130041300584784,10.040699336835397,4.383542331463563e-05
ENGINEERING_SAMPLE,ofi_3s,momentum_3s_bps,HIGH,HIGH,5000,1000,1420,98.80281690140845,-10.23322490735654,-10.052786248667813,0.0,-11.212616353733996,-9.16707236271222,-8.17637168982234,-12.130107829029747,10.040785798615047,0.00013029720296503722
ENGINEERING_SAMPLE,ofi_3s,momentum_3s_bps,HIGH,HIGH,5000,500,1420,98.80281690140845,-10.233204796638287,-10.052786248667813,0.0,-11.212616353733996,-9.16707236271222,-8.176364433834381,-12.130087149825698,10.0407657005855,0.00011019917341624956
ENGINEERING_SAMPLE,ofi_3s,momentum_3s_bps,HIGH,HIGH,60000,100,1420,96.47887323943662,-10.195243461430708,-10.158008612430116,0.0,-14.16468635561293,-5.409437066883247,-8.176318566945845,-12.130041300584784,10.046792041801691,4.489279653556614e-05
ENGINEERING_SAMPLE,ofi_3s,momentum_3s_bps,HIGH,HIGH,60000,1000,1420,96.47887323943662,-10.195332051613306,-10.158008612430116,0.0,-14.16468635561293,-5.409437066883247,-8.17637168982234,-12.130107829029747,10.046880587167884,0.0001334381627275609
ENGINEERING_SAMPLE,ofi_3s,momentum_3s_bps,HIGH,HIGH,60000,500,1420,96.47887323943662,-10.19531145822117,-10.158008612430116,0.0,-14.16468635561293,-5.409437066883247,-8.176364433834381,-12.130087149825698,10.046860007439212,0.00011285843405592744
ENGINEERING_SAMPLE,ofi_3s,momentum_3s_bps,HIGH,LOW,1000,100,977,100.0,-10.11852725358821,-10.052745062893413,0.0,-10.33768575306486,-10.052670923860113,-7.7143732914146526,-11.97552031487072,10.047153092816753,-5.39079720812096e-25
ENGINEERING_SAMPLE,ofi_3s,momentum_3s_bps,HIGH,LOW,1000,1000,977,100.0,-10.11852725358821,-10.052745062893413,0.0,-10.33768575306486,-10.052670923860113,-7.7143732914146526,-11.97552031487072,10.047153092816753,-5.39079720812096e-25
ENGINEERING_SAMPLE,ofi_3s,momentum_3s_bps,HIGH,LOW,1000,500,977,100.0,-10.11852725358821,-10.052745062893413,0.0,-10.33768575306486,-10.052670923860113,-7.7143732914146526,-11.97552031487072,10.047153092816753,0.0
ENGINEERING_SAMPLE,ofi_3s,momentum_3s_bps,HIGH,LOW,15000,100,977,99.18116683725691,-10.140174234556389,-10.052741170268845,0.0,-12.27149849258436,-8.680455173723583,-7.7143732914146526,-11.97552031487072,10.042103844791221,-2.229664395613158e-25
ENGINEERING_SAMPLE,ofi_3s,momentum_3s_bps,HIGH,LOW,15000,1000,977,99.18116683725691,-10.140234770529563,-10.052741170268845,0.0,-12.27149849258436,-8.680455173723583,-7.7143732914146526,-11.97552031487072,10.042164333742054,6.048895083416275e-05
ENGINEERING_SAMPLE,ofi_3s,momentum_3s_bps,HIGH,LOW,15000,500,977,99.18116683725691,-10.140174234556389,-10.052741170268845,0.0,-12.27149849258436,-8.680455173723583,-7.7143732914146526,-11.97552031487072,10.042103844791221,0.0
ENGINEERING_SAMPLE,ofi_3s,momentum_3s_bps,HIGH,LOW,250,100,977,100.0,-10.066133695220907,-10.052741170268845,0.0,-10.052813834532488,-10.052675083448284,-7.7143732914146526,-11.97552031487072,10.048397497785068,-6.1450503938045295e-25
ENGINEERING_SAMPLE,ofi_3s,momentum_3s_bps,HIGH,LOW,250,1000,977,100.0,-10.066300904987354,-10.052741170268845,0.0,-10.052813834532488,-10.052675083448284,-7.7143732914146526,-11.97552031487072,10.048564623547845,0.00016712576277741592
ENGINEERING_SAMPLE,ofi_3s,momentum_3s_bps,HIGH,LOW,250,500,977,100.0,-10.066134230529531,-10.052741170268845,0.0,-10.052813834532488,-10.052675083448284,-7.7143732914146526,-11.97552031487072,10.048398032824759,5.350396921104592e-07
ENGINEERING_SAMPLE,ofi_3s,momentum_3s_bps,HIGH,LOW,3000,100,977,100.0,-10.215623806133015,-10.052755075138412,0.0,-11.26492320606842,-9.630652153276587,-7.7143732914146526,-11.97552031487072,10.046086271058968,1.706876538365053e-05
ENGINEERING_SAMPLE,ofi_3s,momentum_3s_bps,HIGH,LOW,3000,1000,977,100.0,-10.21569729230675,-10.052755075138412,0.0,-11.26492320606842,-9.630652153276587,-7.7143732914146526,-11.97552031487072,10.046159703680273,9.050138668806466e-05
ENGINEERING_SAMPLE,ofi_3s,momentum_3s_bps,HIGH,LOW,3000,500,977,100.0,-10.215653298943556,-10.052755075138412,0.0,-11.26492320606842,-9.630652153276587,-7.7143732914146526,-11.97552031487072,10.046115742376871,4.654008328648533e-05
ENGINEERING_SAMPLE,ofi_3s,momentum_3s_bps,HIGH,LOW,30000,100,977,97.7482088024565,-10.061853876478148,-10.052680630587938,0.0,-12.68802844725405,-7.520720635221917,-7.7143732914146526,-11.97552031487072,10.038908623423575,-2.7153749295144053e-26
ENGINEERING_SAMPLE,ofi_3s,momentum_3s_bps,HIGH,LOW,30000,1000,977,97.7482088024565,-10.061853876478148,-10.052680630587938,0.0,-12.68802844725405,-7.520720635221917,-7.7143732914146526,-11.97552031487072,10.038908623423575,-2.7153749295144053e-26
ENGINEERING_SAMPLE,ofi_3s,momentum_3s_bps,HIGH,LOW,30000,500,977,97.7482088024565,-10.061853876478148,-10.052680630587938,0.0,-12.68802844725405,-7.520720635221917,-7.7143732914146526,-11.97552031487072,10.038908623423575,0.0
ENGINEERING_SAMPLE,ofi_3s,momentum_3s_bps,HIGH,LOW,500,100,977,100.0,-10.090280964037047,-10.052743950656334,0.0,-10.05283252011913,-10.052672864919504,-7.7143732914146526,-11.97552031487072,10.055417755358361,-5.660048425999432e-25
ENGINEERING_SAMPLE,ofi_3s,momentum_3s_bps,HIGH,LOW,500,1000,977,100.0,-10.090280964037047,-10.052743950656334,0.0,-10.05283252011913,-10.052672864919504,-7.7143732914146526,-11.97552031487072,10.055417755358361,-5.660048425999432e-25
ENGINEERING_SAMPLE,ofi_3s,momentum_3s_bps,HIGH,LOW,500,500,977,100.0,-10.090280964037047,-10.052743950656334,0.0,-10.05283252011913,-10.052672864919504,-7.7143732914146526,-11.97552031487072,10.055417755358361,0.0
ENGINEERING_SAMPLE,ofi_3s,momentum_3s_bps,HIGH,LOW,5000,100,977,100.0,-10.22556955574877,-10.052755075138412,0.0,-11.583412024752189,-9.314635752865236,-7.7143732914146526,-11.97552031487072,10.041635449281012,4.1410161538067805e-05
ENGINEERING_SAMPLE,ofi_3s,momentum_3s_bps,HIGH,LOW,5000,1000,977,100.0,-10.225629463020342,-10.052755075138412,0.0,-11.583412024752189,-9.314635752865236,-7.7143732914146526,-11.97552031487072,10.041695310041083,0.00010127092160963431
ENGINEERING_SAMPLE,ofi_3s,momentum_3s_bps,HIGH,LOW,5000,500,977,100.0,-10.225622806656833,-10.052755075138412,0.0,-11.583412024752189,-9.314635752865236,-7.7143732914146526,-11.97552031487072,10.041688658845517,9.461972604612692e-05
ENGINEERING_SAMPLE,ofi_3s,momentum_3s_bps,HIGH,LOW,60000,100,977,96.62231320368475,-9.763164213970747,-10.0527556314857,0.423728813559322,-13.995412931608717,-4.778624143384291,-7.7143732914146526,-11.97552031487072,10.041926450146246,-5.916207005141695e-25
ENGINEERING_SAMPLE,ofi_3s,momentum_3s_bps,HIGH,LOW,60000,1000,977,96.62231320368475,-9.763423801934854,-10.0527556314857,0.423728813559322,-13.995412931608717,-4.778624143384291,-7.7143732914146526,-11.97552031487072,10.042185962340449,0.0002595121942047493
ENGINEERING_SAMPLE,ofi_3s,momentum_3s_bps,HIGH,LOW,60000,500,977,96.62231320368475,-9.763226544839178,-10.0527556314857,0.423728813559322,-13.995412931608717,-4.778624143384291,-7.7143732914146526,-11.97552031487072,10.041988741450814,6.229130456978944e-05
ENGINEERING_SAMPLE,ofi_3s,momentum_3s_bps,LOW,HIGH,1000,100,53,100.0,-10.117516467680723,-10.052716993260866,0.0,-10.221623800787604,-10.052662329459324,-7.749384135158168,-11.137482494142304,10.060692532844445,-2.088362302307623e-24
ENGINEERING_SAMPLE,ofi_3s,momentum_3s_bps,LOW,HIGH,1000,1000,53,100.0,-10.117516467680723,-10.052716993260866,0.0,-10.221623800787604,-10.052662329459324,-7.749384135158168,-11.137482494142304,10.060692532844445,-2.088362302307623e-24
ENGINEERING_SAMPLE,ofi_3s,momentum_3s_bps,LOW,HIGH,1000,500,53,100.0,-10.117516467680723,-10.052716993260866,0.0,-10.221623800787604,-10.052662329459324,-7.749384135158168,-11.137482494142304,10.060692532844445,0.0
ENGINEERING_SAMPLE,ofi_3s,momentum_3s_bps,LOW,HIGH,15000,100,53,100.0,-9.406498973877131,-9.367282730707815,0.0,-10.601169189511346,-7.680684488372338,-7.749384135158168,-11.137482494142304,10.057681650009789,-7.961376172672632e-25
ENGINEERING_SAMPLE,ofi_3s,momentum_3s_bps,LOW,HIGH,15000,1000,53,100.0,-9.406498973877131,-9.367282730707815,0.0,-10.601169189511346,-7.680684488372338,-7.749384135158168,-11.137482494142304,10.057681650009789,-7.961376172672632e-25
ENGINEERING_SAMPLE,ofi_3s,momentum_3s_bps,LOW,HIGH,15000,500,53,100.0,-9.406498973877131,-9.367282730707815,0.0,-10.601169189511346,-7.680684488372338,-7.749384135158168,-11.137482494142304,10.057681650009789,0.0
ENGINEERING_SAMPLE,ofi_3s,momentum_3s_bps,LOW,HIGH,250,100,53,100.0,-10.020851293630525,-10.052716993260866,0.0,-10.052781794372832,-10.052662329459324,-7.749384135158168,-11.137482494142304,10.061660219258513,-1.790118761706095e-24
ENGINEERING_SAMPLE,ofi_3s,momentum_3s_bps,LOW,HIGH,250,1000,53,100.0,-10.020851293630525,-10.052716993260866,0.0,-10.052781794372832,-10.052662329459324,-7.749384135158168,-11.137482494142304,10.061660219258513,-1.790118761706095e-24
ENGINEERING_SAMPLE,ofi_3s,momentum_3s_bps,LOW,HIGH,250,500,53,100.0,-10.020851293630525,-10.052716993260866,0.0,-10.052781794372832,-10.052662329459324,-7.749384135158168,-11.137482494142304,10.061660219258513,0.0
ENGINEERING_SAMPLE,ofi_3s,momentum_3s_bps,LOW,HIGH,3000,100,53,100.0,-10.138501171839644,-10.052716993260866,0.0,-10.26382545592625,-9.957746255813584,-7.749384135158168,-11.137482494142304,10.049734308546274,-2.6851369453618094e-24
ENGINEERING_SAMPLE,ofi_3s,momentum_3s_bps,LOW,HIGH,3000,1000,53,100.0,-10.138501171839644,-10.052716993260866,0.0,-10.26382545592625,-9.957746255813584,-7.749384135158168,-11.137482494142304,10.049734308546274,-2.6851369453618094e-24
ENGINEERING_SAMPLE,ofi_3s,momentum_3s_bps,LOW,HIGH,3000,500,53,100.0,-10.138501171839644,-10.052716993260866,0.0,-10.26382545592625,-9.957746255813584,-7.749384135158168,-11.137482494142304,10.049734308546274,0.0
ENGINEERING_SAMPLE,ofi_3s,momentum_3s_bps,LOW,HIGH,30000,100,53,100.0,-9.561064125580272,-9.103811114565277,0.0,-12.847227711814833,-8.25131434166628,-7.749384135158168,-11.137482494142304,10.094441528093585,-8.94679023055749e-25
ENGINEERING_SAMPLE,ofi_3s,momentum_3s_bps,LOW,HIGH,30000,1000,53,100.0,-9.561064125580272,-9.103811114565277,0.0,-12.847227711814833,-8.25131434166628,-7.749384135158168,-11.137482494142304,10.094441528093585,-8.94679023055749e-25
ENGINEERING_SAMPLE,ofi_3s,momentum_3s_bps,LOW,HIGH,30000,500,53,100.0,-9.561064125580272,-9.103811114565277,0.0,-12.847227711814833,-8.25131434166628,-7.749384135158168,-11.137482494142304,10.094441528093585,0.0
ENGINEERING_SAMPLE,ofi_3s,momentum_3s_bps,LOW,HIGH,500,100,53,100.0,-10.076648878500546,-10.052716993260866,0.0,-10.052810938220361,-10.052662329459324,-7.749384135158168,-11.137482494142304,10.086571282760731,-1.8892667785810334e-24
ENGINEERING_SAMPLE,ofi_3s,momentum_3s_bps,LOW,HIGH,500,1000,53,100.0,-10.076648878500546,-10.052716993260866,0.0,-10.052810938220361,-10.052662329459324,-7.749384135158168,-11.137482494142304,10.086571282760731,-1.8892667785810334e-24
ENGINEERING_SAMPLE,ofi_3s,momentum_3s_bps,LOW,HIGH,500,500,53,100.0,-10.076648878500546,-10.052716993260866,0.0,-10.052810938220361,-10.052662329459324,-7.749384135158168,-11.137482494142304,10.086571282760731,0.0
ENGINEERING_SAMPLE,ofi_3s,momentum_3s_bps,LOW,HIGH,5000,100,53,100.0,-9.96454641599003,-10.052716993260866,0.0,-10.26382545592625,-9.198746579122606,-7.749384135158168,-11.137482494142304,10.037802552954004,-2.187753567931846e-24
ENGINEERING_SAMPLE,ofi_3s,momentum_3s_bps,LOW,HIGH,5000,1000,53,100.0,-9.96454641599003,-10.052716993260866,0.0,-10.26382545592625,-9.198746579122606,-7.749384135158168,-11.137482494142304,10.037802552954004,-2.187753567931846e-24
ENGINEERING_SAMPLE,ofi_3s,momentum_3s_bps,LOW,HIGH,5000,500,53,100.0,-9.96454641599003,-10.052716993260866,0.0,-10.26382545592625,-9.198746579122606,-7.749384135158168,-11.137482494142304,10.037802552954004,0.0
ENGINEERING_SAMPLE,ofi_3s,momentum_3s_bps,LOW,HIGH,60000,100,53,100.0,-8.48662119355498,-8.209480798383021,0.0,-11.212708099476687,-7.41686733021756,-7.749384135158168,-11.137482494142304,10.057684075367382,8.948010715541098e-25
ENGINEERING_SAMPLE,ofi_3s,momentum_3s_bps,LOW,HIGH,60000,1000,53,100.0,-8.48662119355498,-8.209480798383021,0.0,-11.212708099476687,-7.41686733021756,-7.749384135158168,-11.137482494142304,10.057684075367382,8.948010715541098e-25
ENGINEERING_SAMPLE,ofi_3s,momentum_3s_bps,LOW,HIGH,60000,500,53,100.0,-8.48662119355498,-8.209480798383021,0.0,-11.212708099476687,-7.41686733021756,-7.749384135158168,-11.137482494142304,10.057684075367382,0.0
ENGINEERING_SAMPLE,ofi_3s,momentum_3s_bps,LOW,LOW,1000,100,2345,99.87206823027718,-9.987881340123923,-10.052730885383452,0.0,-10.052817375434355,-9.847195619900235,-7.277252062968144,-11.908997018164742,10.053358334915119,1.2227735213310271e-05
ENGINEERING_SAMPLE,ofi_3s,momentum_3s_bps,LOW,LOW,1000,1000,2345,99.87206823027718,-9.988036900742303,-10.052730885383452,0.0,-10.052817375434355,-9.847195619900235,-7.277337756746027,-11.909082690603366,10.053513817996146,0.00016771081624046634
ENGINEERING_SAMPLE,ofi_3s,momentum_3s_bps,LOW,LOW,1000,500,2345,99.87206823027718,-9.987937040784628,-10.052730885383452,0.0,-10.052817375434355,-9.847195619900235,-7.277307469357815,-11.909052414412557,10.053414008356832,6.790117692513226e-05
ENGINEERING_SAMPLE,ofi_3s,momentum_3s_bps,LOW,LOW,15000,100,2345,99.317697228145,-9.794843251001176,-10.052690895876891,0.0,-12.002654825303013,-7.461210725948561,-7.277252062968144,-11.908997018164742,10.061252469318807,2.937818171799072e-05
ENGINEERING_SAMPLE,ofi_3s,momentum_3s_bps,LOW,LOW,15000,1000,2345,99.317697228145,-9.794950383975019,-10.052690895876891,0.0,-12.002654825303013,-7.461210725948561,-7.277337756746027,-11.909082690603366,10.06135956226853,0.00013647113144134112
ENGINEERING_SAMPLE,ofi_3s,momentum_3s_bps,LOW,LOW,15000,500,2345,99.317697228145,-9.794912511128883,-10.052690895876891,0.0,-12.002654825303013,-7.461210725948561,-7.277307469357815,-11.909052414412557,10.061321699702763,9.860856567455703e-05
ENGINEERING_SAMPLE,ofi_3s,momentum_3s_bps,LOW,LOW,250,100,2345,99.91471215351812,-10.036973204165468,-10.052738390174477,0.0,-10.052808538040093,-10.052673197695317,-7.277252062968144,-11.908997018164742,10.05333092717545,2.920609628915193e-05
ENGINEERING_SAMPLE,ofi_3s,momentum_3s_bps,LOW,LOW,250,1000,2345,99.91471215351812,-10.03715716617308,-10.052738390174477,0.0,-10.052808538040093,-10.052673197695317,-7.277337756746027,-11.909082690603366,10.05351479732863,0.00021307624947048122
ENGINEERING_SAMPLE,ofi_3s,momentum_3s_bps,LOW,LOW,250,500,2345,99.91471215351812,-10.03704486605752,-10.052738390174477,0.0,-10.052808538040093,-10.052673197695317,-7.277307469357815,-11.909052414412557,10.053402553933704,0.00010083285454300827
ENGINEERING_SAMPLE,ofi_3s,momentum_3s_bps,LOW,LOW,3000,100,2345,99.87206823027718,-9.883969584256688,-10.05272560551445,0.0,-10.263767030834774,-9.102870434837648,-7.277252062968144,-11.908997018164742,10.060347680793512,4.236453676264012e-05
ENGINEERING_SAMPLE,ofi_3s,momentum_3s_bps,LOW,LOW,3000,1000,2345,99.87206823027718,-9.884365815247575,-10.05272560551445,0.0,-10.263767030834774,-9.102870434837648,-7.277337756746027,-11.909082690603366,10.060743715765026,0.0004383995082754473
ENGINEERING_SAMPLE,ofi_3s,momentum_3s_bps,LOW,LOW,3000,500,2345,99.87206823027718,-9.884136660553073,-10.05272560551445,0.0,-10.263767030834774,-9.102870434837648,-7.277307469357815,-11.909052414412557,10.060514654884958,0.00020933862820861793
ENGINEERING_SAMPLE,ofi_3s,momentum_3s_bps,LOW,LOW,30000,100,2345,98.37953091684435,-9.736325581046177,-9.84199471473242,0.0,-12.65682979175342,-6.757232874895813,-7.277252062968144,-11.908997018164742,10.056649021822432,2.575431483455084e-05
ENGINEERING_SAMPLE,ofi_3s,momentum_3s_bps,LOW,LOW,30000,1000,2345,98.37953091684435,-9.736557229859237,-9.84199471473242,0.0,-12.65682979175342,-6.757232874895813,-7.277337756746027,-11.909082690603366,10.056880616392727,0.0002573488851282421
ENGINEERING_SAMPLE,ofi_3s,momentum_3s_bps,LOW,LOW,30000,500,2345,98.37953091684435,-9.736478403778943,-9.84199471473242,0.0,-12.65682979175342,-6.757232874895813,-7.277307469357815,-11.909052414412557,10.056801805245946,0.0001785377383492882
ENGINEERING_SAMPLE,ofi_3s,momentum_3s_bps,LOW,LOW,500,100,2345,99.87206823027718,-10.016220276265983,-10.052736166309996,0.0,-10.052813500004818,-10.052669537476705,-7.277252062968144,-11.908997018164742,10.047516326145399,4.7066689239268604e-05
ENGINEERING_SAMPLE,ofi_3s,momentum_3s_bps,LOW,LOW,500,1000,2345,99.87206823027718,-10.016474840168584,-10.052736166309996,0.0,-10.052813500004818,-10.052669537476705,-7.277337756746027,-11.909082690603366,10.047770758994718,0.00030149953855786486
ENGINEERING_SAMPLE,ofi_3s,momentum_3s_bps,LOW,LOW,500,500,2345,99.87206823027718,-10.016326838714242,-10.052736166309996,0.0,-10.052813500004818,-10.052669537476705,-7.277307469357815,-11.909052414412557,10.04762283251177,0.00015357305561187234
ENGINEERING_SAMPLE,ofi_3s,momentum_3s_bps,LOW,LOW,5000,100,2345,99.87206823027718,-9.856852894710753,-10.052723938407057,0.0,-10.738220723094761,-8.893706757653304,-7.277252062968144,-11.908997018164742,10.058191710873736,4.706465813404953e-05
ENGINEERING_SAMPLE,ofi_3s,momentum_3s_bps,LOW,LOW,5000,1000,2345,99.87206823027718,-9.857082771970736,-10.052723938407057,0.0,-10.738220723094761,-8.893706757653304,-7.277337756746027,-11.909082690603366,10.058421497183524,0.0002768509679207661
ENGINEERING_SAMPLE,ofi_3s,momentum_3s_bps,LOW,LOW,5000,500,2345,99.87206823027718,-9.856956853760176,-10.052723938407057,0.0,-10.738220723094761,-8.893706757653304,-7.277307469357815,-11.909052414412557,10.058295623115821,0.00015097690021905765
ENGINEERING_SAMPLE,ofi_3s,momentum_3s_bps,LOW,LOW,60000,100,2345,98.25159914712154,-9.422712822189805,-9.419415590924197,1.171875,-14.226601609530448,-4.1003906537922905,-7.277252062968144,-11.908997018164742,10.060357598744353,2.9696031978978657e-05
ENGINEERING_SAMPLE,ofi_3s,momentum_3s_bps,LOW,LOW,60000,1000,2345,98.25159914712154,-9.422846588500494,-9.419415590924197,1.171875,-14.226601609530448,-4.1003906537922905,-7.277337756746027,-11.909082690603366,10.060491309444597,0.00016340673222353113
ENGINEERING_SAMPLE,ofi_3s,momentum_3s_bps,LOW,LOW,60000,500,2345,98.25159914712154,-9.422782826841487,-9.419415590924197,1.171875,-14.226601609530448,-4.1003906537922905,-7.277307469357815,-11.909052414412557,10.060427578805973,9.967609359963837e-05
ENGINEERING_SAMPLE,ofi_3s,momentum_3s_bps,MID,HIGH,1000,100,37,100.0,-10.164236057349063,-10.052721437943626,0.0,-11.21505813523703,-9.609766376208825,-6.721862891975994,-11.741465304572385,10.109691649230141,7.121607579974992e-25
ENGINEERING_SAMPLE,ofi_3s,momentum_3s_bps,MID,HIGH,1000,1000,37,100.0,-10.164865594519808,-10.052721437943626,0.0,-11.21505813523703,-9.609766376208825,-6.722492192613892,-11.742094293781921,10.110320885237869,0.000629236007728454
ENGINEERING_SAMPLE,ofi_3s,momentum_3s_bps,MID,HIGH,1000,500,37,100.0,-10.164236057349063,-10.052721437943626,0.0,-11.21505813523703,-9.609766376208825,-6.721862891975994,-11.741465304572385,10.109691649230141,0.0
ENGINEERING_SAMPLE,ofi_3s,momentum_3s_bps,MID,HIGH,15000,100,37,100.0,-9.524725917949674,-9.419761482981146,0.0,-12.089113620050595,-7.256911643610111,-6.721862891975994,-11.741465304572385,10.11111618652103,-1.4200568394537678e-25
ENGINEERING_SAMPLE,ofi_3s,momentum_3s_bps,MID,HIGH,15000,1000,37,100.0,-9.525355478330386,-9.419761482981146,0.0,-12.089113620050595,-7.256911643610111,-6.722492192613892,-11.742094293781921,10.11174542252876,0.000629236007728454
ENGINEERING_SAMPLE,ofi_3s,momentum_3s_bps,MID,HIGH,15000,500,37,100.0,-9.524725917949674,-9.419761482981146,0.0,-12.089113620050595,-7.256911643610111,-6.721862891975994,-11.741465304572385,10.11111618652103,0.0
ENGINEERING_SAMPLE,ofi_3s,momentum_3s_bps,MID,HIGH,250,100,37,100.0,-10.094166576331755,-10.052721437943626,0.0,-10.052828614575523,-10.052662329459324,-6.721862891975994,-11.741465304572385,10.099732160974002,5.686535267441066e-25
ENGINEERING_SAMPLE,ofi_3s,momentum_3s_bps,MID,HIGH,250,1000,37,100.0,-10.094796113502502,-10.052721437943626,0.0,-10.052828614575523,-10.052662329459324,-6.722492192613892,-11.742094293781921,10.10036139698173,0.000629236007728454
ENGINEERING_SAMPLE,ofi_3s,momentum_3s_bps,MID,HIGH,250,500,37,100.0,-10.094166576331755,-10.052721437943626,0.0,-10.052828614575523,-10.052662329459324,-6.721862891975994,-11.741465304572385,10.099732160974002,0.0
ENGINEERING_SAMPLE,ofi_3s,momentum_3s_bps,MID,HIGH,3000,100,37,100.0,-9.892246619237458,-10.052716993260866,0.0,-10.739600604057323,-8.788766422435573,-6.721862891975994,-11.741465304572385,10.1111152184094,-9.972089194725516e-25
ENGINEERING_SAMPLE,ofi_3s,momentum_3s_bps,MID,HIGH,3000,1000,37,100.0,-9.892876156408203,-10.052716993260866,0.0,-10.739600604057323,-8.788766422435573,-6.722492192613892,-11.742094293781921,10.11174445441713,0.000629236007728454
ENGINEERING_SAMPLE,ofi_3s,momentum_3s_bps,MID,HIGH,3000,500,37,100.0,-9.892246619237458,-10.052716993260866,0.0,-10.739600604057323,-8.788766422435573,-6.721862891975994,-11.741465304572385,10.1111152184094,0.0
ENGINEERING_SAMPLE,ofi_3s,momentum_3s_bps,MID,HIGH,30000,100,37,100.0,-8.767654389802107,-8.41864851479932,0.0,-12.408442783936312,-6.309499343946125,-6.721862891975994,-11.741465304572385,10.098312802864442,-7.13375056428655e-25
ENGINEERING_SAMPLE,ofi_3s,momentum_3s_bps,MID,HIGH,30000,1000,37,100.0,-8.768283983339913,-8.41864851479932,0.0,-12.408442783936312,-6.309499343946125,-6.722492192613892,-11.742094293781921,10.09894203887217,0.000629236007728454
ENGINEERING_SAMPLE,ofi_3s,momentum_3s_bps,MID,HIGH,30000,500,37,100.0,-8.767654389802107,-8.41864851479932,0.0,-12.408442783936312,-6.309499343946125,-6.721862891975994,-11.741465304572385,10.098312802864442,0.0
ENGINEERING_SAMPLE,ofi_3s,momentum_3s_bps,MID,HIGH,500,100,37,100.0,-10.06429469892816,-10.052721437943626,0.0,-10.052828614575523,-9.694035861684867,-6.721862891975994,-11.741465304572385,10.082640363786943,7.1134525930640995e-25
ENGINEERING_SAMPLE,ofi_3s,momentum_3s_bps,MID,HIGH,500,1000,37,100.0,-10.064924236098905,-10.052721437943626,0.0,-10.052828614575523,-9.694035861684867,-6.722492192613892,-11.742094293781921,10.083269599794672,0.000629236007728454
ENGINEERING_SAMPLE,ofi_3s,momentum_3s_bps,MID,HIGH,500,500,37,100.0,-10.06429469892816,-10.052721437943626,0.0,-10.052828614575523,-9.694035861684867,-6.721862891975994,-11.741465304572385,10.082640363786943,0.0
ENGINEERING_SAMPLE,ofi_3s,momentum_3s_bps,MID,HIGH,5000,100,37,100.0,-10.036016913692986,-10.052716993260866,0.0,-11.785491206788954,-8.788766422435573,-6.721862891975994,-11.741465304572385,10.114800444807436,0.000832251187476179
ENGINEERING_SAMPLE,ofi_3s,momentum_3s_bps,MID,HIGH,5000,1000,37,100.0,-10.045667601255833,-10.052716993260866,0.0,-11.785491206788954,-8.788766422435573,-6.722492192613892,-11.742094293781921,10.1244437752784,0.010475581658438008
ENGINEERING_SAMPLE,ofi_3s,momentum_3s_bps,MID,HIGH,5000,500,37,100.0,-10.042042010703113,-10.052716993260866,0.0,-11.785491206788954,-8.788766422435573,-6.721862891975994,-11.741465304572385,10.120820798285035,0.006852604665074543
ENGINEERING_SAMPLE,ofi_3s,momentum_3s_bps,MID,HIGH,60000,100,37,100.0,-8.74377604814349,-8.209480798383021,0.0,-13.217686321650007,-4.32410154330336,-6.721862891975994,-11.741465304572385,10.109690506108228,-2.8466157527004193e-25
ENGINEERING_SAMPLE,ofi_3s,momentum_3s_bps,MID,HIGH,60000,1000,37,100.0,-8.744405837308152,-8.209480798383021,0.0,-13.217686321650007,-4.32410154330336,-6.722492192613892,-11.742094293781921,10.110319742115955,0.000629236007728454
ENGINEERING_SAMPLE,ofi_3s,momentum_3s_bps,MID,HIGH,60000,500,37,100.0,-8.74377604814349,-8.209480798383021,0.0,-13.217686321650007,-4.32410154330336,-6.721862891975994,-11.741465304572385,10.109690506108228,0.0
ENGINEERING_SAMPLE,ofi_3s,momentum_3s_bps,MID,LOW,1000,100,2360,100.0,-10.036286328220179,-10.052726994851147,0.0,-10.052810489255798,-10.052668982943777,-7.943705264640514,-11.892607767203108,10.052581495943986,2.6307929422017824e-05
ENGINEERING_SAMPLE,ofi_3s,momentum_3s_bps,MID,LOW,1000,1000,2360,100.0,-10.03641036772458,-10.052726994851147,0.0,-10.052810489255798,-10.052668982943777,-7.943829293046152,-11.892731701288659,10.05270547130668,0.00015028329211526156
ENGINEERING_SAMPLE,ofi_3s,momentum_3s_bps,MID,LOW,1000,500,2360,100.0,-10.036381707480082,-10.052726994851147,0.0,-10.052810489255798,-10.052668982943777,-7.943800636406212,-11.892703066355262,10.052676826529058,0.00012163851449464417
ENGINEERING_SAMPLE,ofi_3s,momentum_3s_bps,MID,LOW,15000,100,2360,99.36440677966101,-10.005423948292604,-10.052723938407057,0.0,-11.689721599155561,-8.209188588756167,-7.943705264640514,-11.892607767203108,10.055811999038013,5.083274924566847e-05
ENGINEERING_SAMPLE,ofi_3s,momentum_3s_bps,MID,LOW,15000,1000,2360,99.36440677966101,-10.00578626824813,-10.052723938407057,0.0,-11.689721599155561,-8.209188588756167,-7.943829293046152,-11.892731701288659,10.056174129747829,0.00041296345906151853
ENGINEERING_SAMPLE,ofi_3s,momentum_3s_bps,MID,LOW,15000,500,2360,99.36440677966101,-10.005582317003798,-10.052723938407057,0.0,-11.689721599155561,-8.209188588756167,-7.943800636406212,-11.892703066355262,10.055970266487037,0.00020910019827010624
ENGINEERING_SAMPLE,ofi_3s,momentum_3s_bps,MID,LOW,250,100,2360,100.0,-10.048762001638275,-10.052726994851147,0.0,-10.052796833773087,-10.052671755725191,-7.943705264640514,-11.892607767203108,10.051542390583704,2.6307929422017824e-05
ENGINEERING_SAMPLE,ofi_3s,momentum_3s_bps,MID,LOW,250,1000,2360,100.0,-10.048886041142676,-10.052726994851147,0.0,-10.052796833773087,-10.052671755725191,-7.943829293046152,-11.892731701288659,10.051666365946398,0.00015028329211526156
ENGINEERING_SAMPLE,ofi_3s,momentum_3s_bps,MID,LOW,250,500,2360,100.0,-10.048857380898177,-10.052726994851147,0.0,-10.052796833773087,-10.052671755725191,-7.943800636406212,-11.892703066355262,10.051637721168778,0.00012163851449464417
ENGINEERING_SAMPLE,ofi_3s,momentum_3s_bps,MID,LOW,3000,100,2360,100.0,-10.023801111577049,-10.052726439107682,0.0,-10.36884792626728,-9.524993680935435,-7.943705264640514,-11.892607767203108,10.052614147964372,2.6307929422017824e-05
ENGINEERING_SAMPLE,ofi_3s,momentum_3s_bps,MID,LOW,3000,1000,2360,100.0,-10.023925141667243,-10.052726439107682,0.0,-10.36884792626728,-9.524993680935435,-7.943829293046152,-11.892731701288659,10.052738123327066,0.00015028329211526156
ENGINEERING_SAMPLE,ofi_3s,momentum_3s_bps,MID,LOW,3000,500,2360,100.0,-10.023896483725554,-10.052726439107682,0.0,-10.36884792626728,-9.524993680935435,-7.943800636406212,-11.892703066355262,10.052709478549444,0.00012163851449464417
ENGINEERING_SAMPLE,ofi_3s,momentum_3s_bps,MID,LOW,30000,100,2360,98.98305084745763,-9.96502441177693,-9.947244924861588,0.0,-12.689275154556043,-7.359308273375598,-7.943705264640514,-11.892607767203108,10.054008504032895,4.3610015328648226e-05
ENGINEERING_SAMPLE,ofi_3s,momentum_3s_bps,MID,LOW,30000,1000,2360,98.98305084745763,-9.965170533333405,-9.947244924861588,0.0,-12.689275154556043,-7.359308273375598,-7.943829293046152,-11.892731701288659,10.054154553866978,0.00018965984941101858
ENGINEERING_SAMPLE,ofi_3s,momentum_3s_bps,MID,LOW,30000,500,2360,98.98305084745763,-9.96513420999943,-9.947244924861588,0.0,-12.689275154556043,-7.359308273375598,-7.943800636406212,-11.892703066355262,10.054118248203842,0.0001533541862752712
ENGINEERING_SAMPLE,ofi_3s,momentum_3s_bps,MID,LOW,500,100,2360,100.0,-10.043126564441149,-10.052726994851147,0.0,-10.052803799973612,-10.052670923860113,-7.943705264640514,-11.892607767203108,10.049451625293932,2.6307929422017824e-05
ENGINEERING_SAMPLE,ofi_3s,momentum_3s_bps,MID,LOW,500,1000,2360,100.0,-10.04325060394555,-10.052726994851147,0.0,-10.052803799973612,-10.052670923860113,-7.943829293046152,-11.892731701288659,10.049575600656626,0.00015028329211526156
ENGINEERING_SAMPLE,ofi_3s,momentum_3s_bps,MID,LOW,500,500,2360,100.0,-10.043221943701052,-10.052726994851147,0.0,-10.052803799973612,-10.052670923860113,-7.943800636406212,-11.892703066355262,10.049546955879006,0.00012163851449464417
ENGINEERING_SAMPLE,ofi_3s,momentum_3s_bps,MID,LOW,5000,100,2360,100.0,-10.012165194150413,-10.052723938407057,0.0,-10.843609688231203,-9.10265271021726,-7.943705264640514,-11.892607767203108,10.05150591041571,4.062803994940666e-05
ENGINEERING_SAMPLE,ofi_3s,momentum_3s_bps,MID,LOW,5000,1000,2360,100.0,-10.012378250358017,-10.052723938407057,0.0,-10.843609688231203,-9.10265271021726,-7.943829293046152,-11.892731701288659,10.051718855579212,0.00025357320345291423
ENGINEERING_SAMPLE,ofi_3s,momentum_3s_bps,MID,LOW,5000,500,2360,100.0,-10.012306012306242,-10.052723938407057,0.0,-10.843609688231203,-9.10265271021726,-7.943800636406212,-11.892703066355262,10.051646658661067,0.00018137628530730485
ENGINEERING_SAMPLE,ofi_3s,momentum_3s_bps,MID,LOW,60000,100,2360,95.04237288135593,-9.767731136200101,-10.0527556314857,0.3120820329915292,-13.846435399013066,-4.937034479486788,-7.943705264640514,-11.892607767203108,10.049087759874611,2.7680211072653617e-05
ENGINEERING_SAMPLE,ofi_3s,momentum_3s_bps,MID,LOW,60000,1000,2360,95.04237288135593,-9.767942429528508,-10.0527556314857,0.3120820329915292,-13.846435399013066,-4.937034479486788,-7.943829293046152,-11.892731701288659,10.049299026571896,0.0002389469083573735
ENGINEERING_SAMPLE,ofi_3s,momentum_3s_bps,MID,LOW,60000,500,2360,95.04237288135593,-9.767834354476092,-10.0527556314857,0.3120820329915292,-13.846435399013066,-4.937034479486788,-7.943800636406212,-11.892703066355262,10.049190965418488,0.0001308857549486925
ENGINEERING_SAMPLE,spread_bps,depth_10_bid,HIGH,HIGH,1000,100,713,100.0,-10.122475128060593,-10.052795162158453,0.0,-10.622951787728814,-10.052763978103345,-8.359615655208023,-13.489258422660246,10.040627765127565,-1.7048454358763595e-25
ENGINEERING_SAMPLE,spread_bps,depth_10_bid,HIGH,HIGH,1000,1000,713,100.0,-10.12255734643376,-10.052795162158453,0.0,-10.622951787728814,-10.052763978103345,-8.359615655208023,-13.489258422660246,10.040709931349527,8.216622196136961e-05
ENGINEERING_SAMPLE,spread_bps,depth_10_bid,HIGH,HIGH,1000,500,713,100.0,-10.122475128060593,-10.052795162158453,0.0,-10.622951787728814,-10.052763978103345,-8.359615655208023,-13.489258422660246,10.040627765127565,0.0
ENGINEERING_SAMPLE,spread_bps,depth_10_bid,HIGH,HIGH,15000,100,713,100.0,-10.479455481729728,-10.633541945901449,0.0,-12.797538341414002,-8.468891820580476,-8.359615655208023,-13.489258422660246,10.041660984517913,-5.030873945571693e-25
ENGINEERING_SAMPLE,spread_bps,depth_10_bid,HIGH,HIGH,15000,1000,713,100.0,-10.479455481729728,-10.633541945901449,0.0,-12.797538341414002,-8.468891820580476,-8.359615655208023,-13.489258422660246,10.041660984517913,-5.030873945571693e-25
ENGINEERING_SAMPLE,spread_bps,depth_10_bid,HIGH,HIGH,15000,500,713,100.0,-10.479455481729728,-10.633541945901449,0.0,-12.797538341414002,-8.468891820580476,-8.359615655208023,-13.489258422660246,10.041660984517913,0.0
ENGINEERING_SAMPLE,spread_bps,depth_10_bid,HIGH,HIGH,250,100,713,100.0,-10.08023504861468,-10.052792933503593,0.0,-10.052831125215839,-10.052763978103345,-8.359615655208023,-13.489258422660246,10.04933059375154,4.317988092735753e-05
ENGINEERING_SAMPLE,spread_bps,depth_10_bid,HIGH,HIGH,250,1000,713,100.0,-10.080785215379281,-10.052792933503593,0.0,-10.052831125215839,-10.052763978103345,-8.359615655208023,-13.489258422660246,10.04988047657867,0.0005930627080577731
ENGINEERING_SAMPLE,spread_bps,depth_10_bid,HIGH,HIGH,250,500,713,100.0,-10.0805475487262,-10.052792933503593,0.0,-10.052831125215839,-10.052763978103345,-8.359615655208023,-13.489258422660246,10.049642933569162,0.0003555196985492301
ENGINEERING_SAMPLE,spread_bps,depth_10_bid,HIGH,HIGH,3000,100,713,100.0,-10.176531182031702,-10.052796833773087,0.0,-11.104525923827811,-9.630449465474847,-8.359615655208023,-13.489258422660246,10.042640889893468,0.000162748933028029
ENGINEERING_SAMPLE,spread_bps,depth_10_bid,HIGH,HIGH,3000,1000,713,100.0,-10.176972333473007,-10.052796833773087,0.0,-11.108139383623506,-9.630449465474847,-8.359615655208023,-13.489258422660246,10.043081758551503,0.00060361759106207
ENGINEERING_SAMPLE,spread_bps,depth_10_bid,HIGH,HIGH,3000,500,713,100.0,-10.176793855971136,-10.052796833773087,0.0,-11.108139383623506,-9.630449465474847,-8.359615655208023,-13.489258422660246,10.042903394508023,0.0004252535475819264
ENGINEERING_SAMPLE,spread_bps,depth_10_bid,HIGH,HIGH,30000,100,713,100.0,-11.091745722305753,-11.320262231394926,0.0,-13.577404951074303,-7.993720316622691,-8.359615655208023,-13.489258422660246,10.045563958113336,5.580123754805075e-05
ENGINEERING_SAMPLE,spread_bps,depth_10_bid,HIGH,HIGH,30000,1000,713,100.0,-11.091813872908228,-11.320262231394926,0.0,-13.577404951074303,-7.993720316622691,-8.359615655208023,-13.489258422660246,10.045632107561387,0.00012395068559904935
ENGINEERING_SAMPLE,spread_bps,depth_10_bid,HIGH,HIGH,30000,500,713,100.0,-11.091789737360678,-11.320262231394926,0.0,-13.577404951074303,-7.993720316622691,-8.359615655208023,-13.489258422660246,10.045607972422676,9.98155468887422e-05
ENGINEERING_SAMPLE,spread_bps,depth_10_bid,HIGH,HIGH,500,100,713,100.0,-10.100912180898488,-10.052793490649668,0.0,-10.264108216668877,-10.052763978103345,-8.359615655208023,-13.489258422660246,10.049710954887772,0.00020781808113569893
ENGINEERING_SAMPLE,spread_bps,depth_10_bid,HIGH,HIGH,500,1000,713,100.0,-10.101915365343134,-10.052793490649668,0.0,-10.2920133415408,-10.052763978103345,-8.359615655208023,-13.489258422660246,10.050713562845115,0.001210426038476907
ENGINEERING_SAMPLE,spread_bps,depth_10_bid,HIGH,HIGH,500,500,713,100.0,-10.101528928987298,-10.052793490649668,0.0,-10.277686143724898,-10.052763978103345,-8.359615655208023,-13.489258422660246,10.050327351761103,0.0008242149544665789
ENGINEERING_SAMPLE,spread_bps,depth_10_bid,HIGH,HIGH,5000,100,713,100.0,-10.217275928715901,-10.052796833773087,0.0,-11.635588438477237,-8.680872720368749,-8.359615655208023,-13.489258422660246,10.038067486382364,0.00010601086503728492
ENGINEERING_SAMPLE,spread_bps,depth_10_bid,HIGH,HIGH,5000,1000,713,100.0,-10.217635007478007,-10.052796833773087,0.0,-11.636002579212521,-8.680872720368749,-8.359615655208023,-13.489258422660246,10.038426333808792,0.000464858291465229
ENGINEERING_SAMPLE,spread_bps,depth_10_bid,HIGH,HIGH,5000,500,713,100.0,-10.217465641339043,-10.052796833773087,0.0,-11.635588438477237,-8.680872720368749,-8.359615655208023,-13.489258422660246,10.03825707777025,0.0002956022529229598
ENGINEERING_SAMPLE,spread_bps,depth_10_bid,HIGH,HIGH,60000,100,713,100.0,-11.967085645115139,-12.901804547755653,0.0,-15.916523667467462,-6.51428692085579,-8.359615655208023,-13.489258422660246,10.033726588588452,5.8614752132171545e-05
ENGINEERING_SAMPLE,spread_bps,depth_10_bid,HIGH,HIGH,60000,1000,713,100.0,-11.967150064868141,-12.901804547755653,0.0,-15.916523667467462,-6.51428692085579,-8.359615655208023,-13.489258422660246,10.033790951505653,0.00012297766933332273
ENGINEERING_SAMPLE,spread_bps,depth_10_bid,HIGH,HIGH,60000,500,713,100.0,-11.967124947059883,-12.901804547755653,0.0,-15.916523667467462,-6.51428692085579,-8.359615655208023,-13.489258422660246,10.033765855858157,9.788202183704576e-05
ENGINEERING_SAMPLE,spread_bps,depth_10_bid,HIGH,LOW,1000,100,833,100.0,-9.963608959510527,-10.052785134693103,0.0,-10.05281968978661,-9.630308599158614,-6.757576426056174,-12.276939133616876,10.063366377685904,5.087664398177506e-05
ENGINEERING_SAMPLE,spread_bps,depth_10_bid,HIGH,LOW,1000,1000,833,100.0,-9.964103530885739,-10.052785134693103,0.0,-10.05281968978661,-9.630308599158614,-6.758070904913359,-12.277433328938605,10.063860697803007,0.0005451967610834549
ENGINEERING_SAMPLE,spread_bps,depth_10_bid,HIGH,LOW,1000,500,833,100.0,-9.963970726342517,-10.052785134693103,0.0,-10.05281968978661,-9.630308599158614,-6.757938113977573,-12.277300620766,10.06372795919787,0.000412458155945432
ENGINEERING_SAMPLE,spread_bps,depth_10_bid,HIGH,LOW,15000,100,833,100.0,-10.072878676135963,-10.052766204314118,0.0,-12.95453346973644,-6.672728424453254,-6.757576426056174,-12.276939133616876,10.066911109716143,5.087664398177506e-05
ENGINEERING_SAMPLE,spread_bps,depth_10_bid,HIGH,LOW,15000,1000,833,100.0,-10.073373300162622,-10.052766204314118,0.0,-12.95453346973644,-6.672728424453254,-6.758070904913359,-12.277433328938605,10.067405429833245,0.0005451967610834549
ENGINEERING_SAMPLE,spread_bps,depth_10_bid,HIGH,LOW,15000,500,833,100.0,-10.073240489927647,-10.052766204314118,0.0,-12.95453346973644,-6.672728424453254,-6.757938113977573,-12.277300620766,10.067272691228107,0.000412458155945432
ENGINEERING_SAMPLE,spread_bps,depth_10_bid,HIGH,LOW,250,100,833,100.0,-10.034207709011904,-10.052785134693103,0.0,-10.052821920701124,-10.052760082686467,-6.757576426056174,-12.276939133616876,10.057726968577796,5.087664398177506e-05
ENGINEERING_SAMPLE,spread_bps,depth_10_bid,HIGH,LOW,250,1000,833,100.0,-10.034702283898586,-10.052785134693103,0.0,-10.052822366907584,-10.052760082686467,-6.758070904913359,-12.277433328938605,10.058221288694897,0.0005451967610834549
ENGINEERING_SAMPLE,spread_bps,depth_10_bid,HIGH,LOW,250,500,833,100.0,-10.03456947584389,-10.052785134693103,0.0,-10.052822366907584,-10.052760082686467,-6.757938113977573,-12.277300620766,10.058088550089758,0.000412458155945432
ENGINEERING_SAMPLE,spread_bps,depth_10_bid,HIGH,LOW,3000,100,833,100.0,-9.948643963737288,-10.052777338186422,0.0,-10.60182557776183,-9.10265271021726,-6.757576426056174,-12.276939133616876,10.071517601633552,9.863928788544874e-05
ENGINEERING_SAMPLE,spread_bps,depth_10_bid,HIGH,LOW,3000,1000,833,100.0,-9.949196837683896,-10.052777338186422,0.0,-10.60182557776183,-9.10265271021726,-6.758070904913359,-12.277433328938605,10.072070253751207,0.0006512914055397841
ENGINEERING_SAMPLE,spread_bps,depth_10_bid,HIGH,LOW,3000,500,833,100.0,-9.949043384772471,-10.052777338186422,0.0,-10.60182557776183,-9.10265271021726,-6.757938113977573,-12.277300620766,10.071916856858074,0.000497894512406024
ENGINEERING_SAMPLE,spread_bps,depth_10_bid,HIGH,LOW,30000,100,833,98.79951980792318,-10.008214350371539,-9.84170472644425,0.0,-16.418746114592924,-6.51428692085579,-6.757576426056174,-12.276939133616876,10.058620203236995,8.889197192047966e-05
ENGINEERING_SAMPLE,spread_bps,depth_10_bid,HIGH,LOW,30000,1000,833,98.79951980792318,-10.00912017266327,-9.84170472644425,0.0,-16.418746114592924,-6.51428692085579,-6.758070904913359,-12.277433328938605,10.059525704827637,0.0009943935625643207
ENGINEERING_SAMPLE,spread_bps,depth_10_bid,HIGH,LOW,30000,500,833,98.79951980792318,-10.00885105663038,-9.84170472644425,0.0,-16.418746114592924,-6.51428692085579,-6.757938113977573,-12.277300620766,10.059256667812308,0.0007253565472340609
ENGINEERING_SAMPLE,spread_bps,depth_10_bid,HIGH,LOW,500,100,833,100.0,-9.995547224951103,-10.052785134693103,0.0,-10.05281968978661,-10.052757578793615,-6.757576426056174,-12.276939133616876,10.044006698350367,5.087664398177506e-05
ENGINEERING_SAMPLE,spread_bps,depth_10_bid,HIGH,LOW,500,1000,833,100.0,-9.996041795155824,-10.052785134693103,0.0,-10.052821474518222,-10.052757578793615,-6.758070904913359,-12.277433328938605,10.04450101846747,0.0005451967610834549
ENGINEERING_SAMPLE,spread_bps,depth_10_bid,HIGH,LOW,500,500,833,100.0,-9.995908991783091,-10.052785134693103,0.0,-10.052821474518222,-10.052757578793615,-6.757938113977573,-12.277300620766,10.044368279862333,0.000412458155945432
ENGINEERING_SAMPLE,spread_bps,depth_10_bid,HIGH,LOW,5000,100,833,100.0,-9.94801887060611,-10.052777338186422,0.0,-11.320638658479279,-8.680872720368749,-6.757576426056174,-12.276939133616876,10.063278086745525,9.86387111596061e-05
ENGINEERING_SAMPLE,spread_bps,depth_10_bid,HIGH,LOW,5000,1000,833,100.0,-9.94857174221183,-10.052777338186422,0.0,-11.320638658479279,-8.680872720368749,-6.758070904913359,-12.277433328938605,10.063830738676852,0.0006512906424871307
ENGINEERING_SAMPLE,spread_bps,depth_10_bid,HIGH,LOW,5000,500,833,100.0,-9.948418289300406,-10.052777338186422,0.0,-11.320638658479279,-8.680872720368749,-6.757938113977573,-12.277300620766,10.063677341020666,0.0004978929863007173
ENGINEERING_SAMPLE,spread_bps,depth_10_bid,HIGH,LOW,60000,100,833,98.79951980792318,-9.436066730887674,-8.046908799290907,0.12150668286755771,-17.498100023221937,-4.298784348486767,-6.757576426056174,-12.276939133616876,10.068701598226522,9.983298450402526e-05
ENGINEERING_SAMPLE,spread_bps,depth_10_bid,HIGH,LOW,60000,1000,833,98.79951980792318,-9.436626209527875,-8.046908799290907,0.12150668286755771,-17.498100023221937,-4.298784348486767,-6.758070904913359,-12.277433328938605,10.069260963874127,0.0006591986321084163
ENGINEERING_SAMPLE,spread_bps,depth_10_bid,HIGH,LOW,60000,500,833,98.79951980792318,-9.436470920735681,-8.046908799290907,0.12150668286755771,-17.498100023221937,-4.298784348486767,-6.757938113977573,-12.277300620766,10.06910569670697,0.0005039314649518725
ENGINEERING_SAMPLE,spread_bps,depth_10_bid,HIGH,MID,1000,100,797,100.0,-10.107977139480237,-10.052790147949601,0.0,-10.2638104304299,-10.052764256369418,-7.984299101723101,-12.495335723976615,10.048563400243395,5.310094371765288e-26
ENGINEERING_SAMPLE,spread_bps,depth_10_bid,HIGH,MID,1000,1000,797,100.0,-10.107977139480237,-10.052790147949601,0.0,-10.2638104304299,-10.052764256369418,-7.984299101723101,-12.495359644843857,10.048563400243395,5.310094371765288e-26
ENGINEERING_SAMPLE,spread_bps,depth_10_bid,HIGH,MID,1000,500,797,100.0,-10.107977139480237,-10.052790147949601,0.0,-10.2638104304299,-10.052764256369418,-7.984299101723101,-12.495335723976615,10.048563400243395,0.0
ENGINEERING_SAMPLE,spread_bps,depth_10_bid,HIGH,MID,15000,100,797,100.0,-10.332437951792713,-10.474970988500896,0.0,-11.710258705931212,-8.574696087121692,-7.984299101723101,-12.495335723976615,10.050300186256628,4.991772817017281e-05
ENGINEERING_SAMPLE,spread_bps,depth_10_bid,HIGH,MID,15000,1000,797,100.0,-10.332572510408887,-10.474970988500896,0.0,-11.710258705931212,-8.574696087121692,-7.984299101723101,-12.495359644843857,10.050434695354685,0.00018442682622616142
ENGINEERING_SAMPLE,spread_bps,depth_10_bid,HIGH,MID,15000,500,797,100.0,-10.332477318434734,-10.474970988500896,0.0,-11.710258705931212,-8.574696087121692,-7.984299101723101,-12.495335723976615,10.050339557840323,8.928931186364201e-05
ENGINEERING_SAMPLE,spread_bps,depth_10_bid,HIGH,MID,250,100,797,100.0,-10.059070034654386,-10.052790147949601,0.0,-10.05283252011913,-10.052764256369418,-7.984299101723101,-12.495335723976615,10.053016412830424,4.9927889254592615e-05
ENGINEERING_SAMPLE,spread_bps,depth_10_bid,HIGH,MID,250,1000,797,100.0,-10.059131034008832,-10.052790147949601,0.0,-10.05283252011913,-10.052764256369418,-7.984299101723101,-12.495359644843857,10.053077382183238,0.00011089724206939202
ENGINEERING_SAMPLE,spread_bps,depth_10_bid,HIGH,MID,250,500,797,100.0,-10.059109442346879,-10.052790147949601,0.0,-10.05283252011913,-10.052764256369418,-7.984299101723101,-12.495335723976615,10.053055801140825,8.931619965626058e-05
ENGINEERING_SAMPLE,spread_bps,depth_10_bid,HIGH,MID,3000,100,797,100.0,-10.163681451393458,-10.052790147949601,0.0,-10.897659910546734,-9.736099388056552,-7.984299101723101,-12.495335723976615,10.050987579562692,3.863752428703931e-05
ENGINEERING_SAMPLE,spread_bps,depth_10_bid,HIGH,MID,3000,1000,797,100.0,-10.16410025194674,-10.052790147949601,0.0,-10.897659910546734,-9.736099388056552,-7.984299101723101,-12.495359644843857,10.051406054815365,0.00045711277696078393
ENGINEERING_SAMPLE,spread_bps,depth_10_bid,HIGH,MID,3000,500,797,100.0,-10.16396116734868,-10.052790147949601,0.0,-10.897659910546734,-9.736099388056552,-7.984299101723101,-12.495335723976615,10.051267078250364,0.0003181362119582695
ENGINEERING_SAMPLE,spread_bps,depth_10_bid,HIGH,MID,30000,100,797,98.99623588456713,-10.34762440761273,-10.633863048413495,0.0,-13.275616247386097,-7.147751809480569,-7.984299101723101,-12.495335723976615,10.048892871008167,9.96560382634539e-25
ENGINEERING_SAMPLE,spread_bps,depth_10_bid,HIGH,MID,30000,1000,797,98.99623588456713,-10.34762440761273,-10.633863048413495,0.0,-13.275616247386097,-7.147751809480569,-7.984299101723101,-12.495359644843857,10.048892871008167,9.96560382634539e-25
ENGINEERING_SAMPLE,spread_bps,depth_10_bid,HIGH,MID,30000,500,797,98.99623588456713,-10.34762440761273,-10.633863048413495,0.0,-13.275616247386097,-7.147751809480569,-7.984299101723101,-12.495335723976615,10.048892871008167,0.0
ENGINEERING_SAMPLE,spread_bps,depth_10_bid,HIGH,MID,500,100,797,100.0,-10.082783460145295,-10.052790147949601,0.0,-10.05283252011913,-10.052764256369418,-7.984299101723101,-12.495335723976615,10.062086406744102,4.992366982123185e-05
ENGINEERING_SAMPLE,spread_bps,depth_10_bid,HIGH,MID,500,1000,797,100.0,-10.082844442682742,-10.052790147949601,0.0,-10.05283252011913,-10.052764256369418,-7.984299101723101,-12.495359644843857,10.062147374733716,0.00011089165943448391
ENGINEERING_SAMPLE,spread_bps,depth_10_bid,HIGH,MID,500,500,797,100.0,-10.082822850906817,-10.052790147949601,0.0,-10.05283252011913,-10.052764256369418,-7.984299101723101,-12.495335723976615,10.062125788108666,8.930503438644439e-05
ENGINEERING_SAMPLE,spread_bps,depth_10_bid,HIGH,MID,5000,100,797,100.0,-10.209753147116587,-10.05279209780653,0.0,-11.267980482859134,-9.366625166177805,-7.984299101723101,-12.495335723976615,10.053306312387162,0.00014184854865815428
ENGINEERING_SAMPLE,spread_bps,depth_10_bid,HIGH,MID,5000,1000,797,100.0,-10.210402949122821,-10.05279209780653,0.0,-11.267980482859134,-9.366625166177805,-7.984299101723101,-12.495359644843857,10.053955637688832,0.0007911738503257483
ENGINEERING_SAMPLE,spread_bps,depth_10_bid,HIGH,MID,5000,500,797,100.0,-10.210200588990093,-10.05279209780653,0.0,-11.267980482859134,-9.366625166177805,-7.984299101723101,-12.495335723976615,10.053753424864299,0.0005889610257943835
ENGINEERING_SAMPLE,spread_bps,depth_10_bid,HIGH,MID,60000,100,797,98.99623588456713,-10.484017228248733,-11.424634921974295,0.0,-14.649458186350099,-5.777189224551814,-7.984299101723101,-12.495335723976615,10.050162156744388,-1.3345145067408691e-25
ENGINEERING_SAMPLE,spread_bps,depth_10_bid,HIGH,MID,60000,1000,797,98.99623588456713,-10.484091634832241,-11.424634921974295,0.0,-14.649458186350099,-5.777189224551814,-7.984299101723101,-12.495359644843857,10.050236492182687,7.433543829831497e-05
ENGINEERING_SAMPLE,spread_bps,depth_10_bid,HIGH,MID,60000,500,797,98.99623588456713,-10.484017228248733,-11.424634921974295,0.0,-14.649458186350099,-5.777189224551814,-7.984299101723101,-12.495335723976615,10.050162156744388,0.0
ENGINEERING_SAMPLE,spread_bps,depth_10_bid,LOW,HIGH,1000,100,690,100.0,-10.070026338640517,-10.052716993260866,0.0,-10.263380827532002,-10.052669537476705,-8.407806924418162,-11.207445961696841,10.045652044716906,-1.8170672913485964e-24
ENGINEERING_SAMPLE,spread_bps,depth_10_bid,LOW,HIGH,1000,1000,690,100.0,-10.070026338640517,-10.052716993260866,0.0,-10.263380827532002,-10.052669537476705,-8.407806924418162,-11.207445961696841,10.045652044716906,-1.8170672913485964e-24
ENGINEERING_SAMPLE,spread_bps,depth_10_bid,LOW,HIGH,1000,500,690,100.0,-10.070026338640517,-10.052716993260866,0.0,-10.263380827532002,-10.052669537476705,-8.407806924418162,-11.207445961696841,10.045652044716906,0.0
ENGINEERING_SAMPLE,spread_bps,depth_10_bid,LOW,HIGH,15000,100,690,100.0,-10.130496358015918,-10.052720326702675,0.0,-12.055367094741943,-8.36561819896822,-8.407806924418162,-11.207445961696841,10.04275394853016,-8.246739058968251e-25
ENGINEERING_SAMPLE,spread_bps,depth_10_bid,LOW,HIGH,15000,1000,690,100.0,-10.13061499487986,-10.052720326702675,0.0,-12.055367094741943,-8.36561819896822,-8.407806924418162,-11.207445961696841,10.042872498325083,0.00011854979492293343
ENGINEERING_SAMPLE,spread_bps,depth_10_bid,LOW,HIGH,15000,500,690,100.0,-10.130580919790141,-10.052720326702675,0.0,-12.055367094741943,-8.36561819896822,-8.407806924418162,-11.207445961696841,10.042838448243483,8.449971332205696e-05
ENGINEERING_SAMPLE,spread_bps,depth_10_bid,LOW,HIGH,250,100,690,100.0,-10.060641324131572,-10.052716993260866,0.0,-10.05272199358167,-10.052669814747548,-8.407806924418162,-11.207445961696841,10.050307572414216,-1.9391346954995286e-24
ENGINEERING_SAMPLE,spread_bps,depth_10_bid,LOW,HIGH,250,1000,690,100.0,-10.060759930443172,-10.052716993260866,0.0,-10.05272199358167,-10.052669814747548,-8.407806924418162,-11.207445961696841,10.050426115395554,0.00011854298133844665
ENGINEERING_SAMPLE,spread_bps,depth_10_bid,LOW,HIGH,250,500,690,100.0,-10.060725855353471,-10.052716993260866,0.0,-10.05272199358167,-10.052669814747548,-8.407806924418162,-11.207445961696841,10.050392058500368,8.44860861530834e-05
ENGINEERING_SAMPLE,spread_bps,depth_10_bid,LOW,HIGH,3000,100,690,100.0,-10.083592047096447,-10.052720326702675,0.0,-10.84280133517253,-9.314668254265369,-8.407806924418162,-11.207445961696841,10.049698179797135,-1.5194596726274477e-24
ENGINEERING_SAMPLE,spread_bps,depth_10_bid,LOW,HIGH,3000,1000,690,100.0,-10.083710653408046,-10.052720326702675,0.0,-10.84280133517253,-9.314668254265369,-8.407806924418162,-11.207445961696841,10.049816722778473,0.00011854298133844665
ENGINEERING_SAMPLE,spread_bps,depth_10_bid,LOW,HIGH,3000,500,690,100.0,-10.083676578318347,-10.052720326702675,0.0,-10.84280133517253,-9.314668254265369,-8.407806924418162,-11.207445961696841,10.049782665883289,8.44860861530834e-05
ENGINEERING_SAMPLE,spread_bps,depth_10_bid,LOW,HIGH,30000,100,690,100.0,-9.774630035767697,-9.578228496450986,0.0,-12.845023696682464,-8.314015640222228,-8.407806924418162,-11.207445961696841,10.042602756552737,-2.672512110915269e-25
ENGINEERING_SAMPLE,spread_bps,depth_10_bid,LOW,HIGH,30000,1000,690,100.0,-9.774630035767697,-9.578228496450986,0.0,-12.845023696682464,-8.314015640222228,-8.407806924418162,-11.207445961696841,10.042602756552737,-2.672512110915269e-25
ENGINEERING_SAMPLE,spread_bps,depth_10_bid,LOW,HIGH,30000,500,690,100.0,-9.774630035767697,-9.578228496450986,0.0,-12.845023696682464,-8.314015640222228,-8.407806924418162,-11.207445961696841,10.042602756552737,0.0
ENGINEERING_SAMPLE,spread_bps,depth_10_bid,LOW,HIGH,500,100,690,100.0,-10.065296559110308,-10.052716993260866,0.0,-10.05272199358167,-10.052669537476705,-8.407806924418162,-11.207445961696841,10.045267503492836,-1.8475550262848175e-24
ENGINEERING_SAMPLE,spread_bps,depth_10_bid,LOW,HIGH,500,1000,690,100.0,-10.065559476797814,-10.052716993260866,0.0,-10.05272199358167,-10.052669537476705,-8.407806924418162,-11.207445961696841,10.045530283557651,0.0002627800648147565
ENGINEERING_SAMPLE,spread_bps,depth_10_bid,LOW,HIGH,500,500,690,100.0,-10.065516846685526,-10.052716993260866,0.0,-10.05272199358167,-10.052669537476705,-8.407806924418162,-11.207445961696841,10.045487675759839,0.0002201722670028987
ENGINEERING_SAMPLE,spread_bps,depth_10_bid,LOW,HIGH,5000,100,690,100.0,-10.109378822820961,-10.052720326702675,0.0,-11.0588340764524,-9.103726109111603,-8.407806924418162,-11.207445961696841,10.042368698704983,-1.4278163597841911e-24
ENGINEERING_SAMPLE,spread_bps,depth_10_bid,LOW,HIGH,5000,1000,690,100.0,-10.109378822820961,-10.052720326702675,0.0,-11.0588340764524,-9.103726109111603,-8.407806924418162,-11.207445961696841,10.042368698704983,-1.4278163597841911e-24
ENGINEERING_SAMPLE,spread_bps,depth_10_bid,LOW,HIGH,5000,500,690,100.0,-10.109378822820961,-10.052720326702675,0.0,-11.0588340764524,-9.103726109111603,-8.407806924418162,-11.207445961696841,10.042368698704983,0.0
ENGINEERING_SAMPLE,spread_bps,depth_10_bid,LOW,HIGH,60000,100,690,100.0,-9.651130896216339,-9.947283562271785,0.0,-13.319194312796208,-7.627972772198982,-8.407806924418162,-11.207445961696841,10.049011937925675,4.659996055900467e-25
ENGINEERING_SAMPLE,spread_bps,depth_10_bid,LOW,HIGH,60000,1000,690,100.0,-9.651130896216339,-9.947283562271785,0.0,-13.319194312796208,-7.627972772198982,-8.407806924418162,-11.207445961696841,10.049011937925675,4.659996055900467e-25
ENGINEERING_SAMPLE,spread_bps,depth_10_bid,LOW,HIGH,60000,500,690,100.0,-9.651130896216339,-9.947283562271785,0.0,-13.319194312796208,-7.627972772198982,-8.407806924418162,-11.207445961696841,10.049011937925675,0.0
ENGINEERING_SAMPLE,spread_bps,depth_10_bid,LOW,LOW,1000,100,1133,100.0,-9.985283104544287,-10.052690895876891,0.0,-10.052717271031582,-9.841895671686604,-7.143480885131516,-11.318505578028283,10.053807204333689,2.5275689205271542e-05
ENGINEERING_SAMPLE,spread_bps,depth_10_bid,LOW,LOW,1000,1000,1133,100.0,-9.985349524717565,-10.052690895876891,0.0,-10.052717271031582,-9.841895671686604,-7.143547286227265,-11.31857195809364,10.053873594509623,9.166586514055617e-05
ENGINEERING_SAMPLE,spread_bps,depth_10_bid,LOW,LOW,1000,500,1133,100.0,-9.98530715503797,-10.052690895876891,0.0,-10.052717271031582,-9.841895671686604,-7.14350492973083,-11.318529616932345,10.053831244313312,4.931566882981006e-05
ENGINEERING_SAMPLE,spread_bps,depth_10_bid,LOW,LOW,15000,100,1133,100.0,-9.533026027639036,-10.0,0.0,-11.686383987358441,-7.153042351044153,-7.143480885131516,-11.318505578028283,10.06311844969422,3.99879388021095e-05
ENGINEERING_SAMPLE,spread_bps,depth_10_bid,LOW,LOW,15000,1000,1133,100.0,-9.533155797991249,-10.0,0.0,-11.686383987358441,-7.153042351044153,-7.143547286227265,-11.31857195809364,10.0632481557981,0.00016969404268112235
ENGINEERING_SAMPLE,spread_bps,depth_10_bid,LOW,LOW,15000,500,1133,100.0,-9.533075510150265,-10.0,0.0,-11.686383987358441,-7.153042351044153,-7.14350492973083,-11.318529616932345,10.063167908245408,8.944648998918724e-05
ENGINEERING_SAMPLE,spread_bps,depth_10_bid,LOW,LOW,250,100,1133,100.0,-10.038347198218345,-10.052690895876891,0.0,-10.052717271031582,-10.052668428422527,-7.143480885131516,-11.318505578028283,10.05627061088288,2.5275689205271542e-05
ENGINEERING_SAMPLE,spread_bps,depth_10_bid,LOW,LOW,250,1000,1133,100.0,-10.03841361839162,-10.052690895876891,0.0,-10.052717271031582,-10.052668428422527,-7.143547286227265,-11.31857195809364,10.056337001058814,9.166586514055617e-05
ENGINEERING_SAMPLE,spread_bps,depth_10_bid,LOW,LOW,250,500,1133,100.0,-10.038371248712027,-10.052690895876891,0.0,-10.052717271031582,-10.052668428422527,-7.14350492973083,-11.318529616932345,10.056294650862505,4.931566882981006e-05
ENGINEERING_SAMPLE,spread_bps,depth_10_bid,LOW,LOW,3000,100,1133,100.0,-9.884328536332461,-10.052680630587938,0.0,-10.05272199358167,-8.893823247586054,-7.143480885131516,-11.318505578028283,10.059724324069279,3.9994298013591544e-05
ENGINEERING_SAMPLE,spread_bps,depth_10_bid,LOW,LOW,3000,1000,1133,100.0,-9.884458324547872,-10.052680630587938,0.0,-10.05272199358167,-8.893823247586054,-7.143547286227265,-11.31857195809364,10.059854036108423,0.00016970633715665428
ENGINEERING_SAMPLE,spread_bps,depth_10_bid,LOW,LOW,3000,500,1133,100.0,-9.884378018843705,-10.052680630587938,0.0,-10.05272199358167,-8.893823247586054,-7.14350492973083,-11.318529616932345,10.059773777533097,8.944776183148365e-05
ENGINEERING_SAMPLE,spread_bps,depth_10_bid,LOW,LOW,30000,100,1133,100.0,-9.232508357120889,-9.261958205557839,0.0,-12.68802844725405,-5.624789251844047,-7.143480885131516,-11.318505578028283,10.058783675036517,2.5275689205271542e-05
ENGINEERING_SAMPLE,spread_bps,depth_10_bid,LOW,LOW,30000,1000,1133,100.0,-9.232574776479234,-9.261958205557839,0.0,-12.68802844725405,-5.624789251844047,-7.143547286227265,-11.31857195809364,10.058850065212454,9.166586514055617e-05
ENGINEERING_SAMPLE,spread_bps,depth_10_bid,LOW,LOW,30000,500,1133,100.0,-9.232532406221887,-9.261958205557839,0.0,-12.68802844725405,-5.624789251844047,-7.14350492973083,-11.318529616932345,10.058807715016142,4.931566882981006e-05
ENGINEERING_SAMPLE,spread_bps,depth_10_bid,LOW,LOW,500,100,1133,100.0,-10.015000571161965,-10.052690895876891,0.0,-10.052717271031582,-10.052668428422527,-7.143480885131516,-11.318505578028283,10.04627592886021,2.5275689205271542e-05
ENGINEERING_SAMPLE,spread_bps,depth_10_bid,LOW,LOW,500,1000,1133,100.0,-10.01506699133524,-10.052690895876891,0.0,-10.052717271031582,-10.052668428422527,-7.143547286227265,-11.31857195809364,10.046342319036146,9.166586514055617e-05
ENGINEERING_SAMPLE,spread_bps,depth_10_bid,LOW,LOW,500,500,1133,100.0,-10.015024621655646,-10.052690895876891,0.0,-10.052717271031582,-10.052668428422527,-7.14350492973083,-11.318529616932345,10.046299968839834,4.931566882981006e-05
ENGINEERING_SAMPLE,spread_bps,depth_10_bid,LOW,LOW,5000,100,1133,100.0,-9.798734773939675,-10.052680630587938,0.0,-10.410876309256903,-8.787994501298305,-7.143480885131516,-11.318505578028283,10.056686869553868,2.5275689205271542e-05
ENGINEERING_SAMPLE,spread_bps,depth_10_bid,LOW,LOW,5000,1000,1133,100.0,-9.79880119259703,-10.052680630587938,0.0,-10.410876309256903,-8.787994501298305,-7.143547286227265,-11.31857195809364,10.056753259729803,9.166586514055617e-05
ENGINEERING_SAMPLE,spread_bps,depth_10_bid,LOW,LOW,5000,500,1133,100.0,-9.798758824433358,-10.052680630587938,0.0,-10.410876309256903,-8.787994501298305,-7.14350492973083,-11.318529616932345,10.056710909533491,4.931566882981006e-05
ENGINEERING_SAMPLE,spread_bps,depth_10_bid,LOW,LOW,60000,100,1133,100.0,-8.859600945836144,-8.89395135818067,3.265666372462489,-13.846435399013066,-3.4644014223627027,-7.143480885131516,-11.318505578028283,10.057947567996152,2.5275689205271542e-05
ENGINEERING_SAMPLE,spread_bps,depth_10_bid,LOW,LOW,60000,1000,1133,100.0,-8.859739610277082,-8.89395135818067,3.265666372462489,-13.846435399013066,-3.4644014223627027,-7.143547286227265,-11.31857195809364,10.058086153345549,0.00016386103860086158
ENGINEERING_SAMPLE,spread_bps,depth_10_bid,LOW,LOW,60000,500,1133,100.0,-8.859676483074361,-8.89395135818067,3.265666372462489,-13.846435399013066,-3.4644014223627027,-7.14350492973083,-11.318529616932345,10.058023064593835,0.00010077228688772993
ENGINEERING_SAMPLE,spread_bps,depth_10_bid,LOW,MID,1000,100,692,100.0,-10.08831898067326,-10.052690895876891,0.0,-10.05272199358167,-10.052668428422527,-7.812236160431193,-11.417091503283059,10.054261408310577,-1.6513998370958795e-24
ENGINEERING_SAMPLE,spread_bps,depth_10_bid,LOW,MID,1000,1000,692,100.0,-10.08831898067326,-10.052690895876891,0.0,-10.05272199358167,-10.052668428422527,-7.812236160431193,-11.417091503283059,10.054261408310577,-1.6513998370958795e-24
ENGINEERING_SAMPLE,spread_bps,depth_10_bid,LOW,MID,1000,500,692,100.0,-10.08831898067326,-10.052690895876891,0.0,-10.05272199358167,-10.052668428422527,-7.812236160431193,-11.417091503283059,10.054261408310577,0.0
ENGINEERING_SAMPLE,spread_bps,depth_10_bid,LOW,MID,15000,100,692,100.0,-9.671142977569316,-10.052668705683152,0.0,-10.68477608482768,-8.209188588756167,-7.812236160431193,-11.417091503283059,10.04802283311518,-6.316336348006979e-25
ENGINEERING_SAMPLE,spread_bps,depth_10_bid,LOW,MID,15000,1000,692,100.0,-9.671142977569316,-10.052668705683152,0.0,-10.68477608482768,-8.209188588756167,-7.812236160431193,-11.417091503283059,10.04802283311518,-6.316336348006979e-25
ENGINEERING_SAMPLE,spread_bps,depth_10_bid,LOW,MID,15000,500,692,100.0,-9.671142977569316,-10.052668705683152,0.0,-10.68477608482768,-8.209188588756167,-7.812236160431193,-11.417091503283059,10.04802283311518,0.0
ENGINEERING_SAMPLE,spread_bps,depth_10_bid,LOW,MID,250,100,692,100.0,-10.057585532375413,-10.052680630587938,0.0,-10.052721437943626,-10.052669537476705,-7.812236160431193,-11.417091503283059,10.051697419453374,2.4088393638913553e-05
ENGINEERING_SAMPLE,spread_bps,depth_10_bid,LOW,MID,250,1000,692,100.0,-10.057689254122614,-10.052680630587938,0.0,-10.052721437943626,-10.052669537476705,-7.812236160431193,-11.417091503283059,10.05180108581656,0.00012775475682508039
ENGINEERING_SAMPLE,spread_bps,depth_10_bid,LOW,MID,250,500,692,100.0,-10.057627171791427,-10.052680630587938,0.0,-10.052721437943626,-10.052669537476705,-7.812236160431193,-11.417091503283059,10.051739036635306,6.570557557016834e-05
ENGINEERING_SAMPLE,spread_bps,depth_10_bid,LOW,MID,3000,100,692,100.0,-10.06568579385415,-10.052690895876891,0.0,-10.421382919356027,-9.841979741397465,-7.812236160431193,-11.417091503283059,10.047944478991703,-1.5600130102151016e-24
ENGINEERING_SAMPLE,spread_bps,depth_10_bid,LOW,MID,3000,1000,692,100.0,-10.06594796771472,-10.052690895876891,0.0,-10.421382919356027,-9.841979741397465,-7.812236160431193,-11.417091503283059,10.048206501814676,0.0002620228229721493
ENGINEERING_SAMPLE,spread_bps,depth_10_bid,LOW,MID,3000,500,692,100.0,-10.065905460810844,-10.052690895876891,0.0,-10.421382919356027,-9.841979741397465,-7.812236160431193,-11.417091503283059,10.0481640193989,0.00021954040719810797
ENGINEERING_SAMPLE,spread_bps,depth_10_bid,LOW,MID,30000,100,692,100.0,-9.825215967072038,-10.052668428422527,0.0,-12.213507235078145,-8.051021912413525,-7.812236160431193,-11.417091503283059,10.052583325713906,-9.900938548272864e-26
ENGINEERING_SAMPLE,spread_bps,depth_10_bid,LOW,MID,30000,1000,692,100.0,-9.825215967072038,-10.052668428422527,0.0,-12.213507235078145,-8.051021912413525,-7.812236160431193,-11.417091503283059,10.052583325713906,-9.900938548272864e-26
ENGINEERING_SAMPLE,spread_bps,depth_10_bid,LOW,MID,30000,500,692,100.0,-9.825215967072038,-10.052668428422527,0.0,-12.213507235078145,-8.051021912413525,-7.812236160431193,-11.417091503283059,10.052583325713906,0.0
ENGINEERING_SAMPLE,spread_bps,depth_10_bid,LOW,MID,500,100,692,100.0,-10.07494536803601,-10.052687011243055,0.0,-10.052721437943626,-10.052668982943777,-7.812236160431193,-11.417091503283059,10.062580372402163,2.4088393638913553e-05
ENGINEERING_SAMPLE,spread_bps,depth_10_bid,LOW,MID,500,1000,692,100.0,-10.075167353302001,-10.052687011243055,0.0,-10.052721437943626,-10.052668982943777,-7.812236160431193,-11.417091503283059,10.062802239136916,0.00024595512839087254
ENGINEERING_SAMPLE,spread_bps,depth_10_bid,LOW,MID,500,500,692,100.0,-10.075071294364035,-10.052687011243055,0.0,-10.052721437943626,-10.052668982943777,-7.812236160431193,-11.417091503283059,10.06270623149081,0.00014994748228350295
ENGINEERING_SAMPLE,spread_bps,depth_10_bid,LOW,MID,5000,100,692,100.0,-9.989990303040077,-10.052680630587938,0.0,-10.474263021231097,-9.156945665969738,-7.812236160431193,-11.417091503283059,10.04116863391856,-1.2404427444852682e-24
ENGINEERING_SAMPLE,spread_bps,depth_10_bid,LOW,MID,5000,1000,692,100.0,-9.989990303040077,-10.052680630587938,0.0,-10.474263021231097,-9.156945665969738,-7.812236160431193,-11.417091503283059,10.04116863391856,-1.2404427444852682e-24
ENGINEERING_SAMPLE,spread_bps,depth_10_bid,LOW,MID,5000,500,692,100.0,-9.989990303040077,-10.052680630587938,0.0,-10.474263021231097,-9.156945665969738,-7.812236160431193,-11.417091503283059,10.04116863391856,0.0
ENGINEERING_SAMPLE,spread_bps,depth_10_bid,LOW,MID,60000,100,692,100.0,-9.173250064819971,-9.051014117014718,0.0,-13.793864384463463,-4.1003906537922905,-7.812236160431193,-11.417091503283059,10.04619566687686,-1.5211467162239657e-25
ENGINEERING_SAMPLE,spread_bps,depth_10_bid,LOW,MID,60000,1000,692,100.0,-9.173250064819971,-9.051014117014718,0.0,-13.793864384463463,-4.1003906537922905,-7.812236160431193,-11.417091503283059,10.04619566687686,-1.5211467162239657e-25
ENGINEERING_SAMPLE,spread_bps,depth_10_bid,LOW,MID,60000,500,692,100.0,-9.173250064819971,-9.051014117014718,0.0,-13.793864384463463,-4.1003906537922905,-7.812236160431193,-11.417091503283059,10.04619566687686,0.0
ENGINEERING_SAMPLE,spread_bps,depth_10_bid,MID,HIGH,1000,100,994,99.59758551307847,-10.094180017900435,-10.052736166309996,0.0,-10.26365998534783,-10.052722271405084,-8.37786241125013,-11.931649016997838,10.047383904744239,-5.9110414496177195e-25
ENGINEERING_SAMPLE,spread_bps,depth_10_bid,MID,HIGH,1000,1000,994,99.59758551307847,-10.094345067505715,-10.052736166309996,0.0,-10.26365998534783,-10.052722271405084,-8.37786241125013,-11.931649016997838,10.047548866212574,0.00016496146833559148
ENGINEERING_SAMPLE,spread_bps,depth_10_bid,MID,HIGH,1000,500,994,99.59758551307847,-10.094180552315569,-10.052736166309996,0.0,-10.26365998534783,-10.052722271405084,-8.37786241125013,-11.931649016997838,10.047384438873994,5.341297554940617e-07
ENGINEERING_SAMPLE,spread_bps,depth_10_bid,MID,HIGH,15000,100,994,97.58551307847083,-10.261696753763475,-10.26361135702542,0.0,-11.687263835236704,-8.998192377418947,-8.37786241125013,-11.931649016997838,10.044285124709983,-1.6504276134378944e-26
ENGINEERING_SAMPLE,spread_bps,depth_10_bid,MID,HIGH,15000,1000,994,97.58551307847083,-10.261696753763475,-10.26361135702542,0.0,-11.687263835236704,-8.998192377418947,-8.37786241125013,-11.931649016997838,10.044285124709983,-1.6504276134378944e-26
ENGINEERING_SAMPLE,spread_bps,depth_10_bid,MID,HIGH,15000,500,994,97.58551307847083,-10.261696753763475,-10.26361135702542,0.0,-11.687263835236704,-8.998192377418947,-8.37786241125013,-11.931649016997838,10.044285124709983,0.0
ENGINEERING_SAMPLE,spread_bps,depth_10_bid,MID,HIGH,250,100,994,99.79879275653923,-10.063462418119105,-10.052735332409169,0.0,-10.0527556314857,-10.052722549231426,-8.37786241125013,-11.931649016997838,10.049083031359293,4.077087297781774e-05
ENGINEERING_SAMPLE,spread_bps,depth_10_bid,MID,HIGH,250,1000,994,99.79879275653923,-10.06386904418804,-10.052735332409169,0.0,-10.0527556314857,-10.052722549231426,-8.37786241125013,-11.931649016997838,10.04948944590069,0.0004471854143753769
ENGINEERING_SAMPLE,spread_bps,depth_10_bid,MID,HIGH,250,500,994,99.79879275653923,-10.063522018058068,-10.052735332409169,0.0,-10.0527556314857,-10.052722549231426,-8.37786241125013,-11.931649016997838,10.049142597382412,0.00010033689609680094
ENGINEERING_SAMPLE,spread_bps,depth_10_bid,MID,HIGH,3000,100,994,98.69215291750503,-10.149011171374086,-10.052736166309996,0.0,-10.790963280751777,-9.789082016633113,-8.37786241125013,-11.931649016997838,10.045669127025556,-3.5478749684808137e-25
ENGINEERING_SAMPLE,spread_bps,depth_10_bid,MID,HIGH,3000,1000,994,98.69215291750503,-10.149011171374086,-10.052736166309996,0.0,-10.790963280751777,-9.789082016633113,-8.37786241125013,-11.931649016997838,10.045669127025556,-3.5478749684808137e-25
ENGINEERING_SAMPLE,spread_bps,depth_10_bid,MID,HIGH,3000,500,994,98.69215291750503,-10.149011171374086,-10.052736166309996,0.0,-10.790963280751777,-9.789082016633113,-8.37786241125013,-11.931649016997838,10.045669127025556,0.0
ENGINEERING_SAMPLE,spread_bps,depth_10_bid,MID,HIGH,30000,100,994,94.76861167002012,-10.06965039604679,-10.158210166775602,0.0,-11.89850198715989,-7.943202783195403,-8.37786241125013,-11.931649016997838,10.039432981457098,4.292802025440198e-05
ENGINEERING_SAMPLE,spread_bps,depth_10_bid,MID,HIGH,30000,1000,994,94.76861167002012,-10.069712529172351,-10.158210166775602,0.0,-11.89850198715989,-7.943202783195403,-8.37786241125013,-11.931649016997838,10.039495085004932,0.00010503156808737597
ENGINEERING_SAMPLE,spread_bps,depth_10_bid,MID,HIGH,30000,500,994,94.76861167002012,-10.069705625491732,-10.158210166775602,0.0,-11.89850198715989,-7.943202783195403,-8.37786241125013,-11.931649016997838,10.039488184610727,9.81311738837122e-05
ENGINEERING_SAMPLE,spread_bps,depth_10_bid,MID,HIGH,500,100,994,99.69818913480886,-10.07879962191907,-10.052736166309996,0.0,-10.0527556314857,-10.052722271405084,-8.37786241125013,-11.931649016997838,10.054982634756625,4.081201412108496e-05
ENGINEERING_SAMPLE,spread_bps,depth_10_bid,MID,HIGH,500,1000,994,99.69818913480886,-10.07904181457588,-10.052736166309996,0.0,-10.0527556314857,-10.052722271405084,-8.37786241125013,-11.931649016997838,10.055224698487399,0.00028287574489444867
ENGINEERING_SAMPLE,spread_bps,depth_10_bid,MID,HIGH,500,500,994,99.69818913480886,-10.078858756673863,-10.052736166309996,0.0,-10.0527556314857,-10.052722271405084,-8.37786241125013,-11.931649016997838,10.055041735825228,9.991308272327638e-05
ENGINEERING_SAMPLE,spread_bps,depth_10_bid,MID,HIGH,5000,100,994,97.98792756539235,-10.19208751799947,-10.052736722258533,0.0,-11.002082235108066,-9.367049234775916,-8.37786241125013,-11.931649016997838,10.043993663700034,-1.8959081595319846e-25
ENGINEERING_SAMPLE,spread_bps,depth_10_bid,MID,HIGH,5000,1000,994,97.98792756539235,-10.19208751799947,-10.052736722258533,0.0,-11.002082235108066,-9.367049234775916,-8.37786241125013,-11.931649016997838,10.043993663700034,-1.8959081595319846e-25
ENGINEERING_SAMPLE,spread_bps,depth_10_bid,MID,HIGH,5000,500,994,97.98792756539235,-10.19208751799947,-10.052736722258533,0.0,-11.002082235108066,-9.367049234775916,-8.37786241125013,-11.931649016997838,10.043993663700034,0.0
ENGINEERING_SAMPLE,spread_bps,depth_10_bid,MID,HIGH,60000,100,994,90.54325955734406,-9.85034066992688,-10.105444542810169,0.0,-13.111958710711386,-6.519688193408632,-8.37786241125013,-11.931649016997838,10.041929307846996,-8.840673313296991e-25
ENGINEERING_SAMPLE,spread_bps,depth_10_bid,MID,HIGH,60000,1000,994,90.54325955734406,-9.85034066992688,-10.105444542810169,0.0,-13.111958710711386,-6.519688193408632,-8.37786241125013,-11.931649016997838,10.041929307846996,-8.840673313296991e-25
ENGINEERING_SAMPLE,spread_bps,depth_10_bid,MID,HIGH,60000,500,994,90.54325955734406,-9.85034066992688,-10.105444542810169,0.0,-13.111958710711386,-6.519688193408632,-8.37786241125013,-11.931649016997838,10.041929307846996,0.0
ENGINEERING_SAMPLE,spread_bps,depth_10_bid,MID,LOW,1000,100,432,100.0,-9.989296968161641,-10.052741170268845,0.0,-10.052755075138412,-9.947273005148853,-7.243575564360204,-11.898570078640997,10.06739890078956,4.562688190622061e-05
ENGINEERING_SAMPLE,spread_bps,depth_10_bid,MID,LOW,1000,1000,432,100.0,-9.989471631975407,-10.052741170268845,0.0,-10.052755075138412,-9.947273005148853,-7.243750181222755,-11.898744628318436,10.06757347577039,0.00022020186273634108
ENGINEERING_SAMPLE,spread_bps,depth_10_bid,MID,LOW,1000,500,432,100.0,-9.989447774705887,-10.052741170268845,0.0,-10.052755075138412,-9.947273005148853,-7.243726330521592,-11.898720786794005,10.067549630789799,0.0001963568821453865
ENGINEERING_SAMPLE,spread_bps,depth_10_bid,MID,LOW,15000,100,432,96.06481481481481,-9.30483524157967,-9.367282730707815,0.0,-11.212708099476687,-7.09856266081748,-7.243575564360204,-11.898570078640997,10.065308189452647,0.00014495883791662743
ENGINEERING_SAMPLE,spread_bps,depth_10_bid,MID,LOW,15000,1000,432,96.06481481481481,-9.30598871066629,-9.367282730707815,0.0,-11.212708099476687,-7.09856266081748,-7.243750181222755,-11.898744628318436,10.06646118883921,0.0012979582244796567
ENGINEERING_SAMPLE,spread_bps,depth_10_bid,MID,LOW,15000,500,432,96.06481481481481,-9.305134608839815,-9.367282730707815,0.0,-11.212708099476687,-7.09856266081748,-7.243726330521592,-11.898720786794005,10.065607390184026,0.00044415956929410173
ENGINEERING_SAMPLE,spread_bps,depth_10_bid,MID,LOW,250,100,432,100.0,-10.034229537396625,-10.052743950656334,0.0,-10.052755075138412,-10.052726439107682,-7.243575564360204,-11.898570078640997,10.064229878014125,4.562688190622061e-05
ENGINEERING_SAMPLE,spread_bps,depth_10_bid,MID,LOW,250,1000,432,100.0,-10.034404201210391,-10.052743950656334,0.0,-10.052755075138412,-10.052726439107682,-7.243750181222755,-11.898744628318436,10.064404452994957,0.00022020186273634108
ENGINEERING_SAMPLE,spread_bps,depth_10_bid,MID,LOW,250,500,432,100.0,-10.03438034394087,-10.052743950656334,0.0,-10.052755075138412,-10.052726439107682,-7.243726330521592,-11.898720786794005,10.064380608014366,0.0001963568821453865
ENGINEERING_SAMPLE,spread_bps,depth_10_bid,MID,LOW,3000,100,432,100.0,-9.916998953948141,-10.052740892246218,0.0,-10.369186245723533,-9.06145860244129,-7.243575564360204,-11.898570078640997,10.067032238648984,4.562688190622061e-05
ENGINEERING_SAMPLE,spread_bps,depth_10_bid,MID,LOW,3000,1000,432,100.0,-9.917971480773879,-10.052740892246218,0.0,-10.369186245723533,-9.06145860244129,-7.243750181222755,-11.898744628318436,10.068004427167612,0.0010178154005333177
ENGINEERING_SAMPLE,spread_bps,depth_10_bid,MID,LOW,3000,500,432,100.0,-9.917166090259228,-10.052740892246218,0.0,-10.369186245723533,-9.06145860244129,-7.243726330521592,-11.898720786794005,10.067199293310106,0.00021268154302836928
ENGINEERING_SAMPLE,spread_bps,depth_10_bid,MID,LOW,30000,100,432,96.06481481481481,-9.319391379692956,-9.683469549169523,0.0,-11.550436538045089,-6.887910037010091,-7.243575564360204,-11.898570078640997,10.077403343755668,4.74959348999694e-05
ENGINEERING_SAMPLE,spread_bps,depth_10_bid,MID,LOW,30000,1000,432,96.06481481481481,-9.320403278608863,-9.683469549169523,0.0,-11.550436538045089,-6.887910037010091,-7.243750181222755,-11.898744628318436,10.078415090661412,0.0010592428406469567
ENGINEERING_SAMPLE,spread_bps,depth_10_bid,MID,LOW,30000,500,432,96.06481481481481,-9.319565235967625,-9.683469549169523,0.0,-11.550436538045089,-6.887910037010091,-7.243726330521592,-11.898720786794005,10.077577132876277,0.00022128505551096358
ENGINEERING_SAMPLE,spread_bps,depth_10_bid,MID,LOW,500,100,432,100.0,-10.010299769301575,-10.052743950656334,0.0,-10.052755075138412,-10.052722271405084,-7.243575564360204,-11.898570078640997,10.052270155050108,4.562688190622061e-05
ENGINEERING_SAMPLE,spread_bps,depth_10_bid,MID,LOW,500,1000,432,100.0,-10.010566054812811,-10.052743950656334,0.0,-10.052755075138412,-10.052722271405084,-7.243750181222755,-11.898744628318436,10.052536304733255,0.000311776565053735
ENGINEERING_SAMPLE,spread_bps,depth_10_bid,MID,LOW,500,500,432,100.0,-10.010450575845821,-10.052743950656334,0.0,-10.052755075138412,-10.052722271405084,-7.243726330521592,-11.898720786794005,10.052420885050346,0.0001963568821453865
ENGINEERING_SAMPLE,spread_bps,depth_10_bid,MID,LOW,5000,100,432,100.0,-9.930162106882062,-10.052726994851147,0.0,-10.738430880507787,-9.05045871559633,-7.243575564360204,-11.898570078640997,10.067153798064323,4.562688190622061e-05
ENGINEERING_SAMPLE,spread_bps,depth_10_bid,MID,LOW,5000,1000,432,100.0,-9.930336770695828,-10.052726994851147,0.0,-10.738430880507787,-9.05045871559633,-7.243750181222755,-11.898744628318436,10.067328373045154,0.00022020186273634108
ENGINEERING_SAMPLE,spread_bps,depth_10_bid,MID,LOW,5000,500,432,100.0,-9.930312913426308,-10.052726994851147,0.0,-10.738430880507787,-9.05045871559633,-7.243726330521592,-11.898720786794005,10.067304528064563,0.0001963568821453865
ENGINEERING_SAMPLE,spread_bps,depth_10_bid,MID,LOW,60000,100,432,96.06481481481481,-9.450912560395212,-10.843623025722913,0.0,-13.217686321650007,-5.675246835810038,-7.243575564360204,-11.898570078640997,10.066481108379392,4.74959348999694e-05
ENGINEERING_SAMPLE,spread_bps,depth_10_bid,MID,LOW,60000,1000,432,96.06481481481481,-9.45109433694044,-10.843623025722913,0.0,-13.217686321650007,-5.675246835810038,-7.243750181222755,-11.898744628318436,10.066662834624497,0.00022922218000505866
ENGINEERING_SAMPLE,spread_bps,depth_10_bid,MID,LOW,60000,500,432,96.06481481481481,-9.451069508145405,-10.843623025722913,0.0,-13.217686321650007,-5.675246835810038,-7.243726330521592,-11.898720786794005,10.066638012861569,0.0002044004170766433
ENGINEERING_SAMPLE,spread_bps,depth_10_bid,MID,MID,1000,100,908,100.0,-10.030691180486928,-10.052736166309996,0.0,-10.052757022405256,-10.052723938407057,-7.609417451600569,-11.763711890777333,10.051050280687333,2.1703159690686607e-05
ENGINEERING_SAMPLE,spread_bps,depth_10_bid,MID,MID,1000,1000,908,100.0,-10.030723909509888,-10.052736166309996,0.0,-10.052757022405256,-10.052723938407057,-7.609450187334869,-11.76374459994224,10.05108299476605,5.441723840764152e-05
ENGINEERING_SAMPLE,spread_bps,depth_10_bid,MID,MID,1000,500,908,100.0,-10.030720272942178,-10.052736166309996,0.0,-10.052757022405256,-10.052723938407057,-7.609446550031057,-11.763740965590584,10.051079359868414,5.0782340772424306e-05
ENGINEERING_SAMPLE,spread_bps,depth_10_bid,MID,MID,15000,100,908,97.79735682819383,-9.951482748254424,-10.052723938407057,0.0,-11.89850198715989,-8.207442772227141,-7.609417451600569,-11.763711890777333,10.054454206877363,2.219196959363e-05
ENGINEERING_SAMPLE,spread_bps,depth_10_bid,MID,MID,15000,1000,908,97.79735682819383,-9.951516215476028,-10.052723938407057,0.0,-11.89850198715989,-8.207442772227141,-7.609450187334869,-11.76374459994224,10.054487657759653,5.56428518852911e-05
ENGINEERING_SAMPLE,spread_bps,depth_10_bid,MID,MID,15000,500,908,97.79735682819383,-9.95151249688603,-10.052723938407057,0.0,-11.89850198715989,-8.207442772227141,-7.609446550031057,-11.763740965590584,10.054483940994954,5.192608718621765e-05
ENGINEERING_SAMPLE,spread_bps,depth_10_bid,MID,MID,250,100,908,100.0,-10.043466839549135,-10.052736722258533,0.0,-10.052757022405256,-10.052723938407057,-7.609417451600569,-11.763711890777333,10.048496148385416,2.1703159690686607e-05
ENGINEERING_SAMPLE,spread_bps,depth_10_bid,MID,MID,250,1000,908,100.0,-10.043499568572095,-10.052736722258533,0.0,-10.052757022405256,-10.052723938407057,-7.609450187334869,-11.76374459994224,10.048528862464133,5.441723840764152e-05
ENGINEERING_SAMPLE,spread_bps,depth_10_bid,MID,MID,250,500,908,100.0,-10.043495932004385,-10.052736722258533,0.0,-10.052757022405256,-10.052723938407057,-7.609446550031057,-11.763740965590584,10.048525227566499,5.0782340772424306e-05
ENGINEERING_SAMPLE,spread_bps,depth_10_bid,MID,MID,3000,100,908,100.0,-10.013503180522145,-10.052736722258533,0.0,-10.580152872957301,-9.367282730707815,-7.609417451600569,-11.763711890777333,10.049424833620945,2.1703159690686607e-05
ENGINEERING_SAMPLE,spread_bps,depth_10_bid,MID,MID,3000,1000,908,100.0,-10.013535909545105,-10.052736722258533,0.0,-10.580152872957301,-9.367282730707815,-7.609450187334869,-11.76374459994224,10.049457547699664,5.441723840764152e-05
ENGINEERING_SAMPLE,spread_bps,depth_10_bid,MID,MID,3000,500,908,100.0,-10.013532272977397,-10.052736722258533,0.0,-10.580152872957301,-9.367282730707815,-7.609446550031057,-11.763740965590584,10.049453912802027,5.0782340772424306e-05
ENGINEERING_SAMPLE,spread_bps,depth_10_bid,MID,MID,30000,100,908,96.25550660792952,-9.667078404849534,-10.052723938407057,0.0,-12.425620727638783,-6.783466849372826,-7.609417451600569,-11.763711890777333,10.052735222018455,2.2547447367441008e-05
ENGINEERING_SAMPLE,spread_bps,depth_10_bid,MID,MID,30000,1000,908,96.25550660792952,-9.667112400810502,-10.052723938407057,0.0,-12.425620727638783,-6.783466849372826,-7.609450187334869,-11.76374459994224,10.052769208727238,5.6534156148899886e-05
ENGINEERING_SAMPLE,spread_bps,depth_10_bid,MID,MID,30000,500,908,96.25550660792952,-9.667108623471531,-10.052723938407057,0.0,-12.425620727638783,-6.783466849372826,-7.609446550031057,-11.763740965590584,10.052765432426263,5.275785517318224e-05
ENGINEERING_SAMPLE,spread_bps,depth_10_bid,MID,MID,500,100,908,100.0,-10.039053430239676,-10.052736722258533,0.0,-10.052757022405256,-10.052723938407057,-7.609417451600569,-11.763711890777333,10.048262818147455,2.1703159690686607e-05
ENGINEERING_SAMPLE,spread_bps,depth_10_bid,MID,MID,500,1000,908,100.0,-10.039086159262636,-10.052736722258533,0.0,-10.052757022405256,-10.052723938407057,-7.609450187334869,-11.76374459994224,10.048295532226174,5.441723840764152e-05
ENGINEERING_SAMPLE,spread_bps,depth_10_bid,MID,MID,500,500,908,100.0,-10.039082522694928,-10.052736722258533,0.0,-10.052757022405256,-10.052723938407057,-7.609446550031057,-11.763740965590584,10.048291897328538,5.0782340772424306e-05
ENGINEERING_SAMPLE,spread_bps,depth_10_bid,MID,MID,5000,100,908,100.0,-9.960531260453724,-10.052736166309996,0.0,-10.790963280751777,-9.161534142448506,-7.609417451600569,-11.763711890777333,10.050354192210307,2.1703159690686607e-05
ENGINEERING_SAMPLE,spread_bps,depth_10_bid,MID,MID,5000,1000,908,100.0,-9.960743817518228,-10.052736166309996,0.0,-10.790963280751777,-9.161534142448506,-7.609450187334869,-11.76374459994224,10.050566678102301,0.000234189051686805
ENGINEERING_SAMPLE,spread_bps,depth_10_bid,MID,MID,5000,500,908,100.0,-9.960560917872106,-10.052736166309996,0.0,-10.790963280751777,-9.161534142448506,-7.609446550031057,-11.763740965590584,10.050383836177868,5.1347127251565427e-05
ENGINEERING_SAMPLE,spread_bps,depth_10_bid,MID,MID,60000,100,908,87.66519823788546,-9.01172782670749,-9.472760615929428,0.0,-12.63654426917259,-4.515062860757492,-7.609417451600569,-11.763711890777333,10.054063491118574,2.4756870601938995e-05
ENGINEERING_SAMPLE,spread_bps,depth_10_bid,MID,MID,60000,1000,908,87.66519823788546,-9.012197948850464,-9.472760615929428,0.0,-12.63654426917259,-4.515062860757492,-7.609450187334869,-11.76374459994224,10.054533561607679,0.0004948273597066173
ENGINEERING_SAMPLE,spread_bps,depth_10_bid,MID,MID,60000,500,908,87.66519823788546,-9.011769808760903,-9.472760615929428,0.0,-12.63654426917259,-4.515062860757492,-7.609446550031057,-11.763740965590584,10.054105471512818,6.673726484695514e-05
ENGINEERING_SAMPLE,volatility_5s_bps,ofi_1s,HIGH,HIGH,1000,100,957,100.0,-10.111771924940113,-10.052757022405256,0.0,-10.526684284225267,-10.052675249845826,-7.910191604828919,-12.36057891115016,10.048981182879732,-4.572480444400442e-25
ENGINEERING_SAMPLE,volatility_5s_bps,ofi_1s,HIGH,HIGH,1000,1000,957,100.0,-10.111771924940113,-10.052757022405256,0.0,-10.526684284225267,-10.052675249845826,-7.910191604828919,-12.36057891115016,10.048981182879732,-4.572480444400442e-25
ENGINEERING_SAMPLE,volatility_5s_bps,ofi_1s,HIGH,HIGH,1000,500,957,100.0,-10.111771924940113,-10.052757022405256,0.0,-10.526684284225267,-10.052675249845826,-7.910191604828919,-12.36057891115016,10.048981182879732,0.0
ENGINEERING_SAMPLE,volatility_5s_bps,ofi_1s,HIGH,HIGH,15000,100,957,98.74608150470219,-10.259693497709009,-10.263644700227676,0.0,-12.109290999936754,-8.41927312369326,-7.910191604828919,-12.36057891115016,10.045814360009816,-1.2827452793561026e-25
ENGINEERING_SAMPLE,volatility_5s_bps,ofi_1s,HIGH,HIGH,15000,1000,957,98.74608150470219,-10.260058263328393,-10.263644700227676,0.0,-12.109290999936754,-8.41927312369326,-7.910191604828919,-12.36057891115016,10.046179000041933,0.0003646400321179083
ENGINEERING_SAMPLE,volatility_5s_bps,ofi_1s,HIGH,HIGH,15000,500,957,98.74608150470219,-10.259700969805893,-10.263644700227676,0.0,-12.109290999936754,-8.41927312369326,-7.910191604828919,-12.36057891115016,10.04582182953409,7.469524272312251e-06
ENGINEERING_SAMPLE,volatility_5s_bps,ofi_1s,HIGH,HIGH,250,100,957,100.0,-10.07748713268435,-10.052751459167048,0.0,-10.052831236805746,-10.052680963454872,-7.910191604828919,-12.36057891115016,10.056900155654365,4.226197073562716e-05
ENGINEERING_SAMPLE,volatility_5s_bps,ofi_1s,HIGH,HIGH,250,1000,957,100.0,-10.077969863814383,-10.052751459167048,0.0,-10.052831404190606,-10.052680963454872,-7.910191604828919,-12.36057891115016,10.057382634819053,0.0005247411354236063
ENGINEERING_SAMPLE,volatility_5s_bps,ofi_1s,HIGH,HIGH,250,500,957,100.0,-10.0775489123494,-10.052751459167048,0.0,-10.052831404190606,-10.052680963454872,-7.910191604828919,-12.36057891115016,10.056961900163179,0.00010400647954861706
ENGINEERING_SAMPLE,volatility_5s_bps,ofi_1s,HIGH,HIGH,3000,100,957,99.79101358411704,-10.199794010629539,-10.052772327362492,0.0,-11.053923375925672,-9.546212559532455,-7.910191604828919,-12.36057891115016,10.050546102513215,-3.97448349654392e-25
ENGINEERING_SAMPLE,volatility_5s_bps,ofi_1s,HIGH,HIGH,3000,1000,957,99.79101358411704,-10.1999839837306,-10.052772327362492,0.0,-11.053923375925672,-9.546212559532455,-7.910191604828919,-12.36057891115016,10.050735966171327,0.00018986365811175633
ENGINEERING_SAMPLE,volatility_5s_bps,ofi_1s,HIGH,HIGH,3000,500,957,99.79101358411704,-10.199953182916483,-10.052772327362492,0.0,-11.053923375925672,-9.546212559532455,-7.910191604828919,-12.36057891115016,10.050705183101467,0.000159080588252451
ENGINEERING_SAMPLE,volatility_5s_bps,ofi_1s,HIGH,HIGH,30000,100,957,97.80564263322884,-10.189270607234484,-10.421793730007746,0.0,-13.057005736923344,-6.991691723373951,-7.910191604828919,-12.36057891115016,10.039768022601919,-2.5317074369331083e-25
ENGINEERING_SAMPLE,volatility_5s_bps,ofi_1s,HIGH,HIGH,30000,1000,957,97.80564263322884,-10.189270607234484,-10.421793730007746,0.0,-13.057005736923344,-6.991691723373951,-7.910191604828919,-12.36057891115016,10.039768022601919,-2.5317074369331083e-25
ENGINEERING_SAMPLE,volatility_5s_bps,ofi_1s,HIGH,HIGH,30000,500,957,97.80564263322884,-10.189270607234484,-10.421793730007746,0.0,-13.057005736923344,-6.991691723373951,-7.910191604828919,-12.36057891115016,10.039768022601919,0.0
ENGINEERING_SAMPLE,volatility_5s_bps,ofi_1s,HIGH,HIGH,500,100,957,100.0,-10.09485039263019,-10.052755075138412,0.0,-10.316391982417397,-10.052678688956167,-7.910191604828919,-12.36057891115016,10.055079610664414,0.00010334606692030225
ENGINEERING_SAMPLE,volatility_5s_bps,ofi_1s,HIGH,HIGH,500,1000,957,100.0,-10.095224091790948,-10.052755075138412,0.0,-10.316391982417397,-10.052678688956167,-7.910191604828919,-12.36057891115016,10.055453110452298,0.00047684585480322185
ENGINEERING_SAMPLE,volatility_5s_bps,ofi_1s,HIGH,HIGH,500,500,957,100.0,-10.095122954889096,-10.052755075138412,0.0,-10.316391982417397,-10.052678688956167,-7.910191604828919,-12.36057891115016,10.05535202722273,0.00037576262523718285
ENGINEERING_SAMPLE,volatility_5s_bps,ofi_1s,HIGH,HIGH,5000,100,957,99.47753396029258,-10.25407626915954,-10.052791122878066,0.0,-11.370960584598336,-9.16200901434098,-7.910191604828919,-12.36057891115016,10.041928420111075,3.2345896992246453e-05
ENGINEERING_SAMPLE,volatility_5s_bps,ofi_1s,HIGH,HIGH,5000,1000,957,99.47753396029258,-10.254426882901186,-10.052791122878066,0.0,-11.370960584598336,-9.16200901434098,-7.910191604828919,-12.36057891115016,10.042278757816051,0.0003826836019708545
ENGINEERING_SAMPLE,volatility_5s_bps,ofi_1s,HIGH,HIGH,5000,500,957,99.47753396029258,-10.25431043784586,-10.052791122878066,0.0,-11.370960584598336,-9.16200901434098,-7.910191604828919,-12.36057891115016,10.042162404437407,0.00026633022332747696
ENGINEERING_SAMPLE,volatility_5s_bps,ofi_1s,HIGH,HIGH,60000,100,957,97.3876698014629,-10.061442679544372,-10.0527556314857,1.1802575107296138,-14.479150756071483,-5.307664713480362,-7.910191604828919,-12.36057891115016,10.046762339532506,8.752641639509923e-05
ENGINEERING_SAMPLE,volatility_5s_bps,ofi_1s,HIGH,HIGH,60000,1000,957,97.3876698014629,-10.061607071502936,-10.0527556314857,1.1802575107296138,-14.479150756071483,-5.307664713480362,-7.910191604828919,-12.36057891115016,10.04692664284926,0.00025182973314886087
ENGINEERING_SAMPLE,volatility_5s_bps,ofi_1s,HIGH,HIGH,60000,500,957,97.3876698014629,-10.061506401506087,-10.0527556314857,1.1802575107296138,-14.479150756071483,-5.307664713480362,-7.910191604828919,-12.36057891115016,10.046826044696928,0.00015123158081830452
ENGINEERING_SAMPLE,volatility_5s_bps,ofi_1s,HIGH,LOW,1000,100,973,99.89722507708119,-10.001857263988223,-10.052739780185025,0.0,-10.052831404190606,-9.789119804400977,-7.172538849786706,-12.07030319478422,10.056370893958471,2.0278614180542492e-05
ENGINEERING_SAMPLE,volatility_5s_bps,ofi_1s,HIGH,LOW,1000,1000,973,99.89722507708119,-10.002261210134678,-10.052739780185025,0.0,-10.052831404190606,-9.789119804400977,-7.172774361585582,-12.070558236256621,10.056774631611615,0.00042401626732488774
ENGINEERING_SAMPLE,volatility_5s_bps,ofi_1s,HIGH,LOW,1000,500,973,99.89722507708119,-10.002030463746598,-10.052739780185025,0.0,-10.052831404190606,-9.789119804400977,-7.172711266054006,-12.070475567496112,10.056544006369663,0.0001933910253716995
ENGINEERING_SAMPLE,volatility_5s_bps,ofi_1s,HIGH,LOW,15000,100,973,98.7667009249743,-9.843963077058847,-10.052726439107682,0.0,-12.166522304027717,-7.153042351044153,-7.172538849786706,-12.07030319478422,10.064299005869993,6.190972147254426e-05
ENGINEERING_SAMPLE,volatility_5s_bps,ofi_1s,HIGH,LOW,15000,1000,973,98.7667009249743,-9.844252188026463,-10.052726439107682,0.0,-12.166522304027717,-7.153042351044153,-7.172774361585582,-12.070558236256621,10.06458798724668,0.0003508910981597318
ENGINEERING_SAMPLE,volatility_5s_bps,ofi_1s,HIGH,LOW,15000,500,973,98.7667009249743,-9.844170369225687,-10.052726439107682,0.0,-12.166522304027717,-7.153042351044153,-7.172711266054006,-12.070475567496112,10.06450620215243,0.0002691060039112128
ENGINEERING_SAMPLE,volatility_5s_bps,ofi_1s,HIGH,LOW,250,100,973,100.0,-10.035776051171142,-10.052741170268845,0.0,-10.052825546339172,-10.052675083448284,-7.172538849786706,-12.07030319478422,10.059965197528689,9.279609025755758e-05
ENGINEERING_SAMPLE,volatility_5s_bps,ofi_1s,HIGH,LOW,250,1000,973,100.0,-10.036404541718642,-10.052741170268845,0.0,-10.052825546339172,-10.052675083448284,-7.172774361585582,-12.070558236256621,10.06059336899796,0.0007209675595293276
ENGINEERING_SAMPLE,volatility_5s_bps,ofi_1s,HIGH,LOW,250,500,973,100.0,-10.03620980410494,-10.052741170268845,0.0,-10.052825546339172,-10.052675083448284,-7.172711266054006,-12.070475567496112,10.060398730158262,0.0005263287198304147
ENGINEERING_SAMPLE,volatility_5s_bps,ofi_1s,HIGH,LOW,3000,100,973,99.48612538540596,-9.953456718487832,-10.052728662151836,0.0,-10.543939913794361,-9.207643577542832,-7.172538849786706,-12.07030319478422,10.068844175198384,5.2174503967208296e-05
ENGINEERING_SAMPLE,volatility_5s_bps,ofi_1s,HIGH,LOW,3000,1000,973,99.48612538540596,-9.9540383513247,-10.052728662151836,0.0,-10.543939913794361,-9.207643577542832,-7.172774361585582,-12.070558236256621,10.069425420985146,0.0006334202907286158
ENGINEERING_SAMPLE,volatility_5s_bps,ofi_1s,HIGH,LOW,3000,500,973,99.48612538540596,-9.953860390709389,-10.052728662151836,0.0,-10.543939913794361,-9.207643577542832,-7.172711266054006,-12.070475567496112,10.069247581117075,0.0004555804226591876
ENGINEERING_SAMPLE,volatility_5s_bps,ofi_1s,HIGH,LOW,30000,100,973,98.25282631038027,-9.685703737211721,-10.052675083448284,0.0,-13.011087937907547,-6.016443177184151,-7.172538849786706,-12.07030319478422,10.07087338244893,9.442985754077784e-05
ENGINEERING_SAMPLE,volatility_5s_bps,ofi_1s,HIGH,LOW,30000,1000,973,98.25282631038027,-9.686703541994222,-10.052675083448284,0.0,-13.011087937907547,-6.091776244595886,-7.172774361585582,-12.070558236256621,10.071872994820671,0.0010940422292824092
ENGINEERING_SAMPLE,volatility_5s_bps,ofi_1s,HIGH,LOW,30000,500,973,98.25282631038027,-9.686152322464029,-10.052675083448284,0.0,-13.011087937907547,-6.045996332518337,-7.172711266054006,-12.070475567496112,10.071321853943436,0.0005429013520463977
ENGINEERING_SAMPLE,volatility_5s_bps,ofi_1s,HIGH,LOW,500,100,973,100.0,-10.024795373497858,-10.052741170268845,0.0,-10.052826383095557,-10.052666543165865,-7.172538849786706,-12.07030319478422,10.05946476698628,0.00010411474132814153
ENGINEERING_SAMPLE,volatility_5s_bps,ofi_1s,HIGH,LOW,500,1000,973,100.0,-10.025437205276907,-10.052741170268845,0.0,-10.052826383095557,-10.052666543165865,-7.172774361585582,-12.070558236256621,10.060106260671988,0.000745608427037141
ENGINEERING_SAMPLE,volatility_5s_bps,ofi_1s,HIGH,LOW,500,500,973,100.0,-10.025090818997953,-10.052741170268845,0.0,-10.052826383095557,-10.052666543165865,-7.172711266054006,-12.070475567496112,10.059760055756303,0.00039940351135214514
ENGINEERING_SAMPLE,volatility_5s_bps,ofi_1s,HIGH,LOW,5000,100,973,99.17780061664953,-9.943823585703981,-10.052726994851147,0.0,-10.949912562612456,-8.99875802484121,-7.172538849786706,-12.07030319478422,10.062645909195183,0.00010566923557245352
ENGINEERING_SAMPLE,volatility_5s_bps,ofi_1s,HIGH,LOW,5000,1000,973,99.17780061664953,-9.94425192015425,-10.052726994851147,0.0,-10.949912562612456,-9.008074487953253,-7.172774361585582,-12.070558236256621,10.063074004444399,0.0005337644847885214
ENGINEERING_SAMPLE,volatility_5s_bps,ofi_1s,HIGH,LOW,5000,500,973,99.17780061664953,-9.944136024748506,-10.052726994851147,0.0,-10.949912562612456,-8.99875802484121,-7.172711266054006,-12.070475567496112,10.062958170377385,0.00041793041777587396
ENGINEERING_SAMPLE,volatility_5s_bps,ofi_1s,HIGH,LOW,60000,100,973,98.25282631038027,-9.406212861447823,-9.419415590924197,1.0460251046025104,-14.479150756071483,-4.352139574881164,-7.172538849786706,-12.07030319478422,10.06719083984698,2.061800521285283e-05
ENGINEERING_SAMPLE,volatility_5s_bps,ofi_1s,HIGH,LOW,60000,1000,973,98.25282631038027,-9.40645264727409,-9.419415590924197,1.0460251046025104,-14.479150756071483,-4.352139574881164,-7.172774361585582,-12.070558236256621,10.067430506316857,0.00026028447509158505
ENGINEERING_SAMPLE,volatility_5s_bps,ofi_1s,HIGH,LOW,60000,500,973,98.25282631038027,-9.406388396383566,-9.419415590924197,1.0460251046025104,-14.479150756071483,-4.352139574881164,-7.172711266054006,-12.070475567496112,10.067366296411016,0.00019607456925036906
ENGINEERING_SAMPLE,volatility_5s_bps,ofi_1s,HIGH,MID,1000,100,467,100.0,-10.015904093693628,-10.052728940045535,0.0,-10.052807813429945,-9.95357550035238,-7.327733773807191,-11.821134408782774,10.055793735396918,9.074998808740605e-05
ENGINEERING_SAMPLE,volatility_5s_bps,ofi_1s,HIGH,MID,1000,1000,467,100.0,-10.016467295572728,-10.052728940045535,0.0,-10.052810489255798,-10.0,-7.328296906549294,-11.821697116534734,10.05635664219024,0.0006536567814087339
ENGINEERING_SAMPLE,volatility_5s_bps,ofi_1s,HIGH,MID,1000,500,467,100.0,-10.016329530747166,-10.052728940045535,0.0,-10.052810489255798,-10.0,-7.328159161370707,-11.821559475310933,10.056218952279893,0.0005159668710620963
ENGINEERING_SAMPLE,volatility_5s_bps,ofi_1s,HIGH,MID,15000,100,467,98.92933618843684,-9.67007686653563,-10.0,0.0,-11.782810714367347,-6.7944217926421935,-7.327733773807191,-11.821134408782774,10.056288351494803,9.173213081562474e-05
ENGINEERING_SAMPLE,volatility_5s_bps,ofi_1s,HIGH,MID,15000,1000,467,98.92933618843684,-9.670646247830467,-10.0,0.0,-11.782810714367347,-6.7944217926421935,-7.328296906549294,-11.821697116534734,10.056857350352987,0.0006607309889997375
ENGINEERING_SAMPLE,volatility_5s_bps,ofi_1s,HIGH,MID,15000,500,467,98.92933618843684,-9.67050697145787,-10.0,0.0,-11.782810714367347,-6.7944217926421935,-7.328159161370707,-11.821559475310933,10.056718170292095,0.0005215509281082229
ENGINEERING_SAMPLE,volatility_5s_bps,ofi_1s,HIGH,MID,250,100,467,100.0,-10.045521939681807,-10.052733108802554,0.0,-10.052793490649668,-10.052678688956167,-7.327733773807191,-11.821134408782774,10.04984743534221,0.00012644413883286252
ENGINEERING_SAMPLE,volatility_5s_bps,ofi_1s,HIGH,MID,250,1000,467,100.0,-10.046238836312646,-10.052733108802554,0.0,-10.052793490649668,-10.052678688956167,-7.328296906549294,-11.821697116534734,10.05056395481931,0.0008429636159332641
ENGINEERING_SAMPLE,volatility_5s_bps,ofi_1s,HIGH,MID,250,500,467,100.0,-10.046009077968497,-10.052733108802554,0.0,-10.052793490649668,-10.052678688956167,-7.328159161370707,-11.821559475310933,10.050334320511901,0.0006133293085236733
ENGINEERING_SAMPLE,volatility_5s_bps,ofi_1s,HIGH,MID,3000,100,467,99.3576017130621,-9.972153555401345,-10.052726994851147,0.0,-10.474263021231097,-9.330326058900251,-7.327733773807191,-11.821134408782774,10.053424645544165,9.133673370004014e-05
ENGINEERING_SAMPLE,volatility_5s_bps,ofi_1s,HIGH,MID,3000,1000,467,99.3576017130621,-9.972720350789297,-10.052726994851147,0.0,-10.474263021231097,-9.330326058900251,-7.328296906549294,-11.821697116534734,10.053991191821064,0.0006578830105988765
ENGINEERING_SAMPLE,volatility_5s_bps,ofi_1s,HIGH,MID,3000,500,467,99.3576017130621,-9.972581706955447,-10.052726994851147,0.0,-10.474263021231097,-9.330326058900251,-7.328159161370707,-11.821559475310933,10.053852611674227,0.0005193028637629288
ENGINEERING_SAMPLE,volatility_5s_bps,ofi_1s,HIGH,MID,30000,100,467,98.92933618843684,-9.55551799452492,-9.683652199755372,0.0,-12.620872770302531,-6.0634628305336875,-7.327733773807191,-11.821134408782774,10.053081279890613,9.173213081562474e-05
ENGINEERING_SAMPLE,volatility_5s_bps,ofi_1s,HIGH,MID,30000,1000,467,98.92933618843684,-9.556087336746721,-9.683652199755372,0.0,-12.620872770302531,-6.0634628305336875,-7.328296906549294,-11.821697116534734,10.053650278748796,0.0006607309889997375
ENGINEERING_SAMPLE,volatility_5s_bps,ofi_1s,HIGH,MID,30000,500,467,98.92933618843684,-9.55594806993178,-9.683652199755372,0.0,-12.620872770302531,-6.0634628305336875,-7.328159161370707,-11.821559475310933,10.053511098687904,0.0005215509281082229
ENGINEERING_SAMPLE,volatility_5s_bps,ofi_1s,HIGH,MID,500,100,467,100.0,-10.02522047074113,-10.052731997069566,0.0,-10.052793490649668,-10.052675083448284,-7.327733773807191,-11.821134408782774,10.039485392843911,0.00015667558787585555
ENGINEERING_SAMPLE,volatility_5s_bps,ofi_1s,HIGH,MID,500,1000,467,100.0,-10.026498165708244,-10.05273227499842,0.0,-10.052794827899035,-10.052675083448284,-7.328296906549294,-11.821697116534734,10.040762426232957,0.0014337089769230272
ENGINEERING_SAMPLE,volatility_5s_bps,ofi_1s,HIGH,MID,500,500,467,100.0,-10.026123022525956,-10.05273227499842,0.0,-10.052794827899035,-10.052675083448284,-7.328159161370707,-11.821559475310933,10.04038747972681,0.001058762470774304
ENGINEERING_SAMPLE,volatility_5s_bps,ofi_1s,HIGH,MID,5000,100,467,99.14346895074947,-9.92062238554044,-10.052726994851147,0.0,-10.79239574643336,-9.156945665969738,-7.327733773807191,-11.821134408782774,10.05226624038675,0.00017746446305821138
ENGINEERING_SAMPLE,volatility_5s_bps,ofi_1s,HIGH,MID,5000,1000,467,99.14346895074947,-9.92129534988086,-10.052726994851147,0.0,-10.79239574643336,-9.16726292886051,-7.328296906549294,-11.821697116534734,10.052938957176666,0.0008501812529743859
ENGINEERING_SAMPLE,volatility_5s_bps,ofi_1s,HIGH,MID,5000,500,467,99.14346895074947,-9.921119238899633,-10.052726994851147,0.0,-10.79239574643336,-9.16726292886051,-7.328159161370707,-11.821559475310933,10.052762909276762,0.0006741333530711699
ENGINEERING_SAMPLE,volatility_5s_bps,ofi_1s,HIGH,MID,60000,100,467,98.28693790149893,-9.171530203143137,-9.683927866262998,3.2679738562091503,-14.226601609530448,-4.1003906537922905,-7.327733773807191,-11.821134408782774,10.057340206609277,9.233168722618437e-05
ENGINEERING_SAMPLE,volatility_5s_bps,ofi_1s,HIGH,MID,60000,1000,467,98.28693790149893,-9.172103003358076,-9.683927866262998,3.2679738562091503,-14.226601609530448,-4.1003906537922905,-7.328296906549294,-11.821697116534734,10.057912924414246,0.0006650494921958142
ENGINEERING_SAMPLE,volatility_5s_bps,ofi_1s,HIGH,MID,60000,500,467,98.28693790149893,-9.171962890683348,-9.683927866262998,3.2679738562091503,-14.226601609530448,-4.1003906537922905,-7.328159161370707,-11.821559475310933,10.057772834679753,0.0005249597577037015
ENGINEERING_SAMPLE,volatility_5s_bps,ofi_1s,LOW,HIGH,1000,100,840,100.0,-10.096968931876297,-10.052745062893413,0.0,-10.263601633513371,-10.052670923860113,-8.290832005315293,-12.188618923593875,10.046442380538439,-6.206547115066581e-25
ENGINEERING_SAMPLE,volatility_5s_bps,ofi_1s,LOW,HIGH,1000,1000,840,100.0,-10.096968931876297,-10.052745062893413,0.0,-10.263601633513371,-10.052670923860113,-8.290832005315293,-12.188618923593875,10.046442380538439,-6.206547115066581e-25
ENGINEERING_SAMPLE,volatility_5s_bps,ofi_1s,LOW,HIGH,1000,500,840,100.0,-10.096968931876297,-10.052745062893413,0.0,-10.263601633513371,-10.052670923860113,-8.290832005315293,-12.188618923593875,10.046442380538439,0.0
ENGINEERING_SAMPLE,volatility_5s_bps,ofi_1s,LOW,HIGH,15000,100,840,98.33333333333333,-10.31204369389014,-10.158210166775602,0.0,-12.479920049362663,-8.46933594773552,-8.290832005315293,-12.188618923593875,10.0460327324705,2.0180361735130036e-05
ENGINEERING_SAMPLE,volatility_5s_bps,ofi_1s,LOW,HIGH,15000,1000,840,98.33333333333333,-10.31230070804037,-10.158210166775602,0.0,-12.479920049362663,-8.46933594773552,-8.290832005315293,-12.188618923593875,10.046289572783111,0.00027702067434453903
ENGINEERING_SAMPLE,volatility_5s_bps,ofi_1s,LOW,HIGH,15000,500,840,98.33333333333333,-10.31214921701374,-10.158210166775602,0.0,-12.479920049362663,-8.46933594773552,-8.290832005315293,-12.188618923593875,10.046138185307997,0.0001256331992321957
ENGINEERING_SAMPLE,volatility_5s_bps,ofi_1s,LOW,HIGH,250,100,840,100.0,-10.05989900029179,-10.052738668170724,0.0,-10.052810489255798,-10.052672587616545,-8.290832005315293,-12.188618923593875,10.048193709582984,-6.332519713750856e-25
ENGINEERING_SAMPLE,volatility_5s_bps,ofi_1s,LOW,HIGH,250,1000,840,100.0,-10.05989900029179,-10.052738668170724,0.0,-10.052810489255798,-10.052672587616545,-8.290832005315293,-12.188618923593875,10.048193709582984,-6.332519713750856e-25
ENGINEERING_SAMPLE,volatility_5s_bps,ofi_1s,LOW,HIGH,250,500,840,100.0,-10.05989900029179,-10.052738668170724,0.0,-10.052810489255798,-10.052672587616545,-8.290832005315293,-12.188618923593875,10.048193709582984,0.0
ENGINEERING_SAMPLE,volatility_5s_bps,ofi_1s,LOW,HIGH,3000,100,840,100.0,-10.198030097812389,-10.0527556314857,0.0,-10.897489341044366,-9.730886894934828,-8.290832005315293,-12.188618923593875,10.051524039036487,-5.894513778730514e-25
ENGINEERING_SAMPLE,volatility_5s_bps,ofi_1s,LOW,HIGH,3000,1000,840,100.0,-10.198030097812389,-10.0527556314857,0.0,-10.897489341044366,-9.730886894934828,-8.290832005315293,-12.188618923593875,10.051524039036487,-5.894513778730514e-25
ENGINEERING_SAMPLE,volatility_5s_bps,ofi_1s,LOW,HIGH,3000,500,840,100.0,-10.198030097812389,-10.0527556314857,0.0,-10.897489341044366,-9.730886894934828,-8.290832005315293,-12.188618923593875,10.051524039036487,0.0
ENGINEERING_SAMPLE,volatility_5s_bps,ofi_1s,LOW,HIGH,30000,100,840,97.5,-10.41094833462889,-10.158210166775602,0.0,-13.32293896228504,-7.835809477582805,-8.290832005315293,-12.188618923593875,10.044858954979945,9.715848251174062e-26
ENGINEERING_SAMPLE,volatility_5s_bps,ofi_1s,LOW,HIGH,30000,1000,840,97.5,-10.41094833462889,-10.158210166775602,0.0,-13.32293896228504,-7.835809477582805,-8.290832005315293,-12.188618923593875,10.044858954979945,9.715848251174062e-26
ENGINEERING_SAMPLE,volatility_5s_bps,ofi_1s,LOW,HIGH,30000,500,840,97.5,-10.41094833462889,-10.158210166775602,0.0,-13.32293896228504,-7.835809477582805,-8.290832005315293,-12.188618923593875,10.044858954979945,0.0
ENGINEERING_SAMPLE,volatility_5s_bps,ofi_1s,LOW,HIGH,500,100,840,100.0,-10.0762328916732,-10.052745062893413,0.0,-10.05283201794599,-10.052670923860113,-8.290832005315293,-12.188618923593875,10.05259385616648,-5.767807169881021e-25
ENGINEERING_SAMPLE,volatility_5s_bps,ofi_1s,LOW,HIGH,500,1000,840,100.0,-10.0762328916732,-10.052745062893413,0.0,-10.05283201794599,-10.052670923860113,-8.290832005315293,-12.188618923593875,10.05259385616648,-5.767807169881021e-25
ENGINEERING_SAMPLE,volatility_5s_bps,ofi_1s,LOW,HIGH,500,500,840,100.0,-10.0762328916732,-10.052745062893413,0.0,-10.05283201794599,-10.052670923860113,-8.290832005315293,-12.188618923593875,10.05259385616648,0.0
ENGINEERING_SAMPLE,volatility_5s_bps,ofi_1s,LOW,HIGH,5000,100,840,100.0,-10.254036109213287,-10.052763978103345,0.0,-11.373072720650722,-9.36797885892968,-8.290832005315293,-12.188618923593875,10.043300121737367,-6.523043037389058e-25
ENGINEERING_SAMPLE,volatility_5s_bps,ofi_1s,LOW,HIGH,5000,1000,840,100.0,-10.254036109213287,-10.052763978103345,0.0,-11.373072720650722,-9.36797885892968,-8.290832005315293,-12.188618923593875,10.043300121737367,-6.523043037389058e-25
ENGINEERING_SAMPLE,volatility_5s_bps,ofi_1s,LOW,HIGH,5000,500,840,100.0,-10.254036109213287,-10.052763978103345,0.0,-11.373072720650722,-9.36797885892968,-8.290832005315293,-12.188618923593875,10.043300121737367,0.0
ENGINEERING_SAMPLE,volatility_5s_bps,ofi_1s,LOW,HIGH,60000,100,840,95.83333333333333,-10.45468181620427,-10.738107910143384,0.0,-14.013597183440574,-5.798408874317696,-8.290832005315293,-12.188618923593875,10.041317996184763,-2.6824290195708997e-25
ENGINEERING_SAMPLE,volatility_5s_bps,ofi_1s,LOW,HIGH,60000,1000,840,95.83333333333333,-10.455211458098283,-10.738107910143384,0.0,-14.013597183440574,-5.798408874317696,-8.290832005315293,-12.188618923593875,10.041847522715672,0.0005295265309103788
ENGINEERING_SAMPLE,volatility_5s_bps,ofi_1s,LOW,HIGH,60000,500,840,95.83333333333333,-10.454762997521351,-10.738107910143384,0.0,-14.013597183440574,-5.798408874317696,-8.290832005315293,-12.188618923593875,10.041399130154522,8.11339697595506e-05
ENGINEERING_SAMPLE,volatility_5s_bps,ofi_1s,LOW,LOW,1000,100,867,100.0,-9.9956811809074,-10.052726439107682,0.0,-10.052810489255798,-10.05266260665428,-7.968656509388132,-11.917808697670917,10.053804127586382,-9.051112957372053e-25
ENGINEERING_SAMPLE,volatility_5s_bps,ofi_1s,LOW,LOW,1000,1000,867,100.0,-9.9956811809074,-10.052726439107682,0.0,-10.052810489255798,-10.05266260665428,-7.968656509388132,-11.917808697670917,10.053804127586382,-9.051112957372053e-25
ENGINEERING_SAMPLE,volatility_5s_bps,ofi_1s,LOW,LOW,1000,500,867,100.0,-9.9956811809074,-10.052726439107682,0.0,-10.052810489255798,-10.05266260665428,-7.968656509388132,-11.917808697670917,10.053804127586382,0.0
ENGINEERING_SAMPLE,volatility_5s_bps,ofi_1s,LOW,LOW,15000,100,867,98.96193771626298,-10.018779154667962,-10.052722271405084,0.0,-11.689721599155561,-8.261832061068702,-7.968656509388132,-11.917808697670917,10.059281521862701,-2.4573013676610016e-25
ENGINEERING_SAMPLE,volatility_5s_bps,ofi_1s,LOW,LOW,15000,1000,867,98.96193771626298,-10.018779154667962,-10.052722271405084,0.0,-11.689721599155561,-8.261832061068702,-7.968656509388132,-11.917808697670917,10.059281521862701,-2.4573013676610016e-25
ENGINEERING_SAMPLE,volatility_5s_bps,ofi_1s,LOW,LOW,15000,500,867,98.96193771626298,-10.018779154667962,-10.052722271405084,0.0,-11.689721599155561,-8.261832061068702,-7.968656509388132,-11.917808697670917,10.059281521862701,0.0
ENGINEERING_SAMPLE,volatility_5s_bps,ofi_1s,LOW,LOW,250,100,867,100.0,-10.033820613245375,-10.05272782848831,0.0,-10.052803799973612,-10.052670923860113,-7.968656509388132,-11.917808697670917,10.048211313911043,-9.415283926309907e-25
ENGINEERING_SAMPLE,volatility_5s_bps,ofi_1s,LOW,LOW,250,1000,867,100.0,-10.033820613245375,-10.05272782848831,0.0,-10.052803799973612,-10.052670923860113,-7.968656509388132,-11.917808697670917,10.048211313911043,-9.415283926309907e-25
ENGINEERING_SAMPLE,volatility_5s_bps,ofi_1s,LOW,LOW,250,500,867,100.0,-10.033820613245375,-10.05272782848831,0.0,-10.052803799973612,-10.052670923860113,-7.968656509388132,-11.917808697670917,10.048211313911043,0.0
ENGINEERING_SAMPLE,volatility_5s_bps,ofi_1s,LOW,LOW,3000,100,867,100.0,-9.888099123263125,-10.052723938407057,0.0,-10.179349861197586,-9.102870434837648,-7.968656509388132,-11.917808697670917,10.056968771464707,-6.924905050457746e-25
ENGINEERING_SAMPLE,volatility_5s_bps,ofi_1s,LOW,LOW,3000,1000,867,100.0,-9.888099123263125,-10.052723938407057,0.0,-10.179349861197586,-9.102870434837648,-7.968656509388132,-11.917808697670917,10.056968771464707,-6.924905050457746e-25
ENGINEERING_SAMPLE,volatility_5s_bps,ofi_1s,LOW,LOW,3000,500,867,100.0,-9.888099123263125,-10.052723938407057,0.0,-10.179349861197586,-9.102870434837648,-7.968656509388132,-11.917808697670917,10.056968771464707,0.0
ENGINEERING_SAMPLE,volatility_5s_bps,ofi_1s,LOW,LOW,30000,100,867,97.46251441753172,-9.999834259052026,-10.105444542810169,0.0,-12.688493334998274,-7.520720635221917,-7.968656509388132,-11.917808697670917,10.061577076831712,-5.628162083873765e-27
ENGINEERING_SAMPLE,volatility_5s_bps,ofi_1s,LOW,LOW,30000,1000,867,97.46251441753172,-9.999834259052026,-10.105444542810169,0.0,-12.688493334998274,-7.520720635221917,-7.968656509388132,-11.917808697670917,10.061577076831712,-5.628162083873765e-27
ENGINEERING_SAMPLE,volatility_5s_bps,ofi_1s,LOW,LOW,30000,500,867,97.46251441753172,-9.999834259052026,-10.105444542810169,0.0,-12.688493334998274,-7.520720635221917,-7.968656509388132,-11.917808697670917,10.061577076831712,0.0
ENGINEERING_SAMPLE,volatility_5s_bps,ofi_1s,LOW,LOW,500,100,867,100.0,-10.016724913738894,-10.05272671697795,0.0,-10.052810489255798,-10.052668428422527,-7.968656509388132,-11.917808697670917,10.0441967948559,-9.23288204542903e-25
ENGINEERING_SAMPLE,volatility_5s_bps,ofi_1s,LOW,LOW,500,1000,867,100.0,-10.016724913738894,-10.05272671697795,0.0,-10.052810489255798,-10.052668428422527,-7.968656509388132,-11.917808697670917,10.0441967948559,-9.23288204542903e-25
ENGINEERING_SAMPLE,volatility_5s_bps,ofi_1s,LOW,LOW,500,500,867,100.0,-10.016724913738894,-10.05272671697795,0.0,-10.052810489255798,-10.052668428422527,-7.968656509388132,-11.917808697670917,10.0441967948559,0.0
ENGINEERING_SAMPLE,volatility_5s_bps,ofi_1s,LOW,LOW,5000,100,867,100.0,-9.881597710153214,-10.052722271405084,0.0,-10.47452044688027,-8.893706757653304,-7.968656509388132,-11.917808697670917,10.058347952834955,3.897977029369973e-05
ENGINEERING_SAMPLE,volatility_5s_bps,ofi_1s,LOW,LOW,5000,1000,867,100.0,-9.881772421062955,-10.052722271405084,0.0,-10.47452044688027,-8.893706757653304,-7.968656509388132,-11.917808697670917,10.058522554768409,0.00021358170374887928
ENGINEERING_SAMPLE,volatility_5s_bps,ofi_1s,LOW,LOW,5000,500,867,100.0,-9.881721415548009,-10.052722271405084,0.0,-10.47452044688027,-8.893706757653304,-7.968656509388132,-11.917808697670917,10.058471581068257,0.00016260800359616976
ENGINEERING_SAMPLE,volatility_5s_bps,ofi_1s,LOW,LOW,60000,100,867,95.38638985005767,-9.942318415920269,-10.052668428422527,0.12091898428053205,-13.846435399013066,-5.729045892446824,-7.968656509388132,-11.917808697670917,10.055204145797113,-5.606631767566839e-25
ENGINEERING_SAMPLE,volatility_5s_bps,ofi_1s,LOW,LOW,60000,1000,867,95.38638985005767,-9.942318415920269,-10.052668428422527,0.12091898428053205,-13.846435399013066,-5.729045892446824,-7.968656509388132,-11.917808697670917,10.055204145797113,-5.606631767566839e-25
ENGINEERING_SAMPLE,volatility_5s_bps,ofi_1s,LOW,LOW,60000,500,867,95.38638985005767,-9.942318415920269,-10.052668428422527,0.12091898428053205,-13.846435399013066,-5.729045892446824,-7.968656509388132,-11.917808697670917,10.055204145797113,0.0
ENGINEERING_SAMPLE,volatility_5s_bps,ofi_1s,LOW,MID,1000,100,1525,100.0,-10.041288467027046,-10.052726439107682,0.0,-10.052803799973612,-10.052668982943777,-7.998529716865964,-11.883321596964908,10.053271974519035,1.2922274753536682e-05
ENGINEERING_SAMPLE,volatility_5s_bps,ofi_1s,LOW,MID,1000,1000,1525,100.0,-10.041307954209243,-10.052726439107682,0.0,-10.052803799973612,-10.052668982943777,-7.998549208044158,-11.883341072323423,10.053291452803279,3.240055899943508e-05
ENGINEERING_SAMPLE,volatility_5s_bps,ofi_1s,LOW,MID,1000,500,1525,100.0,-10.041305788961058,-10.052726439107682,0.0,-10.052803799973612,-10.052668982943777,-7.998547042357692,-11.883338908394698,10.053289288549475,3.023630519433526e-05
ENGINEERING_SAMPLE,volatility_5s_bps,ofi_1s,LOW,MID,15000,100,1525,99.60655737704919,-10.030797215971145,-10.052722271405084,0.0,-11.89753393005699,-8.36561819896822,-7.998529716865964,-11.883321596964908,10.057678018549732,3.9600772713006265e-05
ENGINEERING_SAMPLE,volatility_5s_bps,ofi_1s,LOW,MID,15000,1000,1525,99.60655737704919,-10.03085531228259,-10.052722271405084,0.0,-11.89753393005699,-8.36561819896822,-7.998549208044158,-11.883341072323423,10.057736081687867,9.766391084902784e-05
ENGINEERING_SAMPLE,volatility_5s_bps,ofi_1s,LOW,MID,15000,500,1525,99.60655737704919,-10.030848857131133,-10.052722271405084,0.0,-11.89753393005699,-8.36561819896822,-7.998547042357692,-11.883338908394698,10.057729630228074,9.121245105613657e-05
ENGINEERING_SAMPLE,volatility_5s_bps,ofi_1s,LOW,MID,250,100,1525,100.0,-10.049772916030422,-10.05272671697795,0.0,-10.05279209780653,-10.052670923860113,-7.998529716865964,-11.883321596964908,10.050994341772286,1.2922274753536682e-05
ENGINEERING_SAMPLE,volatility_5s_bps,ofi_1s,LOW,MID,250,1000,1525,100.0,-10.049792403212617,-10.05272671697795,0.0,-10.05279209780653,-10.052670923860113,-7.998549208044158,-11.883341072323423,10.051013820056532,3.240055899943508e-05
ENGINEERING_SAMPLE,volatility_5s_bps,ofi_1s,LOW,MID,250,500,1525,100.0,-10.049790237964435,-10.05272671697795,0.0,-10.05279209780653,-10.052670923860113,-7.998547042357692,-11.883338908394698,10.051011655802727,3.023630519433526e-05
ENGINEERING_SAMPLE,volatility_5s_bps,ofi_1s,LOW,MID,3000,100,1525,100.0,-10.052323815185073,-10.05272671697795,0.0,-10.474557959366518,-9.525542060752958,-7.998529716865964,-11.883321596964908,10.052348339824812,2.3857477232111477e-05
ENGINEERING_SAMPLE,volatility_5s_bps,ofi_1s,LOW,MID,3000,1000,1525,100.0,-10.052616399293765,-10.05272671697795,0.0,-10.474557959366518,-9.525542060752958,-7.998549208044158,-11.883341072323423,10.052640810056168,0.00031632770858798135
ENGINEERING_SAMPLE,volatility_5s_bps,ofi_1s,LOW,MID,3000,500,1525,100.0,-10.052364657732312,-10.05272671697795,0.0,-10.474557959366518,-9.525542060752958,-7.998547042357692,-11.883338908394698,10.05238915925269,6.467690511062688e-05
ENGINEERING_SAMPLE,volatility_5s_bps,ofi_1s,LOW,MID,30000,100,1525,99.14754098360656,-9.98583057583723,-9.947244924861588,0.0,-12.585448562101499,-7.361689784294077,-7.998529716865964,-11.883321596964908,10.05049160000519,1.303337896768746e-05
ENGINEERING_SAMPLE,volatility_5s_bps,ofi_1s,LOW,MID,30000,1000,1525,99.14754098360656,-9.985850226941654,-9.947244924861588,0.0,-12.585448562101499,-7.361689784294077,-7.998549208044158,-11.883341072323423,10.050511245761456,3.267913523421858e-05
ENGINEERING_SAMPLE,volatility_5s_bps,ofi_1s,LOW,MID,30000,500,1525,99.14754098360656,-9.985848043479841,-9.947244924861588,0.0,-12.585448562101499,-7.361689784294077,-7.998547042357692,-11.883338908394698,10.05050906289965,3.049627342682624e-05
ENGINEERING_SAMPLE,volatility_5s_bps,ofi_1s,LOW,MID,500,100,1525,100.0,-10.047661988104329,-10.05272671697795,0.0,-10.052796833773087,-10.052670923860113,-7.998529716865964,-11.883321596964908,10.052478044217533,1.2922274753536682e-05
ENGINEERING_SAMPLE,volatility_5s_bps,ofi_1s,LOW,MID,500,1000,1525,100.0,-10.047681475286522,-10.05272671697795,0.0,-10.052796833773087,-10.052670923860113,-7.998549208044158,-11.883341072323423,10.052497522501781,3.240055899943508e-05
ENGINEERING_SAMPLE,volatility_5s_bps,ofi_1s,LOW,MID,500,500,1525,100.0,-10.047679310038339,-10.05272671697795,0.0,-10.052796833773087,-10.052670923860113,-7.998547042357692,-11.883338908394698,10.052495358247976,3.023630519433526e-05
ENGINEERING_SAMPLE,volatility_5s_bps,ofi_1s,LOW,MID,5000,100,1525,100.0,-10.035405808157693,-10.052723938407057,0.0,-11.002399349739429,-9.05045871559633,-7.998529716865964,-11.883321596964908,10.05030378445958,1.2922274753536682e-05
ENGINEERING_SAMPLE,volatility_5s_bps,ofi_1s,LOW,MID,5000,1000,1525,100.0,-10.035463739456835,-10.052723938407057,0.0,-11.002399349739429,-9.05045871559633,-7.998549208044158,-11.883341072323423,10.050361681664223,7.08194793971938e-05
ENGINEERING_SAMPLE,volatility_5s_bps,ofi_1s,LOW,MID,5000,500,1525,100.0,-10.035423130091706,-10.052723938407057,0.0,-11.002399349739429,-9.05045871559633,-7.998547042357692,-11.883338908394698,10.05032109849002,3.023630519433526e-05
ENGINEERING_SAMPLE,volatility_5s_bps,ofi_1s,LOW,MID,60000,100,1525,95.14754098360656,-9.822228283713693,-10.421367390880903,0.0,-13.692660550458715,-4.727856205637321,-7.998529716865964,-11.883321596964908,10.048235223493931,1.358130186019534e-05
ENGINEERING_SAMPLE,volatility_5s_bps,ofi_1s,LOW,MID,60000,1000,1525,95.14754098360656,-9.822248755767728,-10.421367390880903,0.0,-13.692660550458715,-4.727856205637321,-7.998549208044158,-11.883341072323423,10.04825569515725,3.405296517859304e-05
ENGINEERING_SAMPLE,volatility_5s_bps,ofi_1s,LOW,MID,60000,500,1525,95.14754098360656,-9.822246481089051,-10.421367390880903,0.0,-13.692660550458715,-4.727856205637321,-7.998547042357692,-11.883338908394698,10.048253420527994,3.17783359209933e-05
ENGINEERING_SAMPLE,volatility_5s_bps,ofi_1s,MID,HIGH,1000,100,600,100.0,-10.091243960636442,-10.052730051649625,0.0,-10.210952115287409,-10.052670923860113,-7.435076803307825,-11.551773136434933,10.03909440620811,-4.211619370184318e-25
ENGINEERING_SAMPLE,volatility_5s_bps,ofi_1s,MID,HIGH,1000,1000,600,100.0,-10.091243960636442,-10.052730051649625,0.0,-10.210952115287409,-10.052670923860113,-7.435076803307825,-11.551773136434933,10.03909440620811,-4.211619370184318e-25
ENGINEERING_SAMPLE,volatility_5s_bps,ofi_1s,MID,HIGH,1000,500,600,100.0,-10.091243960636442,-10.052730051649625,0.0,-10.210952115287409,-10.052670923860113,-7.435076803307825,-11.551773136434933,10.03909440620811,0.0
ENGINEERING_SAMPLE,volatility_5s_bps,ofi_1s,MID,HIGH,15000,100,600,100.0,-9.925127371920345,-10.052720326702675,0.0,-12.002654825303013,-8.24831869295599,-7.435076803307825,-11.551773136434933,10.029420859109505,-1.6682183108535272e-25
ENGINEERING_SAMPLE,volatility_5s_bps,ofi_1s,MID,HIGH,15000,1000,600,100.0,-9.925127371920345,-10.052720326702675,0.0,-12.002654825303013,-8.24831869295599,-7.435076803307825,-11.551773136434933,10.029420859109505,-1.6682183108535272e-25
ENGINEERING_SAMPLE,volatility_5s_bps,ofi_1s,MID,HIGH,15000,500,600,100.0,-9.925127371920345,-10.052720326702675,0.0,-12.002654825303013,-8.24831869295599,-7.435076803307825,-11.551773136434933,10.029420859109505,0.0
ENGINEERING_SAMPLE,volatility_5s_bps,ofi_1s,MID,HIGH,250,100,600,100.0,-10.06363139936093,-10.052728940045535,0.0,-10.052807701848929,-10.05267253215683,-7.435076803307825,-11.551773136434933,10.045063879751966,-4.650211600519921e-25
ENGINEERING_SAMPLE,volatility_5s_bps,ofi_1s,MID,HIGH,250,1000,600,100.0,-10.06363139936093,-10.052728940045535,0.0,-10.052807701848929,-10.05267253215683,-7.435076803307825,-11.551773136434933,10.045063879751966,-4.650211600519921e-25
ENGINEERING_SAMPLE,volatility_5s_bps,ofi_1s,MID,HIGH,250,500,600,100.0,-10.06363139936093,-10.052728940045535,0.0,-10.052807701848929,-10.05267253215683,-7.435076803307825,-11.551773136434933,10.045063879751966,0.0
ENGINEERING_SAMPLE,volatility_5s_bps,ofi_1s,MID,HIGH,3000,100,600,100.0,-10.133507784378953,-10.052730885383452,0.0,-10.797093812700302,-9.577710010657494,-7.435076803307825,-11.551773136434933,10.036296515372177,0.0001933999820816411
ENGINEERING_SAMPLE,volatility_5s_bps,ofi_1s,MID,HIGH,3000,1000,600,100.0,-10.134168416600042,-10.052730885383452,0.0,-10.797093812700302,-9.577710010657494,-7.435076803307825,-11.551773136434933,10.03695673872268,0.0008536233325846402
ENGINEERING_SAMPLE,volatility_5s_bps,ofi_1s,MID,HIGH,3000,500,600,100.0,-10.133917139482165,-10.052730885383452,0.0,-10.797093812700302,-9.577710010657494,-7.435076803307825,-11.551773136434933,10.03670561735488,0.0006025019647859017
ENGINEERING_SAMPLE,volatility_5s_bps,ofi_1s,MID,HIGH,30000,100,600,98.0,-9.566569121152083,-9.683678039783954,0.0,-12.218039543721908,-6.785956911215617,-7.435076803307825,-11.551773136434933,10.033792995209032,-8.972229990999726e-26
ENGINEERING_SAMPLE,volatility_5s_bps,ofi_1s,MID,HIGH,30000,1000,600,98.0,-9.566569121152083,-9.683678039783954,0.0,-12.218039543721908,-6.785956911215617,-7.435076803307825,-11.551773136434933,10.033792995209032,-8.972229990999726e-26
ENGINEERING_SAMPLE,volatility_5s_bps,ofi_1s,MID,HIGH,30000,500,600,98.0,-9.566569121152083,-9.683678039783954,0.0,-12.218039543721908,-6.785956911215617,-7.435076803307825,-11.551773136434933,10.033792995209032,0.0
ENGINEERING_SAMPLE,volatility_5s_bps,ofi_1s,MID,HIGH,500,100,600,100.0,-10.076171107713725,-10.052730051649625,0.0,-10.052831683168316,-10.05267203301939,-7.435076803307825,-11.551773136434933,10.046000870564734,5.6325099361114856e-05
ENGINEERING_SAMPLE,volatility_5s_bps,ofi_1s,MID,HIGH,500,1000,600,100.0,-10.076423557540588,-10.052730051649625,0.0,-10.052831683168316,-10.05267203301939,-7.435076803307825,-11.551773136434933,10.046253168253891,0.0003086227885167851
ENGINEERING_SAMPLE,volatility_5s_bps,ofi_1s,MID,HIGH,500,500,600,100.0,-10.07634985643092,-10.052730051649625,0.0,-10.052831683168316,-10.05267203301939,-7.435076803307825,-11.551773136434933,10.046179511559851,0.00023496609447686825
ENGINEERING_SAMPLE,volatility_5s_bps,ofi_1s,MID,HIGH,5000,100,600,100.0,-10.140177431088675,-10.052730051649625,0.0,-11.00180234304596,-9.25624729745275,-7.435076803307825,-11.551773136434933,10.031695996912424,6.965047654491083e-05
ENGINEERING_SAMPLE,volatility_5s_bps,ofi_1s,MID,HIGH,5000,1000,600,100.0,-10.140253966955829,-10.052730051649625,0.0,-11.00180234304596,-9.25624729745275,-7.435076803307825,-11.551773136434933,10.03177247938764,0.0001461329517630798
ENGINEERING_SAMPLE,volatility_5s_bps,ofi_1s,MID,HIGH,5000,500,600,100.0,-10.140224118627032,-10.052730051649625,0.0,-11.00180234304596,-9.25624729745275,-7.435076803307825,-11.551773136434933,10.03174265188124,0.00011630544536031862
ENGINEERING_SAMPLE,volatility_5s_bps,ofi_1s,MID,HIGH,60000,100,600,96.5,-9.07449659366538,-9.261884310760037,0.17271157167530224,-13.673619554466978,-3.6196637503952775,-7.435076803307825,-11.551773136434933,10.032491372909082,-2.915312529999898e-25
ENGINEERING_SAMPLE,volatility_5s_bps,ofi_1s,MID,HIGH,60000,1000,600,96.5,-9.07449659366538,-9.261884310760037,0.17271157167530224,-13.673619554466978,-3.6196637503952775,-7.435076803307825,-11.551773136434933,10.032491372909082,-2.915312529999898e-25
ENGINEERING_SAMPLE,volatility_5s_bps,ofi_1s,MID,HIGH,60000,500,600,96.5,-9.07449659366538,-9.261884310760037,0.17271157167530224,-13.673619554466978,-3.6196637503952775,-7.435076803307825,-11.551773136434933,10.032491372909082,0.0
ENGINEERING_SAMPLE,volatility_5s_bps,ofi_1s,MID,LOW,1000,100,558,99.6415770609319,-10.01334236058901,-10.052730051649625,0.0,-10.052807701848929,-10.052662329459324,-7.264734537853794,-11.59484488121687,10.060922602280048,5.150603573664147e-05
ENGINEERING_SAMPLE,volatility_5s_bps,ofi_1s,MID,LOW,1000,1000,558,99.6415770609319,-10.013574476878265,-10.052730051649625,0.0,-10.052807701848929,-10.052662329459324,-7.264860759795144,-11.594971052966123,10.061154600512374,0.00028350426806095317
ENGINEERING_SAMPLE,volatility_5s_bps,ofi_1s,MID,LOW,1000,500,558,99.6415770609319,-10.013391369958331,-10.052730051649625,0.0,-10.052807701848929,-10.052662329459324,-7.264783359593979,-11.594893691393038,10.06097159022414,0.00010049397982765251
ENGINEERING_SAMPLE,volatility_5s_bps,ofi_1s,MID,LOW,15000,100,558,99.6415770609319,-9.590068540785685,-10.052668428422527,0.0,-11.266241984475194,-7.471742415069308,-7.264734537853794,-11.59484488121687,10.063190591394658,5.150603573664147e-05
ENGINEERING_SAMPLE,volatility_5s_bps,ofi_1s,MID,LOW,15000,1000,558,99.6415770609319,-9.590195209034992,-10.052668428422527,0.0,-11.266241984475194,-7.471742415069308,-7.264860759795144,-11.594971052966123,10.063317221791987,0.00017813643306372913
ENGINEERING_SAMPLE,volatility_5s_bps,ofi_1s,MID,LOW,15000,500,558,99.6415770609319,-9.590117550155007,-10.052668428422527,0.0,-11.266241984475194,-7.471742415069308,-7.264783359593979,-11.594893691393038,10.06323957933875,0.00010049397982765251
ENGINEERING_SAMPLE,volatility_5s_bps,ofi_1s,MID,LOW,250,100,558,99.82078853046595,-10.047778920047225,-10.052736166309996,0.0,-10.052804357357894,-10.05267203301939,-7.264734537853794,-11.59484488121687,10.062703751061832,5.141356529546258e-05
ENGINEERING_SAMPLE,volatility_5s_bps,ofi_1s,MID,LOW,250,1000,558,99.82078853046595,-10.047905379440065,-10.052736166309996,0.0,-10.052804357357894,-10.05267203301939,-7.264860759795144,-11.594971052966123,10.062830154115536,0.0001778166190007781
ENGINEERING_SAMPLE,volatility_5s_bps,ofi_1s,MID,LOW,250,500,558,99.82078853046595,-10.04782784142845,-10.052736166309996,0.0,-10.052804357357894,-10.05267203301939,-7.264783359593979,-11.594893691393038,10.062752651056293,0.00010031355975614865
ENGINEERING_SAMPLE,volatility_5s_bps,ofi_1s,MID,LOW,3000,100,558,99.6415770609319,-9.897305153757413,-10.052723938407057,0.0,-10.316244366212375,-9.208923274795072,-7.264734537853794,-11.59484488121687,10.060230246057504,0.000123064097556354
ENGINEERING_SAMPLE,volatility_5s_bps,ofi_1s,MID,LOW,3000,1000,558,99.6415770609319,-9.897519224290255,-10.052723938407057,0.0,-10.316244366212375,-9.208923274795072,-7.264860759795144,-11.594971052966123,10.060444269541991,0.0003370875820423662
ENGINEERING_SAMPLE,volatility_5s_bps,ofi_1s,MID,LOW,3000,500,558,99.6415770609319,-9.89741060689321,-10.052723938407057,0.0,-10.316244366212375,-9.208923274795072,-7.264783359593979,-11.594893691393038,10.060335676811956,0.00022849485200692084
ENGINEERING_SAMPLE,volatility_5s_bps,ofi_1s,MID,LOW,30000,100,558,98.38709677419355,-9.462225409256865,-9.36797885892968,0.0,-12.427335010521986,-6.887910037010091,-7.264734537853794,-11.59484488121687,10.059099427682655,5.216276114676258e-05
ENGINEERING_SAMPLE,volatility_5s_bps,ofi_1s,MID,LOW,30000,1000,558,98.38709677419355,-9.462353687636142,-9.36797885892968,0.0,-12.427335010521986,-6.887910037010091,-7.264860759795144,-11.594971052966123,10.059227672675211,0.000180407753703886
ENGINEERING_SAMPLE,volatility_5s_bps,ofi_1s,MID,LOW,30000,500,558,98.38709677419355,-9.462275040643808,-9.36797885892968,0.0,-12.427335010521986,-6.887910037010091,-7.264783359593979,-11.594893691393038,10.059149040245341,0.00010177532383274098
ENGINEERING_SAMPLE,volatility_5s_bps,ofi_1s,MID,LOW,500,100,558,99.6415770609319,-10.026517390566587,-10.052730885383452,0.0,-10.052807701848929,-10.052669537476705,-7.264734537853794,-11.59484488121687,10.050198051595444,5.150603573664147e-05
ENGINEERING_SAMPLE,volatility_5s_bps,ofi_1s,MID,LOW,500,1000,558,99.6415770609319,-10.026644070389857,-10.052730885383452,0.0,-10.052807701848929,-10.052669537476705,-7.264860759795144,-11.594971052966123,10.050324681992771,0.00017813643306372913
ENGINEERING_SAMPLE,volatility_5s_bps,ofi_1s,MID,LOW,500,500,558,99.6415770609319,-10.02656639993591,-10.052730885383452,0.0,-10.052807701848929,-10.052669537476705,-7.264783359593979,-11.594893691393038,10.050247039539535,0.00010049397982765251
ENGINEERING_SAMPLE,volatility_5s_bps,ofi_1s,MID,LOW,5000,100,558,99.6415770609319,-9.778588008963306,-10.052717271031582,0.0,-10.474725587574731,-8.788198741409726,-7.264734537853794,-11.59484488121687,10.062956202592796,5.150603573664147e-05
ENGINEERING_SAMPLE,volatility_5s_bps,ofi_1s,MID,LOW,5000,1000,558,99.6415770609319,-9.779008360938878,-10.052717271031582,0.0,-10.474725587574731,-8.788198741409726,-7.264860759795144,-11.594971052966123,10.0633764171744,0.000471720617339773
ENGINEERING_SAMPLE,volatility_5s_bps,ofi_1s,MID,LOW,5000,500,558,99.6415770609319,-9.778637940970256,-10.052717271031582,0.0,-10.474725587574731,-8.788198741409726,-7.264783359593979,-11.594893691393038,10.063006112886029,0.000101416328969847
ENGINEERING_SAMPLE,volatility_5s_bps,ofi_1s,MID,LOW,60000,100,558,98.2078853046595,-9.31428499000957,-9.156379013713945,0.0,-13.800810434342155,-3.938982890134435,-7.264734537853794,-11.59484488121687,10.063148330516443,5.225794866710339e-05
ENGINEERING_SAMPLE,volatility_5s_bps,ofi_1s,MID,LOW,60000,1000,558,98.2078853046595,-9.314413493246409,-9.156379013713945,0.0,-13.800810434342155,-3.938982890134435,-7.264860759795144,-11.594971052966123,10.06327680953271,0.00018073696493327263
ENGINEERING_SAMPLE,volatility_5s_bps,ofi_1s,MID,LOW,60000,500,558,98.2078853046595,-9.314334709085342,-9.156379013713945,0.0,-13.800810434342155,-3.938982890134435,-7.264783359593979,-11.594893691393038,10.063198033613002,0.00010196104522659635
ENGINEERING_SAMPLE,volatility_5s_bps,ofi_1s,MID,MID,1000,100,405,99.75308641975309,-10.082361987880121,-10.052730051649625,0.0,-10.052831962148975,-10.052670923860113,-7.562201553531912,-11.738922106551971,10.05172501827291,-3.259600574603642e-25
ENGINEERING_SAMPLE,volatility_5s_bps,ofi_1s,MID,MID,1000,1000,405,99.75308641975309,-10.082361987880121,-10.052730051649625,0.0,-10.052831962148975,-10.052670923860113,-7.562201553531912,-11.738922106551971,10.05172501827291,-3.259600574603642e-25
ENGINEERING_SAMPLE,volatility_5s_bps,ofi_1s,MID,MID,1000,500,405,99.75308641975309,-10.082361987880121,-10.052730051649625,0.0,-10.052831962148975,-10.052670923860113,-7.562201553531912,-11.738922106551971,10.05172501827291,0.0
ENGINEERING_SAMPLE,volatility_5s_bps,ofi_1s,MID,MID,15000,100,405,99.75308641975309,-9.832532978905395,-10.052759804794523,0.0,-11.218227057298707,-8.050252023827708,-7.562201553531912,-11.738922106551971,10.044092594374026,-5.344109366685743e-25
ENGINEERING_SAMPLE,volatility_5s_bps,ofi_1s,MID,MID,15000,1000,405,99.75308641975309,-9.832532978905395,-10.052759804794523,0.0,-11.218227057298707,-8.050252023827708,-7.562201553531912,-11.738922106551971,10.044092594374026,-5.344109366685743e-25
ENGINEERING_SAMPLE,volatility_5s_bps,ofi_1s,MID,MID,15000,500,405,99.75308641975309,-9.832532978905395,-10.052759804794523,0.0,-11.218227057298707,-8.050252023827708,-7.562201553531912,-11.738922106551971,10.044092594374026,0.0
ENGINEERING_SAMPLE,volatility_5s_bps,ofi_1s,MID,MID,250,100,405,99.75308641975309,-10.060824800016942,-10.052728106374687,0.0,-10.052790955745118,-10.05267203301939,-7.562201553531912,-11.738922106551971,10.054792142650824,-3.2597127360040653e-25
ENGINEERING_SAMPLE,volatility_5s_bps,ofi_1s,MID,MID,250,1000,405,99.75308641975309,-10.061027370202593,-10.052728106374687,0.0,-10.052790955745118,-10.05267203301939,-7.562201553531912,-11.738922106551971,10.054994604673407,0.00020246202258299059
ENGINEERING_SAMPLE,volatility_5s_bps,ofi_1s,MID,MID,250,500,405,99.75308641975309,-10.060969172648402,-10.052728106374687,0.0,-10.052790955745118,-10.05267203301939,-7.562201553531912,-11.738922106551971,10.054936438194005,0.00014429554318224637
ENGINEERING_SAMPLE,volatility_5s_bps,ofi_1s,MID,MID,3000,100,405,99.75308641975309,-10.008037055270835,-10.052728662165016,0.0,-10.685501509984874,-9.473279669806105,-7.562201553531912,-11.738922106551971,10.041874512267245,-2.7362369525191955e-25
ENGINEERING_SAMPLE,volatility_5s_bps,ofi_1s,MID,MID,3000,1000,405,99.75308641975309,-10.008037055270835,-10.052728662165016,0.0,-10.685501509984874,-9.473279669806105,-7.562201553531912,-11.738922106551971,10.041874512267245,-2.7362369525191955e-25
ENGINEERING_SAMPLE,volatility_5s_bps,ofi_1s,MID,MID,3000,500,405,99.75308641975309,-10.008037055270835,-10.052728662165016,0.0,-10.685501509984874,-9.473279669806105,-7.562201553531912,-11.738922106551971,10.041874512267245,0.0
ENGINEERING_SAMPLE,volatility_5s_bps,ofi_1s,MID,MID,30000,100,405,99.75308641975309,-9.924171531690945,-9.835590964617985,0.0,-12.793176466869992,-7.206558672461478,-7.562201553531912,-11.738922106551971,10.049801133082827,0.00010009454227635314
ENGINEERING_SAMPLE,volatility_5s_bps,ofi_1s,MID,MID,30000,1000,405,99.75308641975309,-9.924316406454013,-9.841849720588336,0.0,-12.793176466869992,-7.206558672461478,-7.562201553531912,-11.738922106551971,10.049945938880002,0.00024490033945125784
ENGINEERING_SAMPLE,volatility_5s_bps,ofi_1s,MID,MID,30000,500,405,99.75308641975309,-9.924300309258117,-9.841849720588336,0.0,-12.793176466869992,-7.206558672461478,-7.562201553531912,-11.738922106551971,10.049929849346983,0.00022881080643182396
ENGINEERING_SAMPLE,volatility_5s_bps,ofi_1s,MID,MID,500,100,405,99.75308641975309,-10.068786807316467,-10.052729495841723,0.0,-10.052803799973612,-10.052670923860113,-7.562201553531912,-11.738922106551971,10.055443354532313,-3.390050872707503e-25
ENGINEERING_SAMPLE,volatility_5s_bps,ofi_1s,MID,MID,500,1000,405,99.75308641975309,-10.069134480720113,-10.052729495841723,0.0,-10.052803799973612,-10.052670923860113,-7.562201553531912,-11.738922106551971,10.055790827733754,0.00034747320144055624
ENGINEERING_SAMPLE,volatility_5s_bps,ofi_1s,MID,MID,500,500,405,99.75308641975309,-10.068931179947928,-10.052729495841723,0.0,-10.052803799973612,-10.052670923860113,-7.562201553531912,-11.738922106551971,10.055587650075495,0.00014429554318224637
ENGINEERING_SAMPLE,volatility_5s_bps,ofi_1s,MID,MID,5000,100,405,99.75308641975309,-9.910243118051675,-10.05272199358167,0.0,-10.68626468136298,-8.819658557514893,-7.562201553531912,-11.738922106551971,10.04853061302982,-5.085330098207949e-25
ENGINEERING_SAMPLE,volatility_5s_bps,ofi_1s,MID,MID,5000,1000,405,99.75308641975309,-9.910243118051675,-10.05272199358167,0.0,-10.68626468136298,-8.819658557514893,-7.562201553531912,-11.738922106551971,10.04853061302982,-5.085330098207949e-25
ENGINEERING_SAMPLE,volatility_5s_bps,ofi_1s,MID,MID,5000,500,405,99.75308641975309,-9.910243118051675,-10.05272199358167,0.0,-10.68626468136298,-8.819658557514893,-7.562201553531912,-11.738922106551971,10.04853061302982,0.0
ENGINEERING_SAMPLE,volatility_5s_bps,ofi_1s,MID,MID,60000,100,405,97.28395061728395,-9.512956619166419,-9.52492376198968,0.0,-13.800810434342155,-3.932760526430267,-7.562201553531912,-11.738922106551971,10.059668047794196,-4.145290596239969e-25
ENGINEERING_SAMPLE,volatility_5s_bps,ofi_1s,MID,MID,60000,1000,405,97.28395061728395,-9.512956619166419,-9.52492376198968,0.0,-13.800810434342155,-3.932760526430267,-7.562201553531912,-11.738922106551971,10.059668047794196,-4.145290596239969e-25
ENGINEERING_SAMPLE,volatility_5s_bps,ofi_1s,MID,MID,60000,500,405,97.28395061728395,-9.512956619166419,-9.52492376198968,0.0,-13.800810434342155,-3.932760526430267,-7.562201553531912,-11.738922106551971,10.059668047794196,0.0
