partition,feature,bin,horizon_ms,notional,samples,executable_percent,mean_net_return_bps,median_net_return_bps,positive_percent,p10_net_return_bps,p90_net_return_bps,mean_mfe_bps,mean_mae_bps,average_cost_bps,average_depth_slippage_bps
ENGINEERING_SAMPLE,aggressive_flow_10s,Q1,1000,100,1439,100.0,-10.052541110403665,-10.052736722258533,0.0,-10.052805193434317,-10.05267203301939,-7.35245858140274,-12.102580525659372,10.053340480721237,-2.4896126008082087e-25
ENGINEERING_SAMPLE,aggressive_flow_10s,Q1,1000,1000,1439,100.0,-10.052745341127425,-10.052736722258533,0.0,-10.052805193434317,-10.05267203301939,-7.352549223773887,-12.102671152733764,10.053544605026206,0.00020412430496993656
ENGINEERING_SAMPLE,aggressive_flow_10s,Q1,1000,500,1439,100.0,-10.052612828081239,-10.052736722258533,0.0,-10.052805193434317,-10.05267203301939,-7.352529901796321,-12.102651834016962,10.053412162377647,7.168165641034396e-05
ENGINEERING_SAMPLE,aggressive_flow_10s,Q1,15000,100,1439,100.0,-9.961574143442798,-10.052723938407057,0.0,-11.90056566338807,-7.783702531645569,-7.35245858140274,-12.102580525659372,10.054795793602421,2.8107786484998666e-05
ENGINEERING_SAMPLE,aggressive_flow_10s,Q1,15000,1000,1439,100.0,-9.961945049770108,-10.052723938407057,0.0,-11.90056566338807,-7.783702531645569,-7.352549223773887,-12.102671152733764,10.055166538129805,0.00039885231386828444
ENGINEERING_SAMPLE,aggressive_flow_10s,Q1,15000,500,1439,100.0,-9.961686561568655,-10.052723938407057,0.0,-11.90056566338807,-7.783702531645569,-7.352529901796321,-12.102651834016962,10.054908145276178,0.0001404594602409945
ENGINEERING_SAMPLE,aggressive_flow_10s,Q1,250,100,1439,100.0,-10.050913821163089,-10.052738668170724,0.0,-10.052796833773087,-10.0526958912479,-7.35245858140274,-12.102580525659372,10.054184506533629,-3.2586404753092286e-25
ENGINEERING_SAMPLE,aggressive_flow_10s,Q1,250,1000,1439,100.0,-10.051244142607391,-10.052738668170724,0.0,-10.052796833773087,-10.0526958912479,-7.352549223773887,-12.102671152733764,10.054514659809536,0.0003301532759069729
ENGINEERING_SAMPLE,aggressive_flow_10s,Q1,250,500,1439,100.0,-10.050990103073683,-10.052738668170724,0.0,-10.052796833773087,-10.0526958912479,-7.352529901796321,-12.102651834016962,10.054260750069462,7.62435358326934e-05
ENGINEERING_SAMPLE,aggressive_flow_10s,Q1,3000,100,1439,100.0,-10.029427258283015,-10.052730885383452,0.0,-10.739600604057323,-9.314635752865236,-7.35245858140274,-12.102580525659372,10.05474265856529,1.1588730910233889e-05
ENGINEERING_SAMPLE,aggressive_flow_10s,Q1,3000,1000,1439,100.0,-10.029567831524153,-10.052730885383452,0.0,-10.739600604057323,-9.314635752865236,-7.352549223773887,-12.102671152733764,10.054883149664814,0.0001520798304334554
ENGINEERING_SAMPLE,aggressive_flow_10s,Q1,3000,500,1439,100.0,-10.02951863225309,-10.052730885383452,0.0,-10.739600604057323,-9.314635752865236,-7.352529901796321,-12.102651834016962,10.05483398211825,0.00010291228386896595
ENGINEERING_SAMPLE,aggressive_flow_10s,Q1,30000,100,1439,98.74913134120918,-9.865992683880966,-9.841708065689966,0.0,-12.477202686685105,-6.623942213903462,-7.35245858140274,-12.102580525659372,10.05426841230967,2.799879125387768e-05
ENGINEERING_SAMPLE,aggressive_flow_10s,Q1,30000,1000,1439,98.74913134120918,-9.866118716723994,-9.841708065689966,0.0,-12.477202686685105,-6.623942213903462,-7.352549223773887,-12.102671152733764,10.054394389493103,0.00015397597468798407
ENGINEERING_SAMPLE,aggressive_flow_10s,Q1,30000,500,1439,98.74913134120918,-9.866087029516825,-9.841708065689966,0.0,-12.477202686685105,-6.623942213903462,-7.352529901796321,-12.102651834016962,10.054362714433298,0.00012230091488263126
ENGINEERING_SAMPLE,aggressive_flow_10s,Q1,500,100,1439,100.0,-10.055832476155887,-10.052738668170724,0.0,-10.052803521290295,-10.052680630587938,-7.35245858140274,-12.102580525659372,10.056711076668652,-2.9291939174403247e-25
ENGINEERING_SAMPLE,aggressive_flow_10s,Q1,500,1000,1439,100.0,-10.05607677983495,-10.052738668170724,0.0,-10.052803521290295,-10.052680630587938,-7.352549223773887,-12.102671152733764,10.056955255103372,0.0002441784347194392
ENGINEERING_SAMPLE,aggressive_flow_10s,Q1,500,500,1439,100.0,-10.055908396289238,-10.052738668170724,0.0,-10.052803521290295,-10.052680630587938,-7.352529901796321,-12.102651834016962,10.056786958608969,7.588194031548725e-05
ENGINEERING_SAMPLE,aggressive_flow_10s,Q1,5000,100,1439,100.0,-10.036901461129728,-10.05272560551445,0.0,-11.00261075949367,-9.208949166121993,-7.35245858140274,-12.102580525659372,10.054587666011384,7.809685018553854e-05
ENGINEERING_SAMPLE,aggressive_flow_10s,Q1,5000,1000,1439,100.0,-10.0373451311273,-10.05272560551445,0.0,-11.00261075949367,-9.208949166121993,-7.352549223773887,-12.102671152733764,10.055031058454254,0.000521489293054742
ENGINEERING_SAMPLE,aggressive_flow_10s,Q1,5000,500,1439,100.0,-10.037206282872086,-10.05272560551445,0.0,-11.00261075949367,-9.208949166121993,-7.352529901796321,-12.102651834016962,10.05489229799651,0.0003827288353117138
ENGINEERING_SAMPLE,aggressive_flow_10s,Q1,60000,100,1439,97.5677553856845,-9.73281089660379,-10.0,0.07122507122507123,-14.486381405065496,-5.248585841529824,-7.35245858140274,-12.102580525659372,10.057368163080584,2.9766608454585692e-05
ENGINEERING_SAMPLE,aggressive_flow_10s,Q1,60000,1000,1439,97.5677553856845,-9.732936556908944,-10.0,0.07122507122507123,-14.486381405065496,-5.248585841529824,-7.352549223773887,-12.102671152733764,10.057493742696797,0.00015534622466820673
ENGINEERING_SAMPLE,aggressive_flow_10s,Q1,60000,500,1439,97.5677553856845,-9.732903988034588,-10.0,0.07122507122507123,-14.486381405065496,-5.248585841529824,-7.352529901796321,-12.102651834016962,10.057461196327319,0.0001227998551897147
ENGINEERING_SAMPLE,aggressive_flow_10s,Q2,1000,100,1438,100.0,-10.009527603001061,-10.052724355174387,0.0,-10.052831962148975,-10.0,-7.144373242475764,-11.566908222931612,10.051897020345026,6.309045153375154e-05
ENGINEERING_SAMPLE,aggressive_flow_10s,Q2,1000,1000,1438,100.0,-10.009780153896154,-10.052724494097808,0.0,-10.052831962148975,-10.0,-7.14462577299077,-11.567160579174997,10.052149446184297,0.0003155162908035123
ENGINEERING_SAMPLE,aggressive_flow_10s,Q2,1000,500,1438,100.0,-10.009703085798497,-10.052724494097808,0.0,-10.052831962148975,-10.0,-7.144548708329776,-11.567083565127291,10.05207241497485,0.00023848508135711758
ENGINEERING_SAMPLE,aggressive_flow_10s,Q2,15000,100,1438,100.0,-9.667456859355555,-10.052668982943777,0.0,-11.158705425295585,-7.730574457983858,-7.144373242475764,-11.566908222931612,10.054815522175726,6.309045153375154e-05
ENGINEERING_SAMPLE,aggressive_flow_10s,Q2,15000,1000,1438,100.0,-9.667709432789222,-10.052668982943777,0.0,-11.158705425295585,-7.730574457983858,-7.14462577299077,-11.567160579174997,10.055067948014997,0.0003155162908035123
ENGINEERING_SAMPLE,aggressive_flow_10s,Q2,15000,500,1438,100.0,-9.667632363158255,-10.052668982943777,0.0,-11.158705425295585,-7.730574457983858,-7.144548708329776,-11.567083565127291,10.05499091680555,0.00023848508135711758
ENGINEERING_SAMPLE,aggressive_flow_10s,Q2,250,100,1438,100.0,-10.04337309299225,-10.052730051649625,0.0,-10.052831404190606,-10.052675083448284,-7.144373242475764,-11.566908222931612,10.05271206949994,9.076258486887693e-05
ENGINEERING_SAMPLE,aggressive_flow_10s,Q2,250,1000,1438,100.0,-10.04365945432583,-10.052730051649625,0.0,-10.052831404190606,-10.052675083448284,-7.14462577299077,-11.567160579174997,10.052998287115422,0.0003769802003510126
ENGINEERING_SAMPLE,aggressive_flow_10s,Q2,250,500,1438,100.0,-10.043570417188096,-10.052730051649625,0.0,-10.052831404190606,-10.052675083448284,-7.144548708329776,-11.567083565127291,10.052909294785806,0.0002879878707354484
ENGINEERING_SAMPLE,aggressive_flow_10s,Q2,3000,100,1438,100.0,-9.963022373782783,-10.05272199358167,0.0,-10.581182273293763,-9.208949166121993,-7.144373242475764,-11.566908222931612,10.052934592839316,0.00011217278062174217
ENGINEERING_SAMPLE,aggressive_flow_10s,Q2,3000,1000,1438,100.0,-9.963540814860727,-10.05272199358167,0.0,-10.581182273293763,-9.209532303491898,-7.14462577299077,-11.567160579174997,10.053452745613802,0.0006303255551080095
ENGINEERING_SAMPLE,aggressive_flow_10s,Q2,3000,500,1438,100.0,-9.963374699116779,-10.05272199358167,0.0,-10.581182273293763,-9.209532303491898,-7.144548708329776,-11.567083565127291,10.053286720888217,0.00046430082952291315
ENGINEERING_SAMPLE,aggressive_flow_10s,Q2,30000,100,1438,99.30458970792768,-9.401433302483257,-9.525029011499104,0.0,-11.89850198715989,-6.619914589920766,-7.144373242475764,-11.566908222931612,10.05267692390056,8.508537658212245e-05
ENGINEERING_SAMPLE,aggressive_flow_10s,Q2,30000,1000,1438,99.30458970792768,-9.401921160394817,-9.525029011499104,0.0,-11.89850198715989,-6.619914589920766,-7.14462577299077,-11.567160579174997,10.053164632239792,0.0005727937158146839
ENGINEERING_SAMPLE,aggressive_flow_10s,Q2,30000,500,1438,99.30458970792768,-9.401765925413011,-9.525029011499104,0.0,-11.89850198715989,-6.619914589920766,-7.144548708329776,-11.567083565127291,10.053009438202874,0.00041759967889539373
ENGINEERING_SAMPLE,aggressive_flow_10s,Q2,500,100,1438,100.0,-10.026272062463695,-10.052729217943629,0.0,-10.052831766862514,-10.052668982943777,-7.144373242475764,-11.566908222931612,10.044252538437688,0.00011983094550370594
ENGINEERING_SAMPLE,aggressive_flow_10s,Q2,500,1000,1438,100.0,-10.026645754324685,-10.052729495841723,0.0,-10.052831962148975,-10.052668982943777,-7.14462577299077,-11.567160579174997,10.044626036922736,0.0004933294305516437
ENGINEERING_SAMPLE,aggressive_flow_10s,Q2,500,500,1438,100.0,-10.026526175979201,-10.052729495841723,0.0,-10.052831962148975,-10.052668982943777,-7.144548708329776,-11.567083565127291,10.044506518951389,0.00037381145920471434
ENGINEERING_SAMPLE,aggressive_flow_10s,Q2,5000,100,1438,100.0,-9.893154687292506,-10.052721160142173,0.0,-10.684657131878023,-8.944508914442451,-7.144373242475764,-11.566908222931612,10.047764579253075,6.309045153375154e-05
ENGINEERING_SAMPLE,aggressive_flow_10s,Q2,5000,1000,1438,100.0,-9.893407220567578,-10.052721160142173,0.0,-10.684657131878023,-8.944508914442451,-7.14462577299077,-11.567160579174997,10.048017005092344,0.0003155162908035123
ENGINEERING_SAMPLE,aggressive_flow_10s,Q2,5000,500,1438,100.0,-9.89333015841894,-10.052721160142173,0.0,-10.684657131878023,-8.944508914442451,-7.144548708329776,-11.567083565127291,10.047939973882897,0.00023848508135711758
ENGINEERING_SAMPLE,aggressive_flow_10s,Q2,60000,100,1438,98.67872044506258,-8.939200621293503,-9.103726109111603,1.9732205778717407,-13.900338211587698,-3.5038056286567216,-7.144373242475764,-11.566908222931612,10.054006959521748,6.393521445069396e-05
ENGINEERING_SAMPLE,aggressive_flow_10s,Q2,60000,1000,1438,98.67872044506258,-8.939555516477796,-9.103726109111603,1.9732205778717407,-13.900338211587698,-3.5038056286567216,-7.14462577299077,-11.567160579174997,10.05436174186792,0.0004187175606225139
ENGINEERING_SAMPLE,aggressive_flow_10s,Q2,60000,500,1438,98.67872044506258,-8.939419501958408,-9.103726109111603,1.9732205778717407,-13.900338211587698,-3.5038056286567216,-7.144548708329776,-11.567083565127291,10.05422578815173,0.00028276384443351536
ENGINEERING_SAMPLE,aggressive_flow_10s,Q3,1000,100,1438,100.0,-10.045996300164786,-10.0527556314857,0.0,-10.05283252011913,-10.052668428422527,-7.780545511083056,-12.130491132394054,10.050048514253703,-1.0925257476295905e-24
ENGINEERING_SAMPLE,aggressive_flow_10s,Q3,1000,1000,1438,100.0,-10.046037066298352,-10.0527556314857,0.0,-10.05283252011913,-10.052668428422527,-7.780545511083056,-12.130491132394054,10.050089254529265,4.0740275562208996e-05
ENGINEERING_SAMPLE,aggressive_flow_10s,Q3,1000,500,1438,100.0,-10.045996300164786,-10.0527556314857,0.0,-10.05283252011913,-10.052668428422527,-7.780545511083056,-12.130491132394054,10.050048514253703,0.0
ENGINEERING_SAMPLE,aggressive_flow_10s,Q3,15000,100,1438,100.0,-9.897552660006616,-10.052764256369418,0.0,-11.689721599155561,-7.993720316622691,-7.780545511083056,-12.130491132394054,10.054425378740781,1.1591779411138672e-05
ENGINEERING_SAMPLE,aggressive_flow_10s,Q3,15000,1000,1438,100.0,-9.897602573006592,-10.052764256369418,0.0,-11.689721599155561,-7.993720316622691,-7.780545511083056,-12.130491132394054,10.054475265351602,6.147839023189255e-05
ENGINEERING_SAMPLE,aggressive_flow_10s,Q3,15000,500,1438,100.0,-9.897572697889704,-10.052764256369418,0.0,-11.689721599155561,-7.993720316622691,-7.780545511083056,-12.130491132394054,10.05444540602978,3.161906840999606e-05
ENGINEERING_SAMPLE,aggressive_flow_10s,Q3,250,100,1438,100.0,-10.052565251974514,-10.052755353312056,0.0,-10.052817180233019,-10.052675083448284,-7.780545511083056,-12.130491132394054,10.053715738136281,3.300168532637976e-05
ENGINEERING_SAMPLE,aggressive_flow_10s,Q3,250,1000,1438,100.0,-10.052904112945425,-10.052755353312056,0.0,-10.052817180233019,-10.052675083448284,-7.780545511083056,-12.130491132394054,10.054054423046333,0.00037168659537667513
ENGINEERING_SAMPLE,aggressive_flow_10s,Q3,250,500,1438,100.0,-10.052780796896979,-10.052755353312056,0.0,-10.052817180233019,-10.052675083448284,-7.780545511083056,-12.130491132394054,10.053931171223423,0.00024843477246577544
ENGINEERING_SAMPLE,aggressive_flow_10s,Q3,3000,100,1438,100.0,-10.044101502539702,-10.052757022405256,0.0,-10.791818196758996,-9.314176790685902,-7.780545511083056,-12.130491132394054,10.057108739785964,5.256282722087302e-05
ENGINEERING_SAMPLE,aggressive_flow_10s,Q3,3000,1000,1438,100.0,-10.044336447930162,-10.052757022405256,0.0,-10.791818196758996,-9.314176790685902,-7.780545511083056,-12.130491132394054,10.057343543174007,0.00028736621526418896
ENGINEERING_SAMPLE,aggressive_flow_10s,Q3,3000,500,1438,100.0,-10.044236125833471,-10.052757022405256,0.0,-10.791818196758996,-9.314176790685902,-7.780545511083056,-12.130491132394054,10.057243282885967,0.00018710592722388016
ENGINEERING_SAMPLE,aggressive_flow_10s,Q3,30000,100,1438,98.60917941585535,-9.933685800772581,-10.052668428422527,0.0,-12.479920049362663,-6.9910250728124606,-7.780545511083056,-12.130491132394054,10.052175911817482,2.8517768039243066e-05
ENGINEERING_SAMPLE,aggressive_flow_10s,Q3,30000,1000,1438,98.60917941585535,-9.933727076798165,-10.052668428422527,0.0,-12.479920049362663,-6.9910250728124606,-7.780545511083056,-12.130491132394054,10.052217168194112,6.977414466735415e-05
ENGINEERING_SAMPLE,aggressive_flow_10s,Q3,30000,500,1438,98.60917941585535,-9.933722490573102,-10.052668428422527,0.0,-12.479920049362663,-6.9910250728124606,-7.780545511083056,-12.130491132394054,10.052212584152263,6.519010281978623e-05
ENGINEERING_SAMPLE,aggressive_flow_10s,Q3,500,100,1438,100.0,-10.047484645219317,-10.0527556314857,0.0,-10.052825546339172,-10.052671755725191,-7.780545511083056,-12.130491132394054,10.047132554269728,5.650311760500905e-05
ENGINEERING_SAMPLE,aggressive_flow_10s,Q3,500,1000,1438,100.0,-10.047969606048493,-10.0527556314857,0.0,-10.052825546339172,-10.052671755725191,-7.780545511083056,-12.130491132394054,10.047617249701164,0.0005411985490404634
ENGINEERING_SAMPLE,aggressive_flow_10s,Q3,500,500,1438,100.0,-10.047774772360361,-10.0527556314857,0.0,-10.052825546339172,-10.052671755725191,-7.780545511083056,-12.130491132394054,10.047422524628821,0.0003464734766981266
ENGINEERING_SAMPLE,aggressive_flow_10s,Q3,5000,100,1438,100.0,-10.020677808057693,-10.052760082686467,0.0,-11.108417310727996,-8.785672823218997,-7.780545511083056,-12.130491132394054,10.04754217370764,5.7196115264004686e-05
ENGINEERING_SAMPLE,aggressive_flow_10s,Q3,5000,1000,1438,100.0,-10.020750444305687,-10.052760082686467,0.0,-11.108417310727996,-8.785672823218997,-7.780545511083056,-12.130491132394054,10.047614756077405,0.00012977848502813673
ENGINEERING_SAMPLE,aggressive_flow_10s,Q3,5000,500,1438,100.0,-10.020733467765753,-10.052760082686467,0.0,-11.108417310727996,-8.785672823218997,-7.780545511083056,-12.130491132394054,10.047597791736719,0.00011281414434162529
ENGINEERING_SAMPLE,aggressive_flow_10s,Q3,60000,100,1438,95.4798331015299,-10.178311677696632,-10.105444542810169,0.6554989075018208,-14.377840220153306,-5.829468285501718,-7.780545511083056,-12.130491132394054,10.050693369257921,-1.7272984464952567e-25
ENGINEERING_SAMPLE,aggressive_flow_10s,Q3,60000,1000,1438,95.4798331015299,-10.178562597052354,-10.105444542810169,0.6554989075018208,-14.377840220153306,-5.829468285501718,-7.780545511083056,-12.130491132394054,10.0509442590801,0.00025088982217940926
ENGINEERING_SAMPLE,aggressive_flow_10s,Q3,60000,500,1438,95.4798331015299,-10.178316785724947,-10.105444542810169,0.6554989075018208,-14.377840220153306,-5.829468285501718,-7.780545511083056,-12.130491132394054,10.050698476685012,5.10742709163512e-06
ENGINEERING_SAMPLE,aggressive_flow_10s,Q4,1000,100,1441,100.0,-10.054667326542555,-10.052736722258533,0.0,-10.05283252011913,-10.052670923860113,-8.029944051372427,-12.034392330969455,10.051043391827692,1.3678565567999516e-05
ENGINEERING_SAMPLE,aggressive_flow_10s,Q4,1000,1000,1441,100.0,-10.054735853706235,-10.052736722258533,0.0,-10.05283252011913,-10.052670923860113,-8.030012558387154,-12.034474040194022,10.05111188462714,8.217136501599731e-05
ENGINEERING_SAMPLE,aggressive_flow_10s,Q4,1000,500,1441,100.0,-10.054712537109602,-10.052736722258533,0.0,-10.05283252011913,-10.052670923860113,-8.029989249833024,-12.034437512039617,10.051088579447471,5.886618534823523e-05
ENGINEERING_SAMPLE,aggressive_flow_10s,Q4,15000,100,1441,99.09784871616932,-10.163310350069864,-10.263347687383527,0.0,-12.003821697411277,-8.261832061068702,-8.029944051372427,-12.034392330969455,10.049223470501705,1.3803090324570941e-05
ENGINEERING_SAMPLE,aggressive_flow_10s,Q4,15000,1000,1441,99.09784871616932,-10.163420581056153,-10.263347687383527,0.0,-12.003821697411277,-8.261832061068702,-8.030012558387154,-12.034474040194022,10.049333632908821,0.00012396549744142567
ENGINEERING_SAMPLE,aggressive_flow_10s,Q4,15000,500,1441,99.09784871616932,-10.16335597342018,-10.263347687383527,0.0,-12.003821697411277,-8.261832061068702,-8.029989249833024,-12.034437512039617,10.049269069493374,5.94020819935623e-05
ENGINEERING_SAMPLE,aggressive_flow_10s,Q4,250,100,1441,100.0,-10.05366932393879,-10.052735332409169,0.0,-10.052807701848929,-10.052672864919504,-8.029944051372427,-12.034392330969455,10.050090399209715,1.3678565567999516e-05
ENGINEERING_SAMPLE,aggressive_flow_10s,Q4,250,1000,1441,100.0,-10.053778517744426,-10.052735332409169,0.0,-10.052807701848929,-10.052672864919504,-8.030012558387154,-12.034474040194022,10.050199536933203,0.0001228162890548712
ENGINEERING_SAMPLE,aggressive_flow_10s,Q4,250,500,1441,100.0,-10.053714534505838,-10.052735332409169,0.0,-10.052807701848929,-10.052672864919504,-8.029989249833024,-12.034437512039617,10.050135586829496,5.886618534823523e-05
ENGINEERING_SAMPLE,aggressive_flow_10s,Q4,3000,100,1441,100.0,-10.050034565056201,-10.052750624782512,0.0,-10.580036682161717,-9.36797885892968,-8.029944051372427,-12.034392330969455,10.05103555360449,4.1752572303162085e-05
ENGINEERING_SAMPLE,aggressive_flow_10s,Q4,3000,1000,1441,100.0,-10.050508802833246,-10.052750624782512,0.0,-10.580036682161717,-9.36797885892968,-8.030012558387154,-12.034474040194022,10.051509581157667,0.0005157801254781081
ENGINEERING_SAMPLE,aggressive_flow_10s,Q4,3000,500,1441,100.0,-10.050226263311515,-10.052750624782512,0.0,-10.580036682161717,-9.36797885892968,-8.029989249833024,-12.034437512039617,10.051227141243078,0.0002333402108903176
ENGINEERING_SAMPLE,aggressive_flow_10s,Q4,30000,100,1441,98.26509368494101,-10.010678763570711,-10.263931243339066,0.0,-12.74329283725639,-6.991691723373951,-8.029944051372427,-12.034392330969455,10.048591298963382,1.3920065666304592e-05
ENGINEERING_SAMPLE,aggressive_flow_10s,Q4,30000,1000,1441,98.26509368494101,-10.010748497304178,-10.263931243339066,0.0,-12.74329283725639,-6.991691723373951,-8.030012558387154,-12.034474040194022,10.048661001028357,8.362213064127977e-05
ENGINEERING_SAMPLE,aggressive_flow_10s,Q4,30000,500,1441,98.26509368494101,-10.01072476822386,-10.263931243339066,0.0,-12.74329283725639,-6.991691723373951,-8.029989249833024,-12.034437512039617,10.048637284387183,5.990548946808402e-05
ENGINEERING_SAMPLE,aggressive_flow_10s,Q4,500,100,1441,100.0,-10.056301235340646,-10.052736166309996,0.0,-10.052826104173816,-10.05267203301939,-8.029944051372427,-12.034392330969455,10.053120913846621,4.267808787931518e-05
ENGINEERING_SAMPLE,aggressive_flow_10s,Q4,500,1000,1441,100.0,-10.056527517704525,-10.052736166309996,0.0,-10.052826104173816,-10.05267203301939,-8.030012558387154,-12.034474040194022,10.053347079436799,0.0002688436780583184
ENGINEERING_SAMPLE,aggressive_flow_10s,Q4,500,500,1441,100.0,-10.056471360181625,-10.052736166309996,0.0,-10.052826104173816,-10.05267203301939,-8.029989249833024,-12.034437512039617,10.053290950456287,0.00021271469754539059
ENGINEERING_SAMPLE,aggressive_flow_10s,Q4,5000,100,1441,100.0,-10.079359921593927,-10.052757022405256,0.0,-11.053573779123338,-9.10265271021726,-8.029944051372427,-12.034392330969455,10.052865145033758,3.7131348943875755e-05
ENGINEERING_SAMPLE,aggressive_flow_10s,Q4,5000,1000,1441,100.0,-10.079687563109637,-10.052757022405256,0.0,-11.053573779123338,-9.10265271021726,-8.030012558387154,-12.034474040194022,10.0531926257141,0.0003646120292868792
ENGINEERING_SAMPLE,aggressive_flow_10s,Q4,5000,500,1441,100.0,-10.079479917423853,-10.052757022405256,0.0,-11.053573779123338,-9.10265271021726,-8.029989249833024,-12.034437512039617,10.052985071379698,0.00015705769488393219
ENGINEERING_SAMPLE,aggressive_flow_10s,Q4,60000,100,1441,94.8646773074254,-9.724138336571885,-10.105444542810169,0.0,-14.16743998197441,-4.6707257902897465,-8.029944051372427,-12.034392330969455,10.04573640444965,4.352093254826735e-05
ENGINEERING_SAMPLE,aggressive_flow_10s,Q4,60000,1000,1441,94.8646773074254,-9.724246101526138,-10.105444542810169,0.0,-14.16743998197441,-4.6707257902897465,-8.030012558387154,-12.034474040194022,10.045844149434608,0.00015126591750604305
ENGINEERING_SAMPLE,aggressive_flow_10s,Q4,60000,500,1441,94.8646773074254,-9.724208929035706,-10.105444542810169,0.0,-14.16743998197441,-4.6707257902897465,-8.029989249833024,-12.034437512039617,10.045806990411643,0.00011410689454254072
ENGINEERING_SAMPLE,aggressive_flow_10s,Q5,1000,100,1436,99.72144846796657,-10.082462239636842,-10.052726439107682,0.0,-10.158364936269475,-10.052668982943777,-8.361250294638928,-11.91405792737712,10.053031476693716,-7.394022972389432e-25
ENGINEERING_SAMPLE,aggressive_flow_10s,Q5,1000,1000,1436,99.72144846796657,-10.082462239636842,-10.052726439107682,0.0,-10.158364936269475,-10.052668982943777,-8.361250294638928,-11.91405792737712,10.053031476693716,-7.394022972389432e-25
ENGINEERING_SAMPLE,aggressive_flow_10s,Q5,1000,500,1436,99.72144846796657,-10.082462239636842,-10.052726439107682,0.0,-10.158364936269475,-10.052668982943777,-8.361250294638928,-11.91405792737712,10.053031476693716,0.0
ENGINEERING_SAMPLE,aggressive_flow_10s,Q5,15000,100,1436,96.65738161559888,-10.267130947980284,-10.263433692690647,0.0,-12.267559533221593,-8.209188588756167,-8.361250294638928,-11.91405792737712,10.051844265285874,2.8663133538636695e-05
ENGINEERING_SAMPLE,aggressive_flow_10s,Q5,15000,1000,1436,96.65738161559888,-10.267224927299596,-10.263433692690647,0.0,-12.267559533221593,-8.209188588756167,-8.361250294638928,-11.91405792737712,10.051938205715476,0.00012260356314176585
ENGINEERING_SAMPLE,aggressive_flow_10s,Q5,15000,500,1436,96.65738161559888,-10.267195589794335,-10.263433692690647,0.0,-12.267559533221593,-8.209188588756167,-8.361250294638928,-11.91405792737712,10.05190887908587,9.327693353569308e-05
ENGINEERING_SAMPLE,aggressive_flow_10s,Q5,250,100,1436,99.86072423398329,-10.060368515518203,-10.052722132493377,0.0,-10.052786248667813,-10.052670923860113,-8.361250294638928,-11.91405792737712,10.05371828462646,2.8204118545324405e-05
ENGINEERING_SAMPLE,aggressive_flow_10s,Q5,250,1000,1436,99.86072423398329,-10.06040933100237,-10.052722132493377,0.0,-10.052786248667813,-10.052670923860113,-8.361250294638928,-11.91405792737712,10.053759076594545,6.899608663161996e-05
ENGINEERING_SAMPLE,aggressive_flow_10s,Q5,250,500,1436,99.86072423398329,-10.060404795948573,-10.052722132493377,0.0,-10.052786248667813,-10.052670923860113,-8.361250294638928,-11.91405792737712,10.053754544153648,6.446364573314267e-05
ENGINEERING_SAMPLE,aggressive_flow_10s,Q5,3000,100,1436,99.09470752089136,-10.128962201631314,-10.052726994851147,0.0,-10.791597436506052,-9.630912589639188,-8.361250294638928,-11.91405792737712,10.051882683879555,-4.920662757497116e-25
ENGINEERING_SAMPLE,aggressive_flow_10s,Q5,3000,1000,1436,99.09470752089136,-10.128962201631314,-10.052726994851147,0.0,-10.791597436506052,-9.630912589639188,-8.361250294638928,-11.91405792737712,10.051882683879555,-4.920662757497116e-25
ENGINEERING_SAMPLE,aggressive_flow_10s,Q5,3000,500,1436,99.09470752089136,-10.128962201631314,-10.052726994851147,0.0,-10.791597436506052,-9.630912589639188,-8.361250294638928,-11.91405792737712,10.051882683879555,0.0
ENGINEERING_SAMPLE,aggressive_flow_10s,Q5,30000,100,1436,96.65738161559888,-10.38162937861117,-10.421871541064483,0.0,-13.32293896228504,-7.51087663350345,-8.361250294638928,-11.91405792737712,10.051818104164283,8.744527245311983e-26
ENGINEERING_SAMPLE,aggressive_flow_10s,Q5,30000,1000,1436,96.65738161559888,-10.381877570285818,-10.421871541064483,0.0,-13.32293896228504,-7.51087663350345,-8.361250294638928,-11.91405792737712,10.052066273165844,0.00024816900156079806
ENGINEERING_SAMPLE,aggressive_flow_10s,Q5,30000,500,1436,96.65738161559888,-10.38163442743331,-10.421871541064483,0.0,-13.32293896228504,-7.51087663350345,-8.361250294638928,-11.91405792737712,10.051823152525198,5.0483609151606055e-06
ENGINEERING_SAMPLE,aggressive_flow_10s,Q5,500,100,1436,99.79108635097494,-10.068804877913172,-10.052722271405084,0.0,-10.052792933503593,-10.052669537476705,-8.361250294638928,-11.91405792737712,10.055743249586724,2.8223800414511652e-05
ENGINEERING_SAMPLE,aggressive_flow_10s,Q5,500,1000,1436,99.79108635097494,-10.068845721879882,-10.052722271405084,0.0,-10.052792933503593,-10.052669537476705,-8.361250294638928,-11.91405792737712,10.055784070020945,6.90442346334564e-05
ENGINEERING_SAMPLE,aggressive_flow_10s,Q5,500,500,1436,99.79108635097494,-10.068841183661357,-10.052722271405084,0.0,-10.052792933503593,-10.052669537476705,-8.361250294638928,-11.91405792737712,10.055779534417143,6.450863083135142e-05
ENGINEERING_SAMPLE,aggressive_flow_10s,Q5,5000,100,1436,98.60724233983287,-10.13900958352083,-10.052727550606328,0.0,-11.055084812789675,-9.103726109111603,-8.361250294638928,-11.91405792737712,10.049496931213188,-2.6016253755169923e-25
ENGINEERING_SAMPLE,aggressive_flow_10s,Q5,5000,1000,1436,98.60724233983287,-10.13900958352083,-10.052727550606328,0.0,-11.055084812789675,-9.103726109111603,-8.361250294638928,-11.91405792737712,10.049496931213188,-2.6016253755169923e-25
ENGINEERING_SAMPLE,aggressive_flow_10s,Q5,5000,500,1436,98.60724233983287,-10.13900958352083,-10.052727550606328,0.0,-11.055084812789675,-9.103726109111603,-8.361250294638928,-11.91405792737712,10.049496931213188,0.0
ENGINEERING_SAMPLE,aggressive_flow_10s,Q5,60000,100,1436,96.65738161559888,-10.056816468293853,-9.947331571577473,0.0,-13.846435399013066,-6.411481739350592,-8.361250294638928,-11.91405792737712,10.050909788495886,-1.4447263072886714e-25
ENGINEERING_SAMPLE,aggressive_flow_10s,Q5,60000,1000,1436,96.65738161559888,-10.056816468293853,-9.947331571577473,0.0,-13.846435399013066,-6.411481739350592,-8.361250294638928,-11.91405792737712,10.050909788495886,-1.4447263072886714e-25
ENGINEERING_SAMPLE,aggressive_flow_10s,Q5,60000,500,1436,96.65738161559888,-10.056816468293853,-9.947331571577473,0.0,-13.846435399013066,-6.411481739350592,-8.361250294638928,-11.91405792737712,10.050909788495886,0.0
ENGINEERING_SAMPLE,aggressive_flow_1s,Q1,1000,100,1439,100.0,-10.013780427871184,-10.052730885383452,0.0,-10.052796833773087,-10.052668428422527,-7.275235355738422,-11.706959257248986,10.057781382477767,3.359844951567753e-05
ENGINEERING_SAMPLE,aggressive_flow_1s,Q1,1000,1000,1439,100.0,-10.01388181058439,-10.052730885383452,0.0,-10.052796833773087,-10.052668428422527,-7.275336722192832,-11.707060584070902,10.05788271874784,0.00013493471958688866
ENGINEERING_SAMPLE,aggressive_flow_1s,Q1,1000,500,1439,100.0,-10.013844637486512,-10.052730885383452,0.0,-10.052796833773087,-10.052668428422527,-7.27529954858953,-11.707023428201314,10.057845560835666,9.77768074155537e-05
ENGINEERING_SAMPLE,aggressive_flow_1s,Q1,15000,100,1439,99.86101459346769,-9.741181310789074,-10.052680630587938,0.0,-11.688456203821387,-7.679217232689814,-7.275235355738422,-11.706959257248986,10.06015344656996,3.364521144958939e-05
ENGINEERING_SAMPLE,aggressive_flow_1s,Q1,15000,1000,1439,99.86101459346769,-9.741323651541299,-10.052680630587938,0.0,-11.688456203821387,-7.679217232689814,-7.275336722192832,-11.707060584070902,10.06029571287893,0.0001759115204202063
ENGINEERING_SAMPLE,aggressive_flow_1s,Q1,15000,500,1439,99.86101459346769,-9.741245610965546,-10.052680630587938,0.0,-11.688456203821387,-7.679217232689814,-7.27529954858953,-11.707023428201314,10.060217714250555,9.791289204661222e-05
ENGINEERING_SAMPLE,aggressive_flow_1s,Q1,250,100,1439,100.0,-10.041595295994536,-10.052731997069566,0.0,-10.052789033810308,-10.052674972518341,-7.275235355738422,-11.706959257248986,10.055533234783928,3.359844951567753e-05
ENGINEERING_SAMPLE,aggressive_flow_1s,Q1,250,1000,1439,100.0,-10.041696680740444,-10.052731997069566,0.0,-10.052789033810308,-10.052674972518341,-7.275336722192832,-11.707060584070902,10.055634571053998,0.00013493471958688866
ENGINEERING_SAMPLE,aggressive_flow_1s,Q1,250,500,1439,100.0,-10.041659505609866,-10.052731997069566,0.0,-10.052789033810308,-10.052674972518341,-7.27529954858953,-11.707023428201314,10.055597413141827,9.77768074155537e-05
ENGINEERING_SAMPLE,aggressive_flow_1s,Q1,3000,100,1439,100.0,-9.940141380395925,-10.052723938407057,0.0,-10.263665544012776,-9.208949166121993,-7.275235355738422,-11.706959257248986,10.05793020814384,3.359844951567753e-05
ENGINEERING_SAMPLE,aggressive_flow_1s,Q1,3000,1000,1439,100.0,-9.940356231310425,-10.052723938407057,0.0,-10.263665544012776,-9.208949166121993,-7.275336722192832,-11.707060584070902,10.058144979303737,0.00024836960941140596
ENGINEERING_SAMPLE,aggressive_flow_1s,Q1,3000,500,1439,100.0,-9.940205946499454,-10.052723938407057,0.0,-10.263665544012776,-9.208949166121993,-7.27529954858953,-11.707023428201314,10.057994742878476,9.813318415152322e-05
ENGINEERING_SAMPLE,aggressive_flow_1s,Q1,30000,100,1439,99.0271021542738,-9.565500923909598,-9.630652153276587,0.0,-12.585448562101499,-6.360283650550957,-7.275235355738422,-11.706959257248986,10.05626613247198,6.184873770162817e-05
ENGINEERING_SAMPLE,aggressive_flow_1s,Q1,30000,1000,1439,99.0271021542738,-9.56563739002572,-9.630652153276587,0.0,-12.585448562101499,-6.360283650550957,-7.275336722192832,-11.707060584070902,10.056402562962573,0.00019827922829309118
ENGINEERING_SAMPLE,aggressive_flow_1s,Q1,30000,500,1439,99.0271021542738,-9.565587782123247,-9.630652153276587,0.0,-12.585448562101499,-6.360283650550957,-7.27529954858953,-11.707023428201314,10.056352963952387,0.0001486802181071263
ENGINEERING_SAMPLE,aggressive_flow_1s,Q1,500,100,1439,100.0,-10.0280750584114,-10.052730885383452,0.0,-10.052793490649668,-10.052670923860113,-7.275235355738422,-11.706959257248986,10.054287888482294,3.359844951567753e-05
ENGINEERING_SAMPLE,aggressive_flow_1s,Q1,500,1000,1439,100.0,-10.028176440447037,-10.052730885383452,0.0,-10.052793490649668,-10.052670923860113,-7.275336722192832,-11.707060584070902,10.054389224752365,0.00013493471958688866
ENGINEERING_SAMPLE,aggressive_flow_1s,Q1,500,500,1439,100.0,-10.028139268026727,-10.052730885383452,0.0,-10.052793490649668,-10.052670923860113,-7.27529954858953,-11.707023428201314,10.054352066840194,9.77768074155537e-05
ENGINEERING_SAMPLE,aggressive_flow_1s,Q1,5000,100,1439,100.0,-9.910251773810637,-10.05272199358167,0.0,-10.790963280751777,-8.93437178107117,-7.275235355738422,-11.706959257248986,10.058571483476857,3.359844951567753e-05
ENGINEERING_SAMPLE,aggressive_flow_1s,Q1,5000,1000,1439,100.0,-9.91035315435563,-10.05272199358167,0.0,-10.790963280751777,-8.93437178107117,-7.275336722192832,-11.707060584070902,10.058672819746928,0.00013493471958688866
ENGINEERING_SAMPLE,aggressive_flow_1s,Q1,5000,500,1439,100.0,-9.910315983425965,-10.05272199358167,0.0,-10.790963280751777,-8.93437178107117,-7.27529954858953,-11.707023428201314,10.058635661834757,9.77768074155537e-05
ENGINEERING_SAMPLE,aggressive_flow_1s,Q1,60000,100,1439,97.49826268241834,-9.327982185777781,-9.261479571661315,0.7840342124019958,-13.800810434342155,-4.1003906537922905,-7.275235355738422,-11.706959257248986,10.059560432846045,6.281573104993166e-05
ENGINEERING_SAMPLE,aggressive_flow_1s,Q1,60000,1000,1439,97.49826268241834,-9.328179107885006,-9.261479571661315,0.7840342124019958,-13.800810434342155,-4.1003906537922905,-7.275336722192832,-11.707060584070902,10.059757303333996,0.00025968621900125975
ENGINEERING_SAMPLE,aggressive_flow_1s,Q1,60000,500,1439,97.49826268241834,-9.328111967380735,-9.261479571661315,0.7840342124019958,-13.800810434342155,-4.1003906537922905,-7.27529954858953,-11.707023428201314,10.059690175294525,0.0001925581795320393
ENGINEERING_SAMPLE,aggressive_flow_1s,Q2,1000,100,1438,100.0,-10.044825288426823,-10.05274700942118,0.0,-10.05283252011913,-10.05266260665428,-7.340357764464259,-12.069937460110735,10.05128219087177,4.317573952431298e-05
ENGINEERING_SAMPLE,aggressive_flow_1s,Q2,1000,1000,1438,100.0,-10.04514248755034,-10.052747148464743,0.0,-10.05283252011913,-10.05266260665428,-7.340561315950564,-12.070140856801906,10.051599224049523,0.0003602089172769491
ENGINEERING_SAMPLE,aggressive_flow_1s,Q2,1000,500,1438,100.0,-10.044982189765038,-10.052747148464743,0.0,-10.05283252011913,-10.05266260665428,-7.340514285581815,-12.070093862057247,10.051439012129928,0.00019999699768101487
ENGINEERING_SAMPLE,aggressive_flow_1s,Q2,15000,100,1438,99.44367176634213,-9.862410024941257,-10.05272199358167,0.0,-11.959899055096361,-7.5218051215026165,-7.340357764464259,-12.069937460110735,10.050130884734152,4.341728212305039e-05
ENGINEERING_SAMPLE,aggressive_flow_1s,Q2,15000,1000,1438,99.44367176634213,-9.862855812746373,-10.05272199358167,0.0,-11.959899055096361,-7.5218051215026165,-7.340561315950564,-12.070140856801906,10.050576455843457,0.0004889883914289794
ENGINEERING_SAMPLE,aggressive_flow_1s,Q2,15000,500,1438,99.44367176634213,-9.862572393046499,-10.05272199358167,0.0,-11.959899055096361,-7.5218051215026165,-7.340514285581815,-12.070093862057247,10.050293149686045,0.00020568223401726946
ENGINEERING_SAMPLE,aggressive_flow_1s,Q2,250,100,1438,100.0,-10.050647406305313,-10.052750624782512,0.0,-10.052826104173816,-10.052679243693497,-7.340357764464259,-12.069937460110735,10.052650110288294,9.225764692147309e-05
ENGINEERING_SAMPLE,aggressive_flow_1s,Q2,250,1000,1438,100.0,-10.05111682076149,-10.052750624782512,0.0,-10.052826104173816,-10.052679243693497,-7.340561315950564,-12.070140856801906,10.053119283828178,0.0005614311868056312
ENGINEERING_SAMPLE,aggressive_flow_1s,Q2,250,500,1438,100.0,-10.05098072728153,-10.052750624782512,0.0,-10.052826104173816,-10.052679243693497,-7.340514285581815,-12.070093862057247,10.052983261160426,0.00042540851905354727
ENGINEERING_SAMPLE,aggressive_flow_1s,Q2,3000,100,1438,100.0,-10.010180745738584,-10.052736722258533,0.0,-10.738691797762883,-9.31373531863702,-7.340357764464259,-12.069937460110735,10.056429716099489,9.22580686123036e-05
ENGINEERING_SAMPLE,aggressive_flow_1s,Q2,3000,1000,1438,100.0,-10.01077635032331,-10.052736722258533,0.0,-10.738691797762883,-9.31373531863702,-7.340561315950564,-12.070140856801906,10.057025010557535,0.0006875525266569526
ENGINEERING_SAMPLE,aggressive_flow_1s,Q2,3000,500,1438,100.0,-10.01051867069943,-10.052736722258533,0.0,-10.738691797762883,-9.31373531863702,-7.340514285581815,-12.070093862057247,10.05676745063689,0.0004299926060140213
ENGINEERING_SAMPLE,aggressive_flow_1s,Q2,30000,100,1438,97.4269819193324,-9.708564978406695,-9.947168037851025,0.0,-12.689275154556043,-6.309499343946125,-7.340357764464259,-12.069937460110735,10.053223831497768,6.628448386131206e-05
ENGINEERING_SAMPLE,aggressive_flow_1s,Q2,30000,1000,1438,97.4269819193324,-9.709011970746086,-9.947168037851025,0.0,-12.689275154556043,-6.309499343946125,-7.340561315950564,-12.070140856801906,10.053670684465299,0.0005131374513918167
ENGINEERING_SAMPLE,aggressive_flow_1s,Q2,30000,500,1438,97.4269819193324,-9.708884562926508,-9.947168037851025,0.0,-12.689275154556043,-6.309499343946125,-7.340514285581815,-12.070093862057247,10.053543312673206,0.00038576565929939155
ENGINEERING_SAMPLE,aggressive_flow_1s,Q2,500,100,1438,100.0,-10.04624158784655,-10.052747287508303,0.0,-10.052831404190606,-10.052671755725191,-7.340357764464259,-12.069937460110735,10.048807289448735,0.00015038602956645916
ENGINEERING_SAMPLE,aggressive_flow_1s,Q2,500,1000,1438,100.0,-10.046983993491535,-10.052747426553331,0.0,-10.052831404190606,-10.052671755725191,-7.340561315950564,-12.070140856801906,10.049549305744891,0.0008924023257222377
ENGINEERING_SAMPLE,aggressive_flow_1s,Q2,500,500,1438,100.0,-10.046655745045546,-10.052747426553331,0.0,-10.052831404190606,-10.052671755725191,-7.340514285581815,-12.070093862057247,10.04922122999042,0.0005643265712512841
ENGINEERING_SAMPLE,aggressive_flow_1s,Q2,5000,100,1438,99.93045897079277,-9.973121860642165,-10.05272671697795,0.0,-11.001920635346304,-8.788766422435573,-7.340357764464259,-12.069937460110735,10.05299978991699,9.581381057887113e-05
ENGINEERING_SAMPLE,aggressive_flow_1s,Q2,5000,1000,1438,99.93045897079277,-9.973672782718898,-10.05272671697795,0.0,-11.001920635346304,-8.788766422435573,-7.340561315950564,-12.070140856801906,10.053550444196757,0.0006464680903459382
ENGINEERING_SAMPLE,aggressive_flow_1s,Q2,5000,500,1438,99.93045897079277,-9.97341030899353,-10.05272671697795,0.0,-11.001920635346304,-8.788766422435573,-7.340514285581815,-12.070093862057247,10.053288090895592,0.0003841147891799576
ENGINEERING_SAMPLE,aggressive_flow_1s,Q2,60000,100,1438,96.03616133518776,-9.469641969726618,-9.736398366486629,0.2172338884866039,-14.278914438079147,-3.938982890134435,-7.340357764464259,-12.069937460110735,10.054196089523055,7.522015329920375e-05
ENGINEERING_SAMPLE,aggressive_flow_1s,Q2,60000,1000,1438,96.03616133518776,-9.469929629630554,-9.736398366486629,0.2172338884866039,-14.278914438079147,-3.938982890134435,-7.340561315950564,-12.070140856801906,10.054483651635103,0.000362782265346884
ENGINEERING_SAMPLE,aggressive_flow_1s,Q2,60000,500,1438,96.03616133518776,-9.46982519221699,-9.736398366486629,0.2172338884866039,-14.278914438079147,-3.938982890134435,-7.340514285581815,-12.070093862057247,10.054379273986537,0.000258404616782892
ENGINEERING_SAMPLE,aggressive_flow_1s,Q3,1000,100,1438,100.0,-10.02346120313146,-10.052729495841723,0.0,-10.052826104173816,-10.052668428422527,-7.874474797676258,-11.976367918173587,10.052129868764128,-6.189939253348191e-25
ENGINEERING_SAMPLE,aggressive_flow_1s,Q3,1000,1000,1438,100.0,-10.023551946457092,-10.052729495841723,0.0,-10.052826104173816,-10.052668428422527,-7.874565503081043,-11.976471866220347,10.052220566275395,9.069751126530123e-05
ENGINEERING_SAMPLE,aggressive_flow_1s,Q3,1000,500,1438,100.0,-10.023532602760834,-10.052729495841723,0.0,-10.052826104173816,-10.052668428422527,-7.874546167666774,-11.976439276119743,10.052201232543766,7.13637796359846e-05
ENGINEERING_SAMPLE,aggressive_flow_1s,Q3,15000,100,1438,99.16550764951322,-10.052233996752316,-10.052764256369418,0.0,-12.002654825303013,-8.261832061068702,-7.874474797676258,-11.976367918173587,10.058316054871906,1.1689325941947692e-05
ENGINEERING_SAMPLE,aggressive_flow_1s,Q3,15000,1000,1438,99.16550764951322,-10.05237584540894,-10.052764256369418,0.0,-12.002654825303013,-8.261832061068702,-7.874565503081043,-11.976471866220347,10.058457822030082,0.00015345648411848852
ENGINEERING_SAMPLE,aggressive_flow_1s,Q3,15000,500,1438,99.16550764951322,-10.052326210560365,-10.052764256369418,0.0,-12.002654825303013,-8.261832061068702,-7.874546167666774,-11.976439276119743,10.058408215009843,0.00010384946387806465
ENGINEERING_SAMPLE,aggressive_flow_1s,Q3,250,100,1438,100.0,-10.047381710959874,-10.052730885383452,0.0,-10.052807701848929,-10.052671755725191,-7.874474797676258,-11.976367918173587,10.055101922509822,-6.997128606430833e-25
ENGINEERING_SAMPLE,aggressive_flow_1s,Q3,250,1000,1438,100.0,-10.047598657146613,-10.052730885383452,0.0,-10.052807701848929,-10.052671755725191,-7.874565503081043,-11.976471866220347,10.055318757484647,0.00021683497482378208
ENGINEERING_SAMPLE,aggressive_flow_1s,Q3,250,500,1438,100.0,-10.047457682220529,-10.052730885383452,0.0,-10.052807701848929,-10.052671755725191,-7.874546167666774,-11.976439276119743,10.055177855551744,7.593304192215151e-05
ENGINEERING_SAMPLE,aggressive_flow_1s,Q3,3000,100,1438,99.93045897079277,-10.063411258996995,-10.052738668170724,0.0,-10.737408462271452,-9.525542060752958,-7.874474797676258,-11.976367918173587,10.056679523194486,-3.700744502376722e-25
ENGINEERING_SAMPLE,aggressive_flow_1s,Q3,3000,1000,1438,99.93045897079277,-10.063502065470384,-10.052738668170724,0.0,-10.737408462271452,-9.525542060752958,-7.874565503081043,-11.976471866220347,10.056770283821626,9.0760627139529e-05
ENGINEERING_SAMPLE,aggressive_flow_1s,Q3,3000,500,1438,99.93045897079277,-10.063482708312963,-10.052738668170724,0.0,-10.737408462271452,-9.525542060752958,-7.874546167666774,-11.976439276119743,10.056750936635764,7.141344127804164e-05
ENGINEERING_SAMPLE,aggressive_flow_1s,Q3,30000,100,1438,99.02642559109874,-10.059548782337732,-10.105645517515281,0.0,-12.845632139293084,-7.520720635221917,-7.874474797676258,-11.976367918173587,10.054152151469655,2.8397608904246254e-05
ENGINEERING_SAMPLE,aggressive_flow_1s,Q3,30000,1000,1438,99.02642559109874,-10.05968152861207,-10.105645517515281,0.0,-12.845632139293084,-7.520720635221917,-7.874565503081043,-11.976471866220347,10.054284823213516,0.00016106935276531694
ENGINEERING_SAMPLE,aggressive_flow_1s,Q3,30000,500,1438,99.02642559109874,-10.059657425983472,-10.105645517515281,0.0,-12.845632139293084,-7.520720635221917,-7.874546167666774,-11.976439276119743,10.054260734676001,0.00013698081524929966
ENGINEERING_SAMPLE,aggressive_flow_1s,Q3,500,100,1438,100.0,-10.036603163071948,-10.052730051649625,0.0,-10.052813834532488,-10.052670923860113,-7.874474797676258,-11.976367918173587,10.046858353466568,1.1591911264345047e-05
ENGINEERING_SAMPLE,aggressive_flow_1s,Q3,500,1000,1438,100.0,-10.036743819783577,-10.052730051649625,0.0,-10.052813834532488,-10.052670923860113,-7.874565503081043,-11.976471866220347,10.046998937711717,0.00015217615641339275
ENGINEERING_SAMPLE,aggressive_flow_1s,Q3,500,500,1438,100.0,-10.036694600584413,-10.052730051649625,0.0,-10.052813834532488,-10.052670923860113,-7.874546167666774,-11.976439276119743,10.04694974442972,0.00010298287441662194
ENGINEERING_SAMPLE,aggressive_flow_1s,Q3,5000,100,1438,99.72183588317107,-10.071879125327326,-10.052738668170724,0.0,-11.055151021258911,-9.10265271021726,-7.874474797676258,-11.976367918173587,10.051658497711129,2.821319931847437e-05
ENGINEERING_SAMPLE,aggressive_flow_1s,Q3,5000,1000,1438,99.72183588317107,-10.072010937256604,-10.052738668170724,0.0,-11.055151021258911,-9.10265271021726,-7.874565503081043,-11.976471866220347,10.051790232009449,0.00015994749763745877
ENGINEERING_SAMPLE,aggressive_flow_1s,Q3,5000,500,1438,99.72183588317107,-10.071987004549237,-10.052738668170724,0.0,-11.055151021258911,-9.10265271021726,-7.874546167666774,-11.976439276119743,10.05176631281548,0.00013602830367058006
ENGINEERING_SAMPLE,aggressive_flow_1s,Q3,60000,100,1438,96.66203059805285,-9.793112137185856,-10.0527556314857,0.935251798561151,-13.846435399013066,-5.3589482728628886,-7.874474797676258,-11.976367918173587,10.05252620474817,-2.4256092921983622e-25
ENGINEERING_SAMPLE,aggressive_flow_1s,Q3,60000,1000,1438,96.66203059805285,-9.793336458388096,-10.0527556314857,0.935251798561151,-13.846435399013066,-5.3589482728628886,-7.874565503081043,-11.976471866220347,10.052750458249792,0.00022425350162091705
ENGINEERING_SAMPLE,aggressive_flow_1s,Q3,60000,500,1438,96.66203059805285,-9.793190690209375,-10.0527556314857,0.935251798561151,-13.846435399013066,-5.3589482728628886,-7.874546167666774,-11.976439276119743,10.052604716236846,7.851148867561356e-05
ENGINEERING_SAMPLE,aggressive_flow_1s,Q4,1000,100,2877,99.86096628432395,-10.081547359820291,-10.052731997069566,0.0,-10.263367652670977,-10.052670923860113,-8.088933141802851,-11.997845834124185,10.049075976894539,-8.399766483317692e-25
ENGINEERING_SAMPLE,aggressive_flow_1s,Q4,1000,1000,2877,99.86096628432395,-10.08157587168085,-10.052731997069566,0.0,-10.263367652670977,-10.052670923860113,-8.088941237812449,-11.997853926127227,10.04910447193406,2.84950395212006e-05
ENGINEERING_SAMPLE,aggressive_flow_1s,Q4,1000,500,2877,99.86096628432395,-10.081547359820291,-10.052731997069566,0.0,-10.263367652670977,-10.052670923860113,-8.088933141802851,-11.997845834124185,10.049075976894539,0.0
ENGINEERING_SAMPLE,aggressive_flow_1s,Q4,15000,100,2877,98.6444212721585,-10.147062811245487,-10.052785134693103,0.0,-12.054739336492892,-8.417431192660551,-8.088933141802851,-11.997845834124185,10.048239660488669,2.827044894416519e-05
ENGINEERING_SAMPLE,aggressive_flow_1s,Q4,15000,1000,2877,98.6444212721585,-10.14713760561955,-10.052785134693103,0.0,-12.054739336492892,-8.417431192660551,-8.088941237812449,-11.997853926127227,10.048314418970675,0.00010302893094864645
ENGINEERING_SAMPLE,aggressive_flow_1s,Q4,15000,500,2877,98.6444212721585,-10.147112758030215,-10.052785134693103,0.0,-12.054739336492892,-8.417431192660551,-8.088933141802851,-11.997845834124185,10.048289582334116,7.819229439057511e-05
ENGINEERING_SAMPLE,aggressive_flow_1s,Q4,250,100,2877,99.93048314216198,-10.060629138852631,-10.052730051649625,0.0,-10.052807701848929,-10.052672864919504,-8.088933141802851,-11.997845834124185,10.0505625146715,1.9865695440738563e-05
ENGINEERING_SAMPLE,aggressive_flow_1s,Q4,250,1000,2877,99.93048314216198,-10.06078823473317,-10.052730051649625,0.0,-10.052807701848929,-10.052672864919504,-8.088941237812449,-11.997853926127227,10.050721526984802,0.00017887800874286338
ENGINEERING_SAMPLE,aggressive_flow_1s,Q4,250,500,2877,99.93048314216198,-10.06067772673182,-10.052730051649625,0.0,-10.052807701848929,-10.052672864919504,-8.088933141802851,-11.997845834124185,10.050611075848929,6.842687286980958e-05
ENGINEERING_SAMPLE,aggressive_flow_1s,Q4,3000,100,2877,99.58289885297185,-10.100725180470448,-10.052736166309996,0.0,-10.790963280751777,-9.473279669806105,-8.088933141802851,-11.997845834124185,10.048318434134295,4.63232715632849e-05
ENGINEERING_SAMPLE,aggressive_flow_1s,Q4,3000,1000,2877,99.58289885297185,-10.100960046966513,-10.052736166309996,0.0,-10.790963280751777,-9.473279669806105,-8.088941237812449,-11.997853926127227,10.04855315637063,0.00028104550789797677
ENGINEERING_SAMPLE,aggressive_flow_1s,Q4,3000,500,2877,99.58289885297185,-10.100874024125545,-10.052736166309996,0.0,-10.790963280751777,-9.473279669806105,-8.088933141802851,-11.997845834124185,10.04846718688438,0.00019507602164870087
ENGINEERING_SAMPLE,aggressive_flow_1s,Q4,30000,100,2877,98.05352798053528,-10.12345824693265,-10.105462326601172,0.0,-12.901804547755653,-7.520720635221917,-8.088933141802851,-11.997845834124185,10.04792407717039,7.502493322434694e-26
ENGINEERING_SAMPLE,aggressive_flow_1s,Q4,30000,1000,2877,98.05352798053528,-10.123588620915392,-10.105462326601172,0.0,-12.901804547755653,-7.520720635221917,-8.088941237812449,-11.997853926127227,10.048054435308089,0.00013035813770022702
ENGINEERING_SAMPLE,aggressive_flow_1s,Q4,30000,500,2877,98.05352798053528,-10.123460731074845,-10.105462326601172,0.0,-12.901804547755653,-7.520720635221917,-8.088933141802851,-11.997845834124185,10.04792656108565,2.4839152606320174e-06
ENGINEERING_SAMPLE,aggressive_flow_1s,Q4,500,100,2877,99.89572471324296,-10.071886495524403,-10.052730885383452,0.0,-10.052830204657445,-10.052670923860113,-8.088933141802851,-11.997845834124185,10.053499947846896,2.583151204268062e-05
ENGINEERING_SAMPLE,aggressive_flow_1s,Q4,500,1000,2877,99.89572471324296,-10.072079663734277,-10.052730885383452,0.0,-10.052830204657445,-10.052670923860113,-8.088941237812449,-11.997853926127227,10.05369300750108,0.00021889116622475074
ENGINEERING_SAMPLE,aggressive_flow_1s,Q4,500,500,2877,99.89572471324296,-10.072015096894436,-10.052730885383452,0.0,-10.052830204657445,-10.052670923860113,-8.088933141802851,-11.997845834124185,10.05362847777826,0.00015436144340468867
ENGINEERING_SAMPLE,aggressive_flow_1s,Q4,5000,100,2877,99.47862356621481,-10.106598345976913,-10.052747287508303,0.0,-11.05473556595075,-9.103811114565277,-8.088933141802851,-11.997845834124185,10.04449536764072,3.926253732449279e-05
ENGINEERING_SAMPLE,aggressive_flow_1s,Q4,5000,1000,2877,99.47862356621481,-10.106756132975418,-10.052747287508303,0.0,-11.05473556595075,-9.103811114565277,-8.088941237812449,-11.997853926127227,10.044653048672798,0.00019694356940227675
ENGINEERING_SAMPLE,aggressive_flow_1s,Q4,5000,500,2877,99.47862356621481,-10.106696990944275,-10.052747287508303,0.0,-11.05473556595075,-9.103811114565277,-8.088933141802851,-11.997845834124185,10.044593944674851,0.0001378395714569888
ENGINEERING_SAMPLE,aggressive_flow_1s,Q4,60000,100,2877,96.52415710809872,-10.010447259806728,-10.105350721555041,0.39611091105509544,-14.120893047620054,-5.675246835810038,-8.088933141802851,-11.997845834124185,10.046290137673134,-2.78883988399099e-25
ENGINEERING_SAMPLE,aggressive_flow_1s,Q4,60000,1000,2877,96.52415710809872,-10.010514419975232,-10.105350721555041,0.39611091105509544,-14.120893047620054,-5.675246835810038,-8.088941237812449,-11.997853926127227,10.04635728355433,6.714588119723086e-05
ENGINEERING_SAMPLE,aggressive_flow_1s,Q4,60000,500,2877,96.52415710809872,-10.010447440830287,-10.105350721555041,0.39611091105509544,-14.120893047620054,-5.675246835810038,-8.088933141802851,-11.997845834124185,10.046290318675386,1.810022521634929e-07
ENGINEERING_SAMPLE,aggressive_flow_250ms,Q1,1000,100,1457,99.8627316403569,-10.029392569185099,-10.052739224172013,0.0,-10.052831292600699,-10.0,-7.426395112210667,-11.896338354184,10.058260442127448,4.8809347289616e-05
ENGINEERING_SAMPLE,aggressive_flow_250ms,Q1,1000,1000,1457,99.8627316403569,-10.02962505669978,-10.052739224172013,0.0,-10.052831404190606,-10.021064931783723,-7.426627403029379,-11.896583586371777,10.058492811571996,0.0002811787918365147
ENGINEERING_SAMPLE,aggressive_flow_250ms,Q1,1000,500,1457,99.8627316403569,-10.029547846376401,-10.052739224172013,0.0,-10.052831404190606,-10.021064931783723,-7.426550262295272,-11.896493396867344,10.058415640465087,0.0002040076849279545
ENGINEERING_SAMPLE,aggressive_flow_250ms,Q1,15000,100,1457,99.03912148249829,-9.879945925049064,-10.05272199358167,0.0,-11.74137658227848,-7.731177017472841,-7.426395112210667,-11.896338354184,10.0618382419289,7.678588333889051e-05
ENGINEERING_SAMPLE,aggressive_flow_250ms,Q1,15000,1000,1457,99.03912148249829,-9.880380407789481,-10.05272199358167,0.0,-11.74137658227848,-7.731177017472841,-7.426627403029379,-11.896583586371777,10.062272507444884,0.0005110513993224625
ENGINEERING_SAMPLE,aggressive_flow_250ms,Q1,15000,500,1457,99.03912148249829,-9.880128793638164,-10.05272199358167,0.0,-11.74137658227848,-7.731177017472841,-7.426550262295272,-11.896493396867344,10.062021011822528,0.00025955577696725536
ENGINEERING_SAMPLE,aggressive_flow_250ms,Q1,250,100,1457,99.93136582017844,-10.04622751848352,-10.052741170268845,0.0,-10.052812161894142,-10.05267314222684,-7.426395112210667,-11.896338354184,10.06008848475921,6.992091717554753e-05
ENGINEERING_SAMPLE,aggressive_flow_250ms,Q1,250,1000,1457,99.93136582017844,-10.04668901409201,-10.052741170268845,0.0,-10.052813834532488,-10.052673419534178,-7.426627403029379,-11.896583586371777,10.060549744829277,0.0005311809872440273
ENGINEERING_SAMPLE,aggressive_flow_250ms,Q1,250,500,1457,99.93136582017844,-10.046535719646194,-10.052741170268845,0.0,-10.052813834532488,-10.052673419534178,-7.426550262295272,-11.896493396867344,10.06039652862681,0.00037796478477731784
ENGINEERING_SAMPLE,aggressive_flow_250ms,Q1,3000,100,1457,99.65682910089224,-9.977082618607318,-10.052730051649625,0.0,-10.580042490771604,-9.208949166121993,-7.426395112210667,-11.896338354184,10.061591696650169,4.8910193048478845e-05
ENGINEERING_SAMPLE,aggressive_flow_250ms,Q1,3000,1000,1457,99.65682910089224,-9.977315571166775,-10.052730051649625,0.0,-10.580042490771604,-9.209032471460551,-7.426627403029379,-11.896583586371777,10.061824546196874,0.0002817597397535323
ENGINEERING_SAMPLE,aggressive_flow_250ms,Q1,3000,500,1457,99.65682910089224,-9.977238205060791,-10.052730051649625,0.0,-10.580042490771604,-9.209032471460551,-7.426550262295272,-11.896493396867344,10.06174721564553,0.0002044291884092106
ENGINEERING_SAMPLE,aggressive_flow_250ms,Q1,30000,100,1457,97.46053534660261,-9.669783316698505,-9.947168037851025,0.0,-12.63653593552583,-6.3552052198904665,-7.426395112210667,-11.896338354184,10.063389907072809,0.00012818304662784102
ENGINEERING_SAMPLE,aggressive_flow_250ms,Q1,30000,1000,1457,97.46053534660261,-9.670331836215722,-9.947168037851025,0.0,-12.63653593552583,-6.3552052198904665,-7.426627403029379,-11.896583586371777,10.063938251292447,0.0006765272662679417
ENGINEERING_SAMPLE,aggressive_flow_250ms,Q1,30000,500,1457,97.46053534660261,-9.670157952852984,-9.947168037851025,0.0,-12.63653593552583,-6.3552052198904665,-7.426550262295272,-11.896493396867344,10.063764421228132,0.0005026972019516839
ENGINEERING_SAMPLE,aggressive_flow_250ms,Q1,500,100,1457,99.93136582017844,-10.044037975998855,-10.052740892246218,0.0,-10.052823454608715,-10.052670923860113,-7.426395112210667,-11.896338354184,10.059467927267322,4.877582438625775e-05
ENGINEERING_SAMPLE,aggressive_flow_250ms,Q1,500,1000,1457,99.93136582017844,-10.044270303838047,-10.052741031257533,0.0,-10.052825267427739,-10.052670923860113,-7.426627403029379,-11.896583586371777,10.05970013711747,0.0002809856745344292
ENGINEERING_SAMPLE,aggressive_flow_250ms,Q1,500,500,1457,99.93136582017844,-10.044193146543735,-10.052741031257533,0.0,-10.052825267427739,-10.052670923860113,-7.426550262295272,-11.896493396867344,10.059623019012696,0.00020386756975973474
ENGINEERING_SAMPLE,aggressive_flow_250ms,Q1,5000,100,1457,99.51956074124914,-9.958105974526084,-10.052726578042815,0.0,-10.897489341044366,-8.99807979635457,-7.426395112210667,-11.896338354184,10.05610769340237,4.897765538371813e-05
ENGINEERING_SAMPLE,aggressive_flow_250ms,Q1,5000,1000,1457,99.51956074124914,-9.958492289380471,-10.052726578042815,0.0,-10.897489341044366,-8.99807979635457,-7.426627403029379,-11.896583586371777,10.05649384457608,0.00043512882909392504
ENGINEERING_SAMPLE,aggressive_flow_250ms,Q1,5000,500,1457,99.51956074124914,-9.958262129365373,-10.052726578042815,0.0,-10.897489341044366,-8.99807979635457,-7.426550262295272,-11.896493396867344,10.056263780579878,0.00020506483289188548
ENGINEERING_SAMPLE,aggressive_flow_250ms,Q1,60000,100,1457,96.70555936856555,-9.510484518591037,-9.683927866262998,0.7097232079489,-13.900338211587698,-4.3077044646384826,-7.426395112210667,-11.896338354184,10.057924457991488,7.863726197046519e-05
ENGINEERING_SAMPLE,aggressive_flow_250ms,Q1,60000,1000,1457,96.70555936856555,-9.510759002542821,-9.683927866262998,0.7097232079489,-13.900338211587698,-4.3077044646384826,-7.426627403029379,-11.896583586371777,10.058198898596348,0.0003530778668309706
ENGINEERING_SAMPLE,aggressive_flow_250ms,Q1,60000,500,1457,96.70555936856555,-9.51066707090913,-9.683927866262998,0.7097232079489,-13.900338211587698,-4.3077044646384826,-7.426550262295272,-11.896493396867344,10.05810699115771,0.00026117042819234917
ENGINEERING_SAMPLE,aggressive_flow_250ms,Q2,1000,100,3808,99.97373949579831,-10.04908960947672,-10.052728940045535,0.0,-10.052826383095557,-10.052668982943777,-7.762589451274705,-11.9145304680845,10.050843120272258,1.0353895976525017e-05
ENGINEERING_SAMPLE,aggressive_flow_250ms,Q2,1000,1000,3808,99.97373949579831,-10.049137486596818,-10.052728940045535,0.0,-10.052826383095557,-10.052668982943777,-7.762621920302215,-11.914562919031239,10.050890972506384,5.820613010239832e-05
ENGINEERING_SAMPLE,aggressive_flow_250ms,Q2,1000,500,3808,99.97373949579831,-10.04911366105972,-10.052728940045535,0.0,-10.052826383095557,-10.052668982943777,-7.762613493385158,-11.914554497982747,10.050867160003419,3.439362713637201e-05
ENGINEERING_SAMPLE,aggressive_flow_250ms,Q2,15000,100,3808,99.52731092436974,-9.972909135472687,-10.052723938407057,0.0,-12.002053712480253,-8.209188588756167,-7.762589451274705,-11.9145304680845,10.052513041469494,2.5470544994132253e-05
ENGINEERING_SAMPLE,aggressive_flow_250ms,Q2,15000,1000,3808,99.52731092436974,-9.973040824906828,-10.052723938407057,0.0,-12.002053712480253,-8.209188588756167,-7.762621920302215,-11.914562919031239,10.052644666733617,0.00015709580911627542
ENGINEERING_SAMPLE,aggressive_flow_250ms,Q2,15000,500,3808,99.52731092436974,-9.972970156533625,-10.052723938407057,0.0,-12.002053712480253,-8.209188588756167,-7.762613493385158,-11.914554497982747,10.05257402617152,8.645524702004068e-05
ENGINEERING_SAMPLE,aggressive_flow_250ms,Q2,250,100,3808,100.0,-10.053297527131486,-10.052728940045535,0.0,-10.052797112385818,-10.052672864919504,-7.762589451274705,-11.9145304680845,10.052259229909076,2.080089540928074e-05
ENGINEERING_SAMPLE,aggressive_flow_250ms,Q2,250,1000,3808,100.0,-10.053342765027152,-10.052728940045535,0.0,-10.052797112385818,-10.052672864919504,-7.762621920302215,-11.914562919031239,10.0523044456426,6.601662893137588e-05
ENGINEERING_SAMPLE,aggressive_flow_250ms,Q2,250,500,3808,100.0,-10.053329820279437,-10.052728940045535,0.0,-10.052797112385818,-10.052672864919504,-7.762613493385158,-11.914554497982747,10.052291507151702,5.3078138034193256e-05
ENGINEERING_SAMPLE,aggressive_flow_250ms,Q2,3000,100,3808,99.92121848739495,-10.040000415301096,-10.052726994851147,0.0,-10.684657131878023,-9.36797885892968,-7.762589451274705,-11.9145304680845,10.053823371380002,3.144762366879374e-05
ENGINEERING_SAMPLE,aggressive_flow_250ms,Q2,3000,1000,3808,99.92121848739495,-10.04019932824446,-10.052726994851147,0.0,-10.684657131878023,-9.36797885892968,-7.762621920302215,-11.914562919031239,10.054022203200145,0.000230279443810617
ENGINEERING_SAMPLE,aggressive_flow_250ms,Q2,3000,500,3808,99.92121848739495,-10.04008820396586,-10.052726994851147,0.0,-10.684657131878023,-9.36797885892968,-7.762613493385158,-11.914554497982747,10.053911114845492,0.00011919108915794537
ENGINEERING_SAMPLE,aggressive_flow_250ms,Q2,30000,100,3808,99.02836134453781,-9.95384568602012,-9.947331571577473,0.0,-12.845023696682464,-7.20507157766018,-7.762589451274705,-11.9145304680845,10.050496891143508,1.04527398521959e-05
ENGINEERING_SAMPLE,aggressive_flow_250ms,Q2,30000,1000,3808,99.02836134453781,-9.953878469667346,-9.947331571577473,0.0,-12.845023696682464,-7.20507157766018,-7.762621920302215,-11.914562919031239,10.05052966466222,4.322625856307979e-05
ENGINEERING_SAMPLE,aggressive_flow_250ms,Q2,30000,500,3808,99.02836134453781,-9.95386996437188,-9.947331571577473,0.0,-12.845023696682464,-7.20507157766018,-7.762613493385158,-11.914554497982747,10.05052116037091,3.4721967252232365e-05
ENGINEERING_SAMPLE,aggressive_flow_250ms,Q2,500,100,3808,99.97373949579831,-10.052271329329486,-10.052729495841723,0.0,-10.052810489255798,-10.052670923860113,-7.762589451274705,-11.9145304680845,10.051399372199397,3.6164770346612375e-05
ENGINEERING_SAMPLE,aggressive_flow_250ms,Q2,500,1000,3808,99.97373949579831,-10.05246336413036,-10.052729495841723,0.0,-10.052810489255798,-10.052670923860113,-7.762621920302215,-11.914562919031239,10.051591304486372,0.00022809705732267495
ENGINEERING_SAMPLE,aggressive_flow_250ms,Q2,500,500,3808,99.97373949579831,-10.052387897439536,-10.052729495841723,0.0,-10.052810489255798,-10.052670923860113,-7.762613493385158,-11.914554497982747,10.051515878401423,0.00015267097237331141
ENGINEERING_SAMPLE,aggressive_flow_250ms,Q2,5000,100,3808,99.86869747899159,-10.01727391024391,-10.05272671697795,0.0,-10.843994020663198,-9.049125104279966,-7.762589451274705,-11.9145304680845,10.048510454735636,4.880202741105926e-05
ENGINEERING_SAMPLE,aggressive_flow_250ms,Q2,5000,1000,3808,99.86869747899159,-10.017479818726443,-10.05272671697795,0.0,-10.844090103771197,-9.049125104279966,-7.762621920302215,-11.914562919031239,10.048716236360525,0.000254583652300269
ENGINEERING_SAMPLE,aggressive_flow_250ms,Q2,5000,500,3808,99.86869747899159,-10.01741453153604,-10.05272671697795,0.0,-10.844090103771197,-9.049125104279966,-7.762613493385158,-11.914554497982747,10.048650988326559,0.0001893356183336991
ENGINEERING_SAMPLE,aggressive_flow_250ms,Q2,60000,100,3808,96.875,-9.709052104443835,-9.947331571577473,0.5421523448088913,-13.900338211587698,-4.727856205637321,-7.762589451274705,-11.9145304680845,10.051132195921966,2.2013987599042843e-05
ENGINEERING_SAMPLE,aggressive_flow_250ms,Q2,60000,1000,3808,96.875,-9.70916939862843,-9.947331571577473,0.5421523448088913,-13.900338211587698,-4.727856205637321,-7.762621920302215,-11.914562919031239,10.051249454305431,0.00013927237106536479
ENGINEERING_SAMPLE,aggressive_flow_250ms,Q2,60000,500,3808,96.875,-9.709102093127056,-9.947331571577473,0.5421523448088913,-13.900338211587698,-4.727856205637321,-7.762613493385158,-11.914554497982747,10.051182162585622,7.198065125512661e-05
ENGINEERING_SAMPLE,aggressive_flow_250ms,Q4,1000,100,1927,99.94810586403736,-10.063687042517625,-10.05274408968377,0.0,-10.210937442992691,-10.052668982943777,-7.908143592764842,-12.059732982842565,10.049076080263765,-7.112523000851694e-25
ENGINEERING_SAMPLE,aggressive_flow_250ms,Q4,1000,1000,1927,99.94810586403736,-10.06383963234706,-10.05274408968377,0.0,-10.210937442992691,-10.052668982943777,-7.908211280555231,-12.059800659209998,10.049228590583004,0.00015251031923766288
ENGINEERING_SAMPLE,aggressive_flow_250ms,Q4,1000,500,1927,99.94810586403736,-10.063740625974544,-10.05274408968377,0.0,-10.210937442992691,-10.052668982943777,-7.90819685174064,-12.059786232830406,10.049129636807677,5.355654391198596e-05
ENGINEERING_SAMPLE,aggressive_flow_250ms,Q4,15000,100,1927,98.49507005708355,-10.104892636283514,-10.052786248667813,0.0,-12.05957872637697,-8.25976154835445,-7.908143592764842,-12.059732982842565,10.047383302598664,-2.220512247470666e-25
ENGINEERING_SAMPLE,aggressive_flow_250ms,Q4,15000,1000,1927,98.49507005708355,-10.104961393549258,-10.052786248667813,0.0,-12.05957872637697,-8.25976154835445,-7.908211280555231,-12.059800659209998,10.047452018626695,6.871602802924297e-05
ENGINEERING_SAMPLE,aggressive_flow_250ms,Q4,15000,500,1927,98.49507005708355,-10.104946736607221,-10.052786248667813,0.0,-12.05957872637697,-8.25976154835445,-7.90819685174064,-12.059786232830406,10.047437370625596,5.406802693179444e-05
ENGINEERING_SAMPLE,aggressive_flow_250ms,Q4,250,100,1927,99.94810586403736,-10.054447572967856,-10.052740892246218,0.0,-10.052822478459198,-10.052672864919504,-7.908143592764842,-12.059732982842565,10.048668222427388,2.9654140390510575e-05
ENGINEERING_SAMPLE,aggressive_flow_250ms,Q4,250,1000,1927,99.94810586403736,-10.054834943890892,-10.052740892246218,0.0,-10.052822478459198,-10.052672864919504,-7.908211280555231,-12.059800659209998,10.049055391358984,0.00041682307198669685
ENGINEERING_SAMPLE,aggressive_flow_250ms,Q4,250,500,1927,99.94810586403736,-10.054576823656063,-10.052740892246218,0.0,-10.052822478459198,-10.052672864919504,-7.90819685174064,-12.059786232830406,10.048797404721984,0.00015883643498689325
ENGINEERING_SAMPLE,aggressive_flow_250ms,Q4,3000,100,1927,99.74052932018682,-10.098479415998879,-10.052750902907759,0.0,-10.791597436506052,-9.420045846178168,-7.908143592764842,-12.059732982842565,10.04690906256937,6.402478469313855e-05
ENGINEERING_SAMPLE,aggressive_flow_250ms,Q4,3000,1000,1927,99.74052932018682,-10.098934109238444,-10.052750902907759,0.0,-10.791597436506052,-9.420045846178168,-7.908211280555231,-12.059800659209998,10.04736345317322,0.0005184153885439078
ENGINEERING_SAMPLE,aggressive_flow_250ms,Q4,3000,500,1927,99.74052932018682,-10.098764540377491,-10.052750902907759,0.0,-10.791597436506052,-9.420045846178168,-7.90819685174064,-12.059786232830406,10.047193999106616,0.0003489613219386693
ENGINEERING_SAMPLE,aggressive_flow_250ms,Q4,30000,100,1927,97.5609756097561,-10.025833585250611,-10.105560801650146,0.0,-12.852745187078243,-7.14298579820303,-7.908143592764842,-12.059732982842565,10.046071738056302,9.28272247262152e-26
ENGINEERING_SAMPLE,aggressive_flow_250ms,Q4,30000,1000,1927,97.5609756097561,-10.026086240215925,-10.105560801650146,0.0,-12.852745187078243,-7.14298579820303,-7.908211280555231,-12.059800659209998,10.04632433464958,0.00025259659327972917
ENGINEERING_SAMPLE,aggressive_flow_250ms,Q4,30000,500,1927,97.5609756097561,-10.025891931090786,-10.105560801650146,0.0,-12.852745187078243,-7.14298579820303,-7.90819685174064,-12.059786232830406,10.046130050949953,5.831289365254721e-05
ENGINEERING_SAMPLE,aggressive_flow_250ms,Q4,500,100,1927,99.94810586403736,-10.053487178193274,-10.052740892246218,0.0,-10.052831683168316,-10.052670923860113,-7.908143592764842,-12.059732982842565,10.045266668788106,7.622810610720451e-05
ENGINEERING_SAMPLE,aggressive_flow_250ms,Q4,500,1000,1927,99.94810586403736,-10.053955273744931,-10.052740892246218,0.0,-10.052831683168316,-10.052670923860113,-7.908211280555231,-12.059800659209998,10.045734515184165,0.0005440745021687179
ENGINEERING_SAMPLE,aggressive_flow_250ms,Q4,500,500,1927,99.94810586403736,-10.053756825161454,-10.052740892246218,0.0,-10.052831683168316,-10.052670923860113,-7.90819685174064,-12.059786232830406,10.045536171223894,0.000345730541895709
ENGINEERING_SAMPLE,aggressive_flow_250ms,Q4,5000,100,1927,99.58484691229891,-10.122689528109014,-10.0527556314857,0.0,-11.109207629646445,-9.103811114565277,-7.908143592764842,-12.059732982842565,10.050040477303986,4.2859829989389646e-05
ENGINEERING_SAMPLE,aggressive_flow_250ms,Q4,5000,1000,1927,99.58484691229891,-10.122811956366897,-10.0527556314857,0.0,-11.109207629646445,-9.103811114565277,-7.908211280555231,-12.059800659209998,10.050162830857358,0.0001652133833611067
ENGINEERING_SAMPLE,aggressive_flow_250ms,Q4,5000,500,1927,99.58484691229891,-10.122784739848065,-10.0527556314857,0.0,-11.109207629646445,-9.103811114565277,-7.90819685174064,-12.059786232830406,10.050135630946992,0.0001380134729962496
ENGINEERING_SAMPLE,aggressive_flow_250ms,Q4,60000,100,1927,96.15983393876492,-9.907828698339037,-10.052668428422527,0.4317323259579061,-14.278914438079147,-5.274509353780211,-7.908143592764842,-12.059732982842565,10.048421474239856,-2.6724603957622423e-25
ENGINEERING_SAMPLE,aggressive_flow_250ms,Q4,60000,1000,1927,96.15983393876492,-9.90801887867783,-10.052668428422527,0.4317323259579061,-14.278914438079147,-5.274509353780211,-7.908211280555231,-12.059800659209998,10.04861157465098,0.0001901004111255429
ENGINEERING_SAMPLE,aggressive_flow_250ms,Q4,60000,500,1927,96.15983393876492,-9.907884381439233,-10.052668428422527,0.4317323259579061,-14.278914438079147,-5.274509353780211,-7.90819685174064,-12.059786232830406,10.048477126564935,5.56523250786853e-05
ENGINEERING_SAMPLE,aggressive_flow_3s,Q1,1000,100,1439,100.0,-10.014980801577845,-10.052726994851147,0.0,-10.052793490649668,-10.05266260665428,-7.353448192093061,-11.784954705182061,10.055421962472192,-6.003494541559596e-25
ENGINEERING_SAMPLE,aggressive_flow_3s,Q1,1000,1000,1439,100.0,-10.015185032301604,-10.052726994851147,0.0,-10.052793490649668,-10.05266260665428,-7.353538834464209,-11.785045332256454,10.05562608677716,0.00020412430496993656
ENGINEERING_SAMPLE,aggressive_flow_3s,Q1,1000,500,1439,100.0,-10.015052519255416,-10.052726994851147,0.0,-10.052793490649668,-10.05266260665428,-7.353519512486642,-11.785026013539655,10.055493644128601,7.168165641034396e-05
ENGINEERING_SAMPLE,aggressive_flow_3s,Q1,15000,100,1439,100.0,-9.836626368328401,-10.052680630587938,0.0,-11.772904536978146,-8.050252023827708,-7.353448192093061,-11.784954705182061,10.06154285196499,-1.2818776530668792e-25
ENGINEERING_SAMPLE,aggressive_flow_3s,Q1,15000,1000,1439,100.0,-9.836956600990458,-10.052680630587938,0.0,-11.772904536978146,-8.050252023827708,-7.353538834464209,-11.785045332256454,10.06187294776176,0.00033009579676923314
ENGINEERING_SAMPLE,aggressive_flow_3s,Q1,15000,500,1439,100.0,-9.836702632085144,-10.052680630587938,0.0,-11.772904536978146,-8.050252023827708,-7.353519512486642,-11.785026013539655,10.061619071433757,7.621946876572683e-05
ENGINEERING_SAMPLE,aggressive_flow_3s,Q1,250,100,1439,100.0,-10.043061927003121,-10.052730885383452,0.0,-10.052786248667813,-10.052680630587938,-7.353448192093061,-11.784954705182061,10.056488256161433,-6.736727613185916e-25
ENGINEERING_SAMPLE,aggressive_flow_3s,Q1,250,1000,1439,100.0,-10.043152607268764,-10.052730885383452,0.0,-10.052786248667813,-10.052680630587938,-7.353538834464209,-11.785045332256454,10.056578890644545,9.063448311292784e-05
ENGINEERING_SAMPLE,aggressive_flow_3s,Q1,250,500,1439,100.0,-10.043133277014965,-10.052730885383452,0.0,-10.052786248667813,-10.052680630587938,-7.353519512486642,-11.785026013539655,10.05655957034845,7.131418701636264e-05
ENGINEERING_SAMPLE,aggressive_flow_3s,Q1,3000,100,1439,100.0,-9.985228241960424,-10.052723938407057,0.0,-10.316329632531525,-9.35659608618944,-7.353448192093061,-11.784954705182061,10.061248674178094,-3.329749878518968e-25
ENGINEERING_SAMPLE,aggressive_flow_3s,Q1,3000,1000,1439,100.0,-9.985318922226067,-10.052723938407057,0.0,-10.316329632531525,-9.35659608618944,-7.353538834464209,-11.785045332256454,10.061339308661207,9.063448311292784e-05
ENGINEERING_SAMPLE,aggressive_flow_3s,Q1,3000,500,1439,100.0,-9.985299591972268,-10.052723938407057,0.0,-10.316329632531525,-9.35659608618944,-7.353519512486642,-11.785026013539655,10.06131998836511,7.131418701636264e-05
ENGINEERING_SAMPLE,aggressive_flow_3s,Q1,30000,100,1439,98.95760945100764,-9.699555629580948,-9.683628860743724,0.0,-12.477202686685105,-6.835639721325158,-7.353448192093061,-11.784954705182061,10.0574560197555,-2.0350808048452143e-25
ENGINEERING_SAMPLE,aggressive_flow_3s,Q1,30000,1000,1439,98.95760945100764,-9.699647273745542,-9.683628860743724,0.0,-12.477202686685105,-6.835639721325158,-7.353538834464209,-11.785045332256454,10.057547608955781,9.158920028054998e-05
ENGINEERING_SAMPLE,aggressive_flow_3s,Q1,30000,500,1439,98.95760945100764,-9.699627738018025,-9.683628860743724,0.0,-12.477202686685105,-6.835639721325158,-7.353519512486642,-11.785026013539655,10.057528085145329,7.2065389829035e-05
ENGINEERING_SAMPLE,aggressive_flow_3s,Q1,500,100,1439,100.0,-10.03210011252273,-10.052730051649625,0.0,-10.052789590874076,-10.052675083448284,-7.353448192093061,-11.784954705182061,10.054834935600587,-6.48015071092508e-25
ENGINEERING_SAMPLE,aggressive_flow_3s,Q1,500,1000,1439,100.0,-10.032344416201795,-10.052730051649625,0.0,-10.052789590874076,-10.052675083448284,-7.353538834464209,-11.785045332256454,10.055079114035307,0.0002441784347194392
ENGINEERING_SAMPLE,aggressive_flow_3s,Q1,500,500,1439,100.0,-10.032176032656084,-10.052730051649625,0.0,-10.052789590874076,-10.052675083448284,-7.353519512486642,-11.785026013539655,10.054910817540902,7.588194031548725e-05
ENGINEERING_SAMPLE,aggressive_flow_3s,Q1,5000,100,1439,100.0,-9.983931595963366,-10.052723938407057,0.0,-10.79115925984501,-9.051034119351865,-7.353448192093061,-11.784954705182061,10.055424353709348,-3.112137358720328e-25
ENGINEERING_SAMPLE,aggressive_flow_3s,Q1,5000,1000,1439,100.0,-9.984022276229009,-10.052723938407057,0.0,-10.79115925984501,-9.051034119351865,-7.353538834464209,-11.785045332256454,10.05551498819246,9.063448311292784e-05
ENGINEERING_SAMPLE,aggressive_flow_3s,Q1,5000,500,1439,100.0,-9.98400294597521,-10.052723938407057,0.0,-10.79115925984501,-9.051034119351865,-7.353519512486642,-11.785026013539655,10.055495667896365,7.131418701636264e-05
ENGINEERING_SAMPLE,aggressive_flow_3s,Q1,60000,100,1439,97.77623349548297,-9.496818268956233,-9.736177326807864,0.8528784648187633,-13.900338211587698,-4.388726236906233,-7.353448192093061,-11.784954705182061,10.062064433363432,-3.14476292385177e-25
ENGINEERING_SAMPLE,aggressive_flow_3s,Q1,60000,1000,1439,97.77623349548297,-9.49701091432099,-9.736177326807864,0.8528784648187633,-13.900338211587698,-4.388726236906233,-7.353538834464209,-11.785045332256454,10.062256949933117,0.00019251656968542977
ENGINEERING_SAMPLE,aggressive_flow_3s,Q1,60000,500,1439,97.77623349548297,-9.496932707989364,-9.736177326807864,0.8528784648187633,-13.900338211587698,-4.388726236906233,-7.353519512486642,-11.785026013539655,10.062178805405631,0.00011437204220054659
ENGINEERING_SAMPLE,aggressive_flow_3s,Q2,1000,100,1440,100.0,-9.996756247619073,-10.052740892246218,0.0,-10.052828614575523,-9.947273005148853,-7.053338083069731,-11.934096524635326,10.045993220996456,6.300282590662134e-05
ENGINEERING_SAMPLE,aggressive_flow_3s,Q2,1000,1000,1440,100.0,-9.997008447749035,-10.052740892246218,0.0,-10.052828614575523,-9.994727300514878,-7.05359026284791,-11.934348530383927,10.046245296244283,0.00031507807373295187
ENGINEERING_SAMPLE,aggressive_flow_3s,Q2,1000,500,1440,100.0,-9.996931486690404,-10.052740892246218,0.0,-10.052828614575523,-9.994727300514878,-7.053513305221168,-11.934271623300173,10.046168372022628,0.0002381538520774549
ENGINEERING_SAMPLE,aggressive_flow_3s,Q2,15000,100,1440,99.86111111111111,-9.671340003322474,-10.0,0.0,-11.633056554498403,-7.416649540762287,-7.053338083069731,-11.934096524635326,10.052571334026926,9.121778446275924e-05
ENGINEERING_SAMPLE,aggressive_flow_3s,Q2,15000,1000,1440,99.86111111111111,-9.671633278706281,-10.0,0.0,-11.633056554498403,-7.416649540762287,-7.05359026284791,-11.934348530383927,10.052864436864354,0.00038432062189220126
ENGINEERING_SAMPLE,aggressive_flow_3s,Q2,15000,500,1440,99.86111111111111,-9.67155168663641,-10.0,0.0,-11.633056554498403,-7.416649540762287,-7.053513305221168,-11.934271623300173,10.052782885988446,0.0003027697459836198
ENGINEERING_SAMPLE,aggressive_flow_3s,Q2,250,100,1440,100.0,-10.039402573780686,-10.05274256046259,0.0,-10.05281968978661,-10.052672864919504,-7.053338083069731,-11.934096524635326,10.047813945399012,9.063652572322571e-05
ENGINEERING_SAMPLE,aggressive_flow_3s,Q2,250,1000,1440,100.0,-10.039928012151366,-10.052743950656334,0.0,-10.05281968978661,-10.052672864919504,-7.05359026284791,-11.934348530383927,10.048339117950327,0.0006158090770384631
ENGINEERING_SAMPLE,aggressive_flow_3s,Q2,250,500,1440,100.0,-10.03960455238897,-10.052743950656334,0.0,-10.05281968978661,-10.052672864919504,-7.053513305221168,-11.934271623300173,10.048015822686528,0.00029251381323907964
ENGINEERING_SAMPLE,aggressive_flow_3s,Q2,3000,100,1440,100.0,-9.90152317419171,-10.05272671697795,0.0,-10.633541945901449,-9.05045871559633,-7.053338083069731,-11.934096524635326,10.053430418382327,0.00010221287184522323
ENGINEERING_SAMPLE,aggressive_flow_3s,Q2,3000,1000,1440,100.0,-9.902098317970895,-10.05272671697795,0.0,-10.633541945901449,-9.05045871559633,-7.05359026284791,-11.934348530383927,10.054005343127239,0.000677137616757018
ENGINEERING_SAMPLE,aggressive_flow_3s,Q2,3000,500,1440,100.0,-9.901745104156394,-10.05272671697795,0.0,-10.633541945901449,-9.05045871559633,-7.053513305221168,-11.934271623300173,10.053652255473535,0.00032404996305246734
ENGINEERING_SAMPLE,aggressive_flow_3s,Q2,30000,100,1440,98.47222222222223,-9.451558812957552,-9.630652153276587,0.0,-12.27149849258436,-6.14607518257419,-7.053338083069731,-11.934096524635326,10.053343436271582,8.568541449878057e-05
ENGINEERING_SAMPLE,aggressive_flow_3s,Q2,30000,1000,1440,98.47222222222223,-9.452050111333934,-9.630652153276587,0.0,-12.27149849258436,-6.14607518257419,-7.05359026284791,-11.934348530383927,10.053834584020823,0.0005768331637400343
ENGINEERING_SAMPLE,aggressive_flow_3s,Q2,30000,500,1440,98.47222222222223,-9.451893781606135,-9.630652153276587,0.0,-12.27149849258436,-6.14607518257419,-7.053513305221168,-11.934271623300173,10.053678295526662,0.0004205446695787181
ENGINEERING_SAMPLE,aggressive_flow_3s,Q2,500,100,1440,100.0,-10.021532208809111,-10.052741170268845,0.0,-10.052825546339172,-10.052668982943777,-7.053338083069731,-11.934096524635326,10.04017848579318,9.063419038406703e-05
ENGINEERING_SAMPLE,aggressive_flow_3s,Q2,500,1000,1440,100.0,-10.021818160402493,-10.052741170268845,0.0,-10.052825546339172,-10.052668982943777,-7.05359026284791,-11.934348530383927,10.040464305129701,0.0003764535269060655
ENGINEERING_SAMPLE,aggressive_flow_3s,Q2,500,500,1440,100.0,-10.021729249572754,-10.052741170268845,0.0,-10.052825546339172,-10.052668982943777,-7.053513305221168,-11.934271623300173,10.040375433310711,0.00028758170791495227
ENGINEERING_SAMPLE,aggressive_flow_3s,Q2,5000,100,1440,100.0,-9.83201050767678,-10.052723938407057,0.0,-10.792479432234625,-8.680185662505018,-7.053338083069731,-11.934096524635326,10.04812954735215,0.00011966121026799032
ENGINEERING_SAMPLE,aggressive_flow_3s,Q2,5000,1000,1440,100.0,-9.832537745129432,-10.052723938407057,0.0,-10.792479432234625,-8.680185662505018,-7.05359026284791,-11.934348530383927,10.048656566259014,0.0006466801171316183
ENGINEERING_SAMPLE,aggressive_flow_3s,Q2,5000,500,1440,100.0,-9.832264589410926,-10.052723938407057,0.0,-10.792479432234625,-8.680185662505018,-7.053513305221168,-11.934271623300173,10.048383520641469,0.00037363449958600513
ENGINEERING_SAMPLE,aggressive_flow_3s,Q2,60000,100,1440,96.59722222222223,-9.091689968750284,-9.103726109111603,0.6470165348670022,-13.909482622057473,-3.468702290076336,-7.053338083069731,-11.934096524635326,10.050524877286932,9.382197779692948e-05
ENGINEERING_SAMPLE,aggressive_flow_3s,Q2,60000,1000,1440,96.59722222222223,-9.091985881942197,-9.103726109111603,0.6470165348670022,-13.909482622057473,-3.468702290076336,-7.05359026284791,-11.934348530383927,10.05082076343165,0.00038970812251485216
ENGINEERING_SAMPLE,aggressive_flow_3s,Q2,60000,500,1440,96.59722222222223,-9.091893865664618,-9.103726109111603,0.6470165348670022,-13.909482622057473,-3.468702290076336,-7.053513305221168,-11.934271623300173,10.050728754445544,0.0002976991364086134
ENGINEERING_SAMPLE,aggressive_flow_3s,Q3,1000,100,1437,100.0,-10.072994164011618,-10.052750624782512,0.0,-10.12657219585406,-10.052671755725191,-7.784488859398421,-11.916246653483903,10.054827709710162,-3.995207069916749e-25
ENGINEERING_SAMPLE,aggressive_flow_3s,Q3,1000,1000,1437,100.0,-10.072994164011618,-10.052750624782512,0.0,-10.12657219585406,-10.052671755725191,-7.784488859398421,-11.916246653483903,10.054827709710162,-3.995207069916749e-25
ENGINEERING_SAMPLE,aggressive_flow_3s,Q3,1000,500,1437,100.0,-10.072994164011618,-10.052750624782512,0.0,-10.12657219585406,-10.052671755725191,-7.784488859398421,-11.916246653483903,10.054827709710162,0.0
ENGINEERING_SAMPLE,aggressive_flow_3s,Q3,15000,100,1437,99.23451635351427,-9.981327656224238,-10.052766204314118,0.0,-11.896742552239644,-8.050252023827708,-7.784488859398421,-11.916246653483903,10.051871191665116,-1.5153912105138773e-25
ENGINEERING_SAMPLE,aggressive_flow_3s,Q3,15000,1000,1437,99.23451635351427,-9.981368791818912,-10.052766204314118,0.0,-11.896742552239644,-8.050252023827708,-7.784488859398421,-11.916246653483903,10.051912295307023,4.110364190624383e-05
ENGINEERING_SAMPLE,aggressive_flow_3s,Q3,15000,500,1437,99.23451635351427,-9.981327656224238,-10.052766204314118,0.0,-11.896742552239644,-8.050252023827708,-7.784488859398421,-11.916246653483903,10.051871191665116,0.0
ENGINEERING_SAMPLE,aggressive_flow_3s,Q3,250,100,1437,100.0,-10.054790778373503,-10.052741170268845,0.0,-10.052813946049364,-10.052680630587938,-7.784488859398421,-11.916246653483903,10.054174111179194,2.14246730001433e-05
ENGINEERING_SAMPLE,aggressive_flow_3s,Q3,250,1000,1437,100.0,-10.055022976196817,-10.052741170268845,0.0,-10.052813946049364,-10.052680630587938,-7.784488859398421,-11.916246653483903,10.054406189898891,0.0002535033926967119
ENGINEERING_SAMPLE,aggressive_flow_3s,Q3,250,500,1437,100.0,-10.054945832360637,-10.052741170268845,0.0,-10.052813946049364,-10.052680630587938,-7.784488859398421,-11.916246653483903,10.054329085632894,0.0001763991266984002
ENGINEERING_SAMPLE,aggressive_flow_3s,Q3,3000,100,1437,100.0,-10.056855102199975,-10.052752293577981,0.0,-10.737408462271452,-9.419958328755932,-7.784488859398421,-11.916246653483903,10.05069224162692,4.49472278868749e-05
ENGINEERING_SAMPLE,aggressive_flow_3s,Q3,3000,1000,1437,100.0,-10.057233582114485,-10.052752293577981,0.0,-10.737408462271452,-9.419958328755932,-7.784488859398421,-11.916246653483903,10.051070451721655,0.0004231573226209272
ENGINEERING_SAMPLE,aggressive_flow_3s,Q3,3000,500,1437,100.0,-10.057084874535832,-10.052752293577981,0.0,-10.737408462271452,-9.419958328755932,-7.784488859398421,-11.916246653483903,10.050921848482275,0.0002745540832406832
ENGINEERING_SAMPLE,aggressive_flow_3s,Q3,30000,100,1437,98.46903270702853,-9.878926339941156,-10.052722271405084,0.0,-12.586103213078088,-6.991291733037056,-7.784488859398421,-11.916246653483903,10.05066966247934,2.238343876398832e-25
ENGINEERING_SAMPLE,aggressive_flow_3s,Q3,30000,1000,1437,98.46903270702853,-9.878926339941156,-10.052722271405084,0.0,-12.586103213078088,-6.991291733037056,-7.784488859398421,-11.916246653483903,10.05066966247934,2.238343876398832e-25
ENGINEERING_SAMPLE,aggressive_flow_3s,Q3,30000,500,1437,98.46903270702853,-9.878926339941156,-10.052722271405084,0.0,-12.586103213078088,-6.991291733037056,-7.784488859398421,-11.916246653483903,10.05066966247934,0.0
ENGINEERING_SAMPLE,aggressive_flow_3s,Q3,500,100,1437,100.0,-10.064812525967286,-10.052750624782512,0.0,-10.052831125215839,-10.052672864919504,-7.784488859398421,-11.916246653483903,10.057578952955659,5.051560235384728e-05
ENGINEERING_SAMPLE,aggressive_flow_3s,Q3,500,1000,1437,100.0,-10.06513212713203,-10.052750624782512,0.0,-10.052831125215839,-10.052672864919504,-7.784488859398421,-11.916246653483903,10.057898374039242,0.00036993668593855554
ENGINEERING_SAMPLE,aggressive_flow_3s,Q3,500,500,1437,100.0,-10.065024418183825,-10.052750624782512,0.0,-10.052831125215839,-10.052672864919504,-7.784488859398421,-11.916246653483903,10.05779072598518,0.0002622886318750515
ENGINEERING_SAMPLE,aggressive_flow_3s,Q3,5000,100,1437,100.0,-10.035478630238986,-10.052750624782512,0.0,-11.00261075949367,-8.998276843303403,-7.784488859398421,-11.916246653483903,10.050047179098794,8.075398371209214e-05
ENGINEERING_SAMPLE,aggressive_flow_3s,Q3,5000,1000,1437,100.0,-10.035656727165474,-10.052750624782512,0.0,-11.00261075949367,-8.998276843303403,-7.784488859398421,-11.916246653483903,10.050225156359772,0.0002587312446908413
ENGINEERING_SAMPLE,aggressive_flow_3s,Q3,5000,500,1437,100.0,-10.035608965129368,-10.052750624782512,0.0,-11.00261075949367,-8.998276843303403,-7.784488859398421,-11.916246653483903,10.050177425726552,0.0002110006114691276
ENGINEERING_SAMPLE,aggressive_flow_3s,Q3,60000,100,1437,96.72929714683369,-9.717013500617345,-9.683678039783954,0.5035971223021583,-14.277491581247558,-4.665818022796308,-7.784488859398421,-11.916246653483903,10.051385212301877,3.0066416021754182e-05
ENGINEERING_SAMPLE,aggressive_flow_3s,Q3,60000,1000,1437,96.72929714683369,-9.717046544706475,-9.683678039783954,0.5035971223021583,-14.277491581247558,-4.665818022796308,-7.784488859398421,-11.916246653483903,10.051418227237106,6.308135124795619e-05
ENGINEERING_SAMPLE,aggressive_flow_3s,Q3,60000,500,1437,96.72929714683369,-9.717033660535764,-9.683678039783954,0.5035971223021583,-14.277491581247558,-4.665818022796308,-7.784488859398421,-11.916246653483903,10.051405354433749,5.020854789195225e-05
ENGINEERING_SAMPLE,aggressive_flow_3s,Q4,1000,100,1437,100.0,-10.076815028031657,-10.052736722258533,0.0,-10.158308150518906,-10.052668982943777,-8.140488010564683,-12.143336982743095,10.049083075453373,-7.735229402151949e-25
ENGINEERING_SAMPLE,aggressive_flow_3s,Q4,1000,1000,1437,100.0,-10.076815028031657,-10.052736722258533,0.0,-10.158308150518906,-10.052668982943777,-8.140488010564683,-12.143336982743095,10.049083075453373,-7.735229402151949e-25
ENGINEERING_SAMPLE,aggressive_flow_3s,Q4,1000,500,1437,100.0,-10.076815028031657,-10.052736722258533,0.0,-10.158308150518906,-10.052668982943777,-8.140488010564683,-12.143336982743095,10.049083075453373,0.0
ENGINEERING_SAMPLE,aggressive_flow_3s,Q4,15000,100,1437,98.74739039665971,-10.169771221971827,-10.10547733634145,0.0,-12.00654439899723,-8.468891820580476,-8.140488010564683,-12.143336982743095,10.048954045659437,2.8036948098398683e-05
ENGINEERING_SAMPLE,aggressive_flow_3s,Q4,15000,1000,1437,98.74739039665971,-10.16986314818409,-10.10547733634145,0.0,-12.00654439899723,-8.468891820580476,-8.140488010564683,-12.143336982743095,10.049045933831591,0.00011992512025424313
ENGINEERING_SAMPLE,aggressive_flow_3s,Q4,15000,500,1437,98.74739039665971,-10.169834451596847,-10.10547733634145,0.0,-12.00654439899723,-8.468891820580476,-8.140488010564683,-12.143336982743095,10.049017247882407,9.123917106944467e-05
ENGINEERING_SAMPLE,aggressive_flow_3s,Q4,250,100,1437,100.0,-10.063692707975676,-10.052734498534713,0.0,-10.052813834532488,-10.052671755725191,-8.140488010564683,-12.143336982743095,10.054120797977314,1.1599978008439928e-05
ENGINEERING_SAMPLE,aggressive_flow_3s,Q4,250,1000,1437,100.0,-10.06374265609611,-10.052734498534713,0.0,-10.052813834532488,-10.052671755725191,-8.140488010564683,-12.143336982743095,10.054170719427088,6.152142778215423e-05
ENGINEERING_SAMPLE,aggressive_flow_3s,Q4,250,500,1437,100.0,-10.063712759803012,-10.052734498534713,0.0,-10.052813834532488,-10.052671755725191,-8.140488010564683,-12.143336982743095,10.054140839097633,3.164109832606576e-05
ENGINEERING_SAMPLE,aggressive_flow_3s,Q4,3000,100,1437,100.0,-10.114926115633093,-10.0527556314857,0.0,-10.790863243764525,-9.63059370846256,-8.140488010564683,-12.143336982743095,10.052516254422535,5.7233771490825155e-05
ENGINEERING_SAMPLE,aggressive_flow_3s,Q4,3000,1000,1437,100.0,-10.115125053484851,-10.0527556314857,0.0,-10.790863243764525,-9.63059370846256,-8.140488010564683,-12.143336982743095,10.052715068630555,0.00025604797950971165
ENGINEERING_SAMPLE,aggressive_flow_3s,Q4,3000,500,1437,100.0,-10.115087595676608,-10.0527556314857,0.0,-10.790863243764525,-9.63059370846256,-8.140488010564683,-12.143336982743095,10.05267763448857,0.00021861383752323123
ENGINEERING_SAMPLE,aggressive_flow_3s,Q4,30000,100,1437,98.60821155184412,-10.158951811191686,-10.263931243339066,0.0,-13.055791939593975,-7.202122158671197,-8.140488010564683,-12.143336982743095,10.047432550660387,5.661572156062587e-05
ENGINEERING_SAMPLE,aggressive_flow_3s,Q4,30000,1000,1437,98.60821155184412,-10.159270520315367,-10.263931243339066,0.0,-13.055791939593975,-7.202122158671197,-8.140488010564683,-12.143336982743095,10.047751217331303,0.0003752823924748187
ENGINEERING_SAMPLE,aggressive_flow_3s,Q4,30000,500,1437,98.60821155184412,-10.159015619685992,-10.263931243339066,0.0,-13.055791939593975,-7.202122158671197,-8.140488010564683,-12.143336982743095,10.047496340849682,0.00012040591085417995
ENGINEERING_SAMPLE,aggressive_flow_3s,Q4,500,100,1437,100.0,-10.069079575992703,-10.052736166309996,0.0,-10.052831125215839,-10.052670923860113,-8.140488010564683,-12.143336982743095,10.052866312119711,4.068022272006545e-05
ENGINEERING_SAMPLE,aggressive_flow_3s,Q4,500,1000,1437,100.0,-10.06920226853845,-10.052736166309996,0.0,-10.052831125215839,-10.052670923860113,-8.140488010564683,-12.143336982743095,10.052988935561816,0.00016330366482478415
ENGINEERING_SAMPLE,aggressive_flow_3s,Q4,500,500,1437,100.0,-10.069119114975111,-10.052736166309996,0.0,-10.052831125215839,-10.052670923860113,-8.140488010564683,-12.143336982743095,10.052905830296531,8.019839953977543e-05
ENGINEERING_SAMPLE,aggressive_flow_3s,Q4,5000,100,1437,100.0,-10.134413980377252,-10.052764256369418,0.0,-11.107301905188542,-9.156945665969738,-8.140488010564683,-12.143336982743095,10.051596096112641,2.1428875390827154e-05
ENGINEERING_SAMPLE,aggressive_flow_3s,Q4,5000,1000,1437,100.0,-10.134646258931214,-10.052764256369418,0.0,-11.107301905188542,-9.156945665969738,-8.140488010564683,-12.143336982743095,10.051828191794714,0.00025352455746433786
ENGINEERING_SAMPLE,aggressive_flow_3s,Q4,5000,500,1437,100.0,-10.13456911509498,-10.052764256369418,0.0,-11.107301905188542,-9.156945665969738,-8.140488010564683,-12.143336982743095,10.051751108693484,0.00017644145623365212
ENGINEERING_SAMPLE,aggressive_flow_3s,Q4,60000,100,1437,97.28601252609603,-10.164405129772302,-10.421793730007746,0.6437768240343348,-14.275912641416623,-5.409437066883247,-8.140488010564683,-12.143336982743095,10.04648944650706,-1.9965352295840551e-25
ENGINEERING_SAMPLE,aggressive_flow_3s,Q4,60000,1000,1437,97.28601252609603,-10.164405129772302,-10.421793730007746,0.6437768240343348,-14.275912641416623,-5.409437066883247,-8.140488010564683,-12.143336982743095,10.04648944650706,-1.9965352295840551e-25
ENGINEERING_SAMPLE,aggressive_flow_3s,Q4,60000,500,1437,97.28601252609603,-10.164405129772302,-10.421793730007746,0.6437768240343348,-14.275912641416623,-5.409437066883247,-8.140488010564683,-12.143336982743095,10.04648944650706,0.0
ENGINEERING_SAMPLE,aggressive_flow_3s,Q5,1000,100,1439,99.72202918693537,-10.083727802315659,-10.052726439107682,0.0,-10.263409258970519,-10.052669814747548,-8.337381131370893,-11.970400293884037,10.054039715851957,1.3735758176646204e-05
ENGINEERING_SAMPLE,aggressive_flow_3s,Q5,1000,1000,1439,99.72202918693537,-10.083837467362999,-10.052726439107682,0.0,-10.263409258970519,-10.052669814747548,-8.337449781307072,-11.97048217357291,10.054149320479318,0.0001233403855376367
ENGINEERING_SAMPLE,aggressive_flow_3s,Q5,1000,500,1439,99.72202918693537,-10.083773201916435,-10.052726439107682,0.0,-10.263409258970519,-10.052669814747548,-8.337426424125916,-11.970445569212341,10.05408509240952,5.911231573993517e-05
ENGINEERING_SAMPLE,aggressive_flow_3s,Q5,15000,100,1439,97.91521890201528,-10.295672779558066,-10.052766204314118,0.0,-12.212842819227367,-8.468891820580476,-8.337381131370893,-11.970400293884037,10.050105511846354,2.5819582524275874e-05
ENGINEERING_SAMPLE,aggressive_flow_3s,Q5,15000,1000,1439,97.91521890201528,-10.295793805380907,-10.052766204314118,0.0,-12.212842819227367,-8.468891820580476,-8.337449781307072,-11.97048217357291,10.050226473571241,0.00014678130741058455
ENGINEERING_SAMPLE,aggressive_flow_3s,Q5,15000,500,1439,97.91521890201528,-10.295739468429698,-10.052766204314118,0.0,-12.212842819227367,-8.468891820580476,-8.337426424125916,-11.970445569212341,10.050172165218736,9.247295490445799e-05
ENGINEERING_SAMPLE,aggressive_flow_3s,Q5,250,100,1439,99.86101459346769,-10.059960811885416,-10.052722271405084,0.0,-10.052801013272818,-10.052670923860113,-8.337381131370893,-11.970400293884037,10.05182220685424,4.1861878202840985e-05
ENGINEERING_SAMPLE,aggressive_flow_3s,Q5,250,1000,1439,99.86101459346769,-10.06016799075335,-10.052722271405084,0.0,-10.052801013272818,-10.052670923860113,-8.337449781307072,-11.97048217357291,10.052029275607826,0.0002489306317893811
ENGINEERING_SAMPLE,aggressive_flow_3s,Q5,250,500,1439,99.86101459346769,-10.060082942092357,-10.052722271405084,0.0,-10.052801013272818,-10.052670923860113,-8.337426424125916,-11.970445569212341,10.0519442715178,0.0001639265417632297
ENGINEERING_SAMPLE,aggressive_flow_3s,Q5,3000,100,1439,99.09659485753996,-10.157374866020412,-10.05272782848831,0.0,-10.844039219358617,-9.630944100164411,-8.337381131370893,-11.970400293884037,10.049790348148237,1.3822449497536678e-05
ENGINEERING_SAMPLE,aggressive_flow_3s,Q5,3000,1000,1439,99.09659485753996,-10.157501504167584,-10.05272782848831,0.0,-10.844039219358617,-9.630944100164411,-8.337449781307072,-11.97048217357291,10.049916920926027,0.00014039522728722325
ENGINEERING_SAMPLE,aggressive_flow_3s,Q5,3000,500,1439,99.09659485753996,-10.157461454358575,-10.05272782848831,0.0,-10.844039219358617,-9.630944100164411,-8.337426424125916,-11.970445569212341,10.04987689145788,0.00010036575913915463
ENGINEERING_SAMPLE,aggressive_flow_3s,Q5,30000,100,1439,97.0813064628214,-10.39886788202753,-10.26361135702542,0.0,-13.32293896228504,-8.206809663628553,-8.337381131370893,-11.970400293884037,10.050597316129156,1.4109386530771154e-05
ENGINEERING_SAMPLE,aggressive_flow_3s,Q5,30000,1000,1439,97.0813064628214,-10.398938564179705,-10.26361135702542,0.0,-13.32293896228504,-8.206809663628553,-8.337449781307072,-11.97048217357291,10.050667966182129,8.475943950469015e-05
ENGINEERING_SAMPLE,aggressive_flow_3s,Q5,30000,500,1439,97.0813064628214,-10.398914512370306,-10.26361135702542,0.0,-13.32293896228504,-8.206809663628553,-8.337426424125916,-11.970445569212341,10.050643926981055,6.072023843006941e-05
ENGINEERING_SAMPLE,aggressive_flow_3s,Q5,500,100,1439,99.79152189020152,-10.067222253405363,-10.052723521649977,0.0,-10.052807701848929,-10.052670923860113,-8.337381131370893,-11.970400293884037,10.051512519753121,6.542519400706923e-05
ENGINEERING_SAMPLE,aggressive_flow_3s,Q5,500,1000,1439,99.79152189020152,-10.067620581053454,-10.052723521649977,0.0,-10.052807701848929,-10.052670923860113,-8.337449781307072,-11.97048217357291,10.051910629308537,0.00046353474942449613
ENGINEERING_SAMPLE,aggressive_flow_3s,Q5,500,500,1439,99.79152189020152,-10.067525003241428,-10.052723521649977,0.0,-10.052807701848929,-10.052670923860113,-8.337426424125916,-11.970445569212341,10.051815103585179,0.0003680090260667703
ENGINEERING_SAMPLE,aggressive_flow_3s,Q5,5000,100,1439,98.61014593467686,-10.184129083199599,-10.052736722258533,0.0,-11.16072181910226,-9.262257522529403,-8.337381131370893,-11.970400293884037,10.047037005698188,1.3890636351999509e-05
ENGINEERING_SAMPLE,aggressive_flow_3s,Q5,5000,1000,1439,98.61014593467686,-10.18419867158954,-10.052736722258533,0.0,-11.16072181910226,-9.262257522529403,-8.337449781307072,-11.97048217357291,10.047106560401502,8.344533966740813e-05
ENGINEERING_SAMPLE,aggressive_flow_3s,Q5,5000,500,1439,98.61014593467686,-10.18417499470567,-10.052736722258533,0.0,-11.16072181910226,-9.262257522529403,-8.337426424125916,-11.970445569212341,10.04708289390122,5.977883938464198e-05
ENGINEERING_SAMPLE,aggressive_flow_3s,Q5,60000,100,1439,94.85753995830437,-10.14734160423257,-10.0527556314857,0.07326007326007326,-13.846435399013066,-6.361779834306554,-8.337381131370893,-11.970400293884037,10.048311187155775,1.4440156031858831e-05
ENGINEERING_SAMPLE,aggressive_flow_3s,Q5,60000,1000,1439,94.85753995830437,-10.147666330782583,-10.0527556314857,0.07326007326007326,-13.846435399013066,-6.361779834306554,-8.337449781307072,-11.97048217357291,10.048635853712447,0.00033910671270357583
ENGINEERING_SAMPLE,aggressive_flow_3s,Q5,60000,500,1439,94.85753995830437,-10.147394458913306,-10.0527556314857,0.07326007326007326,-13.846435399013066,-6.361779834306554,-8.337426424125916,-11.970445569212341,10.048364028077021,6.728107727737875e-05
ENGINEERING_SAMPLE,book_age_ms,Q1,1000,100,7192,99.94438264738598,-10.04901385299543,-10.052736166309996,0.0,-10.05283252011913,-10.052668982943777,-7.733523100694014,-11.949757491878085,10.05187106744017,1.5363784403035898e-05
ENGINEERING_SAMPLE,book_age_ms,Q1,1000,1000,7192,99.94438264738598,-10.049127156493142,-10.052736166309996,0.0,-10.05283252011913,-10.052668982943777,-7.733605466409615,-11.949842465265741,10.051984312553135,0.00012860889736695855
ENGINEERING_SAMPLE,book_age_ms,Q1,1000,500,7192,99.94438264738598,-10.04907238032262,-10.052736166309996,0.0,-10.05283252011913,-10.052668982943777,-7.733581518289085,-11.94981587885153,10.051929565317376,7.386166161002045e-05
ENGINEERING_SAMPLE,book_age_ms,Q1,15000,100,7192,99.15183537263626,-9.989226450280942,-10.052736166309996,0.0,-11.955154274366476,-8.155089933932542,-7.733523100694014,-11.949757491878085,10.053034710223677,2.9075220191527167e-05
ENGINEERING_SAMPLE,book_age_ms,Q1,15000,1000,7192,99.15183537263626,-9.98940266158934,-10.052736166309996,0.0,-11.955154274366476,-8.155089933932542,-7.733605466409615,-11.949842465265741,10.0532108324943,0.00020519749081089614
ENGINEERING_SAMPLE,book_age_ms,Q1,15000,500,7192,99.15183537263626,-9.989310285873344,-10.052736166309996,0.0,-11.955154274366476,-8.155089933932542,-7.733581518289085,-11.94981587885153,10.053118497924183,0.000112862920696431
ENGINEERING_SAMPLE,book_age_ms,Q1,250,100,7192,99.972191323693,-10.052173890926953,-10.052736166309996,0.0,-10.052810489255798,-10.052672864919504,-7.733523100694014,-11.949757491878085,10.052882750722992,3.311940744342999e-05
ENGINEERING_SAMPLE,book_age_ms,Q1,250,1000,7192,99.972191323693,-10.05239507033035,-10.052736166309996,0.0,-10.052810489255798,-10.052672864919504,-7.733605466409615,-11.949842465265741,10.053103816583567,0.00025418526801729643
ENGINEERING_SAMPLE,book_age_ms,Q1,250,500,7192,99.972191323693,-10.05228802862177,-10.052736166309996,0.0,-10.052810489255798,-10.052672864919504,-7.733581518289085,-11.94981587885153,10.052996829820424,0.00014719850487548527
ENGINEERING_SAMPLE,book_age_ms,Q1,3000,100,7192,99.81924360400446,-10.04293118540024,-10.052730885383452,0.0,-10.737792994469318,-9.367005852269731,-7.733523100694014,-11.949757491878085,10.053543430825364,4.370127379110792e-05
ENGINEERING_SAMPLE,book_age_ms,Q1,3000,1000,7192,99.81924360400446,-10.043205461939074,-10.052730885383452,0.0,-10.737792994469318,-9.367005852269731,-7.733605466409615,-11.949842465265741,10.05381756250917,0.0003178329575989577
ENGINEERING_SAMPLE,book_age_ms,Q1,3000,500,7192,99.81924360400446,-10.043085518379149,-10.052730885383452,0.0,-10.737792994469318,-9.367005852269731,-7.733581518289085,-11.94981587885153,10.0536976759141,0.00019794636252713166
ENGINEERING_SAMPLE,book_age_ms,Q1,30000,100,7192,98.31757508342604,-9.915939970579112,-10.052675083448284,0.0,-12.845023696682464,-6.991691723373951,-7.733523100694014,-11.949757491878085,10.05190953360082,3.1316250628505874e-05
ENGINEERING_SAMPLE,book_age_ms,Q1,30000,1000,7192,98.31757508342604,-9.916134782654197,-10.052675083448284,0.0,-12.845023696682464,-6.991691723373951,-7.733605466409615,-11.949842465265741,10.052104289551366,0.0002260722011749034
ENGINEERING_SAMPLE,book_age_ms,Q1,30000,500,7192,98.31757508342604,-9.916043665556254,-10.052675083448284,0.0,-12.845023696682464,-6.991691723373951,-7.733581518289085,-11.94981587885153,10.052013190452348,0.0001349731021561799
ENGINEERING_SAMPLE,book_age_ms,Q1,500,100,7192,99.95828698553949,-10.050929551956035,-10.052736166309996,0.0,-10.05281968978661,-10.052670923860113,-7.733523100694014,-11.949757491878085,10.05139050162056,4.945224834864662e-05
ENGINEERING_SAMPLE,book_age_ms,Q1,500,1000,7192,99.95828698553949,-10.051203706616388,-10.052736166309996,0.0,-10.05281968978661,-10.052670923860113,-7.733605466409615,-11.949842465265741,10.051664511346134,0.0003234619739221732
ENGINEERING_SAMPLE,book_age_ms,Q1,500,500,7192,99.95828698553949,-10.05109494953136,-10.052736166309996,0.0,-10.05281968978661,-10.052670923860113,-7.733581518289085,-11.94981587885153,10.051555811730966,0.00021476235875455638
ENGINEERING_SAMPLE,book_age_ms,Q1,5000,100,7192,99.72191323692992,-10.033517505320916,-10.052730885383452,0.0,-11.002082235108066,-9.05045871559633,-7.733523100694014,-11.949757491878085,10.050455812986531,4.72475912298227e-05
ENGINEERING_SAMPLE,book_age_ms,Q1,5000,1000,7192,99.72191323692992,-10.03373755082075,-10.052730885383452,0.0,-11.002082235108066,-9.05045871559633,-7.733605466409615,-11.949842465265741,10.050675738138548,0.0002671727432451308
ENGINEERING_SAMPLE,book_age_ms,Q1,5000,500,7192,99.72191323692992,-10.033649116952006,-10.052730885383452,0.0,-11.002082235108066,-9.05045871559633,-7.733581518289085,-11.94981587885153,10.050587348889291,0.00017878349398997416
ENGINEERING_SAMPLE,book_age_ms,Q1,60000,100,7192,96.64905450500557,-9.721791465689874,-9.947331571577473,0.546683930369731,-14.057412664387927,-4.6707257902897465,-7.733523100694014,-11.949757491878085,10.051786393876073,2.762329195356848e-05
ENGINEERING_SAMPLE,book_age_ms,Q1,60000,1000,7192,96.64905450500557,-9.721960052987072,-9.947331571577473,0.546683930369731,-14.057412664387927,-4.6707257902897465,-7.733605466409615,-11.949842465265741,10.051954932079306,0.00019616149518639033
ENGINEERING_SAMPLE,book_age_ms,Q1,60000,500,7192,96.64905450500557,-9.721869843657542,-9.947331571577473,0.546683930369731,-14.057412664387927,-4.6707257902897465,-7.733581518289085,-11.94981587885153,10.051864748071413,0.00010597748729304934
ENGINEERING_SAMPLE,depth_10_ask,Q1,1000,100,1439,100.0,-10.135952144141184,-10.05272782848831,0.0,-10.579938267160804,-10.052671755725191,-8.221792113655901,-12.09082836603896,10.043043461715726,1.369455802581198e-05
ENGINEERING_SAMPLE,depth_10_ask,Q1,1000,1000,1439,100.0,-10.13612708421217,-10.05272782848831,0.0,-10.579938267160804,-10.052671755725191,-8.221812769699504,-12.090849005317441,10.043218305880691,0.00018853872299154318
ENGINEERING_SAMPLE,depth_10_ask,Q1,1000,500,1439,100.0,-10.135970868964222,-10.05272782848831,0.0,-10.579938267160804,-10.052671755725191,-8.221810474583547,-12.090846712064275,10.04306217796651,3.24108088111886e-05
ENGINEERING_SAMPLE,depth_10_ask,Q1,15000,100,1439,99.37456567060458,-10.35547983414496,-10.263931243339066,0.0,-12.055485173839056,-8.681352572449825,-8.221792113655901,-12.09082836603896,10.034982677419903,1.3780747551848559e-05
ENGINEERING_SAMPLE,depth_10_ask,Q1,15000,1000,1439,99.37456567060458,-10.355557860948391,-10.263931243339066,0.0,-12.055485173839056,-8.681352572449825,-8.221812769699504,-12.090849005317441,10.035060652064638,9.17553922873864e-05
ENGINEERING_SAMPLE,depth_10_ask,Q1,15000,500,1439,99.37456567060458,-10.355539109955506,-10.263931243339066,0.0,-12.055485173839056,-8.681352572449825,-8.221810474583547,-12.090846712064275,10.03504191427208,7.301759972977663e-05
ENGINEERING_SAMPLE,depth_10_ask,Q1,250,100,1439,100.0,-10.080089563012189,-10.052724216250969,0.0,-10.052817291764612,-10.052674528798567,-8.221792113655901,-12.09082836603896,10.04736822799067,1.369455802581198e-05
ENGINEERING_SAMPLE,depth_10_ask,Q1,250,1000,1439,100.0,-10.080406727684839,-10.052724216250969,0.0,-10.052817960961239,-10.052674528798567,-8.221812769699504,-12.090849005317441,10.047685230480893,0.00033069704824760076
ENGINEERING_SAMPLE,depth_10_ask,Q1,250,500,1439,100.0,-10.080153384759779,-10.052724216250969,0.0,-10.052817960961239,-10.052674528798567,-8.221810474583547,-12.090846712064275,10.047432017169832,7.748373718810894e-05
ENGINEERING_SAMPLE,depth_10_ask,Q1,3000,100,1439,100.0,-10.233783794398919,-10.052738390174477,0.0,-11.002938724688454,-9.841743119266056,-8.221792113655901,-12.09082836603896,10.03986996564605,6.62208579171361e-05
ENGINEERING_SAMPLE,depth_10_ask,Q1,3000,1000,1439,100.0,-10.23416530498672,-10.052738390174477,0.0,-11.002938724688454,-9.841743119266056,-8.221812769699504,-12.090849005317441,10.040251252267995,0.00044750747986154935
ENGINEERING_SAMPLE,depth_10_ask,Q1,3000,500,1439,100.0,-10.234042316831053,-10.052738390174477,0.0,-11.002938724688454,-9.841743119266056,-8.221810474583547,-12.090846712064275,10.040128338707904,0.0003245939197709463
ENGINEERING_SAMPLE,depth_10_ask,Q1,30000,100,1439,99.37456567060458,-10.305815149650368,-10.421793730007746,0.0,-12.851686457609725,-7.518863046368797,-8.221792113655901,-12.09082836603896,10.039847302223077,1.3780747551848559e-05
ENGINEERING_SAMPLE,depth_10_ask,Q1,30000,1000,1439,99.37456567060458,-10.305835927601338,-10.421793730007746,0.0,-12.851686457609725,-7.518863046368797,-8.221812769699504,-12.090849005317441,10.039868074519214,3.455304368820874e-05
ENGINEERING_SAMPLE,depth_10_ask,Q1,30000,500,1439,99.37456567060458,-10.305833618934022,-10.421793730007746,0.0,-12.851686457609725,-7.518863046368797,-8.221810474583547,-12.090846712064275,10.03986576648631,3.2245010784168724e-05
ENGINEERING_SAMPLE,depth_10_ask,Q1,500,100,1439,100.0,-10.10461749788682,-10.052726439107682,0.0,-10.264130520869083,-10.052672587616545,-8.221792113655901,-12.09082836603896,10.049753040120681,5.857455435512041e-05
ENGINEERING_SAMPLE,depth_10_ask,Q1,500,1000,1439,100.0,-10.105325081555428,-10.052726439107682,0.0,-10.316337629839659,-10.052672587616545,-8.221812769699504,-12.090849005317441,10.050460244436342,0.000765778870016822
ENGINEERING_SAMPLE,depth_10_ask,Q1,500,500,1439,100.0,-10.10501595454704,-10.052726439107682,0.0,-10.316330294567107,-10.052672587616545,-8.221810474583547,-12.090846712064275,10.050151284765665,0.0004568191993385346
ENGINEERING_SAMPLE,depth_10_ask,Q1,5000,100,1439,99.65253648366921,-10.270051303942896,-10.052786248667813,0.0,-11.423163850737305,-9.31464658666528,-8.221792113655901,-12.09082836603896,10.035496973328682,7.203558329660253e-05
ENGINEERING_SAMPLE,depth_10_ask,Q1,5000,1000,1439,99.65253648366921,-10.270191623319281,-10.052786248667813,0.0,-11.423163850737305,-9.31464658666528,-8.221812769699504,-12.090849005317441,10.035637210899328,0.00021227315394193973
ENGINEERING_SAMPLE,depth_10_ask,Q1,5000,500,1439,99.65253648366921,-10.27014620277066,-10.052786248667813,0.0,-11.423163850737305,-9.31464658666528,-8.221810474583547,-12.090846712064275,10.03559181760957,0.00016687986418469457
ENGINEERING_SAMPLE,depth_10_ask,Q1,60000,100,1439,99.37456567060458,-10.157154788262746,-10.421793730007746,0.0,-13.846435399013066,-5.564211093097243,-8.221792113655901,-12.09082836603896,10.034569556970728,4.3006144943623606e-05
ENGINEERING_SAMPLE,depth_10_ask,Q1,60000,1000,1439,99.37456567060458,-10.157448598409387,-10.421793730007746,0.0,-13.846435399013066,-5.564211093097243,-8.221812769699504,-12.090849005317441,10.034863310026177,0.00033675920039239615
ENGINEERING_SAMPLE,depth_10_ask,Q1,60000,500,1439,99.37456567060458,-10.157197753298494,-10.421793730007746,0.0,-13.846435399013066,-5.564211093097243,-8.221810474583547,-12.090846712064275,10.034612503793888,8.595296810348946e-05
ENGINEERING_SAMPLE,depth_10_ask,Q2,1000,100,1438,99.72183588317107,-10.08700585994942,-10.052741031257533,0.0,-10.158239451177874,-10.052672864919504,-8.091271905193151,-12.083352146610174,10.04782405668239,-4.953454902334146e-25
ENGINEERING_SAMPLE,depth_10_ask,Q2,1000,1000,1438,99.72183588317107,-10.08700585994942,-10.052741031257533,0.0,-10.158239451177874,-10.052672864919504,-8.091271905193151,-12.083352146610174,10.04782405668239,-4.953454902334146e-25
ENGINEERING_SAMPLE,depth_10_ask,Q2,1000,500,1438,99.72183588317107,-10.08700585994942,-10.052741031257533,0.0,-10.158239451177874,-10.052672864919504,-8.091271905193151,-12.083352146610174,10.04782405668239,0.0
ENGINEERING_SAMPLE,depth_10_ask,Q2,15000,100,1438,98.95688456189151,-10.220406779170078,-10.210923541533807,0.0,-11.90116449720704,-8.734405388738674,-8.091271905193151,-12.083352146610174,10.043514912915857,2.7958137281537408e-05
ENGINEERING_SAMPLE,depth_10_ask,Q2,15000,1000,1438,98.95688456189151,-10.220683158206905,-10.210923541533807,0.0,-11.90116449720704,-8.734405388738674,-8.091271905193151,-12.083352146610174,10.04379121283725,0.000304258058675594
ENGINEERING_SAMPLE,depth_10_ask,Q2,15000,500,1438,98.95688456189151,-10.220433789953807,-10.210923541533807,0.0,-11.90116449720704,-8.734405388738674,-8.091271905193151,-12.083352146610174,10.043541924758895,5.4969980318101024e-05
ENGINEERING_SAMPLE,depth_10_ask,Q2,250,100,1438,99.86091794158554,-10.060230721210916,-10.052736722258533,0.0,-10.052826104173816,-10.052675083448284,-8.091271905193151,-12.083352146610174,10.051419877444067,6.121248571958864e-05
ENGINEERING_SAMPLE,depth_10_ask,Q2,250,1000,1438,99.86091794158554,-10.06059463051211,-10.052736722258533,0.0,-10.052826104173816,-10.052675083448284,-8.091271905193151,-12.083352146610174,10.051783595592607,0.0004249306342603697
ENGINEERING_SAMPLE,depth_10_ask,Q2,250,500,1438,99.86091794158554,-10.06044217886589,-10.052736722258533,0.0,-10.052826104173816,-10.052675083448284,-8.091271905193151,-12.083352146610174,10.051631223921676,0.0002725589633297243
ENGINEERING_SAMPLE,depth_10_ask,Q2,3000,100,1438,99.09596662030599,-10.141175575585342,-10.052755075138412,0.0,-10.791597436506052,-9.947182819766981,-8.091271905193151,-12.083352146610174,10.050506617281446,2.838922365289071e-05
ENGINEERING_SAMPLE,depth_10_ask,Q2,3000,1000,1438,99.09596662030599,-10.14121664776862,-10.052755075138412,0.0,-10.791597436506052,-9.947182819766981,-8.091271905193151,-12.083352146610174,10.050547660606565,6.943254877254766e-05
ENGINEERING_SAMPLE,depth_10_ask,Q2,3000,500,1438,99.09596662030599,-10.1412120841927,-10.052755075138412,0.0,-10.791597436506052,-9.947182819766981,-8.091271905193151,-12.083352146610174,10.050543100237109,6.4872179314808e-05
ENGINEERING_SAMPLE,depth_10_ask,Q2,30000,100,1438,98.74826147426982,-10.085201665234452,-10.263591910718613,0.0,-12.586103213078088,-7.361689784294077,-8.091271905193151,-12.083352146610174,10.03863653518074,2.847760216876526e-05
ENGINEERING_SAMPLE,depth_10_ask,Q2,30000,1000,1438,98.74826147426982,-10.08524288312479,-10.263591910718613,0.0,-12.586103213078088,-7.361689784294077,-8.091271905193151,-12.083352146610174,10.038677733449793,6.967587122416069e-05
ENGINEERING_SAMPLE,depth_10_ask,Q2,30000,500,1438,98.74826147426982,-10.085238303359198,-10.263591910718613,0.0,-12.586103213078088,-7.361689784294077,-8.091271905193151,-12.083352146610174,10.038673155864343,6.509828577356119e-05
ENGINEERING_SAMPLE,depth_10_ask,Q2,500,100,1438,99.7913769123783,-10.072564543615888,-10.052736722258533,0.0,-10.052831962148975,-10.052673419534178,-8.091271905193151,-12.083352146610174,10.053337102547891,6.986839409756563e-05
ENGINEERING_SAMPLE,depth_10_ask,Q2,500,1000,1438,99.7913769123783,-10.0727340809607,-10.052736722258533,0.0,-10.052831962148975,-10.052673419534178,-8.091271905193151,-12.083352146610174,10.053506535542285,0.00023930138849009597
ENGINEERING_SAMPLE,depth_10_ask,Q2,500,500,1438,99.7913769123783,-10.07266105515134,-10.052736722258533,0.0,-10.052831962148975,-10.052673419534178,-8.091271905193151,-12.083352146610174,10.05343355353991,0.00016631938611672838
ENGINEERING_SAMPLE,depth_10_ask,Q2,5000,100,1438,98.95688456189151,-10.150323998369094,-10.052769265660684,0.0,-11.05516047961166,-9.208949166121993,-8.091271905193151,-12.083352146610174,10.041981621963346,5.2180736941201624e-05
ENGINEERING_SAMPLE,depth_10_ask,Q2,5000,1000,1438,98.95688456189151,-10.15051277633214,-10.052769265660684,0.0,-11.05516047961166,-9.208949166121993,-8.091271905193151,-12.083352146610174,10.042170274593357,0.00024083336694973514
ENGINEERING_SAMPLE,depth_10_ask,Q2,5000,500,1438,98.95688456189151,-10.15043593000259,-10.052769265660684,0.0,-11.05516047961166,-9.208949166121993,-8.091271905193151,-12.083352146610174,10.042093478198623,0.00016403697221710836
ENGINEERING_SAMPLE,depth_10_ask,Q2,60000,100,1438,98.74826147426982,-10.145644398372204,-10.052675083448284,0.0,-14.120893047620054,-5.83016134262004,-8.091271905193151,-12.083352146610174,10.043504008907002,-3.8576847212785955e-25
ENGINEERING_SAMPLE,depth_10_ask,Q2,60000,1000,1438,98.74826147426982,-10.14574338164239,-10.052675083448284,0.0,-14.120893047620054,-5.83016134262004,-8.091271905193151,-12.083352146610174,10.043602915803023,9.890689601964545e-05
ENGINEERING_SAMPLE,depth_10_ask,Q2,60000,500,1438,98.74826147426982,-10.145685481215425,-10.052675083448284,0.0,-14.120893047620054,-5.83016134262004,-8.091271905193151,-12.083352146610174,10.043545065490283,4.1056583281424795e-05
ENGINEERING_SAMPLE,depth_10_ask,Q3,1000,100,1438,100.0,-10.023226325776355,-10.052736722258533,0.0,-10.052813834532488,-10.052670923860113,-7.776045361530949,-11.779960844287626,10.05559859593262,1.3707102213829836e-05
ENGINEERING_SAMPLE,depth_10_ask,Q3,1000,1000,1438,100.0,-10.023278797798291,-10.052736722258533,0.0,-10.052813834532488,-10.052670923860113,-7.776097819447933,-11.780013282021043,10.055651041267613,6.615243720591053e-05
ENGINEERING_SAMPLE,depth_10_ask,Q3,1000,500,1438,100.0,-10.02327163066308,-10.052736722258533,0.0,-10.052813834532488,-10.052670923860113,-7.7760906542859685,-11.78000611961593,10.055643877824208,5.898899380167383e-05
ENGINEERING_SAMPLE,depth_10_ask,Q3,15000,100,1438,99.51321279554938,-10.062580476095704,-10.052763978103345,0.0,-12.002654825303013,-8.209188588756167,-7.776045361530949,-11.779960844287626,10.06405211524649,1.3774153028293014e-05
ENGINEERING_SAMPLE,depth_10_ask,Q3,15000,1000,1438,99.51321279554938,-10.062674198048418,-10.052763978103345,0.0,-12.002654825303013,-8.209188588756167,-7.776097819447933,-11.780013282021043,10.064145777150808,0.00010743605734479599
ENGINEERING_SAMPLE,depth_10_ask,Q3,15000,500,1438,99.51321279554938,-10.062626003799581,-10.052763978103345,0.0,-12.002654825303013,-8.209188588756167,-7.7760906542859685,-11.78000611961593,10.064097618642789,5.927754932690913e-05
ENGINEERING_SAMPLE,depth_10_ask,Q3,250,100,1438,100.0,-10.044835429183985,-10.052738390174477,0.0,-10.052803799973612,-10.052691173372656,-7.776045361530949,-11.779960844287626,10.055595623074806,1.3707102213829836e-05
ENGINEERING_SAMPLE,depth_10_ask,Q3,250,1000,1438,100.0,-10.044887901205922,-10.052738390174477,0.0,-10.052803799973612,-10.052691173372656,-7.776097819447933,-11.780013282021043,10.055648068409797,6.615243720591053e-05
ENGINEERING_SAMPLE,depth_10_ask,Q3,250,500,1438,100.0,-10.044880734070711,-10.052738390174477,0.0,-10.052803799973612,-10.052691173372656,-7.7760906542859685,-11.78000611961593,10.055640904966394,5.898899380167383e-05
ENGINEERING_SAMPLE,depth_10_ask,Q3,3000,100,1438,100.0,-10.017690605464505,-10.052730885383452,0.0,-10.738220723094761,-9.314481366040342,-7.776045361530949,-11.779960844287626,10.060974482762672,3.512164105720281e-05
ENGINEERING_SAMPLE,depth_10_ask,Q3,3000,1000,1438,100.0,-10.018214886152741,-10.052730885383452,0.0,-10.738220723094761,-9.314481366040342,-7.776097819447933,-11.780013282021043,10.061498481522356,0.0005591204007427942
ENGINEERING_SAMPLE,depth_10_ask,Q3,3000,500,1438,100.0,-10.017895846426049,-10.052730885383452,0.0,-10.738220723094761,-9.314481366040342,-7.7760906542859685,-11.78000611961593,10.061179578776356,0.0002402176547420002
ENGINEERING_SAMPLE,depth_10_ask,Q3,30000,100,1438,99.09596662030599,-9.707543546426246,-9.683626359726789,0.0,-12.585448562101499,-6.619914589920766,-7.776045361530949,-11.779960844287626,10.057461085439318,4.175234761771754e-05
ENGINEERING_SAMPLE,depth_10_ask,Q3,30000,1000,1438,99.09596662030599,-9.70763059160888,-9.683626359726789,0.0,-12.585448562101499,-6.619914589920766,-7.776097819447933,-11.780013282021043,10.057548107859091,0.00012877476739243617
ENGINEERING_SAMPLE,depth_10_ask,Q3,30000,500,1438,99.09596662030599,-9.70761128349503,-9.683626359726789,0.0,-12.585448562101499,-6.619914589920766,-7.7760906542859685,-11.78000611961593,10.05752880302715,0.00010946993545156504
ENGINEERING_SAMPLE,depth_10_ask,Q3,500,100,1438,100.0,-10.038835934967036,-10.052736722258533,0.0,-10.052813834532488,-10.052679243693497,-7.776045361530949,-11.779960844287626,10.054548993460354,6.950256176982217e-05
ENGINEERING_SAMPLE,depth_10_ask,Q3,500,1000,1438,100.0,-10.038962908022796,-10.052736722258533,0.0,-10.052813834532488,-10.052679243693497,-7.776097819447933,-11.780013282021043,10.054675908315483,0.00019641741689925313
ENGINEERING_SAMPLE,depth_10_ask,Q3,500,500,1438,100.0,-10.03893925137955,-10.052736722258533,0.0,-10.052813834532488,-10.052679243693497,-7.7760906542859685,-11.78000611961593,10.054652260824504,0.00017276992592081344
ENGINEERING_SAMPLE,depth_10_ask,Q3,5000,100,1438,100.0,-10.045847581476549,-10.052736722258533,0.0,-10.948950879448619,-9.10265271021726,-7.776045361530949,-11.779960844287626,10.059830507003094,1.3707102213829836e-05
ENGINEERING_SAMPLE,depth_10_ask,Q3,5000,1000,1438,100.0,-10.046013602776458,-10.052736722258533,0.0,-10.948950879448619,-9.10265271021726,-7.776097819447933,-11.780013282021043,10.0599964661117,0.00017966621082029193
ENGINEERING_SAMPLE,depth_10_ask,Q3,5000,500,1438,100.0,-10.045893243099384,-10.052736722258533,0.0,-10.948950879448619,-9.10265271021726,-7.7760906542859685,-11.78000611961593,10.059876145519246,5.93456183656934e-05
ENGINEERING_SAMPLE,depth_10_ask,Q3,60000,100,1438,99.09596662030599,-9.601656617810432,-9.472760615929428,0.0,-13.379443198311122,-5.565346785427836,-7.776045361530949,-11.779960844287626,10.060252960732852,1.3832149462096353e-05
ENGINEERING_SAMPLE,depth_10_ask,Q3,60000,1000,1438,99.09596662030599,-9.601709556242902,-9.472760615929428,0.0,-13.379443198311122,-5.565346785427836,-7.776097819447933,-11.780013282021043,10.060305884516515,6.675593312428024e-05
ENGINEERING_SAMPLE,depth_10_ask,Q3,60000,500,1438,99.09596662030599,-9.60170232540084,-9.472760615929428,0.0,-13.379443198311122,-5.565346785427836,-7.7760906542859685,-11.78000611961593,10.060298655722399,5.952713900828559e-05
ENGINEERING_SAMPLE,depth_10_ask,Q4,1000,100,1438,100.0,-10.011832273585526,-10.05272671697795,0.0,-10.052795162158453,-10.052668428422527,-6.99205467675283,-11.51107240395795,10.049658979564386,2.947165816190447e-05
ENGINEERING_SAMPLE,depth_10_ask,Q4,1000,1000,1438,100.0,-10.012031375221726,-10.05272671697795,0.0,-10.052795663642843,-10.052668428422527,-6.992253749850302,-11.51127133102396,10.049857977620551,0.0002284697143281165
ENGINEERING_SAMPLE,depth_10_ask,Q4,1000,500,1438,100.0,-10.011970437079269,-10.05272671697795,0.0,-10.052795663642843,-10.052668428422527,-6.992192824174362,-11.511210447121128,10.049797071556283,0.0001675636500598046
ENGINEERING_SAMPLE,depth_10_ask,Q4,15000,100,1438,99.3741307371349,-9.506581311142526,-9.947168595809394,0.0,-11.370186989728733,-7.416649540762287,-6.99205467675283,-11.51107240395795,10.053311341493034,6.962654162487692e-05
ENGINEERING_SAMPLE,depth_10_ask,Q4,15000,1000,1438,99.3741307371349,-9.506872880205206,-9.947168595809394,0.0,-11.370186989728733,-7.416649540762287,-6.992253749850302,-11.51127133102396,10.053602726849563,0.0003610118981545331
ENGINEERING_SAMPLE,depth_10_ask,Q4,15000,500,1438,99.3741307371349,-9.506776936815804,-9.947168595809394,0.0,-11.370186989728733,-7.416649540762287,-6.992192824174362,-11.511210447121128,10.053506841681216,0.0002651267298057967
ENGINEERING_SAMPLE,depth_10_ask,Q4,250,100,1438,100.0,-10.041173291464366,-10.052730051649625,0.0,-10.052791540689851,-10.052668982943777,-6.99205467675283,-11.51107240395795,10.053084624932787,2.947165816190447e-05
ENGINEERING_SAMPLE,depth_10_ask,Q4,250,1000,1438,100.0,-10.041372393100566,-10.052730051649625,0.0,-10.052791540689851,-10.052668982943777,-6.992253749850302,-11.51127133102396,10.053283622988953,0.0002284697143281165
ENGINEERING_SAMPLE,depth_10_ask,Q4,250,500,1438,100.0,-10.041311454958109,-10.052730051649625,0.0,-10.052791540689851,-10.052668982943777,-6.992192824174362,-11.511210447121128,10.053222716924685,0.0001675636500598046
ENGINEERING_SAMPLE,depth_10_ask,Q4,3000,100,1438,100.0,-9.925913492621705,-10.052721437943626,0.0,-10.10533020363206,-9.261487359291381,-6.99205467675283,-11.51107240395795,10.051298741962603,4.106844799488539e-05
ENGINEERING_SAMPLE,depth_10_ask,Q4,3000,1000,1438,100.0,-9.926162506479193,-10.052721437943626,0.0,-10.10533020363206,-9.261487359291381,-6.992253749850302,-11.51127133102396,10.051547631305985,0.00028995779137557074
ENGINEERING_SAMPLE,depth_10_ask,Q4,3000,500,1438,100.0,-9.926071682327548,-10.052721437943626,0.0,-10.10533020363206,-9.261487359291381,-6.992192824174362,-11.511210447121128,10.051456857235163,0.0001991837205541691
ENGINEERING_SAMPLE,depth_10_ask,Q4,30000,100,1438,98.53963838664812,-9.39700752971436,-9.525484554336485,0.0,-12.112241181841693,-6.865864948932203,-6.99205467675283,-11.51107240395795,10.054472099114903,5.1628858779502305e-05
ENGINEERING_SAMPLE,depth_10_ask,Q4,30000,1000,1438,98.53963838664812,-9.397444945916543,-9.525484554336485,0.0,-12.112241181841693,-6.865864948932203,-6.992253749850302,-11.51127133102396,10.054909373890005,0.0004889036338826744
ENGINEERING_SAMPLE,depth_10_ask,Q4,30000,500,1438,98.53963838664812,-9.397304866931458,-9.525484554336485,0.0,-12.112241181841693,-6.865864948932203,-6.992192824174362,-11.511210447121128,10.05476933922102,0.00034886896489561486
ENGINEERING_SAMPLE,depth_10_ask,Q4,500,100,1438,100.0,-10.027600550037219,-10.052729495841723,0.0,-10.052791540689851,-10.052668982943777,-6.99205467675283,-11.51107240395795,10.047786512080329,2.947165816190447e-05
ENGINEERING_SAMPLE,depth_10_ask,Q4,500,1000,1438,100.0,-10.027799651673421,-10.052729495841723,0.0,-10.052791540689851,-10.052668982943777,-6.992253749850302,-11.51127133102396,10.047985510136494,0.0002284697143281165
ENGINEERING_SAMPLE,depth_10_ask,Q4,500,500,1438,100.0,-10.027738713530962,-10.052729495841723,0.0,-10.052791540689851,-10.052668982943777,-6.992192824174362,-11.511210447121128,10.047924604072225,0.0001675636500598046
ENGINEERING_SAMPLE,depth_10_ask,Q4,5000,100,1438,100.0,-9.806586968303376,-10.052706440142236,0.0,-10.475254265914382,-8.824719782398823,-6.99205467675283,-11.51107240395795,10.044771609777637,5.713911432263691e-05
ENGINEERING_SAMPLE,depth_10_ask,Q4,5000,1000,1438,100.0,-9.806819842884318,-10.052706440142236,0.0,-10.475254265914382,-8.824719782398823,-6.992253749850302,-11.51127133102396,10.045004398098929,0.00028992743561411226
ENGINEERING_SAMPLE,depth_10_ask,Q4,5000,500,1438,100.0,-9.806746942646427,-10.052706440142236,0.0,-10.475254265914382,-8.824719782398823,-6.992192824174362,-11.511210447121128,10.04493152472623,0.00021705406291512634
ENGINEERING_SAMPLE,depth_10_ask,Q4,60000,100,1438,98.53963838664812,-8.685236331107925,-8.840213926285006,1.4820042342978124,-13.846435399013066,-3.31103916614024,-6.99205467675283,-11.51107240395795,10.05273027444331,5.798344830403161e-05
ENGINEERING_SAMPLE,depth_10_ask,Q4,60000,1000,1438,98.53963838664812,-8.68547259979166,-8.840213926285006,1.4820042342978124,-13.846435399013066,-3.31103916614024,-6.992253749850302,-11.51127133102396,10.052966511899344,0.0002942209043377136
ENGINEERING_SAMPLE,depth_10_ask,Q4,60000,500,1438,98.53963838664812,-8.685398624800706,-8.840213926285006,1.4820042342978124,-13.846435399013066,-3.31103916614024,-6.992192824174362,-11.511210447121128,10.052892555272027,0.00022026427702106222
ENGINEERING_SAMPLE,depth_10_ask,Q5,1000,100,1439,100.0,-9.987140910953528,-10.052741170268845,0.0,-10.052805193434317,-9.72541222298071,-7.586462948384421,-12.283336525162808,10.063217234540492,1.9900872737715537e-05
ENGINEERING_SAMPLE,depth_10_ask,Q5,1000,1000,1439,100.0,-9.987280538374664,-10.052741170268845,0.0,-10.052805193434317,-9.72541222298071,-7.58660253574742,-12.283489326502156,10.063356796404365,0.0001594627366107968
ENGINEERING_SAMPLE,depth_10_ask,Q5,1000,500,1439,100.0,-9.987231197177563,-10.052741170268845,0.0,-10.052805193434317,-9.72541222298071,-7.586553200349249,-12.283426760607474,10.06330747666143,0.0001101429936766648
ENGINEERING_SAMPLE,depth_10_ask,Q5,15000,100,1439,98.5406532314107,-9.800240798625843,-10.052669953401946,0.0,-11.793521242605422,-7.100969306984929,-7.586462948384421,-12.283336525162808,10.069395687520487,2.0195596522970843e-05
ENGINEERING_SAMPLE,depth_10_ask,Q5,15000,1000,1439,98.5406532314107,-9.80038249738254,-10.052669953401946,0.0,-11.793521242605422,-7.100969306984929,-7.58660253574742,-12.283489326502156,10.06953731623848,0.0001618243145154701
ENGINEERING_SAMPLE,depth_10_ask,Q5,15000,500,1439,98.5406532314107,-9.800332428825943,-10.052669953401946,0.0,-11.793521242605422,-7.100969306984929,-7.586553200349249,-12.283426760607474,10.069487266090325,0.00011177416636158014
ENGINEERING_SAMPLE,depth_10_ask,Q5,250,100,1439,100.0,-10.034544502181411,-10.052750624782512,0.0,-10.052805193434317,-10.05267203301939,-7.586462948384421,-12.283336525162808,10.056944375938256,4.755377595933493e-05
ENGINEERING_SAMPLE,depth_10_ask,Q5,250,1000,1439,100.0,-10.034717916545251,-10.052750624782512,0.0,-10.052805193434317,-10.05267203301939,-7.58660253574742,-12.283489326502156,10.057117706095523,0.00022088393322601947
ENGINEERING_SAMPLE,depth_10_ask,Q5,250,500,1439,100.0,-10.03465661462568,-10.052750624782512,0.0,-10.052805193434317,-10.05267203301939,-7.586553200349249,-12.283426760607474,10.057056433544526,0.00015961138222846444
ENGINEERING_SAMPLE,depth_10_ask,Q5,3000,100,1439,100.0,-9.896949417367066,-10.052726439107682,0.0,-10.05283252011913,-9.14590244681716,-7.586462948384421,-12.283336525162808,10.0650414055244,4.754943588695819e-05
ENGINEERING_SAMPLE,depth_10_ask,Q5,3000,1000,1439,100.0,-9.897122810083202,-10.052726439107682,0.0,-10.05283252011913,-9.14590244681716,-7.58660253574742,-12.283489326502156,10.06521473427949,0.0002208781909764133
ENGINEERING_SAMPLE,depth_10_ask,Q5,3000,500,1439,100.0,-9.897061512301429,-10.052726439107682,0.0,-10.05283252011913,-9.14590244681716,-7.586553200349249,-12.283426760607474,10.065153455986243,0.00015959989772925214
ENGINEERING_SAMPLE,depth_10_ask,Q5,30000,100,1439,95.83043780403058,-10.085932037758736,-9.683837974203538,0.0,-14.226601609530448,-6.361799008163416,-7.586462948384421,-12.283336525162808,10.06971557560472,2.0766755525433398e-05
ENGINEERING_SAMPLE,depth_10_ask,Q5,30000,1000,1439,95.83043780403058,-10.086327553469408,-9.683837974203538,0.0,-14.226601609530448,-6.361799008163416,-7.58660253574742,-12.283489326502156,10.070110998444662,0.0004161895954672402
ENGINEERING_SAMPLE,depth_10_ask,Q5,30000,500,1439,95.83043780403058,-10.086031340014692,-9.683837974203538,0.0,-14.226601609530448,-6.361799008163416,-7.586553200349249,-12.283426760607474,10.069814825450248,0.00012001660105218533
ENGINEERING_SAMPLE,depth_10_ask,Q5,500,100,1439,100.0,-10.011064756099989,-10.052750624782512,0.0,-10.052805193434317,-10.052668428422527,-7.586462948384421,-12.283336525162808,10.051531961287578,1.9900872737715537e-05
ENGINEERING_SAMPLE,depth_10_ask,Q5,500,1000,1439,100.0,-10.011231888453919,-10.052750624782512,0.0,-10.052805193434317,-10.052668428422527,-7.58660253574742,-12.283489326502156,10.051699014653469,0.00018695423862685946
ENGINEERING_SAMPLE,depth_10_ask,Q5,500,500,1439,100.0,-10.011155042324024,-10.052750624782512,0.0,-10.052805193434317,-10.052668428422527,-7.586553200349249,-12.283426760607474,10.051622203408517,0.0001101429936766648
ENGINEERING_SAMPLE,depth_10_ask,Q5,5000,100,1439,100.0,-9.896749163338946,-10.05272199358167,0.0,-10.421382919356027,-8.787208326498384,-7.586462948384421,-12.283336525162808,10.070054717860698,4.1299965118965444e-05
ENGINEERING_SAMPLE,depth_10_ask,Q5,5000,1000,1439,100.0,-9.89712074431254,-10.05272199358167,0.0,-10.421382919356027,-8.787208326498384,-7.58660253574742,-12.283489326502156,10.070426052827516,0.00041263493193828354
ENGINEERING_SAMPLE,depth_10_ask,Q5,5000,500,1439,100.0,-9.896994368666089,-10.05272199358167,0.0,-10.421382919356027,-8.787208326498384,-7.586553200349249,-12.283426760607474,10.070299757117613,0.000286339222035079
ENGINEERING_SAMPLE,depth_10_ask,Q5,60000,100,1439,87.49131341209173,-10.051855062387817,-10.105444542810169,1.3502779984114377,-15.494582092389582,-4.068109101060712,-7.586462948384421,-12.283336525162808,10.070037964087387,2.2746112684330944e-05
ENGINEERING_SAMPLE,depth_10_ask,Q5,60000,1000,1439,87.49131341209173,-10.052014645833676,-10.105444542810169,1.3502779984114377,-15.494582092389582,-4.068109101060712,-7.58660253574742,-12.283489326502156,10.070197479196294,0.00018226122159089483
ENGINEERING_SAMPLE,depth_10_ask,Q5,60000,500,1439,87.49131341209173,-10.0519582586831,-10.105444542810169,1.3502779984114377,-15.494582092389582,-4.068109101060712,-7.586553200349249,-12.283426760607474,10.070141108179547,0.00012589020484568756
ENGINEERING_SAMPLE,depth_10_bid,Q1,1000,100,1440,100.0,-9.967219975816898,-10.05272088232315,0.0,-10.052805193434317,-9.630262171493733,-6.910931492425727,-11.704933975178914,10.061649851395355,6.300584256241568e-05
ENGINEERING_SAMPLE,depth_10_bid,Q1,1000,1000,1440,100.0,-9.967610730524827,-10.052721437943626,0.0,-10.052805193434317,-9.630262171493733,-6.911322164518881,-11.70532444655232,10.062040410505492,0.00045356495270060243
ENGINEERING_SAMPLE,depth_10_bid,Q1,1000,500,1440,100.0,-9.96749341290544,-10.052721437943626,0.0,-10.052805193434317,-9.630262171493733,-6.911204867114108,-11.705207211842541,10.061923150045692,0.00033630449289828235
ENGINEERING_SAMPLE,depth_10_bid,Q1,15000,100,1440,99.51388888888889,-9.631090306755013,-9.630652153276587,0.0,-12.111579799142913,-7.09856266081748,-6.910931492425727,-11.704933975178914,10.068892750512317,9.153909144577228e-05
ENGINEERING_SAMPLE,depth_10_bid,Q1,15000,1000,1440,99.51388888888889,-9.631523846803809,-9.630652153276587,0.0,-12.111579799142913,-7.09856266081748,-6.911322164518881,-11.70532444655232,10.069326036375507,0.0005248249546367078
ENGINEERING_SAMPLE,depth_10_bid,Q1,15000,500,1440,99.51388888888889,-9.63140141378866,-9.630652153276587,0.0,-12.111579799142913,-7.09856266081748,-6.911204867114108,-11.705207211842541,10.069203667678725,0.00040245625785515475
ENGINEERING_SAMPLE,depth_10_bid,Q1,250,100,1440,100.0,-10.028335541449707,-10.052726994851147,0.0,-10.052805193434317,-10.052668982943777,-6.910931492425727,-11.704933975178914,10.05872266056757,6.300584256241568e-05
ENGINEERING_SAMPLE,depth_10_bid,Q1,250,1000,1440,100.0,-10.028726298188925,-10.052726994851147,0.0,-10.052805193434317,-10.052668982943777,-6.911322164518881,-11.70532444655232,10.059113219677707,0.00045356495270060243
ENGINEERING_SAMPLE,depth_10_bid,Q1,250,500,1440,100.0,-10.028608978538248,-10.052726994851147,0.0,-10.052805193434317,-10.052668982943777,-6.911204867114108,-11.705207211842541,10.058995959217906,0.00033630449289828235
ENGINEERING_SAMPLE,depth_10_bid,Q1,3000,100,1440,100.0,-9.885361171698596,-10.052706440142236,0.0,-10.052813834532488,-9.05086855497105,-6.910931492425727,-11.704933975178914,10.068800923343689,7.458652574285079e-05
ENGINEERING_SAMPLE,depth_10_bid,Q1,3000,1000,1440,100.0,-9.885801767138574,-10.052706440142236,0.0,-10.052813834532488,-9.050914092679353,-6.911322164518881,-11.70532444655232,10.069241304447587,0.0005149676296410462
ENGINEERING_SAMPLE,depth_10_bid,Q1,3000,500,1440,100.0,-9.885654607185055,-10.052706440142236,0.0,-10.052813834532488,-9.050914092679353,-6.911204867114108,-11.705207211842541,10.069094217464574,0.00036788064662807135
ENGINEERING_SAMPLE,depth_10_bid,Q1,30000,100,1440,99.02777777777777,-9.45923017031101,-9.313778767318427,0.0,-13.055830559885411,-5.624789251844047,-6.910931492425727,-11.704933975178914,10.06950345372854,8.520775718346053e-05
ENGINEERING_SAMPLE,depth_10_bid,Q1,30000,1000,1440,99.02777777777777,-9.45985863656963,-9.313778767318427,0.0,-13.055830559885411,-5.624789251844047,-6.911322164518881,-11.70532444655232,10.070131689542114,0.000713443570755109
ENGINEERING_SAMPLE,depth_10_bid,Q1,30000,500,1440,99.02777777777777,-9.459662428004778,-9.313778767318427,0.0,-13.055830559885411,-5.624789251844047,-6.911204867114108,-11.705207211842541,10.069935545595653,0.0005172996242949606
ENGINEERING_SAMPLE,depth_10_bid,Q1,500,100,1440,100.0,-9.999294737173145,-10.052726439107682,0.0,-10.052805193434317,-10.052662329459324,-6.910931492425727,-11.704933975178914,10.051126218964685,6.300584256241568e-05
ENGINEERING_SAMPLE,depth_10_bid,Q1,500,1000,1440,100.0,-9.99971297771322,-10.052726439107682,0.0,-10.052805193434317,-10.052662329459324,-6.911322164518881,-11.70532444655232,10.051544250485517,0.00048103736339582057
ENGINEERING_SAMPLE,depth_10_bid,Q1,500,500,1440,100.0,-9.999568174261688,-10.052726439107682,0.0,-10.052805193434317,-10.052662329459324,-6.911204867114108,-11.705207211842541,10.05139951761502,0.00033630449289828235
ENGINEERING_SAMPLE,depth_10_bid,Q1,5000,100,1440,100.0,-9.824067222788761,-10.052680630587938,0.0,-10.585431661133667,-8.73504543658633,-6.910931492425727,-11.704933975178914,10.06717576999567,6.300584256241568e-05
ENGINEERING_SAMPLE,depth_10_bid,Q1,5000,1000,1440,100.0,-9.824457958708408,-10.052680630587938,0.0,-10.585431661133667,-8.73504543658633,-6.911322164518881,-11.70532444655232,10.067566329105809,0.00045356495270060243
ENGINEERING_SAMPLE,depth_10_bid,Q1,5000,500,1440,100.0,-9.824340648222513,-10.052680630587938,0.0,-10.585431661133667,-8.73504543658633,-6.911204867114108,-11.705207211842541,10.067449068646006,0.00033630449289828235
ENGINEERING_SAMPLE,depth_10_bid,Q1,60000,100,1440,99.02777777777777,-8.997301694058258,-8.68196405140933,1.1921458625525947,-14.16808235888568,-3.6270530638029057,-6.910931492425727,-11.704933975178914,10.063966113361227,9.152224060299632e-05
ENGINEERING_SAMPLE,depth_10_bid,Q1,60000,1000,1440,99.02777777777777,-8.99773026737485,-8.68196405140933,1.1921458625525947,-14.16808235888568,-3.6270530638029057,-6.911322164518881,-11.70532444655232,10.064394580674712,0.0005199895540894643
ENGINEERING_SAMPLE,depth_10_bid,Q1,60000,500,1440,99.02777777777777,-8.99759974988909,-8.68196405140933,1.1921458625525947,-14.16808235888568,-3.6270530638029057,-6.911204867114108,-11.705207211842541,10.064264097727584,0.0003895066069609907
ENGINEERING_SAMPLE,depth_10_bid,Q2,1000,100,1437,100.0,-10.022149632694015,-10.052726994851147,0.0,-10.052825546339172,-10.052668428422527,-7.281611514152127,-11.839393453187778,10.059616331928394,-8.758465421025407e-25
ENGINEERING_SAMPLE,depth_10_bid,Q2,1000,1000,1437,100.0,-10.022149632694015,-10.052726994851147,0.0,-10.052825546339172,-10.052668428422527,-7.281611514152127,-11.839393453187778,10.059616331928394,-8.758465421025407e-25
ENGINEERING_SAMPLE,depth_10_bid,Q2,1000,500,1437,100.0,-10.022149632694015,-10.052726994851147,0.0,-10.052825546339172,-10.052668428422527,-7.281611514152127,-11.839393453187778,10.059616331928394,0.0
ENGINEERING_SAMPLE,depth_10_bid,Q2,15000,100,1437,99.09533750869868,-9.82515235132902,-10.052716993260866,0.0,-12.002654825303013,-7.519334247731589,-7.281611514152127,-11.839393453187778,10.059059697642876,1.1705743534562787e-05
ENGINEERING_SAMPLE,depth_10_bid,Q2,15000,1000,1437,99.09533750869868,-9.825444822118545,-10.052716993260866,0.0,-12.002654825303013,-7.519334247731589,-7.281611514152127,-11.839393453187778,10.05935205844113,0.00030406654178713824
ENGINEERING_SAMPLE,depth_10_bid,Q2,15000,500,1437,99.09533750869868,-9.825177544873569,-10.052716993260866,0.0,-12.002654825303013,-7.519334247731589,-7.281611514152127,-11.839393453187778,10.059084878781935,3.688688259193077e-05
ENGINEERING_SAMPLE,depth_10_bid,Q2,250,100,1437,100.0,-10.046971743027491,-10.052728662151836,0.0,-10.052810489255798,-10.052670923860113,-7.281611514152127,-11.839393453187778,10.059208853913514,-8.978772540099835e-25
ENGINEERING_SAMPLE,depth_10_bid,Q2,250,1000,1437,100.0,-10.046971743027491,-10.052728662151836,0.0,-10.052810489255798,-10.052670923860113,-7.281611514152127,-11.839393453187778,10.059208853913514,-8.978772540099835e-25
ENGINEERING_SAMPLE,depth_10_bid,Q2,250,500,1437,100.0,-10.046971743027491,-10.052728662151836,0.0,-10.052810489255798,-10.052670923860113,-7.281611514152127,-11.839393453187778,10.059208853913514,0.0
ENGINEERING_SAMPLE,depth_10_bid,Q2,3000,100,1437,100.0,-9.978982846352505,-10.052720326702675,0.0,-10.421755946421609,-9.262257522529403,-7.281611514152127,-11.839393453187778,10.060119628813016,2.768704410004188e-05
ENGINEERING_SAMPLE,depth_10_bid,Q2,3000,1000,1437,100.0,-9.97925651942191,-10.052720326702675,0.0,-10.421755946421609,-9.262257522529403,-7.281611514152127,-11.839393453187778,10.06039322631113,0.0003012845422132332
ENGINEERING_SAMPLE,depth_10_bid,Q2,3000,500,1437,100.0,-9.979009594573407,-10.052720326702675,0.0,-10.421755946421609,-9.262257522529403,-7.281611514152127,-11.839393453187778,10.060146375128996,5.4433360078720766e-05
ENGINEERING_SAMPLE,depth_10_bid,Q2,30000,100,1437,98.67780097425191,-9.690641811726078,-9.683469549169523,0.0,-13.270193899391627,-6.51428692085579,-7.281611514152127,-11.839393453187778,10.054055637499603,1.567336503096979e-25
ENGINEERING_SAMPLE,depth_10_bid,Q2,30000,1000,1437,98.67780097425191,-9.690884752519034,-9.683469549169523,0.0,-13.270193899391627,-6.51428692085579,-7.281611514152127,-11.839393453187778,10.054298556099155,0.0002429185995531648
ENGINEERING_SAMPLE,depth_10_bid,Q2,30000,500,1437,98.67780097425191,-9.690646753732517,-9.683469549169523,0.0,-13.270193899391627,-6.51428692085579,-7.281611514152127,-11.839393453187778,10.054060579054575,4.941554971962568e-06
ENGINEERING_SAMPLE,depth_10_bid,Q2,500,100,1437,100.0,-10.03408064972108,-10.052727550606328,0.0,-10.052813834532488,-10.052668982943777,-7.281611514152127,-11.839393453187778,10.052599922041871,-8.758662928654147e-25
ENGINEERING_SAMPLE,depth_10_bid,Q2,500,1000,1437,100.0,-10.03408064972108,-10.052727550606328,0.0,-10.052813834532488,-10.052668982943777,-7.281611514152127,-11.839393453187778,10.052599922041871,-8.758662928654147e-25
ENGINEERING_SAMPLE,depth_10_bid,Q2,500,500,1437,100.0,-10.03408064972108,-10.052727550606328,0.0,-10.052813834532488,-10.052668982943777,-7.281611514152127,-11.839393453187778,10.052599922041871,0.0
ENGINEERING_SAMPLE,depth_10_bid,Q2,5000,100,1437,100.0,-9.96478774585416,-10.052716993260866,0.0,-10.91744955676332,-8.841422653605848,-7.281611514152127,-11.839393453187778,10.05778818147568,2.7686709783669626e-05
ENGINEERING_SAMPLE,depth_10_bid,Q2,5000,1000,1437,100.0,-9.964821558957574,-10.052716993260866,0.0,-10.91744955676332,-8.841422653605848,-7.281611514152127,-11.839393453187778,10.057821995255257,6.15004893592637e-05
ENGINEERING_SAMPLE,depth_10_bid,Q2,5000,500,1437,100.0,-9.964809583560633,-10.052716993260866,0.0,-10.91744955676332,-8.841422653605848,-7.281611514152127,-11.839393453187778,10.057810019618845,4.9524852947775e-05
ENGINEERING_SAMPLE,depth_10_bid,Q2,60000,100,1437,98.60821155184412,-9.416255553423303,-9.577395629286631,1.4820042342978124,-14.120893047620054,-3.9300937991284806,-7.281611514152127,-11.839393453187778,10.061094377382151,-1.7816171303188835e-25
ENGINEERING_SAMPLE,depth_10_bid,Q2,60000,1000,1437,98.60821155184412,-9.416313315913971,-9.577395629286631,1.4820042342978124,-14.120893047620054,-3.9300937991284806,-7.281611514152127,-11.839393453187778,10.061152102951334,5.7725569181740314e-05
ENGINEERING_SAMPLE,depth_10_bid,Q2,60000,500,1437,98.60821155184412,-9.416296723245024,-9.577395629286631,1.4820042342978124,-14.120893047620054,-3.9300937991284806,-7.281611514152127,-11.839393453187778,10.061135520888334,4.11435061818089e-05
ENGINEERING_SAMPLE,depth_10_bid,Q3,1000,100,1438,100.0,-10.059156236236333,-10.052749512310855,0.0,-10.052834752117615,-10.052670923860113,-7.837825100907948,-11.91378509899767,10.0454899403494,1.3704081362408511e-05
ENGINEERING_SAMPLE,depth_10_bid,Q3,1000,1000,1438,100.0,-10.059176902406602,-10.052749512310855,0.0,-10.052834752117615,-10.052670923860113,-7.837845771315975,-11.913819010578287,10.045510597083387,3.43608153505831e-05
ENGINEERING_SAMPLE,depth_10_bid,Q3,1000,500,1438,100.0,-10.059174606159397,-10.052749512310855,0.0,-10.052834752117615,-10.052670923860113,-7.837843474603973,-11.913803457781004,10.045508301890722,3.206562268523037e-05
ENGINEERING_SAMPLE,depth_10_bid,Q3,15000,100,1438,98.81780250347705,-9.974130614648098,-10.052757022405256,0.0,-11.688456203821387,-8.209188588756167,-7.837825100907948,-11.91378509899767,10.051472312492821,1.386802885231769e-05
ENGINEERING_SAMPLE,depth_10_bid,Q3,15000,1000,1438,98.81780250347705,-9.974192809054001,-10.052757022405256,0.0,-11.688456203821387,-8.209188588756167,-7.837845771315975,-11.913819010578287,10.051534464622895,7.60201589250121e-05
ENGINEERING_SAMPLE,depth_10_bid,Q3,15000,500,1438,98.81780250347705,-9.974149204925977,-10.052757022405256,0.0,-11.688456203821387,-8.209188588756167,-7.837843474603973,-11.913803457781004,10.05149089370072,3.244923674972644e-05
ENGINEERING_SAMPLE,depth_10_bid,Q3,250,100,1438,100.0,-10.050962783070165,-10.052745062893413,0.0,-10.052813834532488,-10.052679243693497,-7.837825100907948,-11.91378509899767,10.048404975499086,1.3704081362408511e-05
ENGINEERING_SAMPLE,depth_10_bid,Q3,250,1000,1438,100.0,-10.050983449240436,-10.052745062893413,0.0,-10.052813834532488,-10.052679243693497,-7.837845771315975,-11.913819010578287,10.048425632233075,3.43608153505831e-05
ENGINEERING_SAMPLE,depth_10_bid,Q3,250,500,1438,100.0,-10.050981152993232,-10.052745062893413,0.0,-10.052813834532488,-10.052679243693497,-7.837843474603973,-11.913803457781004,10.048423337040408,3.206562268523037e-05
ENGINEERING_SAMPLE,depth_10_bid,Q3,3000,100,1438,100.0,-10.062911319049968,-10.052750624782512,0.0,-10.581182273293763,-9.577734044947178,-7.837825100907948,-11.91378509899767,10.047088686149909,3.511862020578148e-05
ENGINEERING_SAMPLE,depth_10_bid,Q3,3000,1000,1438,100.0,-10.063290266411114,-10.052750624782512,0.0,-10.581182273293763,-9.577734044947178,-7.837845771315975,-11.913819010578287,10.047467371096609,0.000413803566904458
ENGINEERING_SAMPLE,depth_10_bid,Q3,3000,500,1438,100.0,-10.063190428298723,-10.052750624782512,0.0,-10.581182273293763,-9.577734044947178,-7.837843474603973,-11.913803457781004,10.047367605699478,0.0003140381697727349
ENGINEERING_SAMPLE,depth_10_bid,Q3,30000,100,1438,97.56606397774686,-10.009123117581401,-10.1582668944571,0.0,-12.585448562101499,-6.9910250728124606,-7.837825100907948,-11.91378509899767,10.049271980986608,1.4045950819061611e-05
ENGINEERING_SAMPLE,depth_10_bid,Q3,30000,1000,1438,97.56606397774686,-10.009144295393154,-10.1582668944571,0.0,-12.585448562101499,-6.9910250728124606,-7.837845771315975,-11.913819010578287,10.049293153034702,3.5217998912429436e-05
ENGINEERING_SAMPLE,depth_10_bid,Q3,30000,500,1438,97.56606397774686,-10.009141942296747,-10.1582668944571,0.0,-12.585448562101499,-6.9910250728124606,-7.837843474603973,-11.913803457781004,10.049290800584915,3.286554912427746e-05
ENGINEERING_SAMPLE,depth_10_bid,Q3,500,100,1438,100.0,-10.057890702800055,-10.052747287508303,0.0,-10.052831125215839,-10.052672864919504,-7.837825100907948,-11.91378509899767,10.050267105730109,4.137387611033743e-05
ENGINEERING_SAMPLE,depth_10_bid,Q3,500,1000,1438,100.0,-10.057945168054015,-10.052747287508303,0.0,-10.052831125215839,-10.052672864919504,-7.837845771315975,-11.913819010578287,10.050321553484766,9.582163076733112e-05
ENGINEERING_SAMPLE,depth_10_bid,Q3,500,500,1438,100.0,-10.057930904737677,-10.052747287508303,0.0,-10.052831125215839,-10.052672864919504,-7.837843474603973,-11.913803457781004,10.0503072940778,8.156222380205664e-05
ENGINEERING_SAMPLE,depth_10_bid,Q3,5000,100,1438,100.0,-10.029424018961008,-10.052750624782512,0.0,-10.792479432234625,-9.207671189483133,-7.837825100907948,-11.91378509899767,10.042220107651499,4.183880168416946e-05
ENGINEERING_SAMPLE,depth_10_bid,Q3,5000,1000,1438,100.0,-10.029598936359406,-10.052750624782512,0.0,-10.792479432234625,-9.207671189483133,-7.837845771315975,-11.913819010578287,10.042394948508608,0.00021667965879292882
ENGINEERING_SAMPLE,depth_10_bid,Q3,5000,500,1438,100.0,-10.029478925131432,-10.052750624782512,0.0,-10.792479432234625,-9.207671189483133,-7.837843474603973,-11.913803457781004,10.042274977239169,9.67083893543028e-05
ENGINEERING_SAMPLE,depth_10_bid,Q3,60000,100,1438,93.67176634214186,-9.52545878944637,-9.789235306509374,0.0,-13.800810434342155,-4.727856205637321,-7.837825100907948,-11.91378509899767,10.048116301919748,1.4629895322303965e-05
ENGINEERING_SAMPLE,depth_10_bid,Q3,60000,1000,1438,93.67176634214186,-9.52578018812506,-9.789235306509374,0.0,-13.800810434342155,-4.727856205637321,-7.837845771315975,-11.913819010578287,10.048437628400924,0.0003359563764987661
ENGINEERING_SAMPLE,depth_10_bid,Q3,60000,500,1438,93.67176634214186,-9.52548359844007,-9.789235306509374,0.0,-13.800810434342155,-4.727856205637321,-7.837843474603973,-11.913803457781004,10.048141109932978,3.9437908550984625e-05
ENGINEERING_SAMPLE,depth_10_bid,Q4,1000,100,1438,100.0,-10.090931505061084,-10.052726994851147,0.0,-10.137103327781018,-10.05267194983113,-8.301408588172345,-11.927650127960035,10.048086954957325,-9.601945072537604e-25
ENGINEERING_SAMPLE,depth_10_bid,Q4,1000,1000,1438,100.0,-10.090931505061084,-10.052726994851147,0.0,-10.137103327781018,-10.05267194983113,-8.301408588172345,-11.927650127960035,10.048086954957325,-9.601945072537604e-25
ENGINEERING_SAMPLE,depth_10_bid,Q4,1000,500,1438,100.0,-10.090931505061084,-10.052726994851147,0.0,-10.137103327781018,-10.05267194983113,-8.301408588172345,-11.927650127960035,10.048086954957325,0.0
ENGINEERING_SAMPLE,depth_10_bid,Q4,15000,100,1438,100.0,-10.249699380204838,-10.05283252011913,0.0,-11.89850198715989,-8.73504543658633,-8.301408588172345,-11.927650127960035,10.042394163872904,2.7666501635346125e-05
ENGINEERING_SAMPLE,depth_10_bid,Q4,15000,1000,1438,100.0,-10.249733165920473,-10.05283252011913,0.0,-11.89850198715989,-8.73504543658633,-8.301408588172345,-11.927650127960035,10.042427953829645,6.145645837548465e-05
ENGINEERING_SAMPLE,depth_10_bid,Q4,15000,500,1438,100.0,-10.249721198851352,-10.05283252011913,0.0,-11.89850198715989,-8.73504543658633,-8.301408588172345,-11.927650127960035,10.042415985258303,4.94878870342995e-05
ENGINEERING_SAMPLE,depth_10_bid,Q4,250,100,1438,100.0,-10.061904112046351,-10.052726994851147,0.0,-10.052810489255798,-10.052672864919504,-8.301408588172345,-11.927650127960035,10.048229326938115,6.738970940753386e-05
ENGINEERING_SAMPLE,depth_10_bid,Q4,250,1000,1438,100.0,-10.062085447021214,-10.052726994851147,0.0,-10.052810489255798,-10.052672864919504,-8.301408588172345,-11.927650127960035,10.048410564794079,0.00024862756537241465
ENGINEERING_SAMPLE,depth_10_bid,Q4,250,500,1438,100.0,-10.062022731717462,-10.052726994851147,0.0,-10.052810489255798,-10.052672864919504,-8.301408588172345,-11.927650127960035,10.048347882664624,0.00018594543591623803
ENGINEERING_SAMPLE,depth_10_bid,Q4,3000,100,1438,100.0,-10.135484656685335,-10.052728940045535,0.0,-10.843609688231203,-9.736099388056552,-8.301408588172345,-11.927650127960035,10.04709729244688,-6.083137146509163e-25
ENGINEERING_SAMPLE,depth_10_bid,Q4,3000,1000,1438,100.0,-10.135541567919692,-10.052728940045535,0.0,-10.843609688231203,-9.736099388056552,-8.301408588172345,-11.927650127960035,10.04715417329328,5.688084640022823e-05
ENGINEERING_SAMPLE,depth_10_bid,Q4,3000,500,1438,100.0,-10.135525217563714,-10.052728940045535,0.0,-10.843609688231203,-9.736099388056552,-8.301408588172345,-11.927650127960035,10.047137831667635,4.0539220754956564e-05
ENGINEERING_SAMPLE,depth_10_bid,Q4,30000,100,1438,99.72183588317107,-10.14659229811399,-10.131827354792886,0.0,-12.425620727638783,-7.943202783195403,-8.301408588172345,-11.927650127960035,10.042400529663949,2.7744966786443644e-05
ENGINEERING_SAMPLE,depth_10_bid,Q4,30000,1000,1438,99.72183588317107,-10.146626183315918,-10.131827354792886,0.0,-12.425620727638783,-7.943202783195403,-8.301408588172345,-11.927650127960035,10.042434414291884,6.162959472253988e-05
ENGINEERING_SAMPLE,depth_10_bid,Q4,30000,500,1438,99.72183588317107,-10.146614182865846,-10.131827354792886,0.0,-12.425620727638783,-7.943202783195403,-8.301408588172345,-11.927650127960035,10.042422414045092,4.962934793003709e-05
ENGINEERING_SAMPLE,depth_10_bid,Q4,500,100,1438,100.0,-10.074969147214627,-10.052726994851147,0.0,-10.052826104173816,-10.052672587616545,-8.301408588172345,-11.927650127960035,10.052520388327785,6.972263249652759e-05
ENGINEERING_SAMPLE,depth_10_bid,Q4,500,1000,1438,100.0,-10.075321398709193,-10.052726994851147,0.0,-10.052826104173816,-10.052672587616545,-8.301408588172345,-11.927650127960035,10.052872439265755,0.000421773570465228
ENGINEERING_SAMPLE,depth_10_bid,Q4,500,500,1438,100.0,-10.075211719553558,-10.052726994851147,0.0,-10.052826104173816,-10.052672587616545,-8.301408588172345,-11.927650127960035,10.052762823263269,0.0003121575679799255
ENGINEERING_SAMPLE,depth_10_bid,Q4,5000,100,1438,100.0,-10.168884714665522,-10.052736166309996,0.0,-11.211456759445957,-9.314635752865236,-8.301408588172345,-11.927650127960035,10.04398266779118,7.398541467489177e-05
ENGINEERING_SAMPLE,depth_10_bid,Q4,5000,1000,1438,100.0,-10.169350267121525,-10.052736166309996,0.0,-11.211456759445957,-9.314635752865236,-8.301408588172345,-11.927650127960035,10.044447895213121,0.0005392128366160425
ENGINEERING_SAMPLE,depth_10_bid,Q4,5000,500,1438,100.0,-10.169171110780468,-10.052736166309996,0.0,-11.211456759445957,-9.314635752865236,-8.301408588172345,-11.927650127960035,10.044268862908027,0.0003601805315222092
ENGINEERING_SAMPLE,depth_10_bid,Q4,60000,100,1438,96.87065368567455,-10.02693003821181,-10.105350721555041,0.0,-13.774778037217375,-6.51428692085579,-8.301408588172345,-11.927650127960035,10.045317845790183,3.0001664228455356e-05
ENGINEERING_SAMPLE,depth_10_bid,Q4,60000,1000,1438,96.87065368567455,-10.026963011136354,-10.105350721555041,0.0,-13.774778037217375,-6.51428692085579,-8.301408588172345,-11.927650127960035,10.04535078962361,6.294549765589311e-05
ENGINEERING_SAMPLE,depth_10_bid,Q4,60000,500,1438,96.87065368567455,-10.026950154713319,-10.105350721555041,0.0,-13.774778037217375,-6.51428692085579,-8.301408588172345,-11.927650127960035,10.045337944543448,5.010041749448214e-05
ENGINEERING_SAMPLE,depth_10_bid,Q5,1000,100,1439,99.72202918693537,-10.105825516367823,-10.052745897102007,0.0,-10.421909345365798,-10.052685624012637,-8.33666862118466,-12.363288561364149,10.044488642730629,-6.866355816720003e-25
ENGINEERING_SAMPLE,depth_10_bid,Q5,1000,1000,1439,99.72202918693537,-10.105980234701828,-10.052745897102007,0.0,-10.42197474732063,-10.052685624012637,-8.33666862118466,-12.363288561364149,10.044643274347292,0.00015463161666250322
ENGINEERING_SAMPLE,depth_10_bid,Q5,1000,500,1439,99.72202918693537,-10.105825885058403,-10.052745897102007,0.0,-10.421909345365798,-10.052685624012637,-8.33666862118466,-12.363288561364149,10.044489011224329,3.684936989122795e-07
ENGINEERING_SAMPLE,depth_10_bid,Q5,15000,100,1439,98.33217512161222,-10.267489149774859,-10.263591910718613,0.0,-12.054739336492892,-8.468891820580476,-8.33666862118466,-12.363288561364149,10.04329415828686,-5.627363899563611e-25
ENGINEERING_SAMPLE,depth_10_bid,Q5,15000,1000,1439,98.33217512161222,-10.267547000966465,-10.263591910718613,0.0,-12.054739336492892,-8.468891820580476,-8.33666862118466,-12.363288561364149,10.04335196702078,5.780873392001701e-05
ENGINEERING_SAMPLE,depth_10_bid,Q5,15000,500,1439,98.33217512161222,-10.267530384844976,-10.263591910718613,0.0,-12.054739336492892,-8.468891820580476,-8.33666862118466,-12.363288561364149,10.043335363094064,4.120480720298184e-05
ENGINEERING_SAMPLE,depth_10_bid,Q5,250,100,1439,99.86101459346769,-10.072739113548476,-10.052740892246218,0.0,-10.05281784943671,-10.052701720377998,-8.33666862118466,-12.363288561364149,10.049842099166742,2.14246730001433e-05
ENGINEERING_SAMPLE,depth_10_bid,Q5,250,1000,1439,99.86101459346769,-10.073252065920952,-10.052740892246218,0.0,-10.052818853242249,-10.052701720377998,-8.33666862118466,-12.363288561364149,10.050354788101032,0.0005341136072900648
ENGINEERING_SAMPLE,depth_10_bid,Q5,250,500,1439,99.86101459346769,-10.072899106298522,-10.052740892246218,0.0,-10.052818853242249,-10.052701720377998,-8.33666862118466,-12.363288561364149,10.050002009829868,0.00018133533612547042
ENGINEERING_SAMPLE,depth_10_bid,Q5,3000,100,1439,99.09659485753996,-10.153009207171417,-10.0527556314857,0.0,-10.843649703869577,-9.736270514489965,-8.33666862118466,-12.363288561364149,10.044518665114927,8.13744665140145e-05
ENGINEERING_SAMPLE,depth_10_bid,Q5,3000,1000,1439,99.09659485753996,-10.15322978289207,-10.0527556314857,0.0,-10.843649703869577,-9.736270514489965,-8.33666862118466,-12.363288561364149,10.044739099443944,0.000301808795531035
ENGINEERING_SAMPLE,depth_10_bid,Q5,3000,500,1439,99.09659485753996,-10.153140544141134,-10.0527556314857,0.0,-10.843649703869577,-9.736270514489965,-8.33666862118466,-12.363288561364149,10.044649917422204,0.0002126267737909632
ENGINEERING_SAMPLE,depth_10_bid,Q5,30000,100,1439,96.5948575399583,-10.282306568785355,-10.26361135702542,0.0,-12.8462561420163,-7.993720316622691,-8.33666862118466,-12.363288561364149,10.044142837581116,2.9092226676004798e-05
ENGINEERING_SAMPLE,depth_10_bid,Q5,30000,1000,1439,96.5948575399583,-10.282348676270448,-10.26361135702542,0.0,-12.8462561420163,-7.993720316622691,-8.33666862118466,-12.363288561364149,10.044184925021447,7.117966700597711e-05
ENGINEERING_SAMPLE,depth_10_bid,Q5,30000,500,1439,96.5948575399583,-10.282343997660995,-10.26361135702542,0.0,-12.8462561420163,-7.993720316622691,-8.33666862118466,-12.363288561364149,10.044180248639188,6.650328474709129e-05
ENGINEERING_SAMPLE,depth_10_bid,Q5,500,100,1439,99.79152189020152,-10.088524909131129,-10.052741448294404,0.0,-10.210984701858965,-10.052701442771133,-8.33666862118466,-12.363288561364149,10.050438757946829,7.313859381049445e-05
ENGINEERING_SAMPLE,depth_10_bid,Q5,500,1000,1439,99.79152189020152,-10.089070711910509,-10.052741448294404,0.0,-10.211033657870512,-10.052701442771133,-8.33666862118466,-12.363288561364149,10.050984263105013,0.0006186437519944995
ENGINEERING_SAMPLE,depth_10_bid,Q5,500,500,1439,99.79152189020152,-10.088795566757753,-10.052741448294404,0.0,-10.211033657870512,-10.052701442771133,-8.33666862118466,-12.363288561364149,10.050709267728179,0.0003436483751605076
ENGINEERING_SAMPLE,depth_10_bid,Q5,5000,100,1439,98.61014593467686,-10.182637630442857,-10.052769265660684,0.0,-11.055830813797034,-9.314176790685902,-8.33666862118466,-12.363288561364149,10.040968833036306,2.945051862364094e-05
ENGINEERING_SAMPLE,depth_10_bid,Q5,5000,1000,1439,98.61014593467686,-10.182669992331716,-10.052769265660684,0.0,-11.055830813797034,-9.314176790685902,-8.33666862118466,-12.363288561364149,10.041001172349295,6.17898316122959e-05
ENGINEERING_SAMPLE,depth_10_bid,Q5,5000,500,1439,98.61014593467686,-10.182657371473873,-10.052769265660684,0.0,-11.055830813797034,-9.314176790685902,-8.33666862118466,-12.363288561364149,10.040988560295848,4.917777816503959e-05
ENGINEERING_SAMPLE,depth_10_bid,Q5,60000,100,1439,95.06601806810285,-10.67608158660022,-10.685364247134764,0.0,-14.693518801589727,-6.397805062022815,-8.33666862118466,-12.363288561364149,10.039649411957125,-3.969207723529483e-25
ENGINEERING_SAMPLE,depth_10_bid,Q5,60000,1000,1439,95.06601806810285,-10.67608158660022,-10.685364247134764,0.0,-14.693518801589727,-6.397805062022815,-8.33666862118466,-12.363288561364149,10.039649411957125,-3.969207723529483e-25
ENGINEERING_SAMPLE,depth_10_bid,Q5,60000,500,1439,95.06601806810285,-10.67608158660022,-10.685364247134764,0.0,-14.693518801589727,-6.397805062022815,-8.33666862118466,-12.363288561364149,10.039649411957125,0.0
ENGINEERING_SAMPLE,depth_20_ask,Q1,1000,100,1439,100.0,-10.13172292208605,-10.052741448294404,0.0,-10.538428707263407,-10.05267536077752,-8.205854831654095,-12.136098385930756,10.040855060951612,1.369455802581198e-05
ENGINEERING_SAMPLE,depth_20_ask,Q1,1000,1000,1439,100.0,-10.131897862157034,-10.052741448294404,0.0,-10.542008917135842,-10.05267536077752,-8.205875487697698,-12.136119025209238,10.041029905116577,0.00018853872299154318
ENGINEERING_SAMPLE,depth_20_ask,Q1,1000,500,1439,100.0,-10.131741646909088,-10.052741448294404,0.0,-10.538428707263407,-10.05267536077752,-8.205873192581743,-12.136116731956072,10.040873777202396,3.24108088111886e-05
ENGINEERING_SAMPLE,depth_20_ask,Q1,15000,100,1439,99.86101459346769,-10.34563810330753,-10.36870811331582,0.0,-12.270937436352915,-8.680455173723583,-8.205854831654095,-12.136098385930756,10.031400114020247,4.139937254750951e-05
ENGINEERING_SAMPLE,depth_20_ask,Q1,15000,1000,1439,99.86101459346769,-10.345749559249068,-10.36870811331582,0.0,-12.270937436352915,-8.680455173723583,-8.205875487697698,-12.136119025209238,10.031511522301226,0.00015280765352464125
ENGINEERING_SAMPLE,depth_20_ask,Q1,15000,500,1439,99.86101459346769,-10.345718924200202,-10.36870811331582,0.0,-12.270937436352915,-8.680455173723583,-8.205873192581743,-12.136116731956072,10.031480898885118,0.0001221842374174692
ENGINEERING_SAMPLE,depth_20_ask,Q1,250,100,1439,100.0,-10.08192084901188,-10.052730885383452,0.0,-10.052826717814018,-10.052685624012637,-8.205854831654095,-12.136098385930756,10.049194083401808,3.508945385708781e-05
ENGINEERING_SAMPLE,depth_20_ask,Q1,250,1000,1439,100.0,-10.082469888786752,-10.052730885383452,0.0,-10.052828056687858,-10.052685624012637,-8.205875487697698,-12.136119025209238,10.049742842056176,0.0005838481082234
ENGINEERING_SAMPLE,depth_20_ask,Q1,250,500,1439,100.0,-10.08213950924419,-10.052730885383452,0.0,-10.052828056687858,-10.052685624012637,-8.205873192581743,-12.136116731956072,10.049412631642795,0.0002536376948431479
ENGINEERING_SAMPLE,depth_20_ask,Q1,3000,100,1439,100.0,-10.214823706725081,-10.052769265660684,0.0,-11.003494639265599,-9.68377302035484,-8.205854831654095,-12.136098385930756,10.037702770623136,6.62208579171361e-05
ENGINEERING_SAMPLE,depth_20_ask,Q1,3000,1000,1439,100.0,-10.215205217312882,-10.052769265660684,0.0,-11.003494639265599,-9.68377302035484,-8.205875487697698,-12.136119025209238,10.038084057245081,0.00044750747986154935
ENGINEERING_SAMPLE,depth_20_ask,Q1,3000,500,1439,100.0,-10.215082229157215,-10.052769265660684,0.0,-11.003494639265599,-9.68377302035484,-8.205873192581743,-12.136116731956072,10.03796114368499,0.0003245939197709463
ENGINEERING_SAMPLE,depth_20_ask,Q1,30000,100,1439,99.86101459346769,-10.31721779319725,-10.421793730007746,0.0,-12.845892900411922,-7.553198839639203,-8.205854831654095,-12.136098385930756,10.035730757538515,4.1854324341538e-05
ENGINEERING_SAMPLE,depth_20_ask,Q1,30000,1000,1439,99.86101459346769,-10.317279200207807,-10.421793730007746,0.0,-12.845892900411922,-7.553198839639203,-8.205875487697698,-12.136119025209238,10.035792139532623,0.0001032363184498585
ENGINEERING_SAMPLE,depth_20_ask,Q1,30000,500,1439,99.86101459346769,-10.317272377200567,-10.421793730007746,0.0,-12.845892900411922,-7.553198839639203,-8.205873192581743,-12.136116731956072,10.035785319311055,9.641609688226732e-05
ENGINEERING_SAMPLE,depth_20_ask,Q1,500,100,1439,100.0,-10.104363712701986,-10.052736166309996,0.0,-10.274570475608687,-10.052684625327698,-8.205854831654095,-12.136098385930756,10.048283639117699,0.0001166648789776906
ENGINEERING_SAMPLE,depth_20_ask,Q1,500,1000,1439,100.0,-10.105190483751233,-10.052736166309996,0.0,-10.31637197322737,-10.052684625327698,-8.205875487697698,-12.136119025209238,10.049109953387237,0.0009429791485160104
ENGINEERING_SAMPLE,depth_20_ask,Q1,500,500,1439,100.0,-10.104838388665534,-10.052736166309996,0.0,-10.316337629839659,-10.052684625327698,-8.205873192581743,-12.136116731956072,10.04875805338301,0.0005910791442884642
ENGINEERING_SAMPLE,depth_20_ask,Q1,5000,100,1439,100.0,-10.240930368092778,-10.052813834532488,0.0,-11.266335502098888,-9.303350335142344,-8.205854831654095,-12.136098385930756,10.031229500536064,9.52706652480651e-05
ENGINEERING_SAMPLE,depth_20_ask,Q1,5000,1000,1439,100.0,-10.241216205217745,-10.052813834532488,0.0,-11.266335502098888,-9.303350335142344,-8.205875487697698,-12.136119025209238,10.031515163778744,0.0003809339079288408
ENGINEERING_SAMPLE,depth_20_ask,Q1,5000,500,1439,100.0,-10.241099469897016,-10.052813834532488,0.0,-11.266335502098888,-9.303350335142344,-8.205873192581743,-12.136116731956072,10.031398501493024,0.00026427162220898627
ENGINEERING_SAMPLE,depth_20_ask,Q1,60000,100,1439,99.86101459346769,-10.254154167323794,-10.31674924413911,0.0,-14.013597183440574,-5.860465131445902,-8.205854831654095,-12.136098385930756,10.036068386165727,1.3713617953474906e-05
ENGINEERING_SAMPLE,depth_20_ask,Q1,60000,1000,1439,99.86101459346769,-10.254455436648911,-10.31674924413911,0.0,-14.013597183440574,-5.860465131445902,-8.205875487697698,-12.136119025209238,10.036369587815097,0.000314915267323478
ENGINEERING_SAMPLE,depth_20_ask,Q1,60000,500,1439,99.86101459346769,-10.254177422518307,-10.31674924413911,0.0,-14.013597183440574,-5.860465131445902,-8.205873192581743,-12.136116731956072,10.036091640441176,3.696789340165365e-05
ENGINEERING_SAMPLE,depth_20_ask,Q2,1000,100,1439,99.72202918693537,-10.083149958015234,-10.052743950656334,0.0,-10.158185152783194,-10.052675083448284,-7.869121459100274,-12.178993126232589,10.047206014018869,-4.511598152756604e-25
ENGINEERING_SAMPLE,depth_20_ask,Q2,1000,1000,1439,99.72202918693537,-10.083149958015234,-10.052743950656334,0.0,-10.158185152783194,-10.052675083448284,-7.869121459100274,-12.178993126232589,10.047206014018869,-4.511598152756604e-25
ENGINEERING_SAMPLE,depth_20_ask,Q2,1000,500,1439,99.72202918693537,-10.083149958015234,-10.052743950656334,0.0,-10.158185152783194,-10.052675083448284,-7.869121459100274,-12.178993126232589,10.047206014018869,0.0
ENGINEERING_SAMPLE,depth_20_ask,Q2,15000,100,1439,98.47116052814455,-10.286628904770309,-10.263644700227676,0.0,-12.006360555619418,-8.73504543658633,-7.869121459100274,-12.178993126232589,10.047060017288668,-3.939195631298962e-25
ENGINEERING_SAMPLE,depth_20_ask,Q2,15000,1000,1439,98.47116052814455,-10.286872167656913,-10.263644700227676,0.0,-12.006360555619418,-8.73504543658633,-7.869121459100274,-12.178993126232589,10.047303196420884,0.00024317913221695366
ENGINEERING_SAMPLE,depth_20_ask,Q2,15000,500,1439,98.47116052814455,-10.286633887925959,-10.263644700227676,0.0,-12.006360555619418,-8.73504543658633,-7.869121459100274,-12.178993126232589,10.047064998728638,4.981439969890669e-06
ENGINEERING_SAMPLE,depth_20_ask,Q2,250,100,1439,99.86101459346769,-10.056569044388192,-10.052741170268845,0.0,-10.052815340088014,-10.05267536077752,-7.869121459100274,-12.178993126232589,10.048098662717445,3.974521530419163e-05
ENGINEERING_SAMPLE,depth_20_ask,Q2,250,1000,1439,99.86101459346769,-10.056700502623693,-10.052741170268845,0.0,-10.052815340088014,-10.05267536077752,-7.869121459100274,-12.178993126232589,10.048230049036931,0.00017113153478964224
ENGINEERING_SAMPLE,depth_20_ask,Q2,250,500,1439,99.86101459346769,-10.056625300903873,-10.052741170268845,0.0,-10.052815340088014,-10.05267536077752,-7.869121459100274,-12.178993126232589,10.048154887666565,9.597016442302233e-05
ENGINEERING_SAMPLE,depth_20_ask,Q2,3000,100,1439,99.09659485753996,-10.149486997993714,-10.052763978103345,0.0,-10.791597436506052,-9.630513803964188,-7.869121459100274,-12.178993126232589,10.052620751618138,4.996406070276268e-05
ENGINEERING_SAMPLE,depth_20_ask,Q2,3000,1000,1439,99.09659485753996,-10.149762111529574,-10.052763978103345,0.0,-10.791597436506052,-9.630513803964188,-7.869121459100274,-12.178993126232589,10.052895654503605,0.0003248669461701439
ENGINEERING_SAMPLE,depth_20_ask,Q2,3000,500,1439,99.09659485753996,-10.149679815933261,-10.052763978103345,0.0,-10.791597436506052,-9.630513803964188,-7.869121459100274,-12.178993126232589,10.052813422491834,0.0002426349343999595
ENGINEERING_SAMPLE,depth_20_ask,Q2,30000,100,1439,98.47116052814455,-10.000349255260815,-10.263931243339066,0.0,-12.427335010521986,-7.266417753854215,-7.869121459100274,-12.178993126232589,10.04262347448411,2.807782806757952e-05
ENGINEERING_SAMPLE,depth_20_ask,Q2,30000,1000,1439,98.47116052814455,-10.00038354698951,-10.263931243339066,0.0,-12.427335010521986,-7.266417753854215,-7.869121459100274,-12.178993126232589,10.04265776563193,6.236897588717162e-05
ENGINEERING_SAMPLE,depth_20_ask,Q2,30000,500,1439,98.47116052814455,-10.000371402567914,-10.263931243339066,0.0,-12.427335010521986,-7.266417753854215,-7.869121459100274,-12.178993126232589,10.04264562141605,5.0224760008237956e-05
ENGINEERING_SAMPLE,depth_20_ask,Q2,500,100,1439,99.79152189020152,-10.069776739482693,-10.052741448294404,0.0,-10.052831404190606,-10.052675083448284,-7.869121459100274,-12.178993126232589,10.052075976749675,5.587316910969149e-05
ENGINEERING_SAMPLE,depth_20_ask,Q2,500,1000,1439,99.79152189020152,-10.069851344278403,-10.052741448294404,0.0,-10.052831404190606,-10.052675083448284,-7.869121459100274,-12.178993126232589,10.052150549987807,0.00013044640724166204
ENGINEERING_SAMPLE,depth_20_ask,Q2,500,500,1439,99.79152189020152,-10.069834831804478,-10.052741448294404,0.0,-10.052831404190606,-10.052675083448284,-7.869121459100274,-12.178993126232589,10.052134042981951,0.00011393940138392949
ENGINEERING_SAMPLE,depth_20_ask,Q2,5000,100,1439,98.61014593467686,-10.213487250673657,-10.052769265660684,0.0,-11.119510467537607,-9.314003164556961,-7.869121459100274,-12.178993126232589,10.04692921000209,2.8511436097739428e-05
ENGINEERING_SAMPLE,depth_20_ask,Q2,5000,1000,1439,98.61014593467686,-10.213528497611165,-10.052769265660684,0.0,-11.119510467537607,-9.314003164556961,-7.869121459100274,-12.178993126232589,10.046970424915825,6.972634983270805e-05
ENGINEERING_SAMPLE,depth_20_ask,Q2,5000,500,1439,98.61014593467686,-10.21352391461811,-10.052769265660684,0.0,-11.119510467537607,-9.314003164556961,-7.869121459100274,-12.178993126232589,10.046965845480965,6.514691497326709e-05
ENGINEERING_SAMPLE,depth_20_ask,Q2,60000,100,1439,98.47116052814455,-9.96472972963624,-10.527239384070572,0.0,-13.958461586678778,-5.3589482728628886,-7.869121459100274,-12.178993126232589,10.042927181391704,2.949352030362619e-05
ENGINEERING_SAMPLE,depth_20_ask,Q2,60000,1000,1439,98.47116052814455,-9.964819906582722,-10.527239384070572,0.0,-13.958461586678778,-5.3589482728628886,-7.869121459100274,-12.178993126232589,10.043017292818305,0.00011960494690556466
ENGINEERING_SAMPLE,depth_20_ask,Q2,60000,500,1439,98.47116052814455,-9.964790675242435,-10.527239384070572,0.0,-13.958461586678778,-5.3589482728628886,-7.869121459100274,-12.178993126232589,10.042988083234723,9.039536332352634e-05
ENGINEERING_SAMPLE,depth_20_ask,Q3,1000,100,1438,100.0,-10.024149160416762,-10.052736722258533,0.0,-10.052813834532488,-10.052670923860113,-7.438437769265039,-11.711603163587945,10.054875844545082,2.947165816190447e-05
ENGINEERING_SAMPLE,depth_20_ask,Q3,1000,1000,1438,100.0,-10.024332063947734,-10.052736722258533,0.0,-10.052813834532488,-10.052670923860113,-7.438620650343315,-11.711785906647863,10.055058652245,0.00021227935807919244
ENGINEERING_SAMPLE,depth_20_ask,Q3,1000,500,1438,100.0,-10.024287323910505,-10.052736722258533,0.0,-10.052813834532488,-10.052670923860113,-7.43857591668657,-11.711741206751123,10.055013936536982,0.0001675636500598046
ENGINEERING_SAMPLE,depth_20_ask,Q3,15000,100,1438,100.0,-9.901301515703734,-10.052723938407057,0.0,-11.741505174432712,-7.996141865502901,-7.438437769265039,-11.711603163587945,10.058090373298759,2.947165816190447e-05
ENGINEERING_SAMPLE,depth_20_ask,Q3,15000,1000,1438,100.0,-9.901525238594013,-10.052723938407057,0.0,-11.741505174432712,-7.996141865502901,-7.438620650343315,-11.711785906647863,10.058313941633836,0.0002530399932379572
ENGINEERING_SAMPLE,depth_20_ask,Q3,15000,500,1438,100.0,-9.901439699621728,-10.052723938407057,0.0,-11.741505174432712,-7.996141865502901,-7.43857591668657,-11.711741206751123,10.058228465290657,0.0001675636500598046
ENGINEERING_SAMPLE,depth_20_ask,Q3,250,100,1438,100.0,-10.046022057872156,-10.052736722258533,0.0,-10.052803799973612,-10.052672864919504,-7.438437769265039,-11.711603163587945,10.054270986164948,2.947165816190447e-05
ENGINEERING_SAMPLE,depth_20_ask,Q3,250,1000,1438,100.0,-10.046204961403127,-10.052736722258533,0.0,-10.052803799973612,-10.052672864919504,-7.438620650343315,-11.711785906647863,10.054453793864866,0.00021227935807919244
ENGINEERING_SAMPLE,depth_20_ask,Q3,250,500,1438,100.0,-10.046160221365898,-10.052736722258533,0.0,-10.052803799973612,-10.052672864919504,-7.43857591668657,-11.711741206751123,10.054409078156846,0.0001675636500598046
ENGINEERING_SAMPLE,depth_20_ask,Q3,3000,100,1438,100.0,-9.993637814175155,-10.052730885383452,0.0,-10.474580469705275,-9.31373531863702,-7.438437769265039,-11.711603163587945,10.055749123445914,4.106844799488539e-05
ENGINEERING_SAMPLE,depth_20_ask,Q3,3000,1000,1438,100.0,-9.994110321736295,-10.052730885383452,0.0,-10.474580469705275,-9.31373531863702,-7.438620650343315,-11.711785906647863,10.056221439295582,0.0005133842976637078
ENGINEERING_SAMPLE,depth_20_ask,Q3,3000,500,1438,100.0,-9.993800909624582,-10.052730885383452,0.0,-10.474580469705275,-9.31373531863702,-7.43857591668657,-11.711741206751123,10.055912142928142,0.00020408793022137948
ENGINEERING_SAMPLE,depth_20_ask,Q3,30000,100,1438,100.0,-9.670857181620757,-9.788878396699708,0.0,-12.585448562101499,-6.360283650550957,-7.438437769265039,-11.711603163587945,10.052069531489682,2.947165816190447e-05
ENGINEERING_SAMPLE,depth_20_ask,Q3,30000,1000,1438,100.0,-9.671040099636386,-9.788878396699708,0.0,-12.585448562101499,-6.360283650550957,-7.438620650343315,-11.711785906647863,10.0522523391896,0.00021227935807919244
ENGINEERING_SAMPLE,depth_20_ask,Q3,30000,500,1438,100.0,-9.670995356056064,-9.788878396699708,0.0,-12.585448562101499,-6.360283650550957,-7.43857591668657,-11.711741206751123,10.05220762348158,0.0001675636500598046
ENGINEERING_SAMPLE,depth_20_ask,Q3,500,100,1438,100.0,-10.035390911241253,-10.052736722258533,0.0,-10.052810489255798,-10.052671755725191,-7.438437769265039,-11.711603163587945,10.051508777609723,4.1063569426249516e-05
ENGINEERING_SAMPLE,depth_20_ask,Q3,500,1000,1438,100.0,-10.035623728158223,-10.052736722258533,0.0,-10.052810489255798,-10.052671755725191,-7.438620650343315,-11.711785906647863,10.051741472043524,0.000273758003227284
ENGINEERING_SAMPLE,depth_20_ask,Q3,500,500,1438,100.0,-10.035549112618085,-10.052736722258533,0.0,-10.052810489255798,-10.052671755725191,-7.43857591668657,-11.711741206751123,10.051666896785138,0.0001991827448404419
ENGINEERING_SAMPLE,depth_20_ask,Q3,5000,100,1438,100.0,-9.952279170624857,-10.052726994851147,0.0,-10.843058773962502,-8.944508914442451,-7.438437769265039,-11.711603163587945,10.053773468840783,2.947165816190447e-05
ENGINEERING_SAMPLE,depth_20_ask,Q3,5000,1000,1438,100.0,-9.952575607983501,-10.052726994851147,0.0,-10.843058773962502,-8.944508914442451,-7.438620650343315,-11.711785906647863,10.054069790314314,0.0003257931316935738
ENGINEERING_SAMPLE,depth_20_ask,Q3,5000,500,1438,100.0,-9.952417679183705,-10.052726994851147,0.0,-10.843058773962502,-8.944508914442451,-7.43857591668657,-11.711741206751123,10.053911917457244,0.00016792027462382415
ENGINEERING_SAMPLE,depth_20_ask,Q3,60000,100,1438,100.0,-9.195266358845535,-8.997172384323614,0.0,-13.530011164005561,-4.284603685235346,-7.438437769265039,-11.711603163587945,10.05608876673324,2.947165816190447e-05
ENGINEERING_SAMPLE,depth_20_ask,Q3,60000,1000,1438,100.0,-9.195449192850164,-8.997172384323614,0.0,-13.530011164005561,-4.284603685235346,-7.438620650343315,-11.711785906647863,10.056271574433158,0.00021227935807919244
ENGINEERING_SAMPLE,depth_20_ask,Q3,60000,500,1438,100.0,-9.195404469819774,-8.997172384323614,0.0,-13.530011164005561,-4.284603685235346,-7.43857591668657,-11.711741206751123,10.056226858725138,0.0001675636500598046
ENGINEERING_SAMPLE,depth_20_ask,Q4,1000,100,1437,100.0,-10.015980201968347,-10.052723938407057,0.0,-10.052796833773087,-10.052668428422527,-7.231161994410663,-11.600900779701734,10.054228938323087,1.3716640907089285e-05
ENGINEERING_SAMPLE,depth_20_ask,Q4,1000,1000,1437,100.0,-10.016139726356046,-10.052723938407057,0.0,-10.052796833773087,-10.052668428422527,-7.231321460646088,-11.601060202402815,10.054388382404648,0.00017316072246872325
ENGINEERING_SAMPLE,depth_20_ask,Q4,1000,500,1437,100.0,-10.01609698769845,-10.052723938407057,0.0,-10.052796833773087,-10.052668428422527,-7.231278738341131,-11.601017494140613,10.054345665167359,0.00013044348517978624
ENGINEERING_SAMPLE,depth_20_ask,Q4,15000,100,1437,99.09533750869868,-9.4718920048042,-10.0,0.0,-11.212708099476687,-7.09856266081748,-7.231161994410663,-11.600900779701734,10.058968060073106,4.224572874676993e-05
ENGINEERING_SAMPLE,depth_20_ask,Q4,15000,1000,1437,99.09533750869868,-9.47209409833306,-10.0,0.0,-11.212708099476687,-7.09856266081748,-7.231321460646088,-11.601060202402815,10.059170036666194,0.0002442223218350352
ENGINEERING_SAMPLE,depth_20_ask,Q4,15000,500,1437,99.09533750869868,-9.472046399955746,-10.0,0.0,-11.212708099476687,-7.09856266081748,-7.231278738341131,-11.601017494140613,10.05912236535274,0.00019655100838220717
ENGINEERING_SAMPLE,depth_20_ask,Q4,250,100,1437,100.0,-10.042986190446902,-10.052723938407057,0.0,-10.052796833773087,-10.052668982943777,-7.231161994410663,-11.600900779701734,10.055401324942421,1.3716640907089285e-05
ENGINEERING_SAMPLE,depth_20_ask,Q4,250,1000,1437,100.0,-10.043145714834601,-10.052723938407057,0.0,-10.052796833773087,-10.052668982943777,-7.231321460646088,-11.601060202402815,10.055560769023982,0.00017316072246872325
ENGINEERING_SAMPLE,depth_20_ask,Q4,250,500,1437,100.0,-10.043102976177005,-10.052723938407057,0.0,-10.052796833773087,-10.052668982943777,-7.231278738341131,-11.601017494140613,10.055518051786693,0.00013044348517978624
ENGINEERING_SAMPLE,depth_20_ask,Q4,3000,100,1437,100.0,-9.93343988068273,-10.05272199358167,0.0,-10.05283252011913,-9.314913722267871,-7.231161994410663,-11.600900779701734,10.054958615447447,1.3716640907089285e-05
ENGINEERING_SAMPLE,depth_20_ask,Q4,3000,1000,1437,100.0,-9.93359940507043,-10.05272199358167,0.0,-10.05283252011913,-9.314913722267871,-7.231321460646088,-11.601060202402815,10.05511805952901,0.00017316072246872325
ENGINEERING_SAMPLE,depth_20_ask,Q4,3000,500,1437,100.0,-9.933556666412832,-10.05272199358167,0.0,-10.05283252011913,-9.314913722267871,-7.231278738341131,-11.601017494140613,10.055075342291719,0.00013044348517978624
ENGINEERING_SAMPLE,depth_20_ask,Q4,30000,100,1437,98.74739039665971,-9.412189990063592,-9.472760615929428,0.0,-12.217766783776423,-6.9910250728124606,-7.231161994410663,-11.600900779701734,10.061496791634939,3.558045203468882e-05
ENGINEERING_SAMPLE,depth_20_ask,Q4,30000,1000,1437,98.74739039665971,-9.412586559442094,-9.472760615929428,0.0,-12.217766783776423,-6.9910250728124606,-7.231321460646088,-11.601060202402815,10.061893254141465,0.00043204295855917783
ENGINEERING_SAMPLE,depth_20_ask,Q4,30000,500,1437,98.74739039665971,-9.412465153560358,-9.472760615929428,0.0,-12.217766783776423,-6.9910250728124606,-7.231278738341131,-11.601017494140613,10.061771879317277,0.0003106681343724032
ENGINEERING_SAMPLE,depth_20_ask,Q4,500,100,1437,100.0,-10.033702646275588,-10.052723938407057,0.0,-10.052796833773087,-10.052668982943777,-7.231161994410663,-11.600900779701734,10.052942447990954,1.3716640907089285e-05
ENGINEERING_SAMPLE,depth_20_ask,Q4,500,1000,1437,100.0,-10.033862170663285,-10.052723938407057,0.0,-10.052796833773087,-10.052668982943777,-7.231321460646088,-11.601060202402815,10.053101892072515,0.00017316072246872325
ENGINEERING_SAMPLE,depth_20_ask,Q4,500,500,1437,100.0,-10.03381943200569,-10.052723938407057,0.0,-10.052796833773087,-10.052668982943777,-7.231278738341131,-11.601017494140613,10.053059174835226,0.00013044348517978624
ENGINEERING_SAMPLE,depth_20_ask,Q4,5000,100,1437,100.0,-9.812200836443006,-10.052707273129563,0.0,-10.316584224003316,-8.840128365240211,-7.231161994410663,-11.600900779701734,10.050311494506593,6.283222608158607e-05
ENGINEERING_SAMPLE,depth_20_ask,Q4,5000,1000,1437,100.0,-9.812626451292857,-10.052707273129563,0.0,-10.316584224003316,-8.840128365240211,-7.231321460646088,-11.601060202402815,10.050736848049805,0.00048818576929232475
ENGINEERING_SAMPLE,depth_20_ask,Q4,5000,500,1437,100.0,-9.812494594597311,-10.052707273129563,0.0,-10.316584224003316,-8.840128365240211,-7.231278738341131,-11.601017494140613,10.050605072074873,0.0003564097943612134
ENGINEERING_SAMPLE,depth_20_ask,Q4,60000,100,1437,98.74739039665971,-9.234264496920884,-9.103726109111603,1.4799154334038056,-14.694954128440367,-3.938982890134435,-7.231161994410663,-11.600900779701734,10.056985294716497,4.1926085125779755e-05
ENGINEERING_SAMPLE,depth_20_ask,Q4,60000,1000,1437,98.74739039665971,-9.234460275974453,-9.103726109111603,1.4799154334038056,-14.694954128440367,-3.938982890134435,-7.231321460646088,-11.601060202402815,10.05718100325465,0.00023763462327714162
ENGINEERING_SAMPLE,depth_20_ask,Q4,60000,500,1437,98.74739039665971,-9.234404861952797,-9.103726109111603,1.4799154334038056,-14.694954128440367,-3.938982890134435,-7.231278738341131,-11.601017494140613,10.057125613338883,0.00018224470750965397
ENGINEERING_SAMPLE,depth_20_ask,Q5,1000,100,1439,100.0,-9.990098719798219,-10.052726994851147,0.0,-10.052805193434317,-9.683678039783954,-7.922230408605261,-12.120700946176251,10.062181877072542,1.9900872737715537e-05
ENGINEERING_SAMPLE,depth_20_ask,Q5,1000,1000,1439,100.0,-9.990147666953714,-10.052726994851147,0.0,-10.052805193434317,-9.683678039783954,-7.922279353597111,-12.120763120441211,10.062230804453302,6.882825349786894e-05
ENGINEERING_SAMPLE,depth_20_ask,Q5,1000,500,1439,100.0,-9.99011765601041,-10.052726994851147,0.0,-10.052805193434317,-9.683678039783954,-7.922249340176507,-12.120719873263326,10.062200805006464,3.8828806660302155e-05
ENGINEERING_SAMPLE,depth_20_ask,Q5,15000,100,1439,98.33217512161222,-9.939429618387129,-10.052668982943777,0.0,-12.10825760568945,-7.628784806526537,-7.922230408605261,-12.120700946176251,10.069879884036887,3.201861106910958e-05
ENGINEERING_SAMPLE,depth_20_ask,Q5,15000,1000,1439,98.33217512161222,-9.939530114811568,-10.052668982943777,0.0,-12.10825760568945,-7.628784806526537,-7.922279353597111,-12.120763120441211,10.069980338769943,0.00013247334412501405
ENGINEERING_SAMPLE,depth_20_ask,Q5,15000,500,1439,98.33217512161222,-9.939469239366087,-10.052668982943777,0.0,-12.10825760568945,-7.628784806526537,-7.922249340176507,-12.120719873263326,10.069919485830876,7.162040505847996e-05
ENGINEERING_SAMPLE,depth_20_ask,Q5,250,100,1439,100.0,-10.033360376899589,-10.052741170268845,0.0,-10.052803799973612,-10.052670923860113,-7.922230408605261,-12.120700946176251,10.057446512377135,4.755377595933493e-05
ENGINEERING_SAMPLE,depth_20_ask,Q5,250,1000,1439,100.0,-10.033443110997785,-10.052741170268845,0.0,-10.052803799973612,-10.052670923860113,-7.922279353597111,-12.120763120441211,10.057529208051289,0.00013024945011309163
ENGINEERING_SAMPLE,depth_20_ask,Q5,250,500,1439,100.0,-10.033401139332012,-10.052741170268845,0.0,-10.052803799973612,-10.052670923860113,-7.922249340176507,-12.120719873263326,10.057487255796389,8.829719521210179e-05
ENGINEERING_SAMPLE,depth_20_ask,Q5,3000,100,1439,100.0,-9.924043725883914,-10.052717271031582,0.0,-10.105342624143981,-9.261487359291381,-7.922230408605261,-12.120700946176251,10.066681057156304,4.754943588695819e-05
ENGINEERING_SAMPLE,depth_20_ask,Q5,3000,1000,1439,100.0,-9.924126438334406,-10.052717271031582,0.0,-10.105342624143981,-9.261487359291381,-7.922279353597111,-12.120763120441211,10.066763751428281,0.00013024370786348549
ENGINEERING_SAMPLE,depth_20_ask,Q5,3000,500,1439,100.0,-9.924084470806433,-10.052717271031582,0.0,-10.105342624143981,-9.261487359291381,-7.922249340176507,-12.120719873263326,10.06672179343113,8.82857107128895e-05
ENGINEERING_SAMPLE,depth_20_ask,Q5,30000,100,1439,94.5100764419736,-10.18873856276837,-9.947331571577473,0.0,-13.530290023751718,-6.8361969010224515,-7.922230408605261,-12.120700946176251,10.068507218053261,2.1056879315862246e-05
ENGINEERING_SAMPLE,depth_20_ask,Q5,30000,1000,1439,94.5100764419736,-10.189043647235014,-9.947331571577473,0.0,-13.530290023751718,-6.8361969010224515,-7.922279353597111,-12.120763120441211,10.068812265902585,0.0003261047286395743
ENGINEERING_SAMPLE,depth_20_ask,Q5,30000,500,1439,94.5100764419736,-10.18876375055996,-9.947331571577473,0.0,-13.530290023751718,-6.8361969010224515,-7.922249340176507,-12.120719873263326,10.06853239777522,4.623660127530715e-05
ENGINEERING_SAMPLE,depth_20_ask,Q5,500,100,1439,100.0,-10.011418301232586,-10.052730051649625,0.0,-10.052805193434317,-10.052668428422527,-7.922230408605261,-12.120700946176251,10.052145334872499,1.9900872737715537e-05
ENGINEERING_SAMPLE,depth_20_ask,Q5,500,1000,1439,100.0,-10.011494753320871,-10.052730051649625,0.0,-10.052805193434317,-10.052668428422527,-7.922279353597111,-12.120763120441211,10.052221753755276,9.631975551393162e-05
ENGINEERING_SAMPLE,depth_20_ask,Q5,500,500,1439,100.0,-10.011437237444776,-10.052730051649625,0.0,-10.052805193434317,-10.052668428422527,-7.922249340176507,-12.120719873263326,10.052164262806421,3.8828806660302155e-05
ENGINEERING_SAMPLE,depth_20_ask,Q5,5000,100,1439,100.0,-9.950827165005586,-10.052717271031582,0.0,-10.843058773962502,-8.788766422435573,-7.922230408605261,-12.120700946176251,10.069988481359298,1.9900872737715537e-05
ENGINEERING_SAMPLE,depth_20_ask,Q5,5000,1000,1439,100.0,-9.950876109992867,-10.052717271031582,0.0,-10.843058773962502,-8.788766422435573,-7.922279353597111,-12.120763120441211,10.070037408740058,6.882825349786894e-05
ENGINEERING_SAMPLE,depth_20_ask,Q5,5000,500,1439,100.0,-9.950846101217778,-10.052717271031582,0.0,-10.843058773962502,-8.788766422435573,-7.922249340176507,-12.120719873263326,10.07000740929322,3.8828806660302155e-05
ENGINEERING_SAMPLE,depth_20_ask,Q5,60000,100,1439,86.17095205003474,-9.99573916735553,-9.947331571577473,1.3709677419354838,-14.486381405065496,-5.730216016859853,-7.922230408605261,-12.120700946176251,10.069186578318778,2.309464183030053e-05
ENGINEERING_SAMPLE,depth_20_ask,Q5,60000,1000,1439,86.17095205003474,-9.995795957495682,-9.947331571577473,1.3709677419354838,-14.486381405065496,-5.730216016859853,-7.922279353597111,-12.120763120441211,10.069243357755,7.987407805115597e-05
ENGINEERING_SAMPLE,depth_20_ask,Q5,60000,500,1439,86.17095205003474,-9.995761139979338,-9.947331571577473,1.3709677419354838,-14.486381405065496,-5.730216016859853,-7.922249340176507,-12.120719873263326,10.069208543880805,4.506020385820548e-05
ENGINEERING_SAMPLE,depth_20_bid,Q1,1000,100,1439,100.0,-9.969991757078288,-10.052706440142236,0.0,-10.052803799973612,-9.63114430323746,-7.070923283643146,-11.532410472279485,10.060352788210576,3.359844951567753e-05
ENGINEERING_SAMPLE,depth_20_bid,Q1,1000,1000,1439,100.0,-9.970187168979699,-10.052706440142236,0.0,-10.052803799973612,-9.63114430323746,-7.0711186285341725,-11.532605765145886,10.06054810404258,0.00022891428151900812
ENGINEERING_SAMPLE,depth_20_bid,Q1,1000,500,1439,100.0,-9.97012731670546,-10.052706440142236,0.0,-10.052803799973612,-9.63114430323746,-7.071058796887835,-11.532545951589404,10.060488280755493,0.00016909099443191634
ENGINEERING_SAMPLE,depth_20_bid,Q1,15000,100,1439,99.65253648366921,-9.55896508147419,-9.841908949094535,0.0,-11.320262231394926,-7.153042351044153,-7.070923283643146,-11.532410472279485,10.068943246686338,7.354550376442849e-05
ENGINEERING_SAMPLE,depth_20_bid,Q1,15000,1000,1439,99.65253648366921,-9.559252053064196,-9.841908949094535,0.0,-11.320262231394926,-7.153042351044153,-7.0711186285341725,-11.532605765145886,10.069230059763022,0.00036035858044968546
ENGINEERING_SAMPLE,depth_20_bid,Q1,15000,500,1439,99.65253648366921,-9.55915749596584,-9.841908949094535,0.0,-11.320262231394926,-7.153042351044153,-7.071058796887835,-11.532545951589404,10.069135553002026,0.00026585181945189127
ENGINEERING_SAMPLE,depth_20_bid,Q1,250,100,1439,100.0,-10.028900825903674,-10.052711716173356,0.0,-10.052803799973612,-10.052668982943777,-7.070923283643146,-11.532410472279485,10.058080035573427,3.359844951567753e-05
ENGINEERING_SAMPLE,depth_20_bid,Q1,250,1000,1439,100.0,-10.029096237805085,-10.052711716173356,0.0,-10.052803799973612,-10.052668982943777,-7.0711186285341725,-11.532605765145886,10.05827535140543,0.00022891428151900812
ENGINEERING_SAMPLE,depth_20_bid,Q1,250,500,1439,100.0,-10.029036385530846,-10.052711716173356,0.0,-10.052803799973612,-10.052668982943777,-7.071058796887835,-11.532545951589404,10.058215528118343,0.00016909099443191634
ENGINEERING_SAMPLE,depth_20_bid,Q1,3000,100,1439,100.0,-9.843152853901687,-10.052691173372656,0.0,-10.052825546339172,-9.049815314474047,-7.070923283643146,-11.532410472279485,10.066212638807833,3.359844951567753e-05
ENGINEERING_SAMPLE,depth_20_bid,Q1,3000,1000,1439,100.0,-9.843348265803096,-10.052691173372656,0.0,-10.052825546339172,-9.049815314474047,-7.0711186285341725,-11.532605765145886,10.066407954639837,0.00022891428151900812
ENGINEERING_SAMPLE,depth_20_bid,Q1,3000,500,1439,100.0,-9.843288413528859,-10.052691173372656,0.0,-10.052825546339172,-9.049815314474047,-7.071058796887835,-11.532545951589404,10.06634813135275,0.00016909099443191634
ENGINEERING_SAMPLE,depth_20_bid,Q1,30000,100,1439,99.65253648366921,-9.41311103907866,-9.473310170562224,0.0,-12.270563398865285,-5.624789251844047,-7.070923283643146,-11.532410472279485,10.065871134113547,3.3715598921241254e-05
ENGINEERING_SAMPLE,depth_20_bid,Q1,30000,1000,1439,99.65253648366921,-9.413307135612184,-9.473310170562224,0.0,-12.270563398865285,-5.624789251844047,-7.0711186285341725,-11.532605765145886,10.066067130963097,0.00022971244846991122
ENGINEERING_SAMPLE,depth_20_bid,Q1,30000,500,1439,99.65253648366921,-9.41324707299406,-9.473310170562224,0.0,-12.270563398865285,-5.624789251844047,-7.071058796887835,-11.532545951589404,10.066007099087141,0.00016968057251570963
ENGINEERING_SAMPLE,depth_20_bid,Q1,500,100,1439,100.0,-10.00171437943291,-10.052707273129563,0.0,-10.052803799973612,-10.05266260665428,-7.070923283643146,-11.532410472279485,10.049875467797824,3.359844951567753e-05
ENGINEERING_SAMPLE,depth_20_bid,Q1,500,1000,1439,100.0,-10.00193729694468,-10.052707273129563,0.0,-10.052803799973612,-10.05266260665428,-7.0711186285341725,-11.532605765145886,10.050098275131841,0.0002564057835350708
ENGINEERING_SAMPLE,depth_20_bid,Q1,500,500,1439,100.0,-10.001849939060081,-10.052707273129563,0.0,-10.052803799973612,-10.05266260665428,-7.071058796887835,-11.532545951589404,10.050010960342739,0.00016909099443191634
ENGINEERING_SAMPLE,depth_20_bid,Q1,5000,100,1439,100.0,-9.766335483432943,-10.052680630587938,0.0,-10.368814610416688,-8.775126795243649,-7.070923283643146,-11.532410472279485,10.063825056912792,3.359844951567753e-05
ENGINEERING_SAMPLE,depth_20_bid,Q1,5000,1000,1439,100.0,-9.76653089414079,-10.052680630587938,0.0,-10.368814610416688,-8.775126795243649,-7.0711186285341725,-11.532605765145886,10.064020372744796,0.00022891428151900812
ENGINEERING_SAMPLE,depth_20_bid,Q1,5000,500,1439,100.0,-9.766471043060115,-10.052680630587938,0.0,-10.368814610416688,-8.775126795243649,-7.071058796887835,-11.532545951589404,10.06396054945771,0.00016909099443191634
ENGINEERING_SAMPLE,depth_20_bid,Q1,60000,100,1439,99.58304378040306,-8.990006836094546,-8.840213926285006,1.3956734124214933,-13.846435399013066,-3.6270530638029057,-7.070923283643146,-11.532410472279485,10.064727209940354,3.3739126903740375e-05
ENGINEERING_SAMPLE,depth_20_bid,Q1,60000,1000,1439,99.58304378040306,-8.990260178636346,-8.840213926285006,1.3956734124214933,-13.846435399013066,-3.6270530638029057,-7.0711186285341725,-11.532605765145886,10.064980424604544,0.0002869537910930765
ENGINEERING_SAMPLE,depth_20_bid,Q1,60000,500,1439,99.58304378040306,-8.99018366448915,-8.840213926285006,1.3956734124214933,-13.846435399013066,-3.6270530638029057,-7.071058796887835,-11.532545951589404,10.064903953918298,0.00021048310484797687
ENGINEERING_SAMPLE,depth_20_bid,Q2,1000,100,1438,100.0,-10.015292412081594,-10.052740892246218,0.0,-10.052817737890987,-10.052668428422527,-7.342258238437788,-11.98405600260324,10.053683727683923,2.947165816190447e-05
ENGINEERING_SAMPLE,depth_20_bid,Q2,1000,1000,1438,100.0,-10.015475315612568,-10.052740892246218,0.0,-10.052817737890987,-10.052668428422527,-7.342441119516065,-11.984252003612527,10.053866535383841,0.00021227935807919244
ENGINEERING_SAMPLE,depth_20_bid,Q2,1000,500,1438,100.0,-10.015430575575337,-10.052740892246218,0.0,-10.052817737890987,-10.052668428422527,-7.3423963858593195,-11.984194045766417,10.053821819675823,0.0001675636500598046
ENGINEERING_SAMPLE,depth_20_bid,Q2,15000,100,1438,99.86091794158554,-9.811845529632354,-10.0,0.0,-12.00245443431244,-7.5218051215026165,-7.342258238437788,-11.98405600260324,10.059346448987164,2.951270503956729e-05
ENGINEERING_SAMPLE,depth_20_bid,Q2,15000,1000,1438,99.86091794158554,-9.812183280831878,-10.0,0.0,-12.00245443431244,-7.5218051215026165,-7.342441119516065,-11.984252003612527,10.059684006264039,0.0003670699819148133
ENGINEERING_SAMPLE,depth_20_bid,Q2,15000,500,1438,99.86091794158554,-9.811984264401621,-10.0,0.0,-12.00245443431244,-7.5218051215026165,-7.3423963858593195,-11.984194045766417,10.05948509157891,0.00016815529678626816
ENGINEERING_SAMPLE,depth_20_bid,Q2,250,100,1438,100.0,-10.044586345639003,-10.052745062893413,0.0,-10.052813834532488,-10.052670923860113,-7.342258238437788,-11.98405600260324,10.056652949539977,2.947165816190447e-05
ENGINEERING_SAMPLE,depth_20_bid,Q2,250,1000,1438,100.0,-10.044769249169976,-10.052745062893413,0.0,-10.052813834532488,-10.052670923860113,-7.342441119516065,-11.984252003612527,10.056835757239895,0.00021227935807919244
ENGINEERING_SAMPLE,depth_20_bid,Q2,250,500,1438,100.0,-10.044724509132745,-10.052745062893413,0.0,-10.052813834532488,-10.052670923860113,-7.3423963858593195,-11.984194045766417,10.056791041531877,0.0001675636500598046
ENGINEERING_SAMPLE,depth_20_bid,Q2,3000,100,1438,100.0,-9.99845259233654,-10.052726439107682,0.0,-10.474263021231097,-9.313843930025955,-7.342258238437788,-11.98405600260324,10.056851783975404,4.106844799488539e-05
ENGINEERING_SAMPLE,depth_20_bid,Q2,3000,1000,1438,100.0,-9.99905126423114,-10.052726439107682,0.0,-10.474263021231097,-9.313843930025955,-7.342441119516065,-11.984252003612527,10.057450191475626,0.0006394759482177601
ENGINEERING_SAMPLE,depth_20_bid,Q2,3000,500,1438,100.0,-9.998721396780425,-10.052726439107682,0.0,-10.474263021231097,-9.313843930025955,-7.3423963858593195,-11.984194045766417,10.057120451553443,0.000309736026035768
ENGINEERING_SAMPLE,depth_20_bid,Q2,30000,100,1438,99.7913769123783,-9.887138078259065,-9.683469549169523,0.0,-13.477599127874827,-6.887910037010091,-7.342258238437788,-11.98405600260324,10.059311718413017,2.95332713845426e-05
ENGINEERING_SAMPLE,depth_20_bid,Q2,30000,1000,1438,99.7913769123783,-9.887561441430414,-9.683469549169523,0.0,-13.477599127874827,-6.887910037010091,-7.342441119516065,-11.984252003612527,10.059734949107545,0.0004527639659123808
ENGINEERING_SAMPLE,depth_20_bid,Q2,30000,500,1438,99.7913769123783,-9.887281425020808,-9.683469549169523,0.0,-13.477599127874827,-6.887910037010091,-7.3423963858593195,-11.984194045766417,10.059454982112879,0.00017279697124476787
ENGINEERING_SAMPLE,depth_20_bid,Q2,500,100,1438,100.0,-10.03269108006097,-10.052741170268845,0.0,-10.052813834532488,-10.052670923860113,-7.342258238437788,-11.98405600260324,10.053221206846661,2.947165816190447e-05
ENGINEERING_SAMPLE,depth_20_bid,Q2,500,1000,1438,100.0,-10.032873983591942,-10.052741170268845,0.0,-10.052813834532488,-10.052670923860113,-7.342441119516065,-11.984252003612527,10.053404014546578,0.00021227935807919244
ENGINEERING_SAMPLE,depth_20_bid,Q2,500,500,1438,100.0,-10.032829243554712,-10.052741170268845,0.0,-10.052813834532488,-10.052670923860113,-7.3423963858593195,-11.984194045766417,10.053359298838558,0.0001675636500598046
ENGINEERING_SAMPLE,depth_20_bid,Q2,5000,100,1438,100.0,-9.97371023656873,-10.052707273129563,0.0,-10.791534810126583,-9.049847523979361,-7.342258238437788,-11.98405600260324,10.05532558860206,2.947165816190447e-05
ENGINEERING_SAMPLE,depth_20_bid,Q2,5000,1000,1438,100.0,-9.974006673927375,-10.052707273129563,0.0,-10.791534810126583,-9.049847523979361,-7.342441119516065,-11.984252003612527,10.055621910075592,0.0003257931316935738
ENGINEERING_SAMPLE,depth_20_bid,Q2,5000,500,1438,100.0,-9.97384874512758,-10.052707273129563,0.0,-10.791534810126583,-9.049847523979361,-7.3423963858593195,-11.984194045766417,10.055464037218522,0.00016792027462382415
ENGINEERING_SAMPLE,depth_20_bid,Q2,60000,100,1438,99.72183588317107,-9.613678116790007,-9.920910710650324,1.2552301255230125,-14.642201834862385,-4.1003906537922905,-7.342258238437788,-11.98405600260324,10.057384568957714,2.955386641340211e-05
ENGINEERING_SAMPLE,depth_20_bid,Q2,60000,1000,1438,99.72183588317107,-9.61386146079186,-9.920910710650324,1.2552301255230125,-14.642201834862385,-4.1003906537922905,-7.342441119516065,-11.984252003612527,10.057567886581479,0.00021287149017983176
ENGINEERING_SAMPLE,depth_20_bid,Q2,60000,500,1438,99.72183588317107,-9.613816613011036,-9.920910710650324,1.2552301255230125,-14.642201834862385,-4.1003906537922905,-7.3423963858593195,-11.984194045766417,10.057523046143453,0.00016803105215202162
ENGINEERING_SAMPLE,depth_20_bid,Q3,1000,100,1438,100.0,-10.06662340198466,-10.05274700942118,0.0,-10.052834752117615,-10.052670923860113,-7.860328670935874,-12.034989315819846,10.053186946637013,1.3704081362408511e-05
ENGINEERING_SAMPLE,depth_20_bid,Q3,1000,1000,1438,100.0,-10.066644068154929,-10.05274700942118,0.0,-10.052834752117615,-10.052670923860113,-7.860349341343901,-12.035009969451094,10.053207603371002,3.43608153505831e-05
ENGINEERING_SAMPLE,depth_20_bid,Q3,1000,500,1438,100.0,-10.066641771907726,-10.05274700942118,0.0,-10.052834752117615,-10.052670923860113,-7.860347044631898,-12.035007674603179,10.053205308178336,3.206562268523037e-05
ENGINEERING_SAMPLE,depth_20_bid,Q3,15000,100,1438,98.26147426981919,-10.17898535930585,-10.052810489255798,0.0,-12.164373225837089,-8.41927312369326,-7.860328670935874,-12.034989315819846,10.05265264432361,1.3946545646952187e-05
ENGINEERING_SAMPLE,depth_20_bid,Q3,15000,1000,1438,98.26147426981919,-10.179134775581014,-10.052810489255798,0.0,-12.164373225837089,-8.41927312369326,-7.860349341343901,-12.035009969451094,10.052802006128333,0.0001633083503694779
ENGINEERING_SAMPLE,depth_20_bid,Q3,15000,500,1438,98.26147426981919,-10.179008687870484,-10.052810489255798,0.0,-12.164373225837089,-8.41927312369326,-7.860347044631898,-12.035007674603179,10.052675962171776,3.726439381430591e-05
ENGINEERING_SAMPLE,depth_20_bid,Q3,250,100,1438,100.0,-10.056105573158492,-10.052745062893413,0.0,-10.052813834532488,-10.05267419601925,-7.860328670935874,-12.034989315819846,10.052777034032847,2.5295992626753557e-05
ENGINEERING_SAMPLE,depth_20_bid,Q3,250,1000,1438,100.0,-10.056233063949113,-10.052745062893413,0.0,-10.052813834532488,-10.05267419601925,-7.860349341343901,-12.035009969451094,10.052904458347118,0.00015272030689890284
ENGINEERING_SAMPLE,depth_20_bid,Q3,250,500,1438,100.0,-10.056184541843026,-10.052745062893413,0.0,-10.052813834532488,-10.05267419601925,-7.860347044631898,-12.035007674603179,10.052855961978441,0.00010422393822082427
ENGINEERING_SAMPLE,depth_20_bid,Q3,3000,100,1438,100.0,-10.085073896293546,-10.052755353312056,0.0,-10.79115925984501,-9.419666633270232,-7.860328670935874,-12.034989315819846,10.053612173347497,3.511862020578148e-05
ENGINEERING_SAMPLE,depth_20_bid,Q3,3000,1000,1438,100.0,-10.085383590555587,-10.052755353312056,0.0,-10.79115925984501,-9.419666633270232,-7.860349341343901,-12.035009969451094,10.053921647490043,0.0003445927627506339
ENGINEERING_SAMPLE,depth_20_bid,Q3,3000,500,1438,100.0,-10.085287857426222,-10.052755353312056,0.0,-10.79115925984501,-9.419666633270232,-7.860347044631898,-12.035007674603179,10.053825984022005,0.0002489292947133029
ENGINEERING_SAMPLE,depth_20_bid,Q3,30000,100,1438,97.56606397774686,-10.053717752326223,-10.316542134431538,0.0,-12.68732060566162,-6.9910250728124606,-7.860328670935874,-12.034989315819846,10.05122090240173,1.4045950819061611e-05
ENGINEERING_SAMPLE,depth_20_bid,Q3,30000,1000,1438,97.56606397774686,-10.053738930137976,-10.316542134431538,0.0,-12.68732060566162,-6.9910250728124606,-7.860349341343901,-12.035009969451094,10.05124207444982,3.5217998912429436e-05
ENGINEERING_SAMPLE,depth_20_bid,Q3,30000,500,1438,97.56606397774686,-10.053736577041567,-10.316542134431538,0.0,-12.68732060566162,-6.9910250728124606,-7.860347044631898,-12.035007674603179,10.051239722000034,3.286554912427746e-05
ENGINEERING_SAMPLE,depth_20_bid,Q3,500,100,1438,100.0,-10.060827211141884,-10.052745062893413,0.0,-10.052825546339172,-10.052672864919504,-7.860328670935874,-12.034989315819846,10.052362712422434,5.2965787374682474e-05
ENGINEERING_SAMPLE,depth_20_bid,Q3,500,1000,1438,100.0,-10.061114657625637,-10.052745062893413,0.0,-10.052825546339172,-10.052672864919504,-7.860349341343901,-12.035009969451094,10.052650018330896,0.0003402716958359444
ENGINEERING_SAMPLE,depth_20_bid,Q3,500,500,1438,100.0,-10.061033713111419,-10.052745062893413,0.0,-10.052825546339172,-10.052672864919504,-7.860347044631898,-12.035007674603179,10.052569113116144,0.00025936648108452126
ENGINEERING_SAMPLE,depth_20_bid,Q3,5000,100,1438,100.0,-10.088506016577236,-10.052756326945477,0.0,-10.896813452346603,-9.156945665969738,-7.860328670935874,-12.034989315819846,10.051340250238171,3.511805489274135e-05
ENGINEERING_SAMPLE,depth_20_bid,Q3,5000,1000,1438,100.0,-10.088758799772572,-10.052756326945477,0.0,-10.896813452346603,-9.156945665969738,-7.860349341343901,-12.035009969451094,10.051592841252507,0.00028770906922836716
ENGINEERING_SAMPLE,depth_20_bid,Q3,5000,500,1438,100.0,-10.08867941333575,-10.052756326945477,0.0,-10.896813452346603,-9.156945665969738,-7.860347044631898,-12.035007674603179,10.051513516562991,0.00020838437971426937
ENGINEERING_SAMPLE,depth_20_bid,Q3,60000,100,1438,93.60222531293464,-9.683610950251449,-9.947283562271785,0.0,-13.846435399013066,-5.253769938490983,-7.860328670935874,-12.034989315819846,10.052528703703036,4.419670936785855e-05
ENGINEERING_SAMPLE,depth_20_bid,Q3,60000,1000,1438,93.60222531293464,-9.683925060543359,-9.947283562271785,0.0,-13.846435399013066,-5.253769938490983,-7.860349341343901,-12.035009969451094,10.052842793881164,0.0003582868874956732
ENGINEERING_SAMPLE,depth_20_bid,Q3,60000,500,1438,93.60222531293464,-9.683659081229333,-9.947283562271785,0.0,-13.846435399013066,-5.253769938490983,-7.860347044631898,-12.035007674603179,10.052576840436885,9.233344321769872e-05
ENGINEERING_SAMPLE,depth_20_bid,Q4,1000,100,1438,99.72183588317107,-10.100474395789698,-10.052740892246218,0.0,-10.31652310996239,-10.052675083448284,-8.109140104495575,-11.8354355904915,10.045693018760923,-5.254613162130708e-25
ENGINEERING_SAMPLE,depth_20_bid,Q4,1000,1000,1438,99.72183588317107,-10.100474395789698,-10.052740892246218,0.0,-10.31652310996239,-10.052675083448284,-8.109140104495575,-11.8354355904915,10.045693018760923,-5.254613162130708e-25
ENGINEERING_SAMPLE,depth_20_bid,Q4,1000,500,1438,99.72183588317107,-10.100474395789698,-10.052740892246218,0.0,-10.31652310996239,-10.052675083448284,-8.109140104495575,-11.8354355904915,10.045693018760923,0.0
ENGINEERING_SAMPLE,depth_20_bid,Q4,15000,100,1438,98.95688456189151,-10.206227661262492,-10.052786248667813,0.0,-12.150492839683936,-8.639311966877878,-8.109140104495575,-11.8354355904915,10.038589242995133,2.7958137281537408e-05
ENGINEERING_SAMPLE,depth_20_bid,Q4,15000,1000,1438,98.95688456189151,-10.206261803117084,-10.052786248667813,0.0,-12.150492839683936,-8.639311966877878,-8.109140104495575,-11.8354355904915,10.038623389135536,6.21042776837294e-05
ENGINEERING_SAMPLE,depth_20_bid,Q4,15000,500,1438,98.95688456189151,-10.206249709901767,-10.052786248667813,0.0,-12.150492839683936,-8.639311966877878,-8.109140104495575,-11.8354355904915,10.038611294402164,5.000954431154088e-05
ENGINEERING_SAMPLE,depth_20_bid,Q4,250,100,1438,99.86091794158554,-10.063479830820409,-10.052735332409169,0.0,-10.052818853242249,-10.052706717803215,-8.109140104495575,-11.8354355904915,10.04846215135291,7.731510364283525e-05
ENGINEERING_SAMPLE,depth_20_bid,Q4,250,1000,1438,99.86091794158554,-10.06378680447075,-10.052735332409169,0.0,-10.052818853242249,-10.052706717803215,-8.109140104495575,-11.8354355904915,10.04876896568204,0.0003841294327745288
ENGINEERING_SAMPLE,depth_20_bid,Q4,250,500,1438,99.86091794158554,-10.063693094502568,-10.052735332409169,0.0,-10.052818853242249,-10.052706717803215,-8.109140104495575,-11.8354355904915,10.048675303814846,0.0002904675655800608
ENGINEERING_SAMPLE,depth_20_bid,Q4,3000,100,1438,99.30458970792768,-10.177326648401815,-10.05275104197478,0.0,-10.860329991147681,-10.0,-8.109140104495575,-11.8354355904915,10.047400588984157,-1.8080067501222394e-25
ENGINEERING_SAMPLE,depth_20_bid,Q4,3000,1000,1438,99.30458970792768,-10.177326648401815,-10.05275104197478,0.0,-10.860329991147681,-10.0,-8.109140104495575,-11.8354355904915,10.047400588984157,-1.8080067501222394e-25
ENGINEERING_SAMPLE,depth_20_bid,Q4,3000,500,1438,99.30458970792768,-10.177326648401815,-10.05275104197478,0.0,-10.860329991147681,-10.0,-8.109140104495575,-11.8354355904915,10.047400588984157,0.0
ENGINEERING_SAMPLE,depth_20_bid,Q4,30000,100,1438,97.8442280945758,-10.016697591556284,-10.052723938407057,0.0,-12.689275154556043,-7.46813019960143,-8.109140104495575,-11.8354355904915,10.033746303530677,2.8740721449642265e-05
ENGINEERING_SAMPLE,depth_20_bid,Q4,30000,1000,1438,97.8442280945758,-10.016739190280008,-10.052723938407057,0.0,-12.689275154556043,-7.46813019960143,-8.109140104495575,-11.8354355904915,10.033787882451827,7.031964260007688e-05
ENGINEERING_SAMPLE,depth_20_bid,Q4,30000,500,1438,97.8442280945758,-10.016734568199594,-10.052723938407057,0.0,-12.689275154556043,-7.46813019960143,-8.109140104495575,-11.8354355904915,10.0337832625717,6.56997624722508e-05
ENGINEERING_SAMPLE,depth_20_bid,Q4,500,100,1438,99.7913769123783,-10.079566409605023,-10.052738668170724,0.0,-10.052831962148975,-10.052706440142236,-8.109140104495575,-11.8354355904915,10.05015613268399,8.643671297970293e-05
ENGINEERING_SAMPLE,depth_20_bid,Q4,500,1000,1438,99.7913769123783,-10.079726716256616,-10.052738668170724,0.0,-10.052831962148975,-10.052706440142236,-8.109140104495575,-11.8354355904915,10.050316338193301,0.00024664222229273526
ENGINEERING_SAMPLE,depth_20_bid,Q4,500,500,1438,99.7913769123783,-10.07967909651418,-10.052738668170724,0.0,-10.052831962148975,-10.052706440142236,-8.109140104495575,-11.8354355904915,10.05026874888304,0.00019905291203085385
ENGINEERING_SAMPLE,depth_20_bid,Q4,5000,100,1438,99.30458970792768,-10.223103743614063,-10.052757022405256,0.0,-11.316877086207079,-9.578187143905952,-8.109140104495575,-11.8354355904915,10.039393389571574,8.12713306642633e-05
ENGINEERING_SAMPLE,depth_20_bid,Q4,5000,1000,1438,99.30458970792768,-10.223379800724716,-10.052757022405256,0.0,-11.318051584107332,-9.578187143905952,-8.109140104495575,-11.8354355904915,10.039669271574516,0.00035715333360660244
ENGINEERING_SAMPLE,depth_20_bid,Q4,5000,500,1438,99.30458970792768,-10.22327246571567,-10.052757022405256,0.0,-11.318051584107332,-9.578187143905952,-8.109140104495575,-11.8354355904915,10.039562003888015,0.000249885647106614
ENGINEERING_SAMPLE,depth_20_bid,Q4,60000,100,1438,93.60222531293464,-9.69830808292054,-9.841823183456649,0.0,-13.87588802011502,-4.774188953196967,-8.109140104495575,-11.8354355904915,10.040368888460153,3.1049270631677794e-05
ENGINEERING_SAMPLE,depth_20_bid,Q4,60000,1000,1438,93.60222531293464,-9.698385822948978,-9.841823183456649,0.0,-13.880678727494256,-4.774188953196967,-8.109140104495575,-11.8354355904915,10.04044655667767,0.00010871748815158218
ENGINEERING_SAMPLE,depth_20_bid,Q4,60000,500,1438,93.60222531293464,-9.698328901855609,-9.841823183456649,0.0,-13.880678727494256,-4.774188953196967,-8.109140104495575,-11.8354355904915,10.040389689027238,5.184983771902944e-05
ENGINEERING_SAMPLE,depth_20_bid,Q5,1000,100,1439,100.0,-10.092854908065172,-10.052736722258533,0.0,-10.316310292862337,-10.052701720377998,-8.285303478866368,-12.361820252297735,10.04641956354986,-6.150239277949263e-25
ENGINEERING_SAMPLE,depth_20_bid,Q5,1000,1000,1439,100.0,-10.093022034253533,-10.052736722258533,0.0,-10.316310292862337,-10.052701720377998,-8.285316323567821,-12.361833086087021,10.046586599362072,0.00016703581221391811
ENGINEERING_SAMPLE,depth_20_bid,Q5,1000,500,1439,100.0,-10.092855275730901,-10.052736722258533,0.0,-10.316310292862337,-10.052701720377998,-8.285303478866368,-12.361820252297735,10.046419931019253,3.674693939813211e-07
ENGINEERING_SAMPLE,depth_20_bid,Q5,15000,100,1439,99.0271021542738,-10.196097849046769,-10.263601633513371,0.0,-12.002654825303013,-8.468891820580476,-8.285303478866368,-12.361820252297735,10.045469279228026,-1.4071589115243264e-25
ENGINEERING_SAMPLE,depth_20_bid,Q5,15000,1000,1439,99.0271021542738,-10.196168253118158,-10.263601633513371,0.0,-12.002654825303013,-8.468891820580476,-8.285316323567821,-12.361833086087021,10.045539642401613,7.036317358734043e-05
ENGINEERING_SAMPLE,depth_20_bid,Q5,15000,500,1439,99.0271021542738,-10.196138794747972,-10.263601633513371,0.0,-12.002654825303013,-8.468891820580476,-8.285303478866368,-12.361820252297735,10.045510194878688,4.091565066120653e-05
ENGINEERING_SAMPLE,depth_20_bid,Q5,250,100,1439,100.0,-10.067817908964905,-10.052736722258533,0.0,-10.052796833773087,-10.052718215476023,-8.285303478866368,-12.361820252297735,10.04843491368149,-6.369523288967854e-25
ENGINEERING_SAMPLE,depth_20_bid,Q5,250,1000,1439,100.0,-10.068111113265081,-10.052736722258533,0.0,-10.052796833773087,-10.052718215476023,-8.285316323567821,-12.361833086087021,10.048727967915148,0.00029305423365933575
ENGINEERING_SAMPLE,depth_20_bid,Q5,250,500,1439,100.0,-10.067822840863656,-10.052736722258533,0.0,-10.052796833773087,-10.052718215476023,-8.285303478866368,-12.361820252297735,10.048439843030305,4.9293488163307516e-06
ENGINEERING_SAMPLE,depth_20_bid,Q5,3000,100,1439,99.79152189020152,-10.111819274830053,-10.052738668170724,0.0,-10.84353856206395,-9.630449465474847,-8.285303478866368,-12.361820252297735,10.043574575871242,0.00010851411672753821
ENGINEERING_SAMPLE,depth_20_bid,Q5,3000,1000,1439,99.79152189020152,-10.112085015089736,-10.052738668170724,0.0,-10.84353856206395,-9.630449465474847,-8.285316323567821,-12.361833086087021,10.043840173415465,0.00037411166095021876
ENGINEERING_SAMPLE,depth_20_bid,Q5,3000,500,1439,99.79152189020152,-10.111971551468615,-10.052738668170724,0.0,-10.84353856206395,-9.630449465474847,-8.285303478866368,-12.361820252297735,10.04372676806674,0.0002607063122267317
ENGINEERING_SAMPLE,depth_20_bid,Q5,30000,100,1439,96.73384294649063,-10.222922156459022,-10.158300334047432,0.0,-12.845023696682464,-7.838410552557034,-8.285303478866368,-12.361820252297735,10.048948861144115,5.069262271946574e-05
ENGINEERING_SAMPLE,depth_20_bid,Q5,30000,1000,1439,96.73384294649063,-10.223209904827415,-10.158300334047432,0.0,-12.845023696682464,-7.838410552557034,-8.285316323567821,-12.361833086087021,10.049236589500351,0.000338420978954868
ENGINEERING_SAMPLE,depth_20_bid,Q5,30000,500,1439,96.73384294649063,-10.223104638307312,-10.158300334047432,0.0,-12.845023696682464,-7.838410552557034,-8.285303478866368,-12.361820252297735,10.049131328923266,0.00023316040186979915
ENGINEERING_SAMPLE,depth_20_bid,Q5,500,100,1439,100.0,-10.079922485389206,-10.052736722258533,0.0,-10.052826104173816,-10.052716993260866,-8.285303478866368,-12.361820252297735,10.051335504988646,4.487999632930843e-05
ENGINEERING_SAMPLE,depth_20_bid,Q5,500,1000,1439,100.0,-10.080439313872617,-10.052736722258533,0.0,-10.052826104173816,-10.052716993260866,-8.285316323567821,-12.361833086087021,10.05185205668342,0.0005614316911045826
ENGINEERING_SAMPLE,depth_20_bid,Q5,500,500,1439,100.0,-10.080156424384814,-10.052736722258533,0.0,-10.052826104173816,-10.052716993260866,-8.285303478866368,-12.361820252297735,10.051569317277757,0.0002786922854406965
ENGINEERING_SAMPLE,depth_20_bid,Q5,5000,100,1439,99.30507296733843,-10.117964779283989,-10.052739224172013,0.0,-11.10737193846089,-9.208949166121993,-8.285303478866368,-12.361820252297735,10.042257240924732,5.708613567955195e-05
ENGINEERING_SAMPLE,depth_20_bid,Q5,5000,1000,1439,99.30507296733843,-10.118043842688879,-10.052739224172013,0.0,-11.10737193846089,-9.208949166121993,-8.285316323567821,-12.361833086087021,10.042336280847927,0.00013612605887490964
ENGINEERING_SAMPLE,depth_20_bid,Q5,5000,500,1439,99.30507296733843,-10.118006342130187,-10.052739224172013,0.0,-11.10737193846089,-9.208949166121993,-8.285303478866368,-12.361820252297735,10.04229879053496,9.863574590772837e-05
ENGINEERING_SAMPLE,depth_20_bid,Q5,60000,100,1439,96.73384294649063,-10.646131640632516,-10.685364247134764,0.0,-14.693518801589727,-6.20375640295959,-8.285303478866368,-12.361820252297735,10.043019756502192,-4.470858856953094e-25
ENGINEERING_SAMPLE,depth_20_bid,Q5,60000,1000,1439,96.73384294649063,-10.646144905438964,-10.685364247134764,0.0,-14.693518801589727,-6.20375640295959,-8.285316323567821,-12.361833086087021,10.04303302386129,1.3267359098517276e-05
ENGINEERING_SAMPLE,depth_20_bid,Q5,60000,500,1439,96.73384294649063,-10.646131640632516,-10.685364247134764,0.0,-14.693518801589727,-6.20375640295959,-8.285303478866368,-12.361820252297735,10.043019756502192,0.0
ENGINEERING_SAMPLE,depth_5_ask,Q1,1000,100,1439,100.0,-10.142138642297608,-10.052724494097808,0.0,-10.528085380400933,-10.052670923860113,-8.25506387156469,-11.98099541408888,10.043478870989652,1.369455802581198e-05
ENGINEERING_SAMPLE,depth_5_ask,Q1,1000,1000,1439,100.0,-10.142313582368594,-10.052724494097808,0.0,-10.528085380400933,-10.052670923860113,-8.255084527608293,-11.981016053367362,10.043653715154617,0.00018853872299154318
ENGINEERING_SAMPLE,depth_5_ask,Q1,1000,500,1439,100.0,-10.142157367120648,-10.052724494097808,0.0,-10.528085380400933,-10.052670923860113,-8.255082232492336,-11.9810137601142,10.043497587240438,3.24108088111886e-05
ENGINEERING_SAMPLE,depth_5_ask,Q1,15000,100,1439,99.58304378040306,-10.275630896633913,-10.263591910718613,0.0,-12.054739336492892,-8.680455173723583,-8.25506387156469,-11.98099541408888,10.034906923369306,1.3751897417406447e-05
ENGINEERING_SAMPLE,depth_5_ask,Q1,15000,1000,1439,99.58304378040306,-10.27570876008744,-10.263591910718613,0.0,-12.054739336492892,-8.680455173723583,-8.255084527608293,-11.981016053367362,10.034984734773333,9.15633014451937e-05
ENGINEERING_SAMPLE,depth_5_ask,Q1,15000,500,1439,99.58304378040306,-10.275690048349949,-10.263591910718613,0.0,-12.054739336492892,-8.680455173723583,-8.255082232492336,-11.9810137601142,10.034966036208536,7.28647366459041e-05
ENGINEERING_SAMPLE,depth_5_ask,Q1,250,100,1439,100.0,-10.081049622475314,-10.052722271405084,0.0,-10.052824988516306,-10.052671755725191,-8.25506387156469,-11.98099541408888,10.048804176576791,2.527841375765922e-05
ENGINEERING_SAMPLE,depth_5_ask,Q1,250,1000,1439,100.0,-10.081416665847797,-10.052722271405084,0.0,-10.052824988516306,-10.052671755725191,-8.255084527608293,-11.981016053367362,10.049171031133255,0.0003921329702232475
ENGINEERING_SAMPLE,depth_5_ask,Q1,250,500,1439,100.0,-10.081133468181125,-10.052722271405084,0.0,-10.052824988516306,-10.052671755725191,-8.255082232492336,-11.9810137601142,10.048887979022037,0.00010908085900503492
ENGINEERING_SAMPLE,depth_5_ask,Q1,3000,100,1439,100.0,-10.239793653583247,-10.052736166309996,0.0,-10.949566317787562,-10.052667264068877,-8.25506387156469,-11.98099541408888,10.041442648308344,6.62208579171361e-05
ENGINEERING_SAMPLE,depth_5_ask,Q1,3000,1000,1439,100.0,-10.240175164171045,-10.052736166309996,0.0,-10.94968054168659,-10.052667264068877,-8.255084527608293,-11.981016053367362,10.041823934930289,0.00044750747986154935
ENGINEERING_SAMPLE,depth_5_ask,Q1,3000,500,1439,100.0,-10.240052176015379,-10.052736166309996,0.0,-10.949566317787562,-10.052667264068877,-8.255082232492336,-11.9810137601142,10.041701021370198,0.0003245939197709463
ENGINEERING_SAMPLE,depth_5_ask,Q1,30000,100,1439,99.44405837387075,-10.170268312294859,-10.263931243339066,0.0,-12.845023696682464,-7.518863046368797,-8.25506387156469,-11.98099541408888,10.038821410091328,1.3771117399820713e-05
ENGINEERING_SAMPLE,depth_5_ask,Q1,30000,1000,1439,99.44405837387075,-10.170289075725949,-10.263931243339066,0.0,-12.845023696682464,-7.518863046368797,-8.255084527608293,-11.981016053367362,10.038842167871534,3.452889760596681e-05
ENGINEERING_SAMPLE,depth_5_ask,Q1,30000,500,1439,99.44405837387075,-10.170286768671959,-10.263931243339066,0.0,-12.845023696682464,-7.518863046368797,-8.255082232492336,-11.9810137601142,10.038839861451512,3.2222477583061684e-05
ENGINEERING_SAMPLE,depth_5_ask,Q1,500,100,1439,100.0,-10.109540587120332,-10.052722271405084,0.0,-10.316310292862337,-10.052671755725191,-8.25506387156469,-11.98099541408888,10.051523560066357,3.717965852384458e-05
ENGINEERING_SAMPLE,depth_5_ask,Q1,500,1000,1439,100.0,-10.110016295686712,-10.052722271405084,0.0,-10.316330294567107,-10.052671755725191,-8.255084527608293,-11.981016053367362,10.051999008217875,0.000512627810041023
ENGINEERING_SAMPLE,depth_5_ask,Q1,500,500,1439,100.0,-10.109784205295831,-10.052722271405084,0.0,-10.316314293203291,-10.052671755725191,-8.255082232492336,-11.9810137601142,10.051767045649518,0.00028066524168349563
ENGINEERING_SAMPLE,depth_5_ask,Q1,5000,100,1439,99.86101459346769,-10.253695497518171,-10.05276509118525,0.0,-11.266088423716749,-9.314686309533219,-8.25506387156469,-11.98099541408888,10.031717387411454,4.27952365526026e-05
ENGINEERING_SAMPLE,depth_5_ask,Q1,5000,1000,1439,99.86101459346769,-10.25374813459064,-10.05276509118525,0.0,-11.266088423716749,-9.314686309533219,-8.255084527608293,-11.981016053367362,10.031769992747993,9.540057309115266e-05
ENGINEERING_SAMPLE,depth_5_ask,Q1,5000,500,1439,99.86101459346769,-10.253733373977727,-10.05276509118525,0.0,-11.266088423716749,-9.314686309533219,-8.255082232492336,-11.9810137601142,10.031755241884461,8.06497095598834e-05
ENGINEERING_SAMPLE,depth_5_ask,Q1,60000,100,1439,98.26268241834607,-10.13805012591475,-10.263512766080732,0.0,-13.900338211587698,-5.359395825909802,-8.25506387156469,-11.98099541408888,10.032794728908959,4.3492777418233206e-05
ENGINEERING_SAMPLE,depth_5_ask,Q1,60000,1000,1439,98.26268241834607,-10.138405145687715,-10.263512766080732,0.0,-13.900338211587698,-5.359395825909802,-8.255084527608293,-11.981016053367362,10.0331496539449,0.0003984178133604332
ENGINEERING_SAMPLE,depth_5_ask,Q1,60000,500,1439,98.26268241834607,-10.138134834287095,-10.263512766080732,0.0,-13.900338211587698,-5.359395825909802,-8.255082232492336,-11.9810137601142,10.032879392491262,0.00012815635972249868
ENGINEERING_SAMPLE,depth_5_ask,Q2,1000,100,1438,99.72183588317107,-10.078245211445838,-10.052736166309996,0.0,-10.158185152783194,-10.052670923860113,-8.187542267030087,-12.112311527660555,10.049878630331664,-3.190205349004867e-25
ENGINEERING_SAMPLE,depth_5_ask,Q2,1000,1000,1438,99.72183588317107,-10.078245211445838,-10.052736166309996,0.0,-10.158185152783194,-10.052670923860113,-8.187542267030087,-12.112311527660555,10.049878630331664,-3.190205349004867e-25
ENGINEERING_SAMPLE,depth_5_ask,Q2,1000,500,1438,99.72183588317107,-10.078245211445838,-10.052736166309996,0.0,-10.158185152783194,-10.052670923860113,-8.187542267030087,-12.112311527660555,10.049878630331664,0.0
ENGINEERING_SAMPLE,depth_5_ask,Q2,15000,100,1438,98.74826147426982,-10.224275029630933,-10.210923541533807,0.0,-11.959864251262015,-8.73504543658633,-8.187542267030087,-12.112311527660555,10.045606729683122,2.8017203768751922e-05
ENGINEERING_SAMPLE,depth_5_ask,Q2,15000,1000,1438,98.74826147426982,-10.224551992567132,-10.210923541533807,0.0,-11.959864251262015,-8.73504543658633,-8.187542267030087,-12.112311527660555,10.045883613336745,0.00030490085739110585
ENGINEERING_SAMPLE,depth_5_ask,Q2,15000,500,1438,98.74826147426982,-10.224302097479697,-10.210923541533807,0.0,-11.959864251262015,-8.73504543658633,-8.187542267030087,-12.112311527660555,10.045633798593432,5.5086114079336446e-05
ENGINEERING_SAMPLE,depth_5_ask,Q2,250,100,1438,99.86091794158554,-10.058671232808202,-10.05273227499842,0.0,-10.052816343781394,-10.052670923860113,-8.187542267030087,-12.112311527660555,10.052027623870352,4.96044297320342e-05
ENGINEERING_SAMPLE,depth_5_ask,Q2,250,1000,1438,99.86091794158554,-10.05898515920615,-10.05273227499842,0.0,-10.052816343781394,-10.052670923860113,-8.187542267030087,-12.112311527660555,10.052341385804878,0.00036336636425831145
ENGINEERING_SAMPLE,depth_5_ask,Q2,250,500,1438,99.86091794158554,-10.058862624672173,-10.05273227499842,0.0,-10.052816343781394,-10.052670923860113,-8.187542267030087,-12.112311527660555,10.052218915271432,0.0002408958308126237
ENGINEERING_SAMPLE,depth_5_ask,Q2,3000,100,1438,99.09596662030599,-10.13501924341143,-10.052740892246218,0.0,-10.792479432234625,-9.68377302035484,-8.187542267030087,-12.112311527660555,10.050203261575081,2.838922365289071e-05
ENGINEERING_SAMPLE,depth_5_ask,Q2,3000,1000,1438,99.09596662030599,-10.135060315594707,-10.052740892246218,0.0,-10.792479432234625,-9.68377302035484,-8.187542267030087,-12.112311527660555,10.050244304900202,6.943254877254766e-05
ENGINEERING_SAMPLE,depth_5_ask,Q2,3000,500,1438,99.09596662030599,-10.135055752018788,-10.052740892246218,0.0,-10.792479432234625,-9.68377302035484,-8.187542267030087,-12.112311527660555,10.050239744530744,6.4872179314808e-05
ENGINEERING_SAMPLE,depth_5_ask,Q2,30000,100,1438,98.33101529902642,-10.148427128529775,-10.29015244180614,0.0,-12.638463283034193,-7.679119349634644,-8.187542267030087,-12.112311527660555,10.04554489884338,2.859844065038661e-05
ENGINEERING_SAMPLE,depth_5_ask,Q2,30000,1000,1438,98.33101529902642,-10.148468521319222,-10.29015244180614,0.0,-12.638463283034193,-7.679119349634644,-8.187542267030087,-12.112311527660555,10.045586271928286,6.997152555750225e-05
ENGINEERING_SAMPLE,depth_5_ask,Q2,30000,500,1438,98.33101529902642,-10.148463922120396,-10.29015244180614,0.0,-12.638463283034193,-7.679119349634644,-8.187542267030087,-12.112311527660555,10.045581674918852,6.537451612337828e-05
ENGINEERING_SAMPLE,depth_5_ask,Q2,500,100,1438,99.7913769123783,-10.066622191768127,-10.052736166309996,0.0,-10.052831683168316,-10.052670923860113,-8.187542267030087,-12.112311527660555,10.053351038042274,9.13229272691377e-05
ENGINEERING_SAMPLE,depth_5_ask,Q2,500,1000,1438,99.7913769123783,-10.067024250556914,-10.052736166309996,0.0,-10.052831683168316,-10.052670923860113,-8.187542267030087,-12.112311527660555,10.053752873211025,0.0004931580960198346
ENGINEERING_SAMPLE,depth_5_ask,Q2,500,500,1438,99.7913769123783,-10.066873973393832,-10.052736166309996,0.0,-10.052831683168316,-10.052670923860113,-8.187542267030087,-12.112311527660555,10.053602679480262,0.00034296436525652004
ENGINEERING_SAMPLE,depth_5_ask,Q2,5000,100,1438,98.74826147426982,-10.164347174436005,-10.052757022405256,0.0,-11.055179396317156,-9.313833068887062,-8.187542267030087,-12.112311527660555,10.044946010885322,2.9438219381153585e-05
ENGINEERING_SAMPLE,depth_5_ask,Q2,5000,1000,1438,98.74826147426982,-10.164435610008256,-10.052757022405256,0.0,-11.055179396317156,-9.313833068887062,-8.187542267030087,-12.112311527660555,10.045034395961167,0.00011782329522588395
ENGINEERING_SAMPLE,depth_5_ask,Q2,5000,500,1438,98.74826147426982,-10.164404678975886,-10.052757022405256,0.0,-11.055179396317156,-9.313833068887062,-8.187542267030087,-12.112311527660555,10.04500348259031,8.690992436852082e-05
ENGINEERING_SAMPLE,depth_5_ask,Q2,60000,100,1438,96.03616133518776,-10.139061404867832,-10.105350721555041,0.0,-13.846435399013066,-6.249643630220158,-8.187542267030087,-12.112311527660555,10.048352610941432,-3.356681254088565e-25
ENGINEERING_SAMPLE,depth_5_ask,Q2,60000,1000,1438,96.03616133518776,-10.139103915218584,-10.105350721555041,0.0,-13.846435399013066,-6.249643630220158,-8.187542267030087,-12.112311527660555,10.048395080645138,4.2469703705554314e-05
ENGINEERING_SAMPLE,depth_5_ask,Q2,60000,500,1438,96.03616133518776,-10.139061404867832,-10.105350721555041,0.0,-13.846435399013066,-6.249643630220158,-8.187542267030087,-12.112311527660555,10.048352610941432,0.0
ENGINEERING_SAMPLE,depth_5_ask,Q3,1000,100,1438,100.0,-10.041779169294545,-10.052738668170724,0.0,-10.052826104173816,-10.052670923860113,-7.790160553501611,-11.794086587944077,10.051953904377793,-1.2462977683595388e-25
ENGINEERING_SAMPLE,depth_5_ask,Q3,1000,1000,1438,100.0,-10.041779169294545,-10.052738668170724,0.0,-10.052826104173816,-10.052670923860113,-7.790160553501611,-11.794086587944077,10.051953904377793,-1.2462977683595388e-25
ENGINEERING_SAMPLE,depth_5_ask,Q3,1000,500,1438,100.0,-10.041779169294545,-10.052738668170724,0.0,-10.052826104173816,-10.052670923860113,-7.790160553501611,-11.794086587944077,10.051953904377793,0.0
ENGINEERING_SAMPLE,depth_5_ask,Q3,15000,100,1438,99.58275382475661,-10.113912166135668,-10.052763978103345,0.0,-12.056547885713082,-8.36561819896822,-7.790160553501611,-11.794086587944077,10.058688673528676,2.1341889682946046e-25
ENGINEERING_SAMPLE,depth_5_ask,Q3,15000,1000,1438,99.58275382475661,-10.113953129374499,-10.052763978103345,0.0,-12.056547885713082,-8.36561819896822,-7.790160553501611,-11.794086587944077,10.05872960494862,4.093141994294951e-05
ENGINEERING_SAMPLE,depth_5_ask,Q3,15000,500,1438,99.58275382475661,-10.113912166135668,-10.052763978103345,0.0,-12.056547885713082,-8.36561819896822,-7.790160553501611,-11.794086587944077,10.058688673528676,0.0
ENGINEERING_SAMPLE,depth_5_ask,Q3,250,100,1438,100.0,-10.049149757907221,-10.052738668170724,0.0,-10.052813834532488,-10.052687011243055,-7.790160553501611,-11.794086587944077,10.05261166860736,-1.2460931398510027e-25
ENGINEERING_SAMPLE,depth_5_ask,Q3,250,1000,1438,100.0,-10.049149757907221,-10.052738668170724,0.0,-10.052813834532488,-10.052687011243055,-7.790160553501611,-11.794086587944077,10.05261166860736,-1.2460931398510027e-25
ENGINEERING_SAMPLE,depth_5_ask,Q3,250,500,1438,100.0,-10.049149757907221,-10.052738668170724,0.0,-10.052813834532488,-10.052687011243055,-7.790160553501611,-11.794086587944077,10.05261166860736,0.0
ENGINEERING_SAMPLE,depth_5_ask,Q3,3000,100,1438,100.0,-10.033782132264157,-10.052738668170724,0.0,-10.738220723094761,-9.404010297354807,-7.790160553501611,-11.794086587944077,10.055606347387714,2.141453884337297e-05
ENGINEERING_SAMPLE,depth_5_ask,Q3,3000,1000,1438,100.0,-10.034253940930455,-10.052738668170724,0.0,-10.738220723094761,-9.404010297354807,-7.790160553501611,-11.794086587944077,10.056077900812408,0.0004929679635368836
ENGINEERING_SAMPLE,depth_5_ask,Q3,3000,500,1438,100.0,-10.033942068338973,-10.052738668170724,0.0,-10.738220723094761,-9.404010297354807,-7.790160553501611,-11.794086587944077,10.05576616150981,0.0001812286609403264
ENGINEERING_SAMPLE,depth_5_ask,Q3,30000,100,1438,99.51321279554938,-9.78333626867104,-9.683469549169523,0.0,-12.425620727638783,-7.100091696705243,-7.790160553501611,-11.794086587944077,10.048474510972152,2.7803132335262182e-05
ENGINEERING_SAMPLE,depth_5_ask,Q3,30000,1000,1438,99.51321279554938,-9.783370224911124,-9.683469549169523,0.0,-12.425620727638783,-7.100091696705243,-7.790160553501611,-11.794086587944077,10.048508466637045,6.17587972271993e-05
ENGINEERING_SAMPLE,depth_5_ask,Q3,30000,500,1438,99.51321279554938,-9.783358199302876,-9.683469549169523,0.0,-12.425620727638783,-7.100091696705243,-7.790160553501611,-11.794086587944077,10.048496441232503,4.97333926846074e-05
ENGINEERING_SAMPLE,depth_5_ask,Q3,500,100,1438,100.0,-10.04983016293781,-10.052738668170724,0.0,-10.052825546339172,-10.052673419534178,-7.790160553501611,-11.794086587944077,10.053108446230755,5.579545955599234e-05
ENGINEERING_SAMPLE,depth_5_ask,Q3,500,1000,1438,100.0,-10.049904663971635,-10.052738668170724,0.0,-10.052825546339172,-10.052673419534178,-7.790160553501611,-11.794086587944077,10.053182915750892,0.00013026497969334262
ENGINEERING_SAMPLE,depth_5_ask,Q3,500,500,1438,100.0,-10.049888174463598,-10.052738668170724,0.0,-10.052825546339172,-10.052673419534178,-7.790160553501611,-11.794086587944077,10.053166431703318,0.0001137809321191396
ENGINEERING_SAMPLE,depth_5_ask,Q3,5000,100,1438,100.0,-10.058560195528427,-10.052745062893413,0.0,-11.003624981590244,-9.10265271021726,-7.790160553501611,-11.794086587944077,10.058433815336977,5.163643161844917e-05
ENGINEERING_SAMPLE,depth_5_ask,Q3,5000,1000,1438,100.0,-10.05886055359737,-10.052745062893413,0.0,-11.003624981590244,-9.10265271021726,-7.790160553501611,-11.794086587944077,10.058734013875894,0.00035183497053334735
ENGINEERING_SAMPLE,depth_5_ask,Q3,5000,500,1438,100.0,-10.058671316321883,-10.052745062893413,0.0,-11.003624981590244,-9.10265271021726,-7.790160553501611,-11.794086587944077,10.05854486140716,0.00016268250179972554
ENGINEERING_SAMPLE,depth_5_ask,Q3,60000,100,1438,99.51321279554938,-9.598664668249128,-9.156941226037498,0.0,-13.5383027801384,-5.675246835810038,-7.790160553501611,-11.794086587944077,10.053797841850532,-1.9889065809156676e-25
ENGINEERING_SAMPLE,depth_5_ask,Q3,60000,1000,1438,99.51321279554938,-9.598664668249128,-9.156941226037498,0.0,-13.5383027801384,-5.675246835810038,-7.790160553501611,-11.794086587944077,10.053797841850532,-1.9889065809156676e-25
ENGINEERING_SAMPLE,depth_5_ask,Q3,60000,500,1438,99.51321279554938,-9.598664668249128,-9.156941226037498,0.0,-13.5383027801384,-5.675246835810038,-7.790160553501611,-11.794086587944077,10.053797841850532,0.0
ENGINEERING_SAMPLE,depth_5_ask,Q4,1000,100,1439,100.0,-10.00260720358493,-10.052738668170724,0.0,-10.052793490649668,-10.0,-7.2920961156151956,-11.709372499307612,10.053237625493118,4.314875428791239e-05
ENGINEERING_SAMPLE,depth_5_ask,Q4,1000,1000,1439,100.0,-10.002858602417733,-10.052739780185025,0.0,-10.052793490649668,-10.0,-7.292347471833949,-11.709636938162905,10.053488894149467,0.00029441741063650516
ENGINEERING_SAMPLE,depth_5_ask,Q4,1000,500,1439,100.0,-10.002790544468263,-10.052739780185025,0.0,-10.052793490649668,-10.0,-7.2922794283142105,-11.70955569040612,10.053420871945134,0.00022639520630493812
ENGINEERING_SAMPLE,depth_5_ask,Q4,15000,100,1439,98.19318971507991,-9.729522557698658,-10.052723938407057,0.0,-11.689721599155561,-7.519334247731589,-7.2920961156151956,-11.709372499307612,10.059085764430431,8.436457251623243e-05
ENGINEERING_SAMPLE,depth_5_ask,Q4,15000,1000,1439,98.19318971507991,-9.729870830130999,-10.052723938407057,0.0,-11.689721599155561,-7.519334247731589,-7.292347471833949,-11.709636938162905,10.059433822509837,0.00043242265192139216
ENGINEERING_SAMPLE,depth_5_ask,Q4,15000,500,1439,98.19318971507991,-9.729766506199267,-10.052723938407057,0.0,-11.689721599155561,-7.519334247731589,-7.2922794283142105,-11.70955569040612,10.059329561407795,0.00032816154987918645
ENGINEERING_SAMPLE,depth_5_ask,Q4,250,100,1439,100.0,-10.03804408618211,-10.052745062893413,0.0,-10.052791540689851,-10.052691173372656,-7.2920961156151956,-11.709372499307612,10.054344610075825,7.08016575095318e-05
ENGINEERING_SAMPLE,depth_5_ask,Q4,250,1000,1439,100.0,-10.038329269924914,-10.052745062893413,0.0,-10.052791930681815,-10.052691173372656,-7.292347471833949,-11.709636938162905,10.054629647025566,0.00035583860725172783
ENGINEERING_SAMPLE,depth_5_ask,Q4,250,500,1439,100.0,-10.038249253285676,-10.052745062893413,0.0,-10.052791930681815,-10.052691173372656,-7.2922794283142105,-11.70955569040612,10.05454967201317,0.00027586359485673776
ENGINEERING_SAMPLE,depth_5_ask,Q4,3000,100,1439,100.0,-9.94866214771377,-10.052726439107682,0.0,-10.052825546339172,-9.209782219507572,-7.2920961156151956,-11.709372499307612,10.056566899239778,5.4737485198146276e-05
ENGINEERING_SAMPLE,depth_5_ask,Q4,3000,1000,1439,100.0,-9.948963424082507,-10.052726439107682,0.0,-10.052825546339172,-9.209782219507572,-7.292347471833949,-11.709636938162905,10.056868024512536,0.00035586275795703267
ENGINEERING_SAMPLE,depth_5_ask,Q4,3000,500,1439,100.0,-9.948865500892447,-10.052726439107682,0.0,-10.052825546339172,-9.209782219507572,-7.2922794283142105,-11.70955569040612,10.056770155057738,0.0002579933031575414
ENGINEERING_SAMPLE,depth_5_ask,Q4,30000,100,1439,96.94232105628909,-9.527923623599879,-9.736380307964714,0.0,-12.585448562101499,-6.360283650550957,-7.2920961156151956,-11.709372499307612,10.056222101575031,6.657269238282585e-05
ENGINEERING_SAMPLE,depth_5_ask,Q4,30000,1000,1439,96.94232105628909,-9.528668968982386,-9.736380307964714,0.0,-12.585448562101499,-6.360283650550957,-7.292347471833949,-11.709636938162905,10.056967258078403,0.000811729195756442
ENGINEERING_SAMPLE,depth_5_ask,Q4,30000,500,1439,96.94232105628909,-9.528277370689926,-9.736380307964714,0.0,-12.585448562101499,-6.360283650550957,-7.2922794283142105,-11.70955569040612,10.056575730044866,0.0004202011622180188
ENGINEERING_SAMPLE,depth_5_ask,Q4,500,100,1439,100.0,-10.018880477299595,-10.052741170268845,0.0,-10.052791930681815,-10.052680630587938,-7.2920961156151956,-11.709372499307612,10.046457314391919,4.314875428791239e-05
ENGINEERING_SAMPLE,depth_5_ask,Q4,500,1000,1439,100.0,-10.019131876132397,-10.052741170268845,0.0,-10.052793490649668,-10.052680630587938,-7.292347471833949,-11.709636938162905,10.046708583048268,0.00029441741063650516
ENGINEERING_SAMPLE,depth_5_ask,Q4,500,500,1439,100.0,-10.019063818182927,-10.052741170268845,0.0,-10.052793490649668,-10.052680630587938,-7.2922794283142105,-11.70955569040612,10.046640560843935,0.00022639520630493812
ENGINEERING_SAMPLE,depth_5_ask,Q4,5000,100,1439,100.0,-9.889467619720541,-10.052723938407057,0.0,-10.738430880507787,-8.944508914442451,-7.2920961156151956,-11.709372499307612,10.05290855462802,4.314875428791239e-05
ENGINEERING_SAMPLE,depth_5_ask,Q4,5000,1000,1439,100.0,-9.88971900192022,-10.052723938407057,0.0,-10.738430880507787,-8.944508914442451,-7.292347471833949,-11.709636938162905,10.053159823284368,0.00029441741063650516
ENGINEERING_SAMPLE,depth_5_ask,Q4,5000,500,1439,100.0,-9.889650948940984,-10.052723938407057,0.0,-10.738430880507787,-8.944508914442451,-7.2922794283142105,-11.70955569040612,10.053091801080038,0.00022639520630493812
ENGINEERING_SAMPLE,depth_5_ask,Q4,60000,100,1439,96.80333564975678,-9.078028495236886,-9.261915426162561,1.3639626704953338,-13.802034127315046,-3.981542065937777,-7.2920961156151956,-11.709372499307612,10.060184048009024,4.4573623417305045e-05
ENGINEERING_SAMPLE,depth_5_ask,Q4,60000,1000,1439,96.80333564975678,-9.078288118183059,-9.261915426162561,1.3639626704953338,-13.802034127315046,-3.981542065937777,-7.292347471833949,-11.709636938162905,10.060443614122796,0.0003041397371901873
ENGINEERING_SAMPLE,depth_5_ask,Q4,60000,500,1439,96.80333564975678,-9.078217825385693,-9.261915426162561,1.3639626704953338,-13.802034127315046,-3.981542065937777,-7.2922794283142105,-11.70955569040612,10.060373345671946,0.00023387128634085136
ENGINEERING_SAMPLE,depth_5_ask,Q5,1000,100,1438,100.0,-9.980347861228985,-10.052738668170724,0.0,-10.052805193434317,-9.735943079904661,-7.143012713408377,-12.152279915164076,10.060805649464783,1.9914712009438566e-05
ENGINEERING_SAMPLE,depth_5_ask,Q5,1000,1000,1438,100.0,-9.980487585748467,-10.052738668170724,0.0,-10.052805193434317,-9.735943079904661,-7.143152397841865,-12.152419564813682,10.060945308381411,0.00015957362863903795
ENGINEERING_SAMPLE,depth_5_ask,Q5,1000,500,1438,100.0,-9.98043821023899,-10.052738668170724,0.0,-10.052805193434317,-9.735943079904661,-7.14310302813535,-12.152370213359399,10.06089595434102,0.00011021958824806721
ENGINEERING_SAMPLE,depth_5_ask,Q5,15000,100,1438,99.65229485396384,-9.60138632523837,-9.68377302035484,0.0,-12.10825760568945,-7.09856266081748,-7.143012713408377,-12.152279915164076,10.066906472877555,1.9984198094607575e-05
ENGINEERING_SAMPLE,depth_5_ask,Q5,15000,1000,1438,99.65229485396384,-9.601526540756161,-9.68377302035484,0.0,-12.10825760568945,-7.09856266081748,-7.143152397841865,-12.152419564813682,10.067046619089776,0.00016013041031607577
ENGINEERING_SAMPLE,depth_5_ask,Q5,15000,500,1438,99.65229485396384,-9.601476996294712,-9.68377302035484,0.0,-12.10825760568945,-7.09856266081748,-7.14310302813535,-12.152370213359399,10.06699709284408,0.0001106041646201819
ENGINEERING_SAMPLE,depth_5_ask,Q5,250,100,1438,100.0,-10.033953537429484,-10.052747287508303,0.0,-10.052805193434317,-10.052668982943777,-7.143012713408377,-12.152279915164076,10.056626304847011,1.9914712009438566e-05
ENGINEERING_SAMPLE,depth_5_ask,Q5,250,1000,1438,100.0,-10.034093263983081,-10.052747287508303,0.0,-10.052805193434317,-10.052668982943777,-7.143152397841865,-12.152419564813682,10.056765963763642,0.00015957362863903795
ENGINEERING_SAMPLE,depth_5_ask,Q5,250,500,1438,100.0,-10.034043886439488,-10.052747287508303,0.0,-10.052805193434317,-10.052668982943777,-7.14310302813535,-12.152370213359399,10.05671660972325,0.00011021958824806721
ENGINEERING_SAMPLE,depth_5_ask,Q5,3000,100,1438,100.0,-9.858159912284274,-10.05272199358167,0.0,-10.05283252011913,-9.140674075076364,-7.143012713408377,-12.152279915164076,10.06387411382859,4.7582502254056216e-05
ENGINEERING_SAMPLE,depth_5_ask,Q5,3000,1000,1438,100.0,-9.858333425579488,-10.05272199358167,0.0,-10.05283252011913,-9.140674075076364,-7.143152397841865,-12.152419564813682,10.064047563118281,0.00022103179194371263
ENGINEERING_SAMPLE,depth_5_ask,Q5,3000,500,1438,100.0,-9.858272085170606,-10.05272199358167,0.0,-10.05283252011913,-9.140674075076364,-7.14310302813535,-12.152370213359399,10.063986242211477,0.00015971088514074675
ENGINEERING_SAMPLE,depth_5_ask,Q5,30000,100,1438,97.35744089012518,-9.943338544242687,-9.473279669806105,0.0,-14.226601609530448,-6.309499343946125,-7.143012713408377,-12.152279915164076,10.070929664562755,2.0455254192551898e-05
ENGINEERING_SAMPLE,depth_5_ask,Q5,30000,1000,1438,97.35744089012518,-9.943482062900262,-9.473279669806105,0.0,-14.226601609530448,-6.309499343946125,-7.143152397841865,-12.152419564813682,10.071073114221408,0.0001639049128449547
ENGINEERING_SAMPLE,depth_5_ask,Q5,30000,500,1438,97.35744089012518,-9.94343135141828,-9.473279669806105,0.0,-14.226601609530448,-6.309499343946125,-7.14310302813535,-12.152370213359399,10.071022420571348,0.00011321126278622903
ENGINEERING_SAMPLE,depth_5_ask,Q5,500,100,1438,100.0,-10.0097886076633,-10.052741170268845,0.0,-10.052805193434317,-10.052668982943777,-7.143012713408377,-12.152279915164076,10.052519577562075,1.9914712009438566e-05
ENGINEERING_SAMPLE,depth_5_ask,Q5,500,1000,1438,100.0,-10.009955856242788,-10.052741170268845,0.0,-10.052805193434317,-10.052668982943777,-7.143152397841865,-12.152419564813682,10.052686747098592,0.00018708424852854712
ENGINEERING_SAMPLE,depth_5_ask,Q5,500,500,1438,100.0,-10.009878956673305,-10.052741170268845,0.0,-10.052805193434317,-10.052668982943777,-7.14310302813535,-12.152370213359399,10.052609882438313,0.00011021958824806721
ENGINEERING_SAMPLE,depth_5_ask,Q5,5000,100,1438,100.0,-9.803407972587713,-10.05272199358167,0.0,-10.263800413432332,-8.574891587621469,-7.143012713408377,-12.152279915164076,10.06418959179951,6.899614170050384e-05
ENGINEERING_SAMPLE,depth_5_ask,Q5,5000,1000,1438,100.0,-9.80381360155197,-10.05272199358167,0.0,-10.263800413432332,-8.574891587621469,-7.143152397841865,-12.152419564813682,10.064594975261612,0.0004743796038028178
ENGINEERING_SAMPLE,depth_5_ask,Q5,5000,500,1438,100.0,-9.803675170953474,-10.05272199358167,0.0,-10.263800413432332,-8.574891587621469,-7.14310302813535,-12.152370213359399,10.064456624415943,0.00033602875813242797
ENGINEERING_SAMPLE,depth_5_ask,Q5,60000,100,1438,92.62865090403338,-9.652810034320492,-9.261479571661315,1.4264264264264264,-15.494582092389582,-3.521339938615102,-7.143012713408377,-12.152279915164076,10.064564137297692,5.1366109369044165e-05
ENGINEERING_SAMPLE,depth_5_ask,Q5,60000,1000,1438,92.62865090403338,-9.652997339714966,-9.261479571661315,1.4264264264264264,-15.494582092389582,-3.521339938615102,-7.143152397841865,-12.152419564813682,10.064751388643447,0.0002386174551243583
ENGINEERING_SAMPLE,depth_5_ask,Q5,60000,500,1438,92.62865090403338,-9.652931123447727,-9.261479571661315,1.4264264264264264,-15.494582092389582,-3.521339938615102,-7.14310302813535,-12.152370213359399,10.064685183890765,0.00017241270244261773
ENGINEERING_SAMPLE,depth_5_bid,Q1,1000,100,1440,100.0,-9.959856476442528,-10.052723938407057,0.0,-10.052794521582062,-9.578184041190823,-6.967294122066577,-11.567971760038638,10.061688214199112,6.300584256241568e-05
ENGINEERING_SAMPLE,depth_5_bid,Q1,1000,1000,1440,100.0,-9.960247231150458,-10.052723938407057,0.0,-10.052803799973612,-9.578184041190823,-6.967684794159732,-11.568362231412044,10.06207877330925,0.00045356495270060243
ENGINEERING_SAMPLE,depth_5_bid,Q1,1000,500,1440,100.0,-9.960129913531071,-10.052723938407057,0.0,-10.052803799973612,-9.578184041190823,-6.967567496754959,-11.568244996702266,10.061961512849448,0.00033630449289828235
ENGINEERING_SAMPLE,depth_5_bid,Q1,15000,100,1440,99.65277777777777,-9.57181954175651,-9.578090654634202,0.0,-11.367283219866643,-7.09856266081748,-6.967294122066577,-11.567971760038638,10.069902262556292,9.141151083051684e-05
ENGINEERING_SAMPLE,depth_5_bid,Q1,15000,1000,1440,99.65277777777777,-9.572252477568304,-9.578090654634202,0.0,-11.370234626063375,-7.09856266081748,-6.967684794159732,-11.568362231412044,10.070334944536748,0.0005240934912852978
ENGINEERING_SAMPLE,depth_5_bid,Q1,15000,500,1440,99.65277777777777,-9.572130215191505,-9.578090654634202,0.0,-11.370234626063375,-7.09856266081748,-6.967567496754959,-11.568244996702266,10.070212746388673,0.00040189534321006046
ENGINEERING_SAMPLE,depth_5_bid,Q1,250,100,1440,100.0,-10.024564581895667,-10.052726994851147,0.0,-10.052803939319682,-10.052668982943777,-6.967294122066577,-11.567971760038638,10.060919164830832,6.300584256241568e-05
ENGINEERING_SAMPLE,depth_5_bid,Q1,250,1000,1440,100.0,-10.024955338634888,-10.052726994851147,0.0,-10.052805193434317,-10.052668982943777,-6.967684794159732,-11.568362231412044,10.061309723940969,0.00045356495270060243
ENGINEERING_SAMPLE,depth_5_bid,Q1,250,500,1440,100.0,-10.02483801898421,-10.052726994851147,0.0,-10.052805193434317,-10.052668982943777,-6.967567496754959,-11.568244996702266,10.061192463481166,0.00033630449289828235
ENGINEERING_SAMPLE,depth_5_bid,Q1,3000,100,1440,100.0,-9.864843491448287,-10.052717271031582,0.0,-10.052813834532488,-9.102870434837648,-6.967294122066577,-11.567971760038638,10.069303652804056,6.300584256241568e-05
ENGINEERING_SAMPLE,depth_5_bid,Q1,3000,1000,1440,100.0,-9.865234228560668,-10.052717271031582,0.0,-10.052813834532488,-9.102870434837648,-6.967684794159732,-11.568362231412044,10.069694211914197,0.00045356495270060243
ENGINEERING_SAMPLE,depth_5_bid,Q1,3000,500,1440,100.0,-9.86511691688204,-10.052717271031582,0.0,-10.052813834532488,-9.102870434837648,-6.967567496754959,-11.568244996702266,10.069576951454392,0.00033630449289828235
ENGINEERING_SAMPLE,depth_5_bid,Q1,30000,100,1440,99.16666666666667,-9.399285352680199,-9.31379324898967,0.0,-12.425620727638783,-6.044820067106782,-6.967294122066577,-11.567971760038638,10.071563341184449,6.353530342428473e-05
ENGINEERING_SAMPLE,depth_5_bid,Q1,30000,1000,1440,99.16666666666667,-9.399679403936268,-9.31379324898967,0.0,-12.425620727638783,-6.044820067106782,-6.967684794159732,-11.568362231412044,10.071957182303917,0.00045737642289136375
ENGINEERING_SAMPLE,depth_5_bid,Q1,30000,500,1440,99.16666666666667,-9.39956110021007,-9.31379324898967,0.0,-12.425620727638783,-6.044820067106782,-6.967567496754959,-11.568244996702266,10.071838936462099,0.0003391305810738982
ENGINEERING_SAMPLE,depth_5_bid,Q1,500,100,1440,100.0,-9.996584517536123,-10.05272671697795,0.0,-10.052803939319682,-10.0,-6.967294122066577,-11.567971760038638,10.0540188945073,6.300584256241568e-05
ENGINEERING_SAMPLE,depth_5_bid,Q1,500,1000,1440,100.0,-9.997002758076198,-10.05272671697795,0.0,-10.052805193434317,-10.040686587487945,-6.967684794159732,-11.568362231412044,10.054436926028133,0.00048103736339582057
ENGINEERING_SAMPLE,depth_5_bid,Q1,500,500,1440,100.0,-9.996857954624666,-10.05272671697795,0.0,-10.052805193434317,-10.028915621353237,-6.967567496754959,-11.568244996702266,10.054292193157636,0.00033630449289828235
ENGINEERING_SAMPLE,depth_5_bid,Q1,5000,100,1440,100.0,-9.813617622508994,-10.052706440142236,0.0,-10.738430880507787,-8.785147134907982,-6.967294122066577,-11.567971760038638,10.069337635799606,6.300584256241568e-05
ENGINEERING_SAMPLE,depth_5_bid,Q1,5000,1000,1440,100.0,-9.81400835842864,-10.052706440142236,0.0,-10.738430880507787,-8.785147134907982,-6.967684794159732,-11.568362231412044,10.069728194909743,0.00045356495270060243
ENGINEERING_SAMPLE,depth_5_bid,Q1,5000,500,1440,100.0,-9.813891047942747,-10.052706440142236,0.0,-10.738430880507787,-8.785147134907982,-6.967567496754959,-11.568244996702266,10.06961093444994,0.00033630449289828235
ENGINEERING_SAMPLE,depth_5_bid,Q1,60000,100,1440,99.16666666666667,-8.730581088346288,-8.209480798383021,1.050420168067227,-13.707243488180952,-4.042477512370173,-6.967294122066577,-11.567971760038638,10.066288127780005,6.353530342428473e-05
ENGINEERING_SAMPLE,depth_5_bid,Q1,60000,1000,1440,99.16666666666667,-8.73097504515466,-8.209480798383021,1.050420168067227,-13.714234147908702,-4.042477512370173,-6.967684794159732,-11.568362231412044,10.066681968899472,0.00045737642289136375
ENGINEERING_SAMPLE,depth_5_bid,Q1,60000,500,1440,99.16666666666667,-8.730856761338618,-8.209480798383021,1.050420168067227,-13.707243488180952,-4.042477512370173,-6.967567496754959,-11.568244996702266,10.066563723057655,0.0003391305810738982
ENGINEERING_SAMPLE,depth_5_bid,Q2,1000,100,1438,100.0,-10.011604787106535,-10.052723938407057,0.0,-10.052803799973612,-10.052668428422527,-7.596400747705486,-11.597910533822244,10.057002567557571,-9.855966678729423e-25
ENGINEERING_SAMPLE,depth_5_bid,Q2,1000,1000,1438,100.0,-10.011604787106535,-10.052723938407057,0.0,-10.052803799973612,-10.052668428422527,-7.596400747705486,-11.597910533822244,10.057002567557571,-9.855966678729423e-25
ENGINEERING_SAMPLE,depth_5_bid,Q2,1000,500,1438,100.0,-10.011604787106535,-10.052723938407057,0.0,-10.052803799973612,-10.052668428422527,-7.596400747705486,-11.597910533822244,10.057002567557571,0.0
ENGINEERING_SAMPLE,depth_5_bid,Q2,15000,100,1438,99.65229485396384,-9.77264907363422,-10.052680630587938,0.0,-12.10825760568945,-7.519334247731589,-7.596400747705486,-11.597910533822244,10.061661300521628,1.1632225256955624e-05
ENGINEERING_SAMPLE,depth_5_bid,Q2,15000,1000,1438,99.65229485396384,-9.772939707552073,-10.052680630587938,0.0,-12.10825760568945,-7.519334247731589,-7.596400747705486,-11.597910533822244,10.061951825139014,0.00030215684264123157
ENGINEERING_SAMPLE,depth_5_bid,Q2,15000,500,1438,99.65229485396384,-9.772674108949946,-10.052680630587938,0.0,-12.10825760568945,-7.519334247731589,-7.596400747705486,-11.597910533822244,10.061686323509777,3.6655213406077756e-05
ENGINEERING_SAMPLE,depth_5_bid,Q2,250,100,1438,100.0,-10.046533141653159,-10.05272560551445,0.0,-10.052803799973612,-10.052680630587938,-7.596400747705486,-11.597910533822244,10.055057985891796,-1.0735765662039035e-24
ENGINEERING_SAMPLE,depth_5_bid,Q2,250,1000,1438,100.0,-10.046533141653159,-10.05272560551445,0.0,-10.052803799973612,-10.052680630587938,-7.596400747705486,-11.597910533822244,10.055057985891796,-1.0735765662039035e-24
ENGINEERING_SAMPLE,depth_5_bid,Q2,250,500,1438,100.0,-10.046533141653159,-10.05272560551445,0.0,-10.052803799973612,-10.052680630587938,-7.596400747705486,-11.597910533822244,10.055057985891796,0.0
ENGINEERING_SAMPLE,depth_5_bid,Q2,3000,100,1438,100.0,-9.94338316130333,-10.05272199358167,0.0,-10.105367014315043,-9.313843930025955,-7.596400747705486,-11.597910533822244,10.058258371857699,1.1596789832980922e-05
ENGINEERING_SAMPLE,depth_5_bid,Q2,3000,1000,1438,100.0,-9.943433088974915,-10.05272199358167,0.0,-10.105367014315043,-9.313843930025955,-7.596400747705486,-11.597910533822244,10.058308263144912,6.148807704745422e-05
ENGINEERING_SAMPLE,depth_5_bid,Q2,3000,500,1438,100.0,-9.943403199186431,-10.05272199358167,0.0,-10.105367014315043,-9.313843930025955,-7.596400747705486,-11.597910533822244,10.058278395138359,3.1620070494364515e-05
ENGINEERING_SAMPLE,depth_5_bid,Q2,30000,100,1438,99.16550764951322,-9.635239044189664,-9.499397362449354,0.0,-12.427817175017212,-6.991691723373951,-7.596400747705486,-11.597910533822244,10.05395578244564,2.1583343936701354e-05
ENGINEERING_SAMPLE,depth_5_bid,Q2,30000,1000,1438,99.16550764951322,-9.635472906525655,-9.499397362449354,0.0,-12.427817175017212,-6.991691723373951,-7.596400747705486,-11.597910533822244,10.054189624767908,0.0002554256662047111
ENGINEERING_SAMPLE,depth_5_bid,Q2,30000,500,1438,99.16550764951322,-9.635395167610882,-9.499397362449354,0.0,-12.427817175017212,-6.991691723373951,-7.596400747705486,-11.597910533822244,10.05411189250596,0.00017769340425742445
ENGINEERING_SAMPLE,depth_5_bid,Q2,500,100,1438,100.0,-10.023528361940558,-10.052723938407057,0.0,-10.052803799973612,-10.052668982943777,-7.596400747705486,-11.597910533822244,10.042844655579227,-1.0222511212623434e-24
ENGINEERING_SAMPLE,depth_5_bid,Q2,500,1000,1438,100.0,-10.023528361940558,-10.052723938407057,0.0,-10.052803799973612,-10.052668982943777,-7.596400747705486,-11.597910533822244,10.042844655579227,-1.0222511212623434e-24
ENGINEERING_SAMPLE,depth_5_bid,Q2,500,500,1438,100.0,-10.023528361940558,-10.052723938407057,0.0,-10.052803799973612,-10.052668982943777,-7.596400747705486,-11.597910533822244,10.042844655579227,0.0
ENGINEERING_SAMPLE,depth_5_bid,Q2,5000,100,1438,100.0,-9.910225282218988,-10.052717132146224,0.0,-10.648622522973179,-8.841422653605848,-7.596400747705486,-11.597910533822244,10.052410464977916,2.7667456160732445e-05
ENGINEERING_SAMPLE,depth_5_bid,Q2,5000,1000,1438,100.0,-9.91025907180842,-10.052717132146224,0.0,-10.648622522973179,-8.841422653605848,-7.596400747705486,-11.597910533822244,10.05244425524304,6.145772128599578e-05
ENGINEERING_SAMPLE,depth_5_bid,Q2,5000,500,1438,100.0,-9.910247104739296,-10.052717132146224,0.0,-10.648622522973179,-8.841422653605848,-7.596400747705486,-11.597910533822244,10.052432287934609,4.949041285532175e-05
ENGINEERING_SAMPLE,depth_5_bid,Q2,60000,100,1438,99.16550764951322,-9.612153281578767,-9.841823183456649,0.42075736325385693,-13.532999779549925,-4.8269476305542955,-7.596400747705486,-11.597910533822244,10.058731943176278,2.7897827356237144e-05
ENGINEERING_SAMPLE,depth_5_bid,Q2,60000,1000,1438,99.16550764951322,-9.61224474348366,-9.841823183456649,0.42075736325385693,-13.532999779549925,-4.8269476305542955,-7.596400747705486,-11.597910533822244,10.05882337824077,0.00011933289184658815
ENGINEERING_SAMPLE,depth_5_bid,Q2,60000,500,1438,99.16550764951322,-9.612216187763261,-9.841823183456649,0.42075736325385693,-13.532999779549925,-4.8269476305542955,-7.596400747705486,-11.597910533822244,10.05879482957053,9.078422160762228e-05
ENGINEERING_SAMPLE,depth_5_bid,Q3,1000,100,1437,100.0,-10.05932804465719,-10.052728940045535,0.0,-10.05283252011913,-10.052670923860113,-7.559996145232243,-11.914784182282418,10.049397066613503,-3.663334620830959e-25
ENGINEERING_SAMPLE,depth_5_bid,Q3,1000,1000,1437,100.0,-10.05932804465719,-10.052728940045535,0.0,-10.05283252011913,-10.052670923860113,-7.559996145232243,-11.914797449457918,10.049397066613503,-3.663334620830959e-25
ENGINEERING_SAMPLE,depth_5_bid,Q3,1000,500,1437,100.0,-10.05932804465719,-10.052728940045535,0.0,-10.05283252011913,-10.052670923860113,-7.559996145232243,-11.914784182282418,10.049397066613503,0.0
ENGINEERING_SAMPLE,depth_5_bid,Q3,15000,100,1437,99.09533750869868,-10.01565754435511,-10.052786248667813,0.0,-11.95089880949244,-7.922144282834512,-7.559996145232243,-11.914784182282418,10.044452444259129,2.7938503758165542e-05
ENGINEERING_SAMPLE,depth_5_bid,Q3,15000,1000,1437,99.09533750869868,-10.01569166223368,-10.052786248667813,0.0,-11.95089880949244,-7.922144282834512,-7.559996145232243,-11.914797449457918,10.0444865664205,6.206066512917622e-05
ENGINEERING_SAMPLE,depth_5_bid,Q3,15000,500,1437,99.09533750869868,-10.015679577510788,-10.052786248667813,0.0,-11.95089880949244,-7.922144282834512,-7.559996145232243,-11.914784182282418,10.044474480180622,4.9974425249524355e-05
ENGINEERING_SAMPLE,depth_5_bid,Q3,250,100,1437,100.0,-10.05182477281287,-10.052729495841723,0.0,-10.052825546339172,-10.052674085092812,-7.559996145232243,-11.914784182282418,10.04794404982235,-3.9565562968277566e-25
ENGINEERING_SAMPLE,depth_5_bid,Q3,250,1000,1437,100.0,-10.05182477281287,-10.052729495841723,0.0,-10.052825546339172,-10.052674085092812,-7.559996145232243,-11.914797449457918,10.04794404982235,-3.9565562968277566e-25
ENGINEERING_SAMPLE,depth_5_bid,Q3,250,500,1437,100.0,-10.05182477281287,-10.052729495841723,0.0,-10.052825546339172,-10.052674085092812,-7.559996145232243,-11.914784182282418,10.04794404982235,0.0
ENGINEERING_SAMPLE,depth_5_bid,Q3,3000,100,1437,100.0,-10.070300627390182,-10.052726994851147,0.0,-10.738220723094761,-9.419666633270232,-7.559996145232243,-11.914784182282418,10.049173065727471,4.911648519730724e-05
ENGINEERING_SAMPLE,depth_5_bid,Q3,3000,1000,1437,100.0,-10.070806578845785,-10.052726994851147,0.0,-10.738220723094761,-9.419666633270232,-7.559996145232243,-11.914797449457918,10.049678761191055,0.0005548119487809053
ENGINEERING_SAMPLE,depth_5_bid,Q3,3000,500,1437,100.0,-10.070482513827027,-10.052726994851147,0.0,-10.738220723094761,-9.419666633270232,-7.559996145232243,-11.914784182282418,10.049354829756794,0.00023088051451904143
ENGINEERING_SAMPLE,depth_5_bid,Q3,30000,100,1437,98.53862212943632,-9.962374734699823,-10.052675083448284,0.0,-12.847227711814833,-6.941479689451797,-7.559996145232243,-11.914784182282418,10.043809648538966,2.809765704220352e-05
ENGINEERING_SAMPLE,depth_5_bid,Q3,30000,1000,1437,98.53862212943632,-9.96265233457551,-10.052675083448284,0.0,-12.847227711814833,-6.941479689451797,-7.559996145232243,-11.914797449457918,10.044087225608617,0.0003056747266938629
ENGINEERING_SAMPLE,depth_5_bid,Q3,30000,500,1437,98.53862212943632,-9.962401846634352,-10.052675083448284,0.0,-12.847227711814833,-6.941479689451797,-7.559996145232243,-11.914784182282418,10.043836759645965,5.52087640409012e-05
ENGINEERING_SAMPLE,depth_5_bid,Q3,500,100,1437,100.0,-10.058831695977938,-10.052729495841723,0.0,-10.052831962148975,-10.052670923860113,-7.559996145232243,-11.914784182282418,10.052267079946358,2.7689049998275423e-05
ENGINEERING_SAMPLE,depth_5_bid,Q3,500,1000,1437,100.0,-10.058865518582214,-10.052729495841723,0.0,-10.052831962148975,-10.052670923860113,-7.559996145232243,-11.914797449457918,10.052300894482002,6.150358564320367e-05
ENGINEERING_SAMPLE,depth_5_bid,Q3,500,500,1437,100.0,-10.058853543185267,-10.052729495841723,0.0,-10.052831962148975,-10.052670923860113,-7.559996145232243,-11.914784182282418,10.052288921941875,4.953104551565496e-05
ENGINEERING_SAMPLE,depth_5_bid,Q3,5000,100,1437,100.0,-10.050756745258095,-10.052726994851147,0.0,-10.971053148051391,-9.051034119351865,-7.559996145232243,-11.914784182282418,10.045560494647491,-5.842188908894516e-26
ENGINEERING_SAMPLE,depth_5_bid,Q3,5000,1000,1437,100.0,-10.05087037355435,-10.052726994851147,0.0,-10.971053148051391,-9.051034119351865,-7.559996145232243,-11.914797449457918,10.045674087414683,0.00011359276719379292
ENGINEERING_SAMPLE,depth_5_bid,Q3,5000,500,1437,100.0,-10.050757102242452,-10.052726994851147,0.0,-10.971053148051391,-9.051034119351865,-7.559996145232243,-11.914784182282418,10.045560851520229,3.5687273699382944e-07
ENGINEERING_SAMPLE,depth_5_bid,Q3,60000,100,1437,98.39944328462074,-9.467236549462633,-10.0,1.2022630834512023,-14.226601609530448,-3.938982890134435,-7.559996145232243,-11.914784182282418,10.047576390397131,-1.115644162168701e-25
ENGINEERING_SAMPLE,depth_5_bid,Q3,60000,1000,1437,98.39944328462074,-9.467236549462633,-10.0,1.2022630834512023,-14.226601609530448,-3.938982890134435,-7.559996145232243,-11.914797449457918,10.047576390397131,-1.115644162168701e-25
ENGINEERING_SAMPLE,depth_5_bid,Q3,60000,500,1437,98.39944328462074,-9.467236549462633,-10.0,1.2022630834512023,-14.226601609530448,-3.938982890134435,-7.559996145232243,-11.914784182282418,10.047576390397131,0.0
ENGINEERING_SAMPLE,depth_5_bid,Q4,1000,100,1438,100.0,-10.095830186846744,-10.052749512310855,0.0,-10.263468354830385,-10.052672587616545,-8.299626533780398,-12.169779021004606,10.048069179538102,1.3704081362408511e-05
ENGINEERING_SAMPLE,depth_5_bid,Q4,1000,1000,1438,100.0,-10.095850853017014,-10.052749512310855,0.0,-10.263468354830385,-10.052672587616545,-8.299647204188425,-12.169799674635854,10.04808983627209,3.43608153505831e-05
ENGINEERING_SAMPLE,depth_5_bid,Q4,1000,500,1438,100.0,-10.095848556769809,-10.052749512310855,0.0,-10.263468354830385,-10.052672587616545,-8.299644907476422,-12.169797379787939,10.048087541079424,3.206562268523037e-05
ENGINEERING_SAMPLE,depth_5_bid,Q4,15000,100,1438,99.02642559109874,-10.252147081047461,-10.26361135702542,0.0,-11.688456203821387,-8.735301153817618,-8.299626533780398,-12.169779021004606,10.04994873939214,1.3838812499398483e-05
ENGINEERING_SAMPLE,depth_5_bid,Q4,15000,1000,1438,99.02642559109874,-10.252209144425825,-10.26361135702542,0.0,-11.688456203821387,-8.735301153817618,-8.299647204188425,-12.169799674635854,10.050010760583735,7.586000409581616e-05
ENGINEERING_SAMPLE,depth_5_bid,Q4,15000,500,1438,99.02642559109874,-10.252165632160429,-10.26361135702542,0.0,-11.688456203821387,-8.735301153817618,-8.299644907476422,-12.169797379787939,10.049967281454233,3.238087459365258e-05
ENGINEERING_SAMPLE,depth_5_bid,Q4,250,100,1438,100.0,-10.064350593337615,-10.052736166309996,0.0,-10.052810489255798,-10.052672864919504,-8.299626533780398,-12.169779021004606,10.053427247022272,5.296812596187895e-05
ENGINEERING_SAMPLE,depth_5_bid,Q4,250,1000,1438,100.0,-10.064511892532613,-10.052736166309996,0.0,-10.052810489255798,-10.052672864919504,-8.299647204188425,-12.169799674635854,10.053588463112757,0.00021418421644640314
ENGINEERING_SAMPLE,depth_5_bid,Q4,250,500,1438,100.0,-10.064451403420561,-10.052736166309996,0.0,-10.052810489255798,-10.052672864919504,-8.299644907476422,-12.169797379787939,10.053528005623908,0.00015372672759915508
ENGINEERING_SAMPLE,depth_5_bid,Q4,3000,100,1438,100.0,-10.147717001811893,-10.052757022405256,0.0,-10.84304384109013,-10.05266260665428,-8.299626533780398,-12.169779021004606,10.048856576550701,1.3704081362408511e-05
ENGINEERING_SAMPLE,depth_5_bid,Q4,3000,1000,1438,100.0,-10.147920743549976,-10.052757022405256,0.0,-10.843640367695759,-10.05266260665428,-8.299647204188425,-12.169799674635854,10.049060205781645,0.00021733331230486367
ENGINEERING_SAMPLE,depth_5_bid,Q4,3000,500,1438,100.0,-10.147881641607796,-10.052757022405256,0.0,-10.843640367695759,-10.05266260665428,-8.299644907476422,-12.169797379787939,10.049021125408593,0.00017825293925457546
ENGINEERING_SAMPLE,depth_5_bid,Q4,30000,100,1438,98.33101529902642,-10.228756172859232,-10.421382919356027,0.0,-12.585448562101499,-7.518863046368797,-8.299626533780398,-12.169779021004606,10.048577136189744,1.3936682460497482e-05
ENGINEERING_SAMPLE,depth_5_bid,Q4,30000,1000,1438,98.33101529902642,-10.228777185921388,-10.421382919356027,0.0,-12.585448562101499,-7.518863046368797,-8.299647204188425,-12.169799674635854,10.048598143533077,3.4944025795006006e-05
ENGINEERING_SAMPLE,depth_5_bid,Q4,30000,500,1438,98.33101529902642,-10.22877485113054,-10.421382919356027,0.0,-12.585448562101499,-7.518863046368797,-8.299644907476422,-12.169797379787939,10.04859580938382,3.260987653561618e-05
ENGINEERING_SAMPLE,depth_5_bid,Q4,500,100,1438,100.0,-10.080126909062571,-10.052738946171369,0.0,-10.05283252011913,-10.052672864919504,-8.299626533780398,-12.169779021004606,10.055478498991794,5.4366691848779026e-05
ENGINEERING_SAMPLE,depth_5_bid,Q4,500,1000,1438,100.0,-10.080341742413438,-10.052738946171369,0.0,-10.05283252011913,-10.052672864919504,-8.299647204188425,-12.169799674635854,10.055693204931176,0.0002690726312302863
ENGINEERING_SAMPLE,depth_5_bid,Q4,500,500,1438,100.0,-10.08026267645062,-10.052738946171369,0.0,-10.05283252011913,-10.052672864919504,-8.299644907476422,-12.169797379787939,10.055614186014896,0.00019005371495159476
ENGINEERING_SAMPLE,depth_5_bid,Q4,5000,100,1438,100.0,-10.181337736711871,-10.052763978103345,0.0,-11.054445428101682,-9.367005852269731,-8.299626533780398,-12.169779021004606,10.046497658627505,9.2322505062373e-05
ENGINEERING_SAMPLE,depth_5_bid,Q4,5000,1000,1438,100.0,-10.181718550447487,-10.052763978103345,0.0,-11.054445428101682,-9.367005852269731,-8.299647204188425,-12.169799674635854,10.046878198717147,0.0004728625947035883
ENGINEERING_SAMPLE,depth_5_bid,Q4,5000,500,1438,100.0,-10.181604097715036,-10.052763978103345,0.0,-11.054445428101682,-9.367005852269731,-8.299644907476422,-12.169797379787939,10.046763828683623,0.0003584925611818393
ENGINEERING_SAMPLE,depth_5_bid,Q4,60000,100,1438,93.04589707927677,-10.158723718869124,-10.210679258990192,0.0,-13.800810434342155,-6.361779834306554,-8.299626533780398,-12.169779021004606,10.050005989553483,1.4728302689942779e-05
ENGINEERING_SAMPLE,depth_5_bid,Q4,60000,1000,1438,93.04589707927677,-10.159047279422335,-10.210679258990192,0.0,-13.800810434342155,-6.361779834306554,-8.299647204188425,-12.169799674635854,10.050329477423546,0.00033821617275324207
ENGINEERING_SAMPLE,depth_5_bid,Q4,60000,500,1438,93.04589707927677,-10.158748694739465,-10.210679258990192,0.0,-13.800810434342155,-6.361779834306554,-8.299644907476422,-12.169797379787939,10.050030964436756,3.9703185962762546e-05
ENGINEERING_SAMPLE,depth_5_bid,Q5,1000,100,1439,99.72202918693537,-10.118726380861814,-10.0527556314857,0.0,-10.475013110144747,-10.052672587616545,-8.24524296929023,-12.498848636897648,10.043164771613963,-5.21357531146947e-25
ENGINEERING_SAMPLE,depth_5_bid,Q5,1000,1000,1439,99.72202918693537,-10.11888109919582,-10.0527556314857,0.0,-10.475106317866677,-10.052672587616545,-8.24524296929023,-12.498848636897648,10.043319403230626,0.00015463161666250322
ENGINEERING_SAMPLE,depth_5_bid,Q5,1000,500,1439,99.72202918693537,-10.118726749552394,-10.0527556314857,0.0,-10.475013110144747,-10.052672587616545,-8.24524296929023,-12.498848636897648,10.043165140107662,3.684936989122795e-07
ENGINEERING_SAMPLE,depth_5_bid,Q5,15000,100,1439,98.33217512161222,-10.34067340313901,-10.263601633513371,0.0,-12.423053838621025,-8.468891820580476,-8.24524296929023,-12.498848636897648,10.038934871144784,-5.699975840391058e-25
ENGINEERING_SAMPLE,depth_5_bid,Q5,15000,1000,1439,98.33217512161222,-10.340731254330615,-10.263601633513371,0.0,-12.423053838621025,-8.468891820580476,-8.24524296929023,-12.498848636897648,10.038992679878703,5.780873392001701e-05
ENGINEERING_SAMPLE,depth_5_bid,Q5,15000,500,1439,98.33217512161222,-10.340714638209127,-10.263601633513371,0.0,-12.423053838621025,-8.468891820580476,-8.24524296929023,-12.498848636897648,10.038976075951986,4.120480720298184e-05
ENGINEERING_SAMPLE,depth_5_bid,Q5,250,100,1439,99.86101459346769,-10.073649456079472,-10.052750902907759,0.0,-10.052826104173816,-10.052675249845826,-8.24524296929023,-12.498848636897648,10.04704663591982,4.9569910295895e-05
ENGINEERING_SAMPLE,depth_5_bid,Q5,250,1000,1439,99.86101459346769,-10.074203138726336,-10.052750902907759,0.0,-10.052826104173816,-10.052675249845826,-8.24524296929023,-12.498848636897648,10.047600031661512,0.000602965651987172
ENGINEERING_SAMPLE,depth_5_bid,Q5,250,500,1439,99.86101459346769,-10.07384565351786,-10.052750902907759,0.0,-10.052826104173816,-10.052675249845826,-8.24524296929023,-12.498848636897648,10.047242730411748,0.000245664402222427
ENGINEERING_SAMPLE,depth_5_bid,Q5,3000,100,1439,99.09659485753996,-10.1899048500585,-10.052764256369418,0.0,-10.949566317787562,-9.973601861721775,-8.24524296929023,-12.498848636897648,10.042004234639402,8.13744665140145e-05
ENGINEERING_SAMPLE,depth_5_bid,Q5,3000,1000,1439,99.09659485753996,-10.190125425779152,-10.052764256369418,0.0,-10.949566317787562,-9.973601861721775,-8.24524296929023,-12.498848636897648,10.04222466896842,0.000301808795531035
ENGINEERING_SAMPLE,depth_5_bid,Q5,3000,500,1439,99.09659485753996,-10.190036187028216,-10.052764256369418,0.0,-10.949566317787562,-9.973601861721775,-8.24524296929023,-12.498848636897648,10.042135486946679,0.0002126267737909632
ENGINEERING_SAMPLE,depth_5_bid,Q5,30000,100,1439,96.38637943015983,-10.370149472649752,-10.263931243339066,0.0,-13.055766192733017,-7.836947357231793,-8.24524296929023,-12.498848636897648,10.041237478160818,2.9155151463335737e-05
ENGINEERING_SAMPLE,depth_5_bid,Q5,30000,1000,1439,96.38637943015983,-10.370191671210877,-10.263931243339066,0.0,-13.055766192733017,-7.836947357231793,-8.24524296929023,-12.498848636897648,10.041279656633824,7.133362446885953e-05
ENGINEERING_SAMPLE,depth_5_bid,Q5,30000,500,1439,96.38637943015983,-10.370186982481863,-10.263931243339066,0.0,-13.055766192733017,-7.836947357231793,-8.24524296929023,-12.498848636897648,10.041274970136824,6.664712746824577e-05
ENGINEERING_SAMPLE,depth_5_bid,Q5,500,100,1439,99.79152189020152,-10.095719649677664,-10.052752571720825,0.0,-10.263347687383527,-10.052675083448284,-8.24524296929023,-12.498848636897648,10.052341655921765,0.00010223908938891079
ENGINEERING_SAMPLE,depth_5_bid,Q5,500,1000,1439,99.79152189020152,-10.09642375694415,-10.052752571720825,0.0,-10.263597466513506,-10.052675083448284,-8.24524296929023,-12.498848636897648,10.05304538287065,0.0008059660382716477
ENGINEERING_SAMPLE,depth_5_bid,Q5,500,500,1439,99.79152189020152,-10.096115656516497,-10.052752571720825,0.0,-10.263485055253174,-10.052675083448284,-8.24524296929023,-12.498848636897648,10.05273744940397,0.0004980325715923327
ENGINEERING_SAMPLE,depth_5_bid,Q5,5000,100,1439,98.61014593467686,-10.214357369690065,-10.052769265660684,0.0,-11.266088423716749,-9.261487359291381,-8.24524296929023,-12.498848636897648,10.038282299249428,5.326691104410441e-05
ENGINEERING_SAMPLE,depth_5_bid,Q5,5000,1000,1439,98.61014593467686,-10.214537794748122,-10.052769265660684,0.0,-11.266088423716749,-9.261487359291381,-8.24524296929023,-12.498848636897648,10.03846260806905,0.00023357573066575636
ENGINEERING_SAMPLE,depth_5_bid,Q5,5000,500,1439,98.61014593467686,-10.214452693932701,-10.052769265660684,0.0,-11.266088423716749,-9.261487359291381,-8.24524296929023,-12.498848636897648,10.038377562575405,0.00014853023702189594
ENGINEERING_SAMPLE,depth_5_bid,Q5,60000,100,1439,93.46768589298124,-10.723366013036017,-10.685364247134764,0.0,-15.279683377308707,-5.801319622891829,-8.24524296929023,-12.498848636897648,10.035223045612838,3.107235559125525e-05
ENGINEERING_SAMPLE,depth_5_bid,Q5,60000,1000,1439,93.46768589298124,-10.723400162689467,-10.685364247134764,0.0,-15.279683377308707,-5.801319622891829,-8.24524296929023,-12.498848636897648,10.035257165136974,6.519187972837109e-05
ENGINEERING_SAMPLE,depth_5_bid,Q5,60000,500,1439,93.46768589298124,-10.723386847449847,-10.685364247134764,0.0,-15.279683377308707,-5.801319622891829,-8.24524296929023,-12.498848636897648,10.03524386164503,5.188838778424805e-05
ENGINEERING_SAMPLE,event_age_ms,Q1,1000,100,7192,99.94438264738598,-10.04901385299543,-10.052736166309996,0.0,-10.05283252011913,-10.052668982943777,-7.733523100694014,-11.949757491878085,10.05187106744017,1.5363784403035898e-05
ENGINEERING_SAMPLE,event_age_ms,Q1,1000,1000,7192,99.94438264738598,-10.049127156493142,-10.052736166309996,0.0,-10.05283252011913,-10.052668982943777,-7.733605466409615,-11.949842465265741,10.051984312553135,0.00012860889736695855
ENGINEERING_SAMPLE,event_age_ms,Q1,1000,500,7192,99.94438264738598,-10.04907238032262,-10.052736166309996,0.0,-10.05283252011913,-10.052668982943777,-7.733581518289085,-11.94981587885153,10.051929565317376,7.386166161002045e-05
ENGINEERING_SAMPLE,event_age_ms,Q1,15000,100,7192,99.15183537263626,-9.989226450280942,-10.052736166309996,0.0,-11.955154274366476,-8.155089933932542,-7.733523100694014,-11.949757491878085,10.053034710223677,2.9075220191527167e-05
ENGINEERING_SAMPLE,event_age_ms,Q1,15000,1000,7192,99.15183537263626,-9.98940266158934,-10.052736166309996,0.0,-11.955154274366476,-8.155089933932542,-7.733605466409615,-11.949842465265741,10.0532108324943,0.00020519749081089614
ENGINEERING_SAMPLE,event_age_ms,Q1,15000,500,7192,99.15183537263626,-9.989310285873344,-10.052736166309996,0.0,-11.955154274366476,-8.155089933932542,-7.733581518289085,-11.94981587885153,10.053118497924183,0.000112862920696431
ENGINEERING_SAMPLE,event_age_ms,Q1,250,100,7192,99.972191323693,-10.052173890926953,-10.052736166309996,0.0,-10.052810489255798,-10.052672864919504,-7.733523100694014,-11.949757491878085,10.052882750722992,3.311940744342999e-05
ENGINEERING_SAMPLE,event_age_ms,Q1,250,1000,7192,99.972191323693,-10.05239507033035,-10.052736166309996,0.0,-10.052810489255798,-10.052672864919504,-7.733605466409615,-11.949842465265741,10.053103816583567,0.00025418526801729643
ENGINEERING_SAMPLE,event_age_ms,Q1,250,500,7192,99.972191323693,-10.05228802862177,-10.052736166309996,0.0,-10.052810489255798,-10.052672864919504,-7.733581518289085,-11.94981587885153,10.052996829820424,0.00014719850487548527
ENGINEERING_SAMPLE,event_age_ms,Q1,3000,100,7192,99.81924360400446,-10.04293118540024,-10.052730885383452,0.0,-10.737792994469318,-9.367005852269731,-7.733523100694014,-11.949757491878085,10.053543430825364,4.370127379110792e-05
ENGINEERING_SAMPLE,event_age_ms,Q1,3000,1000,7192,99.81924360400446,-10.043205461939074,-10.052730885383452,0.0,-10.737792994469318,-9.367005852269731,-7.733605466409615,-11.949842465265741,10.05381756250917,0.0003178329575989577
ENGINEERING_SAMPLE,event_age_ms,Q1,3000,500,7192,99.81924360400446,-10.043085518379149,-10.052730885383452,0.0,-10.737792994469318,-9.367005852269731,-7.733581518289085,-11.94981587885153,10.0536976759141,0.00019794636252713166
ENGINEERING_SAMPLE,event_age_ms,Q1,30000,100,7192,98.31757508342604,-9.915939970579112,-10.052675083448284,0.0,-12.845023696682464,-6.991691723373951,-7.733523100694014,-11.949757491878085,10.05190953360082,3.1316250628505874e-05
ENGINEERING_SAMPLE,event_age_ms,Q1,30000,1000,7192,98.31757508342604,-9.916134782654197,-10.052675083448284,0.0,-12.845023696682464,-6.991691723373951,-7.733605466409615,-11.949842465265741,10.052104289551366,0.0002260722011749034
ENGINEERING_SAMPLE,event_age_ms,Q1,30000,500,7192,98.31757508342604,-9.916043665556254,-10.052675083448284,0.0,-12.845023696682464,-6.991691723373951,-7.733581518289085,-11.94981587885153,10.052013190452348,0.0001349731021561799
ENGINEERING_SAMPLE,event_age_ms,Q1,500,100,7192,99.95828698553949,-10.050929551956035,-10.052736166309996,0.0,-10.05281968978661,-10.052670923860113,-7.733523100694014,-11.949757491878085,10.05139050162056,4.945224834864662e-05
ENGINEERING_SAMPLE,event_age_ms,Q1,500,1000,7192,99.95828698553949,-10.051203706616388,-10.052736166309996,0.0,-10.05281968978661,-10.052670923860113,-7.733605466409615,-11.949842465265741,10.051664511346134,0.0003234619739221732
ENGINEERING_SAMPLE,event_age_ms,Q1,500,500,7192,99.95828698553949,-10.05109494953136,-10.052736166309996,0.0,-10.05281968978661,-10.052670923860113,-7.733581518289085,-11.94981587885153,10.051555811730966,0.00021476235875455638
ENGINEERING_SAMPLE,event_age_ms,Q1,5000,100,7192,99.72191323692992,-10.033517505320916,-10.052730885383452,0.0,-11.002082235108066,-9.05045871559633,-7.733523100694014,-11.949757491878085,10.050455812986531,4.72475912298227e-05
ENGINEERING_SAMPLE,event_age_ms,Q1,5000,1000,7192,99.72191323692992,-10.03373755082075,-10.052730885383452,0.0,-11.002082235108066,-9.05045871559633,-7.733605466409615,-11.949842465265741,10.050675738138548,0.0002671727432451308
ENGINEERING_SAMPLE,event_age_ms,Q1,5000,500,7192,99.72191323692992,-10.033649116952006,-10.052730885383452,0.0,-11.002082235108066,-9.05045871559633,-7.733581518289085,-11.94981587885153,10.050587348889291,0.00017878349398997416
ENGINEERING_SAMPLE,event_age_ms,Q1,60000,100,7192,96.64905450500557,-9.721791465689874,-9.947331571577473,0.546683930369731,-14.057412664387927,-4.6707257902897465,-7.733523100694014,-11.949757491878085,10.051786393876073,2.762329195356848e-05
ENGINEERING_SAMPLE,event_age_ms,Q1,60000,1000,7192,96.64905450500557,-9.721960052987072,-9.947331571577473,0.546683930369731,-14.057412664387927,-4.6707257902897465,-7.733605466409615,-11.949842465265741,10.051954932079306,0.00019616149518639033
ENGINEERING_SAMPLE,event_age_ms,Q1,60000,500,7192,96.64905450500557,-9.721869843657542,-9.947331571577473,0.546683930369731,-14.057412664387927,-4.6707257902897465,-7.733581518289085,-11.94981587885153,10.051864748071413,0.00010597748729304934
ENGINEERING_SAMPLE,imbalance_10,Q1,1000,100,1439,100.0,-9.963747903515257,-10.052722271405084,0.0,-10.0528038557191,-9.57817959514938,-7.066985196316757,-11.9138121128622,10.060485668731003,6.304962702562792e-05
ENGINEERING_SAMPLE,imbalance_10,Q1,1000,1000,1439,100.0,-9.964138929769197,-10.052722271405084,0.0,-10.052805193434317,-9.57817959514938,-7.06737613989851,-11.91420285558472,10.060876499251226,0.0004538801472473019
ENGINEERING_SAMPLE,imbalance_10,Q1,1000,500,1439,100.0,-9.964021530622624,-10.052722271405084,0.0,-10.052805193434317,-9.57817959514938,-7.0672587609806,-11.914085539405372,10.06075915730396,0.00033653819998160294
ENGINEERING_SAMPLE,imbalance_10,Q1,15000,100,1439,99.23558026407227,-9.674413540783613,-9.683469549169523,0.0,-12.163163390145122,-7.09856266081748,-7.066985196316757,-11.9138121128622,10.065815249592603,9.185960647184291e-05
ENGINEERING_SAMPLE,imbalance_10,Q1,15000,1000,1439,99.23558026407227,-9.67484859882978,-9.683469549169523,0.0,-12.163163390145122,-7.09856266081748,-7.06737613989851,-11.91420285558472,10.066250052563158,0.0005266625770268923
ENGINEERING_SAMPLE,imbalance_10,Q1,15000,500,1439,99.23558026407227,-9.674725737127602,-9.683469549169523,0.0,-12.163163390145122,-7.09856266081748,-7.0672587609806,-11.914085539405372,10.066127255404552,0.00040386541842187446
ENGINEERING_SAMPLE,imbalance_10,Q1,250,100,1439,100.0,-10.028830395025647,-10.05273394263306,0.0,-10.052805193434317,-10.052668982943777,-7.066985196316757,-11.9138121128622,10.056968175911907,6.304962702562792e-05
ENGINEERING_SAMPLE,imbalance_10,Q1,250,1000,1439,100.0,-10.029221423312288,-10.052736722258533,0.0,-10.052805193434317,-10.052668982943777,-7.06737613989851,-11.91420285558472,10.05735900643213,0.0004538801472473019
ENGINEERING_SAMPLE,imbalance_10,Q1,250,500,1439,100.0,-10.029104022133016,-10.052736722258533,0.0,-10.052805193434317,-10.052668982943777,-7.0672587609806,-11.914085539405372,10.057241664484863,0.00033653819998160294
ENGINEERING_SAMPLE,imbalance_10,Q1,3000,100,1439,100.0,-9.87029152579978,-10.052711716173356,0.0,-10.052807701848929,-9.102870434837648,-7.066985196316757,-11.9138121128622,10.066300419212137,9.069819017487058e-05
ENGINEERING_SAMPLE,imbalance_10,Q1,3000,1000,1439,100.0,-9.870716301909157,-10.052711716173356,0.0,-10.052807701848929,-9.102870434837648,-7.06737613989851,-11.91420285558472,10.066725016623575,0.0005152956016129184
ENGINEERING_SAMPLE,imbalance_10,Q1,3000,500,1439,100.0,-9.870586949954584,-10.052711716173356,0.0,-10.052807701848929,-9.102870434837648,-7.0672587609806,-11.914085539405372,10.066595716125997,0.00038599510403419026
ENGINEERING_SAMPLE,imbalance_10,Q1,30000,100,1439,96.73384294649063,-9.665474121450051,-9.57794382075795,0.0,-13.055830559885411,-5.624789251844047,-7.066985196316757,-11.9138121128622,10.068186869674776,6.517845782318864e-05
ENGINEERING_SAMPLE,imbalance_10,Q1,30000,1000,1439,96.73384294649063,-9.665878363686879,-9.57794382075795,0.0,-13.055830559885411,-5.624789251844047,-7.06737613989851,-11.91420285558472,10.068590896340435,0.0004692051234833818
ENGINEERING_SAMPLE,imbalance_10,Q1,30000,500,1439,96.73384294649063,-9.665757000381555,-9.57794382075795,0.0,-13.055830559885411,-5.624789251844047,-7.0672587609806,-11.914085539405372,10.068469592416502,0.0003479011995499473
ENGINEERING_SAMPLE,imbalance_10,Q1,500,100,1439,100.0,-9.999363727960707,-10.052726994851147,0.0,-10.052805193434317,-10.042129863567457,-7.066985196316757,-11.9138121128622,10.04859508370989,6.304962702562792e-05
ENGINEERING_SAMPLE,imbalance_10,Q1,500,1000,1439,100.0,-9.999782259147441,-10.052726994851147,0.0,-10.052805193434317,-10.052662329459324,-7.06737613989851,-11.91420285558472,10.049013405732126,0.0004813716492633646
ENGINEERING_SAMPLE,imbalance_10,Q1,500,500,1439,100.0,-9.999637355068076,-10.052726994851147,0.0,-10.052805193434317,-10.052662329459324,-7.0672587609806,-11.914085539405372,10.048868572282844,0.00033653819998160294
ENGINEERING_SAMPLE,imbalance_10,Q1,5000,100,1439,100.0,-9.835248728458739,-10.052691173372656,0.0,-10.368814610416688,-8.785147134907982,-7.066985196316757,-11.9138121128622,10.06615922044319,6.304962702562792e-05
ENGINEERING_SAMPLE,imbalance_10,Q1,5000,1000,1439,100.0,-9.83563973591134,-10.052691173372656,0.0,-10.368814610416688,-8.785147134907982,-7.06737613989851,-11.91420285558472,10.066550050963412,0.0004538801472473019
ENGINEERING_SAMPLE,imbalance_10,Q1,5000,500,1439,100.0,-9.835522343903216,-10.052691173372656,0.0,-10.368814610416688,-8.785147134907982,-7.0672587609806,-11.914085539405372,10.066432709016146,0.00033653819998160294
ENGINEERING_SAMPLE,imbalance_10,Q1,60000,100,1439,88.39471855455177,-8.940339355390392,-8.787502766273592,1.4150943396226414,-14.626619791882694,-3.4644014223627027,-7.066985196316757,-11.9138121128622,10.06425095898226,0.00010260276344329619
ENGINEERING_SAMPLE,imbalance_10,Q1,60000,1000,1439,88.39471855455177,-8.940819815728018,-8.787502766273592,1.4150943396226414,-14.626619791882694,-3.4644014223627027,-7.06737613989851,-11.91420285558472,10.064731300483071,0.0005829442642543837
ENGINEERING_SAMPLE,imbalance_10,Q1,60000,500,1439,88.39471855455177,-8.94067349659697,-8.787502766273592,1.4150943396226414,-14.626619791882694,-3.4644014223627027,-7.0672587609806,-11.914085539405372,10.06458502007222,0.00043666385340123645
ENGINEERING_SAMPLE,imbalance_10,Q2,1000,100,1438,100.0,-10.008396240003922,-10.052740892246218,0.0,-10.052813918170145,-10.052668428422527,-7.2806598687794235,-11.64906880403129,10.051617697643795,-6.15674261243274e-25
ENGINEERING_SAMPLE,imbalance_10,Q2,1000,1000,1438,100.0,-10.008396240003922,-10.052740892246218,0.0,-10.052813918170145,-10.052668428422527,-7.2806598687794235,-11.649082061980659,10.051617697643795,-6.15674261243274e-25
ENGINEERING_SAMPLE,imbalance_10,Q2,1000,500,1438,100.0,-10.008396240003922,-10.052740892246218,0.0,-10.052813918170145,-10.052668428422527,-7.2806598687794235,-11.64906880403129,10.051617697643795,0.0
ENGINEERING_SAMPLE,imbalance_10,Q2,15000,100,1438,98.67872044506258,-9.699949225318573,-10.052680630587938,0.0,-11.58247049140273,-7.5218051215026165,-7.2806598687794235,-11.64906880403129,10.059490603632176,1.1746989988172946e-05
ENGINEERING_SAMPLE,imbalance_10,Q2,15000,1000,1438,98.67872044506258,-9.699999806639196,-10.052680630587938,0.0,-11.58247049140273,-7.5218051215026165,-7.2806598687794235,-11.649082061980659,10.059541158210301,6.23015681137854e-05
ENGINEERING_SAMPLE,imbalance_10,Q2,15000,500,1438,98.67872044506258,-9.699969531503125,-10.052680630587938,0.0,-11.58247049140273,-7.5218051215026165,-7.2806598687794235,-11.64906880403129,10.059510899080786,3.2042438600122864e-05
ENGINEERING_SAMPLE,imbalance_10,Q2,250,100,1438,100.0,-10.043457039944252,-10.052741170268845,0.0,-10.052806531236909,-10.052670923860113,-7.2806598687794235,-11.64906880403129,10.053552649364176,2.7672133335125393e-05
ENGINEERING_SAMPLE,imbalance_10,Q2,250,1000,1438,100.0,-10.043490848348627,-10.052741170268845,0.0,-10.052806531236909,-10.052670923860113,-7.2806598687794235,-11.649082061980659,10.05358644114039,6.14639095475003e-05
ENGINEERING_SAMPLE,imbalance_10,Q2,250,500,1438,100.0,-10.043478881342665,-10.052741170268845,0.0,-10.052806531236909,-10.052670923860113,-7.2806598687794235,-11.64906880403129,10.05357448002022,4.9502789378330796e-05
ENGINEERING_SAMPLE,imbalance_10,Q2,3000,100,1438,100.0,-9.93659201549752,-10.052729495841723,0.0,-10.369186245723533,-9.20914891050024,-7.2806598687794235,-11.64906880403129,10.053868508444095,1.1596789832980922e-05
ENGINEERING_SAMPLE,imbalance_10,Q2,3000,1000,1438,100.0,-9.936881634977984,-10.052729495841723,0.0,-10.369186245723533,-9.20914891050024,-7.2806598687794235,-11.649082061980659,10.054158016593847,0.00030110493958451534
ENGINEERING_SAMPLE,imbalance_10,Q2,3000,500,1438,100.0,-9.936616959124205,-10.052729495841723,0.0,-10.369186245723533,-9.20914891050024,-7.2806598687794235,-11.64906880403129,10.053893435934423,3.652428016157491e-05
ENGINEERING_SAMPLE,imbalance_10,Q2,30000,100,1438,97.98331015299027,-9.53648895055159,-9.525979153506002,0.0,-12.847227711814833,-6.624191397044481,-7.2806598687794235,-11.64906880403129,10.054647912041975,2.1843753338350696e-05
ENGINEERING_SAMPLE,imbalance_10,Q2,30000,1000,1438,97.98331015299027,-9.536970127084972,-9.525979153506002,0.0,-12.847227711814833,-6.624191397044481,-7.2806598687794235,-11.649082061980659,10.055129045985,0.0005029776963621759
ENGINEERING_SAMPLE,imbalance_10,Q2,30000,500,1438,97.98331015299027,-9.536651931221419,-9.525979153506002,0.0,-12.847227711814833,-6.624191397044481,-7.2806598687794235,-11.64906880403129,10.054810878735353,0.0001848104467149256
ENGINEERING_SAMPLE,imbalance_10,Q2,500,100,1438,100.0,-10.026884603494155,-10.052741170268845,0.0,-10.052813834532488,-10.052668982943777,-7.2806598687794235,-11.64906880403129,10.047767070692583,-7.073267116176154e-25
ENGINEERING_SAMPLE,imbalance_10,Q2,500,1000,1438,100.0,-10.026884603494155,-10.052741170268845,0.0,-10.052813834532488,-10.052668982943777,-7.2806598687794235,-11.649082061980659,10.047767070692583,-7.073267116176154e-25
ENGINEERING_SAMPLE,imbalance_10,Q2,500,500,1438,100.0,-10.026884603494155,-10.052741170268845,0.0,-10.052813834532488,-10.052668982943777,-7.2806598687794235,-11.64906880403129,10.047767070692583,0.0
ENGINEERING_SAMPLE,imbalance_10,Q2,5000,100,1438,100.0,-9.879529206489634,-10.052726439107682,0.0,-10.737792994469318,-8.788626146281889,-7.2806598687794235,-11.64906880403129,10.052768980028416,4.908142969106528e-05
ENGINEERING_SAMPLE,imbalance_10,Q2,5000,1000,1438,100.0,-9.879795113104134,-10.052726439107682,0.0,-10.737792994469318,-8.788626146281889,-7.2806598687794235,-11.649082061980659,10.05303470457389,0.00031480597516377984
ENGINEERING_SAMPLE,imbalance_10,Q2,5000,500,1438,100.0,-9.879706055845391,-10.052726439107682,0.0,-10.737792994469318,-8.788626146281889,-7.2806598687794235,-11.64906880403129,10.052945707768611,0.00022580916988436078
ENGINEERING_SAMPLE,imbalance_10,Q2,60000,100,1438,97.98331015299027,-9.184026254997157,-9.103693047080027,1.4194464158978,-13.900338211587698,-3.938982890134435,-7.2806598687794235,-11.64906880403129,10.060655911140586,-1.7190494966175528e-25
ENGINEERING_SAMPLE,imbalance_10,Q2,60000,1000,1438,97.98331015299027,-9.184026254997157,-9.103693047080027,1.4194464158978,-13.900338211587698,-3.938982890134435,-7.2806598687794235,-11.649082061980659,10.060655911140586,-1.7190494966175528e-25
ENGINEERING_SAMPLE,imbalance_10,Q2,60000,500,1438,97.98331015299027,-9.184026254997157,-9.103693047080027,1.4194464158978,-13.900338211587698,-3.938982890134435,-7.2806598687794235,-11.64906880403129,10.060655911140586,0.0
ENGINEERING_SAMPLE,imbalance_10,Q3,1000,100,1438,100.0,-10.047470038657025,-10.052736444284264,0.0,-10.052813834532488,-10.052670923860113,-7.876185922944583,-11.8006833818951,10.054828015597124,-4.83581454521659e-25
ENGINEERING_SAMPLE,imbalance_10,Q3,1000,1000,1438,100.0,-10.047470038657025,-10.052736444284264,0.0,-10.052813834532488,-10.052670923860113,-7.876185922944583,-11.8006833818951,10.054828015597124,-4.83581454521659e-25
ENGINEERING_SAMPLE,imbalance_10,Q3,1000,500,1438,100.0,-10.047470038657025,-10.052736444284264,0.0,-10.052813834532488,-10.052670923860113,-7.876185922944583,-11.8006833818951,10.054828015597124,0.0
ENGINEERING_SAMPLE,imbalance_10,Q3,15000,100,1438,99.51321279554938,-10.010089263200808,-10.052723938407057,0.0,-11.689721599155561,-8.209188588756167,-7.876185922944583,-11.8006833818951,10.06274317638037,-2.6115333987944768e-25
ENGINEERING_SAMPLE,imbalance_10,Q3,15000,1000,1438,99.51321279554938,-10.010371138021437,-10.052723938407057,0.0,-11.689721599155561,-8.209188588756167,-7.876185922944583,-11.8006833818951,10.06302493642489,0.00028176004452112305
ENGINEERING_SAMPLE,imbalance_10,Q3,15000,500,1438,99.51321279554938,-10.01009419760441,-10.052723938407057,0.0,-11.689721599155561,-8.209188588756167,-7.876185922944583,-11.8006833818951,10.062748109085076,4.932704708130732e-06
ENGINEERING_SAMPLE,imbalance_10,Q3,250,100,1438,100.0,-10.048230304658954,-10.052736722258533,0.0,-10.052803799973612,-10.052680630587938,-7.876185922944583,-11.8006833818951,10.05466074743894,-5.496138731298405e-25
ENGINEERING_SAMPLE,imbalance_10,Q3,250,1000,1438,100.0,-10.048230304658954,-10.052736722258533,0.0,-10.052803799973612,-10.052680630587938,-7.876185922944583,-11.8006833818951,10.05466074743894,-5.496138731298405e-25
ENGINEERING_SAMPLE,imbalance_10,Q3,250,500,1438,100.0,-10.048230304658954,-10.052736722258533,0.0,-10.052803799973612,-10.052680630587938,-7.876185922944583,-11.8006833818951,10.05466074743894,0.0
ENGINEERING_SAMPLE,imbalance_10,Q3,3000,100,1438,100.0,-10.02873218772486,-10.052730051649625,0.0,-10.543690949733813,-9.630513803964188,-7.876185922944583,-11.8006833818951,10.05725309143781,2.141453884337297e-05
ENGINEERING_SAMPLE,imbalance_10,Q3,3000,1000,1438,100.0,-10.028964304582274,-10.052730051649625,0.0,-10.543690949733813,-9.630513803964188,-7.876185922944583,-11.8006833818951,10.057485027999967,0.0002533511009998225
ENGINEERING_SAMPLE,imbalance_10,Q3,3000,500,1438,100.0,-10.02888721805609,-10.052730051649625,0.0,-10.543690949733813,-9.630513803964188,-7.876185922944583,-11.8006833818951,10.05740800135024,0.000176324451273116
ENGINEERING_SAMPLE,imbalance_10,Q3,30000,100,1438,98.81780250347705,-9.893732367167088,-9.683626359726789,0.0,-12.479920049362663,-7.361689784294077,-7.876185922944583,-11.8006833818951,10.054267666223957,2.799879125387768e-05
ENGINEERING_SAMPLE,imbalance_10,Q3,30000,1000,1438,98.81780250347705,-9.893766562367343,-9.683626359726789,0.0,-12.479920049362663,-7.361689784294077,-7.876185922944583,-11.8006833818951,10.054301860844971,6.21934122675033e-05
ENGINEERING_SAMPLE,imbalance_10,Q3,30000,500,1438,98.81780250347705,-9.893754452131311,-9.683626359726789,0.0,-12.479920049362663,-7.361689784294077,-7.876185922944583,-11.8006833818951,10.054289750814076,5.008338137345052e-05
ENGINEERING_SAMPLE,imbalance_10,Q3,500,100,1438,100.0,-10.048151616938725,-10.052736722258533,0.0,-10.052810489255798,-10.052672864919504,-7.876185922944583,-11.8006833818951,10.054434066019702,2.7669794747928918e-05
ENGINEERING_SAMPLE,imbalance_10,Q3,500,1000,1438,100.0,-10.048185416022413,-10.052736722258533,0.0,-10.052810489255798,-10.052672864919504,-7.876185922944583,-11.8006833818951,10.054467857040372,6.146081541674804e-05
ENGINEERING_SAMPLE,imbalance_10,Q3,500,500,1438,100.0,-10.048173448953282,-10.052736722258533,0.0,-10.052810489255798,-10.052672864919504,-7.876185922944583,-11.8006833818951,10.05445589282607,4.949660111682627e-05
ENGINEERING_SAMPLE,imbalance_10,Q3,5000,100,1438,100.0,-10.019445492597672,-10.05272685591455,0.0,-10.897489341044366,-9.103811114565277,-7.876185922944583,-11.8006833818951,10.057553957048517,2.813472032176095e-05
ENGINEERING_SAMPLE,imbalance_10,Q3,5000,1000,1438,100.0,-10.019599743825799,-10.05272685591455,0.0,-10.897489341044366,-9.103811114565277,-7.876185922944583,-11.8006833818951,10.05770814117164,0.00018231884344234572
ENGINEERING_SAMPLE,imbalance_10,Q3,5000,500,1438,100.0,-10.01948202884503,-10.05272685591455,0.0,-10.897489341044366,-9.103811114565277,-7.876185922944583,-11.8006833818951,10.057590465094867,6.464276666907242e-05
ENGINEERING_SAMPLE,imbalance_10,Q3,60000,100,1438,98.81780250347705,-9.771321254228342,-9.947331571577473,0.0,-13.379443198311122,-5.675246835810038,-7.876185922944583,-11.8006833818951,10.05572636380081,-4.0799600417030395e-25
ENGINEERING_SAMPLE,imbalance_10,Q3,60000,1000,1438,98.81780250347705,-9.771420167841056,-9.947331571577473,0.0,-13.379443198311122,-5.675246835810038,-7.876185922944583,-11.8006833818951,10.055825201093102,9.883729229267876e-05
ENGINEERING_SAMPLE,imbalance_10,Q3,60000,500,1438,98.81780250347705,-9.771362308160345,-9.947331571577473,0.0,-13.379443198311122,-5.675246835810038,-7.876185922944583,-11.8006833818951,10.05576739149135,4.102769054160676e-05
ENGINEERING_SAMPLE,imbalance_10,Q4,1000,100,1438,100.0,-10.080722413656234,-10.052736166309996,0.0,-10.105345729839007,-10.052672864919504,-8.141507757575484,-12.291450263660103,10.051300932384132,1.3704081362408511e-05
ENGINEERING_SAMPLE,imbalance_10,Q4,1000,1000,1438,100.0,-10.080743079826505,-10.052736166309996,0.0,-10.105345729839007,-10.052672864919504,-8.141528427983511,-12.291470917291354,10.051321589118121,3.43608153505831e-05
ENGINEERING_SAMPLE,imbalance_10,Q4,1000,500,1438,100.0,-10.0807407835793,-10.052736166309996,0.0,-10.105345729839007,-10.052672864919504,-8.141526131271508,-12.291468622443437,10.051319293925456,3.206562268523037e-05
ENGINEERING_SAMPLE,imbalance_10,Q4,15000,100,1438,100.0,-10.242723154176433,-10.210923541533807,0.0,-11.955154274366476,-8.50670078530183,-8.141507757575484,-12.291450263660103,10.04237756676115,4.137058299775464e-05
ENGINEERING_SAMPLE,imbalance_10,Q4,15000,1000,1438,100.0,-10.242777606715979,-10.210923541533807,0.0,-11.955154274366476,-8.50670078530183,-8.141528427983511,-12.291470917291354,10.042432013451878,9.581727372606775e-05
ENGINEERING_SAMPLE,imbalance_10,Q4,15000,500,1438,100.0,-10.242763343327027,-10.210923541533807,0.0,-11.955154274366476,-8.50670078530183,-8.141526131271508,-12.291468622443437,10.042417749687871,8.155350971952986e-05
ENGINEERING_SAMPLE,imbalance_10,Q4,250,100,1438,100.0,-10.055881766122868,-10.052733108802554,0.0,-10.052817347530409,-10.052675083448284,-8.141507757575484,-12.291450263660103,10.049690502330366,5.342165743481698e-05
ENGINEERING_SAMPLE,imbalance_10,Q4,250,1000,1438,100.0,-10.055993047629268,-10.052733108802554,0.0,-10.052817347530409,-10.052675083448284,-8.141528427983511,-12.291470917291354,10.049801724297707,0.00016464362477526922
ENGINEERING_SAMPLE,imbalance_10,Q4,250,500,1438,100.0,-10.055956353440253,-10.052733108802554,0.0,-10.052817347530409,-10.052675083448284,-8.141526131271508,-12.291468622443437,10.0497650497214,0.00012796904846818104
ENGINEERING_SAMPLE,imbalance_10,Q4,3000,100,1438,100.0,-10.134434520763524,-10.052750902907759,0.0,-10.844090103771197,-9.630829322804928,-8.141507757575484,-12.291450263660103,10.050360337662465,1.3704081362408511e-05
ENGINEERING_SAMPLE,imbalance_10,Q4,3000,1000,1438,100.0,-10.134455186933794,-10.052750902907759,0.0,-10.844090103771197,-9.630829322804928,-8.141528427983511,-12.291470917291354,10.050380994396452,3.43608153505831e-05
ENGINEERING_SAMPLE,imbalance_10,Q4,3000,500,1438,100.0,-10.13445289068659,-10.052750902907759,0.0,-10.844090103771197,-9.630829322804928,-8.141526131271508,-12.291468622443437,10.050378699203787,3.206562268523037e-05
ENGINEERING_SAMPLE,imbalance_10,Q4,30000,100,1438,99.7913769123783,-10.214199957168544,-10.421382919356027,0.0,-12.68732060566162,-7.574519889537703,-8.141507757575484,-12.291450263660103,10.046043217340978,1.3732731009856055e-05
ENGINEERING_SAMPLE,imbalance_10,Q4,30000,1000,1438,99.7913769123783,-10.214220662722473,-10.421382919356027,0.0,-12.68732060566162,-7.574519889537703,-8.141528427983511,-12.291470917291354,10.046063917259776,3.443264980776202e-05
ENGINEERING_SAMPLE,imbalance_10,Q4,30000,500,1438,99.7913769123783,-10.214218362099297,-10.421382919356027,0.0,-12.68732060566162,-7.574519889537703,-8.141526131271508,-12.291468622443437,10.046061617268798,3.2132658830216914e-05
ENGINEERING_SAMPLE,imbalance_10,Q4,500,100,1438,100.0,-10.068303830685428,-10.052736166309996,0.0,-10.052831125215839,-10.052675083448284,-8.141507757575484,-12.291450263660103,10.054695152462354,0.00011155237866699951
ENGINEERING_SAMPLE,imbalance_10,Q4,500,1000,1438,100.0,-10.068591293690956,-10.052736166309996,0.0,-10.052831125215839,-10.052675083448284,-8.141528427983511,-12.291470917291354,10.05498244806026,0.00039884797657211226
ENGINEERING_SAMPLE,imbalance_10,Q4,500,500,1438,100.0,-10.068495251188212,-10.052736166309996,0.0,-10.052831125215839,-10.052675083448284,-8.141526131271508,-12.291468622443437,10.054886461663608,0.0003028615799205985
ENGINEERING_SAMPLE,imbalance_10,Q4,5000,100,1438,100.0,-10.139845456917683,-10.052769265660684,0.0,-11.055179396317156,-9.208949166121993,-8.141507757575484,-12.291450263660103,10.042585058407722,6.627552250696745e-05
ENGINEERING_SAMPLE,imbalance_10,Q4,5000,1000,1438,100.0,-10.14009955851889,-10.052769265660684,0.0,-11.055179396317156,-9.208949166121993,-8.141528427983511,-12.291470917291354,10.042839008283304,0.0003202253980888415
ENGINEERING_SAMPLE,imbalance_10,Q4,5000,500,1438,100.0,-10.139995196120246,-10.052769265660684,0.0,-11.055179396317156,-9.208949166121993,-8.141526131271508,-12.291468622443437,10.042734710282394,0.00021592739717840056
ENGINEERING_SAMPLE,imbalance_10,Q4,60000,100,1438,99.7913769123783,-10.375383667117713,-10.422336782452234,0.0,-14.649458186350099,-5.696766458464745,-8.141507757575484,-12.291450263660103,10.045489262658192,1.3732731009856055e-05
ENGINEERING_SAMPLE,imbalance_10,Q4,60000,1000,1438,99.7913769123783,-10.375644445672283,-10.422336782452234,0.0,-14.649458186350099,-5.696766458464745,-8.141528427983511,-12.291470917291354,10.045750012560163,0.00027448263298011666
ENGINEERING_SAMPLE,imbalance_10,Q4,60000,500,1438,99.7913769123783,-10.37540695472365,-10.422336782452234,0.0,-14.649458186350099,-5.696766458464745,-8.141526131271508,-12.291468622443437,10.04551254934378,3.701941659803226e-05
ENGINEERING_SAMPLE,imbalance_10,Q5,1000,100,1439,99.72202918693537,-10.144992196948138,-10.052736166309996,0.0,-10.580186515823268,-10.052672587616545,-8.302740275172582,-12.093797893728246,10.041094549858675,-7.451571717687478e-25
ENGINEERING_SAMPLE,imbalance_10,Q5,1000,1000,1439,99.72202918693537,-10.145146915282146,-10.052736166309996,0.0,-10.580186515823268,-10.052672587616545,-8.302740275172582,-12.093797893728246,10.041249181475338,0.00015463161666250322
ENGINEERING_SAMPLE,imbalance_10,Q5,1000,500,1439,99.72202918693537,-10.144992565638718,-10.052736166309996,0.0,-10.580186515823268,-10.052672587616545,-8.302740275172582,-12.093797893728246,10.041094918352375,3.684936989122795e-07
ENGINEERING_SAMPLE,imbalance_10,Q5,15000,100,1439,98.33217512161222,-10.318310741089237,-10.26361135702542,0.0,-12.055367094741943,-8.596260322412135,-8.302740275172582,-12.093797893728246,10.034674734438104,-3.0928024509764916e-25
ENGINEERING_SAMPLE,imbalance_10,Q5,15000,1000,1439,98.33217512161222,-10.31836859228084,-10.26361135702542,0.0,-12.055367094741943,-8.596260322412135,-8.302740275172582,-12.093797893728246,10.034732543172025,5.780873392001701e-05
ENGINEERING_SAMPLE,imbalance_10,Q5,15000,500,1439,98.33217512161222,-10.318351976159352,-10.26361135702542,0.0,-12.055367094741943,-8.596260322412135,-8.302740275172582,-12.093797893728246,10.034715939245306,4.120480720298184e-05
ENGINEERING_SAMPLE,imbalance_10,Q5,250,100,1439,99.86101459346769,-10.084508668127201,-10.052728662151836,0.0,-10.052824988516306,-10.052675249845826,-8.302740275172582,-12.093797893728246,10.049536510512974,2.14246730001433e-05
ENGINEERING_SAMPLE,imbalance_10,Q5,250,1000,1439,99.86101459346769,-10.085078571338233,-10.052728662151836,0.0,-10.052824988516306,-10.052675249845826,-8.302740275172582,-12.093797893728246,10.050106119876716,0.0005910340367427636
ENGINEERING_SAMPLE,imbalance_10,Q5,250,500,1439,99.86101459346769,-10.084709249981708,-10.052728662151836,0.0,-10.052824988516306,-10.052675249845826,-8.302740275172582,-12.093797893728246,10.049736988607863,0.00022190276788999901
ENGINEERING_SAMPLE,imbalance_10,Q5,3000,100,1439,99.09659485753996,-10.246423863443704,-10.052763978103345,0.0,-10.949566317787562,-10.0,-8.302740275172582,-12.093797893728246,10.03981133272105,8.13744665140145e-05
ENGINEERING_SAMPLE,imbalance_10,Q5,3000,1000,1439,99.09659485753996,-10.246829055340037,-10.052763978103345,0.0,-10.949566317787562,-10.0,-8.302740275172582,-12.093797893728246,10.04021627928753,0.0004863210329926448
ENGINEERING_SAMPLE,imbalance_10,Q5,3000,500,1439,99.09659485753996,-10.24670270116878,-10.052763978103345,0.0,-10.949566317787562,-10.0,-8.302740275172582,-12.093797893728246,10.040090002532693,0.0003600442781575258
ENGINEERING_SAMPLE,imbalance_10,Q5,30000,100,1439,98.26268241834607,-10.260246104171104,-10.263931243339066,0.0,-12.845023696682464,-7.537491716166047,-8.302740275172582,-12.093797893728246,10.036740389567488,2.859844065038661e-05
ENGINEERING_SAMPLE,imbalance_10,Q5,30000,1000,1439,98.26268241834607,-10.260287496960553,-10.263931243339066,0.0,-12.845023696682464,-7.537491716166047,-8.302740275172582,-12.093797893728246,10.036781762652394,6.997152555750225e-05
ENGINEERING_SAMPLE,imbalance_10,Q5,30000,500,1439,98.26268241834607,-10.260282897761725,-10.263931243339066,0.0,-12.845023696682464,-7.537491716166047,-8.302740275172582,-12.093797893728246,10.036777165642961,6.537451612337828e-05
ENGINEERING_SAMPLE,imbalance_10,Q5,500,100,1439,99.79152189020152,-10.112064868362362,-10.052731997069566,0.0,-10.31639948681284,-10.052675083448284,-8.302740275172582,-12.093797893728246,10.051463180263614,4.497375676732231e-05
ENGINEERING_SAMPLE,imbalance_10,Q5,500,1000,1439,99.79152189020152,-10.11269624481868,-10.052731997069566,0.0,-10.316554653587714,-10.052675083448284,-8.302740275172582,-12.093797893728246,10.05209421645417,0.000676009947323496
ENGINEERING_SAMPLE,imbalance_10,Q5,500,500,1439,99.79152189020152,-10.11240514457516,-10.052731997069566,0.0,-10.316478735798617,-10.052675083448284,-8.302740275172582,-12.093797893728246,10.051803274099452,0.0003850675926052663
ENGINEERING_SAMPLE,imbalance_10,Q5,5000,100,1439,98.61014593467686,-10.297139706535804,-10.052796833773087,0.0,-11.369752998884117,-9.367049234775916,-8.302740275172582,-12.093797893728246,10.03296989077852,2.945051862364094e-05
ENGINEERING_SAMPLE,imbalance_10,Q5,5000,1000,1439,98.61014593467686,-10.297172068424663,-10.052796833773087,0.0,-11.369752998884117,-9.367049234775916,-8.302740275172582,-12.093797893728246,10.03300223009151,6.17898316122959e-05
ENGINEERING_SAMPLE,imbalance_10,Q5,5000,500,1439,98.61014593467686,-10.297159447566822,-10.052796833773087,0.0,-11.369752998884117,-9.367049234775916,-8.302740275172582,-12.093797893728246,10.03298961803806,4.917777816503959e-05
ENGINEERING_SAMPLE,imbalance_10,Q5,60000,100,1439,98.26268241834607,-10.247556407418914,-10.158368772622225,0.0,-14.117430284811402,-6.20375640295959,-8.302740275172582,-12.093797893728246,10.03416659853933,2.9556094957735722e-05
ENGINEERING_SAMPLE,imbalance_10,Q5,60000,1000,1439,98.26268241834607,-10.24758889064656,-10.158368772622225,0.0,-14.117430284811402,-6.20375640295959,-8.302740275172582,-12.093797893728246,10.034199053107903,6.201066353229074e-05
ENGINEERING_SAMPLE,imbalance_10,Q5,60000,500,1439,98.26268241834607,-10.2475762251605,-10.158368772622225,0.0,-14.117430284811402,-6.20375640295959,-8.302740275172582,-12.093797893728246,10.03418639879626,4.9356351888128445e-05
ENGINEERING_SAMPLE,imbalance_20,Q1,1000,100,1439,100.0,-9.97105300172903,-10.052713382507903,0.0,-10.052785134693103,-9.631074347122452,-7.413020975576462,-11.67603280582734,10.058924670814797,3.359844951567753e-05
ENGINEERING_SAMPLE,imbalance_20,Q1,1000,1000,1439,100.0,-9.97124841363044,-10.052713382507903,0.0,-10.052785134693103,-9.631074347122452,-7.413216320467488,-11.676241347429801,10.059119986646799,0.00022891428151900812
ENGINEERING_SAMPLE,imbalance_20,Q1,1000,500,1439,100.0,-9.9711885613562,-10.052713382507903,0.0,-10.052785134693103,-9.631074347122452,-7.413156488821149,-11.676168285137258,10.059060163359712,0.00016909099443191634
ENGINEERING_SAMPLE,imbalance_20,Q1,15000,100,1439,99.58304378040306,-9.593862101895708,-10.0,0.0,-11.212708099476687,-7.5218051215026165,-7.413020975576462,-11.67603280582734,10.068550625696101,7.359682651653206e-05
ENGINEERING_SAMPLE,imbalance_20,Q1,15000,1000,1439,99.58304378040306,-9.594149273745021,-10.0,0.0,-11.212708099476687,-7.5218051215026165,-7.413216320467488,-11.676241347429801,10.068837638921478,0.00036061005189452126
ENGINEERING_SAMPLE,imbalance_20,Q1,15000,500,1439,99.58304378040306,-9.594054650661253,-10.0,0.0,-11.212708099476687,-7.5218051215026165,-7.413156488821149,-11.676168285137258,10.068743066210194,0.0002660373406099177
ENGINEERING_SAMPLE,imbalance_20,Q1,250,100,1439,100.0,-10.02989197819215,-10.052717271031582,0.0,-10.052785134693103,-10.052668982943777,-7.413020975576462,-11.67603280582734,10.05800743209524,3.359844951567753e-05
ENGINEERING_SAMPLE,imbalance_20,Q1,250,1000,1439,100.0,-10.03008739009356,-10.052717271031582,0.0,-10.052785134693103,-10.052668982943777,-7.413216320467488,-11.676241347429801,10.058202747927242,0.00022891428151900812
ENGINEERING_SAMPLE,imbalance_20,Q1,250,500,1439,100.0,-10.030027537819322,-10.052717271031582,0.0,-10.052785134693103,-10.052668982943777,-7.413156488821149,-11.676168285137258,10.058142924640155,0.00016909099443191634
ENGINEERING_SAMPLE,imbalance_20,Q1,3000,100,1439,100.0,-9.847633631165957,-10.052701442771133,0.0,-10.052805193434317,-9.104075472890758,-7.413020975576462,-11.67603280582734,10.064821457010137,3.359844951567753e-05
ENGINEERING_SAMPLE,imbalance_20,Q1,3000,1000,1439,100.0,-9.847829043067367,-10.052701442771133,0.0,-10.052805193434317,-9.104075472890758,-7.413216320467488,-11.676241347429801,10.065016772842139,0.00022891428151900812
ENGINEERING_SAMPLE,imbalance_20,Q1,3000,500,1439,100.0,-9.847769190793128,-10.052701442771133,0.0,-10.052805193434317,-9.104075472890758,-7.413156488821149,-11.676168285137258,10.064956949555052,0.00016909099443191634
ENGINEERING_SAMPLE,imbalance_20,Q1,30000,100,1439,97.5677553856845,-9.59486430733716,-9.630652153276587,0.0,-12.477202686685105,-5.624789251844047,-7.413020975576462,-11.67603280582734,10.068501376470655,3.4436017701609655e-05
ENGINEERING_SAMPLE,imbalance_20,Q1,30000,1000,1439,97.5677553856845,-9.595309957247053,-9.630652153276587,0.0,-12.477202686685105,-5.624789251844047,-7.413216320467488,-11.676241347429801,10.068946902151865,0.0004799616989118521
ENGINEERING_SAMPLE,imbalance_20,Q1,30000,500,1439,97.5677553856845,-9.595008239245862,-9.630652153276587,0.0,-12.477202686685105,-5.624789251844047,-7.413156488821149,-11.676168285137258,10.068645237508465,0.00017829705551123258
ENGINEERING_SAMPLE,imbalance_20,Q1,500,100,1439,100.0,-10.003950355881322,-10.052716993260866,0.0,-10.052785134693103,-10.05266260665428,-7.413020975576462,-11.67603280582734,10.05068308493583,3.359844951567753e-05
ENGINEERING_SAMPLE,imbalance_20,Q1,500,1000,1439,100.0,-10.004173273393091,-10.052716993260866,0.0,-10.052785134693103,-10.05266260665428,-7.413216320467488,-11.676241347429801,10.050905892269848,0.0002564057835350708
ENGINEERING_SAMPLE,imbalance_20,Q1,500,500,1439,100.0,-10.004085915508494,-10.052716993260866,0.0,-10.052785134693103,-10.05266260665428,-7.413156488821149,-11.676168285137258,10.050818577480745,0.00016909099443191634
ENGINEERING_SAMPLE,imbalance_20,Q1,5000,100,1439,100.0,-9.787421130083027,-10.052690895876891,0.0,-10.263800413432332,-8.788198741409726,-7.413020975576462,-11.67603280582734,10.064121953824515,3.359844951567753e-05
ENGINEERING_SAMPLE,imbalance_20,Q1,5000,1000,1439,100.0,-9.787616540790875,-10.052690895876891,0.0,-10.263800413432332,-8.788198741409726,-7.413216320467488,-11.676241347429801,10.064317269656518,0.00022891428151900812
ENGINEERING_SAMPLE,imbalance_20,Q1,5000,500,1439,100.0,-9.7875566897102,-10.052690895876891,0.0,-10.263800413432332,-8.788198741409726,-7.413156488821149,-11.676168285137258,10.064257446369432,0.00016909099443191634
ENGINEERING_SAMPLE,imbalance_20,Q1,60000,100,1439,89.22863099374565,-9.124761666918124,-8.971545762037795,1.4018691588785046,-13.900338211587698,-3.6270530638029057,-7.413020975576462,-11.67603280582734,10.068133801228445,3.765433711297505e-05
ENGINEERING_SAMPLE,imbalance_20,Q1,60000,1000,1439,89.22863099374565,-9.124980662566973,-8.971545762037795,1.4018691588785046,-13.900338211587698,-3.6270530638029057,-7.413216320467488,-11.676241347429801,10.068352694906212,0.0002565480148799476
ENGINEERING_SAMPLE,imbalance_20,Q1,60000,500,1439,89.22863099374565,-9.124913580821623,-8.971545762037795,1.4018691588785046,-13.900338211587698,-3.6270530638029057,-7.413156488821149,-11.676168285137258,10.068285649960638,0.00018950306930492803
ENGINEERING_SAMPLE,imbalance_20,Q2,1000,100,1438,100.0,-10.011790449146261,-10.052741170268845,0.0,-10.052820359060965,-10.052668428422527,-7.340295555603586,-11.956273224369102,10.060617964011154,2.947165816190447e-05
ENGINEERING_SAMPLE,imbalance_20,Q2,1000,1000,1438,100.0,-10.011986199531025,-10.052741170268845,0.0,-10.052821920701124,-10.052668428422527,-7.340491290315654,-11.956468810143061,10.0608136146623,0.0002251223093066862
ENGINEERING_SAMPLE,imbalance_20,Q2,1000,500,1438,100.0,-10.011928612640004,-10.052741170268845,0.0,-10.052821920701124,-10.052668428422527,-7.340433703025117,-11.956411267532282,10.060756056003052,0.0001675636500598046
ENGINEERING_SAMPLE,imbalance_20,Q2,15000,100,1438,98.40055632823366,-9.898980254022193,-10.052680630587938,0.0,-12.162547578629946,-7.5218051215026165,-7.340295555603586,-11.956273224369102,10.065706388287674,2.9950702782203976e-05
ENGINEERING_SAMPLE,imbalance_20,Q2,15000,1000,1438,98.40055632823366,-9.899179208455992,-10.052680630587938,0.0,-12.162547578629946,-7.5218051215026165,-7.340491290315654,-11.956468810143061,10.065905219126083,0.00022878154118940975
ENGINEERING_SAMPLE,imbalance_20,Q2,15000,500,1438,98.40055632823366,-9.899120684039207,-10.052680630587938,0.0,-12.162547578629946,-7.5218051215026165,-7.340433703025117,-11.956411267532282,10.06584672488439,0.00017028729949540564
ENGINEERING_SAMPLE,imbalance_20,Q2,250,100,1438,100.0,-10.044549543370177,-10.052745062893413,0.0,-10.052813834532488,-10.052670923860113,-7.340295555603586,-11.956273224369102,10.05855708856958,5.7143791497029855e-05
ENGINEERING_SAMPLE,imbalance_20,Q2,250,1000,1438,100.0,-10.044779104193431,-10.052745062893413,0.0,-10.052813834532488,-10.052670923860113,-7.340491290315654,-11.956468810143061,10.058786530996937,0.00028658621885418653
ENGINEERING_SAMPLE,imbalance_20,Q2,250,500,1438,100.0,-10.04470954826233,-10.052745062893413,0.0,-10.052813834532488,-10.052670923860113,-7.340433703025117,-11.956411267532282,10.058717011217523,0.0002170664394381354
ENGINEERING_SAMPLE,imbalance_20,Q2,3000,100,1438,100.0,-9.98560704818389,-10.052726578042815,0.0,-10.369389476662576,-9.209782219507572,-7.340295555603586,-11.956273224369102,10.062530889081971,6.873623823950305e-05
ENGINEERING_SAMPLE,imbalance_20,Q2,3000,1000,1438,100.0,-9.986126191374554,-10.052726578042815,0.0,-10.369389476662576,-9.209782219507572,-7.340491290315654,-11.956468810143061,10.063049838255928,0.0005876854121958762
ENGINEERING_SAMPLE,imbalance_20,Q2,3000,500,1438,100.0,-9.985791967509646,-10.052726578042815,0.0,-10.369389476662576,-9.209782219507572,-7.340433703025117,-11.956411267532282,10.062715732070846,0.00025357922711405904
ENGINEERING_SAMPLE,imbalance_20,Q2,30000,100,1438,97.77468706536857,-9.856657207707023,-9.472309741341334,0.0,-13.477599127874827,-6.887910037010091,-7.340295555603586,-11.956273224369102,10.064452870472152,3.0142421363313392e-05
ENGINEERING_SAMPLE,imbalance_20,Q2,30000,1000,1438,97.77468706536857,-9.85685742304457,-9.472309741341334,0.0,-13.477599127874827,-6.887910037010091,-7.340491290315654,-11.956468810143061,10.06465297405419,0.00023024600340185974
ENGINEERING_SAMPLE,imbalance_20,Q2,30000,500,1438,97.77468706536857,-9.856798526937443,-9.472309741341334,0.0,-13.477599127874827,-6.887910037010091,-7.340433703025117,-11.956411267532282,10.064594105382785,0.00017137733199573186
ENGINEERING_SAMPLE,imbalance_20,Q2,500,100,1438,100.0,-10.027899573361255,-10.052744506774873,0.0,-10.052813834532488,-10.052669537476705,-7.340295555603586,-11.956273224369102,10.054547339458594,2.947165816190447e-05
ENGINEERING_SAMPLE,imbalance_20,Q2,500,1000,1438,100.0,-10.028095323067982,-10.052745062893413,0.0,-10.052813834532488,-10.052669537476705,-7.340491290315654,-11.956468810143061,10.054742990109737,0.0002251223093066862
ENGINEERING_SAMPLE,imbalance_20,Q2,500,500,1438,100.0,-10.028037736854998,-10.052745062893413,0.0,-10.052813834532488,-10.052669537476705,-7.340433703025117,-11.956411267532282,10.05468543145049,0.0001675636500598046
ENGINEERING_SAMPLE,imbalance_20,Q2,5000,100,1438,100.0,-9.970897625036365,-10.052711716173356,0.0,-10.844090103771197,-8.893147264279166,-7.340295555603586,-11.956273224369102,10.062514843015645,5.088563169223731e-05
ENGINEERING_SAMPLE,imbalance_20,Q2,5000,1000,1438,100.0,-9.971439024104145,-10.052711716173356,0.0,-10.844090103771197,-8.893147264279166,-7.340491290315654,-11.956468810143061,10.063055941720753,0.0005919843367988517
ENGINEERING_SAMPLE,imbalance_20,Q2,5000,500,1438,100.0,-9.971191160430662,-10.052711716173356,0.0,-10.844090103771197,-8.893147264279166,-7.340433703025117,-11.956411267532282,10.062808196415606,0.00034423903165286315
ENGINEERING_SAMPLE,imbalance_20,Q2,60000,100,1438,97.77468706536857,-9.437577350554783,-8.788626146281889,1.422475106685633,-14.479150756071483,-3.8287262199684253,-7.340295555603586,-11.956273224369102,10.06230615939998,5.8437088368999147e-05
ENGINEERING_SAMPLE,imbalance_20,Q2,60000,1000,1438,97.77468706536857,-9.43787024144071,-8.788626146281889,1.422475106685633,-14.479150756071483,-3.8287262199684253,-7.340491290315654,-11.956468810143061,10.062598998687541,0.00035127637592905365
ENGINEERING_SAMPLE,imbalance_20,Q2,60000,500,1438,97.77468706536857,-9.437782405889099,-8.788626146281889,1.422475106685633,-14.479150756071483,-3.8287262199684253,-7.340433703025117,-11.956411267532282,10.062511175248169,0.0002634529365565209
ENGINEERING_SAMPLE,imbalance_20,Q3,1000,100,1438,100.0,-10.045068302069518,-10.052730885383452,0.0,-10.052813834532488,-10.052671755725191,-7.722694773931516,-11.770713575014636,10.048806510433282,-6.851622440277594e-25
ENGINEERING_SAMPLE,imbalance_20,Q3,1000,1000,1438,100.0,-10.045068302069518,-10.052730885383452,0.0,-10.052813834532488,-10.052671755725191,-7.722694773931516,-11.770713575014636,10.048806510433282,-6.851622440277594e-25
ENGINEERING_SAMPLE,imbalance_20,Q3,1000,500,1438,100.0,-10.045068302069518,-10.052730885383452,0.0,-10.052813834532488,-10.052671755725191,-7.722694773931516,-11.770713575014636,10.048806510433282,0.0
ENGINEERING_SAMPLE,imbalance_20,Q3,15000,100,1438,99.44367176634213,-10.012044352380704,-10.052764256369418,0.0,-11.688456203821387,-8.207442772227141,-7.722694773931516,-11.770713575014636,10.055367669969518,-3.056996070836672e-25
ENGINEERING_SAMPLE,imbalance_20,Q3,15000,1000,1438,99.44367176634213,-10.012326424316594,-10.052764256369418,0.0,-11.688456203821387,-8.207442772227141,-7.722694773931516,-11.770713575014636,10.055649627049036,0.0002819570795172917
ENGINEERING_SAMPLE,imbalance_20,Q3,15000,500,1438,99.44367176634213,-10.012049290234938,-10.052764256369418,0.0,-11.688456203821387,-8.207442772227141,-7.722694773931516,-11.770713575014636,10.05537260612367,4.9361541519825714e-06
ENGINEERING_SAMPLE,imbalance_20,Q3,250,100,1438,100.0,-10.049256038679657,-10.052733108802554,0.0,-10.052803799973612,-10.052675083448284,-7.722694773931516,-11.770713575014636,10.051356653148126,-7.584886464714142e-25
ENGINEERING_SAMPLE,imbalance_20,Q3,250,1000,1438,100.0,-10.049256038679657,-10.052733108802554,0.0,-10.052803799973612,-10.052675083448284,-7.722694773931516,-11.770713575014636,10.051356653148126,-7.584886464714142e-25
ENGINEERING_SAMPLE,imbalance_20,Q3,250,500,1438,100.0,-10.049256038679657,-10.052733108802554,0.0,-10.052803799973612,-10.052675083448284,-7.722694773931516,-11.770713575014636,10.051356653148126,0.0
ENGINEERING_SAMPLE,imbalance_20,Q3,3000,100,1438,100.0,-10.027379708039472,-10.052729495841723,0.0,-10.543602014704101,-9.419666633270232,-7.722694773931516,-11.770713575014636,10.053686178787185,2.141453884337297e-05
ENGINEERING_SAMPLE,imbalance_20,Q3,3000,1000,1438,100.0,-10.027611824896889,-10.052729495841723,0.0,-10.543602014704101,-9.419666633270232,-7.722694773931516,-11.770713575014636,10.053918115349342,0.0002533511009998225
ENGINEERING_SAMPLE,imbalance_20,Q3,3000,500,1438,100.0,-10.027534738370704,-10.052729495841723,0.0,-10.543602014704101,-9.419666633270232,-7.722694773931516,-11.770713575014636,10.053841088699615,0.000176324451273116
ENGINEERING_SAMPLE,imbalance_20,Q3,30000,100,1438,99.3741307371349,-9.907845100586265,-10.052723938407057,0.0,-12.585448562101499,-7.088889194033211,-7.722694773931516,-11.770713575014636,10.044229499244693,1.1080861502339076e-25
ENGINEERING_SAMPLE,imbalance_20,Q3,30000,1000,1438,99.3741307371349,-9.907845100586265,-10.052723938407057,0.0,-12.585448562101499,-7.088889194033211,-7.722694773931516,-11.770713575014636,10.044229499244693,1.1080861502339076e-25
ENGINEERING_SAMPLE,imbalance_20,Q3,30000,500,1438,99.3741307371349,-9.907845100586265,-10.052723938407057,0.0,-12.585448562101499,-7.088889194033211,-7.722694773931516,-11.770713575014636,10.044229499244693,0.0
ENGINEERING_SAMPLE,imbalance_20,Q3,500,100,1438,100.0,-10.0493367328052,-10.052732691900488,0.0,-10.052810489255798,-10.052672864919504,-7.722694773931516,-11.770713575014636,10.049603037832172,1.1591911264345047e-05
ENGINEERING_SAMPLE,imbalance_20,Q3,500,1000,1438,100.0,-10.049386646191197,-10.052732691900488,0.0,-10.052810489255798,-10.052672864919504,-7.722694773931516,-11.770713575014636,10.049652924566054,6.147864514809153e-05
ENGINEERING_SAMPLE,imbalance_20,Q3,500,500,1438,100.0,-10.04935677068829,-10.052732691900488,0.0,-10.052810489255798,-10.052672864919504,-7.722694773931516,-11.770713575014636,10.049623065015687,3.161909478063734e-05
ENGINEERING_SAMPLE,imbalance_20,Q3,5000,100,1438,100.0,-10.017161280576483,-10.052726994851147,0.0,-10.843609688231203,-9.049847523979361,-7.722694773931516,-11.770713575014636,10.051947043020986,-3.4066057988467406e-25
ENGINEERING_SAMPLE,imbalance_20,Q3,5000,1000,1438,100.0,-10.017161280576483,-10.052726994851147,0.0,-10.843609688231203,-9.049847523979361,-7.722694773931516,-11.770713575014636,10.051947043020986,-3.4066057988467406e-25
ENGINEERING_SAMPLE,imbalance_20,Q3,5000,500,1438,100.0,-10.017161280576483,-10.052726994851147,0.0,-10.843609688231203,-9.049847523979361,-7.722694773931516,-11.770713575014636,10.051947043020986,0.0
ENGINEERING_SAMPLE,imbalance_20,Q3,60000,100,1438,99.3741307371349,-9.518756548134421,-9.367312739115313,0.0,-13.534068263056337,-4.727856205637321,-7.722694773931516,-11.770713575014636,10.048401685640057,-5.346480198395219e-25
ENGINEERING_SAMPLE,imbalance_20,Q3,60000,1000,1438,99.3741307371349,-9.518756548134421,-9.367312739115313,0.0,-13.534068263056337,-4.727856205637321,-7.722694773931516,-11.770713575014636,10.048401685640057,-5.346480198395219e-25
ENGINEERING_SAMPLE,imbalance_20,Q3,60000,500,1438,99.3741307371349,-9.518756548134421,-9.367312739115313,0.0,-13.534068263056337,-4.727856205637321,-7.722694773931516,-11.770713575014636,10.048401685640057,0.0
ENGINEERING_SAMPLE,imbalance_20,Q4,1000,100,1438,99.7913769123783,-10.087462676587649,-10.052733108802554,0.0,-10.263454479384457,-10.052672587616545,-7.833915103062727,-11.972548237155566,10.051594098570725,1.3732731009856055e-05
ENGINEERING_SAMPLE,imbalance_20,Q4,1000,1000,1438,99.7913769123783,-10.087483385962456,-10.052733108802554,0.0,-10.263454479384457,-10.052672587616545,-7.833935787855173,-11.972568905159557,10.051614798489522,3.443264980776202e-05
ENGINEERING_SAMPLE,imbalance_20,Q4,1000,500,1438,99.7913769123783,-10.087481084914735,-10.052733108802554,0.0,-10.263454479384457,-10.052672587616545,-7.8339334895449015,-11.972566608714667,10.051612498498546,3.2132658830216914e-05
ENGINEERING_SAMPLE,imbalance_20,Q4,15000,100,1438,99.72183588317107,-9.960503327210533,-10.052763978103345,0.0,-11.95089880949244,-8.312638347211974,-7.833915103062727,-11.972548237155566,10.04229193374286,1.374230753078343e-05
ENGINEERING_SAMPLE,imbalance_20,Q4,15000,1000,1438,99.72183588317107,-9.960524051682489,-10.052763978103345,0.0,-11.95089880949244,-8.312638347211974,-7.833935787855173,-11.972568905159557,10.042312648096747,3.4456661418506624e-05
ENGINEERING_SAMPLE,imbalance_20,Q4,15000,500,1438,99.72183588317107,-9.960521748957301,-10.052763978103345,0.0,-11.95089880949244,-8.312638347211974,-7.8339334895449015,-11.972566608714667,10.04231034650187,3.2155066542092935e-05
ENGINEERING_SAMPLE,imbalance_20,Q4,250,100,1438,99.93045897079277,-10.058738391205912,-10.052730885383452,0.0,-10.052817180233019,-10.05267536077752,-7.833915103062727,-11.972548237155566,10.051372394478308,5.3458833257666536e-05
ENGINEERING_SAMPLE,imbalance_20,Q4,250,1000,1438,99.93045897079277,-10.058906700991026,-10.052730885383452,0.0,-10.052817180233019,-10.05267536077752,-7.833935787855173,-11.972568905159557,10.051540614273828,0.00022167862877548041
ENGINEERING_SAMPLE,imbalance_20,Q4,250,500,1438,99.93045897079277,-10.058853619532643,-10.052730885383452,0.0,-10.052817180233019,-10.05267536077752,-7.8339334895449015,-11.972566608714667,10.051487561178206,0.00016862553315439937
ENGINEERING_SAMPLE,imbalance_20,Q4,3000,100,1438,99.72183588317107,-10.116042775788667,-10.052745062893413,0.0,-10.792479432234625,-9.540858038108412,-7.833915103062727,-11.972548237155566,10.046976241700381,1.374230753078343e-05
ENGINEERING_SAMPLE,imbalance_20,Q4,3000,1000,1438,99.72183588317107,-10.116247085844014,-10.052745062893413,0.0,-10.792479432234625,-9.540858038108412,-7.833935787855173,-11.972568905159557,10.047180438934758,0.00021793954190682988
ENGINEERING_SAMPLE,imbalance_20,Q4,3000,500,1438,99.72183588317107,-10.116207874830863,-10.052745062893413,0.0,-10.792479432234625,-9.540858038108412,-7.8339334895449015,-11.972566608714667,10.047141249550904,0.00017875015805305405
ENGINEERING_SAMPLE,imbalance_20,Q4,30000,100,1438,99.58275382475661,-9.849793634858887,-10.158210166775602,0.0,-12.425620727638783,-6.783466849372826,-7.833915103062727,-11.972548237155566,10.048960514101774,3.5254411629105847e-05
ENGINEERING_SAMPLE,imbalance_20,Q4,30000,1000,1438,99.58275382475661,-9.850047266256242,-10.158210166775602,0.0,-12.425620727638783,-6.783466849372826,-7.833935787855173,-11.972568905159557,10.049214119922325,0.0002888602321802071
ENGINEERING_SAMPLE,imbalance_20,Q4,30000,500,1438,99.58275382475661,-9.849967547620261,-10.158210166775602,0.0,-12.425620727638783,-6.783466849372826,-7.8339334895449015,-11.972566608714667,10.049134408544818,0.00020914885467349757
ENGINEERING_SAMPLE,imbalance_20,Q4,500,100,1438,99.86091794158554,-10.072714178379956,-10.052730885383452,0.0,-10.052831962148975,-10.052675083448284,-7.833915103062727,-11.972548237155566,10.056561963289617,9.87075245974464e-05
ENGINEERING_SAMPLE,imbalance_20,Q4,500,1000,1438,99.86091794158554,-10.073080265149107,-10.052730885383452,0.0,-10.052831962148975,-10.052675083448284,-7.833935787855173,-11.972568905159557,10.056927851473592,0.0004645957085706161
ENGINEERING_SAMPLE,imbalance_20,Q4,500,500,1438,99.86091794158554,-10.07299400987655,-10.052730885383452,0.0,-10.052831962148975,-10.052675083448284,-7.8339334895449015,-11.972566608714667,10.056841643528548,0.0003783877635272699
ENGINEERING_SAMPLE,imbalance_20,Q4,5000,100,1438,99.72183588317107,-10.084775360117172,-10.052745062893413,0.0,-11.055084812789675,-9.103811114565277,-7.833915103062727,-11.972548237155566,10.039874254911084,6.970013861992255e-05
ENGINEERING_SAMPLE,imbalance_20,Q4,5000,1000,1438,99.72183588317107,-10.084870783259975,-10.052745062893413,0.0,-11.055084812789675,-9.103811114565277,-7.833935787855173,-11.972568905159557,10.039969637580063,0.00016508280759833553
ENGINEERING_SAMPLE,imbalance_20,Q4,5000,500,1438,99.72183588317107,-10.084851945103749,-10.052745062893413,0.0,-11.055084812789675,-9.103811114565277,-7.8339334895449015,-11.972566608714667,10.039950803762322,0.00014624898985661085
ENGINEERING_SAMPLE,imbalance_20,Q4,60000,100,1438,99.58275382475661,-10.048011286842904,-10.316361969106882,0.0,-14.120893047620054,-5.5192189455377205,-7.833915103062727,-11.972548237155566,10.048489444300944,4.294608049537832e-05
ENGINEERING_SAMPLE,imbalance_20,Q4,60000,1000,1438,99.58275382475661,-10.048345683004975,-10.316361969106882,0.0,-14.120893047620054,-5.5192189455377205,-7.833935787855173,-11.972568905159557,10.048823744252138,0.0003772460316888946
ENGINEERING_SAMPLE,imbalance_20,Q4,60000,500,1438,99.58275382475661,-10.048054191871618,-10.316361969106882,0.0,-14.120893047620054,-5.5192189455377205,-7.8339334895449015,-11.972566608714667,10.048532331142507,8.583292205865218e-05
ENGINEERING_SAMPLE,imbalance_20,Q5,1000,100,1439,99.93050729673384,-10.129829263345968,-10.052745062893413,0.0,-10.527402558222843,-10.052701442771133,-8.35754783618034,-12.373131398334536,10.0394066104015,-3.4066415238507415e-25
ENGINEERING_SAMPLE,imbalance_20,Q5,1000,1000,1439,99.93050729673384,-10.129983658901809,-10.052745062893413,0.0,-10.52769130578661,-10.052701442771133,-8.35754783618034,-12.373131398334536,10.039560919420909,0.00015430901940938256
ENGINEERING_SAMPLE,imbalance_20,Q5,1000,500,1439,99.93050729673384,-10.129829631267375,-10.052745062893413,0.0,-10.527402558222843,-10.052701442771133,-8.35754783618034,-12.373131398334536,10.039406978126436,3.677249359799173e-07
ENGINEERING_SAMPLE,imbalance_20,Q5,15000,100,1439,98.61014593467686,-10.48451527157937,-10.47452044688027,0.0,-12.42610662154255,-8.681373427664667,-8.35754783618034,-12.373131398334536,10.03323504687231,2.8036948098398683e-05
ENGINEERING_SAMPLE,imbalance_20,Q5,15000,1000,1439,98.61014593467686,-10.484607197791634,-10.47452044688027,0.0,-12.42610662154255,-8.681373427664667,-8.35754783618034,-12.373131398334536,10.033326935044464,0.00011992512025424313
ENGINEERING_SAMPLE,imbalance_20,Q5,15000,500,1439,98.61014593467686,-10.48457850120439,-10.47452044688027,0.0,-12.42610662154255,-8.681373427664667,-8.35754783618034,-12.373131398334536,10.03329824909528,9.123917106944467e-05
ENGINEERING_SAMPLE,imbalance_20,Q5,250,100,1439,99.93050729673384,-10.078453563279366,-10.052736722258533,0.0,-10.052826104173816,-10.052702553216147,-8.35754783618034,-12.373131398334536,10.045115571250266,2.1409774062034713e-05
ENGINEERING_SAMPLE,imbalance_20,Q5,250,1000,1439,99.93050729673384,-10.078966158939483,-10.052736722258533,0.0,-10.052826104173816,-10.052702553216147,-8.35754783618034,-12.373131398334536,10.045627903655394,0.0005337421791904195
ENGINEERING_SAMPLE,imbalance_20,Q5,250,500,1439,99.93050729673384,-10.078613444768806,-10.052736722258533,0.0,-10.052826104173816,-10.052702553216147,-8.35754783618034,-12.373131398334536,10.04527537070987,0.00018120923366641238
ENGINEERING_SAMPLE,imbalance_20,Q5,3000,100,1439,99.37456567060458,-10.239425097070194,-10.052769265660684,0.0,-11.001849464326229,-10.0,-8.35754783618034,-12.373131398334536,10.039598698645806,8.11468456286606e-05
ENGINEERING_SAMPLE,imbalance_20,Q5,3000,1000,1439,99.37456567060458,-10.239645055795824,-10.052769265660684,0.0,-11.001849464326229,-10.0,-8.35754783618034,-12.373131398334536,10.039818516375302,0.00030096457512395516
ENGINEERING_SAMPLE,imbalance_20,Q5,3000,500,1439,99.37456567060458,-10.239556066663773,-10.052769265660684,0.0,-11.001849464326229,-10.0,-8.35754783618034,-12.373131398334536,10.039729583813763,0.00021203201358455491
ENGINEERING_SAMPLE,imbalance_20,Q5,30000,100,1439,97.28978457261988,-10.373390626122676,-10.316018888485289,0.0,-12.955655669385214,-7.627222708252084,-8.35754783618034,-12.373131398334536,10.033528737877393,5.730319817957633e-05
ENGINEERING_SAMPLE,imbalance_20,Q5,30000,1000,1439,97.28978457261988,-10.373467140968279,-10.316018888485289,0.0,-12.955655669385214,-7.627222708252084,-8.35754783618034,-12.373131398334536,10.033605232233478,0.0001337975542645931
ENGINEERING_SAMPLE,imbalance_20,Q5,30000,500,1439,97.28978457261988,-10.37345020388789,-10.316018888485289,0.0,-12.955655669385214,-7.627222708252084,-8.35754783618034,-12.373131398334536,10.033588297572592,0.00011686289337866433
ENGINEERING_SAMPLE,imbalance_20,Q5,500,100,1439,99.93050729673384,-10.100809887675753,-10.052736722258533,0.0,-10.263751737150608,-10.052701720377998,-8.35754783618034,-12.373131398334536,10.045564767106775,7.397122835082107e-05
ENGINEERING_SAMPLE,imbalance_20,Q5,500,1000,1439,99.93050729673384,-10.101346157095785,-10.052736722258533,0.0,-10.26384632830342,-10.052701720377998,-8.35754783618034,-12.373131398334536,10.046100746224742,0.0006099503463186098
ENGINEERING_SAMPLE,imbalance_20,Q5,500,500,1439,99.93050729673384,-10.101063462958452,-10.052736722258533,0.0,-10.263842431900308,-10.052701720377998,-8.35754783618034,-12.373131398334536,10.045818205503315,0.00032740962489100355
ENGINEERING_SAMPLE,imbalance_20,Q5,5000,100,1439,98.88811674774149,-10.3105354668256,-10.052803799973612,0.0,-11.476612656679915,-9.367014528770968,-8.35754783618034,-12.373131398334536,10.033606272328011,8.249333681856799e-05
ENGINEERING_SAMPLE,imbalance_20,Q5,5000,1000,1439,98.88811674774149,-10.310803633845964,-10.052803799973612,0.0,-11.476612656679915,-9.367014528770968,-8.35754783618034,-12.373131398334536,10.033874273046735,0.00035049405554143606
ENGINEERING_SAMPLE,imbalance_20,Q5,5000,500,1439,98.88811674774149,-10.310687906422881,-10.052803799973612,0.0,-11.476612656679915,-9.367014528770968,-8.35754783618034,-12.373131398334536,10.033758618414199,0.00023483942300588187
ENGINEERING_SAMPLE,imbalance_20,Q5,60000,100,1439,97.28978457261988,-10.428349623403065,-10.474472939577087,0.0,-14.274626157132685,-6.20375640295959,-8.35754783618034,-12.373131398334536,10.033055764228784,-2.9364470917476948e-25
ENGINEERING_SAMPLE,imbalance_20,Q5,60000,1000,1439,97.28978457261988,-10.428349623403065,-10.474472939577087,0.0,-14.274626157132685,-6.20375640295959,-8.35754783618034,-12.373131398334536,10.033055764228784,-2.9364470917476948e-25
ENGINEERING_SAMPLE,imbalance_20,Q5,60000,500,1439,97.28978457261988,-10.428349623403065,-10.474472939577087,0.0,-14.274626157132685,-6.20375640295959,-8.35754783618034,-12.373131398334536,10.033055764228784,0.0
ENGINEERING_SAMPLE,imbalance_5,Q1,1000,100,1439,100.0,-9.954043773277277,-10.052722271405084,0.0,-10.052805193434317,-9.577558452525466,-6.752635736586064,-11.719799161815677,10.062967146649516,3.359844951567753e-05
ENGINEERING_SAMPLE,imbalance_5,Q1,1000,1000,1439,100.0,-9.954252023104852,-10.052722271405084,0.0,-10.052805193434317,-9.577558452525466,-6.752843926178544,-11.720007288471368,10.063175296507834,0.00024174830783251473
ENGINEERING_SAMPLE,imbalance_5,Q1,1000,500,1439,100.0,-9.954179332904449,-10.052722271405084,0.0,-10.052805193434317,-9.577558452525466,-6.752771249830753,-11.719934641125596,10.063102639194433,0.00016909099443191634
ENGINEERING_SAMPLE,imbalance_5,Q1,15000,100,1439,99.65253648366921,-9.472837845811597,-9.525484554336485,0.0,-12.10825760568945,-6.782415461993484,-6.752635736586064,-11.719799161815677,10.067883079788126,6.192139024056697e-05
ENGINEERING_SAMPLE,imbalance_5,Q1,15000,1000,1439,99.65253648366921,-9.473087642695635,-9.525484554336485,0.0,-12.10825760568945,-6.782415461993484,-6.752843926178544,-11.720007288471368,10.068132745875623,0.0003115874777381615
ENGINEERING_SAMPLE,imbalance_5,Q1,15000,500,1439,99.65253648366921,-9.473010166526482,-9.525484554336485,0.0,-12.10825760568945,-6.782415461993484,-6.752771249830753,-11.719934641125596,10.068055302950688,0.00023414455280365256
ENGINEERING_SAMPLE,imbalance_5,Q1,250,100,1439,100.0,-10.024554357075603,-10.052726994851147,0.0,-10.052805193434317,-10.052668982943777,-6.752635736586064,-11.719799161815677,10.058973199902253,3.359844951567753e-05
ENGINEERING_SAMPLE,imbalance_5,Q1,250,1000,1439,100.0,-10.024762608935879,-10.052726994851147,0.0,-10.052805193434317,-10.052668982943777,-6.752843926178544,-11.720007288471368,10.05918134976057,0.00024174830783251473
ENGINEERING_SAMPLE,imbalance_5,Q1,250,500,1439,100.0,-10.024689916702775,-10.052726994851147,0.0,-10.052805193434317,-10.052668982943777,-6.752771249830753,-11.719934641125596,10.059108692447168,0.00016909099443191634
ENGINEERING_SAMPLE,imbalance_5,Q1,3000,100,1439,100.0,-9.810654665266059,-10.052713382507903,0.0,-10.052805193434317,-9.05045871559633,-6.752635736586064,-11.719799161815677,10.06745919265922,6.124701266492018e-05
ENGINEERING_SAMPLE,imbalance_5,Q1,3000,1000,1439,100.0,-9.81089668038863,-10.052713382507903,0.0,-10.052805193434317,-9.05045871559633,-6.752843926178544,-11.720007288471368,10.067701109408754,0.0003031637621981313
ENGINEERING_SAMPLE,imbalance_5,Q1,3000,500,1439,100.0,-9.810812033603556,-10.052713382507903,0.0,-10.052805193434317,-9.05045871559633,-6.752771249830753,-11.719934641125596,10.06761649354504,0.00021854789848450368
ENGINEERING_SAMPLE,imbalance_5,Q1,30000,100,1439,97.22029186935372,-9.461204882935405,-9.314588800708256,0.0,-13.055830559885411,-5.624789251844047,-6.752635736586064,-11.719799161815677,10.072206838606434,3.455909138889204e-05
ENGINEERING_SAMPLE,imbalance_5,Q1,30000,1000,1439,97.22029186935372,-9.461419085285076,-9.314588800708256,0.0,-13.055830559885411,-5.624789251844047,-6.752843926178544,-11.720007288471368,10.072420939854553,0.00024866033950749725
ENGINEERING_SAMPLE,imbalance_5,Q1,30000,500,1439,97.22029186935372,-9.461344320129605,-9.314588800708256,0.0,-13.055830559885411,-5.624789251844047,-6.752771249830753,-11.719934641125596,10.07234620513405,0.0001739256190046659
ENGINEERING_SAMPLE,imbalance_5,Q1,500,100,1439,100.0,-9.991677668582367,-10.052726439107682,0.0,-10.052805193434317,-10.0,-6.752635736586064,-11.719799161815677,10.051368255838378,3.359844951567753e-05
ENGINEERING_SAMPLE,imbalance_5,Q1,500,1000,1439,100.0,-9.991913423342735,-10.052726439107682,0.0,-10.052805193434317,-10.0,-6.752843926178544,-11.720007288471368,10.05160389719871,0.0002692398098485774
ENGINEERING_SAMPLE,imbalance_5,Q1,500,500,1439,100.0,-9.991813228209539,-10.052726439107682,0.0,-10.052805193434317,-10.0,-6.752771249830753,-11.719934641125596,10.051503748383295,0.00016909099443191634
ENGINEERING_SAMPLE,imbalance_5,Q1,5000,100,1439,100.0,-9.739126366793723,-10.052680630587938,0.0,-10.327340436889822,-8.627760252365931,-6.752635736586064,-11.719799161815677,10.067278032027295,6.124667881319889e-05
ENGINEERING_SAMPLE,imbalance_5,Q1,5000,1000,1439,100.0,-9.739368379367654,-10.052680630587938,0.0,-10.327340436889822,-8.627760252365931,-6.752843926178544,-11.720007288471368,10.067519948668968,0.0003031633204866231
ENGINEERING_SAMPLE,imbalance_5,Q1,5000,500,1439,100.0,-9.739283733776144,-10.052680630587938,0.0,-10.327340436889822,-8.627760252365931,-6.752771249830753,-11.719934641125596,10.067435332363543,0.00021854701506148733
ENGINEERING_SAMPLE,imbalance_5,Q1,60000,100,1439,94.1626129256428,-8.65046123208331,-8.469844635003007,1.3284132841328413,-14.486381405065496,-3.31103916614024,-6.752635736586064,-11.719799161815677,10.067893554327261,6.504093775871153e-05
ENGINEERING_SAMPLE,imbalance_5,Q1,60000,1000,1439,94.1626129256428,-8.650718228578368,-8.469844635003007,1.3284132841328413,-14.486381405065496,-3.31103916614024,-6.752843926178544,-11.720007288471368,10.068150467180804,0.0003219537913016217
ENGINEERING_SAMPLE,imbalance_5,Q1,60000,500,1439,94.1626129256428,-8.650628334691287,-8.469844635003007,1.3284132841328413,-14.486381405065496,-3.31103916614024,-6.752771249830753,-11.719934641125596,10.06806060187123,0.00023208848172721314
ENGINEERING_SAMPLE,imbalance_5,Q2,1000,100,1438,100.0,-10.020313010153835,-10.052729495841723,0.0,-10.052803799973612,-10.052668982943777,-7.5902005563076145,-11.592589731511913,10.050234947406622,2.947165816190447e-05
ENGINEERING_SAMPLE,imbalance_5,Q2,1000,1000,1438,100.0,-10.020495913684808,-10.052729495841723,0.0,-10.052803799973612,-10.052668982943777,-7.590383437385891,-11.592772474571833,10.05041775510654,0.00021227935807919244
ENGINEERING_SAMPLE,imbalance_5,Q2,1000,500,1438,100.0,-10.020451173647576,-10.052729495841723,0.0,-10.052803799973612,-10.052668982943777,-7.590338703729146,-11.59272777467509,10.05037303939852,0.0001675636500598046
ENGINEERING_SAMPLE,imbalance_5,Q2,15000,100,1438,99.02642559109874,-9.823001459317073,-10.052723938407057,0.0,-11.55048767202825,-8.050252023827708,-7.5902005563076145,-11.592589731511913,10.05781145197495,4.146715114468823e-05
ENGINEERING_SAMPLE,imbalance_5,Q2,15000,1000,1438,99.02642559109874,-9.823236592078436,-10.052723938407057,0.0,-11.582235108065367,-8.050252023827708,-7.590383437385891,-11.592772474571833,10.058046434010656,0.0002764491868478513
ENGINEERING_SAMPLE,imbalance_5,Q2,15000,500,1438,99.02642559109874,-9.82316123666957,-10.052723938407057,0.0,-11.576055387390317,-8.050252023827708,-7.590338703729146,-11.59272777467509,10.057971125799341,0.00020114097553340825
ENGINEERING_SAMPLE,imbalance_5,Q2,250,100,1438,100.0,-10.046681627191315,-10.052730885383452,0.0,-10.052803799973612,-10.05268973048674,-7.5902005563076145,-11.592589731511913,10.053534817596727,2.947165816190447e-05
ENGINEERING_SAMPLE,imbalance_5,Q2,250,1000,1438,100.0,-10.046864530722289,-10.052730885383452,0.0,-10.052803799973612,-10.052690895876891,-7.590383437385891,-11.592772474571833,10.053717625296645,0.00021227935807919244
ENGINEERING_SAMPLE,imbalance_5,Q2,250,500,1438,100.0,-10.046819790685056,-10.052730885383452,0.0,-10.052803799973612,-10.052690895876891,-7.590338703729146,-11.59272777467509,10.053672909588625,0.0001675636500598046
ENGINEERING_SAMPLE,imbalance_5,Q2,3000,100,1438,100.0,-9.98037183951606,-10.05272560551445,0.0,-10.263544944324297,-9.314913722267871,-7.5902005563076145,-11.592589731511913,10.053442745363139,4.106844799488539e-05
ENGINEERING_SAMPLE,imbalance_5,Q2,3000,1000,1438,100.0,-9.980604655268321,-10.05272560551445,0.0,-10.263544944324297,-9.314913722267871,-7.590383437385891,-11.592772474571833,10.05367544435027,0.00027376743512664664
ENGINEERING_SAMPLE,imbalance_5,Q2,3000,500,1438,100.0,-9.980530029221903,-10.05272560551445,0.0,-10.263544944324297,-9.314913722267871,-7.590338703729146,-11.59272777467509,10.053600860635699,0.0001991837205541691
ENGINEERING_SAMPLE,imbalance_5,Q2,30000,100,1438,98.67872044506258,-9.644266106788388,-9.525979153506002,0.0,-12.425620727638783,-7.359308273375598,-7.5902005563076145,-11.592589731511913,10.050783149501465,5.155609083196248e-05
ENGINEERING_SAMPLE,imbalance_5,Q2,30000,1000,1438,98.67872044506258,-9.64468649001432,-9.525979153506002,0.0,-12.425620727638783,-7.359308273375598,-7.590383437385891,-11.592772474571833,10.051203400822136,0.00047180741150514217
ENGINEERING_SAMPLE,imbalance_5,Q2,30000,500,1438,98.67872044506258,-9.644563024925548,-9.525979153506002,0.0,-12.425620727638783,-7.359308273375598,-7.590338703729146,-11.59272777467509,10.051079970664512,0.00034837725388096283
ENGINEERING_SAMPLE,imbalance_5,Q2,500,100,1438,100.0,-10.03098218209707,-10.052730885383452,0.0,-10.052803799973612,-10.052680630587938,-7.5902005563076145,-11.592589731511913,10.045249109355,2.947165816190447e-05
ENGINEERING_SAMPLE,imbalance_5,Q2,500,1000,1438,100.0,-10.031165085628045,-10.052730885383452,0.0,-10.052803799973612,-10.052680630587938,-7.590383437385891,-11.592772474571833,10.045431917054918,0.00021227935807919244
ENGINEERING_SAMPLE,imbalance_5,Q2,500,500,1438,100.0,-10.031120345590812,-10.052730885383452,0.0,-10.052803799973612,-10.052680630587938,-7.590338703729146,-11.59272777467509,10.045387201346898,0.0001675636500598046
ENGINEERING_SAMPLE,imbalance_5,Q2,5000,100,1438,100.0,-9.937664388523464,-10.052723938407057,0.0,-10.738220723094761,-9.051034119351865,-7.5902005563076145,-11.592589731511913,10.051503219870755,5.088563169223731e-05
ENGINEERING_SAMPLE,imbalance_5,Q2,5000,1000,1438,100.0,-9.938079393629206,-10.052723938407057,0.0,-10.738220723094761,-9.051034119351865,-7.590383437385891,-11.592772474571833,10.051917961851021,0.0004656276119569765
ENGINEERING_SAMPLE,imbalance_5,Q2,5000,500,1438,100.0,-9.937957567181655,-10.052723938407057,0.0,-10.738220723094761,-9.051034119351865,-7.590338703729146,-11.59272777467509,10.051796216646153,0.0003438824070888436
ENGINEERING_SAMPLE,imbalance_5,Q2,60000,100,1438,97.49652294853963,-9.38030986523838,-9.103726109111603,1.4265335235378032,-13.530011164005561,-4.515062860757492,-7.5902005563076145,-11.592589731511913,10.056380116077184,3.0228419712424127e-05
ENGINEERING_SAMPLE,imbalance_5,Q2,60000,1000,1438,97.49652294853963,-9.380497393982072,-9.103726109111603,1.4265335235378032,-13.530011164005561,-4.515062860757492,-7.590383437385891,-11.592772474571833,10.056567617840724,0.0002177301832509834
ENGINEERING_SAMPLE,imbalance_5,Q2,60000,500,1438,97.49652294853963,-9.380451522571445,-9.103726109111603,1.4265335235378032,-13.530011164005561,-4.515062860757492,-7.590338703729146,-11.59272777467509,10.056521753940487,0.00017186628301426462
ENGINEERING_SAMPLE,imbalance_5,Q3,1000,100,1438,100.0,-10.032250741896558,-10.052745062893413,0.0,-10.052825546339172,-10.052670923860113,-7.763549049810827,-11.94690631687237,10.053659871029131,-5.2039694525297705e-25
ENGINEERING_SAMPLE,imbalance_5,Q3,1000,1000,1438,100.0,-10.032250741896558,-10.052745062893413,0.0,-10.052825546339172,-10.052670923860113,-7.763549049810827,-11.946919574821738,10.053659871029131,-5.2039694525297705e-25
ENGINEERING_SAMPLE,imbalance_5,Q3,1000,500,1438,100.0,-10.032250741896558,-10.052745062893413,0.0,-10.052825546339172,-10.052670923860113,-7.763549049810827,-11.94690631687237,10.053659871029131,0.0
ENGINEERING_SAMPLE,imbalance_5,Q3,15000,100,1438,98.74826147426982,-10.113176499657953,-10.052764256369418,0.0,-11.793521242605422,-8.209188588756167,-7.763549049810827,-11.94690631687237,10.062636906862807,-6.300804624435089e-26
ENGINEERING_SAMPLE,imbalance_5,Q3,15000,1000,1438,98.74826147426982,-10.113419248608881,-10.052764256369418,0.0,-11.793521242605422,-8.209188588756167,-7.763549049810827,-11.946919574821738,10.062879572236294,0.00024266537348691786
ENGINEERING_SAMPLE,imbalance_5,Q3,15000,500,1438,98.74826147426982,-10.113181472285808,-10.052764256369418,0.0,-11.793521242605422,-8.209188588756167,-7.763549049810827,-11.94690631687237,10.062641877778608,4.970915800940195e-06
ENGINEERING_SAMPLE,imbalance_5,Q3,250,100,1438,100.0,-10.045109043860828,-10.052744506774873,0.0,-10.052813834532488,-10.052680630587938,-7.763549049810827,-11.94690631687237,10.05253062447883,2.7672133335125393e-05
ENGINEERING_SAMPLE,imbalance_5,Q3,250,1000,1438,100.0,-10.045142852265204,-10.052744506774873,0.0,-10.052813834532488,-10.052680630587938,-7.763549049810827,-11.946919574821738,10.052564416255045,6.14639095475003e-05
ENGINEERING_SAMPLE,imbalance_5,Q3,250,500,1438,100.0,-10.04513088525924,-10.052744506774873,0.0,-10.052813834532488,-10.052680630587938,-7.763549049810827,-11.94690631687237,10.052552455134874,4.9502789378330796e-05
ENGINEERING_SAMPLE,imbalance_5,Q3,3000,100,1438,100.0,-10.021673812684918,-10.052745062893413,0.0,-10.737792994469318,-9.314635752865236,-7.763549049810827,-11.94690631687237,10.05700105580854,2.141453884337297e-05
ENGINEERING_SAMPLE,imbalance_5,Q3,3000,1000,1438,100.0,-10.022145621351216,-10.052745062893413,0.0,-10.737792994469318,-9.314635752865236,-7.763549049810827,-11.946919574821738,10.057472609233235,0.0004929679635368836
ENGINEERING_SAMPLE,imbalance_5,Q3,3000,500,1438,100.0,-10.021833748759734,-10.052745062893413,0.0,-10.737792994469318,-9.314635752865236,-7.763549049810827,-11.94690631687237,10.057160869930637,0.0001812286609403264
ENGINEERING_SAMPLE,imbalance_5,Q3,30000,100,1438,97.77468706536857,-9.997016220384147,-9.947331571577473,0.0,-12.585448562101499,-6.9910250728124606,-7.763549049810827,-11.94690631687237,10.052522770134468,2.8297498130697142e-05
ENGINEERING_SAMPLE,imbalance_5,Q3,30000,1000,1438,97.77468706536857,-9.9972957946544,-9.947331571577473,0.0,-12.585448562101499,-6.9910250728124606,-7.763549049810827,-11.946919574821738,10.052802321436479,0.0003078488001411877
ENGINEERING_SAMPLE,imbalance_5,Q3,30000,500,1438,97.77468706536857,-9.997043525148936,-9.947331571577473,0.0,-12.585448562101499,-6.9910250728124606,-7.763549049810827,-11.94690631687237,10.052550074065842,5.5601429503496515e-05
ENGINEERING_SAMPLE,imbalance_5,Q3,500,100,1438,100.0,-10.044048816027702,-10.052745062893413,0.0,-10.052813918170145,-10.05267253216121,-7.763549049810827,-11.94690631687237,10.053154479800357,2.7669794747928918e-05
ENGINEERING_SAMPLE,imbalance_5,Q3,500,1000,1438,100.0,-10.04408261511139,-10.052745062893413,0.0,-10.052813918170145,-10.05267253216121,-7.763549049810827,-11.946919574821738,10.053188270821025,6.146081541674804e-05
ENGINEERING_SAMPLE,imbalance_5,Q3,500,500,1438,100.0,-10.044070648042258,-10.052745062893413,0.0,-10.052813918170145,-10.05267253216121,-7.763549049810827,-11.94690631687237,10.053176306606725,4.949660111682627e-05
ENGINEERING_SAMPLE,imbalance_5,Q3,5000,100,1438,100.0,-10.048569433203626,-10.052745062893413,0.0,-11.001944910028145,-9.10265271021726,-7.763549049810827,-11.94690631687237,10.058435485012701,2.813472032176095e-05
ENGINEERING_SAMPLE,imbalance_5,Q3,5000,1000,1438,100.0,-10.048723684431755,-10.052745062893413,0.0,-11.001944910028145,-9.10265271021726,-7.763549049810827,-11.946919574821738,10.058589669135822,0.00018231884344234572
ENGINEERING_SAMPLE,imbalance_5,Q3,5000,500,1438,100.0,-10.048605969450985,-10.052745062893413,0.0,-11.001944910028145,-9.10265271021726,-7.763549049810827,-11.94690631687237,10.05847199305905,6.464276666907242e-05
ENGINEERING_SAMPLE,imbalance_5,Q3,60000,100,1438,97.14881780250347,-9.700396670621245,-10.0527556314857,0.0,-13.64112708431065,-5.360440116352599,-7.763549049810827,-11.94690631687237,10.055368388835586,-5.737164303033774e-25
ENGINEERING_SAMPLE,imbalance_5,Q3,60000,1000,1438,97.14881780250347,-9.700396670621245,-10.0527556314857,0.0,-13.64112708431065,-5.360440116352599,-7.763549049810827,-11.946919574821738,10.055368388835586,-5.737164303033774e-25
ENGINEERING_SAMPLE,imbalance_5,Q3,60000,500,1438,97.14881780250347,-9.700396670621245,-10.0527556314857,0.0,-13.64112708431065,-5.360440116352599,-7.763549049810827,-11.94690631687237,10.055368388835586,0.0
ENGINEERING_SAMPLE,imbalance_5,Q4,1000,100,1438,99.86091794158554,-10.087372133691893,-10.052738807173245,0.0,-10.105460381371643,-10.052670923860113,-8.24451098711788,-12.246704810053537,10.052948355884045,1.372316782670156e-05
ENGINEERING_SAMPLE,imbalance_5,Q4,1000,1000,1438,99.86091794158554,-10.08739282864513,-10.052738807173245,0.0,-10.105460381371643,-10.052670923860113,-8.244531657525908,-12.246725463684786,10.052969041387856,3.440867163937221e-05
ENGINEERING_SAMPLE,imbalance_5,Q4,1000,500,1438,99.86091794158554,-10.08739052919981,-10.052738807173245,0.0,-10.105460381371643,-10.052670923860113,-8.244529360813905,-12.246723168836871,10.052966742998544,3.211028232685326e-05
ENGINEERING_SAMPLE,imbalance_5,Q4,15000,100,1438,99.86091794158554,-10.19207597160507,-10.079087183919679,0.0,-12.0847545313578,-8.468891820580476,-8.24451098711788,-12.246704810053537,10.045077636598867,4.142820219413034e-05
ENGINEERING_SAMPLE,imbalance_5,Q4,15000,1000,1438,99.86091794158554,-10.192171349118908,-10.079087183919679,0.0,-12.0847545313578,-8.468891820580476,-8.244531657525908,-12.246725463684786,10.045172976525487,0.00013676812881364145
ENGINEERING_SAMPLE,imbalance_5,Q4,15000,500,1438,99.86091794158554,-10.192116216729412,-10.079087183919679,0.0,-12.0847545313578,-8.468891820580476,-8.244529360813905,-12.246723168836871,10.045117875490668,8.166709399490526e-05
ENGINEERING_SAMPLE,imbalance_5,Q4,250,100,1438,100.0,-10.05879374374497,-10.052736166309996,0.0,-10.052817180233019,-10.052672864919504,-8.24451098711788,-12.246704810053537,10.051355295235211,3.511385542444322e-05
ENGINEERING_SAMPLE,imbalance_5,Q4,250,1000,1438,100.0,-10.059046446265796,-10.052736166309996,0.0,-10.052817180233019,-10.052672864919504,-8.244531657525908,-12.246725463684786,10.051607869298966,0.00028768791917893843
ENGINEERING_SAMPLE,imbalance_5,Q4,250,500,1438,100.0,-10.058967059829031,-10.052736166309996,0.0,-10.052817180233019,-10.052672864919504,-8.244529360813905,-12.246723168836871,10.051528523459403,0.0002083420796154119
ENGINEERING_SAMPLE,imbalance_5,Q4,3000,100,1438,99.86091794158554,-10.152333491392438,-10.052757022405256,0.0,-10.844090103771197,-9.947182819766981,-8.24451098711788,-12.246704810053537,10.051015798202648,1.372316782670156e-05
ENGINEERING_SAMPLE,imbalance_5,Q4,3000,1000,1438,99.86091794158554,-10.152354186345676,-10.052757022405256,0.0,-10.844090103771197,-9.947182819766981,-8.244531657525908,-12.246725463684786,10.051036483706461,3.440867163937221e-05
ENGINEERING_SAMPLE,imbalance_5,Q4,3000,500,1438,99.86091794158554,-10.152351886900357,-10.052757022405256,0.0,-10.844090103771197,-9.947182819766981,-8.244529360813905,-12.246723168836871,10.051034185317148,3.211028232685326e-05
ENGINEERING_SAMPLE,imbalance_5,Q4,30000,100,1438,99.51321279554938,-10.188658191775888,-10.263931243339066,0.0,-13.011087937907547,-7.646509197701088,-8.24451098711788,-12.246704810053537,10.046060879411224,1.3771117399820713e-05
ENGINEERING_SAMPLE,imbalance_5,Q4,30000,1000,1438,99.51321279554938,-10.188678955206978,-10.263931243339066,0.0,-13.011087937907547,-7.676221667589543,-8.244531657525908,-12.246725463684786,10.04608163719143,3.452889760596681e-05
ENGINEERING_SAMPLE,imbalance_5,Q4,30000,500,1438,99.51321279554938,-10.188676648152986,-10.263931243339066,0.0,-13.011087937907547,-7.672920273329374,-8.244529360813905,-12.246723168836871,10.046079330771407,3.2222477583061684e-05
ENGINEERING_SAMPLE,imbalance_5,Q4,500,100,1438,99.93045897079277,-10.071256667040398,-10.052736166309996,0.0,-10.052831125215839,-10.052672587616545,-8.24451098711788,-12.246704810053537,10.056206746114146,8.254976261137052e-05
ENGINEERING_SAMPLE,imbalance_5,Q4,500,1000,1438,99.93045897079277,-10.071455429328388,-10.052736166309996,0.0,-10.052831125215839,-10.052672587616545,-8.244531657525908,-12.246725463684786,10.0564053878441,0.0002811914925646253
ENGINEERING_SAMPLE,imbalance_5,Q4,500,500,1438,99.93045897079277,-10.071388144492072,-10.052736166309996,0.0,-10.052831125215839,-10.052672587616545,-8.244529360813905,-12.246723168836871,10.0563381439581,0.00021394760656652214
ENGINEERING_SAMPLE,imbalance_5,Q4,5000,100,1438,99.86091794158554,-10.136215803425221,-10.052763978103345,0.0,-11.055179396317156,-9.234303485070718,-8.24451098711788,-12.246704810053537,10.043378678995438,6.63678282486206e-05
ENGINEERING_SAMPLE,imbalance_5,Q4,5000,1000,1438,99.86091794158554,-10.136470258928378,-10.052763978103345,0.0,-11.055179396317156,-9.234303485070718,-8.244531657525908,-12.246725463684786,10.043632982561656,0.0003206713944650098
ENGINEERING_SAMPLE,imbalance_5,Q4,5000,500,1438,99.86091794158554,-10.136365751178205,-10.052763978103345,0.0,-11.055179396317156,-9.234303485070718,-8.244529360813905,-12.246723168836871,10.043528539298904,0.00021622813171486073
ENGINEERING_SAMPLE,imbalance_5,Q4,60000,100,1438,96.94019471488178,-10.380028403565685,-10.422336782452234,0.0,-14.278914438079147,-6.20375640295959,-8.24451098711788,-12.246704810053537,10.04886669010073,1.4136634863087116e-05
ENGINEERING_SAMPLE,imbalance_5,Q4,60000,1000,1438,96.94019471488178,-10.38039768152083,-10.422336782452234,0.0,-14.278914438079147,-6.20375640295959,-8.244531657525908,-12.246725463684786,10.049235860761904,0.0003833072960361291
ENGINEERING_SAMPLE,imbalance_5,Q4,60000,500,1438,96.94019471488178,-10.38009422519545,-10.422336782452234,0.0,-14.278914438079147,-6.20375640295959,-8.244529360813905,-12.246723168836871,10.048932484033356,7.993056748766105e-05
ENGINEERING_SAMPLE,imbalance_5,Q5,1000,100,1439,99.86101459346769,-10.151280115626383,-10.052736166309996,0.0,-10.580166330103689,-10.052671755725191,-8.317401292816049,-12.242947354526397,10.03953021626387,-7.2203956801408915e-25
ENGINEERING_SAMPLE,imbalance_5,Q5,1000,1000,1439,99.86101459346769,-10.1514346186252,-10.052736166309996,0.0,-10.580166330103689,-10.052671755725191,-8.317401292816049,-12.242947354526397,10.039684632666035,0.00015441640216471269
ENGINEERING_SAMPLE,imbalance_5,Q5,1000,500,1439,99.86101459346769,-10.151280483803825,-10.052736166309996,0.0,-10.580166330103689,-10.052671755725191,-8.317401292816049,-12.242947354526397,10.039530584244703,3.6798083363891515e-07
ENGINEERING_SAMPLE,imbalance_5,Q5,15000,100,1439,98.47116052814455,-10.349074483594123,-10.316310292862337,0.0,-12.054990439792512,-8.607042440057361,-8.317401292816049,-12.242947354526397,10.031649104216928,-4.537038594366083e-25
ENGINEERING_SAMPLE,imbalance_5,Q5,15000,1000,1439,98.47116052814455,-10.349132253132671,-10.316310292862337,0.0,-12.054990439792512,-8.607042440057361,-8.317401292816049,-12.242947354526397,10.031706831357717,5.772714078816095e-05
ENGINEERING_SAMPLE,imbalance_5,Q5,15000,500,1439,98.47116052814455,-10.349115660463719,-10.316310292862337,0.0,-12.054990439792512,-8.607042440057361,-8.317401292816049,-12.242947354526397,10.031690250866323,4.114664939465018e-05
ENGINEERING_SAMPLE,imbalance_5,Q5,250,100,1439,99.86101459346769,-10.085773255013745,-10.052730885383452,0.0,-10.052826104173816,-10.052671755725191,-8.317401292816049,-12.242947354526397,10.048012194005633,3.974521530419163e-05
ENGINEERING_SAMPLE,imbalance_5,Q5,250,1000,1439,99.86101459346769,-10.086201638796283,-10.052730885383452,0.0,-10.052826104173816,-10.052671755725191,-8.317401292816049,-12.242947354526397,10.048440352906853,0.0004679041165253131
ENGINEERING_SAMPLE,imbalance_5,Q5,250,500,1439,99.86101459346769,-10.085875039396797,-10.052730885383452,0.0,-10.052826104173816,-10.052671755725191,-8.317401292816049,-12.242947354526397,10.048113922595943,0.00014147380561462113
ENGINEERING_SAMPLE,imbalance_5,Q5,3000,100,1439,99.23558026407227,-10.251385416782863,-10.05276509118525,0.0,-10.949566317787562,-10.052668428422527,-8.317401292816049,-12.242947354526397,10.038681820276462,8.126049667295845e-05
ENGINEERING_SAMPLE,imbalance_5,Q5,3000,1000,1439,99.23558026407227,-10.251790041183542,-10.05276509118525,0.0,-10.949566317787562,-10.052668428422527,-8.317401292816049,-12.242947354526397,10.039086199690887,0.00048563991109769713
ENGINEERING_SAMPLE,imbalance_5,Q5,3000,500,1439,99.23558026407227,-10.25166386397891,-10.05276509118525,0.0,-10.949566317787562,-10.052668428422527,-8.317401292816049,-12.242947354526397,10.038960099794252,0.00035954001446262727
ENGINEERING_SAMPLE,imbalance_5,Q5,30000,100,1439,98.40166782487839,-10.281354249233146,-10.421382919356027,0.0,-12.845023696682464,-7.65159658279657,-8.317401292816049,-12.242947354526397,10.038286385940607,2.855804737263183e-05
ENGINEERING_SAMPLE,imbalance_5,Q5,30000,1000,1439,98.40166782487839,-10.281395583558202,-10.421382919356027,0.0,-12.845023696682464,-7.65159658279657,-8.317401292816049,-12.242947354526397,10.038327700588955,6.987269571914418e-05
ENGINEERING_SAMPLE,imbalance_5,Q5,30000,500,1439,98.40166782487839,-10.281390990855417,-10.421382919356027,0.0,-12.845023696682464,-7.65159658279657,-8.317401292816049,-12.242947354526397,10.038323110072472,6.528217923619837e-05
ENGINEERING_SAMPLE,imbalance_5,Q5,500,100,1439,99.86101459346769,-10.116783561643308,-10.052735332409169,0.0,-10.368774520989701,-10.052671755725191,-8.317401292816049,-12.242947354526397,10.050976994173524,7.402270450137835e-05
ENGINEERING_SAMPLE,imbalance_5,Q5,500,1000,1439,99.86101459346769,-10.117503399489783,-10.052735332409169,0.0,-10.368984419605654,-10.052671755725191,-8.317401292816049,-12.242947354526397,10.051696445024941,0.000793473555916403
ENGINEERING_SAMPLE,imbalance_5,Q5,500,500,1439,99.86101459346769,-10.117183677319387,-10.052735332409169,0.0,-10.368849868860401,-10.052671755725191,-8.317401292816049,-12.242947354526397,10.051376895828293,0.0004739243592699309
ENGINEERING_SAMPLE,imbalance_5,Q5,5000,100,1439,98.74913134120918,-10.309623206884776,-10.052813834532488,0.0,-11.36940797439434,-9.630449465474847,-8.317401292816049,-12.242947354526397,10.03143727093052,2.9409068210377548e-05
ENGINEERING_SAMPLE,imbalance_5,Q5,5000,1000,1439,98.74913134120918,-10.309655523225587,-10.052813834532488,0.0,-11.36940797439434,-9.630449465474847,-8.317401292816049,-12.242947354526397,10.031469564727235,6.170286492459386e-05
ENGINEERING_SAMPLE,imbalance_5,Q5,5000,500,1439,98.74913134120918,-10.30964292013109,-10.052813834532488,0.0,-11.36940797439434,-9.630449465474847,-8.317401292816049,-12.242947354526397,10.031456970424742,4.910856243222461e-05
ENGINEERING_SAMPLE,imbalance_5,Q5,60000,100,1439,97.49826268241834,-10.46499596154296,-10.421793730007746,0.0,-14.226601609530448,-5.840416618254959,-8.317401292816049,-12.242947354526397,10.030974148093517,2.978782485405439e-05
ENGINEERING_SAMPLE,imbalance_5,Q5,60000,1000,1439,97.49826268241834,-10.465028699450224,-10.421793730007746,0.0,-14.226601609530448,-5.840416618254959,-8.317401292816049,-12.242947354526397,10.031006857117012,6.249684834972138e-05
ENGINEERING_SAMPLE,imbalance_5,Q5,60000,500,1439,97.49826268241834,-10.465015934662421,-10.421793730007746,0.0,-14.226601609530448,-5.840416618254959,-8.317401292816049,-12.242947354526397,10.030994103591235,4.9743322572924895e-05
ENGINEERING_SAMPLE,microprice_edge_bps,Q1,1000,100,1439,100.0,-9.945543339102693,-10.052724216250969,0.0,-10.052805193434317,-9.525542060752958,-6.67721455970001,-11.735660190474393,10.061299756289673,6.304962702562792e-05
ENGINEERING_SAMPLE,microprice_edge_bps,Q1,1000,1000,1439,100.0,-9.945934365356631,-10.052724216250969,0.0,-10.052805193434317,-9.525542060752958,-6.677605503281763,-11.736050933196912,10.061690586809895,0.0004538801472473019
ENGINEERING_SAMPLE,microprice_edge_bps,Q1,1000,500,1439,100.0,-9.94581696621006,-10.052724216250969,0.0,-10.052805193434317,-9.525542060752958,-6.677488124363852,-11.735933617017565,10.061573244862629,0.00033653819998160294
ENGINEERING_SAMPLE,microprice_edge_bps,Q1,15000,100,1439,99.65253648366921,-9.420025191212876,-9.525484554336485,0.0,-12.10825760568945,-6.362220781889751,-6.67721455970001,-11.735660190474393,10.069665454866975,9.147525665396909e-05
ENGINEERING_SAMPLE,microprice_edge_bps,Q1,15000,1000,1439,99.65253648366921,-9.42045842893249,-9.525484554336485,0.0,-12.10825760568945,-6.362220781889751,-6.677605503281763,-11.736050933196912,10.07009843857824,0.0005244589679179933
ENGINEERING_SAMPLE,microprice_edge_bps,Q1,15000,500,1439,99.65253648366921,-9.420336081296012,-9.525484554336485,0.0,-12.10825760568945,-6.362220781889751,-6.677488124363852,-11.735933617017565,10.069976155215278,0.00040217560495567416
ENGINEERING_SAMPLE,microprice_edge_bps,Q1,250,100,1439,100.0,-10.022354243926895,-10.05273394263306,0.0,-10.052805193434317,-10.05267203301939,-6.67721455970001,-11.735660190474393,10.05895328457296,6.304962702562792e-05
ENGINEERING_SAMPLE,microprice_edge_bps,Q1,250,1000,1439,100.0,-10.022745272213536,-10.05273394263306,0.0,-10.052805193434317,-10.052672698539482,-6.677605503281763,-11.736050933196912,10.05934411509318,0.0004538801472473019
ENGINEERING_SAMPLE,microprice_edge_bps,Q1,250,500,1439,100.0,-10.022627871034263,-10.05273394263306,0.0,-10.052805193434317,-10.052672698539482,-6.677488124363852,-11.735933617017565,10.059226773145916,0.00033653819998160294
ENGINEERING_SAMPLE,microprice_edge_bps,Q1,3000,100,1439,100.0,-9.809473701712651,-10.052716993260866,0.0,-10.052807701848929,-9.049847523979361,-6.67721455970001,-11.735660190474393,10.067596654659559,6.304962702562792e-05
ENGINEERING_SAMPLE,microprice_edge_bps,Q1,3000,1000,1439,100.0,-9.809864710358816,-10.052716993260866,0.0,-10.052807701848929,-9.049847523979361,-6.677605503281763,-11.736050933196912,10.067987485179781,0.0004538801472473019
ENGINEERING_SAMPLE,microprice_edge_bps,Q1,3000,500,1439,100.0,-9.809747317157129,-10.052716993260866,0.0,-10.052807701848929,-9.049847523979361,-6.677488124363852,-11.735933617017565,10.067870143232515,0.00033653819998160294
ENGINEERING_SAMPLE,microprice_edge_bps,Q1,30000,100,1439,99.23558026407227,-9.353872110824181,-9.261012013105205,0.0,-13.275616247386097,-5.624789251844047,-6.67721455970001,-11.735660190474393,10.068934268705828,8.508841858796549e-05
ENGINEERING_SAMPLE,microprice_edge_bps,Q1,30000,1000,1439,99.23558026407227,-9.354499696877957,-9.261012013105205,0.0,-13.275616247386097,-5.624789251844047,-6.677605503281763,-11.736050933196912,10.069561624637307,0.0007124443500677769
ENGINEERING_SAMPLE,microprice_edge_bps,Q1,30000,500,1439,99.23558026407227,-9.35430376311502,-9.261012013105205,0.0,-13.275616247386097,-5.624789251844047,-6.677488124363852,-11.735933617017565,10.069365755402258,0.0005165751150172366
ENGINEERING_SAMPLE,microprice_edge_bps,Q1,500,100,1439,100.0,-9.988820999372074,-10.05272671697795,0.0,-10.052805193434317,-9.894573435910438,-6.67721455970001,-11.735660190474393,10.051679701820829,6.304962702562792e-05
ENGINEERING_SAMPLE,microprice_edge_bps,Q1,500,1000,1439,100.0,-9.989239530558805,-10.052726994851147,0.0,-10.052805193434317,-9.947259148807793,-6.677605503281763,-11.736050933196912,10.052098023843065,0.0004813716492633646
ENGINEERING_SAMPLE,microprice_edge_bps,Q1,500,500,1439,100.0,-9.98909462647944,-10.052726994851147,0.0,-10.052805193434317,-9.947259148807793,-6.677488124363852,-11.735933617017565,10.051953190393785,0.00033653819998160294
ENGINEERING_SAMPLE,microprice_edge_bps,Q1,5000,100,1439,100.0,-9.729840803452502,-10.052699499604952,0.0,-10.421382919356027,-8.577832647173407,-6.67721455970001,-11.735660190474393,10.065941930632869,9.069785632314929e-05
ENGINEERING_SAMPLE,microprice_edge_bps,Q1,5000,1000,1439,100.0,-9.730265577013235,-10.052699499604952,0.0,-10.421382919356027,-8.577832647173407,-6.677605503281763,-11.736050933196912,10.066366527936447,0.0005152951599014103
ENGINEERING_SAMPLE,microprice_edge_bps,Q1,5000,500,1439,100.0,-9.730136226252228,-10.052699499604952,0.0,-10.421382919356027,-8.577832647173407,-6.677488124363852,-11.735933617017565,10.066237226997156,0.00038599422061117393
ENGINEERING_SAMPLE,microprice_edge_bps,Q1,60000,100,1439,99.23558026407227,-8.870657161997341,-8.577832647173407,1.330532212885154,-14.694954128440367,-3.521339938615102,-6.67721455970001,-11.735660190474393,10.070307554116894,9.13940581931882e-05
ENGINEERING_SAMPLE,microprice_edge_bps,Q1,60000,1000,1439,99.23558026407227,-8.871085135071194,-8.577832647173407,1.330532212885154,-14.694954128440367,-3.521339938615102,-6.677605503281763,-11.736050933196912,10.070735421336105,0.0005192612774030645
ENGINEERING_SAMPLE,microprice_edge_bps,Q1,60000,500,1439,99.23558026407227,-8.870954800383032,-8.577832647173407,1.330532212885154,-14.694954128440367,-3.521339938615102,-6.677488124363852,-11.735933617017565,10.0706051211382,0.00038896107950026103
ENGINEERING_SAMPLE,microprice_edge_bps,Q2,1000,100,1438,100.0,-10.017596126663934,-10.052729495841723,0.0,-10.052803799973612,-10.052668982943777,-7.499746979689828,-11.560101633900569,10.053285081339387,-3.8476708892212654e-25
ENGINEERING_SAMPLE,microprice_edge_bps,Q2,1000,1000,1438,100.0,-10.017596126663934,-10.052729495841723,0.0,-10.052803799973612,-10.052668982943777,-7.499746979689828,-11.560101633900569,10.053285081339387,-3.8476708892212654e-25
ENGINEERING_SAMPLE,microprice_edge_bps,Q2,1000,500,1438,100.0,-10.017596126663934,-10.052729495841723,0.0,-10.052803799973612,-10.052668982943777,-7.499746979689828,-11.560101633900569,10.053285081339387,0.0
ENGINEERING_SAMPLE,microprice_edge_bps,Q2,15000,100,1438,99.02642559109874,-9.860997718316113,-10.052723938407057,0.0,-11.689721599155561,-7.890431033119495,-7.499746979689828,-11.560101633900569,10.056096925961224,1.1705743534562787e-05
ENGINEERING_SAMPLE,microprice_edge_bps,Q2,15000,1000,1438,99.02642559109874,-9.861048122033786,-10.052723938407057,0.0,-11.689721599155561,-7.890431033119495,-7.499746979689828,-11.560101633900569,10.056147303030297,6.208281260776789e-05
ENGINEERING_SAMPLE,microprice_edge_bps,Q2,15000,500,1438,99.02642559109874,-9.86101795320086,-10.052723938407057,0.0,-11.689721599155561,-7.890431033119495,-7.499746979689828,-11.560101633900569,10.056117150147728,3.192993003762243e-05
ENGINEERING_SAMPLE,microprice_edge_bps,Q2,250,100,1438,100.0,-10.046872573441027,-10.052730885383452,0.0,-10.052803799973612,-10.052681185366161,-7.499746979689828,-11.560101633900569,10.05224176249262,-4.910820114017379e-25
ENGINEERING_SAMPLE,microprice_edge_bps,Q2,250,1000,1438,100.0,-10.046872573441027,-10.052730885383452,0.0,-10.052803799973612,-10.052681185366161,-7.499746979689828,-11.560101633900569,10.05224176249262,-4.910820114017379e-25
ENGINEERING_SAMPLE,microprice_edge_bps,Q2,250,500,1438,100.0,-10.046872573441027,-10.052730885383452,0.0,-10.052803799973612,-10.052681185366161,-7.499746979689828,-11.560101633900569,10.05224176249262,0.0
ENGINEERING_SAMPLE,microprice_edge_bps,Q2,3000,100,1438,100.0,-9.984425030272677,-10.052723938407057,0.0,-10.279911836122075,-9.367770020463121,-7.499746979689828,-11.560101633900569,10.054631094851612,3.9264580077598574e-05
ENGINEERING_SAMPLE,microprice_edge_bps,Q2,3000,1000,1438,100.0,-9.984748440698596,-10.052723938407057,0.0,-10.279911836122075,-9.367770020463121,-7.499746979689828,-11.560101633900569,10.054954393374423,0.00036256310288919
ENGINEERING_SAMPLE,microprice_edge_bps,Q2,3000,500,1438,100.0,-9.98447179777569,-10.052723938407057,0.0,-10.279911836122075,-9.367770020463121,-7.499746979689828,-11.560101633900569,10.05467784584859,8.601557705425446e-05
ENGINEERING_SAMPLE,microprice_edge_bps,Q2,30000,100,1438,98.74826147426982,-9.644606525470689,-9.525484554336485,0.0,-12.425620727638783,-6.991625058317802,-7.499746979689828,-11.560101633900569,10.053013787099987,2.1191596303120505e-25
ENGINEERING_SAMPLE,microprice_edge_bps,Q2,30000,1000,1438,98.74826147426982,-9.644606525470689,-9.525484554336485,0.0,-12.425620727638783,-6.991625058317802,-7.499746979689828,-11.560101633900569,10.053013787099987,2.1191596303120505e-25
ENGINEERING_SAMPLE,microprice_edge_bps,Q2,30000,500,1438,98.74826147426982,-9.644606525470689,-9.525484554336485,0.0,-12.425620727638783,-6.991625058317802,-7.499746979689828,-11.560101633900569,10.053013787099987,0.0
ENGINEERING_SAMPLE,microprice_edge_bps,Q2,500,100,1438,100.0,-10.028160788024932,-10.052730051649625,0.0,-10.052803799973612,-10.052674528798567,-7.499746979689828,-11.560101633900569,10.042044804354184,-4.580817373365551e-25
ENGINEERING_SAMPLE,microprice_edge_bps,Q2,500,1000,1438,100.0,-10.028160788024932,-10.052730051649625,0.0,-10.052803799973612,-10.052674528798567,-7.499746979689828,-11.560101633900569,10.042044804354184,-4.580817373365551e-25
ENGINEERING_SAMPLE,microprice_edge_bps,Q2,500,500,1438,100.0,-10.028160788024932,-10.052730051649625,0.0,-10.052803799973612,-10.052674528798567,-7.499746979689828,-11.560101633900569,10.042044804354184,0.0
ENGINEERING_SAMPLE,microprice_edge_bps,Q2,5000,100,1438,100.0,-9.97099212454064,-10.052723938407057,0.0,-10.790984124976282,-9.051034119351865,-7.499746979689828,-11.560101633900569,10.054422777138665,2.141397353033284e-05
ENGINEERING_SAMPLE,microprice_edge_bps,Q2,5000,1000,1438,100.0,-9.971224241565707,-10.052723938407057,0.0,-10.790984124976282,-9.051034119351865,-7.499746979689828,-11.560101633900569,10.054654711419012,0.00025334825387778406
ENGINEERING_SAMPLE,microprice_edge_bps,Q2,5000,500,1438,100.0,-9.971147151376089,-10.052723938407057,0.0,-10.790984124976282,-9.051034119351865,-7.499746979689828,-11.560101633900569,10.054577681922165,0.000176318757029039
ENGINEERING_SAMPLE,microprice_edge_bps,Q2,60000,100,1438,98.67872044506258,-9.25352111539246,-9.103726109111603,1.3389711064129668,-13.530011164005561,-4.413117344922956,-7.499746979689828,-11.560101633900569,10.054024416651623,-1.4097310398107234e-25
ENGINEERING_SAMPLE,microprice_edge_bps,Q2,60000,1000,1438,98.67872044506258,-9.25352111539246,-9.103726109111603,1.3389711064129668,-13.530011164005561,-4.413117344922956,-7.499746979689828,-11.560101633900569,10.054024416651623,-1.4097310398107234e-25
ENGINEERING_SAMPLE,microprice_edge_bps,Q2,60000,500,1438,98.67872044506258,-9.25352111539246,-9.103726109111603,1.3389711064129668,-13.530011164005561,-4.413117344922956,-7.499746979689828,-11.560101633900569,10.054024416651623,0.0
ENGINEERING_SAMPLE,microprice_edge_bps,Q3,1000,100,1438,100.0,-10.051040582877569,-10.052738668170724,0.0,-10.052828977246252,-10.052668428422527,-7.801640126783013,-11.98278075533671,10.049639142636238,-4.434853540342641e-25
ENGINEERING_SAMPLE,microprice_edge_bps,Q3,1000,1000,1438,100.0,-10.051040582877569,-10.052738668170724,0.0,-10.052828977246252,-10.052668428422527,-7.801640126783013,-11.982794013286078,10.049639142636238,-4.434853540342641e-25
ENGINEERING_SAMPLE,microprice_edge_bps,Q3,1000,500,1438,100.0,-10.051040582877569,-10.052738668170724,0.0,-10.052828977246252,-10.052668428422527,-7.801640126783013,-11.98278075533671,10.049639142636238,0.0
ENGINEERING_SAMPLE,microprice_edge_bps,Q3,15000,100,1438,98.74826147426982,-10.079059518754281,-10.052764256369418,0.0,-11.804225684683686,-8.36561819896822,-7.801640126783013,-11.98278075533671,10.057990078383314,-7.417632590741494e-26
ENGINEERING_SAMPLE,microprice_edge_bps,Q3,15000,1000,1438,98.74826147426982,-10.079343577112255,-10.052764256369418,0.0,-11.804225684683686,-8.36561819896822,-7.801640126783013,-11.982794013286078,10.058274021076068,0.00028394269275332896
ENGINEERING_SAMPLE,microprice_edge_bps,Q3,15000,500,1438,98.74826147426982,-10.079064491382137,-10.052764256369418,0.0,-11.804225684683686,-8.36561819896822,-7.801640126783013,-11.98278075533671,10.057995049299116,4.970915800940195e-06
ENGINEERING_SAMPLE,microprice_edge_bps,Q3,250,100,1438,100.0,-10.0485147188479,-10.052738668170724,0.0,-10.052813834532488,-10.052670923860113,-7.801640126783013,-11.98278075533671,10.05091049050551,2.7672133335125393e-05
ENGINEERING_SAMPLE,microprice_edge_bps,Q3,250,1000,1438,100.0,-10.048548527252274,-10.052738668170724,0.0,-10.052813834532488,-10.052670923860113,-7.801640126783013,-11.982794013286078,10.050944282281723,6.14639095475003e-05
ENGINEERING_SAMPLE,microprice_edge_bps,Q3,250,500,1438,100.0,-10.048536560246312,-10.052738668170724,0.0,-10.052813834532488,-10.052670923860113,-7.801640126783013,-11.98278075533671,10.050932321161554,4.9502789378330796e-05
ENGINEERING_SAMPLE,microprice_edge_bps,Q3,3000,100,1438,100.0,-10.044363228159984,-10.052738668170724,0.0,-10.738430880507787,-9.314635752865236,-7.801640126783013,-11.98278075533671,10.053362741970073,2.141453884337297e-05
ENGINEERING_SAMPLE,microprice_edge_bps,Q3,3000,1000,1438,100.0,-10.044595345017399,-10.052738668170724,0.0,-10.738430880507787,-9.314635752865236,-7.801640126783013,-11.982794013286078,10.05359467853223,0.0002533511009998225
ENGINEERING_SAMPLE,microprice_edge_bps,Q3,3000,500,1438,100.0,-10.044518258491214,-10.052738668170724,0.0,-10.738430880507787,-9.314635752865236,-7.801640126783013,-11.98278075533671,10.053517651882503,0.000176324451273116
ENGINEERING_SAMPLE,microprice_edge_bps,Q3,30000,100,1438,97.56606397774686,-10.058597032977769,-10.052680630587938,0.0,-12.585448562101499,-7.306565441866224,-7.801640126783013,-11.98278075533671,10.048647342486916,2.8358005967042183e-05
ENGINEERING_SAMPLE,microprice_edge_bps,Q3,30000,1000,1438,97.56606397774686,-10.058877205054728,-10.052680630587938,0.0,-12.585448562101499,-7.306565441866224,-7.801640126783013,-11.982794013286078,10.04892749154652,0.00030850706557270836
ENGINEERING_SAMPLE,microprice_edge_bps,Q3,30000,500,1438,97.56606397774686,-10.058624396127655,-10.052680630587938,0.0,-12.585448562101499,-7.306565441866224,-7.801640126783013,-11.98278075533671,10.048674704801606,5.5720320657103424e-05
ENGINEERING_SAMPLE,microprice_edge_bps,Q3,500,100,1438,100.0,-10.05248392380989,-10.052738668170724,0.0,-10.052819020550237,-10.052670341585213,-7.801640126783013,-11.98278075533671,10.05318914819798,2.7669794747928918e-05
ENGINEERING_SAMPLE,microprice_edge_bps,Q3,500,1000,1438,100.0,-10.05251772289358,-10.052738668170724,0.0,-10.052819020550237,-10.052670341585213,-7.801640126783013,-11.982794013286078,10.053222939218648,6.146081541674804e-05
ENGINEERING_SAMPLE,microprice_edge_bps,Q3,500,500,1438,100.0,-10.052505755824447,-10.052738668170724,0.0,-10.052819020550237,-10.052670341585213,-7.801640126783013,-11.98278075533671,10.053210975004347,4.949660111682627e-05
ENGINEERING_SAMPLE,microprice_edge_bps,Q3,5000,100,1438,100.0,-10.052724896233252,-10.052740892246218,0.0,-11.01907688580631,-9.10265271021726,-7.801640126783013,-11.98278075533671,10.052157794730917,2.813472032176095e-05
ENGINEERING_SAMPLE,microprice_edge_bps,Q3,5000,1000,1438,100.0,-10.05287914746138,-10.052740892246218,0.0,-11.01907688580631,-9.10265271021726,-7.801640126783013,-11.982794013286078,10.052311978854037,0.00018231884344234572
ENGINEERING_SAMPLE,microprice_edge_bps,Q3,5000,500,1438,100.0,-10.05276143248061,-10.052740892246218,0.0,-11.01907688580631,-9.10265271021726,-7.801640126783013,-11.98278075533671,10.052194302777265,6.464276666907242e-05
ENGINEERING_SAMPLE,microprice_edge_bps,Q3,60000,100,1438,97.49652294853963,-9.765268797810723,-10.0527556314857,0.0,-13.800810434342155,-5.3589482728628886,-7.801640126783013,-11.98278075533671,10.049974480453688,-3.7231897235747117e-25
ENGINEERING_SAMPLE,microprice_edge_bps,Q3,60000,1000,1438,97.49652294853963,-9.765310671415852,-10.0527556314857,0.0,-13.800810434342155,-5.3589482728628886,-7.801640126783013,-11.982794013286078,10.050016314020604,4.183356691681206e-05
ENGINEERING_SAMPLE,microprice_edge_bps,Q3,60000,500,1438,97.49652294853963,-9.765268797810723,-10.0527556314857,0.0,-13.800810434342155,-5.3589482728628886,-7.801640126783013,-11.98278075533671,10.049974480453688,0.0
ENGINEERING_SAMPLE,microprice_edge_bps,Q4,1000,100,1438,99.86091794158554,-10.080900450734827,-10.052736722258533,0.0,-10.105400971292728,-10.052670923860113,-8.256127654148813,-12.232948416223442,10.053313578352432,1.372316782670156e-05
ENGINEERING_SAMPLE,microprice_edge_bps,Q4,1000,1000,1438,99.86091794158554,-10.080921145688064,-10.052736722258533,0.0,-10.105400971292728,-10.052670923860113,-8.256148324556841,-12.23296906985469,10.053334263856245,3.440867163937221e-05
ENGINEERING_SAMPLE,microprice_edge_bps,Q4,1000,500,1438,99.86091794158554,-10.080918846242744,-10.052736722258533,0.0,-10.105400971292728,-10.052670923860113,-8.256146027844837,-12.232966775006773,10.053331965466933,3.211028232685326e-05
ENGINEERING_SAMPLE,microprice_edge_bps,Q4,15000,100,1438,99.86091794158554,-10.25774963411008,-10.210923541533807,0.0,-12.002654825303013,-8.523301723183646,-8.256127654148813,-12.232948416223442,10.047685149847778,4.142820219413034e-05
ENGINEERING_SAMPLE,microprice_edge_bps,Q4,15000,1000,1438,99.86091794158554,-10.257804162488819,-10.210923541533807,0.0,-12.002654825303013,-8.523301723183646,-8.256148324556841,-12.23296906985469,10.047739672369552,9.595072396802606e-05
ENGINEERING_SAMPLE,microprice_edge_bps,Q4,15000,500,1438,99.86091794158554,-10.257789879234423,-10.210923541533807,0.0,-12.002654825303013,-8.523301723183646,-8.256146027844837,-12.232966775006773,10.047725388739579,8.166709399490526e-05
ENGINEERING_SAMPLE,microprice_edge_bps,Q4,250,100,1438,100.0,-10.05824371905439,-10.052736166309996,0.0,-10.052810489255798,-10.052672587616545,-8.256127654148813,-12.232948416223442,10.052564861899997,3.511385542444322e-05
ENGINEERING_SAMPLE,microprice_edge_bps,Q4,250,1000,1438,100.0,-10.058496421575217,-10.052736166309996,0.0,-10.052810489255798,-10.052672587616545,-8.256148324556841,-12.23296906985469,10.052817435963753,0.00028768791917893843
ENGINEERING_SAMPLE,microprice_edge_bps,Q4,250,500,1438,100.0,-10.05841703513845,-10.052736166309996,0.0,-10.052810489255798,-10.052672587616545,-8.256146027844837,-12.232966775006773,10.052738090124189,0.0002083420796154119
ENGINEERING_SAMPLE,microprice_edge_bps,Q4,3000,100,1438,99.86091794158554,-10.129857430889377,-10.052757022405256,0.0,-10.792479432234625,-9.841979741397465,-8.256127654148813,-12.232948416223442,10.05278069176729,1.372316782670156e-05
ENGINEERING_SAMPLE,microprice_edge_bps,Q4,3000,1000,1438,99.86091794158554,-10.129878125842614,-10.052757022405256,0.0,-10.792479432234625,-9.841979741397465,-8.256148324556841,-12.23296906985469,10.052801377271106,3.440867163937221e-05
ENGINEERING_SAMPLE,microprice_edge_bps,Q4,3000,500,1438,99.86091794158554,-10.129875826397294,-10.052757022405256,0.0,-10.792479432234625,-9.841979741397465,-8.256146027844837,-12.232966775006773,10.052799078881792,3.211028232685326e-05
ENGINEERING_SAMPLE,microprice_edge_bps,Q4,30000,100,1438,99.23504867872045,-10.188042146491306,-10.316542134431538,0.0,-12.587618363964573,-7.762946698663487,-8.256127654148813,-12.232948416223442,10.04748453923488,1.3809718990289726e-05
ENGINEERING_SAMPLE,microprice_edge_bps,Q4,30000,1000,1438,99.23504867872045,-10.188062968124024,-10.316542134431538,0.0,-12.587618363964573,-7.774831686618872,-8.256148324556841,-12.23296906985469,10.047505355200874,3.462568498538087e-05
ENGINEERING_SAMPLE,microprice_edge_bps,Q4,30000,500,1438,99.23504867872045,-10.18806065460317,-10.316542134431538,0.0,-12.587618363964573,-7.773511128914804,-8.256146027844837,-12.232966775006773,10.047503042315764,3.2312799874815185e-05
ENGINEERING_SAMPLE,microprice_edge_bps,Q4,500,100,1438,99.93045897079277,-10.071711125424516,-10.052736166309996,0.0,-10.052826104173816,-10.05267192210171,-8.256127654148813,-12.232948416223442,10.058164895890295,0.00013305468032313934
ENGINEERING_SAMPLE,microprice_edge_bps,Q4,500,1000,1438,99.93045897079277,-10.07217403545865,-10.052736166309996,0.0,-10.052826104173816,-10.05267192210171,-8.256148324556841,-12.23296906985469,10.058627549705792,0.000595708495819307
ENGINEERING_SAMPLE,microprice_edge_bps,Q4,500,500,1438,99.93045897079277,-10.072017144018396,-10.052736166309996,0.0,-10.052826104173816,-10.05267192210171,-8.256146027844837,-12.232966775006773,10.058470745244453,0.000438904034478632
ENGINEERING_SAMPLE,microprice_edge_bps,Q4,5000,100,1438,99.86091794158554,-10.123288846060944,-10.052760082686467,0.0,-11.003494639265599,-9.313843930025955,-8.256127654148813,-12.232948416223442,10.049438693183275,6.63678282486206e-05
ENGINEERING_SAMPLE,microprice_edge_bps,Q4,5000,1000,1438,99.86091794158554,-10.123543301564101,-10.052760082686467,0.0,-11.003494639265599,-9.313843930025955,-8.256148324556841,-12.23296906985469,10.04969299674949,0.0003206713944650098
ENGINEERING_SAMPLE,microprice_edge_bps,Q4,5000,500,1438,99.86091794158554,-10.12343879381393,-10.052760082686467,0.0,-11.003494639265599,-9.313843930025955,-8.256146027844837,-12.232966775006773,10.04958855348674,0.00021622813171486073
ENGINEERING_SAMPLE,microprice_edge_bps,Q4,60000,100,1438,94.99304589707927,-10.312171412976623,-10.527244940978077,0.0,-14.120893047620054,-5.729045892446824,-8.256127654148813,-12.232948416223442,10.05291925273719,1.4426404830998126e-05
ENGINEERING_SAMPLE,microprice_edge_bps,Q4,60000,1000,1438,94.99304589707927,-10.312505283163361,-10.527244940978077,0.0,-14.120893047620054,-5.729045892446824,-8.256148324556841,-12.23296906985469,10.053253054524054,0.00034822819169618845
ENGINEERING_SAMPLE,microprice_edge_bps,Q4,60000,500,1438,94.99304589707927,-10.312238583805241,-10.527244940978077,0.0,-14.120893047620054,-5.729045892446824,-8.256146027844837,-12.232966775006773,10.052986395300938,8.156896857818412e-05
ENGINEERING_SAMPLE,microprice_edge_bps,Q5,1000,100,1439,99.86101459346769,-10.150175417387944,-10.052741448294404,0.0,-10.579893036857497,-10.052671755725191,-8.433620750979417,-12.237445348922208,10.04180622885738,-8.909296641369145e-25
ENGINEERING_SAMPLE,microprice_edge_bps,Q5,1000,1000,1439,99.86101459346769,-10.150329920386758,-10.052741448294404,0.0,-10.579893036857497,-10.052671755725191,-8.433620750979417,-12.237445348922208,10.041960645259545,0.00015441640216471269
ENGINEERING_SAMPLE,microprice_edge_bps,Q5,1000,500,1439,99.86101459346769,-10.150175785565384,-10.052741448294404,0.0,-10.579893036857497,-10.052671755725191,-8.433620750979417,-12.237445348922208,10.041806596838214,3.6798083363891515e-07
ENGINEERING_SAMPLE,microprice_edge_bps,Q5,15000,100,1439,98.47116052814455,-10.331971736527045,-10.316018888485289,0.0,-12.055367094741943,-8.628940562213325,-8.433620750979417,-12.237445348922208,10.033582531595842,-5.31865098515529e-25
ENGINEERING_SAMPLE,microprice_edge_bps,Q5,15000,1000,1439,98.47116052814455,-10.332029506065592,-10.316018888485289,0.0,-12.055367094741943,-8.628940562213325,-8.433620750979417,-12.237445348922208,10.03364025873663,5.772714078816095e-05
ENGINEERING_SAMPLE,microprice_edge_bps,Q5,15000,500,1439,98.47116052814455,-10.332012913396639,-10.316018888485289,0.0,-12.055367094741943,-8.628940562213325,-8.433620750979417,-12.237445348922208,10.033623678245236,4.114664939465018e-05
ENGINEERING_SAMPLE,microprice_edge_bps,Q5,250,100,1439,99.86101459346769,-10.084927713599376,-10.052731997069566,0.0,-10.052824988516306,-10.052672587616545,-8.433620750979417,-12.237445348922208,10.049736945006488,3.974521530419163e-05
ENGINEERING_SAMPLE,microprice_edge_bps,Q5,250,1000,1439,99.86101459346769,-10.085356097381915,-10.052731997069566,0.0,-10.052824988516306,-10.052672587616545,-8.433620750979417,-12.237445348922208,10.050165103907709,0.0004679041165253131
ENGINEERING_SAMPLE,microprice_edge_bps,Q5,250,500,1439,99.86101459346769,-10.085029497982427,-10.052731997069566,0.0,-10.052824988516306,-10.052672587616545,-8.433620750979417,-12.237445348922208,10.049838673596799,0.00014147380561462113
ENGINEERING_SAMPLE,microprice_edge_bps,Q5,3000,100,1439,99.23558026407227,-10.248247574818292,-10.052757022405256,0.0,-10.949566317787562,-10.052668428422527,-8.433620750979417,-12.237445348922208,10.039235639434711,8.126049667295845e-05
ENGINEERING_SAMPLE,microprice_edge_bps,Q5,3000,1000,1439,99.23558026407227,-10.24865219921897,-10.052757022405256,0.0,-10.949566317787562,-10.052668428422527,-8.433620750979417,-12.237445348922208,10.039640018849134,0.00048563991109769713
ENGINEERING_SAMPLE,microprice_edge_bps,Q5,3000,500,1439,99.23558026407227,-10.24852602201434,-10.052757022405256,0.0,-10.949566317787562,-10.052668428422527,-8.433620750979417,-12.237445348922208,10.0395139189525,0.00035954001446262727
ENGINEERING_SAMPLE,microprice_edge_bps,Q5,30000,100,1439,96.80333564975678,-10.34629799801054,-10.421382919356027,0.0,-12.845892900411922,-7.94292518638001,-8.433620750979417,-12.237445348922208,10.041149992606018,2.9029572921497966e-05
ENGINEERING_SAMPLE,microprice_edge_bps,Q5,30000,1000,1439,96.80333564975678,-10.34634001481189,-10.421382919356027,0.0,-12.845892900411922,-7.94292518638001,-8.433620750979417,-12.237445348922208,10.041191989405773,7.102637267645956e-05
ENGINEERING_SAMPLE,microprice_edge_bps,Q5,30000,500,1439,96.80333564975678,-10.346335346278407,-10.421382919356027,0.0,-12.845892900411922,-7.94292518638001,-8.433620750979417,-12.237445348922208,10.041187323094688,6.636006159257493e-05
ENGINEERING_SAMPLE,microprice_edge_bps,Q5,500,100,1439,99.86101459346769,-10.113572128087695,-10.052736166309996,0.0,-10.316504085493241,-10.052672365777683,-8.433620750979417,-12.237445348922208,10.051878807283,2.3517786789609543e-05
ENGINEERING_SAMPLE,microprice_edge_bps,Q5,500,1000,1439,99.86101459346769,-10.114027818188026,-10.052736166309996,0.0,-10.316548811373513,-10.052672365777683,-8.433620750979417,-12.237445348922208,10.052334246048872,0.00047895655266172124
ENGINEERING_SAMPLE,microprice_edge_bps,Q5,500,500,1439,99.86101459346769,-10.113797702621568,-10.052736166309996,0.0,-10.316542134431538,-10.052672365777683,-8.433620750979417,-12.237445348922208,10.052104257427569,0.00024896793135782106
ENGINEERING_SAMPLE,microprice_edge_bps,Q5,5000,100,1439,98.74913134120918,-10.29415817957571,-10.052810489255798,0.0,-11.320792079207921,-9.366207220571079,-8.433620750979417,-12.237445348922208,10.030064621251983,2.9409068210377548e-05
ENGINEERING_SAMPLE,microprice_edge_bps,Q5,5000,1000,1439,98.74913134120918,-10.29419049591652,-10.052810489255798,0.0,-11.320792079207921,-9.366207220571079,-8.433620750979417,-12.237445348922208,10.030096915048697,6.170286492459386e-05
ENGINEERING_SAMPLE,microprice_edge_bps,Q5,5000,500,1439,98.74913134120918,-10.294177892822026,-10.052810489255798,0.0,-11.320792079207921,-9.366207220571079,-8.433620750979417,-12.237445348922208,10.030084320746205,4.910856243222461e-05
ENGINEERING_SAMPLE,microprice_edge_bps,Q5,60000,100,1439,92.84225156358582,-10.479636664131366,-10.421611542169055,0.0,-14.226601609530448,-6.361779834306554,-8.433620750979417,-12.237445348922208,10.030355889588275,3.1281675351974784e-05
ENGINEERING_SAMPLE,microprice_edge_bps,Q5,60000,1000,1439,92.84225156358582,-10.479671043834877,-10.421611542169055,0.0,-14.226601609530448,-6.361779834306554,-8.433620750979417,-12.237445348922208,10.030390238959507,6.563104658282867e-05
ENGINEERING_SAMPLE,microprice_edge_bps,Q5,60000,500,1439,92.84225156358582,-10.479657638896787,-10.421611542169055,0.0,-14.226601609530448,-6.361779834306554,-8.433620750979417,-12.237445348922208,10.030376845848231,5.2237935306746726e-05
ENGINEERING_SAMPLE,momentum_10s_bps,Q1,1000,100,1439,100.0,-10.019829534778816,-10.052738668170724,0.0,-10.05282682939155,-9.8419464571573,-7.005170040411351,-12.267164299751082,10.050585786738178,2.94511775099504e-05
ENGINEERING_SAMPLE,momentum_10s_bps,Q1,1000,1000,1439,100.0,-10.020229379855104,-10.052738668170724,0.0,-10.052828614575523,-9.8419464571573,-7.005456281473226,-12.267450376681591,10.050985425731367,0.0004290901706982304
ENGINEERING_SAMPLE,momentum_10s_bps,Q1,1000,500,1439,100.0,-10.020039319936584,-10.052738668170724,0.0,-10.052828614575523,-9.8419464571573,-7.005379412224087,-12.267373555341926,10.050795464422627,0.00023912886196003052
ENGINEERING_SAMPLE,momentum_10s_bps,Q1,15000,100,1439,100.0,-9.899348867104996,-10.052680630587938,0.0,-12.423043633012535,-7.628784806526537,-7.005170040411351,-12.267164299751082,10.057276826071325,2.94511775099504e-05
ENGINEERING_SAMPLE,momentum_10s_bps,Q1,15000,1000,1439,100.0,-9.899874735989307,-10.052680630587938,0.0,-12.423043633012535,-7.628784806526537,-7.005456281473226,-12.267450376681591,10.057802436556312,0.0005550616624975269
ENGINEERING_SAMPLE,momentum_10s_bps,Q1,15000,500,1439,100.0,-9.899563218751991,-10.052680630587938,0.0,-12.423043633012535,-7.628784806526537,-7.005379412224087,-12.267373555341926,10.05749104156813,0.0002436666743154134
ENGINEERING_SAMPLE,momentum_10s_bps,Q1,250,100,1439,100.0,-10.044558561855307,-10.052740892246218,0.0,-10.052814113324676,-10.052680630587938,-7.005170040411351,-12.267164299751082,10.053382211251934,5.710408073156979e-05
ENGINEERING_SAMPLE,momentum_10s_bps,Q1,250,1000,1439,100.0,-10.045118284594839,-10.052740892246218,0.0,-10.052814113324676,-10.052680630587938,-7.005456281473226,-12.267450376681591,10.053941647509454,0.0006165403382504894
ENGINEERING_SAMPLE,momentum_10s_bps,Q1,250,500,1439,100.0,-10.044794737466331,-10.052740892246218,0.0,-10.052814113324676,-10.052680630587938,-7.005379412224087,-12.267373555341926,10.053618266301136,0.0002931591299341796
ENGINEERING_SAMPLE,momentum_10s_bps,Q1,3000,100,1439,100.0,-9.985623899878465,-10.052729495841723,0.0,-10.633980198019803,-9.209782219507572,-7.005170040411351,-12.267164299751082,10.057880505949848,6.868847156942694e-05
ENGINEERING_SAMPLE,momentum_10s_bps,Q1,3000,1000,1439,100.0,-9.985993837327571,-10.052729495841723,0.0,-10.633980198019803,-9.209782219507572,-7.005456281473226,-12.267450376681591,10.058250278628806,0.00043846115052736576
ENGINEERING_SAMPLE,momentum_10s_bps,Q1,3000,500,1439,100.0,-9.985875138376175,-10.052729495841723,0.0,-10.633980198019803,-9.209782219507572,-7.005379412224087,-12.267373555341926,10.058131633871751,0.00031981639347123986
ENGINEERING_SAMPLE,momentum_10s_bps,Q1,30000,100,1439,100.0,-9.822641569186606,-9.841783995487827,0.0,-13.055830559885411,-6.309499343946125,-7.005170040411351,-12.267164299751082,10.054357833578974,7.848809955685542e-05
ENGINEERING_SAMPLE,momentum_10s_bps,Q1,30000,1000,1439,100.0,-9.823193399016805,-9.841783995487827,0.0,-13.055830559885411,-6.309499343946125,-7.005456281473226,-12.267450376681591,10.054909479420227,0.0006301339408078931
ENGINEERING_SAMPLE,momentum_10s_bps,Q1,30000,500,1439,100.0,-9.823027526090836,-9.841783995487827,0.0,-13.055830559885411,-6.309499343946125,-7.005379412224087,-12.267373555341926,10.054743651888941,0.0004643064095241871
ENGINEERING_SAMPLE,momentum_10s_bps,Q1,500,100,1439,100.0,-10.03370225074068,-10.052740892246218,0.0,-10.05281968978661,-10.052668982943777,-7.005170040411351,-12.267164299751082,10.049359706901724,8.615224097679849e-05
ENGINEERING_SAMPLE,momentum_10s_bps,Q1,500,1000,1439,100.0,-10.034263225554037,-10.052740892246218,0.0,-10.052820135969512,-10.052668982943777,-7.005456281473226,-12.267450376681591,10.049920388533785,0.000646833873038291
ENGINEERING_SAMPLE,momentum_10s_bps,Q1,500,500,1439,100.0,-10.033994814429686,-10.052740892246218,0.0,-10.052820135969512,-10.052668982943777,-7.005379412224087,-12.267373555341926,10.0496521161425,0.0003785614817545721
ENGINEERING_SAMPLE,momentum_10s_bps,Q1,5000,100,1439,100.0,-9.988355241669284,-10.05272199358167,0.0,-11.159388991308928,-9.030785839626914,-7.005170040411351,-12.267164299751082,10.052571648672945,0.00013566319643954194
ENGINEERING_SAMPLE,momentum_10s_bps,Q1,5000,1000,1439,100.0,-9.989035182076881,-10.05272199358167,0.0,-11.159388991308928,-9.039044094548425,-7.005456281473226,-12.267450376681591,10.053251197890614,0.0008152124141079926
ENGINEERING_SAMPLE,momentum_10s_bps,Q1,5000,500,1439,100.0,-9.988834273598078,-10.05272199358167,0.0,-11.159388991308928,-9.039044094548425,-7.005379412224087,-12.267373555341926,10.053050402985294,0.0006144175087884789
ENGINEERING_SAMPLE,momentum_10s_bps,Q1,60000,100,1439,100.0,-9.557805854799387,-9.683678039783954,1.5288394718554552,-14.906454827806224,-3.981542065937777,-7.005170040411351,-12.267164299751082,10.058174930792616,2.94511775099504e-05
ENGINEERING_SAMPLE,momentum_10s_bps,Q1,60000,1000,1439,100.0,-9.558189754686426,-9.683678039783954,1.5288394718554552,-14.906454827806224,-3.981542065937777,-7.005456281473226,-12.267450376681591,10.058558680931528,0.00041320131642141384
ENGINEERING_SAMPLE,momentum_10s_bps,Q1,60000,500,1439,100.0,-9.558055763972822,-9.683678039783954,1.5288394718554552,-14.906454827806224,-3.981542065937777,-7.005379412224087,-12.267373555341926,10.058424755495691,0.00027927588058524535
ENGINEERING_SAMPLE,momentum_10s_bps,Q2,1000,100,2982,100.0,-10.043015510356323,-10.052730051649625,0.0,-10.05283252011913,-10.052668982943777,-7.778567141207667,-11.84306802016281,10.053630495300519,1.6211879566973876e-05
ENGINEERING_SAMPLE,momentum_10s_bps,Q2,1000,1000,2982,100.0,-10.043042901078607,-10.052730051649625,0.0,-10.05283252011913,-10.052668982943777,-7.778594529659922,-11.84309539639857,10.05365787381176,4.359039080899928e-05
ENGINEERING_SAMPLE,momentum_10s_bps,Q2,1000,500,2982,100.0,-10.043033506720747,-10.052730051649625,0.0,-10.05283252011913,-10.052668982943777,-7.7785851371519685,-11.843086006751923,10.053648483628264,3.4200207312386345e-05
ENGINEERING_SAMPLE,momentum_10s_bps,Q2,15000,100,2982,99.73172367538565,-10.011224185113809,-10.052723938407057,0.0,-11.741220460190807,-8.27694051644727,-7.778567141207667,-11.84306802016281,10.053065290570412,3.546062824944404e-05
ENGINEERING_SAMPLE,momentum_10s_bps,Q2,15000,1000,2982,99.73172367538565,-10.011315188385517,-10.052723938407057,0.0,-11.741220460190807,-8.27694051644727,-7.778594529659922,-11.84309539639857,10.053156241136517,0.00012641119435431603
ENGINEERING_SAMPLE,momentum_10s_bps,Q2,15000,500,2982,99.73172367538565,-10.01126941262129,-10.052723938407057,0.0,-11.741220460190807,-8.27694051644727,-7.7785851371519685,-11.843086006751923,10.05311049389183,8.066394966779442e-05
ENGINEERING_SAMPLE,momentum_10s_bps,Q2,250,100,2982,100.0,-10.049979034888572,-10.052730051649625,0.0,-10.052803799973612,-10.052672864919504,-7.778567141207667,-11.84306802016281,10.052144118940715,1.6211879566973876e-05
ENGINEERING_SAMPLE,momentum_10s_bps,Q2,250,1000,2982,100.0,-10.050006425610857,-10.052730051649625,0.0,-10.052803799973612,-10.052672864919504,-7.778594529659922,-11.84309539639857,10.052171497451958,4.359039080899928e-05
ENGINEERING_SAMPLE,momentum_10s_bps,Q2,250,500,2982,100.0,-10.049997031252996,-10.052730051649625,0.0,-10.052803799973612,-10.052672864919504,-7.7785851371519685,-11.843086006751923,10.05216210726846,3.4200207312386345e-05
ENGINEERING_SAMPLE,momentum_10s_bps,Q2,3000,100,2982,100.0,-10.031755303183127,-10.05272671697795,0.0,-10.580841799709724,-9.420152792413067,-7.778567141207667,-11.84306802016281,10.052237778426331,4.010482073469339e-05
ENGINEERING_SAMPLE,momentum_10s_bps,Q2,3000,1000,2982,100.0,-10.031975093708782,-10.05272671697795,0.0,-10.580841799709724,-9.420152792413067,-7.778594529659922,-11.84309539639857,10.05245742095775,0.0002597473521555293
ENGINEERING_SAMPLE,momentum_10s_bps,Q2,3000,500,2982,100.0,-10.031916481276534,-10.05272671697795,0.0,-10.580841799709724,-9.420152792413067,-7.7785851371519685,-11.843086006751923,10.052398848788842,0.00020117518324646845
ENGINEERING_SAMPLE,momentum_10s_bps,Q2,30000,100,2982,98.12206572769954,-9.946435494236399,-9.683837974203538,0.0,-12.587713973534054,-7.520720635221917,-7.778567141207667,-11.84306802016281,10.05372004689174,1.65221547739973e-05
ENGINEERING_SAMPLE,momentum_10s_bps,Q2,30000,1000,2982,98.12206572769954,-9.946463406280827,-9.683837974203538,0.0,-12.587713973534054,-7.520720635221917,-7.778594529659922,-11.84309539639857,10.053747949393628,4.44246566618031e-05
ENGINEERING_SAMPLE,momentum_10s_bps,Q2,30000,500,2982,98.12206572769954,-9.946453832823911,-9.683837974203538,0.0,-12.587713973534054,-7.520720635221917,-7.7785851371519685,-11.843086006751923,10.053738379493701,3.485475673463297e-05
ENGINEERING_SAMPLE,momentum_10s_bps,Q2,500,100,2982,100.0,-10.047751594248517,-10.052730051649625,0.0,-10.052810489255798,-10.052670923860113,-7.778567141207667,-11.84306802016281,10.051294806085155,1.6211879566973876e-05
ENGINEERING_SAMPLE,momentum_10s_bps,Q2,500,1000,2982,100.0,-10.047778984970801,-10.052730051649625,0.0,-10.052810489255798,-10.052670923860113,-7.778594529659922,-11.84309539639857,10.051322184596398,4.359039080899928e-05
ENGINEERING_SAMPLE,momentum_10s_bps,Q2,500,500,2982,100.0,-10.04776959061294,-10.052730051649625,0.0,-10.052810489255798,-10.052670923860113,-7.7785851371519685,-11.843086006751923,10.051312794412901,3.4200207312386345e-05
ENGINEERING_SAMPLE,momentum_10s_bps,Q2,5000,100,2982,100.0,-10.016045101504593,-10.052724494097808,0.0,-11.002082235108066,-9.050914092679353,-7.778567141207667,-11.84306802016281,10.050748682876113,1.6211879566973876e-05
ENGINEERING_SAMPLE,momentum_10s_bps,Q2,5000,1000,2982,100.0,-10.01607249222688,-10.052724494097808,0.0,-11.002082235108066,-9.050914092679353,-7.778594529659922,-11.84309539639857,10.050776061387356,4.359039080899928e-05
ENGINEERING_SAMPLE,momentum_10s_bps,Q2,5000,500,2982,100.0,-10.016063097869019,-10.052724494097808,0.0,-11.002082235108066,-9.050914092679353,-7.7785851371519685,-11.843086006751923,10.05076667120386,3.4200207312386345e-05
ENGINEERING_SAMPLE,momentum_10s_bps,Q2,60000,100,2982,95.50637156270959,-9.689676864318209,-10.0,0.5617977528089888,-13.846435399013066,-4.413117344922956,-7.778567141207667,-11.84306802016281,10.049727248371918,3.164892666395871e-05
ENGINEERING_SAMPLE,momentum_10s_bps,Q2,60000,1000,2982,95.50637156270959,-9.689721664668454,-10.0,0.5617977528089888,-13.846435399013066,-4.413117344922956,-7.778594529659922,-11.84309539639857,10.049772028386133,7.642894088030019e-05
ENGINEERING_SAMPLE,momentum_10s_bps,Q2,60000,500,2982,95.50637156270959,-9.689705541541441,-10.0,0.5617977528089888,-13.846435399013066,-4.413117344922956,-7.7785851371519685,-11.843086006751923,10.04975591366568,6.031422042673796e-05
ENGINEERING_SAMPLE,momentum_10s_bps,Q4,1000,100,1368,100.0,-10.05411213539014,-10.052726716979414,0.0,-10.052831125215839,-10.052668428422527,-7.807238544609889,-11.68938313633103,10.049752999952252,1.4408489023017034e-05
ENGINEERING_SAMPLE,momentum_10s_bps,Q4,1000,1000,1368,100.0,-10.054210144503893,-10.052726716979414,0.0,-10.052831125215839,-10.052668428422527,-7.80729368677701,-11.689438257281802,10.049850953832353,0.00011236236912321337
ENGINEERING_SAMPLE,momentum_10s_bps,Q4,1000,500,1368,100.0,-10.054159758509373,-10.052726716979414,0.0,-10.052831125215839,-10.052668428422527,-7.807286154976643,-11.68943072837935,10.049800598899697,6.200743646696417e-05
ENGINEERING_SAMPLE,momentum_10s_bps,Q4,15000,100,1368,99.85380116959064,-9.899116947305028,-10.052690895876891,0.0,-12.002654825303013,-8.209188588756167,-7.807238544609889,-11.68938313633103,10.047766811873192,4.3554350172119345e-05
ENGINEERING_SAMPLE,momentum_10s_bps,Q4,15000,1000,1368,99.85380116959064,-9.899267679407176,-10.052690895876891,0.0,-12.002654825303013,-8.209188588756167,-7.80729368677701,-11.689438257281802,10.047917474909802,0.0001942173867810178
ENGINEERING_SAMPLE,momentum_10s_bps,Q4,15000,500,1368,99.85380116959064,-9.899230324305138,-10.052690895876891,0.0,-12.002654825303013,-8.209188588756167,-7.807286154976643,-11.68943072837935,10.047880134943835,0.00015687742081577522
ENGINEERING_SAMPLE,momentum_10s_bps,Q4,250,100,1368,100.0,-10.051439340702354,-10.052726439107682,0.0,-10.052803799973612,-10.052670923860113,-7.807238544609889,-11.68938313633103,10.05025471877076,1.4408489023017034e-05
ENGINEERING_SAMPLE,momentum_10s_bps,Q4,250,1000,1368,100.0,-10.051554321055093,-10.052726439107682,0.0,-10.052803799973612,-10.052670923860113,-7.80729368677701,-11.689438257281802,10.0503696391281,0.0001293288463637628
ENGINEERING_SAMPLE,momentum_10s_bps,Q4,250,500,1368,100.0,-10.05152960018351,-10.052726439107682,0.0,-10.052803799973612,-10.052670923860113,-7.807286154976643,-11.68943072837935,10.050344931314289,0.0001046210325529492
ENGINEERING_SAMPLE,momentum_10s_bps,Q4,3000,100,1368,100.0,-10.060918099265937,-10.052726994851147,0.0,-10.68626468136298,-9.367770020463121,-7.807238544609889,-11.68938313633103,10.052737758915143,6.966093459583531e-05
ENGINEERING_SAMPLE,momentum_10s_bps,Q4,3000,1000,1368,100.0,-10.061412357091372,-10.052726994851147,0.0,-10.68626468136298,-9.367770020463121,-7.80729368677701,-11.689438257281802,10.053231792581029,0.000563694600480094
ENGINEERING_SAMPLE,momentum_10s_bps,Q4,3000,500,1368,100.0,-10.061069754704327,-10.052726994851147,0.0,-10.68626468136298,-9.367770020463121,-7.807286154976643,-11.68943072837935,10.052889327037924,0.00022122905737614591
ENGINEERING_SAMPLE,momentum_10s_bps,Q4,30000,100,1368,99.85380116959064,-9.776957330636797,-10.052745062893413,0.0,-12.68732060566162,-6.785956911215617,-7.807238544609889,-11.68938313633103,10.04610832610448,4.403294880170862e-05
ENGINEERING_SAMPLE,momentum_10s_bps,Q4,30000,1000,1368,99.85380116959064,-9.777055410731942,-10.052745062893413,0.0,-12.68732060566162,-6.785956911215617,-7.80729368677701,-11.689438257281802,10.046206362659222,0.00014206950354349012
ENGINEERING_SAMPLE,momentum_10s_bps,Q4,30000,500,1368,99.85380116959064,-9.77704310569243,-10.052745062893413,0.0,-12.68732060566162,-6.785956911215617,-7.807286154976643,-11.68943072837935,10.0461940630963,0.0001297699406187876
ENGINEERING_SAMPLE,momentum_10s_bps,Q4,500,100,1368,100.0,-10.050940572431884,-10.052726439107682,0.0,-10.052813834532488,-10.052669537476705,-7.807238544609889,-11.68938313633103,10.048249219464813,5.1297544589389176e-05
ENGINEERING_SAMPLE,momentum_10s_bps,Q4,500,1000,1368,100.0,-10.051201772587437,-10.052726439107682,0.0,-10.052813834532488,-10.052669537476705,-7.80729368677701,-11.689438257281802,10.048510269643756,0.0003123477235333206
ENGINEERING_SAMPLE,momentum_10s_bps,Q4,500,500,1368,100.0,-10.051087657324656,-10.052726439107682,0.0,-10.052813834532488,-10.052669537476705,-7.807286154976643,-11.68943072837935,10.048396221692203,0.00019829977197915528
ENGINEERING_SAMPLE,momentum_10s_bps,Q4,5000,100,1368,100.0,-10.03394813238228,-10.052726994851147,0.0,-10.896018922891326,-8.788626146281889,-7.807238544609889,-11.68938313633103,10.047660016021755,4.495694364797792e-05
ENGINEERING_SAMPLE,momentum_10s_bps,Q4,5000,1000,1368,100.0,-10.03415621728693,-10.052726994851147,0.0,-10.896018922891326,-8.788626146281889,-7.80729368677701,-11.689438257281802,10.047868012135284,0.0002529530571764822
ENGINEERING_SAMPLE,momentum_10s_bps,Q4,5000,500,1368,100.0,-10.034016607482169,-10.052726994851147,0.0,-10.896018922891326,-8.788626146281889,-7.807286154976643,-11.68943072837935,10.047728452547718,0.00011339346960969173
ENGINEERING_SAMPLE,momentum_10s_bps,Q4,60000,100,1368,96.78362573099415,-9.42137478388916,-9.947331571577473,0.0,-13.800810434342155,-4.6707257902897465,-7.807238544609889,-11.68938313633103,10.047968738417904,4.4934376732236756e-05
ENGINEERING_SAMPLE,momentum_10s_bps,Q4,60000,1000,1368,96.78362573099415,-9.421728654560443,-9.947331571577473,0.0,-13.800810434342155,-4.6707257902897465,-7.80729368677701,-11.689438257281802,10.048322573303103,0.00039876926193137236
ENGINEERING_SAMPLE,momentum_10s_bps,Q4,60000,500,1368,96.78362573099415,-9.421452966080187,-9.947331571577473,0.0,-13.800810434342155,-4.6707257902897465,-7.807286154976643,-11.68943072837935,10.048046913272469,0.00012310923129642612
ENGINEERING_SAMPLE,momentum_10s_bps,Q5,1000,100,1403,99.71489665003564,-10.086832896131636,-10.052750624782512,0.0,-10.26391007974712,-10.052673419534178,-8.313363327268995,-12.104958438036475,10.051513970495263,-4.217421942660936e-25
ENGINEERING_SAMPLE,momentum_10s_bps,Q5,1000,1000,1403,99.71489665003564,-10.086849545792335,-10.052750624782512,0.0,-10.26391007974712,-10.052673419534178,-8.313379935060436,-12.104988635990786,10.051530612190962,1.6641695701181412e-05
ENGINEERING_SAMPLE,momentum_10s_bps,Q5,1000,500,1403,99.71489665003564,-10.086832896131636,-10.052750624782512,0.0,-10.26391007974712,-10.052673419534178,-8.313363327268995,-12.104958438036475,10.051513970495263,0.0
ENGINEERING_SAMPLE,momentum_10s_bps,Q5,15000,100,1403,96.36493228795439,-10.127541657279705,-10.237341233948232,0.0,-11.793644181742446,-8.205352762111772,-8.313363327268995,-12.104958438036475,10.053774797864815,-3.4996904484893975e-26
ENGINEERING_SAMPLE,momentum_10s_bps,Q5,15000,1000,1403,96.36493228795439,-10.127558886372965,-10.237341233948232,0.0,-11.793644181742446,-8.205352762111772,-8.313379935060436,-12.104988635990786,10.053792018081001,1.7220216187834908e-05
ENGINEERING_SAMPLE,momentum_10s_bps,Q5,15000,500,1403,96.36493228795439,-10.127541657279705,-10.237341233948232,0.0,-11.793644181742446,-8.205352762111772,-8.313363327268995,-12.104958438036475,10.053774797864815,0.0
ENGINEERING_SAMPLE,momentum_10s_bps,Q5,250,100,1403,99.85744832501781,-10.06538472886257,-10.052748956092623,0.0,-10.052818853242249,-10.05267536077752,-8.313363327268995,-12.104958438036475,10.056508035508335,6.274170556269043e-05
ENGINEERING_SAMPLE,momentum_10s_bps,Q5,250,1000,1403,99.85744832501781,-10.065774355295002,-10.052748956092623,0.0,-10.052818853242249,-10.05267536077752,-8.313379935060436,-12.104988635990786,10.056897458059078,0.0004521642563053845
ENGINEERING_SAMPLE,momentum_10s_bps,Q5,250,500,1403,99.85744832501781,-10.065601469185587,-10.052748956092623,0.0,-10.052818853242249,-10.05267536077752,-8.313363327268995,-12.104958438036475,10.056724661876535,0.0002793680737626582
ENGINEERING_SAMPLE,momentum_10s_bps,Q5,3000,100,1403,99.07341411261582,-10.108532312356358,-10.052760082686467,0.0,-10.84280133517253,-9.577714238473787,-8.313363327268995,-12.104958438036475,10.05264743335987,-8.295770267991062e-26
ENGINEERING_SAMPLE,momentum_10s_bps,Q5,3000,1000,1403,99.07341411261582,-10.108607946335006,-10.052760082686467,0.0,-10.84280133517253,-9.577714238473787,-8.313379935060436,-12.104988635990786,10.052723027884625,7.55945247550223e-05
ENGINEERING_SAMPLE,momentum_10s_bps,Q5,3000,500,1403,99.07341411261582,-10.108574273898165,-10.052760082686467,0.0,-10.84280133517253,-9.577714238473787,-8.313363327268995,-12.104958438036475,10.052689372496161,4.193913629181837e-05
ENGINEERING_SAMPLE,momentum_10s_bps,Q5,30000,100,1403,95.5096222380613,-10.09122115232821,-10.34278270913708,0.0,-12.901804547755653,-6.836713723382393,-8.313363327268995,-12.104958438036475,10.051240715602468,-1.4908777272626597e-25
ENGINEERING_SAMPLE,momentum_10s_bps,Q5,30000,1000,1403,95.5096222380613,-10.091495618750082,-10.34278270913708,0.0,-12.901804547755653,-6.836713723382393,-8.313379935060436,-12.104988635990786,10.051515148666985,0.000274433064516672
ENGINEERING_SAMPLE,momentum_10s_bps,Q5,30000,500,1403,95.5096222380613,-10.091226382003681,-10.34278270913708,0.0,-12.901804547755653,-6.836713723382393,-8.313363327268995,-12.104958438036475,10.051245944800192,5.229197724061881e-06
ENGINEERING_SAMPLE,momentum_10s_bps,Q5,500,100,1403,99.78617248752673,-10.075395037900144,-10.052750624782512,0.0,-10.052831962148975,-10.052675083448284,-8.313363327268995,-12.104958438036475,10.056751181389169,8.072876624700499e-05
ENGINEERING_SAMPLE,momentum_10s_bps,Q5,500,1000,1403,99.78617248752673,-10.075912648007433,-10.052750624782512,0.0,-10.052831962148975,-10.052675083448284,-8.313379935060436,-12.104988635990786,10.05726852116295,0.0005980685400274169
ENGINEERING_SAMPLE,momentum_10s_bps,Q5,500,500,1403,99.78617248752673,-10.075761585563367,-10.052750624782512,0.0,-10.052831962148975,-10.052675083448284,-8.313363327268995,-12.104958438036475,10.057117536564757,0.0004470839418347543
ENGINEERING_SAMPLE,momentum_10s_bps,Q5,5000,100,1403,98.57448325017819,-10.117756194948555,-10.052764256369418,0.0,-10.949566317787562,-9.261487359291381,-8.313363327268995,-12.104958438036475,10.050388296489304,2.443634189778573e-05
ENGINEERING_SAMPLE,momentum_10s_bps,Q5,5000,1000,1403,98.57448325017819,-10.117924953296255,-10.052764256369418,0.0,-10.949566317787562,-9.261487359291381,-8.313379935060436,-12.104988635990786,10.050556951921118,0.00019309177371136166
ENGINEERING_SAMPLE,momentum_10s_bps,Q5,5000,500,1403,98.57448325017819,-10.117833745619043,-10.052764256369418,0.0,-10.949566317787562,-9.261487359291381,-8.313363327268995,-12.104958438036475,10.050465798787405,0.00010193863999846651
ENGINEERING_SAMPLE,momentum_10s_bps,Q5,60000,100,1403,95.5096222380613,-10.262977559333201,-10.0527556314857,0.0,-14.167433389989016,-5.88677546242647,-8.313363327268995,-12.104958438036475,10.053074392084692,-7.871701872160503e-26
ENGINEERING_SAMPLE,momentum_10s_bps,Q5,60000,1000,1403,95.5096222380613,-10.262994949034017,-10.0527556314857,0.0,-14.167433389989016,-5.88677546242647,-8.313379935060436,-12.104988635990786,10.053091766511773,1.737442707906925e-05
ENGINEERING_SAMPLE,momentum_10s_bps,Q5,60000,500,1403,95.5096222380613,-10.262977559333201,-10.0527556314857,0.0,-14.167433389989016,-5.88677546242647,-8.313363327268995,-12.104958438036475,10.053074392084692,0.0
ENGINEERING_SAMPLE,momentum_1s_bps,Q1,1000,100,6504,99.93849938499385,-10.040788940082875,-10.052730885383452,0.0,-10.052826383095557,-10.052668982943777,-7.690891915808136,-11.923221838328333,10.052381980330452,1.6989981890618772e-05
ENGINEERING_SAMPLE,momentum_1s_bps,Q1,1000,1000,6504,99.93849938499385,-10.04091065280076,-10.052730885383452,0.0,-10.052826383095557,-10.052668982943777,-7.6909794150757484,-11.923312222924654,10.0525036301981,0.00013863984953657618
ENGINEERING_SAMPLE,momentum_1s_bps,Q1,1000,500,6504,99.93849938499385,-10.040853662302546,-10.052730885383452,0.0,-10.052826383095557,-10.052668982943777,-7.690956513828457,-11.923286402487346,10.05244666998297,8.167963440812723e-05
ENGINEERING_SAMPLE,momentum_1s_bps,Q1,15000,100,6504,99.20049200492005,-9.958242420276017,-10.052723938407057,0.0,-11.95089880949244,-8.102538167335714,-7.690891915808136,-11.923221838328333,10.054596217788003,3.213505815030692e-05
ENGINEERING_SAMPLE,momentum_1s_bps,Q1,15000,1000,6504,99.20049200492005,-9.958433565518751,-10.052723938407057,0.0,-11.95089880949244,-8.102538167335714,-7.6909794150757484,-11.923312222924654,10.054787266482904,0.00022318375305123179
ENGINEERING_SAMPLE,momentum_1s_bps,Q1,15000,500,6504,99.20049200492005,-9.958335078615978,-10.052723938407057,0.0,-11.95089880949244,-8.102538167335714,-7.690956513828457,-11.923286402487346,10.054688823195985,0.00012474046613240072
ENGINEERING_SAMPLE,momentum_1s_bps,Q1,250,100,6504,99.96924969249693,-10.049292453579412,-10.052733108802554,0.0,-10.052806029546042,-10.052672864919504,-7.690891915808136,-11.923221838328333,10.052716385428518,3.0403542529108955e-05
ENGINEERING_SAMPLE,momentum_1s_bps,Q1,250,1000,6504,99.96924969249693,-10.04946240334005,-10.052733108802554,0.0,-10.052806029546042,-10.052672864919504,-7.6909794150757484,-11.923312222924654,10.052886248431383,0.00020026654539495806
ENGINEERING_SAMPLE,momentum_1s_bps,Q1,250,500,6504,99.96924969249693,-10.049409575524397,-10.052733108802554,0.0,-10.052806029546042,-10.052672864919504,-7.690956513828457,-11.923286402487346,10.052833447750203,0.00014746586421512036
ENGINEERING_SAMPLE,momentum_1s_bps,Q1,3000,100,6504,99.83087330873309,-10.020442494722515,-10.052728940045535,0.0,-10.581079806889319,-9.314957021868285,-7.690891915808136,-11.923221838328333,10.054096346628116,4.311356613733172e-05
ENGINEERING_SAMPLE,momentum_1s_bps,Q1,3000,1000,6504,99.83087330873309,-10.02066925956685,-10.052728940045535,0.0,-10.581079806889319,-9.314957021868285,-7.6909794150757484,-11.923312222924654,10.054322995641732,0.0002697625797517606
ENGINEERING_SAMPLE,momentum_1s_bps,Q1,3000,500,6504,99.83087330873309,-10.020564221374004,-10.052728940045535,0.0,-10.581079806889319,-9.314957021868285,-7.690956513828457,-11.923286402487346,10.054218004341614,0.00016477127963490513
ENGINEERING_SAMPLE,momentum_1s_bps,Q1,30000,100,6504,98.4009840098401,-9.893008506304868,-9.947331571577473,0.0,-12.689275154556043,-6.991691723373951,-7.690891915808136,-11.923221838328333,10.053118452334777,3.459956378033828e-05
ENGINEERING_SAMPLE,momentum_1s_bps,Q1,30000,1000,6504,98.4009840098401,-9.893220103370812,-9.947331571577473,0.0,-12.689275154556043,-6.991691723373951,-7.6909794150757484,-11.923312222924654,10.053329989458843,0.00024613668784715455
ENGINEERING_SAMPLE,momentum_1s_bps,Q1,30000,500,6504,98.4009840098401,-9.893123073052271,-9.947331571577473,0.0,-12.689275154556043,-6.991691723373951,-7.690956513828457,-11.923286402487346,10.053232976959332,0.0001491241883353669
ENGINEERING_SAMPLE,momentum_1s_bps,Q1,500,100,6504,99.95387453874538,-10.045944061941873,-10.052731997069566,0.0,-10.052813834532488,-10.052670923860113,-7.690891915808136,-11.923221838328333,10.051561088948844,3.947239306809587e-05
ENGINEERING_SAMPLE,momentum_1s_bps,Q1,500,1000,6504,99.95387453874538,-10.046160719588775,-10.052731997069566,0.0,-10.052813834532488,-10.052670923860113,-7.6909794150757484,-11.923312222924654,10.051777631851921,0.00025601529614416416
ENGINEERING_SAMPLE,momentum_1s_bps,Q1,500,500,6504,99.95387453874538,-10.046085828544301,-10.052731997069566,0.0,-10.052813834532488,-10.052670923860113,-7.690956513828457,-11.923286402487346,10.051702780802467,0.00018116424669082932
ENGINEERING_SAMPLE,momentum_1s_bps,Q1,5000,100,6504,99.76937269372694,-10.00132765024663,-10.05272671697795,0.0,-10.843609688231203,-9.049847523979361,-7.690891915808136,-11.923221838328333,10.051368969973728,4.578046515231035e-05
ENGINEERING_SAMPLE,momentum_1s_bps,Q1,5000,1000,6504,99.76937269372694,-10.001560190491157,-10.05272671697795,0.0,-10.843609688231203,-9.049847523979361,-7.6909794150757484,-11.923312222924654,10.051601383592597,0.00027819408402069307
ENGINEERING_SAMPLE,momentum_1s_bps,Q1,5000,500,6504,99.76937269372694,-10.001468797741646,-10.05272671697795,0.0,-10.843609688231203,-9.049847523979361,-7.690956513828457,-11.923286402487346,10.051510036781142,0.00018684727256586584
ENGINEERING_SAMPLE,momentum_1s_bps,Q1,60000,100,6504,96.61746617466174,-9.68027582202891,-9.947331571577473,0.60471037555697,-14.012051244169603,-4.515062860757492,-7.690891915808136,-11.923221838328333,10.053074565435587,2.390470784516489e-05
ENGINEERING_SAMPLE,momentum_1s_bps,Q1,60000,1000,6504,96.61746617466174,-9.680451286195021,-9.947331571577473,0.60471037555697,-14.012051244169603,-4.515062860757492,-7.6909794150757484,-11.923312222924654,10.05324998500249,0.00019932427474856577
ENGINEERING_SAMPLE,momentum_1s_bps,Q1,60000,500,6504,96.61746617466174,-9.680358059929398,-9.947331571577473,0.60471037555697,-14.012051244169603,-4.515062860757492,-7.690956513828457,-11.923286402487346,10.053156780974815,0.00010612024707259266
ENGINEERING_SAMPLE,momentum_1s_bps,Q5,1000,100,688,100.0,-10.126720152314608,-10.052753128021179,0.0,-10.52757802966012,-10.05267194983113,-8.136474547369692,-12.200573414892665,10.0470441287965,-2.527984118051008e-25
ENGINEERING_SAMPLE,momentum_1s_bps,Q5,1000,1000,688,100.0,-10.126754008238036,-10.052753128021179,0.0,-10.52757802966012,-10.05267194983113,-8.136508390572603,-12.20060724134725,10.047077968523661,3.383972715981511e-05
ENGINEERING_SAMPLE,momentum_1s_bps,Q5,1000,500,688,100.0,-10.126720152314608,-10.052753128021179,0.0,-10.52757802966012,-10.05267194983113,-8.136474547369692,-12.200573414892665,10.0470441287965,0.0
ENGINEERING_SAMPLE,momentum_1s_bps,Q5,15000,100,688,98.69186046511628,-10.283643183111232,-10.263354619300564,0.0,-12.056547885713082,-8.419148201914473,-8.136474547369692,-12.200573414892665,10.038196938787713,-2.4833241231022107e-25
ENGINEERING_SAMPLE,momentum_1s_bps,Q5,15000,1000,688,98.69186046511628,-10.28367748905245,-10.263354619300564,0.0,-12.056547885713082,-8.419148201914473,-8.136508390572603,-12.20060724134725,10.03823122705323,3.4288265516867154e-05
ENGINEERING_SAMPLE,momentum_1s_bps,Q5,15000,500,688,98.69186046511628,-10.283643183111232,-10.263354619300564,0.0,-12.056547885713082,-8.419148201914473,-8.136474547369692,-12.200573414892665,10.038196938787713,0.0
ENGINEERING_SAMPLE,momentum_1s_bps,Q5,250,100,688,100.0,-10.079405149115486,-10.052741448294404,0.0,-10.052831125215839,-10.052672864919504,-8.136474547369692,-12.200573414892665,10.0544549994798,5.878590987499302e-05
ENGINEERING_SAMPLE,momentum_1s_bps,Q5,250,1000,688,100.0,-10.080110478427635,-10.052741448294404,0.0,-10.052831125215839,-10.052672864919504,-8.136508390572603,-12.20060724134725,10.055159962114816,0.0007637485448929418
ENGINEERING_SAMPLE,momentum_1s_bps,Q5,250,500,688,100.0,-10.079491083911202,-10.052741448294404,0.0,-10.052831125215839,-10.052672864919504,-8.136474547369692,-12.200573414892665,10.054540885373598,0.00014467180367445717
ENGINEERING_SAMPLE,momentum_1s_bps,Q5,3000,100,688,99.70930232558139,-10.255786970488407,-10.052786248667813,0.0,-11.098592718833169,-9.683028312546861,-8.136474547369692,-12.200573414892665,10.048310074692306,4.926393530126664e-05
ENGINEERING_SAMPLE,momentum_1s_bps,Q5,3000,1000,688,99.70930232558139,-10.256510945908266,-10.052786248667813,0.0,-11.107512403940998,-9.683028312546861,-8.136508390572603,-12.20060724134725,10.049033630541663,0.0007728197846570495
ENGINEERING_SAMPLE,momentum_1s_bps,Q5,3000,500,688,99.70930232558139,-10.256249922831643,-10.052786248667813,0.0,-11.107512403940998,-9.683028312546861,-8.136474547369692,-12.200573414892665,10.04877275976271,0.0005119490057038473
ENGINEERING_SAMPLE,momentum_1s_bps,Q5,30000,100,688,97.52906976744185,-10.134660345176957,-10.263931243339066,0.0,-13.109729114644246,-7.20507157766018,-8.136474547369692,-12.200573414892665,10.040378863113014,-2.1203268826282114e-25
ENGINEERING_SAMPLE,momentum_1s_bps,Q5,30000,1000,688,97.52906976744185,-10.134695061959222,-10.263931243339066,0.0,-13.109729114644246,-7.20507157766018,-8.136508390572603,-12.20060724134725,10.040413560180504,3.469706749024262e-05
ENGINEERING_SAMPLE,momentum_1s_bps,Q5,30000,500,688,97.52906976744185,-10.134660345176957,-10.263931243339066,0.0,-13.109729114644246,-7.20507157766018,-8.136474547369692,-12.200573414892665,10.040378863113014,0.0
ENGINEERING_SAMPLE,momentum_1s_bps,Q5,500,100,688,100.0,-10.09803808477881,-10.052748956092623,0.0,-10.316406991208282,-10.052672587616545,-8.136474547369692,-12.200573414892665,10.049778600136303,0.00014375317738768786
ENGINEERING_SAMPLE,momentum_1s_bps,Q5,500,1000,688,100.0,-10.09885553607353,-10.052748956092623,0.0,-10.31650024779075,-10.052672587616545,-8.136508390572603,-12.20060724134725,10.050595621218063,0.0009607742591472264
ENGINEERING_SAMPLE,momentum_1s_bps,Q5,500,500,688,100.0,-10.098426774439595,-10.052748956092623,0.0,-10.31642850970611,-10.052672587616545,-8.136474547369692,-12.200573414892665,10.050167082175994,0.0005322352170776516
ENGINEERING_SAMPLE,momentum_1s_bps,Q5,5000,100,688,99.27325581395348,-10.33934469357428,-10.052826104173816,0.0,-11.424082311431865,-9.207941500357016,-8.136474547369692,-12.200573414892665,10.041780153118431,6.11863629969934e-05
ENGINEERING_SAMPLE,momentum_1s_bps,Q5,5000,1000,688,99.27325581395348,-10.33944602985257,-10.052826104173816,0.0,-11.424082311431865,-9.207941500357016,-8.136508390572603,-12.20060724134725,10.04188142869298,0.00016246193754582822
ENGINEERING_SAMPLE,momentum_1s_bps,Q5,5000,500,688,99.27325581395348,-10.339385707517199,-10.052826104173816,0.0,-11.424082311431865,-9.207941500357016,-8.136474547369692,-12.200573414892665,10.041821138449746,0.00010217169431360347
ENGINEERING_SAMPLE,momentum_1s_bps,Q5,60000,100,688,96.94767441860465,-10.112922357392257,-9.947331571577473,0.0,-14.16578429043198,-5.5473390377624305,-8.136474547369692,-12.200573414892665,10.039650156874599,6.2657148830942e-05
ENGINEERING_SAMPLE,momentum_1s_bps,Q5,60000,1000,688,96.94767441860465,-10.113026155717568,-9.947331571577473,0.0,-14.16578429043198,-5.5473390377624305,-8.136508390572603,-12.20060724134725,10.039753863759532,0.00016636403376403585
ENGINEERING_SAMPLE,momentum_1s_bps,Q5,60000,500,688,96.94767441860465,-10.112964369815948,-9.947331571577473,0.0,-14.16578429043198,-5.5473390377624305,-8.136474547369692,-12.200573414892665,10.03969213223187,0.0001046325061016696
ENGINEERING_SAMPLE,momentum_250ms_bps,Q1,1000,100,6942,99.94237971766061,-10.045077473707773,-10.052733108802554,0.0,-10.052831683168316,-10.052668982943777,-7.715838487283588,-11.935374183770328,10.052813514917418,1.5917394391614592e-05
ENGINEERING_SAMPLE,momentum_250ms_bps,Q1,1000,1000,6942,99.94237971766061,-10.045171308592801,-10.052733108802554,0.0,-10.052831683168316,-10.052668982943777,-7.715923819636403,-11.935462217717978,10.052907301890368,0.00010970436734238433
ENGINEERING_SAMPLE,momentum_250ms_bps,Q1,1000,500,6942,99.94237971766061,-10.045138033718853,-10.052733108802554,0.0,-10.052831683168316,-10.052668982943777,-7.715899008955704,-11.935434673717893,10.05287404445805,7.644693502376591e-05
ENGINEERING_SAMPLE,momentum_250ms_bps,Q1,15000,100,6942,99.16450590607894,-9.973203535820387,-10.052723938407057,0.0,-11.95089880949244,-8.15417384344139,-7.715838487283588,-11.935374183770328,10.054087368007924,3.011844787707441e-05
ENGINEERING_SAMPLE,momentum_250ms_bps,Q1,15000,1000,6942,99.16450590607894,-9.973386069643775,-10.052723938407057,0.0,-11.95089880949244,-8.15417384344139,-7.715923819636403,-11.935462217717978,10.054269809598827,0.00021256003878159505
ENGINEERING_SAMPLE,momentum_250ms_bps,Q1,15000,500,6942,99.16450590607894,-9.973290379459177,-10.052723938407057,0.0,-11.95089880949244,-8.15417384344139,-7.715899008955704,-11.935434673717893,10.054174162036439,0.0001169124763925406
ENGINEERING_SAMPLE,momentum_250ms_bps,Q1,250,100,6942,99.97118985883031,-10.051286493837784,-10.05273394263306,0.0,-10.052807701848929,-10.052672864919504,-7.715838487283588,-11.935374183770328,10.053792491499545,3.4312469671219254e-05
ENGINEERING_SAMPLE,momentum_250ms_bps,Q1,250,1000,6942,99.97118985883031,-10.051457507616353,-10.05273394263306,0.0,-10.052807701848929,-10.052672864919504,-7.715923819636403,-11.935462217717978,10.053963417531126,0.0002052385012498146
ENGINEERING_SAMPLE,momentum_250ms_bps,Q1,250,500,6942,99.97118985883031,-10.051403720498223,-10.05273394263306,0.0,-10.052807701848929,-10.052672864919504,-7.715899008955704,-11.935434673717893,10.053909657980467,0.0001514789505919365
ENGINEERING_SAMPLE,momentum_250ms_bps,Q1,3000,100,6942,99.812734082397,-10.033159363489982,-10.052730051649625,0.0,-10.68477608482768,-9.366625166177805,-7.715838487283588,-11.935374183770328,10.054394898700524,4.5278026345268255e-05
ENGINEERING_SAMPLE,momentum_250ms_bps,Q1,3000,1000,6942,99.812734082397,-10.033431725002073,-10.052730051649625,0.0,-10.68477608482768,-9.366625166177805,-7.715923819636403,-11.935462217717978,10.054667116437706,0.00031749576352711636
ENGINEERING_SAMPLE,momentum_250ms_bps,Q1,3000,500,6942,99.812734082397,-10.033310847096919,-10.052730051649625,0.0,-10.68477608482768,-9.366625166177805,-7.715899008955704,-11.935434673717893,10.054546295740876,0.00019667506669600963
ENGINEERING_SAMPLE,momentum_250ms_bps,Q1,30000,100,6942,98.37222702391242,-9.902689618584718,-10.0,0.0,-12.744046059358833,-6.991691723373951,-7.715838487283588,-11.935374183770328,10.053061680761754,3.242600793588593e-05
ENGINEERING_SAMPLE,momentum_250ms_bps,Q1,30000,1000,6942,98.37222702391242,-9.902891334236049,-10.0,0.0,-12.744046059358833,-6.991691723373951,-7.715923819636403,-11.935462217717978,10.053263338299654,0.00023408354583507717
ENGINEERING_SAMPLE,momentum_250ms_bps,Q1,30000,500,6942,98.37222702391242,-9.902796988211804,-10.0,0.0,-12.744046059358833,-6.991691723373951,-7.715899008955704,-11.935434673717893,10.053169010912166,0.0001397561583462217
ENGINEERING_SAMPLE,momentum_250ms_bps,Q1,500,100,6942,99.95678478824546,-10.047862316390532,-10.05273394263306,0.0,-10.052814113324676,-10.052670923860113,-7.715838487283588,-11.935374183770328,10.050873225730127,4.540531883332257e-05
ENGINEERING_SAMPLE,momentum_250ms_bps,Q1,500,1000,6942,99.95678478824546,-10.048111759383813,-10.05273394263306,0.0,-10.052814113324676,-10.052670923860113,-7.715923819636403,-11.935462217717978,10.051122536979578,0.00029471656828593517
ENGINEERING_SAMPLE,momentum_250ms_bps,Q1,500,500,6942,99.95678478824546,-10.048025227563182,-10.05273394263306,0.0,-10.052814113324676,-10.052670923860113,-7.715899008955704,-11.935434673717893,10.051036051097576,0.00020823068628155915
ENGINEERING_SAMPLE,momentum_250ms_bps,Q1,5000,100,6942,99.72630365888793,-10.01999641717658,-10.052728940045535,0.0,-10.897489341044366,-9.05045871559633,-7.715838487283588,-11.935374183770328,10.051358682739188,4.2910506770669056e-05
ENGINEERING_SAMPLE,momentum_250ms_bps,Q1,5000,1000,6942,99.72630365888793,-10.020217743885308,-10.052728940045535,0.0,-10.897489341044366,-9.05045871559633,-7.715923819636403,-11.935462217717978,10.051579889398893,0.00026411716647352737
ENGINEERING_SAMPLE,momentum_250ms_bps,Q1,5000,500,6942,99.72630365888793,-10.020128716193648,-10.052728940045535,0.0,-10.897489341044366,-9.05045871559633,-7.715899008955704,-11.935434673717893,10.051490906126928,0.00017513389450814727
ENGINEERING_SAMPLE,momentum_250ms_bps,Q1,60000,100,6942,96.65802362431576,-9.701841902085492,-9.947331571577473,0.5663189269746647,-14.013597183440574,-4.6707257902897465,-7.715838487283588,-11.935374183770328,10.052704036955404,2.8615425092288304e-05
ENGINEERING_SAMPLE,momentum_250ms_bps,Q1,60000,1000,6942,96.65802362431576,-9.70201654445551,-9.947331571577473,0.5663189269746647,-14.013597183440574,-4.6707257902897465,-7.715923819636403,-11.935462217717978,10.052878628468171,0.00020320693785999986
ENGINEERING_SAMPLE,momentum_250ms_bps,Q1,60000,500,6942,96.65802362431576,-9.701923095118765,-9.947331571577473,0.5663189269746647,-14.013597183440574,-4.6707257902897465,-7.715899008955704,-11.935434673717893,10.052785205362527,0.0001097838322166894
ENGINEERING_SAMPLE,momentum_250ms_bps,Q5,1000,100,250,100.0,-10.15825625098648,-10.052760082686467,0.0,-10.685611108316897,-10.052670923860113,-8.22451870742108,-12.349095658181824,10.025716265051543,-1.4772535412366145e-25
ENGINEERING_SAMPLE,momentum_250ms_bps,Q5,1000,1000,250,100.0,-10.1589098474234,-10.052760082686467,0.0,-10.685611108316897,-10.052670923860113,-8.22451870742108,-12.349095658181824,10.026369512466152,0.0006532474146089423
ENGINEERING_SAMPLE,momentum_250ms_bps,Q5,1000,500,250,100.0,-10.158258367270413,-10.052760082686467,0.0,-10.685611108316897,-10.052670923860113,-8.22451870742108,-12.349095658181824,10.025718380205374,2.1151538317564843e-06
ENGINEERING_SAMPLE,momentum_250ms_bps,Q5,15000,100,250,98.8,-10.435792212007469,-10.26393681344772,0.0,-12.268635702081884,-8.481690283387492,-8.22451870742108,-12.349095658181824,10.023696668981803,-3.4161224016664514e-25
ENGINEERING_SAMPLE,momentum_250ms_bps,Q5,15000,1000,250,98.8,-10.435792212007469,-10.26393681344772,0.0,-12.268635702081884,-8.481690283387492,-8.22451870742108,-12.349095658181824,10.023696668981803,-3.4161224016664514e-25
ENGINEERING_SAMPLE,momentum_250ms_bps,Q5,15000,500,250,98.8,-10.435792212007469,-10.26393681344772,0.0,-12.268635702081884,-8.481690283387492,-8.22451870742108,-12.349095658181824,10.023696668981803,0.0
ENGINEERING_SAMPLE,momentum_250ms_bps,Q5,250,100,250,100.0,-10.07680803412228,-10.05274909514645,0.0,-10.105487290232343,-10.052673364072712,-8.22451870742108,-12.349095658181824,10.027628346765901,-2.10211519988605e-26
ENGINEERING_SAMPLE,momentum_250ms_bps,Q5,250,1000,250,100.0,-10.078421811270863,-10.052749512316721,0.0,-10.116055326298152,-10.052673364072712,-8.22451870742108,-12.349095658181824,10.029241294279384,0.0016129475134825926
ENGINEERING_SAMPLE,momentum_250ms_bps,Q5,250,500,250,100.0,-10.076836422131485,-10.052749512316721,0.0,-10.105487290232343,-10.052673364072712,-8.22451870742108,-12.349095658181824,10.027656720097688,2.8373331786799807e-05
ENGINEERING_SAMPLE,momentum_250ms_bps,Q5,3000,100,250,100.0,-10.313767001464992,-10.052825546345062,0.0,-11.17167463147808,-9.630852624260614,-8.22451870742108,-12.349095658181824,10.029944147197423,2.092895755031537e-26
ENGINEERING_SAMPLE,momentum_250ms_bps,Q5,3000,1000,250,100.0,-10.314094354885006,-10.052825546345062,0.0,-11.17167463147808,-9.630852624260614,-8.22451870742108,-12.349095658181824,10.030271325825918,0.0003271786284941128
ENGINEERING_SAMPLE,momentum_250ms_bps,Q5,3000,500,250,100.0,-10.314000307637432,-10.052825546345062,0.0,-11.17167463147808,-9.630852624260614,-8.22451870742108,-12.349095658181824,10.030177328795206,0.00023318159778251015
ENGINEERING_SAMPLE,momentum_250ms_bps,Q5,30000,100,250,96.8,-10.289851763015928,-10.421952733090176,0.0,-13.166738879318512,-7.215620997772333,-8.22451870742108,-12.349095658181824,10.019397083344543,-2.8335134516932413e-25
ENGINEERING_SAMPLE,momentum_250ms_bps,Q5,30000,1000,250,96.8,-10.289851763015928,-10.421952733090176,0.0,-13.166738879318512,-7.215620997772333,-8.22451870742108,-12.349095658181824,10.019397083344543,-2.8335134516932413e-25
ENGINEERING_SAMPLE,momentum_250ms_bps,Q5,30000,500,250,96.8,-10.289851763015928,-10.421952733090176,0.0,-13.166738879318512,-7.215620997772333,-8.22451870742108,-12.349095658181824,10.019397083344543,0.0
ENGINEERING_SAMPLE,momentum_250ms_bps,Q5,500,100,250,100.0,-10.136063742312142,-10.052754240639484,0.0,-10.421900230911278,-10.052673364072712,-8.22451870742108,-12.349095658181824,10.065748011235458,0.0001617788239759808
ENGINEERING_SAMPLE,momentum_250ms_bps,Q5,500,1000,250,100.0,-10.137023794003744,-10.052754240639484,0.0,-10.421900230911278,-10.052673364072712,-8.22451870742108,-12.349095658181824,10.066707551864244,0.0011213194527615947
ENGINEERING_SAMPLE,momentum_250ms_bps,Q5,500,500,250,100.0,-10.136298152480148,-10.052754240639484,0.0,-10.421900230911278,-10.052673364072712,-8.22451870742108,-12.349095658181824,10.065982287871398,0.0003960554599150676
ENGINEERING_SAMPLE,momentum_250ms_bps,Q5,5000,100,250,99.6,-10.409447196980485,-10.263468354830385,0.0,-11.52936494549748,-9.209028552381666,-8.22451870742108,-12.349095658181824,10.025353133076317,0.00016783247360219476
ENGINEERING_SAMPLE,momentum_250ms_bps,Q5,5000,1000,250,99.6,-10.409631620756757,-10.263468354830385,0.0,-11.52936494549748,-9.209028552381666,-8.22451870742108,-12.349095658181824,10.025537428197325,0.00035212759460983087
ENGINEERING_SAMPLE,momentum_250ms_bps,Q5,5000,500,250,99.6,-10.409559697072908,-10.263468354830385,0.0,-11.52936494549748,-9.209028552381666,-8.22451870742108,-12.349095658181824,10.025465554687923,0.000280254085205587
ENGINEERING_SAMPLE,momentum_250ms_bps,Q5,60000,100,250,96.4,-10.2772336722683,-10.105444542810169,0.0,-14.167453165945197,-5.782040472175379,-8.22451870742108,-12.349095658181824,10.026237078264845,1.9666689484882976e-25
ENGINEERING_SAMPLE,momentum_250ms_bps,Q5,60000,1000,250,96.4,-10.2772336722683,-10.105444542810169,0.0,-14.167453165945197,-5.782040472175379,-8.22451870742108,-12.349095658181824,10.026237078264845,1.9666689484882976e-25
ENGINEERING_SAMPLE,momentum_250ms_bps,Q5,60000,500,250,96.4,-10.2772336722683,-10.105444542810169,0.0,-14.167453165945197,-5.782040472175379,-8.22451870742108,-12.349095658181824,10.026237078264845,0.0
ENGINEERING_SAMPLE,momentum_3s_bps,Q1,1000,100,5682,99.94720168954593,-10.030472787449469,-10.052730885383452,0.0,-10.05281968978661,-10.052668428422527,-7.629284626977832,-11.913629059814504,10.051967973671594,1.5975359976322366e-05
ENGINEERING_SAMPLE,momentum_3s_bps,Q1,1000,1000,5682,99.94720168954593,-10.03058848672727,-10.052730885383452,0.0,-10.05281968978661,-10.052668428422527,-7.6293715083812215,-11.913715893230808,10.05208361431814,0.00013161600652001926
ENGINEERING_SAMPLE,momentum_3s_bps,Q1,1000,500,5682,99.94720168954593,-10.030535394598743,-10.052730885383452,0.0,-10.05281968978661,-10.052668428422527,-7.6293471071651995,-11.9136915056522,10.052030549368242,7.855105662370488e-05
ENGINEERING_SAMPLE,momentum_3s_bps,Q1,15000,100,5682,99.31362196409715,-9.941651235798872,-10.052722271405084,0.0,-11.95089880949244,-8.050252023827708,-7.629284626977832,-11.913629059814504,10.055703484740445,3.324908421093265e-05
ENGINEERING_SAMPLE,momentum_3s_bps,Q1,15000,1000,5682,99.31362196409715,-9.94185641253993,-10.052722271405084,0.0,-11.95089880949244,-8.050252023827708,-7.6293715083812215,-11.913715893230808,10.05590855824528,0.00023832258904562257
ENGINEERING_SAMPLE,momentum_3s_bps,Q1,15000,500,5682,99.31362196409715,-9.941745632656072,-10.052722271405084,0.0,-11.95089880949244,-8.050252023827708,-7.6293471071651995,-11.9136915056522,10.055797827241278,0.0001275915850433178
ENGINEERING_SAMPLE,momentum_3s_bps,Q1,250,100,5682,99.96480112636395,-10.046887176312826,-10.05273227499842,0.0,-10.052805193434317,-10.052672864919504,-7.629284626977832,-11.913629059814504,10.051739218219302,2.297827412701497e-05
ENGINEERING_SAMPLE,momentum_3s_bps,Q1,250,1000,5682,99.96480112636395,-10.04704335943889,-10.05273227499842,0.0,-10.052805193434317,-10.052672864919504,-7.6293715083812215,-11.913715893230808,10.051895322355762,0.00017908241058712854
ENGINEERING_SAMPLE,momentum_3s_bps,Q1,250,500,5682,99.96480112636395,-10.046956458330953,-10.05273227499842,0.0,-10.052805193434317,-10.052672864919504,-7.6293471071651995,-11.9136915056522,10.051808465474432,9.222552925718671e-05
ENGINEERING_SAMPLE,momentum_3s_bps,Q1,3000,100,5682,99.94720168954593,-9.999135736616122,-10.052726994851147,0.0,-10.47452044688027,-9.314686309533219,-7.629284626977832,-11.913629059814504,10.054680391695532,3.134013775557172e-05
ENGINEERING_SAMPLE,momentum_3s_bps,Q1,3000,1000,5682,99.94720168954593,-9.99936332597785,-10.052726994851147,0.0,-10.47452044688027,-9.314686309533219,-7.6293715083812215,-11.913715893230808,10.054907868263635,0.0002588167058579598
ENGINEERING_SAMPLE,momentum_3s_bps,Q1,3000,500,5682,99.94720168954593,-9.9992493456023,-10.052726994851147,0.0,-10.47452044688027,-9.314686309533219,-7.6293471071651995,-11.9136915056522,10.054793937562858,0.00014488600507885888
ENGINEERING_SAMPLE,momentum_3s_bps,Q1,30000,100,5682,98.52164730728617,-9.887293782318876,-9.947244924861588,0.0,-12.68802844725405,-6.991691723373951,-7.629284626977832,-11.913629059814504,10.052520702775047,2.881175422133459e-05
ENGINEERING_SAMPLE,momentum_3s_bps,Q1,30000,1000,5682,98.52164730728617,-9.88745022279184,-9.947244924861588,0.0,-12.68802844725405,-6.991691723373951,-7.6293715083812215,-11.913715893230808,10.052677090964773,0.00018519994394694428
ENGINEERING_SAMPLE,momentum_3s_bps,Q1,30000,500,5682,98.52164730728617,-9.88740258022746,-9.947244924861588,0.0,-12.68802844725405,-6.991691723373951,-7.6293471071651995,-11.9136915056522,10.052629461928563,0.00013757090773684196
ENGINEERING_SAMPLE,momentum_3s_bps,Q1,500,100,5682,99.94720168954593,-10.040142821088262,-10.052730885383452,0.0,-10.052810489255798,-10.052670923860113,-7.629284626977832,-11.913629059814504,10.049679911694193,3.034282437653269e-05
ENGINEERING_SAMPLE,momentum_3s_bps,Q1,500,1000,5682,99.94720168954593,-10.040299348978785,-10.052730885383452,0.0,-10.052810489255798,-10.052670923860113,-7.6293715083812215,-11.913715893230808,10.049836358883674,0.00018679001385711158
ENGINEERING_SAMPLE,momentum_3s_bps,Q1,500,500,5682,99.94720168954593,-10.040226403463185,-10.052730885383452,0.0,-10.052810489255798,-10.052670923860113,-7.6293471071651995,-11.9136915056522,10.049763450713531,0.00011388184371374632
ENGINEERING_SAMPLE,momentum_3s_bps,Q1,5000,100,5682,99.94720168954593,-9.984828454582516,-10.05272560551445,0.0,-10.844090103771197,-9.049847523979361,-7.629284626977832,-11.913629059814504,10.052565023665242,4.341703318422891e-05
ENGINEERING_SAMPLE,momentum_3s_bps,Q1,5000,1000,5682,99.94720168954593,-9.98502210039994,-10.05272560551445,0.0,-10.844090103771197,-9.049847523979361,-7.6293715083812215,-11.913715893230808,10.052758577827237,0.00023697119518082841
ENGINEERING_SAMPLE,momentum_3s_bps,Q1,5000,500,5682,99.94720168954593,-9.984939007334528,-10.05272560551445,0.0,-10.844090103771197,-9.049847523979361,-7.6293471071651995,-11.9136915056522,10.052675520949013,0.00015391431695462908
ENGINEERING_SAMPLE,momentum_3s_bps,Q1,60000,100,5682,96.63850756775783,-9.622177799819799,-9.84183401925499,0.6920415224913494,-14.012051244169603,-4.413117344922956,-7.629284626977832,-11.913629059814504,10.052585380048042,2.3767323095160972e-05
ENGINEERING_SAMPLE,momentum_3s_bps,Q1,60000,1000,5682,96.63850756775783,-9.622364865846674,-9.84183401925499,0.6920415224913494,-14.012051244169603,-4.413117344922956,-7.6293715083812215,-11.913715893230808,10.052772398836368,0.0002107861114219428
ENGINEERING_SAMPLE,momentum_3s_bps,Q1,60000,500,5682,96.63850756775783,-9.62226005253339,-9.84183401925499,0.6920415224913494,-14.012051244169603,-4.413117344922956,-7.6293471071651995,-11.9136915056522,10.052667610441121,0.00010599771617508019
ENGINEERING_SAMPLE,momentum_3s_bps,Q4,1000,100,71,100.0,-10.07865220675515,-10.052672587616545,0.0,-10.05272782848831,-10.052662329459324,-8.207782760449476,-11.130111940111409,10.043751546759744,5.1954607000061185e-25
ENGINEERING_SAMPLE,momentum_3s_bps,Q4,1000,1000,71,100.0,-10.07865220675515,-10.052672587616545,0.0,-10.05272782848831,-10.052662329459324,-8.207782760449476,-11.130111940111409,10.043751546759744,5.1954607000061185e-25
ENGINEERING_SAMPLE,momentum_3s_bps,Q4,1000,500,71,100.0,-10.07865220675515,-10.052672587616545,0.0,-10.05272782848831,-10.052662329459324,-8.207782760449476,-11.130111940111409,10.043751546759744,0.0
ENGINEERING_SAMPLE,momentum_3s_bps,Q4,15000,100,71,100.0,-10.30355596279263,-10.36870811331582,0.0,-12.002654825303013,-8.788766422435573,-8.207782760449476,-11.130111940111409,10.047461001080254,-8.900564343896738e-25
ENGINEERING_SAMPLE,momentum_3s_bps,Q4,15000,1000,71,100.0,-10.30355596279263,-10.36870811331582,0.0,-12.002654825303013,-8.788766422435573,-8.207782760449476,-11.130111940111409,10.047461001080254,-8.900564343896738e-25
ENGINEERING_SAMPLE,momentum_3s_bps,Q4,15000,500,71,100.0,-10.30355596279263,-10.36870811331582,0.0,-12.002654825303013,-8.788766422435573,-8.207782760449476,-11.130111940111409,10.047461001080254,0.0
ENGINEERING_SAMPLE,momentum_3s_bps,Q4,250,100,71,100.0,-10.057135235489095,-10.052672587616545,0.0,-10.05272782848831,-10.052662329459324,-8.207782760449476,-11.130111940111409,10.048941426408645,2.2291812428541487e-25
ENGINEERING_SAMPLE,momentum_3s_bps,Q4,250,1000,71,100.0,-10.058287888376467,-10.052672587616545,0.0,-10.05272782848831,-10.052662329459324,-8.207782760449476,-11.130111940111409,10.05009346383292,0.001152037424275045
ENGINEERING_SAMPLE,momentum_3s_bps,Q4,250,500,71,100.0,-10.057956736096282,-10.052672587616545,0.0,-10.05272782848831,-10.052662329459324,-8.207782760449476,-11.130111940111409,10.049762488372668,0.0008210619640229231
ENGINEERING_SAMPLE,momentum_3s_bps,Q4,3000,100,71,100.0,-10.032688423772058,-10.052701442771133,0.0,-10.84280133517253,-8.788766422435573,-8.207782760449476,-11.130111940111409,10.048200706325485,1.112869094443052e-24
ENGINEERING_SAMPLE,momentum_3s_bps,Q4,3000,1000,71,100.0,-10.03384107665943,-10.052701442771133,0.0,-10.84280133517253,-8.788766422435573,-8.207782760449476,-11.130111940111409,10.04935274374976,0.001152037424275045
ENGINEERING_SAMPLE,momentum_3s_bps,Q4,3000,500,71,100.0,-10.033509924379242,-10.052701442771133,0.0,-10.84280133517253,-8.788766422435573,-8.207782760449476,-11.130111940111409,10.049021768289508,0.0008210619640229231
ENGINEERING_SAMPLE,momentum_3s_bps,Q4,30000,100,71,100.0,-10.495790200994366,-10.263347687383527,0.0,-12.793176466869992,-8.894091081354219,-8.207782760449476,-11.130111940111409,10.009634029836796,-1.4821454623255856e-25
ENGINEERING_SAMPLE,momentum_3s_bps,Q4,30000,1000,71,100.0,-10.495790200994366,-10.263347687383527,0.0,-12.793176466869992,-8.894091081354219,-8.207782760449476,-11.130111940111409,10.009634029836796,-1.4821454623255856e-25
ENGINEERING_SAMPLE,momentum_3s_bps,Q4,30000,500,71,100.0,-10.495790200994366,-10.263347687383527,0.0,-12.793176466869992,-8.894091081354219,-8.207782760449476,-11.130111940111409,10.009634029836796,0.0
ENGINEERING_SAMPLE,momentum_3s_bps,Q4,500,100,71,100.0,-10.067522051295644,-10.052672587616545,0.0,-10.05272782848831,-10.052662329459324,-8.207782760449476,-11.130111940111409,10.053390344024296,2.9708320954603543e-25
ENGINEERING_SAMPLE,momentum_3s_bps,Q4,500,1000,71,100.0,-10.068674704183016,-10.052672587616545,0.0,-10.05272782848831,-10.052662329459324,-8.207782760449476,-11.130111940111409,10.05454238144857,0.001152037424275045
ENGINEERING_SAMPLE,momentum_3s_bps,Q4,500,500,71,100.0,-10.068343551902828,-10.052672587616545,0.0,-10.05272782848831,-10.052662329459324,-8.207782760449476,-11.130111940111409,10.054211405988319,0.0008210619640229231
ENGINEERING_SAMPLE,momentum_3s_bps,Q4,5000,100,71,100.0,-9.951050025068133,-10.052701442771133,0.0,-10.84280133517253,-8.788766422435573,-8.207782760449476,-11.130111940111409,10.030388079449155,1.7060925898802892e-24
ENGINEERING_SAMPLE,momentum_3s_bps,Q4,5000,1000,71,100.0,-9.951050025068133,-10.052701442771133,0.0,-10.84280133517253,-8.788766422435573,-8.207782760449476,-11.130111940111409,10.030388079449155,1.7060925898802892e-24
ENGINEERING_SAMPLE,momentum_3s_bps,Q4,5000,500,71,100.0,-9.951050025068133,-10.052701442771133,0.0,-10.84280133517253,-8.788766422435573,-8.207782760449476,-11.130111940111409,10.030388079449155,0.0
ENGINEERING_SAMPLE,momentum_3s_bps,Q4,60000,100,71,100.0,-9.441792043111173,-10.158008612430116,0.0,-12.055356268074146,-6.361779834306554,-8.207782760449476,-11.130111940111409,10.051167074909111,-8.155059372877063e-25
ENGINEERING_SAMPLE,momentum_3s_bps,Q4,60000,1000,71,100.0,-9.441792043111173,-10.158008612430116,0.0,-12.055356268074146,-6.361779834306554,-8.207782760449476,-11.130111940111409,10.051167074909111,-8.155059372877063e-25
ENGINEERING_SAMPLE,momentum_3s_bps,Q4,60000,500,71,100.0,-9.441792043111173,-10.158008612430116,0.0,-12.055356268074146,-6.361779834306554,-8.207782760449476,-11.130111940111409,10.051167074909111,0.0
ENGINEERING_SAMPLE,momentum_3s_bps,Q5,1000,100,1439,99.93050729673384,-10.12077351093602,-10.052748956092623,0.0,-10.526720330193895,-10.052671755725191,-8.121644249643976,-12.132829386755528,10.051889256230188,1.3707102213829836e-05
ENGINEERING_SAMPLE,momentum_3s_bps,Q5,1000,1000,1439,99.93050729673384,-10.120882947196751,-10.052748956092623,0.0,-10.526720330193895,-10.052671755725191,-8.121712851873458,-12.132911209543991,10.051998632196991,0.00012308306901704359
ENGINEERING_SAMPLE,momentum_3s_bps,Q5,1000,500,1439,99.93050729673384,-10.120818815822746,-10.052748956092623,0.0,-10.526720330193895,-10.052671755725191,-8.121689510923838,-12.13287463062078,10.051934538121776,5.898899380167383e-05
ENGINEERING_SAMPLE,momentum_3s_bps,Q5,15000,100,1439,98.47116052814455,-10.162938193353613,-10.158210166775602,0.0,-12.003481623464138,-8.366702651465284,-8.121644249643976,-12.132829386755528,10.042685972574466,1.3910242049038323e-05
ENGINEERING_SAMPLE,momentum_3s_bps,Q5,15000,1000,1439,98.47116052814455,-10.163007883184534,-10.158210166775602,0.0,-12.003481623464138,-8.366702651465284,-8.121712851873458,-12.132911209543991,10.042755625449557,8.356311714047434e-05
ENGINEERING_SAMPLE,momentum_3s_bps,Q5,15000,500,1439,98.47116052814455,-10.162984170872491,-10.158210166775602,0.0,-12.003481623464138,-8.366702651465284,-8.121689510923838,-12.13287463062078,10.042731925545603,5.986321318758431e-05
ENGINEERING_SAMPLE,momentum_3s_bps,Q5,250,100,1439,100.0,-10.07279674259084,-10.052740058195926,0.0,-10.052828056687858,-10.052673419534178,-8.121644249643976,-12.132829386755528,10.057590949921945,7.478244786436177e-05
ENGINEERING_SAMPLE,momentum_3s_bps,Q5,250,1000,1439,100.0,-10.07322851562724,-10.052740058195926,0.0,-10.052828056687858,-10.052673419534178,-8.121712851873458,-12.132911209543991,10.058022497792209,0.000506330318127827
ENGINEERING_SAMPLE,momentum_3s_bps,Q5,250,500,1439,100.0,-10.073053032806031,-10.052740058195926,0.0,-10.052828056687858,-10.052673419534178,-8.121689510923838,-12.13287463062078,10.057847106212392,0.00033093873831013977
ENGINEERING_SAMPLE,momentum_3s_bps,Q5,3000,100,1439,99.30507296733843,-10.217487931180939,-10.052763978103345,0.0,-11.001944910028145,-9.841743119266056,-8.121644249643976,-12.132829386755528,10.049290479571198,9.499706244399717e-05
ENGINEERING_SAMPLE,momentum_3s_bps,Q5,3000,1000,1439,99.30507296733843,-10.217904105381098,-10.052763978103345,0.0,-11.001944910028145,-9.841743119266056,-8.121712851873458,-12.132911209543991,10.049706404883079,0.000510922374326127
ENGINEERING_SAMPLE,momentum_3s_bps,Q5,3000,500,1439,99.30507296733843,-10.217770957409044,-10.052763978103345,0.0,-11.001944910028145,-9.841743119266056,-8.121689510923838,-12.13287463062078,10.049573336892443,0.0003778543836905607
ENGINEERING_SAMPLE,momentum_3s_bps,Q5,30000,100,1439,97.4287699791522,-10.00095565925337,-10.1582668944571,0.0,-12.955655669385214,-6.9910250728124606,-8.121644249643976,-12.132829386755528,10.0516101296992,4.290228820480311e-05
ENGINEERING_SAMPLE,momentum_3s_bps,Q5,30000,1000,1439,97.4287699791522,-10.001313549706493,-10.1582668944571,0.0,-12.955655669385214,-6.9910250728124606,-8.121712851873458,-12.132911209543991,10.051967945847723,0.0004007184367280656
ENGINEERING_SAMPLE,momentum_3s_bps,Q5,30000,500,1439,97.4287699791522,-10.001044230217083,-10.1582668944571,0.0,-12.955655669385214,-6.9910250728124606,-8.121689510923838,-12.13287463062078,10.051698663119865,0.00013143570886983366
ENGINEERING_SAMPLE,momentum_3s_bps,Q5,500,100,1439,100.0,-10.092680613210359,-10.052745062893413,0.0,-10.26361274615713,-10.052672864919504,-8.121644249643976,-12.132829386755528,10.058042656854179,0.00012730737577768683
ENGINEERING_SAMPLE,momentum_3s_bps,Q5,500,1000,1439,100.0,-10.093375635870537,-10.052745062893413,0.0,-10.26361552446447,-10.052672864919504,-8.121712851873458,-12.132911209543991,10.058737304297516,0.0008219548191163572
ENGINEERING_SAMPLE,momentum_3s_bps,Q5,500,500,1439,100.0,-10.093136521701473,-10.052745062893413,0.0,-10.26361552446447,-10.052672864919504,-8.121689510923838,-12.13287463062078,10.058498321130374,0.0005829716519739493
ENGINEERING_SAMPLE,momentum_3s_bps,Q5,5000,100,1439,98.81862404447533,-10.232083124337317,-10.052786248667813,0.0,-11.214026072689096,-9.156945665969738,-8.121644249643976,-12.132829386755528,10.043034295150218,6.490463632000873e-05
ENGINEERING_SAMPLE,momentum_3s_bps,Q5,5000,1000,1439,98.81862404447533,-10.23241958828082,-10.052786248667813,0.0,-11.214026072689096,-9.156945665969738,-8.121712851873458,-12.132911209543991,10.043370518149004,0.0004011276351069997
ENGINEERING_SAMPLE,momentum_3s_bps,Q5,5000,500,1439,98.81862404447533,-10.23230540952684,-10.052786248667813,0.0,-11.214026072689096,-9.156945665969738,-8.121689510923838,-12.13287463062078,10.043256419918196,0.00028702940429729693
ENGINEERING_SAMPLE,momentum_3s_bps,Q5,60000,100,1439,96.52536483669215,-10.129897008019366,-10.105350721555041,0.0,-14.16468635561293,-5.360440116352599,-8.121644249643976,-12.132829386755528,10.048659495802914,4.427871220570599e-05
ENGINEERING_SAMPLE,momentum_3s_bps,Q5,60000,1000,1439,96.52536483669215,-10.130001162626458,-10.105350721555041,0.0,-14.16468635561293,-5.360440116352599,-8.121712851873458,-12.132911209543991,10.048763591471717,0.0001483743810098713
ENGINEERING_SAMPLE,momentum_3s_bps,Q5,60000,500,1439,96.52536483669215,-10.129964074688145,-10.105350721555041,0.0,-14.16468635561293,-5.360440116352599,-8.121689510923838,-12.13287463062078,10.048726531744887,0.0001113146541804324
ENGINEERING_SAMPLE,ofi_1s,Q1,1000,100,1439,100.0,-9.995844990860775,-10.052736722258533,0.0,-10.052828056687858,-9.778494261680025,-7.296714583039587,-11.923298537139843,10.058647432858802,3.359844951567753e-05
ENGINEERING_SAMPLE,ofi_1s,Q1,1000,1000,1439,100.0,-9.9961168486849,-10.052736722258533,0.0,-10.052828056687858,-9.783152836743545,-7.29683213026092,-11.923429285457207,10.058919150019905,0.00030531561061999837
ENGINEERING_SAMPLE,ofi_1s,Q1,1000,500,1439,100.0,-9.995909568141832,-10.052736722258533,0.0,-10.052828056687858,-9.778494261680025,-7.296778775890694,-11.923362708092174,10.058711978686096,9.814427680953502e-05
ENGINEERING_SAMPLE,ofi_1s,Q1,15000,100,1439,98.95760945100764,-9.78662411444437,-10.052706440142236,0.0,-11.955154274366476,-7.307451595136621,-7.296714583039587,-11.923298537139843,10.067882222795701,6.189086952576383e-05
ENGINEERING_SAMPLE,ofi_1s,Q1,15000,1000,1439,98.95760945100764,-9.786777037124224,-10.052706440142236,0.0,-11.955154274366476,-7.307451595136621,-7.29683213026092,-11.923429285457207,10.068035098204907,0.00021476627873274752
ENGINEERING_SAMPLE,ofi_1s,Q1,15000,500,1439,98.95760945100764,-9.78671103478656,-10.052706440142236,0.0,-11.955154274366476,-7.307451595136621,-7.296778775890694,-11.923362708092174,10.067969113111165,0.00014878118499038234
ENGINEERING_SAMPLE,ofi_1s,Q1,250,100,1439,100.0,-10.036687433412215,-10.052740892246218,0.0,-10.052813834532488,-10.05267203301939,-7.296714583039587,-11.923298537139843,10.058713776870146,6.125135273729692e-05
ENGINEERING_SAMPLE,ofi_1s,Q1,250,1000,1439,100.0,-10.03683878991685,-10.052740892246218,0.0,-10.052813834532488,-10.05267203301939,-7.29683213026092,-11.923429285457207,10.058865060538745,0.00021253502133480957
ENGINEERING_SAMPLE,ofi_1s,Q1,250,500,1439,100.0,-10.036773469247775,-10.052740892246218,0.0,-10.052813834532488,-10.05267203301939,-7.296778775890694,-11.923362708092174,10.058799770713376,0.00014724519596735335
ENGINEERING_SAMPLE,ofi_1s,Q1,3000,100,1439,99.72202918693537,-9.885879137097927,-10.052726439107682,0.0,-10.421382919356027,-9.049903661196643,-7.296714583039587,-11.923298537139843,10.065442425357624,8.28770439592965e-05
ENGINEERING_SAMPLE,ofi_1s,Q1,3000,1000,1439,99.72202918693537,-9.886263495913319,-10.052726439107682,0.0,-10.421382919356027,-9.049903661196643,-7.29683213026092,-11.923429285457207,10.06582655076373,0.0004670024500636603
ENGINEERING_SAMPLE,ofi_1s,Q1,3000,500,1439,99.72202918693537,-9.88612074963237,-10.052726439107682,0.0,-10.421382919356027,-9.049903661196643,-7.296778775890694,-11.923362708092174,10.065683885506509,0.000324337192845572
ENGINEERING_SAMPLE,ofi_1s,Q1,30000,100,1439,97.91521890201528,-9.695848372572032,-9.947168037851025,0.0,-12.766825738297266,-6.309499343946125,-7.296714583039587,-11.923298537139843,10.06783380575879,5.61575708351995e-05
ENGINEERING_SAMPLE,ofi_1s,Q1,30000,1000,1439,97.91521890201528,-9.69620511883742,-9.947168037851025,0.0,-12.766825738297266,-6.309499343946125,-7.29683213026092,-11.923429285457207,10.068190486934427,0.00041283874647225234
ENGINEERING_SAMPLE,ofi_1s,Q1,30000,500,1439,97.91521890201528,-9.696071951151838,-9.947168037851025,0.0,-12.766825738297266,-6.309499343946125,-7.296778775890694,-11.923362708092174,10.06805734415697,0.0002796959690149532
ENGINEERING_SAMPLE,ofi_1s,Q1,500,100,1439,100.0,-10.017079237109268,-10.052739224172013,0.0,-10.052825546339172,-10.052668428422527,-7.296714583039587,-11.923298537139843,10.053396595012567,9.029951298252562e-05
ENGINEERING_SAMPLE,ofi_1s,Q1,500,1000,1439,100.0,-10.017471486866386,-10.052739224172013,0.0,-10.052825546339172,-10.052668428422527,-7.29683213026092,-11.923429285457207,10.053788642848502,0.00048234734891665636
ENGINEERING_SAMPLE,ofi_1s,Q1,500,500,1439,100.0,-10.017226592921563,-10.052739224172013,0.0,-10.052825546339172,-10.052668428422527,-7.296778775890694,-11.923362708092174,10.05354387239619,0.00023757689660407658
ENGINEERING_SAMPLE,ofi_1s,Q1,5000,100,1439,99.65253648366921,-9.847374924222372,-10.052723938407057,0.0,-10.738220723094761,-8.788198741409726,-7.296714583039587,-11.923298537139843,10.065172374508064,9.10796152001327e-05
ENGINEERING_SAMPLE,ofi_1s,Q1,5000,1000,1439,99.65253648366921,-9.84762128801522,-10.052723938407057,0.0,-10.738220723094761,-8.788198741409726,-7.29683213026092,-11.923429285457207,10.065418605606535,0.00033731071367144595
ENGINEERING_SAMPLE,ofi_1s,Q1,5000,500,1439,99.65253648366921,-9.84753258127974,-10.052723938407057,0.0,-10.738220723094761,-8.788198741409726,-7.296778775890694,-11.923362708092174,10.065329939516868,0.00024864462400372896
ENGINEERING_SAMPLE,ofi_1s,Q1,60000,100,1439,97.77623349548297,-9.478334771074588,-9.472760615929428,0.7818052594171997,-14.215271670151305,-4.3077044646384826,-7.296714583039587,-11.923298537139843,10.064518572322214,3.436259335683011e-05
ENGINEERING_SAMPLE,ofi_1s,Q1,60000,1000,1439,97.77623349548297,-9.478454997968084,-9.472760615929428,0.7818052594171997,-14.215271670151305,-4.3077044646384826,-7.29683213026092,-11.923429285457207,10.064638760399626,0.00015455067076864645
ENGINEERING_SAMPLE,ofi_1s,Q1,60000,500,1439,97.77623349548297,-9.478400428053872,-9.472760615929428,0.7818052594171997,-14.215271670151305,-4.3077044646384826,-7.296778775890694,-11.923362708092174,10.06458421031583,0.00010000058697297922
ENGINEERING_SAMPLE,ofi_1s,Q2,1000,100,1438,99.7913769123783,-10.026581701033324,-10.052729495841723,0.0,-10.05280937429305,-10.052668428422527,-7.787338657267726,-11.885248216881358,10.053519312504546,-8.442327059413161e-25
ENGINEERING_SAMPLE,ofi_1s,Q2,1000,1000,1438,99.7913769123783,-10.026672634066257,-10.052729495841723,0.0,-10.05280937429305,-10.052668428422527,-7.787429362672512,-11.88533890697875,10.053610199627332,9.088712278711022e-05
ENGINEERING_SAMPLE,ofi_1s,Q2,1000,500,1438,99.7913769123783,-10.026653249930218,-10.052729495841723,0.0,-10.05280937429305,-10.052668428422527,-7.787410027258243,-11.885319574827514,10.053590825476752,7.151297220665215e-05
ENGINEERING_SAMPLE,ofi_1s,Q2,15000,100,1438,99.23504867872045,-9.92093487028229,-10.05272199358167,0.0,-11.688456203821387,-8.209188588756167,-7.787338657267726,-11.885248216881358,10.054508942300695,2.8344151893421918e-05
ENGINEERING_SAMPLE,ofi_1s,Q2,15000,1000,1438,99.23504867872045,-9.921067337482489,-10.05272199358167,0.0,-11.688456203821387,-8.209188588756167,-7.787429362672512,-11.88533890697875,10.05464132950781,0.00016073135900843586
ENGINEERING_SAMPLE,ofi_1s,Q2,15000,500,1438,99.23504867872045,-9.921043285525146,-10.05272199358167,0.0,-11.688456203821387,-8.209188588756167,-7.787410027258243,-11.885319574827514,10.054617292236292,0.00013669408749085915
ENGINEERING_SAMPLE,ofi_1s,Q2,250,100,1438,99.93045897079277,-10.044796686067286,-10.052730885383452,0.0,-10.052796833773087,-10.052671755725191,-7.787338657267726,-11.885248216881358,10.052696726922159,2.14246730001433e-05
ENGINEERING_SAMPLE,ofi_1s,Q2,250,1000,1438,99.93045897079277,-10.04511969036399,-10.052730885383452,0.0,-10.052796833773087,-10.052671755725191,-7.787429362672512,-11.88533890697875,10.053019566268995,0.0003442640198362409
ENGINEERING_SAMPLE,ofi_1s,Q2,250,500,1438,99.93045897079277,-10.045023189370388,-10.052730885383452,0.0,-10.052796833773087,-10.052671755725191,-7.787410027258243,-11.885319574827514,10.052923114817137,0.0002478125679764418
ENGINEERING_SAMPLE,ofi_1s,Q2,3000,100,1438,99.65229485396384,-9.975348104379346,-10.052726439107682,0.0,-10.316310292862337,-9.36670130339619,-7.787338657267726,-11.885248216881358,10.055027796462458,-7.498305739913264e-25
ENGINEERING_SAMPLE,ofi_1s,Q2,3000,1000,1438,99.65229485396384,-9.97556574699045,-10.052726439107682,0.0,-10.316310292862337,-9.36670130339619,-7.787429362672512,-11.88533890697875,10.05524535351973,0.00021755705727167946
ENGINEERING_SAMPLE,ofi_1s,Q2,3000,500,1438,99.65229485396384,-9.975424318014932,-10.052726439107682,0.0,-10.316310292862337,-9.36670130339619,-7.787410027258243,-11.885319574827514,10.055103972695882,7.617623342284317e-05
ENGINEERING_SAMPLE,ofi_1s,Q2,30000,100,1438,98.40055632823366,-9.86619031456241,-10.052675083448284,0.0,-12.689275154556043,-7.045824831142537,-7.787338657267726,-11.885248216881358,10.055486470697936,5.669574378191298e-05
ENGINEERING_SAMPLE,ofi_1s,Q2,30000,1000,1438,98.40055632823366,-9.86660170121869,-10.052675083448284,0.0,-12.689275154556043,-7.045824831142537,-7.787429362672512,-11.88533890697875,10.055897759527538,0.00046798457338255916
ENGINEERING_SAMPLE,ofi_1s,Q2,30000,500,1438,98.40055632823366,-9.86632678032271,-10.052675083448284,0.0,-12.689275154556043,-7.045824831142537,-7.787410027258243,-11.885319574827514,10.055622874806307,0.00019309985215329955
ENGINEERING_SAMPLE,ofi_1s,Q2,500,100,1438,99.86091794158554,-10.038671839502966,-10.052730051649625,0.0,-10.052803799973612,-10.052670923860113,-7.787338657267726,-11.885248216881358,10.052250497071372,-8.693623658310948e-25
ENGINEERING_SAMPLE,ofi_1s,Q2,500,1000,1438,99.86091794158554,-10.03876270921206,-10.052730051649625,0.0,-10.052803799973612,-10.052670923860113,-7.787429362672512,-11.88533890697875,10.05234132090229,9.082383091887407e-05
ENGINEERING_SAMPLE,ofi_1s,Q2,500,500,1438,99.86091794158554,-10.038743338574722,-10.052730051649625,0.0,-10.052803799973612,-10.052670923860113,-7.787410027258243,-11.885319574827514,10.052321960243459,7.146317208673109e-05
ENGINEERING_SAMPLE,ofi_1s,Q2,5000,100,1438,99.51321279554938,-9.939037191614347,-10.052722271405084,0.0,-10.632707266173401,-9.050899087210405,-7.787338657267726,-11.885248216881358,10.057230774762612,2.3616674245029816e-05
ENGINEERING_SAMPLE,ofi_1s,Q2,5000,1000,1438,99.51321279554938,-9.939389305102168,-10.052722271405084,0.0,-10.632707266173401,-9.050899087210405,-7.787429362672512,-11.88533890697875,10.05758271365679,0.00037555556842337105
ENGINEERING_SAMPLE,ofi_1s,Q2,5000,500,1438,99.51321279554938,-9.939184248379442,-10.052722271405084,0.0,-10.632707266173401,-9.050899087210405,-7.787410027258243,-11.885319574827514,10.057377748640679,0.00017059055231131038
ENGINEERING_SAMPLE,ofi_1s,Q2,60000,100,1438,95.96662030598053,-9.745451294357945,-9.947331571577473,0.07246376811594203,-13.846435399013066,-5.248585841529824,-7.787338657267726,-11.885248216881358,10.055482636677029,-4.353138111186752e-25
ENGINEERING_SAMPLE,ofi_1s,Q2,60000,1000,1438,95.96662030598053,-9.745545856520662,-9.947331571577473,0.07246376811594203,-13.846435399013066,-5.248585841529824,-7.787429362672512,-11.88533890697875,10.05557714611268,9.450943565181389e-05
ENGINEERING_SAMPLE,ofi_1s,Q2,60000,500,1438,95.96662030598053,-9.745525698765366,-9.947331571577473,0.07246376811594203,-13.846435399013066,-5.248585841529824,-7.787410027258243,-11.885319574827514,10.055556999803924,7.436312689604771e-05
ENGINEERING_SAMPLE,ofi_1s,Q3,1000,100,1438,99.93045897079277,-10.047191763227705,-10.05272560551445,0.0,-10.052799787420936,-10.052668982943777,-7.774132196960403,-11.8114365581299,10.056326930139035,4.320578527206824e-05
ENGINEERING_SAMPLE,ofi_1s,Q3,1000,1000,1438,99.93045897079277,-10.047395474591927,-10.05272560551445,0.0,-10.052803799973612,-10.052668982943777,-7.77433589009701,-11.81164009636365,10.056530536162665,0.00024681180890189094
ENGINEERING_SAMPLE,ofi_1s,Q3,1000,500,1438,99.93045897079277,-10.047348405575214,-10.05272560551445,0.0,-10.052803799973612,-10.052668982943777,-7.7742888270001,-11.811593068915622,10.056483492547367,0.0001997681936028951
ENGINEERING_SAMPLE,ofi_1s,Q3,15000,100,1438,99.65229485396384,-9.88251143401589,-10.052720326702675,0.0,-11.689721599155561,-8.209188588756167,-7.774132196960403,-11.8114365581299,10.0553129707959,4.332638760360228e-05
ENGINEERING_SAMPLE,ofi_1s,Q3,15000,1000,1438,99.65229485396384,-9.882715741797467,-10.052720326702675,0.0,-11.689721599155561,-8.209188588756167,-7.77433589009701,-11.81164009636365,10.055517145154559,0.00024750074626100297
ENGINEERING_SAMPLE,ofi_1s,Q3,15000,500,1438,99.65229485396384,-9.882668534685076,-10.052720326702675,0.0,-11.689721599155561,-8.209188588756167,-7.7742888270001,-11.811593068915622,10.055469970224213,0.00020032581591581316
ENGINEERING_SAMPLE,ofi_1s,Q3,250,100,1438,99.93045897079277,-10.052055590526024,-10.052726439107682,0.0,-10.052791540689851,-10.052674196036772,-7.774132196960403,-11.8114365581299,10.052858224051153,5.480576328050817e-05
ENGINEERING_SAMPLE,ofi_1s,Q3,250,1000,1438,99.93045897079277,-10.052366200849233,-10.052726439107682,0.0,-10.052791540689851,-10.052675083448284,-7.77433589009701,-11.81164009636365,10.053168671954008,0.0003652536661367439
ENGINEERING_SAMPLE,ofi_1s,Q3,250,500,1438,99.93045897079277,-10.052272873805329,-10.052726439107682,0.0,-10.052791540689851,-10.052675083448284,-7.7742888270001,-11.811593068915622,10.053075395011566,0.0002719767236934894
ENGINEERING_SAMPLE,ofi_1s,Q3,3000,100,1438,99.93045897079277,-10.029851640131582,-10.052724494097808,0.0,-10.58042844365827,-9.419666633270232,-7.774132196960403,-11.8114365581299,10.05369786404638,5.481064524411179e-05
ENGINEERING_SAMPLE,ofi_1s,Q3,3000,1000,1438,99.93045897079277,-10.030218926746974,-10.052724494097808,0.0,-10.58042844365827,-9.419666633270232,-7.77433589009701,-11.81164009636365,10.054064988843479,0.000421935442340805
ENGINEERING_SAMPLE,ofi_1s,Q3,3000,500,1438,99.93045897079277,-10.030028679611673,-10.052724494097808,0.0,-10.58042844365827,-9.419666633270232,-7.7742888270001,-11.811593068915622,10.053874820542196,0.00023176714105867542
ENGINEERING_SAMPLE,ofi_1s,Q3,30000,100,1438,99.3741307371349,-9.804815211794216,-9.683626359726789,0.0,-12.68732060566162,-7.089238323592699,-7.774132196960403,-11.8114365581299,10.056128864987299,4.344766510564175e-05
ENGINEERING_SAMPLE,ofi_1s,Q3,30000,1000,1438,99.3741307371349,-9.805020074338906,-9.683626359726789,0.0,-12.68732060566162,-7.089238323592699,-7.77433589009701,-11.81164009636365,10.056333610862707,0.0002481935405122584
ENGINEERING_SAMPLE,ofi_1s,Q3,30000,500,1438,99.3741307371349,-9.80497273867567,-9.683626359726789,0.0,-12.68732060566162,-7.089238323592699,-7.7742888270001,-11.811593068915622,10.056286303882171,0.00020088655997715904
ENGINEERING_SAMPLE,ofi_1s,Q3,500,100,1438,99.93045897079277,-10.047696926270818,-10.052726439107682,0.0,-10.052796833773087,-10.052671755725191,-7.774132196960403,-11.8114365581299,10.050700181728072,6.463045827221154e-05
ENGINEERING_SAMPLE,ofi_1s,Q3,500,1000,1438,99.93045897079277,-10.048230580799393,-10.052726439107682,0.0,-10.052796833773087,-10.052671755725191,-7.77433589009701,-11.81164009636365,10.051233555527334,0.0005980042575359617
ENGINEERING_SAMPLE,ofi_1s,Q3,500,500,1438,99.93045897079277,-10.048049211709921,-10.052726439107682,0.0,-10.052796833773087,-10.052671755725191,-7.7742888270001,-11.811593068915622,10.051052286021864,0.0004167347520658238
ENGINEERING_SAMPLE,ofi_1s,Q3,5000,100,1438,99.93045897079277,-9.985241487891571,-10.052723938407057,0.0,-10.843250689203082,-8.94567124543572,-7.774132196960403,-11.8114365581299,10.049900530656831,7.089249505573787e-05
ENGINEERING_SAMPLE,ofi_1s,Q3,5000,1000,1438,99.93045897079277,-9.985478996898154,-10.052723938407057,0.0,-10.843250689203082,-8.94567124543572,-7.77433589009701,-11.81164009636365,10.050137950460037,0.0003083122982611546
ENGINEERING_SAMPLE,ofi_1s,Q3,5000,500,1438,99.93045897079277,-9.985419956266432,-10.052723938407057,0.0,-10.843250689203082,-8.94567124543572,-7.7742888270001,-11.811593068915622,10.050078931208326,0.0002492930465506701
ENGINEERING_SAMPLE,ofi_1s,Q3,60000,100,1438,96.03616133518776,-9.585774756860413,-10.0527556314857,0.6517016654598118,-13.846435399013066,-4.413117344922956,-7.774132196960403,-11.8114365581299,10.053384281382286,4.4957793943491724e-05
ENGINEERING_SAMPLE,ofi_1s,Q3,60000,1000,1438,96.03616133518776,-9.58598664697559,-10.0527556314857,0.6517016654598118,-13.846435399013066,-4.413117344922956,-7.77433589009701,-11.81164009636365,10.053596143696518,0.00025682010817669606
ENGINEERING_SAMPLE,ofi_1s,Q3,60000,500,1438,96.03616133518776,-9.58593768804984,-10.0527556314857,0.6517016654598118,-13.846435399013066,-4.413117344922956,-7.7742888270001,-11.811593068915622,10.05354719244729,0.00020786885894812473
ENGINEERING_SAMPLE,ofi_1s,Q4,1000,100,1438,100.0,-10.053840443378864,-10.052736166309996,0.0,-10.05283252011913,-10.052668982943777,-7.761422675361198,-11.950813240034707,10.04452098097556,-6.22729729406542e-25
ENGINEERING_SAMPLE,ofi_1s,Q4,1000,1000,1438,100.0,-10.053840443378864,-10.052736166309996,0.0,-10.05283252011913,-10.052668982943777,-7.761422675361198,-11.950813240034707,10.04452098097556,-6.22729729406542e-25
ENGINEERING_SAMPLE,ofi_1s,Q4,1000,500,1438,100.0,-10.053840443378864,-10.052736166309996,0.0,-10.05283252011913,-10.052668982943777,-7.761422675361198,-11.950813240034707,10.04452098097556,0.0
ENGINEERING_SAMPLE,ofi_1s,Q4,15000,100,1438,99.09596662030599,-10.065671901633038,-10.052755075138412,0.0,-12.002654825303013,-8.209188588756167,-7.761422675361198,-11.950813240034707,10.049014380042093,-8.492241753691685e-26
ENGINEERING_SAMPLE,ofi_1s,Q4,15000,1000,1438,99.09596662030599,-10.065729346851368,-10.052755075138412,0.0,-12.002654825303013,-8.209188588756167,-7.761422675361198,-11.950813240034707,10.049071783100688,5.7403058594262505e-05
ENGINEERING_SAMPLE,ofi_1s,Q4,15000,500,1438,99.09596662030599,-10.065712847334241,-10.052755075138412,0.0,-12.002654825303013,-8.209188588756167,-7.761422675361198,-11.950813240034707,10.049055295692753,4.091565066120653e-05
ENGINEERING_SAMPLE,ofi_1s,Q4,250,100,1438,100.0,-10.050756344881789,-10.052733108802554,0.0,-10.052810489255798,-10.052672864919504,-7.761422675361198,-11.950813240034707,10.047064843932711,-7.143551386389745e-25
ENGINEERING_SAMPLE,ofi_1s,Q4,250,1000,1438,100.0,-10.050756344881789,-10.052733108802554,0.0,-10.052810489255798,-10.052672864919504,-7.761422675361198,-11.950813240034707,10.047064843932711,-7.143551386389745e-25
ENGINEERING_SAMPLE,ofi_1s,Q4,250,500,1438,100.0,-10.050756344881789,-10.052733108802554,0.0,-10.052810489255798,-10.052672864919504,-7.761422675361198,-11.950813240034707,10.047064843932711,0.0
ENGINEERING_SAMPLE,ofi_1s,Q4,3000,100,1438,99.93045897079277,-10.089579189400615,-10.052736722258533,0.0,-10.685501509984874,-9.578228496450986,-7.761422675361198,-11.950813240034707,10.044492655986046,-5.351619947987866e-25
ENGINEERING_SAMPLE,ofi_1s,Q4,3000,1000,1438,99.93045897079277,-10.089579189400615,-10.052736722258533,0.0,-10.685501509984874,-9.578228496450986,-7.761422675361198,-11.950813240034707,10.044492655986046,-5.351619947987866e-25
ENGINEERING_SAMPLE,ofi_1s,Q4,3000,500,1438,99.93045897079277,-10.089579189400615,-10.052736722258533,0.0,-10.685501509984874,-9.578228496450986,-7.761422675361198,-11.950813240034707,10.044492655986046,0.0
ENGINEERING_SAMPLE,ofi_1s,Q4,30000,100,1438,98.67872044506258,-10.053433370837581,-10.052675083448284,0.0,-12.720424862981325,-7.359308273375598,-7.761422675361198,-11.950813240034707,10.040454743402885,-1.449674512808726e-26
ENGINEERING_SAMPLE,ofi_1s,Q4,30000,1000,1438,98.67872044506258,-10.053433370837581,-10.052675083448284,0.0,-12.720424862981325,-7.359308273375598,-7.761422675361198,-11.950813240034707,10.040454743402885,-1.449674512808726e-26
ENGINEERING_SAMPLE,ofi_1s,Q4,30000,500,1438,98.67872044506258,-10.053433370837581,-10.052675083448284,0.0,-12.720424862981325,-7.359308273375598,-7.761422675361198,-11.950813240034707,10.040454743402885,0.0
ENGINEERING_SAMPLE,ofi_1s,Q4,500,100,1438,100.0,-10.052539062382992,-10.052736166309996,0.0,-10.052819020550237,-10.052670923860113,-7.761422675361198,-11.950813240034707,10.047419413913287,2.3501432278629285e-05
ENGINEERING_SAMPLE,ofi_1s,Q4,500,1000,1438,100.0,-10.052644396107691,-10.052736166309996,0.0,-10.052819020550237,-10.052670923860113,-7.761422675361198,-11.950813240034707,10.047524684159109,0.00012877167810157933
ENGINEERING_SAMPLE,ofi_1s,Q4,500,500,1438,100.0,-10.05261364460157,-10.052736166309996,0.0,-10.052819020550237,-10.052670923860113,-7.761422675361198,-11.950813240034707,10.04749395118524,9.803870423235114e-05
ENGINEERING_SAMPLE,ofi_1s,Q4,5000,100,1438,99.86091794158554,-10.08872153435398,-10.052736166309996,0.0,-10.844090103771197,-9.314626723984919,-7.761422675361198,-11.950813240034707,10.038284251995199,-4.365132000175091e-25
ENGINEERING_SAMPLE,ofi_1s,Q4,5000,1000,1438,99.86091794158554,-10.08872153435398,-10.052736166309996,0.0,-10.844090103771197,-9.314626723984919,-7.761422675361198,-11.950813240034707,10.038284251995199,-4.365132000175091e-25
ENGINEERING_SAMPLE,ofi_1s,Q4,5000,500,1438,99.86091794158554,-10.08872153435398,-10.052736166309996,0.0,-10.844090103771197,-9.314626723984919,-7.761422675361198,-11.950813240034707,10.038284251995199,0.0
ENGINEERING_SAMPLE,ofi_1s,Q4,60000,100,1438,96.94019471488178,-9.682778570872248,-9.947283562271785,0.9325681492109039,-14.012051244169603,-4.298784348486767,-7.761422675361198,-11.950813240034707,10.041929429107775,2.853823659253527e-05
ENGINEERING_SAMPLE,ofi_1s,Q4,60000,1000,1438,96.94019471488178,-9.683102670080926,-9.947283562271785,0.9325681492109039,-14.012051244169603,-4.298784348486767,-7.761422675361198,-11.950813240034707,10.04225346903396,0.00035257816277791114
ENGINEERING_SAMPLE,ofi_1s,Q4,60000,500,1438,96.94019471488178,-9.682806103085008,-9.947283562271785,0.9325681492109039,-14.012051244169603,-4.298784348486767,-7.761422675361198,-11.950813240034707,10.041956967233558,5.607636237421894e-05
ENGINEERING_SAMPLE,ofi_1s,Q5,1000,100,1439,100.0,-10.121548833330541,-10.052751459167048,0.0,-10.474729091620278,-10.052672864919504,-8.048120617612367,-12.177754565721404,10.046346347588221,-4.320509579274603e-25
ENGINEERING_SAMPLE,ofi_1s,Q5,1000,1000,1439,100.0,-10.121548833330541,-10.052751459167048,0.0,-10.474729091620278,-10.052672864919504,-8.048120617612367,-12.177754565721404,10.046346347588221,-4.320509579274603e-25
ENGINEERING_SAMPLE,ofi_1s,Q5,1000,500,1439,100.0,-10.121548833330541,-10.052751459167048,0.0,-10.474729091620278,-10.052672864919504,-8.048120617612367,-12.177754565721404,10.046346347588221,0.0
ENGINEERING_SAMPLE,ofi_1s,Q5,15000,100,1439,98.81862404447533,-10.291579235808666,-10.2113278485959,0.0,-12.267559533221593,-8.634350867561267,-8.048120617612367,-12.177754565721404,10.038419826983384,1.1722207308873002e-05
ENGINEERING_SAMPLE,ofi_1s,Q5,15000,1000,1439,98.81862404447533,-10.291913369256127,-10.2113278485959,0.0,-12.267559533221593,-8.654773903367843,-8.048120617612367,-12.177754565721404,10.038753818242224,0.0003457134661485152
ENGINEERING_SAMPLE,ofi_1s,Q5,15000,500,1439,98.81862404447533,-10.291604464787174,-10.2113278485959,0.0,-12.267559533221593,-8.634350867561267,-8.048120617612367,-12.177754565721404,10.038445043538953,3.69387628768702e-05
ENGINEERING_SAMPLE,ofi_1s,Q5,250,100,1439,100.0,-10.076561996997926,-10.052743950656334,0.0,-10.052828614575523,-10.052675083448284,-8.048120617612367,-12.177754565721404,10.053075846183665,2.8106119523276718e-05
ENGINEERING_SAMPLE,ofi_1s,Q5,250,1000,1439,100.0,-10.076883035004487,-10.052743950656334,0.0,-10.052828614575523,-10.052675083448284,-8.048120617612367,-12.177754565721404,10.05339671662189,0.00034897655774870825
ENGINEERING_SAMPLE,ofi_1s,Q5,250,500,1439,100.0,-10.076603083265788,-10.052743950656334,0.0,-10.052828614575523,-10.052675083448284,-8.048120617612367,-12.177754565721404,10.053116909071042,6.916900689925402e-05
ENGINEERING_SAMPLE,ofi_1s,Q5,3000,100,1439,99.86101459346769,-10.233591150062242,-10.052764256369418,0.0,-11.069233721253775,-9.630735077067982,-8.048120617612367,-12.177754565721404,10.049077105003336,8.07515582804347e-05
ENGINEERING_SAMPLE,ofi_1s,Q5,3000,1000,1439,99.86101459346769,-10.23399324028087,-10.052764256369418,0.0,-11.075578338755871,-9.630735077067982,-8.048120617612367,-12.177754565721404,10.049478951770071,0.0004825983250156656
ENGINEERING_SAMPLE,ofi_1s,Q5,3000,500,1439,99.86101459346769,-10.233867853330134,-10.052764256369418,0.0,-11.075578338755871,-9.630735077067982,-8.048120617612367,-12.177754565721404,10.049353641643144,0.0003572881980881223
ENGINEERING_SAMPLE,ofi_1s,Q5,30000,100,1439,97.22029186935372,-10.161972115105527,-10.1582668944571,0.0,-13.057005736923344,-7.206558672461478,-8.048120617612367,-12.177754565721404,10.039562326507609,-9.774985721678284e-26
ENGINEERING_SAMPLE,ofi_1s,Q5,30000,1000,1439,97.22029186935372,-10.161972115105527,-10.1582668944571,0.0,-13.057005736923344,-7.206558672461478,-8.048120617612367,-12.177754565721404,10.039562326507609,-9.774985721678284e-26
ENGINEERING_SAMPLE,ofi_1s,Q5,30000,500,1439,97.22029186935372,-10.161972115105527,-10.1582668944571,0.0,-13.057005736923344,-7.206558672461478,-8.048120617612367,-12.177754565721404,10.039562326507609,0.0
ENGINEERING_SAMPLE,ofi_1s,Q5,500,100,1439,100.0,-10.09863176548126,-10.052747287508303,0.0,-10.263730875887012,-10.05267430694569,-8.048120617612367,-12.177754565721404,10.053183894219663,6.872980267041643e-05
ENGINEERING_SAMPLE,ofi_1s,Q5,500,1000,1439,100.0,-10.09888029230325,-10.052747287508303,0.0,-10.263736437541517,-10.05267430694569,-8.048120617612367,-12.177754565721404,10.053432288449686,0.00031712403269401206
ENGINEERING_SAMPLE,ofi_1s,Q5,500,500,1439,100.0,-10.098813031695137,-10.052747287508303,0.0,-10.263736437541517,-10.05267430694569,-8.048120617612367,-12.177754565721404,10.05336506353607,0.00024989911907712575
ENGINEERING_SAMPLE,ofi_1s,Q5,5000,100,1439,99.65253648366921,-10.307038733747627,-10.052786248667813,0.0,-11.583412024752189,-9.208756460883263,-8.048120617612367,-12.177754565721404,10.041723443926482,5.0616164479473584e-05
ENGINEERING_SAMPLE,ofi_1s,Q5,5000,1000,1439,99.65253648366921,-10.307303521615365,-10.052786248667813,0.0,-11.583412024752189,-9.208756460883263,-8.048120617612367,-12.177754565721404,10.04198802620003,0.00031519843802935935
ENGINEERING_SAMPLE,ofi_1s,Q5,5000,500,1439,99.65253648366921,-10.307213727549849,-10.052786248667813,0.0,-11.583412024752189,-9.208756460883263,-8.048120617612367,-12.177754565721404,10.04189830170888,0.0002254739468786257
ENGINEERING_SAMPLE,ofi_1s,Q5,60000,100,1439,96.52536483669215,-10.119283226691332,-10.105444542810169,0.28797696184305255,-14.236206519050894,-5.569835111542192,-8.048120617612367,-12.177754565721404,10.043520689125815,3.0088062109602818e-05
ENGINEERING_SAMPLE,ofi_1s,Q5,60000,1000,1439,96.52536483669215,-10.119375221459629,-10.105444542810169,0.28797696184305255,-14.236206519050894,-5.569835111542192,-8.048120617612367,-12.177754565721404,10.043612617053457,0.00012201598975175315
ENGINEERING_SAMPLE,ofi_1s,Q5,60000,500,1439,96.52536483669215,-10.119345400862663,-10.105444542810169,0.28797696184305255,-14.236206519050894,-5.569835111542192,-8.048120617612367,-12.177754565721404,10.043582818651775,9.221758807014891e-05
ENGINEERING_SAMPLE,ofi_250ms,Q1,1000,100,1439,99.93050729673384,-10.009777819743139,-10.05273394263306,0.0,-10.052828224054156,-9.789052990457343,-7.548802541085371,-11.932097989623761,10.061472221671911,3.36218142232684e-05
ENGINEERING_SAMPLE,ofi_250ms,Q1,1000,1000,1439,99.93050729673384,-10.00993623719772,-10.05273394263306,0.0,-10.052828224054156,-9.789052990457343,-7.548920088306704,-11.932215489205062,10.06163055904408,0.00019195918639078032
ENGINEERING_SAMPLE,ofi_250ms,Q1,1000,500,1439,99.93050729673384,-10.009842074010493,-10.05273394263306,0.0,-10.052828224054156,-9.789052990457343,-7.548866733936478,-11.93216216057609,10.061536444660101,9.784480241375645e-05
ENGINEERING_SAMPLE,ofi_250ms,Q1,15000,100,1439,99.09659485753996,-9.913998560997005,-10.052726994851147,0.0,-11.89850198715989,-7.652932067230184,-7.548802541085371,-11.932097989623761,10.071888514531253,6.180406606219333e-05
ENGINEERING_SAMPLE,ofi_250ms,Q1,15000,1000,1439,99.09659485753996,-9.914151269199047,-10.052726994851147,0.0,-11.89850198715989,-7.652932067230184,-7.548920088306704,-11.932215489205062,10.072041175528947,0.00021446506375556276
ENGINEERING_SAMPLE,ofi_250ms,Q1,15000,500,1439,99.09659485753996,-9.914085359431281,-10.052726994851147,0.0,-11.89850198715989,-7.652932067230184,-7.548866733936478,-11.93216216057609,10.071975282980917,0.0001485725157267212
ENGINEERING_SAMPLE,ofi_250ms,Q1,250,100,1439,100.0,-10.038317611399734,-10.052738390174477,0.0,-10.052814113324676,-10.05267203301939,-7.548802541085371,-11.932097989623761,10.063238200064044,8.264624856857274e-05
ENGINEERING_SAMPLE,ofi_250ms,Q1,250,1000,1439,100.0,-10.038700843006595,-10.052738390174477,0.0,-10.052814113324676,-10.05267203301939,-7.548920088306704,-11.932215489205062,10.063621239896786,0.00046568608131060873
ENGINEERING_SAMPLE,ofi_250ms,Q1,250,500,1439,100.0,-10.038558485720015,-10.052738390174477,0.0,-10.052814113324676,-10.05267203301939,-7.548866733936478,-11.93216216057609,10.063478952969099,0.0003233991536223923
ENGINEERING_SAMPLE,ofi_250ms,Q1,3000,100,1439,99.79152189020152,-9.94040007714562,-10.052726439107682,0.0,-10.475163998720966,-9.103943293728017,-7.548802541085371,-11.932097989623761,10.069803848963145,8.954672348898984e-05
ENGINEERING_SAMPLE,ofi_250ms,Q1,3000,1000,1439,99.79152189020152,-9.940633308636123,-10.052726439107682,0.0,-10.475163998720966,-9.103943293728017,-7.548920088306704,-11.932215489205062,10.070036973222152,0.0003226709824950868
ENGINEERING_SAMPLE,ofi_250ms,Q1,3000,500,1439,99.79152189020152,-9.94052250412062,-10.052726439107682,0.0,-10.475163998720966,-9.103943293728017,-7.548866733936478,-11.93216216057609,10.069926218790023,0.00021191655036647378
ENGINEERING_SAMPLE,ofi_250ms,Q1,30000,100,1439,97.63724808895066,-9.789177598185525,-9.947283006739134,0.0,-12.74329283725639,-6.7781179886498615,-7.548802541085371,-11.932097989623761,10.068952932397208,8.463508873918597e-05
ENGINEERING_SAMPLE,ofi_250ms,Q1,30000,1000,1439,97.63724808895066,-9.789569944710436,-9.947283006739134,0.0,-12.74329283725639,-6.7781179886498615,-7.548920088306704,-11.932215489205062,10.069345213061219,0.00047691575274841694
ENGINEERING_SAMPLE,ofi_250ms,Q1,30000,500,1439,97.63724808895066,-9.789424149753573,-9.947283006739134,0.0,-12.74329283725639,-6.7781179886498615,-7.548866733936478,-11.93216216057609,10.06919944329087,0.00033114598240124003
ENGINEERING_SAMPLE,ofi_250ms,Q1,500,100,1439,100.0,-10.031921174205149,-10.052736722258533,0.0,-10.052822032252738,-10.052668428422527,-7.548802541085371,-11.932097989623761,10.06570401672685,0.0001232782645456487
ENGINEERING_SAMPLE,ofi_250ms,Q1,500,1000,1439,100.0,-10.032525931646468,-10.052736722258533,0.0,-10.052822032252738,-10.052668428422527,-7.548920088306704,-11.932215489205062,10.066308461661944,0.0007277231996400776
ENGINEERING_SAMPLE,ofi_250ms,Q1,500,500,1439,100.0,-10.032279355030408,-10.052736722258533,0.0,-10.052822032252738,-10.052668428422527,-7.548866733936478,-11.93216216057609,10.066062009734036,0.0004812712717314878
ENGINEERING_SAMPLE,ofi_250ms,Q1,5000,100,1439,99.65253648366921,-9.931561948112972,-10.052723938407057,0.0,-10.843588350381026,-8.838842293247588,-7.548802541085371,-11.932097989623761,10.067776717296288,3.3715598921241254e-05
ENGINEERING_SAMPLE,ofi_250ms,Q1,5000,1000,1439,99.65253648366921,-9.931679924237118,-10.052723938407057,0.0,-10.843588350381026,-8.838842293247588,-7.548920088306704,-11.932215489205062,10.067894642418267,0.00015164072090061753
ENGINEERING_SAMPLE,ofi_250ms,Q1,5000,500,1439,99.65253648366921,-9.9316263816112,-10.052723938407057,0.0,-10.843588350381026,-8.838842293247588,-7.548866733936478,-11.93216216057609,10.067841119428099,9.81177307329022e-05
ENGINEERING_SAMPLE,ofi_250ms,Q1,60000,100,1439,96.80333564975678,-9.60375124126656,-9.578470613018748,0.43072505384063176,-14.120893047620054,-4.6707257902897465,-7.548802541085371,-11.932097989623761,10.067167862423897,3.4707946053883675e-05
ENGINEERING_SAMPLE,ofi_250ms,Q1,60000,1000,1439,96.80333564975678,-9.603872676470543,-9.578470613018748,0.43072505384063176,-14.120893047620054,-4.6707257902897465,-7.548920088306704,-11.932215489205062,10.067289258421686,0.00015610394384169818
ENGINEERING_SAMPLE,ofi_250ms,Q1,60000,500,1439,96.80333564975678,-9.603817558114983,-9.578470613018748,0.43072505384063176,-14.120893047620054,-4.6707257902897465,-7.548866733936478,-11.93216216057609,10.067234160095841,0.00010100561799783329
ENGINEERING_SAMPLE,ofi_250ms,Q2,1000,100,1438,99.86091794158554,-10.038523491641028,-10.052736722258533,0.0,-10.052826104173816,-10.052668982943777,-7.587127542618449,-11.910876524186312,10.052127256974888,-8.842990317345978e-25
ENGINEERING_SAMPLE,ofi_250ms,Q2,1000,1000,1438,99.86091794158554,-10.038614361350122,-10.052736722258533,0.0,-10.052826104173816,-10.052668982943777,-7.587218311144602,-11.910980544569917,10.052218080805806,9.082383091887407e-05
ENGINEERING_SAMPLE,ofi_250ms,Q2,1000,500,1438,99.86091794158554,-10.038594990712784,-10.052736722258533,0.0,-10.052826104173816,-10.052668982943777,-7.58719896227493,-11.91094793179005,10.052198720146974,7.146317208673109e-05
ENGINEERING_SAMPLE,ofi_250ms,Q2,15000,100,1438,99.30458970792768,-9.889568265631851,-10.05272199358167,0.0,-11.741220460190807,-7.993720316622691,-7.587127542618449,-11.910876524186312,10.050487314038959,2.8324303047558177e-05
ENGINEERING_SAMPLE,ofi_250ms,Q2,15000,1000,1438,99.30458970792768,-9.889868753276605,-10.05272199358167,0.0,-11.741220460190807,-7.993720316622691,-7.587218311144602,-11.910980544569917,10.050787646100941,0.0003286563650289044
ENGINEERING_SAMPLE,ofi_250ms,Q2,15000,500,1438,99.30458970792768,-9.889681189321287,-10.05272199358167,0.0,-11.741220460190807,-7.993720316622691,-7.58719896227493,-11.91094793179005,10.050600170888494,0.00014118115258242926
ENGINEERING_SAMPLE,ofi_250ms,Q2,250,100,1438,99.93045897079277,-10.052114746336635,-10.052736722258533,0.0,-10.052803799973612,-10.05267203301939,-7.587127542618449,-11.910876524186312,10.051941624763819,-1.0083471426413987e-24
ENGINEERING_SAMPLE,ofi_250ms,Q2,250,1000,1438,99.93045897079277,-10.052205552810024,-10.052736722258533,0.0,-10.052803799973612,-10.05267203301939,-7.587218311144602,-11.910980544569917,10.05203238539096,9.0760627139529e-05
ENGINEERING_SAMPLE,ofi_250ms,Q2,250,500,1438,99.93045897079277,-10.0521861956526,-10.052736722258533,0.0,-10.052803799973612,-10.05267203301939,-7.58719896227493,-11.91094793179005,10.052013038205098,7.141344127804164e-05
ENGINEERING_SAMPLE,ofi_250ms,Q2,3000,100,1438,99.7913769123783,-10.023976567973516,-10.052736166309996,0.0,-10.580796438684377,-9.419666633270232,-7.587127542618449,-11.910876524186312,10.051280669773444,-6.828577983845442e-25
ENGINEERING_SAMPLE,ofi_250ms,Q2,3000,1000,1438,99.7913769123783,-10.02419390724997,-10.052736166309996,0.0,-10.580796438684377,-9.419666633270232,-7.587218311144602,-11.910980544569917,10.051497923615306,0.00021725384186084784
ENGINEERING_SAMPLE,ofi_250ms,Q2,3000,500,1438,99.7913769123783,-10.024052675388008,-10.052736166309996,0.0,-10.580796438684377,-9.419666633270232,-7.58719896227493,-11.91094793179005,10.051356739837901,7.607006445640019e-05
ENGINEERING_SAMPLE,ofi_250ms,Q2,30000,100,1438,98.74826147426982,-9.777687204776868,-9.947206481356307,0.0,-12.643349015296936,-6.836713723382393,-7.587127542618449,-11.910876524186312,10.05256351419744,8.567386839271721e-26
ENGINEERING_SAMPLE,ofi_250ms,Q2,30000,1000,1438,98.74826147426982,-9.777779107094036,-9.947206481356307,0.0,-12.643349015296936,-6.836713723382393,-7.587218311144602,-11.910980544569917,10.052655361395466,9.184719802781914e-05
ENGINEERING_SAMPLE,ofi_250ms,Q2,30000,500,1438,98.74826147426982,-9.7777595163363,-9.947206481356307,0.0,-12.643349015296936,-6.836713723382393,-7.58719896227493,-11.91094793179005,10.052635782588366,7.226839092714496e-05
ENGINEERING_SAMPLE,ofi_250ms,Q2,500,100,1438,99.86091794158554,-10.042484743505453,-10.052736722258533,0.0,-10.052807701848929,-10.052670923860113,-7.587127542618449,-11.910876524186312,10.046610641605803,-9.577022552648611e-25
ENGINEERING_SAMPLE,ofi_250ms,Q2,500,1000,1438,99.86091794158554,-10.042575613214547,-10.052736722258533,0.0,-10.052807701848929,-10.052670923860113,-7.587218311144602,-11.910980544569917,10.04670146543672,9.082383091887407e-05
ENGINEERING_SAMPLE,ofi_250ms,Q2,500,500,1438,99.86091794158554,-10.042556242577211,-10.052736722258533,0.0,-10.052807701848929,-10.052670923860113,-7.58719896227493,-11.91094793179005,10.04668210477789,7.146317208673109e-05
ENGINEERING_SAMPLE,ofi_250ms,Q2,5000,100,1438,99.7913769123783,-10.0049124295717,-10.052730051649625,0.0,-10.897489341044366,-9.05045871559633,-7.587127542618449,-11.910876524186312,10.051891478116167,2.3550843794172588e-05
ENGINEERING_SAMPLE,ofi_250ms,Q2,5000,1000,1438,99.7913769123783,-10.005263561558511,-10.052730051649625,0.0,-10.897489341044366,-9.05045871559633,-7.587218311144602,-11.910980544569917,10.052242435996005,0.00037450872363334076
ENGINEERING_SAMPLE,ofi_250ms,Q2,5000,500,1438,99.7913769123783,-10.00505907642247,-10.052730051649625,0.0,-10.897489341044366,-9.05045871559633,-7.58719896227493,-11.91094793179005,10.052038042310949,0.0001701150385766447
ENGINEERING_SAMPLE,ofi_250ms,Q2,60000,100,1438,96.87065368567455,-9.572298758510938,-9.947331571577473,0.5025125628140703,-13.955300375738343,-4.364418825015793,-7.587127542618449,-11.910876524186312,10.050633624125856,-3.1776923150215388e-25
ENGINEERING_SAMPLE,ofi_250ms,Q2,60000,1000,1438,96.87065368567455,-9.572392438183979,-9.947331571577473,0.5025125628140703,-13.955300375738343,-4.364418825015793,-7.587218311144602,-11.910980544569917,10.050727251563902,9.36274380470231e-05
ENGINEERING_SAMPLE,ofi_250ms,Q2,60000,500,1438,96.87065368567455,-9.572372468548439,-9.947331571577473,0.5025125628140703,-13.955300375738343,-4.364418825015793,-7.58719896227493,-11.91094793179005,10.05070729326808,7.366914222293313e-05
ENGINEERING_SAMPLE,ofi_250ms,Q3,1000,100,1439,100.0,-10.048963099385967,-10.052726994851147,0.0,-10.052803799973612,-10.052668982943777,-7.847343062256557,-11.85317633991182,10.056611087656375,-5.453397344601442e-25
ENGINEERING_SAMPLE,ofi_250ms,Q3,1000,1000,1439,100.0,-10.048963099385967,-10.052726994851147,0.0,-10.052803799973612,-10.052668982943777,-7.847343062256557,-11.85317633991182,10.056611087656375,-5.453397344601442e-25
ENGINEERING_SAMPLE,ofi_250ms,Q3,1000,500,1439,100.0,-10.048963099385967,-10.052726994851147,0.0,-10.052803799973612,-10.052668982943777,-7.847343062256557,-11.85317633991182,10.056611087656375,0.0
ENGINEERING_SAMPLE,ofi_250ms,Q3,15000,100,1439,99.5135510771369,-9.910553613252917,-10.05272199358167,0.0,-11.74137658227848,-8.209188588756167,-7.847343062256557,-11.85317633991182,10.054812510653479,-3.0165062014134874e-25
ENGINEERING_SAMPLE,ofi_250ms,Q3,15000,1000,1439,99.5135510771369,-9.910667647614854,-10.05272199358167,0.0,-11.74137658227848,-8.209188588756167,-7.847343062256557,-11.85317633991182,10.054926505753867,0.00011399510038651507
ENGINEERING_SAMPLE,ofi_250ms,Q3,15000,500,1439,99.5135510771369,-9.910553972648582,-10.05272199358167,0.0,-11.74137658227848,-8.209188588756167,-7.847343062256557,-11.85317633991182,10.054812869925406,3.592719267333081e-07
ENGINEERING_SAMPLE,ofi_250ms,Q3,250,100,1439,100.0,-10.0496222877918,-10.052726994851147,0.0,-10.05279209780653,-10.052672864919504,-7.847343062256557,-11.85317633991182,10.05359482721406,-5.343155333235019e-25
ENGINEERING_SAMPLE,ofi_250ms,Q3,250,1000,1439,100.0,-10.0496222877918,-10.052726994851147,0.0,-10.05279209780653,-10.052672864919504,-7.847343062256557,-11.85317633991182,10.05359482721406,-5.343155333235019e-25
ENGINEERING_SAMPLE,ofi_250ms,Q3,250,500,1439,100.0,-10.0496222877918,-10.052726994851147,0.0,-10.05279209780653,-10.052672864919504,-7.847343062256557,-11.85317633991182,10.05359482721406,0.0
ENGINEERING_SAMPLE,ofi_250ms,Q3,3000,100,1439,99.93050729673384,-10.021176500819154,-10.05272671697795,0.0,-10.384880102118123,-9.525003956322204,-7.847343062256557,-11.85317633991182,10.054214034116875,-4.101130711758173e-25
ENGINEERING_SAMPLE,ofi_250ms,Q3,3000,1000,1439,99.93050729673384,-10.021290050097125,-10.05272671697795,0.0,-10.384880102118123,-9.525003956322204,-7.847343062256557,-11.85317633991182,10.05432754789049,0.00011351377361438137
ENGINEERING_SAMPLE,ofi_250ms,Q3,3000,500,1439,99.93050729673384,-10.021176857555261,-10.05272671697795,0.0,-10.384880102118123,-9.525003956322204,-7.847343062256557,-11.85317633991182,10.05421439074144,3.5662456401956393e-07
ENGINEERING_SAMPLE,ofi_250ms,Q3,30000,100,1439,99.30507296733843,-9.950680673549035,-10.052680630587938,0.0,-12.74329283725639,-7.361689784294077,-7.847343062256557,-11.85317633991182,10.052417965496376,1.8099217128004164e-25
ENGINEERING_SAMPLE,ofi_250ms,Q3,30000,1000,1439,99.30507296733843,-9.950794872620657,-10.052680630587938,0.0,-12.74329283725639,-7.361689784294077,-7.847343062256557,-11.85317633991182,10.052532154135553,0.00011418863917803804
ENGINEERING_SAMPLE,ofi_250ms,Q3,30000,500,1439,99.30507296733843,-9.950681024362883,-10.052680630587938,0.0,-12.74329283725639,-7.361689784294077,-7.847343062256557,-11.85317633991182,10.052418316278175,3.5078179909473956e-07
ENGINEERING_SAMPLE,ofi_250ms,Q3,500,100,1439,100.0,-10.047426178123217,-10.052726994851147,0.0,-10.052796833773087,-10.052671589352176,-7.847343062256557,-11.85317633991182,10.052970173336602,-5.526380811216128e-25
ENGINEERING_SAMPLE,ofi_250ms,Q3,500,1000,1439,100.0,-10.047466915927295,-10.052726994851147,0.0,-10.052796833773087,-10.052671589352176,-7.847343062256557,-11.85317633991182,10.053010885300646,4.0711964043402735e-05
ENGINEERING_SAMPLE,ofi_250ms,Q3,500,500,1439,100.0,-10.047426178123217,-10.052726994851147,0.0,-10.052796833773087,-10.052671589352176,-7.847343062256557,-11.85317633991182,10.052970173336602,0.0
ENGINEERING_SAMPLE,ofi_250ms,Q3,5000,100,1439,99.79152189020152,-9.96890914394849,-10.052723938407057,0.0,-10.790934101759492,-9.05045871559633,-7.847343062256557,-11.85317633991182,10.048748526836057,-3.373579995940373e-25
ENGINEERING_SAMPLE,ofi_250ms,Q3,5000,1000,1439,99.79152189020152,-9.96890914394849,-10.052723938407057,0.0,-10.790934101759492,-9.05045871559633,-7.847343062256557,-11.85317633991182,10.048748526836057,-3.373579995940373e-25
ENGINEERING_SAMPLE,ofi_250ms,Q3,5000,500,1439,99.79152189020152,-9.96890914394849,-10.052723938407057,0.0,-10.790934101759492,-9.05045871559633,-7.847343062256557,-11.85317633991182,10.048748526836057,0.0
ENGINEERING_SAMPLE,ofi_250ms,Q3,60000,100,1439,96.24739402362752,-9.727380284448287,-9.947331571577473,0.5776173285198556,-13.846435399013066,-4.727856205637321,-7.847343062256557,-11.85317633991182,10.055434717500065,-2.814993446144945e-25
ENGINEERING_SAMPLE,ofi_250ms,Q3,60000,1000,1439,96.24739402362752,-9.727380284448287,-9.947331571577473,0.5776173285198556,-13.846435399013066,-4.727856205637321,-7.847343062256557,-11.85317633991182,10.055434717500065,-2.814993446144945e-25
ENGINEERING_SAMPLE,ofi_250ms,Q3,60000,500,1439,96.24739402362752,-9.727380284448287,-9.947331571577473,0.5776173285198556,-13.846435399013066,-4.727856205637321,-7.847343062256557,-11.85317633991182,10.055434717500065,0.0
ENGINEERING_SAMPLE,ofi_250ms,Q4,1000,100,1437,100.0,-10.046168328924747,-10.052728940045535,0.0,-10.052826104173816,-10.052669315663534,-7.782214883004002,-11.914597914484936,10.051603190556893,4.320578527206824e-05
ENGINEERING_SAMPLE,ofi_250ms,Q4,1000,1000,1437,100.0,-10.04637204028897,-10.052728940045535,0.0,-10.052826104173816,-10.052669537476705,-7.782418576140611,-11.914801452718688,10.051806796580523,0.00024681180890189094
ENGINEERING_SAMPLE,ofi_250ms,Q4,1000,500,1437,100.0,-10.046324971272256,-10.052728940045535,0.0,-10.052826104173816,-10.052669537476705,-7.7823715130437,-11.914754425270658,10.051759752965225,0.0001997681936028951
ENGINEERING_SAMPLE,ofi_250ms,Q4,15000,100,1437,98.8865692414753,-10.008653597470794,-10.052723938407057,0.0,-11.89850198715989,-8.209188588756167,-7.782214883004002,-11.914597914484936,10.052995233519708,4.3692268427841005e-05
ENGINEERING_SAMPLE,ofi_250ms,Q4,15000,1000,1437,98.8865692414753,-10.008917237503953,-10.052723938407057,0.0,-11.89850198715989,-8.209188588756167,-7.782418576140611,-11.914801452718688,10.05325869672481,0.00030715547353190806
ENGINEERING_SAMPLE,ofi_250ms,Q4,15000,500,1437,98.8865692414753,-10.008853085777027,-10.052723938407057,0.0,-11.89850198715989,-8.209188588756167,-7.7823715130437,-11.914754425270658,10.05319458959498,0.0002430483437013227
ENGINEERING_SAMPLE,ofi_250ms,Q4,250,100,1437,100.0,-10.054942566545115,-10.052728940045535,0.0,-10.052807701848929,-10.052675083448284,-7.782214883004002,-11.914597914484936,10.052768485541721,4.320578527206824e-05
ENGINEERING_SAMPLE,ofi_250ms,Q4,250,1000,1437,100.0,-10.055203228747892,-10.052728940045535,0.0,-10.052807701848929,-10.052675083448284,-7.782418576140611,-11.914801452718688,10.053029011994804,0.0003037322383545897
ENGINEERING_SAMPLE,ofi_250ms,Q4,250,500,1437,100.0,-10.055139797997084,-10.052728940045535,0.0,-10.052807701848929,-10.052675083448284,-7.7823715130437,-11.914754425270658,10.052965615381817,0.00024033562536742367
ENGINEERING_SAMPLE,ofi_250ms,Q4,3000,100,1437,99.72164231036882,-10.062894085617815,-10.052728940045535,0.0,-10.68626468136298,-9.367282730707815,-7.782214883004002,-11.914597914484936,10.052270142199493,5.496364076468153e-05
ENGINEERING_SAMPLE,ofi_250ms,Q4,3000,1000,1437,99.72164231036882,-10.063148451985292,-10.052728940045535,0.0,-10.68626468136298,-9.367282730707815,-7.782418576140611,-11.914801452718688,10.052524381925224,0.0003092033664942473
ENGINEERING_SAMPLE,ofi_250ms,Q4,3000,500,1437,99.72164231036882,-10.06307126129567,-10.052728940045535,0.0,-10.68626468136298,-9.367282730707815,-7.7823715130437,-11.914754425270658,10.052447234773368,0.0002320562146393974
ENGINEERING_SAMPLE,ofi_250ms,Q4,30000,100,1437,98.12108559498957,-9.94001351319751,-10.052675083448284,0.0,-12.68802844725405,-7.154676637876554,-7.782214883004002,-11.914597914484936,10.052465351059862,7.271270107489981e-05
ENGINEERING_SAMPLE,ofi_250ms,Q4,30000,1000,1437,98.12108559498957,-9.940391227773187,-10.052675083448284,0.0,-12.68802844725405,-7.154676637876554,-7.782418576140611,-11.914801452718688,10.052842915887377,0.00045027752858957214
ENGINEERING_SAMPLE,ofi_250ms,Q4,30000,500,1437,98.12108559498957,-9.94021467525629,-10.052675083448284,0.0,-12.68802844725405,-7.154676637876554,-7.7823715130437,-11.914754425270658,10.05266640596004,0.00027376760125188206
ENGINEERING_SAMPLE,ofi_250ms,Q4,500,100,1437,100.0,-10.051557199112299,-10.052728662151836,0.0,-10.052810489255798,-10.052671755725191,-7.782214883004002,-11.914597914484936,10.046508538280108,4.320578527206824e-05
ENGINEERING_SAMPLE,ofi_250ms,Q4,500,1000,1437,100.0,-10.05176091047652,-10.052728662151836,0.0,-10.052810489255798,-10.05267192210171,-7.782418576140611,-11.914801452718688,10.046712144303738,0.00024681180890189094
ENGINEERING_SAMPLE,ofi_250ms,Q4,500,500,1437,100.0,-10.051713841459806,-10.052728662151836,0.0,-10.052810489255798,-10.05267192210171,-7.7823715130437,-11.914754425270658,10.04666510068844,0.0001997681936028951
ENGINEERING_SAMPLE,ofi_250ms,Q4,5000,100,1437,99.58246346555323,-10.051957495327823,-10.05272671697795,0.0,-10.95055368472168,-9.102870434837648,-7.782214883004002,-11.914597914484936,10.047011071823746,0.00010040166800582348
ENGINEERING_SAMPLE,ofi_250ms,Q4,5000,1000,1437,99.58246346555323,-10.0522837559533,-10.05272671697795,0.0,-10.95055368472168,-9.102870434837648,-7.782418576140611,-11.914801452718688,10.047337192763584,0.0004265226078420925
ENGINEERING_SAMPLE,ofi_250ms,Q4,5000,500,1437,99.58246346555323,-10.052193774504138,-10.05272671697795,0.0,-10.95055368472168,-9.102870434837648,-7.7823715130437,-11.914754425270658,10.047247250309827,0.0003365801540856831
ENGINEERING_SAMPLE,ofi_250ms,Q4,60000,100,1437,96.3813500347947,-9.741613161548727,-10.052668428422527,0.6498194945848376,-13.900338211587698,-4.6935779564287685,-7.782214883004002,-11.914597914484936,10.049883396479387,4.4827951939322795e-05
ENGINEERING_SAMPLE,ofi_250ms,Q4,60000,1000,1437,96.3813500347947,-9.742132282107386,-10.052668428422527,0.6498194945848376,-13.900338211587698,-4.6935779564287685,-7.782418576140611,-11.914801452718688,10.050402422265192,0.00056385373774359
ENGINEERING_SAMPLE,ofi_250ms,Q4,60000,500,1437,96.3813500347947,-9.741822806987608,-10.052668428422527,0.6498194945848376,-13.900338211587698,-4.6935779564287685,-7.7823715130437,-11.914754425270658,10.050092994332404,0.00025442580495581117
ENGINEERING_SAMPLE,ofi_250ms,Q5,1000,100,1439,99.93050729673384,-10.101619991559613,-10.052750902907759,0.0,-10.474340248925849,-10.052670923860113,-7.901991680515745,-12.137935785631003,10.037538454111273,-4.689050891972043e-25
ENGINEERING_SAMPLE,ofi_250ms,Q5,1000,1000,1439,99.93050729673384,-10.101733620981888,-10.052750902907759,0.0,-10.474536952983156,-10.052670923860113,-7.901991680515745,-12.137935785631003,10.03765202285512,0.00011356874384717356
ENGINEERING_SAMPLE,ofi_250ms,Q5,1000,500,1439,99.93050729673384,-10.10162035948102,-10.052750902907759,0.0,-10.474340248925849,-10.052670923860113,-7.901991680515745,-12.137935785631003,10.03753882183621,3.677249359799173e-07
ENGINEERING_SAMPLE,ofi_250ms,Q5,15000,100,1439,98.95760945100764,-10.224226720130057,-10.21130553238223,0.0,-12.25306931958698,-8.434008400660597,-7.901991680515745,-12.137935785631003,10.034960583109944,1.1705743534562787e-05
ENGINEERING_SAMPLE,ofi_250ms,Q5,15000,1000,1439,98.95760945100764,-10.224277123847731,-10.21130553238223,0.0,-12.25306931958698,-8.434008400660597,-7.901991680515745,-12.137935785631003,10.035010960179017,6.208281260776789e-05
ENGINEERING_SAMPLE,ofi_250ms,Q5,15000,500,1439,98.95760945100764,-10.224246955014806,-10.21130553238223,0.0,-12.25306931958698,-8.434008400660597,-7.901991680515745,-12.137935785631003,10.034980807296447,3.192993003762243e-05
ENGINEERING_SAMPLE,ofi_250ms,Q5,250,100,1439,99.93050729673384,-10.06588553700772,-10.052745062893413,0.0,-10.052826383095557,-10.052672864919504,-7.901991680515745,-12.137935785631003,10.04286218563009,3.9717576072408464e-05
ENGINEERING_SAMPLE,ofi_250ms,Q5,250,1000,1439,99.93050729673384,-10.06625671165341,-10.052745062893413,0.0,-10.052826383095557,-10.052672864919504,-7.901991680515745,-12.137935785631003,10.043233165938805,0.0004106978847867502
ENGINEERING_SAMPLE,ofi_250ms,Q5,250,500,1439,99.93050729673384,-10.065946689730483,-10.052745062893413,0.0,-10.052826383095557,-10.052672864919504,-7.901991680515745,-12.137935785631003,10.042923304256538,0.00010083620251918153
ENGINEERING_SAMPLE,ofi_250ms,Q5,3000,100,1439,99.86101459346769,-10.166181671048683,-10.052757022405256,0.0,-11.002082235108066,-9.578660551560743,-7.901991680515745,-12.137935785631003,10.04015261435447,7.40288464860026e-05
ENGINEERING_SAMPLE,ofi_250ms,Q5,3000,1000,1439,99.86101459346769,-10.166734515950488,-10.052757022405256,0.0,-11.002082235108066,-9.578660551560743,-7.901991680515745,-12.137935785631003,10.040705089876825,0.0006265043688419758
ENGINEERING_SAMPLE,ofi_250ms,Q5,3000,500,1439,99.86101459346769,-10.166577308798706,-10.052757022405256,0.0,-11.002082235108066,-9.578660551560743,-7.901991680515745,-12.137935785631003,10.040547990411296,0.0004694049033122973
ENGINEERING_SAMPLE,ofi_250ms,Q5,30000,100,1439,97.77623349548297,-10.122643524961635,-10.105628226649353,0.0,-13.057005736923344,-7.154676637876554,-7.901991680515745,-12.137935785631003,10.033156953961788,-1.571719493358896e-25
ENGINEERING_SAMPLE,ofi_250ms,Q5,30000,1000,1439,97.77623349548297,-10.122643524961635,-10.105628226649353,0.0,-13.057005736923344,-7.154676637876554,-7.901991680515745,-12.137935785631003,10.033156953961788,-1.571719493358896e-25
ENGINEERING_SAMPLE,ofi_250ms,Q5,30000,500,1439,97.77623349548297,-10.122643524961635,-10.105628226649353,0.0,-13.057005736923344,-7.154676637876554,-7.901991680515745,-12.137935785631003,10.033156953961788,0.0
ENGINEERING_SAMPLE,ofi_250ms,Q5,500,100,1439,99.93050729673384,-10.081262810996671,-10.052747287508303,0.0,-10.210955896235687,-10.05267194983113,-7.901991680515745,-12.137935785631003,10.0451380429725,8.068711909684978e-05
ENGINEERING_SAMPLE,ofi_250ms,Q5,500,1000,1439,99.93050729673384,-10.081693136492154,-10.052747287508303,0.0,-10.210955896235687,-10.05267194983113,-7.901991680515745,-12.137935785631003,10.045568133558127,0.0005107777047249335
ENGINEERING_SAMPLE,ofi_250ms,Q5,500,500,1439,99.93050729673384,-10.081503320900048,-10.052747287508303,0.0,-10.210955896235687,-10.05267194983113,-7.901991680515745,-12.137935785631003,10.045378419294114,0.0003210634407100061
ENGINEERING_SAMPLE,ofi_250ms,Q5,5000,100,1439,99.79152189020152,-10.210148796384448,-10.052766204314118,0.0,-11.34510002680113,-9.130378390267508,-7.901991680515745,-12.137935785631003,10.03686440022526,7.871957359767227e-05
ENGINEERING_SAMPLE,ofi_250ms,Q5,5000,1000,1439,99.79152189020152,-10.210453974104967,-10.052766204314118,0.0,-11.34510002680113,-9.130378390267508,-7.901991680515745,-12.137935785631003,10.03716934099327,0.0003836603416063468
ENGINEERING_SAMPLE,ofi_250ms,Q5,5000,500,1439,99.79152189020152,-10.210359776363255,-10.052766204314118,0.0,-11.34510002680113,-9.130378390267508,-7.901991680515745,-12.137935785631003,10.037075216245096,0.0002895355934338546
ENGINEERING_SAMPLE,ofi_250ms,Q5,60000,100,1439,96.94232105628909,-9.963712477142934,-10.0527556314857,0.5734767025089605,-14.196144268468862,-5.273417573562366,-7.901991680515745,-12.137935785631003,10.035845279718451,5.84764301650412e-05
ENGINEERING_SAMPLE,ofi_250ms,Q5,60000,1000,1439,96.94232105628909,-9.963822307469375,-10.0527556314857,0.5734767025089605,-14.196144268468862,-5.273417573562366,-7.901991680515745,-12.137935785631003,10.035955050823265,0.00016824753497830702
ENGINEERING_SAMPLE,ofi_250ms,Q5,60000,500,1439,96.94232105628909,-9.963755049808395,-10.0527556314857,0.5734767025089605,-14.196144268468862,-5.273417573562366,-7.901991680515745,-12.137935785631003,10.035887841161635,0.00010103787334957693
ENGINEERING_SAMPLE,ofi_3s,Q1,1000,100,1439,100.0,-9.977561242020748,-10.052730885383452,0.0,-10.052817737890987,-9.789040879259904,-6.8781279806051,-11.80475084074542,10.054310374739948,1.9900872737715537e-05
ENGINEERING_SAMPLE,ofi_3s,Q1,1000,1000,1439,100.0,-9.977814419900001,-10.052730885383452,0.0,-10.052817737890987,-9.789040879259904,-6.878267567968099,-11.80489039334871,10.054563426425679,0.0002729525584678055
ENGINEERING_SAMPLE,ofi_3s,Q1,1000,500,1439,100.0,-9.977651895910512,-10.052730885383452,0.0,-10.052817737890987,-9.789040879259904,-6.878218232569928,-11.804841076190087,10.054400984330282,0.00011051046307064612
ENGINEERING_SAMPLE,ofi_3s,Q1,15000,100,1439,99.86101459346769,-9.62191090505617,-10.0,0.0,-12.002654825303013,-7.09856266081748,-6.8781279806051,-11.80475084074542,10.05746837954022,1.992857054250011e-05
ENGINEERING_SAMPLE,ofi_3s,Q1,15000,1000,1439,99.86101459346769,-9.622050730273287,-10.0,0.0,-12.002654825303013,-7.09856266081748,-6.878267567968099,-11.80489039334871,10.057608135644681,0.00015968467500552302
ENGINEERING_SAMPLE,ofi_3s,Q1,15000,500,1439,99.86101459346769,-9.622001323722657,-10.0,0.0,-12.002654825303013,-7.09856266081748,-6.878218232569928,-11.804841076190087,10.0575587472591,0.00011029628942290929
ENGINEERING_SAMPLE,ofi_3s,Q1,250,100,1439,100.0,-10.03568143581375,-10.052738668170724,0.0,-10.052807701848929,-10.052675083448284,-6.8781279806051,-11.80475084074542,10.055330672784644,4.755377595933493e-05
ENGINEERING_SAMPLE,ofi_3s,Q1,250,1000,1439,100.0,-10.035854850177587,-10.052738668170724,0.0,-10.052807701848929,-10.052675083448284,-6.878267567968099,-11.80489039334871,10.05550400294191,0.00022088393322601947
ENGINEERING_SAMPLE,ofi_3s,Q1,250,500,1439,100.0,-10.035793548258017,-10.052738668170724,0.0,-10.052807701848929,-10.052675083448284,-6.878218232569928,-11.804841076190087,10.055442730390912,0.00015961138222846444
ENGINEERING_SAMPLE,ofi_3s,Q1,3000,100,1439,100.0,-9.859973164703746,-10.052723938407057,0.0,-10.263665544012776,-9.051034119351865,-6.8781279806051,-11.80475084074542,10.061525721547756,4.754943588695819e-05
ENGINEERING_SAMPLE,ofi_3s,Q1,3000,1000,1439,100.0,-9.860146557419881,-10.052723938407057,0.0,-10.263665544012776,-9.051034119351865,-6.878267567968099,-11.80489039334871,10.061699050302845,0.0002208781909764133
ENGINEERING_SAMPLE,ofi_3s,Q1,3000,500,1439,100.0,-9.860085259638108,-10.052723938407057,0.0,-10.263665544012776,-9.051034119351865,-6.878218232569928,-11.804841076190087,10.061637772009599,0.00015959989772925214
ENGINEERING_SAMPLE,ofi_3s,Q1,30000,100,1439,98.74913134120918,-9.476191896026931,-9.630652153276587,0.0,-12.430013622395641,-5.890607886089814,-6.8781279806051,-11.80475084074542,10.061697799176944,4.181224794040027e-05
ENGINEERING_SAMPLE,ofi_3s,Q1,30000,1000,1439,98.74913134120918,-9.47656797893455,-9.630652153276587,0.0,-12.430013622395641,-5.890607886089814,-6.878267567968099,-11.80489039334871,10.062073794021186,0.00041780709218216367
ENGINEERING_SAMPLE,ofi_3s,Q1,30000,500,1439,98.74913134120918,-9.476440004432622,-9.630652153276587,0.0,-12.430013622395641,-5.890607886089814,-6.878218232569928,-11.804841076190087,10.061945843763889,0.00028985683488515684
ENGINEERING_SAMPLE,ofi_3s,Q1,500,100,1439,100.0,-10.011592147137799,-10.052736722258533,0.0,-10.052810489255798,-10.052671755725191,-6.8781279806051,-11.80475084074542,10.049895463601365,7.660193620456363e-05
ENGINEERING_SAMPLE,ofi_3s,Q1,500,1000,1439,100.0,-10.012006454754122,-10.052736722258533,0.0,-10.052810489255798,-10.052671755725191,-6.878267567968099,-11.80489039334871,10.050309557925969,0.0004906962608078662
ENGINEERING_SAMPLE,ofi_3s,Q1,500,500,1439,100.0,-10.011765579558801,-10.052736722258533,0.0,-10.052810489255798,-10.052671755725191,-6.878218232569928,-11.804841076190087,10.050068804748026,0.00024994308286518767
ENGINEERING_SAMPLE,ofi_3s,Q1,5000,100,1439,100.0,-9.819319540512085,-10.052716993260866,0.0,-10.580152872957301,-8.893823247586054,-6.8781279806051,-11.80475084074542,10.060027951459887,4.89504012444828e-05
ENGINEERING_SAMPLE,ofi_3s,Q1,5000,1000,1439,100.0,-9.81965990403764,-10.052716993260866,0.0,-10.580152872957301,-8.893823247586054,-6.878267567968099,-11.80489039334871,10.060368166287038,0.0003891652283955332
ENGINEERING_SAMPLE,ofi_3s,Q1,5000,500,1439,100.0,-9.819466928496476,-10.052716993260866,0.0,-10.580152872957301,-8.893823247586054,-6.878218232569928,-11.804841076190087,10.060175262828363,0.00019626176972000026
ENGINEERING_SAMPLE,ofi_3s,Q1,60000,100,1439,98.61014593467686,-8.933546505743207,-8.89395135818067,1.832276250880902,-14.277491581247558,-3.467842116533609,-6.8781279806051,-11.80475084074542,10.065404070027759,4.8216813022950545e-05
ENGINEERING_SAMPLE,ofi_3s,Q1,60000,1000,1439,98.61014593467686,-8.93372232729743,-8.89395135818067,1.832276250880902,-14.277491581247558,-3.467842116533609,-6.878267567968099,-11.80489039334871,10.06557984084703,0.00022398763229432365
ENGINEERING_SAMPLE,ofi_3s,Q1,60000,500,1439,98.61014593467686,-8.933660170801332,-8.89395135818067,1.832276250880902,-14.277491581247558,-3.467842116533609,-6.878218232569928,-11.804841076190087,10.065517695159524,0.0001618419447875735
ENGINEERING_SAMPLE,ofi_3s,Q2,1000,100,1438,99.7913769123783,-10.000084831647367,-10.05272671697795,0.0,-10.052813834532488,-10.052662329459324,-7.856745472533028,-11.89515266588073,10.049557616743769,-8.260911181163707e-25
ENGINEERING_SAMPLE,ofi_3s,Q2,1000,1000,1438,99.7913769123783,-10.000084831647367,-10.05272671697795,0.0,-10.052813834532488,-10.052662329459324,-7.856745472533028,-11.89515266588073,10.049557616743769,-8.260911181163707e-25
ENGINEERING_SAMPLE,ofi_3s,Q2,1000,500,1438,99.7913769123783,-10.000084831647367,-10.05272671697795,0.0,-10.052813834532488,-10.052662329459324,-7.856745472533028,-11.89515266588073,10.049557616743769,0.0
ENGINEERING_SAMPLE,ofi_3s,Q2,15000,100,1438,98.88734353268428,-9.937510848991968,-10.052716993260866,0.0,-11.741360970069714,-8.209188588756167,-7.856745472533028,-11.89515266588073,10.0643035267117,2.7977798418866195e-05
ENGINEERING_SAMPLE,ofi_3s,Q2,15000,1000,1438,98.88734353268428,-9.937545014856303,-10.052716993260866,0.0,-11.741360970069714,-8.209188588756167,-7.856745472533028,-11.89515266588073,10.064337696864861,6.214795157802176e-05
ENGINEERING_SAMPLE,ofi_3s,Q2,15000,500,1438,98.88734353268428,-9.937532913136614,-10.052716993260866,0.0,-11.741360970069714,-8.209188588756167,-7.856745472533028,-11.89515266588073,10.06432559362605,5.004471276745617e-05
ENGINEERING_SAMPLE,ofi_3s,Q2,250,100,1438,99.86091794158554,-10.035438977391646,-10.05272782848831,0.0,-10.052807701848929,-10.052670923860113,-7.856745472533028,-11.89515266588073,10.049592475248282,-9.430731206940132e-25
ENGINEERING_SAMPLE,ofi_3s,Q2,250,1000,1438,99.86091794158554,-10.035565356022754,-10.05272782848831,0.0,-10.052807701848929,-10.052670923860113,-7.856745472533028,-11.89515266588073,10.049718788390761,0.000126313142477086
ENGINEERING_SAMPLE,ofi_3s,Q2,250,500,1438,99.86091794158554,-10.035443555390097,-10.05272782848831,0.0,-10.052807701848929,-10.052670923860113,-7.856745472533028,-11.89515266588073,10.049597050874443,4.575626161217294e-06
ENGINEERING_SAMPLE,ofi_3s,Q2,3000,100,1438,99.7913769123783,-9.924297854687827,-10.052724494097808,0.0,-10.264130520869083,-9.166881612455697,-7.856745472533028,-11.89515266588073,10.056039651344811,2.1459307914125667e-05
ENGINEERING_SAMPLE,ofi_3s,Q2,3000,1000,1438,99.7913769123783,-9.924770649713707,-10.052724494097808,0.0,-10.264130520869083,-9.166881612455697,-7.856745472533028,-11.89515266588073,10.05651219059548,0.0004939985585826054
ENGINEERING_SAMPLE,ofi_3s,Q2,3000,500,1438,99.7913769123783,-9.924458125123778,-10.052724494097808,0.0,-10.264130520869083,-9.166881612455697,-7.856745472533028,-11.89515266588073,10.056199799573086,0.000181607536189679
ENGINEERING_SAMPLE,ofi_3s,Q2,30000,100,1438,98.19193324061196,-9.935909508378819,-10.052745062893413,0.0,-12.737695614096914,-7.154676637876554,-7.856745472533028,-11.89515266588073,10.054543884289988,7.132561388192313e-26
ENGINEERING_SAMPLE,ofi_3s,Q2,30000,1000,1438,98.19193324061196,-9.935909508378819,-10.052745062893413,0.0,-12.737695614096914,-7.154676637876554,-7.856745472533028,-11.89515266588073,10.054543884289988,7.132561388192313e-26
ENGINEERING_SAMPLE,ofi_3s,Q2,30000,500,1438,98.19193324061196,-9.935909508378819,-10.052745062893413,0.0,-12.737695614096914,-7.154676637876554,-7.856745472533028,-11.89515266588073,10.054543884289988,0.0
ENGINEERING_SAMPLE,ofi_3s,Q2,500,100,1438,99.7913769123783,-10.02377968958105,-10.05272782848831,0.0,-10.052810489255798,-10.052668982943777,-7.856745472533028,-11.89515266588073,10.048343726034627,-8.959179994029907e-25
ENGINEERING_SAMPLE,ofi_3s,Q2,500,1000,1438,99.7913769123783,-10.02377968958105,-10.05272782848831,0.0,-10.052810489255798,-10.052668982943777,-7.856745472533028,-11.89515266588073,10.048343726034627,-8.959179994029907e-25
ENGINEERING_SAMPLE,ofi_3s,Q2,500,500,1438,99.7913769123783,-10.02377968958105,-10.05272782848831,0.0,-10.052810489255798,-10.052668982943777,-7.856745472533028,-11.89515266588073,10.048343726034627,0.0
ENGINEERING_SAMPLE,ofi_3s,Q2,5000,100,1438,99.7913769123783,-9.911902405363623,-10.052723938407057,0.0,-10.738346817542576,-8.893706757653304,-7.856745472533028,-11.89515266588073,10.053574874718649,5.127614132666963e-05
ENGINEERING_SAMPLE,ofi_3s,Q2,5000,1000,1438,99.7913769123783,-9.912082677883967,-10.052723938407057,0.0,-10.738346817542576,-8.893706757653304,-7.856745472533028,-11.89515266588073,10.053755055297856,0.00023145672053388316
ENGINEERING_SAMPLE,ofi_3s,Q2,5000,500,1438,99.7913769123783,-9.9119990139779,-10.052723938407057,0.0,-10.738346817542576,-8.893706757653304,-7.856745472533028,-11.89515266588073,10.053671437150706,0.00014783857338246124
ENGINEERING_SAMPLE,ofi_3s,Q2,60000,100,1438,96.87065368567455,-9.857217009735924,-9.947283562271785,0.07178750897343862,-13.846435399013066,-5.729045892446824,-7.856745472533028,-11.89515266588073,10.053034714908636,-7.412583593450819e-25
ENGINEERING_SAMPLE,ofi_3s,Q2,60000,1000,1438,96.87065368567455,-9.857259153881214,-9.947283562271785,0.07178750897343862,-13.846435399013066,-5.729045892446824,-7.856745472533028,-11.89515266588073,10.053076818757033,4.21038483972509e-05
ENGINEERING_SAMPLE,ofi_3s,Q2,60000,500,1438,96.87065368567455,-9.857217009735924,-9.947283562271785,0.07178750897343862,-13.846435399013066,-5.729045892446824,-7.856745472533028,-11.89515266588073,10.053034714908636,0.0
ENGINEERING_SAMPLE,ofi_3s,Q3,1000,100,1438,100.0,-10.041043054135619,-10.052726994851147,0.0,-10.052806531236909,-10.052668982943777,-7.96655276199667,-11.973159044212167,10.053179070520505,1.3704081362408511e-05
ENGINEERING_SAMPLE,ofi_3s,Q3,1000,1000,1438,100.0,-10.041079918411118,-10.052726994851147,0.0,-10.052806531236909,-10.052668982943777,-7.966589624423892,-11.973195881849502,10.053215917610743,5.055117159950715e-05
ENGINEERING_SAMPLE,ofi_3s,Q3,1000,500,1438,100.0,-10.041061424058684,-10.052726994851147,0.0,-10.052806531236909,-10.052668982943777,-7.9665711356926945,-11.973177402995502,10.053197432061829,3.206562268523037e-05
ENGINEERING_SAMPLE,ofi_3s,Q3,15000,100,1438,99.23504867872045,-10.042746867904299,-10.052723938407057,0.0,-11.89850198715989,-8.261832061068702,-7.96655276199667,-11.973159044212167,10.055375049019219,4.215387088371164e-05
ENGINEERING_SAMPLE,ofi_3s,Q3,15000,1000,1438,99.23504867872045,-10.043123956185735,-10.052723938407057,0.0,-11.89850198715989,-8.261832061068702,-7.966589624423892,-11.973195881849502,10.05575196831001,0.00041907316167755676
ENGINEERING_SAMPLE,ofi_3s,Q3,15000,500,1438,99.23504867872045,-10.042847674966522,-10.052723938407057,0.0,-11.89850198715989,-8.261832061068702,-7.9665711356926945,-11.973177402995502,10.055475792987005,0.00014289783867121642
ENGINEERING_SAMPLE,ofi_3s,Q3,250,100,1438,100.0,-10.053888302581191,-10.052726994851147,0.0,-10.052796833773087,-10.052670923860113,-7.96655276199667,-11.973159044212167,10.053453932268319,1.3704081362408511e-05
ENGINEERING_SAMPLE,ofi_3s,Q3,250,1000,1438,100.0,-10.053925166856688,-10.052726994851147,0.0,-10.052796833773087,-10.052670923860113,-7.966589624423892,-11.973195881849502,10.053490779358556,5.055117159950715e-05
ENGINEERING_SAMPLE,ofi_3s,Q3,250,500,1438,100.0,-10.053906672504256,-10.052726994851147,0.0,-10.052796833773087,-10.052670923860113,-7.9665711356926945,-11.973177402995502,10.053472293809643,3.206562268523037e-05
ENGINEERING_SAMPLE,ofi_3s,Q3,3000,100,1438,100.0,-10.048176764208398,-10.052726994851147,0.0,-10.369330365431306,-9.578228496450986,-7.96655276199667,-11.973159044212167,10.055065667865703,1.3704081362408511e-05
ENGINEERING_SAMPLE,ofi_3s,Q3,3000,1000,1438,100.0,-10.048213628483897,-10.052726994851147,0.0,-10.369330365431306,-9.578228496450986,-7.966589624423892,-11.973195881849502,10.055102514955939,5.055117159950715e-05
ENGINEERING_SAMPLE,ofi_3s,Q3,3000,500,1438,100.0,-10.048195134131463,-10.052726994851147,0.0,-10.369330365431306,-9.578228496450986,-7.9665711356926945,-11.973177402995502,10.055084029407025,3.206562268523037e-05
ENGINEERING_SAMPLE,ofi_3s,Q3,30000,100,1438,99.16550764951322,-9.981247914156482,-9.736380307964714,0.0,-12.74329283725639,-7.361689784294077,-7.96655276199667,-11.973159044212167,10.054595672908297,4.172002199923115e-05
ENGINEERING_SAMPLE,ofi_3s,Q3,30000,1000,1438,99.16550764951322,-9.981319161569068,-9.736380307964714,0.0,-12.74329283725639,-7.361689784294077,-7.966589624423892,-11.973195881849502,10.054666904796251,0.00011295190995246388
ENGINEERING_SAMPLE,ofi_3s,Q3,30000,500,1438,99.16550764951322,-9.981288442774845,-9.736380307964714,0.0,-12.74329283725639,-7.361689784294077,-7.9665711356926945,-11.973177402995502,10.054636196119365,8.224323306664407e-05
ENGINEERING_SAMPLE,ofi_3s,Q3,500,100,1438,100.0,-10.043136177015457,-10.052726994851147,0.0,-10.052796833773087,-10.052670923860113,-7.96655276199667,-11.973159044212167,10.045384193473241,1.3704081362408511e-05
ENGINEERING_SAMPLE,ofi_3s,Q3,500,1000,1438,100.0,-10.043173041290954,-10.052726994851147,0.0,-10.052796833773087,-10.052670923860113,-7.966589624423892,-11.973195881849502,10.045421040563477,5.055117159950715e-05
ENGINEERING_SAMPLE,ofi_3s,Q3,500,500,1438,100.0,-10.043154546938524,-10.052726994851147,0.0,-10.052796833773087,-10.052670923860113,-7.9665711356926945,-11.973177402995502,10.045402555014565,3.206562268523037e-05
ENGINEERING_SAMPLE,ofi_3s,Q3,5000,100,1438,100.0,-10.040986649706667,-10.05272671697795,0.0,-10.896599894570373,-9.087126623315205,-7.96655276199667,-11.973159044212167,10.052249945679558,3.511805489274135e-05
ENGINEERING_SAMPLE,ofi_3s,Q3,5000,1000,1438,100.0,-10.041255629812838,-10.05272671697795,0.0,-10.896599894570373,-9.087126623315205,-7.966589624423892,-11.973195881849502,10.052518727050142,0.0003038994254772912
ENGINEERING_SAMPLE,ofi_3s,Q3,5000,500,1438,100.0,-10.041160046465182,-10.05272671697795,0.0,-10.896599894570373,-9.087126623315205,-7.9665711356926945,-11.973177402995502,10.05242321200438,0.00020838437971426937
ENGINEERING_SAMPLE,ofi_3s,Q3,60000,100,1438,94.85396383866481,-9.879929542838761,-10.105444542810169,0.2932551319648094,-14.012051244169603,-4.727856205637321,-7.96655276199667,-11.973159044212167,10.04870173022321,1.4447557917260586e-05
ENGINEERING_SAMPLE,ofi_3s,Q3,60000,1000,1438,94.85396383866481,-9.87996840438531,-10.105444542810169,0.2932551319648094,-14.012051244169603,-4.727856205637321,-7.966589624423892,-11.973195881849502,10.048740576349132,5.329368384170916e-05
ENGINEERING_SAMPLE,ofi_3s,Q3,60000,500,1438,94.85396383866481,-9.87994890089715,-10.105444542810169,0.2932551319648094,-14.012051244169603,-4.727856205637321,-7.9665711356926945,-11.973177402995502,10.048721087918533,3.380525324146721e-05
ENGINEERING_SAMPLE,ofi_3s,Q4,1000,100,1438,100.0,-10.114714344662824,-10.052740892246218,0.0,-10.26349862562313,-10.052670923860113,-7.7792581894873685,-11.944403502753659,10.055808412199692,2.947165816190447e-05
ENGINEERING_SAMPLE,ofi_3s,Q4,1000,1000,1438,100.0,-10.114897248193795,-10.052740892246218,0.0,-10.26349862562313,-10.052670923860113,-7.779441070565645,-11.944586245813577,10.055991219899608,0.00021227935807919244
ENGINEERING_SAMPLE,ofi_3s,Q4,1000,500,1438,100.0,-10.114852508156567,-10.052740892246218,0.0,-10.26349862562313,-10.052670923860113,-7.7793963369089,-11.944541545916836,10.05594650419159,0.0001675636500598046
ENGINEERING_SAMPLE,ofi_3s,Q4,15000,100,1438,99.23504867872045,-10.076160265353309,-10.052741170268845,0.0,-12.054739336492892,-8.36561819896822,-7.7792581894873685,-11.944403502753659,10.047312308987514,4.137997423268117e-05
ENGINEERING_SAMPLE,ofi_3s,Q4,15000,1000,1438,99.23504867872045,-10.076436010560167,-10.052741170268845,0.0,-12.054739336492892,-8.36561819896822,-7.779441070565645,-11.944586245813577,10.047587871855209,0.00031694284192687025
ENGINEERING_SAMPLE,ofi_3s,Q4,15000,500,1438,99.23504867872045,-10.076319706803874,-10.052741170268845,0.0,-12.054739336492892,-8.36561819896822,-7.7793963369089,-11.944541545916836,10.047471647127619,0.00020071811433747255
ENGINEERING_SAMPLE,ofi_3s,Q4,250,100,1438,100.0,-10.063777529938328,-10.052738390174477,0.0,-10.052810489255798,-10.052680630587938,-7.7792581894873685,-11.944403502753659,10.053058503679765,2.947165816190447e-05
ENGINEERING_SAMPLE,ofi_3s,Q4,250,1000,1438,100.0,-10.063960433469301,-10.052738390174477,0.0,-10.052810489255798,-10.052680630587938,-7.779441070565645,-11.944586245813577,10.053241311379681,0.00021227935807919244
ENGINEERING_SAMPLE,ofi_3s,Q4,250,500,1438,100.0,-10.063915693432072,-10.052738390174477,0.0,-10.052810489255798,-10.052680630587938,-7.7793963369089,-11.944541545916836,10.053196595671663,0.0001675636500598046
ENGINEERING_SAMPLE,ofi_3s,Q4,3000,100,1438,100.0,-10.182797458394198,-10.052749512310855,0.0,-10.844090103771197,-9.630438314223051,-7.7792581894873685,-11.944403502753659,10.050760654083875,4.106844799488539e-05
ENGINEERING_SAMPLE,ofi_3s,Q4,3000,1000,1438,100.0,-10.183030274146459,-10.052749512310855,0.0,-10.844090103771197,-9.630438314223051,-7.779441070565645,-11.944586245813577,10.050993353071007,0.00027376743512664664
ENGINEERING_SAMPLE,ofi_3s,Q4,3000,500,1438,100.0,-10.182955648100041,-10.052749512310855,0.0,-10.844090103771197,-9.630438314223051,-7.7793963369089,-11.944541545916836,10.050918769356436,0.0001991837205541691
ENGINEERING_SAMPLE,ofi_3s,Q4,30000,100,1438,98.40055632823366,-10.018765810535953,-9.947331571577473,0.0,-12.689275154556043,-7.154676637876554,-7.7792581894873685,-11.944403502753659,10.045985267960262,2.9950702782203976e-05
ENGINEERING_SAMPLE,ofi_3s,Q4,30000,1000,1438,98.40055632823366,-10.018951701777276,-9.947331571577473,0.0,-12.689275154556043,-7.154676637876554,-7.779441070565645,-11.944586245813577,10.046171047092757,0.00021572983527765282
ENGINEERING_SAMPLE,ofi_3s,Q4,30000,500,1438,98.40055632823366,-10.018906230916144,-9.947331571577473,0.0,-12.689275154556043,-7.154676637876554,-7.7793963369089,-11.944541545916836,10.046125604556973,0.00017028729949540564
ENGINEERING_SAMPLE,ofi_3s,Q4,500,100,1438,100.0,-10.086679290453844,-10.052738668170724,0.0,-10.052831125215839,-10.052672864919504,-7.7792581894873685,-11.944403502753659,10.06052575214023,2.947165816190447e-05
ENGINEERING_SAMPLE,ofi_3s,Q4,500,1000,1438,100.0,-10.086862193984818,-10.052738668170724,0.0,-10.052831125215839,-10.052672864919504,-7.779441070565645,-11.944586245813577,10.060708559840146,0.00021227935807919244
ENGINEERING_SAMPLE,ofi_3s,Q4,500,500,1438,100.0,-10.086817453947587,-10.052738668170724,0.0,-10.052831125215839,-10.052672864919504,-7.7793963369089,-11.944541545916836,10.060663844132126,0.0001675636500598046
ENGINEERING_SAMPLE,ofi_3s,Q4,5000,100,1438,100.0,-10.148838028889212,-10.052745062893413,0.0,-11.192075624772917,-9.15632745520309,-7.7792581894873685,-11.944403502753659,10.046789027578374,2.947165816190447e-05
ENGINEERING_SAMPLE,ofi_3s,Q4,5000,1000,1438,100.0,-10.149020916969887,-10.052745062893413,0.0,-11.192075624772917,-9.193348116076319,-7.779441070565645,-11.944586245813577,10.04697183527829,0.00021227935807919244
ENGINEERING_SAMPLE,ofi_3s,Q4,5000,500,1438,100.0,-10.148976180711953,-10.052745062893413,0.0,-11.192075624772917,-9.193348116076319,-7.7793963369089,-11.944541545916836,10.046927119570272,0.0001675636500598046
ENGINEERING_SAMPLE,ofi_3s,Q4,60000,100,1438,96.66203059805285,-9.74866197981554,-10.316361969106882,0.4316546762589928,-13.900338211587698,-4.413117344922956,-7.7792581894873685,-11.944403502753659,10.047952464741886,3.0489384486919877e-05
ENGINEERING_SAMPLE,ofi_3s,Q4,60000,1000,1438,96.66203059805285,-9.749157862566143,-10.316361969106882,0.4316546762589928,-13.900338211587698,-4.413117344922956,-7.779441070565645,-11.944586245813577,10.048448253468408,0.000526278111007722
ENGINEERING_SAMPLE,ofi_3s,Q4,60000,500,1438,96.66203059805285,-9.748851875168926,-10.316361969106882,0.4316546762589928,-13.900338211587698,-4.413117344922956,-7.7793963369089,-11.944541545916836,10.048142313036854,0.0002203376794549908
ENGINEERING_SAMPLE,ofi_3s,Q5,1000,100,1439,99.93050729673384,-10.111613404156573,-10.05274700942118,0.0,-10.475254265914382,-10.052671755725191,-8.187296081122936,-12.131258054798591,10.046493340285256,1.3707102213829836e-05
ENGINEERING_SAMPLE,ofi_3s,Q5,1000,1000,1439,99.93050729673384,-10.111706642312077,-10.05274700942118,0.0,-10.475254265914382,-10.052671755725191,-8.187348502585495,-12.131323704827672,10.04658652589581,0.00010689271276811953
ENGINEERING_SAMPLE,ofi_3s,Q5,1000,500,1439,99.93050729673384,-10.1116587090433,-10.05274700942118,0.0,-10.475254265914382,-10.052671755725191,-8.187341342402798,-12.131303298663846,10.046538622176843,5.898899380167383e-05
ENGINEERING_SAMPLE,ofi_3s,Q5,15000,100,1439,98.5406532314107,-10.271979506320513,-10.263347687383527,0.0,-12.055367094741943,-8.574696087121692,-8.187296081122936,-12.131258054798591,10.04064455736679,1.3900432287367632e-05
ENGINEERING_SAMPLE,ofi_3s,Q5,15000,1000,1439,98.5406532314107,-10.27203271982991,-10.263351153342047,0.0,-12.055367094741943,-8.574696087121692,-8.187348502585495,-12.131323704827672,10.040697742410314,6.70854758124819e-05
ENGINEERING_SAMPLE,ofi_3s,Q5,15000,500,1439,98.5406532314107,-10.272025451415185,-10.263351153342047,0.0,-12.055367094741943,-8.574696087121692,-8.187341342402798,-12.131303298663846,10.040690477931038,5.98209965351248e-05
ENGINEERING_SAMPLE,ofi_3s,Q5,250,100,1439,100.0,-10.072057575351865,-10.052738390174477,0.0,-10.052826104173816,-10.052672864919504,-8.187296081122936,-12.131258054798591,10.052971829194819,7.478244786436177e-05
ENGINEERING_SAMPLE,ofi_3s,Q5,250,1000,1439,100.0,-10.072643559244073,-10.052738390174477,0.0,-10.052826104173816,-10.052672864919504,-8.187348502585495,-12.131323704827672,10.05355750826388,0.0006604615169263751
ENGINEERING_SAMPLE,ofi_3s,Q5,250,500,1439,100.0,-10.072354761703009,-10.052738390174477,0.0,-10.052826104173816,-10.052672864919504,-8.187341342402798,-12.131303298663846,10.053268859796052,0.0003718130490987565
ENGINEERING_SAMPLE,ofi_3s,Q5,3000,100,1439,99.30507296733843,-10.200275187123916,-10.052760082686467,0.0,-11.001944910028145,-9.63093476406778,-8.187296081122936,-12.131258054798591,10.044267058043923,9.499706244399717e-05
ENGINEERING_SAMPLE,ofi_3s,Q5,3000,1000,1439,99.30507296733843,-10.200732330868995,-10.052760082686467,0.0,-11.001944910028145,-9.63093476406778,-8.187348502585495,-12.131323704827672,10.044723930119163,0.0005518691376834226
ENGINEERING_SAMPLE,ofi_3s,Q5,3000,500,1439,99.30507296733843,-10.200599029687298,-10.052760082686467,0.0,-11.001944910028145,-9.63093476406778,-8.187341342402798,-12.131303298663846,10.04459070990642,0.0004186489249401251
ENGINEERING_SAMPLE,ofi_3s,Q5,30000,100,1439,97.0813064628214,-10.172244434061717,-10.36870811331582,0.0,-13.011087937907547,-7.369688029251428,-8.187296081122936,-12.131258054798591,10.042549170445596,4.305583970159912e-05
ENGINEERING_SAMPLE,ofi_3s,Q5,30000,1000,1439,97.0813064628214,-10.172586930449963,-10.36870811331582,0.0,-13.011087937907547,-7.369688029251428,-8.187348502585495,-12.131323704827672,10.0428916017326,0.0003854871267049357
ENGINEERING_SAMPLE,ofi_3s,Q5,30000,500,1439,97.0813064628214,-10.172333322029594,-10.36870811331582,0.0,-13.011087937907547,-7.369688029251428,-8.187341342402798,-12.131303298663846,10.042638020736057,0.0001319061301614222
ENGINEERING_SAMPLE,ofi_3s,Q5,500,100,1439,100.0,-10.089404414531607,-10.052744228711207,0.0,-10.26360052244223,-10.052672587616545,-8.187296081122936,-12.131258054798591,10.05279707809311,0.00012730737577768683
ENGINEERING_SAMPLE,ofi_3s,Q5,500,1000,1439,100.0,-10.09014012202826,-10.052744228711207,0.0,-10.263613301818598,-10.052672587616545,-8.187348502585495,-12.131323704827672,10.05353238774968,0.000862617032346083
ENGINEERING_SAMPLE,ofi_3s,Q5,500,500,1439,100.0,-10.08990085571425,-10.052744228711207,0.0,-10.263613301818598,-10.052672587616545,-8.187341342402798,-12.131303298663846,10.053293253418262,0.0006234827009285202
ENGINEERING_SAMPLE,ofi_3s,Q5,5000,100,1439,98.81862404447533,-10.24883184940017,-10.052786248667813,0.0,-11.266662813781817,-9.261487359291381,-8.187296081122936,-12.131258054798591,10.039515386654335,7.170100332849932e-05
ENGINEERING_SAMPLE,ofi_3s,Q5,5000,1000,1439,98.81862404447533,-10.248958365358094,-10.052786248667813,0.0,-11.266662813781817,-9.261487359291381,-8.187348502585495,-12.131323704827672,10.03964182114058,0.00019813548957282697
ENGINEERING_SAMPLE,ofi_3s,Q5,5000,500,1439,98.81862404447533,-10.248933950024156,-10.052786248667813,0.0,-11.266662813781817,-9.261487359291381,-8.187341342402798,-12.131303298663846,10.0396174218765,0.00017373622549230952
ENGINEERING_SAMPLE,ofi_3s,Q5,60000,100,1439,96.24739402362752,-10.210471222688007,-10.105444542810169,0.07220216606498195,-14.16468635561293,-5.513594927092785,-8.187296081122936,-12.131258054798591,10.04346455204317,4.440659296297878e-05
ENGINEERING_SAMPLE,ofi_3s,Q5,60000,1000,1439,96.24739402362752,-10.210558853410143,-10.105444542810169,0.07220216606498195,-14.16468635561293,-5.513594927092785,-8.187348502585495,-12.131323704827672,10.043552138434277,0.0001319929840698617
ENGINEERING_SAMPLE,ofi_3s,Q5,60000,500,1439,96.24739402362752,-10.210538483051137,-10.105444542810169,0.07220216606498195,-14.16468635561293,-5.513594927092785,-8.187341342402798,-12.131303298663846,10.043531781590755,0.00011163614054629646
ENGINEERING_SAMPLE,spread_bps,Q1,1000,100,1453,100.0,-10.04417963829556,-10.052675083448284,0.0,-10.052696168796283,-10.052668428422527,-7.644038164130548,-11.530309182205402,10.049446642609395,1.9709123103628806e-05
ENGINEERING_SAMPLE,spread_bps,Q1,1000,1000,1453,100.0,-10.044231430488487,-10.052675083448284,0.0,-10.052696168796283,-10.052668428422527,-7.644089941447467,-11.530360943123537,10.049498411411415,7.147792512336555e-05
ENGINEERING_SAMPLE,spread_bps,Q1,1000,500,1453,100.0,-10.04419839205285,-10.052675083448284,0.0,-10.052696168796283,-10.052668428422527,-7.64405691329161,-11.5303279269255,10.049465388168182,3.8454681888626837e-05
ENGINEERING_SAMPLE,spread_bps,Q1,15000,100,1453,100.0,-9.901406072382589,-10.052680630587938,0.0,-11.633056554498403,-8.209188588756167,-7.644038164130548,-11.530309182205402,10.05192302687822,3.1181235143007616e-05
ENGINEERING_SAMPLE,spread_bps,Q1,15000,1000,1453,100.0,-9.901563601112922,-10.052680630587938,0.0,-11.633056554498403,-8.209188588756167,-7.644089941447467,-11.530360943123537,10.052080464162591,0.00018861851951447743
ENGINEERING_SAMPLE,spread_bps,Q1,15000,500,1453,100.0,-9.901484813820606,-10.052680630587938,0.0,-11.633056554498403,-8.209188588756167,-7.64405691329161,-11.5303279269255,10.052001720161556,0.00010987451847898723
ENGINEERING_SAMPLE,spread_bps,Q1,250,100,1453,100.0,-10.050389730180937,-10.052675083448284,0.0,-10.052693670966077,-10.052668428422527,-7.644038164130548,-11.530309182205402,10.051958475232608,3.118136563503155e-05
ENGINEERING_SAMPLE,spread_bps,Q1,250,1000,1453,100.0,-10.050547244193593,-10.052675083448284,0.0,-10.052693670966077,-10.052668428422527,-7.644089941447467,-11.530360943123537,10.05211590940314,0.0001886155361670571
ENGINEERING_SAMPLE,spread_bps,Q1,250,500,1453,100.0,-10.05046845711028,-10.052675083448284,0.0,-10.052693670966077,-10.052668428422527,-7.64405691329161,-11.5303279269255,10.052037161940286,0.00010986807331339218
ENGINEERING_SAMPLE,spread_bps,Q1,3000,100,1453,100.0,-10.022103275629352,-10.052680630587938,0.0,-10.474203078673106,-9.37848447933819,-7.644038164130548,-11.530309182205402,10.05234551590375,1.9709123103628806e-05
ENGINEERING_SAMPLE,spread_bps,Q1,3000,1000,1453,100.0,-10.022211391535288,-10.052680630587938,0.0,-10.474203078673106,-9.37848447933819,-7.644089941447467,-11.530360943123537,10.052453578344535,0.00012777156388697752
ENGINEERING_SAMPLE,spread_bps,Q1,3000,500,1453,100.0,-10.022162171536065,-10.052680630587938,0.0,-10.474203078673106,-9.37848447933819,-7.64405691329161,-11.5303279269255,10.052404382177915,7.857539726758592e-05
ENGINEERING_SAMPLE,spread_bps,Q1,30000,100,1453,100.0,-9.748254235482834,-10.0,0.0,-12.845023696682464,-7.154676637876554,-7.644038164130548,-11.530309182205402,10.051403903234212,1.9709123103628806e-05
ENGINEERING_SAMPLE,spread_bps,Q1,30000,1000,1453,100.0,-9.748306027040307,-10.0,0.0,-12.845023696682464,-7.154676637876554,-7.644089941447467,-11.530360943123537,10.051455672036232,7.147792512336555e-05
ENGINEERING_SAMPLE,spread_bps,Q1,30000,500,1453,100.0,-9.748272988154158,-10.0,0.0,-12.845023696682464,-7.154676637876554,-7.64405691329161,-11.5303279269255,10.051422648792997,3.8454681888626837e-05
ENGINEERING_SAMPLE,spread_bps,Q1,500,100,1453,100.0,-10.049193786290646,-10.052675083448284,0.0,-10.0526958912479,-10.052668428422527,-7.644038164130548,-11.530309182205402,10.050109822964064,3.118136563503155e-05
ENGINEERING_SAMPLE,spread_bps,Q1,500,1000,1453,100.0,-10.049351300303302,-10.052675083448284,0.0,-10.0526958912479,-10.052668428422527,-7.644089941447467,-11.530360943123537,10.050267257134596,0.0001886155361670571
ENGINEERING_SAMPLE,spread_bps,Q1,500,500,1453,100.0,-10.049272513219988,-10.052675083448284,0.0,-10.0526958912479,-10.052668428422527,-7.64405691329161,-11.5303279269255,10.050188509671742,0.00010986807331339218
ENGINEERING_SAMPLE,spread_bps,Q1,5000,100,1453,100.0,-9.991725277304171,-10.052680630587938,0.0,-10.737792994469318,-8.893730055639853,-7.644038164130548,-11.530309182205402,10.049120015231454,1.9709123103628806e-05
ENGINEERING_SAMPLE,spread_bps,Q1,5000,1000,1453,100.0,-9.991777068315034,-10.052680630587938,0.0,-10.737792994469318,-8.893730055639853,-7.644089941447467,-11.530360943123537,10.049171784033472,7.147792512336555e-05
ENGINEERING_SAMPLE,spread_bps,Q1,5000,500,1453,100.0,-9.991744031061462,-10.052680630587938,0.0,-10.737792994469318,-8.893730055639853,-7.64405691329161,-11.5303279269255,10.049138760790239,3.8454681888626837e-05
ENGINEERING_SAMPLE,spread_bps,Q1,60000,100,1453,100.0,-9.278640619345527,-9.947331571577473,2.5464556090846524,-13.846435399013066,-2.942356285533797,-7.644038164130548,-11.530309182205402,10.048939656244654,1.9709123103628806e-05
ENGINEERING_SAMPLE,spread_bps,Q1,60000,1000,1453,100.0,-9.278748745162169,-9.947331571577473,2.5464556090846524,-13.846435399013066,-2.942356285533797,-7.644089941447467,-11.530360943123537,10.049047720388401,0.000127773266851188
ENGINEERING_SAMPLE,spread_bps,Q1,60000,500,1453,100.0,-9.278699520715726,-9.947331571577473,2.5464556090846524,-13.846435399013066,-2.942356285533797,-7.64405691329161,-11.5303279269255,10.048998525924747,7.857880319600689e-05
ENGINEERING_SAMPLE,spread_bps,Q2,1000,100,1425,100.0,-10.031702234271467,-10.052720326702675,0.0,-10.052724216250969,-10.052701442771133,-7.976773473528758,-10.96409824783732,10.053502788053624,-6.544964536400157e-25
ENGINEERING_SAMPLE,spread_bps,Q2,1000,1000,1425,100.0,-10.031702234271467,-10.052720326702675,0.0,-10.052724216250969,-10.052701442771133,-7.976773473528758,-10.96409824783732,10.053502788053624,-6.544964536400157e-25
ENGINEERING_SAMPLE,spread_bps,Q2,1000,500,1425,100.0,-10.031702234271467,-10.052720326702675,0.0,-10.052724216250969,-10.052701442771133,-7.976773473528758,-10.96409824783732,10.053502788053624,0.0
ENGINEERING_SAMPLE,spread_bps,Q2,15000,100,1425,100.0,-9.66181703875982,-10.0,0.0,-11.106846904748107,-8.102538167335714,-7.976773473528758,-10.96409824783732,10.0544659195186,-1.6260038311032584e-25
ENGINEERING_SAMPLE,spread_bps,Q2,15000,1000,1425,100.0,-9.66181703875982,-10.0,0.0,-11.106846904748107,-8.102538167335714,-7.976773473528758,-10.96409824783732,10.0544659195186,-1.6260038311032584e-25
ENGINEERING_SAMPLE,spread_bps,Q2,15000,500,1425,100.0,-9.66181703875982,-10.0,0.0,-11.106846904748107,-8.102538167335714,-7.976773473528758,-10.96409824783732,10.0544659195186,0.0
ENGINEERING_SAMPLE,spread_bps,Q2,250,100,1425,100.0,-10.049053729548666,-10.052720326702675,0.0,-10.052723938407057,-10.052704496607527,-7.976773473528758,-10.96409824783732,10.054057312918534,-7.062723460635408e-25
ENGINEERING_SAMPLE,spread_bps,Q2,250,1000,1425,100.0,-10.049053729548666,-10.052720326702675,0.0,-10.052723938407057,-10.052704496607527,-7.976773473528758,-10.96409824783732,10.054057312918534,-7.062723460635408e-25
ENGINEERING_SAMPLE,spread_bps,Q2,250,500,1425,100.0,-10.049053729548666,-10.052720326702675,0.0,-10.052723938407057,-10.052704496607527,-7.976773473528758,-10.96409824783732,10.054057312918534,0.0
ENGINEERING_SAMPLE,spread_bps,Q2,3000,100,1425,100.0,-9.96970747401623,-10.052718382143723,0.0,-10.26361135702542,-9.314686309533219,-7.976773473528758,-10.96409824783732,10.055141689702848,1.1702585108650222e-05
ENGINEERING_SAMPLE,spread_bps,Q2,3000,1000,1425,100.0,-9.969885172474653,-10.052718382143723,0.0,-10.26361135702542,-9.314686309533219,-7.976773473528758,-10.96409824783732,10.055319278098995,0.00018929098125681858
ENGINEERING_SAMPLE,spread_bps,Q2,3000,500,1425,100.0,-9.969834368058287,-10.052718382143723,0.0,-10.26361135702542,-9.314686309533219,-7.976773473528758,-10.96409824783732,10.05526850755504,0.0001385204372996399
ENGINEERING_SAMPLE,spread_bps,Q2,30000,100,1425,100.0,-9.474701526945164,-9.472760615929428,0.0,-11.528341840362826,-6.836713723382393,-7.976773473528758,-10.96409824783732,10.053098552199579,-1.1821868131547586e-25
ENGINEERING_SAMPLE,spread_bps,Q2,30000,1000,1425,100.0,-9.474701526945164,-9.472760615929428,0.0,-11.528341840362826,-6.836713723382393,-7.976773473528758,-10.96409824783732,10.053098552199579,-1.1821868131547586e-25
ENGINEERING_SAMPLE,spread_bps,Q2,30000,500,1425,100.0,-9.474701526945164,-9.472760615929428,0.0,-11.528341840362826,-6.836713723382393,-7.976773473528758,-10.96409824783732,10.053098552199579,0.0
ENGINEERING_SAMPLE,spread_bps,Q2,500,100,1425,100.0,-10.042986839490826,-10.052720326702675,0.0,-10.052723938407057,-10.052702553216147,-7.976773473528758,-10.96409824783732,10.050987902179653,-6.618956054748245e-25
ENGINEERING_SAMPLE,spread_bps,Q2,500,1000,1425,100.0,-10.04311414700267,-10.052720326702675,0.0,-10.052723938407057,-10.052702553216147,-7.976773473528758,-10.96409824783732,10.051115143053142,0.0001272408734892505
ENGINEERING_SAMPLE,spread_bps,Q2,500,500,1425,100.0,-10.043093505053562,-10.052720326702675,0.0,-10.052723938407057,-10.052702553216147,-7.976773473528758,-10.96409824783732,10.05109451190894,0.00010660972928561411
ENGINEERING_SAMPLE,spread_bps,Q2,5000,100,1425,100.0,-9.913165137746581,-10.052717271031582,0.0,-10.506046819605526,-9.051034119351865,-7.976773473528758,-10.96409824783732,10.048399484415114,-3.7714568810598354e-25
ENGINEERING_SAMPLE,spread_bps,Q2,5000,1000,1425,100.0,-9.913165137746581,-10.052717271031582,0.0,-10.506046819605526,-9.051034119351865,-7.976773473528758,-10.96409824783732,10.048399484415114,-3.7714568810598354e-25
ENGINEERING_SAMPLE,spread_bps,Q2,5000,500,1425,100.0,-9.913165137746581,-10.052717271031582,0.0,-10.506046819605526,-9.051034119351865,-7.976773473528758,-10.96409824783732,10.048399484415114,0.0
ENGINEERING_SAMPLE,spread_bps,Q2,60000,100,1425,100.0,-9.091987542004208,-9.261884310760037,0.0,-12.16098681403202,-4.727856205637321,-7.976773473528758,-10.96409824783732,10.055355124333172,-4.252516569304065e-25
ENGINEERING_SAMPLE,spread_bps,Q2,60000,1000,1425,100.0,-9.091987542004208,-9.261884310760037,0.0,-12.16098681403202,-4.727856205637321,-7.976773473528758,-10.96409824783732,10.055355124333172,-4.252516569304065e-25
ENGINEERING_SAMPLE,spread_bps,Q2,60000,500,1425,100.0,-9.091987542004208,-9.261884310760037,0.0,-12.16098681403202,-4.727856205637321,-7.976773473528758,-10.96409824783732,10.055355124333172,0.0
ENGINEERING_SAMPLE,spread_bps,Q3,1000,100,1490,99.73154362416108,-10.051198896997699,-10.052736166309996,0.0,-10.10546316038187,-10.05272560551445,-7.500045116768565,-12.02849514385632,10.053550145662554,2.6525761764892824e-05
ENGINEERING_SAMPLE,spread_bps,Q3,1000,1000,1490,99.73154362416108,-10.051269672718016,-10.052736166309996,0.0,-10.10546316038187,-10.05272560551445,-7.500115740362497,-12.028565731755844,10.05362088642648,9.726652569060419e-05
ENGINEERING_SAMPLE,spread_bps,Q3,1000,500,1490,99.73154362416108,-10.051260515016864,-10.052736166309996,0.0,-10.10546316038187,-10.05272560551445,-7.500106602568834,-12.028556598424844,10.053611733318359,8.811341756942682e-05
ENGINEERING_SAMPLE,spread_bps,Q3,15000,100,1490,95.90604026845638,-10.00864198798294,-10.052736722258533,0.0,-11.950882359485878,-7.996234802951956,-7.500045116768565,-12.02849514385632,10.052994052964792,2.7583822241169167e-05
ENGINEERING_SAMPLE,spread_bps,Q3,15000,1000,1490,95.90604026845638,-10.00895680894825,-10.052736722258533,0.0,-11.950882359485878,-7.996234802951956,-7.500115740362497,-12.028565731755844,10.05330875247882,0.0003422833362684823
ENGINEERING_SAMPLE,spread_bps,Q3,15000,500,1490,95.90604026845638,-10.008711006919729,-10.052736722258533,0.0,-11.950882359485878,-7.996234802951956,-7.500106602568834,-12.028556598424844,10.053063036839504,9.656769695276648e-05
ENGINEERING_SAMPLE,spread_bps,Q3,250,100,1490,99.86577181208054,-10.05030805978259,-10.052736166309996,0.0,-10.052749512310855,-10.052726439107682,-7.500045116768565,-12.02849514385632,10.051983434123708,5.367069084450668e-05
ENGINEERING_SAMPLE,spread_bps,Q3,250,1000,1490,99.86577181208054,-10.05064982442021,-10.052736166309996,0.0,-10.052749512310855,-10.052726439107682,-7.500115740362497,-12.028565731755844,10.052325022833559,0.00039525940069664765
ENGINEERING_SAMPLE,spread_bps,Q3,250,500,1490,99.86577181208054,-10.050409328274483,-10.052736166309996,0.0,-10.052749512310855,-10.052726439107682,-7.500106602568834,-12.028556598424844,10.052084649682483,0.00015488624962109863
ENGINEERING_SAMPLE,spread_bps,Q3,3000,100,1490,99.12751677852349,-10.067357258835255,-10.052736166309996,0.0,-10.790963280751777,-9.419779837408662,-7.500045116768565,-12.02849514385632,10.051342983790828,2.6687394707265225e-05
ENGINEERING_SAMPLE,spread_bps,Q3,3000,1000,1490,99.12751677852349,-10.067661828599348,-10.052736166309996,0.0,-10.790963280751777,-9.419779837408662,-7.500115740362497,-12.028565731755844,10.05164744541813,0.0003311490220071305
ENGINEERING_SAMPLE,spread_bps,Q3,3000,500,1490,99.12751677852349,-10.06742402852771,-10.052736166309996,0.0,-10.790963280751777,-9.419779837408662,-7.500106602568834,-12.028556598424844,10.051409721441491,9.342504536873176e-05
ENGINEERING_SAMPLE,spread_bps,Q3,30000,100,1490,95.16778523489933,-9.697913316271762,-10.052745062893413,0.0,-12.425620727638783,-6.8361969010224515,-7.500045116768565,-12.02849514385632,10.051426548799919,5.631556915534373e-05
ENGINEERING_SAMPLE,spread_bps,Q3,30000,1000,1490,95.16778523489933,-9.698271694215537,-10.052745062893413,0.0,-12.425620727638783,-6.8361969010224515,-7.500115740362497,-12.028565731755844,10.05178485690388,0.00041462367311772473
ENGINEERING_SAMPLE,spread_bps,Q3,30000,500,1490,95.16778523489933,-9.698019513427441,-10.052745062893413,0.0,-12.425620727638783,-6.8361969010224515,-7.500106602568834,-12.028556598424844,10.051532703773258,0.0001624705424942652
ENGINEERING_SAMPLE,spread_bps,Q3,500,100,1490,99.79865771812081,-10.051228615954052,-10.052736166309996,0.0,-10.052750624782512,-10.052726439107682,-7.500045116768565,-12.02849514385632,10.05265511665305,5.3706784113400095e-05
ENGINEERING_SAMPLE,spread_bps,Q3,500,1000,1490,99.79865771812081,-10.051338704807238,-10.052736166309996,0.0,-10.052750624782512,-10.052726439107682,-7.500115740362497,-12.028565731755844,10.052765147895435,0.00016373802650032336
ENGINEERING_SAMPLE,spread_bps,Q3,500,500,1490,99.79865771812081,-10.051325179850242,-10.052736166309996,0.0,-10.052750624782512,-10.052726439107682,-7.500106602568834,-12.028556598424844,10.052751630048148,0.0001502201792128412
ENGINEERING_SAMPLE,spread_bps,Q3,5000,100,1490,98.65771812080537,-10.08273785794154,-10.052736444284264,0.0,-11.007350791946212,-9.208949166121993,-7.500045116768565,-12.02849514385632,10.053631140525091,2.6814477539204585e-05
ENGINEERING_SAMPLE,spread_bps,Q3,5000,1000,1490,98.65771812080537,-10.082920481466788,-10.052736444284264,0.0,-11.007350791946212,-9.208949166121993,-7.500115740362497,-12.028565731755844,10.053813693981999,0.00020936793444470628
ENGINEERING_SAMPLE,spread_bps,Q3,5000,500,1490,98.65771812080537,-10.082800495603449,-10.052736444284264,0.0,-11.007350791946212,-9.208949166121993,-7.500106602568834,-12.028556598424844,10.053693747384038,8.942133648382883e-05
ENGINEERING_SAMPLE,spread_bps,Q3,60000,100,1490,95.16778523489933,-9.065709817008232,-8.787198801645825,0.0,-13.058697645979823,-4.515062860757492,-7.500045116768565,-12.02849514385632,10.051809266640829,2.7797801116100668e-05
ENGINEERING_SAMPLE,spread_bps,Q3,60000,1000,1490,95.16778523489933,-9.066026921727607,-8.787198801645825,0.0,-13.058697645979823,-4.515062860757492,-7.500115740362497,-12.028565731755844,10.052126327642977,0.00034485880326415145
ENGINEERING_SAMPLE,spread_bps,Q3,60000,500,1490,95.16778523489933,-9.065779317029985,-8.787198801645825,0.0,-13.058697645979823,-4.515062860757492,-7.500106602568834,-12.028556598424844,10.051878753068138,9.728422842382457e-05
ENGINEERING_SAMPLE,spread_bps,Q4,1000,100,1389,100.0,-10.06085609056627,-10.052764256369418,0.0,-10.052780957706652,-10.052752293577981,-7.981853537340448,-12.086950679979141,10.047440222126221,-5.087046675931267e-25
ENGINEERING_SAMPLE,spread_bps,Q4,1000,1000,1389,100.0,-10.061067673007948,-10.052764256369418,0.0,-10.052780957706652,-10.052752293577981,-7.98194744257593,-12.087044569367226,10.04765169431834,0.00021147219211788243
ENGINEERING_SAMPLE,spread_bps,Q4,1000,500,1389,100.0,-10.060930389873706,-10.052764256369418,0.0,-10.052780957706652,-10.052752293577981,-7.981927425062813,-12.087024555232254,10.047514484115837,7.426198961446001e-05
ENGINEERING_SAMPLE,spread_bps,Q4,15000,100,1389,100.0,-10.189981984452013,-10.052766204314118,0.0,-12.163163390145122,-8.258751990886749,-7.981853537340448,-12.086950679979141,10.050828660976881,2.9119585854509057e-05
ENGINEERING_SAMPLE,spread_bps,Q4,15000,1000,1389,100.0,-10.190118075664886,-10.052766204314118,0.0,-12.163163390145122,-8.258751990886749,-7.98194744257593,-12.087044569367226,10.050964670008236,0.00016512861721025053
ENGINEERING_SAMPLE,spread_bps,Q4,15000,500,1389,100.0,-10.190093365698631,-10.052766204314118,0.0,-12.163163390145122,-8.258751990886749,-7.981927425062813,-12.087024555232254,10.050939975129578,0.00014043373855252413
ENGINEERING_SAMPLE,spread_bps,Q4,250,100,1389,100.0,-10.053409467869495,-10.052763978103345,0.0,-10.05277761659343,-10.052753128015311,-7.981853537340448,-12.086950679979141,10.050117319584594,-5.770474154509052e-25
ENGINEERING_SAMPLE,spread_bps,Q4,250,1000,1389,100.0,-10.053503412363563,-10.052763978103345,0.0,-10.05277761659343,-10.052753128015311,-7.98194744257593,-12.087044569367226,10.050211216648092,9.389706349856239e-05
ENGINEERING_SAMPLE,spread_bps,Q4,250,500,1389,100.0,-10.053483386276294,-10.052763978103345,0.0,-10.05277761659343,-10.052753128015311,-7.981927425062813,-12.087024555232254,10.050191200876974,7.388129238052256e-05
ENGINEERING_SAMPLE,spread_bps,Q4,3000,100,1389,100.0,-10.089193030780155,-10.052764256369418,0.0,-10.791534810126583,-9.525003956322204,-7.981853537340448,-12.086950679979141,10.051171567989762,2.9125013466788526e-05
ENGINEERING_SAMPLE,spread_bps,Q4,3000,1000,1389,100.0,-10.089329111963332,-10.052764256369418,0.0,-10.791534810126583,-9.525003956322204,-7.98194744257593,-12.087044569367226,10.051307572136267,0.00016512915997147847
ENGINEERING_SAMPLE,spread_bps,Q4,3000,500,1389,100.0,-10.089304404021718,-10.052764256369418,0.0,-10.791534810126583,-9.525003956322204,-7.981927425062813,-12.087024555232254,10.051282877800372,0.00014043482407498
ENGINEERING_SAMPLE,spread_bps,Q4,30000,100,1389,96.4722822174226,-10.29729298355991,-10.1582668944571,0.0,-12.901804547755653,-7.361689784294077,-7.981853537340448,-12.086950679979141,10.046674132941943,4.723394404459685e-26
ENGINEERING_SAMPLE,spread_bps,Q4,30000,1000,1389,96.4722822174226,-10.297390372582583,-10.1582668944571,0.0,-12.901804547755653,-7.361689784294077,-7.98194744257593,-12.087044569367226,10.04677146355478,9.733061283545012e-05
ENGINEERING_SAMPLE,spread_bps,Q4,30000,500,1389,96.4722822174226,-10.29736961222737,-10.1582668944571,0.0,-12.901804547755653,-7.361689784294077,-7.981927425062813,-12.087024555232254,10.046750715863672,7.658292172876556e-05
ENGINEERING_SAMPLE,spread_bps,Q4,500,100,1389,100.0,-10.058272618557094,-10.052763978103345,0.0,-10.05278012238869,-10.052752293577981,-7.981853537340448,-12.086950679979141,10.051824760774831,-5.580646648624782e-25
ENGINEERING_SAMPLE,spread_bps,Q4,500,1000,1389,100.0,-10.058525716465066,-10.052763978103345,0.0,-10.05278012238869,-10.052752293577981,-7.98194744257593,-12.087044569367226,10.052077728930023,0.00025296815519170124
ENGINEERING_SAMPLE,spread_bps,Q4,500,500,1389,100.0,-10.058351271596614,-10.052763978103345,0.0,-10.05278012238869,-10.052752293577981,-7.981927425062813,-12.087024555232254,10.051903374246475,7.861347164433848e-05
ENGINEERING_SAMPLE,spread_bps,Q4,5000,100,1389,100.0,-10.113589937587994,-10.052763978103345,0.0,-11.266088423716749,-9.208531980423594,-7.981853537340448,-12.086950679979141,10.049975653761337,2.9127233853630126e-05
ENGINEERING_SAMPLE,spread_bps,Q4,5000,1000,1389,100.0,-10.11372601988215,-10.052763978103345,0.0,-11.266088423716749,-9.208531980423594,-7.98194744257593,-12.087044569367226,10.050111655909493,0.00016512938201016262
ENGINEERING_SAMPLE,spread_bps,Q4,5000,500,1389,100.0,-10.113701311817096,-10.052763978103345,0.0,-11.266088423716749,-9.208531980423594,-7.981927425062813,-12.087024555232254,10.050086961795635,0.00014043526815234831
ENGINEERING_SAMPLE,spread_bps,Q4,60000,100,1389,87.83297336213103,-10.06196609634349,-10.791534810126583,0.0,-14.274626157132685,-6.042075447813152,-7.981853537340448,-12.086950679979141,10.044319435737767,3.2608444106552596e-05
ENGINEERING_SAMPLE,spread_bps,Q4,60000,1000,1389,87.83297336213103,-10.062112875861237,-10.791534810126583,0.0,-14.274626157132685,-6.042075447813152,-7.98194744257593,-12.087044569367226,10.04446616712435,0.00017933983069033757
ENGINEERING_SAMPLE,spread_bps,Q4,60000,500,1389,87.83297336213103,-10.062075969018862,-10.791534810126583,0.0,-14.274626157132685,-6.042075447813152,-7.981927425062813,-12.087024555232254,10.044429269151749,0.0001424418580896656
ENGINEERING_SAMPLE,spread_bps,Q5,1000,100,1435,100.0,-10.057374359801898,-10.052803799973612,0.0,-10.263950739748001,-10.05278123615185,-7.58446914466635,-13.13876175295441,10.05525561190536,2.95332713845426e-05
ENGINEERING_SAMPLE,spread_bps,Q5,1000,1000,1435,100.0,-10.057611370779847,-10.052803799973612,0.0,-10.263950739748001,-10.05278123615185,-7.584665288579908,-13.138971033284825,10.055492497029128,0.0002664183951508511
ENGINEERING_SAMPLE,spread_bps,Q5,1000,500,1435,100.0,-10.057512812139182,-10.052803799973612,0.0,-10.263950739748001,-10.05278123615185,-7.584607580897822,-13.138900084709567,10.055393992591318,0.00016791395734215957
ENGINEERING_SAMPLE,spread_bps,Q5,15000,100,1435,100.0,-10.189621697782075,-10.2113278485959,0.0,-12.69494237818082,-7.835946484906676,-7.58446914466635,-13.13876175295441,10.054914922267187,5.7257612396129864e-05
ENGINEERING_SAMPLE,spread_bps,Q5,15000,1000,1435,100.0,-10.18989261328097,-10.2113278485959,0.0,-12.69494237818082,-7.835946484906676,-7.584665288579908,-13.138971033284825,10.055185688390878,0.000328023736087293
ENGINEERING_SAMPLE,spread_bps,Q5,15000,500,1435,100.0,-10.189782034846719,-10.2113278485959,0.0,-12.69494237818082,-7.835946484906676,-7.584607580897822,-13.138900084709567,10.055075169958165,0.00021750530337374333
ENGINEERING_SAMPLE,spread_bps,Q5,250,100,1435,100.0,-10.057817623259801,-10.052803799973612,0.0,-10.05283252011913,-10.052785134693103,-7.58446914466635,-13.13876175295441,10.056261557768194,7.871778904106958e-05
ENGINEERING_SAMPLE,spread_bps,Q5,250,1000,1435,100.0,-10.058321022121822,-10.052803799973612,0.0,-10.05283252011913,-10.052785134693103,-7.584665288579908,-13.138971033284825,10.05676469690846,0.0005818569293083711
ENGINEERING_SAMPLE,spread_bps,Q5,250,500,1435,100.0,-10.05813323274721,-10.052803799973612,0.0,-10.05283252011913,-10.052785134693103,-7.584607580897822,-13.138900084709567,10.056577005195164,0.00039416521601229245
ENGINEERING_SAMPLE,spread_bps,Q5,3000,100,1435,100.0,-10.066813922628885,-10.052803799973612,0.0,-11.002938724688454,-9.207579149682134,-7.58446914466635,-13.13876175295441,10.057729932030481,0.00013139092627802406
ENGINEERING_SAMPLE,spread_bps,Q5,3000,1000,1435,100.0,-10.067454934651678,-10.052803799973612,0.0,-11.002938724688454,-9.207579149682134,-7.584665288579908,-13.138971033284825,10.058370568674434,0.0007720275702294475
ENGINEERING_SAMPLE,spread_bps,Q5,3000,500,1435,100.0,-10.067223846269933,-10.052803799973612,0.0,-11.002938724688454,-9.207579149682134,-7.584607580897822,-13.138900084709567,10.058139616016087,0.0005410749118820384
ENGINEERING_SAMPLE,spread_bps,Q5,30000,100,1435,100.0,-10.383229805900932,-10.633863048413495,0.0,-14.226601609530448,-6.619914589920766,-7.58446914466635,-13.13876175295441,10.05660684283429,7.870688171589892e-05
ENGINEERING_SAMPLE,spread_bps,Q5,30000,1000,1435,100.0,-10.383692232266977,-10.633863048413495,0.0,-14.226601609530448,-6.619914589920766,-7.584665288579908,-13.138971033284825,10.05706913924151,0.0005410032889359268
ENGINEERING_SAMPLE,spread_bps,Q5,30000,500,1435,100.0,-10.383545282953746,-10.633863048413495,0.0,-14.226601609530448,-6.619914589920766,-7.584607580897822,-13.138900084709567,10.056922223623786,0.00039408767121167906
ENGINEERING_SAMPLE,spread_bps,Q5,500,100,1435,100.0,-10.053156872583777,-10.052803799973612,0.0,-10.05283252011913,-10.05278485620677,-7.58446914466635,-13.13876175295441,10.051356258953378,0.0001605182586300305
ENGINEERING_SAMPLE,spread_bps,Q5,500,1000,1435,100.0,-10.053885347614893,-10.052803799973612,0.0,-10.05283252011913,-10.05278485620677,-7.584665288579908,-13.138971033284825,10.052084340206097,0.0008885995113493611
ENGINEERING_SAMPLE,spread_bps,Q5,500,500,1435,100.0,-10.053623642568626,-10.052803799973612,0.0,-10.05283252011913,-10.05278485620677,-7.584607580897822,-13.138900084709567,10.051822777561455,0.000627036866708478
ENGINEERING_SAMPLE,spread_bps,Q5,5000,100,1435,100.0,-10.067421132032042,-10.052803799973612,0.0,-11.312714221268417,-8.785147134907982,-7.58446914466635,-13.13876175295441,10.051062357958319,0.00016052080740445486
ENGINEERING_SAMPLE,spread_bps,Q5,5000,1000,1435,100.0,-10.068149661019728,-10.052803799973612,0.0,-11.320094999340283,-8.785147134907982,-7.584665288579908,-13.138971033284825,10.051790457300116,0.0008886201492013893
ENGINEERING_SAMPLE,spread_bps,Q5,5000,500,1435,100.0,-10.067887956590656,-10.052803799973612,0.0,-11.320094999340283,-8.785147134907982,-7.584607580897822,-13.138900084709567,10.051528907962076,0.000627070811161728
ENGINEERING_SAMPLE,spread_bps,Q5,60000,100,1435,100.0,-11.155017597692359,-11.953420999862802,0.06968641114982578,-16.230026385224274,-5.565346785427836,-7.58446914466635,-13.13876175295441,10.057450591942555,5.8656838123384634e-05
ENGINEERING_SAMPLE,spread_bps,Q5,60000,1000,1435,100.0,-11.155286599774248,-11.953420999862802,0.06968641114982578,-16.230026385224274,-5.565346785427836,-7.584665288579908,-13.138971033284825,10.057719502783758,0.00032756767932755706
ENGINEERING_SAMPLE,spread_bps,Q5,60000,500,1435,100.0,-11.155175525126198,-11.953420999862802,0.06968641114982578,-16.230026385224274,-5.565346785427836,-7.584607580897822,-13.138900084709567,10.057608483125584,0.0002165480211538764
ENGINEERING_SAMPLE,volatility_1s_bps,Q1,1000,100,6027,99.93363198938111,-10.048224110935438,-10.052731997069566,0.0,-10.052831125215839,-10.052668982943777,-7.7873002516725025,-11.933127211128065,10.051650264650895,1.3580861102349223e-05
ENGINEERING_SAMPLE,volatility_1s_bps,Q1,1000,1000,6027,99.93363198938111,-10.048320506664407,-10.052731997069566,0.0,-10.052831125215839,-10.052668982943777,-7.7873868530693855,-11.933216928983118,10.051746609913625,0.00010992612383165018
ENGINEERING_SAMPLE,volatility_1s_bps,Q1,1000,500,6027,99.93363198938111,-10.04828934688887,-10.052731997069566,0.0,-10.052831125215839,-10.052668982943777,-7.787365442245874,-11.93319236623058,10.051715467482705,7.878369291228841e-05
ENGINEERING_SAMPLE,volatility_1s_bps,Q1,15000,100,6027,99.12062385929981,-9.994857964275289,-10.052723938407057,0.0,-11.95089880949244,-8.209188588756167,-7.7873002516725025,-11.933127211128065,10.053437771712323,2.3253031463772992e-05
ENGINEERING_SAMPLE,volatility_1s_bps,Q1,15000,1000,6027,99.12062385929981,-9.995048381321574,-10.052723938407057,0.0,-11.95089880949244,-8.209188588756167,-7.7873868530693855,-11.933216928983118,10.053628084978657,0.0002135662977979779
ENGINEERING_SAMPLE,volatility_1s_bps,Q1,15000,500,6027,99.12062385929981,-9.994948223261964,-10.052723938407057,0.0,-11.95089880949244,-8.209188588756167,-7.787365442245874,-11.93319236623058,10.05352797486652,0.00011345618566232875
ENGINEERING_SAMPLE,volatility_1s_bps,Q1,250,100,6027,99.96681599469056,-10.05099403706193,-10.05273227499842,0.0,-10.052805193434317,-10.052672864919504,-7.7873002516725025,-11.933127211128065,10.052110050909283,2.1452937745856177e-05
ENGINEERING_SAMPLE,volatility_1s_bps,Q1,250,1000,6027,99.96681599469056,-10.051161547742707,-10.05273227499842,0.0,-10.052805193434317,-10.052672864919504,-7.7873868530693855,-11.933216928983118,10.052277475291326,0.00018887731978941598
ENGINEERING_SAMPLE,volatility_1s_bps,Q1,250,500,6027,99.96681599469056,-10.05111069594094,-10.05273227499842,0.0,-10.052805193434317,-10.052672864919504,-7.787365442245874,-11.93319236623058,10.052226649985682,0.0001380520141438171
ENGINEERING_SAMPLE,volatility_1s_bps,Q1,3000,100,6027,99.80089596814335,-10.040664303618085,-10.052730051649625,0.0,-10.633541945901449,-9.367282730707815,-7.7873002516725025,-11.933127211128065,10.053066547959983,3.004466165113744e-05
ENGINEERING_SAMPLE,volatility_1s_bps,Q1,3000,1000,6027,99.80089596814335,-10.040837681798028,-10.052730051649625,0.0,-10.633541945901449,-9.367282730707815,-7.7873868530693855,-11.933216928983118,10.053239846703777,0.00020334340544652266
ENGINEERING_SAMPLE,volatility_1s_bps,Q1,3000,500,6027,99.80089596814335,-10.040748893075826,-10.052730051649625,0.0,-10.633541945901449,-9.367282730707815,-7.787365442245874,-11.93319236623058,10.0531510938586,0.00011459056026980056
ENGINEERING_SAMPLE,volatility_1s_bps,Q1,30000,100,6027,98.30761572921851,-9.932040996520971,-10.052675083448284,0.0,-12.74329283725639,-7.100091696705243,-7.7873002516725025,-11.933127211128065,10.05148553554115,2.7345485885376577e-05
ENGINEERING_SAMPLE,volatility_1s_bps,Q1,30000,1000,6027,98.30761572921851,-9.932205317814066,-10.052675083448284,0.0,-12.74329283725639,-7.100091696705243,-7.7873868530693855,-11.933216928983118,10.051649797764584,0.00019160770931922204
ENGINEERING_SAMPLE,volatility_1s_bps,Q1,30000,500,6027,98.30761572921851,-9.932122574167096,-10.052675083448284,0.0,-12.74329283725639,-7.100091696705243,-7.787365442245874,-11.93319236623058,10.051567072647348,0.00010888259208288373
ENGINEERING_SAMPLE,volatility_1s_bps,Q1,500,100,6027,99.95022399203584,-10.050404809691596,-10.052731997069566,0.0,-10.052813834532488,-10.052670923860113,-7.7873002516725025,-11.933127211128065,10.051759425805422,2.7066568647983462e-05
ENGINEERING_SAMPLE,volatility_1s_bps,Q1,500,1000,6027,99.95022399203584,-10.050607223942569,-10.052731997069566,0.0,-10.052813834532488,-10.052670923860113,-7.7873868530693855,-11.933216928983118,10.051961732417567,0.0002293731807934527
ENGINEERING_SAMPLE,volatility_1s_bps,Q1,500,500,6027,99.95022399203584,-10.050539291593381,-10.052731997069566,0.0,-10.052813834532488,-10.052670923860113,-7.787365442245874,-11.93319236623058,10.051893837165377,0.00016147792860269242
ENGINEERING_SAMPLE,volatility_1s_bps,Q1,5000,100,6027,99.73452795752448,-10.027067850942325,-10.052728940045535,0.0,-10.895481133217856,-9.050899087210405,-7.7873002516725025,-11.933127211128065,10.05053667710428,3.770251388829332e-05
ENGINEERING_SAMPLE,volatility_1s_bps,Q1,5000,1000,6027,99.73452795752448,-10.027290149138171,-10.052728940045535,0.0,-10.895481133217856,-9.050899087210405,-7.7873868530693855,-11.933216928983118,10.050758853180891,0.00025987859049942465
ENGINEERING_SAMPLE,volatility_1s_bps,Q1,5000,500,6027,99.73452795752448,-10.0272021048833,-10.052728940045535,0.0,-10.895481133217856,-9.050899087210405,-7.787365442245874,-11.93319236623058,10.050670853679776,0.00017187908938486596
ENGINEERING_SAMPLE,volatility_1s_bps,Q1,60000,100,6027,96.36635141861623,-9.76225812678289,-10.0,0.49931129476584024,-14.012051244169603,-4.727856205637321,-7.7873002516725025,-11.933127211128065,10.052109233692814,2.0933166017466174e-05
ENGINEERING_SAMPLE,volatility_1s_bps,Q1,60000,1000,6027,96.36635141861623,-9.762439858746585,-10.0,0.49931129476584024,-14.012051244169603,-4.727856205637321,-7.7873868530693855,-11.933216928983118,10.052290916163507,0.0002026156367118641
ENGINEERING_SAMPLE,volatility_1s_bps,Q1,60000,500,6027,96.36635141861623,-9.762342413441488,-10.0,0.49931129476584024,-14.012051244169603,-4.727856205637321,-7.787365442245874,-11.93319236623058,10.052193497665193,0.00010519713839875989
ENGINEERING_SAMPLE,volatility_1s_bps,Q5,1000,100,1165,100.0,-10.053096785551073,-10.052741170268845,0.0,-10.36921661453648,-10.0,-7.455359056233605,-12.035778154367023,10.053012608384202,2.4581421347272665e-05
ENGINEERING_SAMPLE,volatility_1s_bps,Q5,1000,1000,1165,100.0,-10.053297501487542,-10.052741170268845,0.0,-10.369361557689858,-10.0,-7.455419512751435,-12.035838586844347,10.053213224997563,0.00022519803470872872
ENGINEERING_SAMPLE,volatility_1s_bps,Q5,1000,500,1165,100.0,-10.05312062956852,-10.052741170268845,0.0,-10.369361557689858,-10.0,-7.455382440380405,-12.035801532975007,10.053036441933878,4.841497102327375e-05
ENGINEERING_SAMPLE,volatility_1s_bps,Q5,15000,100,1165,99.31330472103004,-9.960148952785488,-10.052810489255798,0.0,-12.056547885713082,-7.573957322987391,-7.455359056233605,-12.035778154367023,10.050953561275396,5.913723873915332e-05
ENGINEERING_SAMPLE,volatility_1s_bps,Q5,15000,1000,1165,99.31330472103004,-9.960251814847458,-10.052810489255798,0.0,-12.056547885713082,-7.573957322987391,-7.455419512751435,-12.035838586844347,10.051056410418617,0.00016198638195970643
ENGINEERING_SAMPLE,volatility_1s_bps,Q5,15000,500,1165,99.31330472103004,-9.960199622122595,-10.052810489255798,0.0,-12.056547885713082,-7.573957322987391,-7.455382440380405,-12.035801532975007,10.051004223720614,0.00010979968395807907
ENGINEERING_SAMPLE,volatility_1s_bps,Q5,250,100,1165,100.0,-10.058275710271813,-10.052740892246218,0.0,-10.052826104173816,-10.052672864919504,-7.455359056233605,-12.035778154367023,10.056878902120076,9.345458334719156e-05
ENGINEERING_SAMPLE,volatility_1s_bps,Q5,250,1000,1165,100.0,-10.058774446802927,-10.052740892246218,0.0,-10.052826104173816,-10.052672864919504,-7.455419512751435,-12.035838586844347,10.057377384210817,0.0005919366740885235
ENGINEERING_SAMPLE,volatility_1s_bps,Q5,250,500,1165,100.0,-10.058376809224356,-10.052740892246218,0.0,-10.052826104173816,-10.052672864919504,-7.455382440380405,-12.035801532975007,10.056979948708264,0.00019450117153497083
ENGINEERING_SAMPLE,volatility_1s_bps,Q5,3000,100,1165,99.91416309012875,-10.054645355434321,-10.052743950656334,0.0,-10.948730916332142,-9.208531980423594,-7.455359056233605,-12.035778154367023,10.056007735323018,0.0001142721689989451
ENGINEERING_SAMPLE,volatility_1s_bps,Q5,3000,1000,1165,99.91416309012875,-10.055441026843196,-10.052743950656334,0.0,-10.948730916332142,-9.208531980423594,-7.455419512751435,-12.035838586844347,10.056802923823128,0.0009094606691083192
ENGINEERING_SAMPLE,volatility_1s_bps,Q5,3000,500,1165,99.91416309012875,-10.055160089856376,-10.052743950656334,0.0,-10.948730916332142,-9.208531980423594,-7.455382440380405,-12.035801532975007,10.056522152773056,0.0006286896190373092
ENGINEERING_SAMPLE,volatility_1s_bps,Q5,30000,100,1165,98.36909871244636,-9.832695137502737,-10.05267203301939,0.0,-13.033459248896479,-6.674923709084107,-7.455359056233605,-12.035778154367023,10.054101670165869,5.184572803081046e-05
ENGINEERING_SAMPLE,volatility_1s_bps,Q5,30000,1000,1165,98.36909871244636,-9.833047591709848,-10.05267203301939,0.0,-13.033459248896479,-6.674923709084107,-7.455419512751435,-12.035838586844347,10.054454083475179,0.00040425903733974823
ENGINEERING_SAMPLE,volatility_1s_bps,Q5,30000,500,1165,98.36909871244636,-9.832913182555174,-10.05267203301939,0.0,-13.033459248896479,-6.674923709084107,-7.455382440380405,-12.035801532975007,10.054319689575058,0.00026986513722099655
ENGINEERING_SAMPLE,volatility_1s_bps,Q5,500,100,1165,100.0,-10.053642897364604,-10.052741170268845,0.0,-10.05284200741531,-10.052670258392574,-7.455359056233605,-12.035778154367023,10.049482862745364,0.0001652044668179984
ENGINEERING_SAMPLE,volatility_1s_bps,Q5,500,1000,1165,100.0,-10.054288008442208,-10.052741170268845,0.0,-10.05284200741531,-10.052670258392574,-7.455419512751435,-12.035838586844347,10.050127636037711,0.0008099777591645871
ENGINEERING_SAMPLE,volatility_1s_bps,Q5,500,500,1165,100.0,-10.053968154182343,-10.052741170268845,0.0,-10.05284200741531,-10.052670258392574,-7.455382440380405,-12.035801532975007,10.04980794459201,0.0004902863134625637
ENGINEERING_SAMPLE,volatility_1s_bps,Q5,5000,100,1165,99.65665236051503,-10.066910160333583,-10.052741170268845,0.0,-11.160440325182678,-8.998276843303403,-7.455359056233605,-12.035778154367023,10.050037144414803,9.666659200495886e-05
ENGINEERING_SAMPLE,volatility_1s_bps,Q5,5000,1000,1165,99.65665236051503,-10.067118542650194,-10.052741170268845,0.0,-11.160440325182678,-8.998276843303403,-7.455419512751435,-12.035838586844347,10.05024541555498,0.00030493773218091
ENGINEERING_SAMPLE,volatility_1s_bps,Q5,5000,500,1165,99.65665236051503,-10.067028091581635,-10.052741170268845,0.0,-11.160440325182678,-8.998276843303403,-7.455382440380405,-12.035801532975007,10.050155008410742,0.00021453058794458703
ENGINEERING_SAMPLE,volatility_1s_bps,Q5,60000,100,1165,98.11158798283262,-9.51616559724872,-9.473279669806105,0.7874015748031497,-14.167453165945197,-4.352139574881164,-7.455359056233605,-12.035778154367023,10.050145926985765,6.16182625895109e-05
ENGINEERING_SAMPLE,volatility_1s_bps,Q5,60000,1000,1165,98.11158798283262,-9.51626739169988,-9.473279669806105,0.7874015748031497,-14.167453165945197,-4.352139574881164,-7.455419512751435,-12.035838586844347,10.05024767437061,0.0001633656474349016
ENGINEERING_SAMPLE,volatility_1s_bps,Q5,60000,500,1165,98.11158798283262,-9.516213951002111,-9.473279669806105,0.7874015748031497,-14.167453165945197,-4.352139574881164,-7.455382440380405,-12.035801532975007,10.050194251447895,0.00010994272471914997
ENGINEERING_SAMPLE,volatility_30s_bps,Q1,1000,100,1441,100.0,-10.05245910057382,-10.052722271405084,0.0,-10.052826104173816,-10.052668428422527,-8.076390443892981,-11.658120433604353,10.05236984620121,-9.502800142367674e-25
ENGINEERING_SAMPLE,volatility_30s_bps,Q1,1000,1000,1441,100.0,-10.05249978183688,-10.052722271405084,0.0,-10.052826104173816,-10.052668428422527,-8.076390443892981,-11.658120433604353,10.052410501660098,4.0655458888588854e-05
ENGINEERING_SAMPLE,volatility_30s_bps,Q1,1000,500,1441,100.0,-10.05245910057382,-10.052722271405084,0.0,-10.052826104173816,-10.052668428422527,-8.076390443892981,-11.658120433604353,10.05236984620121,0.0
ENGINEERING_SAMPLE,volatility_30s_bps,Q1,15000,100,1441,100.0,-10.19804273833637,-10.052786248667813,0.0,-12.427155792993243,-8.258751990886749,-8.076390443892981,-11.658120433604353,10.05496133090074,3.0690586827710494e-25
ENGINEERING_SAMPLE,volatility_30s_bps,Q1,15000,1000,1441,100.0,-10.198140253113696,-10.052786248667813,0.0,-12.452712516688388,-8.258751990886749,-8.076390443892981,-11.658120433604353,10.055058772366289,9.744146554831907e-05
ENGINEERING_SAMPLE,volatility_30s_bps,Q1,15000,500,1441,100.0,-10.198083229401057,-10.052786248667813,0.0,-12.429200704782781,-8.258751990886749,-8.076390443892981,-11.658120433604353,10.05500179224855,4.046134780861853e-05
ENGINEERING_SAMPLE,volatility_30s_bps,Q1,250,100,1441,100.0,-10.051923786511777,-10.052722271405084,0.0,-10.052786248667813,-10.052669537476705,-8.076390443892981,-11.658120433604353,10.052733779602226,-1.0708895542171435e-24
ENGINEERING_SAMPLE,volatility_30s_bps,Q1,250,1000,1441,100.0,-10.051923786511777,-10.052722271405084,0.0,-10.052786248667813,-10.052669537476705,-8.076390443892981,-11.658120433604353,10.052733779602226,-1.0708895542171435e-24
ENGINEERING_SAMPLE,volatility_30s_bps,Q1,250,500,1441,100.0,-10.051923786511777,-10.052722271405084,0.0,-10.052786248667813,-10.052669537476705,-8.076390443892981,-11.658120433604353,10.052733779602226,0.0
ENGINEERING_SAMPLE,volatility_30s_bps,Q1,3000,100,1441,100.0,-10.058971198158373,-10.052722271405084,0.0,-10.73863336743411,-9.314176790685902,-8.076390443892981,-11.658120433604353,10.052600280582,5.24533973238136e-05
ENGINEERING_SAMPLE,volatility_30s_bps,Q1,3000,1000,1441,100.0,-10.05914886166738,-10.052722271405084,0.0,-10.73863336743411,-9.314176790685902,-8.076390443892981,-11.658120433604353,10.052777832708916,0.00023000552423759575
ENGINEERING_SAMPLE,volatility_30s_bps,Q1,3000,500,1441,100.0,-10.059065064746388,-10.052722271405084,0.0,-10.73863336743411,-9.314176790685902,-8.076390443892981,-11.658120433604353,10.052694088755741,0.00014626157106336718
ENGINEERING_SAMPLE,volatility_30s_bps,Q1,30000,100,1441,96.66897987508675,-10.084598600581625,-9.947331571577473,0.0,-13.055766192733017,-8.209188588756167,-8.076390443892981,-11.658120433604353,10.048721924301352,-5.103491949113513e-25
ENGINEERING_SAMPLE,volatility_30s_bps,Q1,30000,1000,1441,96.66897987508675,-10.084598600581625,-9.947331571577473,0.0,-13.055766192733017,-8.209188588756167,-8.076390443892981,-11.658120433604353,10.048721924301352,-5.103491949113513e-25
ENGINEERING_SAMPLE,volatility_30s_bps,Q1,30000,500,1441,96.66897987508675,-10.084598600581625,-9.947331571577473,0.0,-13.055766192733017,-8.209188588756167,-8.076390443892981,-11.658120433604353,10.048721924301352,0.0
ENGINEERING_SAMPLE,volatility_30s_bps,Q1,500,100,1441,100.0,-10.053055800528998,-10.052722271405084,0.0,-10.052786248667813,-10.052668428422527,-8.076390443892981,-11.658120433604353,10.053493503421858,2.3452504938701537e-05
ENGINEERING_SAMPLE,volatility_30s_bps,Q1,500,1000,1441,100.0,-10.053201596223785,-10.052722271405084,0.0,-10.052786248667813,-10.052668428422527,-8.076390443892981,-11.658120433604353,10.053639209965752,0.00016915904883312117
ENGINEERING_SAMPLE,volatility_30s_bps,Q1,500,500,1441,100.0,-10.053130227475783,-10.052722271405084,0.0,-10.052786248667813,-10.052668428422527,-8.076390443892981,-11.658120433604353,10.05356788551559,9.783459867183965e-05
ENGINEERING_SAMPLE,volatility_30s_bps,Q1,5000,100,1441,100.0,-10.063549814379599,-10.05272199358167,0.0,-11.054445428101682,-9.050914092679353,-8.076390443892981,-11.658120433604353,10.051907598957605,5.245367576098831e-05
ENGINEERING_SAMPLE,volatility_30s_bps,Q1,5000,1000,1441,100.0,-10.063727484856615,-10.05272199358167,0.0,-11.054445428101682,-9.050914092679353,-8.076390443892981,-11.658120433604353,10.052085154970822,0.00023000968897620282
ENGINEERING_SAMPLE,volatility_30s_bps,Q1,5000,500,1441,100.0,-10.063643683290284,-10.05272199358167,0.0,-11.054445428101682,-9.050914092679353,-8.076390443892981,-11.658120433604353,10.05200140788166,0.0001462625998154548
ENGINEERING_SAMPLE,volatility_30s_bps,Q1,60000,100,1441,95.76682859125607,-9.472477702664602,-8.840748150760948,0.7971014492753623,-13.530011164005561,-6.780038831263388,-8.076390443892981,-11.658120433604353,10.048150693768736,-3.360694131442931e-25
ENGINEERING_SAMPLE,volatility_30s_bps,Q1,60000,1000,1441,95.76682859125607,-9.472477702664602,-8.840748150760948,0.7971014492753623,-13.530011164005561,-6.780038831263388,-8.076390443892981,-11.658120433604353,10.048150693768736,-3.360694131442931e-25
ENGINEERING_SAMPLE,volatility_30s_bps,Q1,60000,500,1441,95.76682859125607,-9.472477702664602,-8.840748150760948,0.7971014492753623,-13.530011164005561,-6.780038831263388,-8.076390443892981,-11.658120433604353,10.048150693768736,0.0
ENGINEERING_SAMPLE,volatility_30s_bps,Q2,1000,100,1465,100.0,-10.052026868879802,-10.052726994851147,0.0,-10.052807701848929,-10.052671755725191,-7.965510126244752,-11.84511779645382,10.052158058633598,-8.736743857056827e-25
ENGINEERING_SAMPLE,volatility_30s_bps,Q2,1000,1000,1465,100.0,-10.052026868879802,-10.052726994851147,0.0,-10.052807701848929,-10.052671755725191,-7.965510126244752,-11.84511779645382,10.052158058633598,-8.736743857056827e-25
ENGINEERING_SAMPLE,volatility_30s_bps,Q2,1000,500,1465,100.0,-10.052026868879802,-10.052726994851147,0.0,-10.052807701848929,-10.052671755725191,-7.965510126244752,-11.84511779645382,10.052158058633598,0.0
ENGINEERING_SAMPLE,volatility_30s_bps,Q2,15000,100,1465,97.47440273037543,-9.879336833631537,-10.05272199358167,0.0,-11.476612656679915,-8.18215985394237,-7.965510126244752,-11.84511779645382,10.051720157283697,-2.0666356633859725e-25
ENGINEERING_SAMPLE,volatility_30s_bps,Q2,15000,1000,1465,97.47440273037543,-9.879336833631537,-10.05272199358167,0.0,-11.476612656679915,-8.18215985394237,-7.965510126244752,-11.84511779645382,10.051720157283697,-2.0666356633859725e-25
ENGINEERING_SAMPLE,volatility_30s_bps,Q2,15000,500,1465,97.47440273037543,-9.879336833631537,-10.05272199358167,0.0,-11.476612656679915,-8.18215985394237,-7.965510126244752,-11.84511779645382,10.051720157283697,0.0
ENGINEERING_SAMPLE,volatility_30s_bps,Q2,250,100,1465,100.0,-10.05137414049243,-10.052726994851147,0.0,-10.052795162158453,-10.052672864919504,-7.965510126244752,-11.84511779645382,10.049295211474561,-9.383707202168733e-25
ENGINEERING_SAMPLE,volatility_30s_bps,Q2,250,1000,1465,100.0,-10.051414140923185,-10.052726994851147,0.0,-10.052795162158453,-10.052672864919504,-7.965510126244752,-11.84511779645382,10.04933519054319,3.997906862799813e-05
ENGINEERING_SAMPLE,volatility_30s_bps,Q2,250,500,1465,100.0,-10.05137414049243,-10.052726994851147,0.0,-10.052795162158453,-10.052672864919504,-7.965510126244752,-11.84511779645382,10.049295211474561,0.0
ENGINEERING_SAMPLE,volatility_30s_bps,Q2,3000,100,1465,100.0,-10.014661425615863,-10.052724494097808,0.0,-10.316310292862337,-9.577558452525466,-7.965510126244752,-11.84511779645382,10.050520950370567,-8.127326770683959e-25
ENGINEERING_SAMPLE,volatility_30s_bps,Q2,3000,1000,1465,100.0,-10.014661425615863,-10.052724494097808,0.0,-10.316310292862337,-9.577558452525466,-7.965510126244752,-11.84511779645382,10.050520950370567,-8.127326770683959e-25
ENGINEERING_SAMPLE,volatility_30s_bps,Q2,3000,500,1465,100.0,-10.014661425615863,-10.052724494097808,0.0,-10.316310292862337,-9.577558452525466,-7.965510126244752,-11.84511779645382,10.050520950370567,0.0
ENGINEERING_SAMPLE,volatility_30s_bps,Q2,30000,100,1465,96.65529010238907,-9.97719924894045,-9.947244924861588,0.0,-13.011087937907547,-6.572848122484288,-7.965510126244752,-11.84511779645382,10.056436984095859,5.029117781091378e-25
ENGINEERING_SAMPLE,volatility_30s_bps,Q2,30000,1000,1465,96.65529010238907,-9.97719924894045,-9.947244924861588,0.0,-13.011087937907547,-6.572848122484288,-7.965510126244752,-11.84511779645382,10.056436984095859,5.029117781091378e-25
ENGINEERING_SAMPLE,volatility_30s_bps,Q2,30000,500,1465,96.65529010238907,-9.97719924894045,-9.947244924861588,0.0,-13.011087937907547,-6.572848122484288,-7.965510126244752,-11.84511779645382,10.056436984095859,0.0
ENGINEERING_SAMPLE,volatility_30s_bps,Q2,500,100,1465,100.0,-10.052885891080988,-10.052726994851147,0.0,-10.052807701848929,-10.052671755725191,-7.965510126244752,-11.84511779645382,10.05105771573397,-8.952267760883695e-25
ENGINEERING_SAMPLE,volatility_30s_bps,Q2,500,1000,1465,100.0,-10.052885891080988,-10.052726994851147,0.0,-10.052807701848929,-10.052671755725191,-7.965510126244752,-11.84511779645382,10.05105771573397,-8.952267760883695e-25
ENGINEERING_SAMPLE,volatility_30s_bps,Q2,500,500,1465,100.0,-10.052885891080988,-10.052726994851147,0.0,-10.052807701848929,-10.052671755725191,-7.965510126244752,-11.84511779645382,10.05105771573397,0.0
ENGINEERING_SAMPLE,volatility_30s_bps,Q2,5000,100,1465,100.0,-9.980719247345785,-10.052723938407057,0.0,-10.579911370594218,-9.10265271021726,-7.965510126244752,-11.84511779645382,10.051513803377317,-7.517829716553218e-25
ENGINEERING_SAMPLE,volatility_30s_bps,Q2,5000,1000,1465,100.0,-9.980719247345785,-10.052723938407057,0.0,-10.579911370594218,-9.10265271021726,-7.965510126244752,-11.84511779645382,10.051513803377317,-7.517829716553218e-25
ENGINEERING_SAMPLE,volatility_30s_bps,Q2,5000,500,1465,100.0,-9.980719247345785,-10.052723938407057,0.0,-10.579911370594218,-9.10265271021726,-7.965510126244752,-11.84511779645382,10.051513803377317,0.0
ENGINEERING_SAMPLE,volatility_30s_bps,Q2,60000,100,1465,91.67235494880546,-9.625435825616846,-10.105444542810169,1.9359642591213702,-14.693518801589727,-3.521339938615102,-7.965510126244752,-11.84511779645382,10.049495776708145,-6.8636918202005425e-25
ENGINEERING_SAMPLE,volatility_30s_bps,Q2,60000,1000,1465,91.67235494880546,-9.625435825616846,-10.105444542810169,1.9359642591213702,-14.693518801589727,-3.521339938615102,-7.965510126244752,-11.84511779645382,10.049495776708145,-6.8636918202005425e-25
ENGINEERING_SAMPLE,volatility_30s_bps,Q2,60000,500,1465,91.67235494880546,-9.625435825616846,-10.105444542810169,1.9359642591213702,-14.693518801589727,-3.521339938615102,-7.965510126244752,-11.84511779645382,10.049495776708145,0.0
ENGINEERING_SAMPLE,volatility_30s_bps,Q3,1000,100,1413,99.7169143665959,-10.064311468553402,-10.052730885383452,0.0,-10.05283252011913,-10.052670923860113,-8.365904192229516,-12.412910905227974,10.051187284268421,1.398613839541763e-05
ENGINEERING_SAMPLE,volatility_30s_bps,Q3,1000,1000,1413,99.7169143665959,-10.064332560074229,-10.052730885383452,0.0,-10.05283252011913,-10.052670923860113,-8.365925243254122,-12.412945441242794,10.051208366158752,3.506802872543541e-05
ENGINEERING_SAMPLE,volatility_30s_bps,Q3,1000,500,1413,99.7169143665959,-10.064330216565727,-10.052730885383452,0.0,-10.05283252011913,-10.052670923860113,-8.36592290425139,-12.412929602062558,10.051206023726492,3.2725596466544554e-05
ENGINEERING_SAMPLE,volatility_30s_bps,Q3,15000,100,1413,98.30148619957536,-10.215362736994459,-10.052796833773087,0.0,-11.90056566338807,-8.468891820580476,-8.365904192229516,-12.412910905227974,10.04841319168792,2.6188227352311626e-05
ENGINEERING_SAMPLE,volatility_30s_bps,Q3,15000,1000,1413,98.30148619957536,-10.215435806675345,-10.052796833773087,0.0,-11.90056566338807,-8.468891820580476,-8.365925243254122,-12.412945441242794,10.04848622360285,9.922014228048954e-05
ENGINEERING_SAMPLE,volatility_30s_bps,Q3,15000,500,1413,98.30148619957536,-10.215402500321133,-10.052796833773087,0.0,-11.90056566338807,-8.468891820580476,-8.36592290425139,-12.412929602062558,10.048452934767838,6.593130726777221e-05
ENGINEERING_SAMPLE,volatility_30s_bps,Q3,250,100,1413,99.85845718329794,-10.055927461320378,-10.052730051649625,0.0,-10.052805193434317,-10.052670923860113,-8.365904192229516,-12.412910905227974,10.053170995572051,1.3966313961122211e-05
ENGINEERING_SAMPLE,volatility_30s_bps,Q3,250,1000,1413,99.85845718329794,-10.056006523196956,-10.052730051649625,0.0,-10.052805193434317,-10.052670923860113,-8.365925243254122,-12.412945441242794,10.053250016862341,9.298760425064967e-05
ENGINEERING_SAMPLE,volatility_30s_bps,Q3,250,500,1413,99.85845718329794,-10.05598751978422,-10.052730051649625,0.0,-10.052805193434317,-10.052670923860113,-8.36592290425139,-12.412929602062558,10.05323102342171,7.399416361941092e-05
ENGINEERING_SAMPLE,volatility_30s_bps,Q3,3000,100,1413,99.07997169143665,-10.113478828568761,-10.052757022405256,0.0,-10.844753798173077,-9.630652153276587,-8.365904192229516,-12.412910905227974,10.053515912420439,1.4076049285102457e-05
ENGINEERING_SAMPLE,volatility_30s_bps,Q3,3000,1000,1413,99.07997169143665,-10.113558511645797,-10.052757022405256,0.0,-10.844753798173077,-9.630652153276587,-8.365925243254122,-12.412945441242794,10.053595554592295,9.37182211411905e-05
ENGINEERING_SAMPLE,volatility_30s_bps,Q3,3000,500,1413,99.07997169143665,-10.11353935892053,-10.052757022405256,0.0,-10.844753798173077,-9.630652153276587,-8.36592290425139,-12.412929602062558,10.053576411917488,7.457554633356344e-05
ENGINEERING_SAMPLE,volatility_30s_bps,Q3,30000,100,1413,98.30148619957536,-10.429004568420535,-10.316542134431538,0.0,-12.53424802110818,-7.993720316622691,-8.365904192229516,-12.412910905227974,10.053656272527085,7.194452588232563e-05
ENGINEERING_SAMPLE,volatility_30s_bps,Q3,30000,1000,1413,98.30148619957536,-10.429103080482257,-10.316542134431538,0.0,-12.53424802110818,-7.993720316622691,-8.365925243254122,-12.412945441242794,10.053754758115273,0.00017043011407096392
ENGINEERING_SAMPLE,volatility_30s_bps,Q3,30000,500,1413,98.30148619957536,-10.4290836324572,-10.316542134431538,0.0,-12.53424802110818,-7.993720316622691,-8.36592290425139,-12.412929602062558,10.053735313182017,0.00015098518081460858
ENGINEERING_SAMPLE,volatility_30s_bps,Q3,500,100,1413,99.78768577494692,-10.058237861707429,-10.052730051649625,0.0,-10.052810489255798,-10.052670923860113,-8.365904192229516,-12.412910905227974,10.050882297110306,4.361331960975129e-05
ENGINEERING_SAMPLE,volatility_30s_bps,Q3,500,1000,1413,99.78768577494692,-10.058349541386125,-10.052730051649625,0.0,-10.052810489255798,-10.052670923860113,-8.365925243254122,-12.412945441242794,10.050993919299895,0.00015523550919820523
ENGINEERING_SAMPLE,volatility_30s_bps,Q3,500,500,1413,99.78768577494692,-10.058317823079285,-10.052730051649625,0.0,-10.052810489255798,-10.052670923860113,-8.36592290425139,-12.412929602062558,10.05096221755432,0.00012353376362488625
ENGINEERING_SAMPLE,volatility_30s_bps,Q3,5000,100,1413,98.58457183297948,-10.166003312067609,-10.052764256369418,0.0,-11.316877086207079,-9.577571829677638,-8.365904192229516,-12.412910905227974,10.051704306360094,1.4146783201107997e-05
ENGINEERING_SAMPLE,volatility_30s_bps,Q3,5000,1000,1413,98.58457183297948,-10.166024645845676,-10.052764256369418,0.0,-11.316877086207079,-9.577571829677638,-8.365925243254122,-12.412945441242794,10.051725630397046,3.547082015372469e-05
ENGINEERING_SAMPLE,volatility_30s_bps,Q3,5000,500,1413,98.58457183297948,-10.166022275419632,-10.052764256369418,0.0,-11.316877086207079,-9.577571829677638,-8.36592290425139,-12.412929602062558,10.051723261059607,3.310148271454506e-05
ENGINEERING_SAMPLE,volatility_30s_bps,Q3,60000,100,1413,95.89525831564048,-10.944770230262382,-11.318174871278675,0.0,-14.16468635561293,-5.82595201545935,-8.365904192229516,-12.412910905227974,10.05136176792391,1.4543519556563424e-05
ENGINEERING_SAMPLE,volatility_30s_bps,Q3,60000,1000,1413,95.89525831564048,-10.945106810834398,-11.318174871278675,0.0,-14.16468635561293,-5.82595201545935,-8.365925243254122,-12.412945441242794,10.051698279540776,0.0003510551364258254
ENGINEERING_SAMPLE,volatility_30s_bps,Q3,60000,500,1413,95.89525831564048,-10.944837946389239,-11.318174871278675,0.0,-14.16468635561293,-5.82595201545935,-8.36592290425139,-12.412929602062558,10.051429455556438,8.22311520869369e-05
ENGINEERING_SAMPLE,volatility_30s_bps,Q4,1000,100,1440,100.0,-10.025469622298639,-10.052736722258533,0.0,-10.052831125215839,-10.05266260665428,-7.223566522038553,-12.074437056919823,10.05181310347583,1.9887052687203234e-05
ENGINEERING_SAMPLE,volatility_30s_bps,Q4,1000,1000,1440,100.0,-10.025521882059973,-10.052736722258533,0.0,-10.052831125215839,-10.05266260665428,-7.223618766789582,-12.074489285124024,10.051865339635091,7.212321194739594e-05
ENGINEERING_SAMPLE,volatility_30s_bps,Q4,1000,500,1440,100.0,-10.025488545360682,-10.052736722258533,0.0,-10.052831125215839,-10.05266260665428,-7.223585440462874,-12.074455970863088,10.051832018265353,3.88018422112325e-05
ENGINEERING_SAMPLE,volatility_30s_bps,Q4,15000,100,1440,100.0,-9.969339968563238,-10.052672864919504,0.0,-12.002654825303013,-8.366702651465284,-7.223566522038553,-12.074437056919823,10.058062723428701,4.7975319876031764e-05
ENGINEERING_SAMPLE,volatility_30s_bps,Q4,15000,1000,1440,100.0,-9.969672251778313,-10.052672864919504,0.0,-12.002654825303013,-8.366702651465284,-7.223618766789582,-12.074489285124024,10.058394875111368,0.0003801270025425058
ENGINEERING_SAMPLE,volatility_30s_bps,Q4,15000,500,1440,100.0,-9.969399924450775,-10.052672864919504,0.0,-12.002654825303013,-8.366702651465284,-7.223585440462874,-12.074455970863088,10.05812264720671,0.00010789909788501393
ENGINEERING_SAMPLE,volatility_30s_bps,Q4,250,100,1440,100.0,-10.048387664520043,-10.052733108802554,0.0,-10.052781793051057,-10.052672864919504,-7.223566522038553,-12.074437056919823,10.053671228104724,4.797365407192212e-05
ENGINEERING_SAMPLE,volatility_30s_bps,Q4,250,1000,1440,100.0,-10.048480569701026,-10.052733108802554,0.0,-10.052781793051057,-10.052672864919504,-7.223618766789582,-12.074489285124024,10.053764086265536,0.0001408318148847175
ENGINEERING_SAMPLE,volatility_30s_bps,Q4,250,500,1440,100.0,-10.048442716843995,-10.052733108802554,0.0,-10.052781793051057,-10.052672864919504,-7.223585440462874,-12.074455970863088,10.053726251340072,0.00010299688942048708
ENGINEERING_SAMPLE,volatility_30s_bps,Q4,3000,100,1440,100.0,-9.997729846381938,-10.052736722258533,0.0,-10.475254265914382,-9.261487359291381,-7.223566522038553,-12.074437056919823,10.054120306982675,5.956123844081144e-05
ENGINEERING_SAMPLE,volatility_30s_bps,Q4,3000,1000,1440,100.0,-9.998237956827715,-10.052736722258533,0.0,-10.475254265914382,-9.261487359291381,-7.223618766789582,-12.074489285124024,10.054628181510777,0.000567435766544716
ENGINEERING_SAMPLE,volatility_30s_bps,Q4,3000,500,1440,100.0,-9.997915368912516,-10.052736722258533,0.0,-10.475254265914382,-9.261487359291381,-7.223585440462874,-12.074455970863088,10.054305718928235,0.0002449731840008414
ENGINEERING_SAMPLE,volatility_30s_bps,Q4,30000,100,1440,100.0,-9.73861758498724,-9.841930642230825,0.0,-12.68802844725405,-6.360283650550957,-7.223566522038553,-12.074437056919823,10.05182756083475,1.9887052687203234e-05
ENGINEERING_SAMPLE,volatility_30s_bps,Q4,30000,1000,1440,100.0,-9.738909073304892,-9.841930642230825,0.0,-12.68802844725405,-6.360283650550957,-7.223618766789582,-12.074489285124024,10.052119004337182,0.0003113305551184985
ENGINEERING_SAMPLE,volatility_30s_bps,Q4,30000,500,1440,100.0,-9.738641373457076,-9.841930642230825,0.0,-12.68802844725405,-6.360283650550957,-7.223585440462874,-12.074455970863088,10.051851341683268,4.366790120445675e-05
ENGINEERING_SAMPLE,volatility_30s_bps,Q4,500,100,1440,100.0,-10.03948736768571,-10.052736722258533,0.0,-10.052804022930856,-10.052672587616545,-7.223566522038553,-12.074437056919823,10.050044603921975,4.797365407192212e-05
ENGINEERING_SAMPLE,volatility_30s_bps,Q4,500,1000,1440,100.0,-10.039706254258622,-10.052736722258533,0.0,-10.052804022930856,-10.052672587616545,-7.223618766789582,-12.074489285124024,10.050263377530513,0.00026674726260845496
ENGINEERING_SAMPLE,volatility_30s_bps,Q4,500,500,1440,100.0,-10.039647974472787,-10.052736722258533,0.0,-10.052804022930856,-10.052672587616545,-7.223585440462874,-12.074455970863088,10.050205126368596,0.00020849610069270937
ENGINEERING_SAMPLE,volatility_30s_bps,Q4,5000,100,1440,100.0,-9.977851409304366,-10.052736722258533,0.0,-10.843058773962502,-9.04529434190365,-7.223566522038553,-12.074437056919823,10.050703523241319,4.798269700851729e-05
ENGINEERING_SAMPLE,volatility_30s_bps,Q4,5000,1000,1440,100.0,-9.978057704863277,-10.052736722258533,0.0,-10.843058773962502,-9.047623457681665,-7.223618766789582,-12.074489285124024,10.050909729379084,0.0002541888347738495
ENGINEERING_SAMPLE,volatility_30s_bps,Q4,5000,500,1440,100.0,-9.977906817868979,-10.052736722258533,0.0,-10.843058773962502,-9.04529434190365,-7.223585440462874,-12.074455970863088,10.05075889537157,0.0001033548272599312
ENGINEERING_SAMPLE,volatility_30s_bps,Q4,60000,100,1440,100.0,-9.49493457282309,-9.31506885384028,0.06944444444444445,-14.642201834862385,-4.298784348486767,-7.223566522038553,-12.074437056919823,10.056994670734658,1.9887052687203234e-05
ENGINEERING_SAMPLE,volatility_30s_bps,Q4,60000,1000,1440,100.0,-9.494986834880244,-9.31506885384028,0.06944444444444445,-14.642201834862385,-4.298784348486767,-7.223618766789582,-12.074489285124024,10.057046906893918,7.212321194739594e-05
ENGINEERING_SAMPLE,volatility_30s_bps,Q4,60000,500,1440,100.0,-9.494953493693592,-9.31506885384028,0.06944444444444445,-14.642201834862385,-4.298784348486767,-7.223585440462874,-12.074455970863088,10.057013585524182,3.88018422112325e-05
ENGINEERING_SAMPLE,volatility_30s_bps,Q5,1000,100,1433,100.0,-10.05108690383362,-10.052760082686467,0.0,-10.263895879491313,-10.0,-7.040907984179146,-11.76834434565257,10.051806682446877,4.332941899532863e-05
ENGINEERING_SAMPLE,volatility_30s_bps,Q5,1000,1000,1433,100.0,-10.051541078175786,-10.052760082686467,0.0,-10.263895879491313,-10.0,-7.041248064690421,-11.768684241091268,10.052260623063008,0.0004972700351269036
ENGINEERING_SAMPLE,volatility_30s_bps,Q5,1000,500,1433,100.0,-10.05134303032988,-10.052760082686467,0.0,-10.263895879491313,-10.0,-7.041163683425653,-11.768599910703038,10.052062677944454,0.0002993249165717313
ENGINEERING_SAMPLE,volatility_30s_bps,Q5,15000,100,1433,100.0,-9.689541406956367,-10.052741170268845,0.0,-11.955154274366476,-6.725542258985742,-7.040907984179146,-11.76834434565257,10.051834341370627,7.109245413254268e-05
ENGINEERING_SAMPLE,volatility_30s_bps,Q5,15000,1000,1433,100.0,-9.689915490996576,-10.052741170268845,0.0,-11.955154274366476,-6.725542258985742,-7.041248064690421,-11.768684241091268,10.052208224836823,0.0004449759203269813
ENGINEERING_SAMPLE,volatility_30s_bps,Q5,15000,500,1433,100.0,-9.68981908751911,-10.052741170268845,0.0,-11.955154274366476,-6.725542258985742,-7.041163683425653,-11.768599910703038,10.052111865384425,0.000348616467930687
ENGINEERING_SAMPLE,volatility_30s_bps,Q5,250,100,1433,100.0,-10.053351778609908,-10.052760082686467,0.0,-10.052831683168316,-10.052704496607527,-7.040907984179146,-11.76834434565257,10.055624056705035,0.00010421493974567364
ENGINEERING_SAMPLE,volatility_30s_bps,Q5,250,1000,1433,100.0,-10.054249433537263,-10.052760082686467,0.0,-10.052831683168316,-10.052704496607527,-7.041248064690421,-11.768684241091268,10.056521250989624,0.001001409224335439
ENGINEERING_SAMPLE,volatility_30s_bps,Q5,250,500,1433,100.0,-10.053810000652316,-10.052760082686467,0.0,-10.052831683168316,-10.052704496607527,-7.041163683425653,-11.768599910703038,10.056082044113106,0.0005622023478173405
ENGINEERING_SAMPLE,volatility_30s_bps,Q5,3000,100,1433,100.0,-10.03220178376038,-10.052749512310855,0.0,-10.844539876653284,-9.207579149682134,-7.040907984179146,-11.76834434565257,10.057029011751622,9.258300533763884e-05
ENGINEERING_SAMPLE,volatility_30s_bps,Q5,3000,1000,1433,100.0,-10.032808750128863,-10.052749512310855,0.0,-10.844539876653284,-9.207579149682134,-7.041248064690421,-11.768684241091268,10.057635641466979,0.0006992127206939876
ENGINEERING_SAMPLE,volatility_30s_bps,Q5,3000,500,1433,100.0,-10.032635000624115,-10.052749512310855,0.0,-10.844539876653284,-9.207579149682134,-7.041163683425653,-11.768599910703038,10.057461988315616,0.000525559569331309
ENGINEERING_SAMPLE,volatility_30s_bps,Q5,30000,100,1433,100.0,-9.372334177904582,-9.630652153276587,0.0,-12.430013622395641,-6.619914589920766,-7.040907984179146,-11.76834434565257,10.048923692894434,6.480733138453738e-05
ENGINEERING_SAMPLE,volatility_30s_bps,Q5,30000,1000,1433,100.0,-9.372907059796963,-9.630652153276587,0.0,-12.430013622395641,-6.619914589920766,-7.041248064690421,-11.768684241091268,10.049496368540503,0.0006374829774546653
ENGINEERING_SAMPLE,volatility_30s_bps,Q5,30000,500,1433,100.0,-9.372745309683983,-9.630652153276587,0.0,-12.430013622395641,-6.619914589920766,-7.041163683425653,-11.768599910703038,10.049334666869022,0.0004757813059737886
ENGINEERING_SAMPLE,volatility_30s_bps,Q5,500,100,1433,100.0,-10.0510984756044,-10.052760082686467,0.0,-10.052831962148975,-10.052693670966077,-7.040907984179146,-11.76834434565257,10.05146849657772,0.00013338472522570442
ENGINEERING_SAMPLE,volatility_30s_bps,Q5,500,1000,1433,100.0,-10.051997387848038,-10.052760082686467,0.0,-10.052832408525099,-10.052694115022442,-7.041248064690421,-11.768684241091268,10.052366941451261,0.0010318295987664556
ENGINEERING_SAMPLE,volatility_30s_bps,Q5,500,500,1433,100.0,-10.051613321822815,-10.052760082686467,0.0,-10.052832408525099,-10.052694115022442,-7.041163683425653,-11.768599910703038,10.051983074133508,0.000647962281013115
ENGINEERING_SAMPLE,volatility_30s_bps,Q5,5000,100,1433,100.0,-9.984445167599837,-10.052747287508303,0.0,-11.109207629646445,-8.78713849754123,-7.040907984179146,-11.76834434565257,10.046451742126044,0.00012175326227306063
ENGINEERING_SAMPLE,volatility_30s_bps,Q5,5000,1000,1433,100.0,-9.985139766071404,-10.052747287508303,0.0,-11.109207629646445,-8.78713849754123,-7.041248064690421,-11.768684241091268,10.047145952700609,0.0008159638368394192
ENGINEERING_SAMPLE,volatility_30s_bps,Q5,5000,500,1433,100.0,-9.984935362460597,-10.052747287508303,0.0,-11.109207629646445,-8.78713849754123,-7.041163683425653,-11.768599910703038,10.046941663320075,0.0006116744563059052
ENGINEERING_SAMPLE,volatility_30s_bps,Q5,60000,100,1433,100.0,-9.123742838561736,-8.471955972192964,0.0,-13.7782987465668,-4.3077044646384826,-7.040907984179146,-11.76834434565257,10.052602175099715,0.0001002551831825111
ENGINEERING_SAMPLE,volatility_30s_bps,Q5,60000,1000,1433,100.0,-9.124189821301046,-8.471955972192964,0.0,-13.7782987465668,-4.3077044646384826,-7.041248064690421,-11.768684241091268,10.053049010926985,0.0005470910104531442
ENGINEERING_SAMPLE,volatility_30s_bps,Q5,60000,500,1433,100.0,-9.124039980116407,-8.471955972192964,0.0,-13.7782987465668,-4.3077044646384826,-7.041163683425653,-11.768599910703038,10.052899234396861,0.00039731448032938706
ENGINEERING_SAMPLE,volatility_5s_bps,Q1,1000,100,3232,100.0,-10.0435254946903,-10.052726994851147,0.0,-10.052813834532488,-10.052668982943777,-8.066485735249058,-11.971920009922968,10.051639708976241,6.0972985764676486e-06
ENGINEERING_SAMPLE,volatility_5s_bps,Q1,1000,1000,3232,100.0,-10.043534689601454,-10.052726994851147,0.0,-10.052813834532488,-10.052668982943777,-8.066494932045698,-11.971929199255186,10.05164889968895,1.528801128531513e-05
ENGINEERING_SAMPLE,volatility_5s_bps,Q1,1000,500,3232,100.0,-10.043533667941961,-10.052726994851147,0.0,-10.052813834532488,-10.052668982943777,-8.066493910179405,-11.971928178218274,10.051647878498649,1.4266820984332077e-05
ENGINEERING_SAMPLE,volatility_5s_bps,Q1,15000,100,3232,99.10272277227723,-10.100106642809408,-10.052723938407057,0.0,-11.95089880949244,-8.36561819896822,-8.066485735249058,-11.971920009922968,10.055104431144512,2.3984562143076465e-05
ENGINEERING_SAMPLE,volatility_5s_bps,Q1,15000,1000,3232,99.10272277227723,-10.100200474212835,-10.052723938407057,0.0,-11.95089880949244,-8.36561819896822,-8.066494932045698,-11.971929199255186,10.055198201985926,0.00011775540355549878
ENGINEERING_SAMPLE,volatility_5s_bps,Q1,15000,500,3232,99.10272277227723,-10.100158345907166,-10.052723938407057,0.0,-11.95089880949244,-8.36561819896822,-8.066493910179405,-11.971928178218274,10.0551561021352,7.565555283174058e-05
ENGINEERING_SAMPLE,volatility_5s_bps,Q1,250,100,3232,100.0,-10.048125411161893,-10.05272782848831,0.0,-10.052803799973612,-10.052670923860113,-8.066485735249058,-11.971920009922968,10.049519893692239,6.0972985764676486e-06
ENGINEERING_SAMPLE,volatility_5s_bps,Q1,250,1000,3232,100.0,-10.048134606073045,-10.05272782848831,0.0,-10.052803799973612,-10.052670923860113,-8.066494932045698,-11.971929199255186,10.049529084404949,1.528801128531513e-05
ENGINEERING_SAMPLE,volatility_5s_bps,Q1,250,500,3232,100.0,-10.048133584413554,-10.05272782848831,0.0,-10.052803799973612,-10.052670923860113,-8.066493910179405,-11.971928178218274,10.049528063214646,1.4266820984332077e-05
ENGINEERING_SAMPLE,volatility_5s_bps,Q1,3000,100,3232,100.0,-10.04613893570197,-10.052726994851147,0.0,-10.580152872957301,-9.495557575558406,-8.066485735249058,-11.971920009922968,10.053373556894613,1.1257008904384282e-05
ENGINEERING_SAMPLE,volatility_5s_bps,Q1,3000,1000,3232,100.0,-10.046276989775535,-10.052726994851147,0.0,-10.580152872957301,-9.522303733121408,-8.066494932045698,-11.971929199255186,10.053511557235831,0.00014925735012273253
ENGINEERING_SAMPLE,volatility_5s_bps,Q1,3000,500,3232,100.0,-10.046158207015257,-10.052726994851147,0.0,-10.580152872957301,-9.519331929989876,-8.066493910179405,-11.971928178218274,10.053392817299166,3.0517413457211013e-05
ENGINEERING_SAMPLE,volatility_5s_bps,Q1,30000,100,3232,98.26732673267327,-10.09918213653209,-10.052723938407057,0.0,-12.74329283725639,-7.520720635221917,-8.066485735249058,-11.971920009922968,10.051988480245345,6.204807619377657e-06
ENGINEERING_SAMPLE,volatility_5s_bps,Q1,30000,1000,3232,98.26732673267327,-10.099191491843767,-10.052723938407057,0.0,-12.74329283725639,-7.520720635221917,-8.066494932045698,-11.971929199255186,10.051997833010923,1.5557573197146882e-05
ENGINEERING_SAMPLE,volatility_5s_bps,Q1,30000,500,3232,98.26732673267327,-10.099190452361947,-10.052723938407057,0.0,-12.74329283725639,-7.520720635221917,-8.066493910179405,-11.971928178218274,10.051996793814748,1.4518377021839191e-05
ENGINEERING_SAMPLE,volatility_5s_bps,Q1,500,100,3232,100.0,-10.04678857087754,-10.052727689547318,0.0,-10.052807701848929,-10.052670923860113,-8.066485735249058,-11.971920009922968,10.050286657720187,6.0972985764676486e-06
ENGINEERING_SAMPLE,volatility_5s_bps,Q1,500,1000,3232,100.0,-10.046797765788693,-10.052727689547318,0.0,-10.052807701848929,-10.052670923860113,-8.066494932045698,-11.971929199255186,10.050295848432897,1.528801128531513e-05
ENGINEERING_SAMPLE,volatility_5s_bps,Q1,500,500,3232,100.0,-10.046796744129201,-10.052727689547318,0.0,-10.052807701848929,-10.052670923860113,-8.066493910179405,-11.971928178218274,10.050294827242595,1.4266820984332077e-05
ENGINEERING_SAMPLE,volatility_5s_bps,Q1,5000,100,3232,100.0,-10.050968256151757,-10.052726994851147,0.0,-11.002082235108066,-9.10265271021726,-8.066485735249058,-11.971920009922968,10.050641413573068,1.655381492691247e-05
ENGINEERING_SAMPLE,volatility_5s_bps,Q1,5000,1000,3232,100.0,-10.051042457757555,-10.052726994851147,0.0,-11.002082235108066,-9.10265271021726,-8.066494932045698,-11.971929199255186,10.05071556985815,9.071010000959123e-05
ENGINEERING_SAMPLE,volatility_5s_bps,Q1,5000,500,3232,100.0,-10.051009613987976,-10.052726994851147,0.0,-11.002082235108066,-9.10265271021726,-8.066493910179405,-11.971928178218274,10.05068274698108,5.7887222939121425e-05
ENGINEERING_SAMPLE,volatility_5s_bps,Q1,60000,100,3232,95.38985148514851,-10.019581392046407,-10.421811512861456,0.032435939020434644,-13.846435399013066,-5.729045892446824,-8.066485735249058,-11.971920009922968,10.048298451116652,6.3919782676430225e-06
ENGINEERING_SAMPLE,volatility_5s_bps,Q1,60000,1000,3232,95.38985148514851,-10.019729321555028,-10.421811512861456,0.032435939020434644,-13.846435399013066,-5.729045892446824,-8.066494932045698,-11.971929199255186,10.048446350319008,0.00015429118062179481
ENGINEERING_SAMPLE,volatility_5s_bps,Q1,60000,500,3232,95.38985148514851,-10.019611153756394,-10.421811512861456,0.032435939020434644,-13.846435399013066,-5.729045892446824,-8.066493910179405,-11.971928178218274,10.048328200303185,3.614116479980522e-05
ENGINEERING_SAMPLE,volatility_5s_bps,Q3,1000,100,1092,100.0,-10.055662941985927,-10.05272671697795,0.0,-10.05283252011913,-10.052669537476705,-7.477642592265361,-11.61142687250376,10.0518676817472,2.6224684862246024e-05
ENGINEERING_SAMPLE,volatility_5s_bps,Q3,1000,1000,1092,100.0,-10.0557811257376,-10.05272671697795,0.0,-10.05283252011913,-10.052669537476705,-7.477707090290336,-11.611491344881125,10.0519858053893,0.0001443483269614377
ENGINEERING_SAMPLE,volatility_5s_bps,Q3,1000,500,1092,100.0,-10.055687895474335,-10.05272671697795,0.0,-10.05283252011913,-10.052669537476705,-7.477667539638093,-11.611451813967406,10.051892624326792,5.1167264454372524e-05
ENGINEERING_SAMPLE,volatility_5s_bps,Q3,15000,100,1092,100.0,-9.68167058466743,-10.052668428422527,0.0,-11.365853691642943,-7.679217232689814,-7.477642592265361,-11.61142687250376,10.046650009578883,2.6224684862246024e-05
ENGINEERING_SAMPLE,volatility_5s_bps,Q3,15000,1000,1092,100.0,-9.681735078757738,-10.052668428422527,0.0,-11.365853691642943,-7.679217232689814,-7.477707090290336,-11.611491344881125,10.04671448439657,9.069950254893169e-05
ENGINEERING_SAMPLE,volatility_5s_bps,Q3,15000,500,1092,100.0,-9.68169553815584,-10.052668428422527,0.0,-11.365853691642943,-7.679217232689814,-7.477667539638093,-11.611451813967406,10.046674952158476,5.1167264454372524e-05
ENGINEERING_SAMPLE,volatility_5s_bps,Q3,250,100,1092,100.0,-10.054400399141127,-10.05272671697795,0.0,-10.052803799973612,-10.052670923860113,-7.477642592265361,-11.61142687250376,10.054615955977393,2.6224684862246024e-05
ENGINEERING_SAMPLE,volatility_5s_bps,Q3,250,1000,1092,100.0,-10.054539846244436,-10.05272671697795,0.0,-10.052803799973612,-10.052670923860113,-7.477707090290336,-11.611491344881125,10.054755334327245,0.0001656030347133348
ENGINEERING_SAMPLE,volatility_5s_bps,Q3,250,500,1092,100.0,-10.0544787652148,-10.05272671697795,0.0,-10.052803799973612,-10.052670923860113,-7.477667539638093,-11.611451813967406,10.054694282622412,0.00010455132988077138
ENGINEERING_SAMPLE,volatility_5s_bps,Q3,3000,100,1092,100.0,-9.998007433563343,-10.052724494097808,0.0,-10.580012226871712,-9.418851485148515,-7.477642592265361,-11.61142687250376,10.047758573773551,0.00016892273579699406
ENGINEERING_SAMPLE,volatility_5s_bps,Q3,3000,1000,1092,100.0,-9.99847941391949,-10.052724494097808,0.0,-10.580012226871712,-9.418851485148515,-7.477707090290336,-11.611491344881125,10.048230305520507,0.0006406544827530584
ENGINEERING_SAMPLE,volatility_5s_bps,Q3,3000,500,1092,100.0,-9.998286046205676,-10.052724494097808,0.0,-10.580012226871712,-9.418851485148515,-7.477667539638093,-11.611451813967406,10.048037035943054,0.00044738490529980685
ENGINEERING_SAMPLE,volatility_5s_bps,Q3,30000,100,1092,100.0,-9.567317351612235,-9.47280923387039,0.0,-12.427335010521986,-6.89822154059033,-7.477642592265361,-11.61142687250376,10.051468187362538,6.325599903774664e-05
ENGINEERING_SAMPLE,volatility_5s_bps,Q3,30000,1000,1092,100.0,-9.567435441570572,-9.47280923387039,0.0,-12.427335010521986,-6.89822154059033,-7.477707090290336,-11.611491344881125,10.051586235020938,0.00018130365743749229
ENGINEERING_SAMPLE,volatility_5s_bps,Q3,30000,500,1092,100.0,-9.567389946638398,-9.47280923387039,0.0,-12.427335010521986,-6.89822154059033,-7.477667539638093,-11.611451813967406,10.051540750244987,0.00013581888148592647
ENGINEERING_SAMPLE,volatility_5s_bps,Q3,500,100,1092,100.0,-10.049695149292122,-10.05272671697795,0.0,-10.052824988516306,-10.05266956520379,-7.477642592265361,-11.61142687250376,10.050298620225552,5.717254165406737e-05
ENGINEERING_SAMPLE,volatility_5s_bps,Q3,500,1000,1092,100.0,-10.050026984395537,-10.05272671697795,0.0,-10.052824988516306,-10.05266956520379,-7.477707090290336,-11.611491344881125,10.050630272503748,0.00038882481984934907
ENGINEERING_SAMPLE,volatility_5s_bps,Q3,500,500,1092,100.0,-10.049871728946673,-10.05272671697795,0.0,-10.052824988516306,-10.05266956520379,-7.477667539638093,-11.611451813967406,10.050475101263492,0.0002336535795933363
ENGINEERING_SAMPLE,volatility_5s_bps,Q3,5000,100,1092,100.0,-9.930287316311503,-10.052722271405084,0.0,-10.68626468136298,-8.788626146281889,-7.477642592265361,-11.61142687250376,10.048135540330376,6.449417746933989e-05
ENGINEERING_SAMPLE,volatility_5s_bps,Q3,5000,1000,1092,100.0,-9.930543394350616,-10.052722271405084,0.0,-10.68626468136298,-8.788626146281889,-7.477707090290336,-11.611491344881125,10.04839151907809,0.0003204729251820162
ENGINEERING_SAMPLE,volatility_5s_bps,Q3,5000,500,1092,100.0,-9.930338392061392,-10.052722271405084,0.0,-10.68626468136298,-8.788626146281889,-7.477667539638093,-11.611451813967406,10.04818658712921,0.00011554097630350376
ENGINEERING_SAMPLE,volatility_5s_bps,Q3,60000,100,1092,98.26007326007326,-9.432176700318697,-9.947210409125924,0.09319664492078285,-13.800810434342155,-3.938982890134435,-7.477642592265361,-11.61142687250376,10.051550531519707,2.6689054864466595e-05
ENGINEERING_SAMPLE,volatility_5s_bps,Q3,60000,1000,1092,98.26007326007326,-9.43224232918523,-9.947210409125924,0.09319664492078285,-13.800810434342155,-3.938982890134435,-7.477707090290336,-11.611491344881125,10.051616148016365,9.230555152230513e-05
ENGINEERING_SAMPLE,volatility_5s_bps,Q3,60000,500,1092,98.26007326007326,-9.432202092726454,-9.947210409125924,0.09319664492078285,-13.800810434342155,-3.938982890134435,-7.477667539638093,-11.611451813967406,10.0515759157666,5.20733017559877e-05
ENGINEERING_SAMPLE,volatility_5s_bps,Q4,1000,100,1434,99.72105997210599,-10.048922122211602,-10.052743950656334,0.0,-10.105464549996837,-10.052670923860113,-7.405324204566694,-11.899538554581207,10.05240393588129,-2.4318609121084343e-25
ENGINEERING_SAMPLE,volatility_5s_bps,Q4,1000,1000,1434,99.72105997210599,-10.048938410935602,-10.052743950656334,0.0,-10.105464549996837,-10.052670923860113,-7.405340453082815,-11.899568099265048,10.052420216812958,1.628093166849846e-05
ENGINEERING_SAMPLE,volatility_5s_bps,Q4,1000,500,1434,99.72105997210599,-10.048922122211602,-10.052743950656334,0.0,-10.105464549996837,-10.052670923860113,-7.405324204566694,-11.899538554581207,10.05240393588129,0.0
ENGINEERING_SAMPLE,volatility_5s_bps,Q4,15000,100,1434,99.6513249651325,-10.051656019445776,-10.05283252011913,0.0,-12.05737731133609,-7.574489181665713,-7.405324204566694,-11.899538554581207,10.051347121601896,1.0908938754240713e-26
ENGINEERING_SAMPLE,volatility_5s_bps,Q4,15000,1000,1434,99.6513249651325,-10.05167232016942,-10.05283252011913,0.0,-12.05737731133609,-7.574489181665713,-7.405340453082815,-11.899568099265048,10.051363413926799,1.6292324902696146e-05
ENGINEERING_SAMPLE,volatility_5s_bps,Q4,15000,500,1434,99.6513249651325,-10.051656019445776,-10.05283252011913,0.0,-12.05737731133609,-7.574489181665713,-7.405324204566694,-11.899538554581207,10.051347121601896,0.0
ENGINEERING_SAMPLE,volatility_5s_bps,Q4,250,100,1434,99.860529986053,-10.056209440542556,-10.052740058195926,0.0,-10.052807701848929,-10.052675083448284,-7.405324204566694,-11.899538554581207,10.05636102728029,-4.0100419221969846e-25
ENGINEERING_SAMPLE,volatility_5s_bps,Q4,250,1000,1434,99.860529986053,-10.056266628745332,-10.052740058195926,0.0,-10.052807701848929,-10.052675083448284,-7.405340453082815,-11.899568099265048,10.056418185847209,5.715856691757685e-05
ENGINEERING_SAMPLE,volatility_5s_bps,Q4,250,500,1434,99.860529986053,-10.056209440542556,-10.052740058195926,0.0,-10.052807701848929,-10.052675083448284,-7.405324204566694,-11.899538554581207,10.05636102728029,0.0
ENGINEERING_SAMPLE,volatility_5s_bps,Q4,3000,100,1434,99.72105997210599,-10.025704199177014,-10.05273158022609,0.0,-10.790863243764525,-9.207579149682134,-7.405324204566694,-11.899538554581207,10.053120867266273,-1.9896341583795432e-25
ENGINEERING_SAMPLE,volatility_5s_bps,Q4,3000,1000,1434,99.72105997210599,-10.025720487901012,-10.05273158022609,0.0,-10.790863243764525,-9.207579149682134,-7.405340453082815,-11.899568099265048,10.05313714819794,1.628093166849846e-05
ENGINEERING_SAMPLE,volatility_5s_bps,Q4,3000,500,1434,99.72105997210599,-10.025704199177014,-10.05273158022609,0.0,-10.790863243764525,-9.207579149682134,-7.405324204566694,-11.899538554581207,10.053120867266273,0.0
ENGINEERING_SAMPLE,volatility_5s_bps,Q4,30000,100,1434,98.18688981868898,-9.76623030677665,-9.947168037851025,0.0,-12.901804547755653,-6.361344400879679,-7.405324204566694,-11.899538554581207,10.048603317008885,2.8257302820852402e-05
ENGINEERING_SAMPLE,volatility_5s_bps,Q4,30000,1000,1434,98.18688981868898,-9.766526028640909,-9.947168037851025,0.0,-12.901804547755653,-6.361344400879679,-7.405340453082815,-11.899568099265048,10.048899006542202,0.00032394683613953313
ENGINEERING_SAMPLE,volatility_5s_bps,Q4,30000,500,1434,98.18688981868898,-9.766257572756261,-9.947168037851025,0.0,-12.901804547755653,-6.361344400879679,-7.405324204566694,-11.899538554581207,10.048630582156264,5.552245020022451e-05
ENGINEERING_SAMPLE,volatility_5s_bps,Q4,500,100,1434,99.7907949790795,-10.055883107813347,-10.052741448294404,0.0,-10.052828056687858,-10.052673419534178,-7.405324204566694,-11.899538554581207,10.052309575039823,-3.4242748511581307e-25
ENGINEERING_SAMPLE,volatility_5s_bps,Q4,500,1000,1434,99.7907949790795,-10.05589938515459,-10.052741448294404,0.0,-10.052828056687858,-10.052673419534178,-7.405340453082815,-11.899568099265048,10.052325844594183,1.6269554357758767e-05
ENGINEERING_SAMPLE,volatility_5s_bps,Q4,500,500,1434,99.7907949790795,-10.055883107813347,-10.052741448294404,0.0,-10.052828056687858,-10.052673419534178,-7.405324204566694,-11.899538554581207,10.052309575039823,0.0
ENGINEERING_SAMPLE,volatility_5s_bps,Q4,5000,100,1434,99.72105997210599,-10.057337463576419,-10.052750624782512,0.0,-11.055088150838195,-9.049847523979361,-7.405324204566694,-11.899538554581207,10.054978961520595,2.8292117358526047e-05
ENGINEERING_SAMPLE,volatility_5s_bps,Q4,5000,1000,1434,99.72105997210599,-10.057394680752717,-10.052750624782512,0.0,-11.055088150838195,-9.049847523979361,-7.405340453082815,-11.899568099265048,10.055036140328198,8.547092496403182e-05
ENGINEERING_SAMPLE,volatility_5s_bps,Q4,5000,500,1434,99.72105997210599,-10.057373845490531,-10.052750624782512,0.0,-11.055088150838195,-9.049847523979361,-7.405324204566694,-11.899538554581207,10.055015315188093,6.464578485808811e-05
ENGINEERING_SAMPLE,volatility_5s_bps,Q4,60000,100,1434,98.11715481171548,-9.20835458710509,-9.367356079567909,1.2082444918265813,-14.226601609530448,-3.6196637503952775,-7.405324204566694,-11.899538554581207,10.054316496624986,2.8274557078887114e-05
ENGINEERING_SAMPLE,volatility_5s_bps,Q4,60000,1000,1434,98.11715481171548,-9.208405672695848,-9.367356079567909,1.2082444918265813,-14.226601609530448,-3.6196637503952775,-7.405340453082815,-11.899568099265048,10.054367577650371,7.935558246528889e-05
ENGINEERING_SAMPLE,volatility_5s_bps,Q4,60000,500,1434,98.11715481171548,-9.20837688034014,-9.367356079567909,1.2082444918265813,-14.226601609530448,-3.6196637503952775,-7.405324204566694,-11.899538554581207,10.054338796305116,5.05742372088459e-05
ENGINEERING_SAMPLE,volatility_5s_bps,Q5,1000,100,1434,100.0,-10.056411861283728,-10.052745062893413,0.0,-10.263892121075983,-10.052668982943777,-7.505904759322076,-12.207631630777755,10.051863707510837,4.329920322197066e-05
ENGINEERING_SAMPLE,volatility_5s_bps,Q5,1000,1000,1434,100.0,-10.056852836218578,-10.052745062893413,0.0,-10.263892121075983,-10.052668982943777,-7.506231713190463,-12.207958410652838,10.05230445279609,0.0004840444884740006
ENGINEERING_SAMPLE,volatility_5s_bps,Q5,1000,500,1434,100.0,-10.056667809170161,-10.052745062893413,0.0,-10.263892121075983,-10.052668982943777,-7.5061602802566965,-12.207887017609918,10.052119524489937,0.00029911618232028657
ENGINEERING_SAMPLE,volatility_5s_bps,Q5,15000,100,1434,98.11715481171548,-9.912104839936038,-10.052757022405256,0.0,-12.108535300316122,-7.680684488372338,-7.505904759322076,-12.207631630777755,10.054992308756166,7.240617396725917e-05
ENGINEERING_SAMPLE,volatility_5s_bps,Q5,15000,1000,1434,98.11715481171548,-9.912717703883677,-10.052757022405256,0.0,-12.108535300316122,-7.680684488372338,-7.506231713190463,-12.207958410652838,10.055604882795642,0.0006849802134433913
ENGINEERING_SAMPLE,volatility_5s_bps,Q5,15000,500,1434,98.11715481171548,-9.912392670339708,-10.052757022405256,0.0,-12.108535300316122,-7.680684488372338,-7.5061602802566965,-12.207887017609918,10.055279977990146,0.0003600754079474127
ENGINEERING_SAMPLE,volatility_5s_bps,Q5,250,100,1434,100.0,-10.05557307682741,-10.052745062893413,0.0,-10.052821920701124,-10.052680630587938,-7.505904759322076,-12.207631630777755,10.055668804945826,0.00013234638399549898
ENGINEERING_SAMPLE,volatility_5s_bps,Q5,250,1000,1434,100.0,-10.056498036530607,-10.052745062893413,0.0,-10.052822478459198,-10.052680630587938,-7.506231713190463,-12.207958410652838,10.056593286764647,0.0010568282028154052
ENGINEERING_SAMPLE,volatility_5s_bps,Q5,250,500,1434,100.0,-10.056067259759015,-10.052745062893413,0.0,-10.052822478459198,-10.052680630587938,-7.5061602802566965,-12.207887017609918,10.056162732503536,0.0006262739417040276
ENGINEERING_SAMPLE,volatility_5s_bps,Q5,3000,100,1434,99.3723849372385,-10.087368994754573,-10.052745062893413,0.0,-10.896367505898754,-9.314957021868285,-7.505904759322076,-12.207631630777755,10.05878579035818,6.518257142250965e-05
ENGINEERING_SAMPLE,volatility_5s_bps,Q5,3000,1000,1434,99.3723849372385,-10.0880596228825,-10.052745062893413,0.0,-10.896599894570373,-9.314957021868285,-7.506231713190463,-12.207958410652838,10.059476008923287,0.0007554011365290901
ENGINEERING_SAMPLE,volatility_5s_bps,Q5,3000,500,1434,99.3723849372385,-10.087889294098856,-10.052745062893413,0.0,-10.896599894570373,-9.314957021868285,-7.5061602802566965,-12.207887017609918,10.059305786972512,0.0005851791857552163
ENGINEERING_SAMPLE,volatility_5s_bps,Q5,30000,100,1434,97.28033472803347,-9.922757165904583,-10.052726994851147,0.0,-13.057005736923344,-6.619914589920766,-7.505904759322076,-12.207631630777755,10.055412306726728,6.657269238282585e-05
ENGINEERING_SAMPLE,volatility_5s_bps,Q5,30000,1000,1434,97.28033472803347,-9.923332415434095,-10.052726994851147,0.0,-13.057005736923344,-6.619914589920766,-7.506231713190463,-12.207958410652838,10.055987343312358,0.0006416092780124725
ENGINEERING_SAMPLE,volatility_5s_bps,Q5,30000,500,1434,97.28033472803347,-9.9231794969726,-10.052726994851147,0.0,-13.057005736923344,-6.619914589920766,-7.5061602802566965,-12.207887017609918,10.055834475691306,0.0004887416569608883
ENGINEERING_SAMPLE,volatility_5s_bps,Q5,500,100,1434,100.0,-10.05625945441271,-10.05274464580231,0.0,-10.052831683168316,-10.05267536077752,-7.505904759322076,-12.207631630777755,10.0537927079709,0.0001906369099672493
ENGINEERING_SAMPLE,volatility_5s_bps,Q5,500,1000,1434,100.0,-10.05734419854952,-10.052745062893413,0.0,-10.052831683168316,-10.05267536077752,-7.506231713190463,-12.207958410652838,10.054876881969227,0.0012748109082921357
ENGINEERING_SAMPLE,volatility_5s_bps,Q5,500,500,1434,100.0,-10.056935746070227,-10.052745062893413,0.0,-10.052831683168316,-10.05267536077752,-7.5061602802566965,-12.207887017609918,10.05446864464723,0.0008665735862965281
ENGINEERING_SAMPLE,volatility_5s_bps,Q5,5000,100,1434,98.88423988842399,-10.04921849220923,-10.052745062893413,0.0,-11.109207629646445,-9.102870434837648,-7.505904759322076,-12.207631630777755,10.047258192564199,0.00012304120228300133
ENGINEERING_SAMPLE,volatility_5s_bps,Q5,5000,1000,1434,98.88423988842399,-10.049907412487128,-10.052745062893413,0.0,-11.109207629646445,-9.102870434837648,-7.506231713190463,-12.207958410652838,10.047946722599098,0.0008115712371831818
ENGINEERING_SAMPLE,volatility_5s_bps,Q5,5000,500,1434,98.88423988842399,-10.049713872488123,-10.052745062893413,0.0,-11.109207629646445,-9.102870434837648,-7.5061602802566965,-12.207887017609918,10.047753296281442,0.000618144919524938
ENGINEERING_SAMPLE,volatility_5s_bps,Q5,60000,100,1434,96.79218967921896,-9.804699238351883,-9.736177326807864,1.3688760806916427,-14.373749759139205,-5.675246835810038,-7.505904759322076,-12.207631630777755,10.057151345798232,7.484393061278403e-05
ENGINEERING_SAMPLE,volatility_5s_bps,Q5,60000,1000,1434,96.79218967921896,-9.80511241301165,-9.736177326807864,1.3688760806916427,-14.373749759139205,-5.675246835810038,-7.506231713190463,-12.207958410652838,10.05756435610528,0.00048785423765959
ENGINEERING_SAMPLE,volatility_5s_bps,Q5,60000,500,1434,96.79218967921896,-9.804983415056588,-9.736177326807864,1.3688760806916427,-14.373749759139205,-5.675246835810038,-7.5061602802566965,-12.207887017609918,10.057435431045256,0.0003589291776362863
