stream,sample_index,receive_gap_ms,exchange_event_gap_ms,sampled_from_total
depth,0,0.921021,102.000,17554
depth,17,73.141719,102.000,17554
depth,35,102.986283,102.000,17554
depth,52,100.242494,102.000,17554
depth,70,110.153436,104.000,17554
depth,87,103.738533,104.000,17554
depth,105,111.114215,102.000,17554
depth,122,135.551955,102.000,17554
depth,140,102.877854,102.000,17554
depth,157,341.037703,102.000,17554
depth,175,102.830422,102.000,17554
depth,193,88.684976,102.000,17554
depth,210,236.669208,106.000,17554
depth,228,99.580444,102.000,17554
depth,245,493.459982,102.000,17554
depth,263,64.088987,102.000,17554
depth,280,102.257998,102.000,17554
depth,298,0.434532,102.000,17554
depth,315,102.809042,102.000,17554
depth,333,137.399421,102.000,17554
depth,351,5.164232,102.000,17554
depth,368,0.215584,102.000,17554
depth,386,265.023809,104.000,17554
depth,403,97.940005,104.000,17554
depth,421,17.996484,104.000,17554
depth,438,0.938512,102.000,17554
depth,456,136.080514,102.000,17554
depth,473,102.221391,102.000,17554
depth,491,108.111227,102.000,17554
depth,509,102.330705,102.000,17554
depth,526,102.313336,102.000,17554
depth,544,104.647899,104.000,17554
depth,561,168.196769,102.000,17554
depth,579,78.53237,102.000,17554
depth,596,101.774307,102.000,17554
depth,614,115.447377,104.000,17554
depth,631,102.610166,102.000,17554
depth,649,107.918356,104.000,17554
depth,667,107.018579,102.000,17554
depth,684,141.937379,102.000,17554
depth,702,125.241281,102.000,17554
depth,719,130.556671,104.000,17554
depth,737,14.72473,102.000,17554
depth,754,102.694368,102.000,17554
depth,772,167.196855,102.000,17554
depth,789,100.195738,102.000,17554
depth,807,122.010009,104.000,17554
depth,825,101.634707,102.000,17554
depth,842,103.801474,102.000,17554
depth,860,4.871788,102.000,17554
depth,877,125.848478,104.000,17554
depth,895,149.661425,102.000,17554
depth,912,102.489344,102.000,17554
depth,930,103.638633,102.000,17554
depth,947,61.20287,104.000,17554
depth,965,102.424486,102.000,17554
depth,983,52.168233,102.000,17554
depth,1000,107.63051,102.000,17554
depth,1018,1.788461,102.000,17554
depth,1035,0.559158,104.000,17554
depth,1053,20.334966,102.000,17554
depth,1070,71.559485,102.000,17554
depth,1088,101.767843,102.000,17554
depth,1105,151.362547,102.000,17554
depth,1123,176.914156,104.000,17554
depth,1141,115.103043,102.000,17554
depth,1158,102.467734,102.000,17554
depth,1176,32.512335,102.000,17554
depth,1193,68.826354,104.000,17554
depth,1211,103.719516,104.000,17554
depth,1228,110.243749,102.000,17554
depth,1246,101.754775,102.000,17554
depth,1263,179.788146,102.000,17554
depth,1281,79.010212,102.000,17554
depth,1298,136.911269,104.000,17554
depth,1316,127.579333,104.000,17554
depth,1334,93.447438,102.000,17554
depth,1351,18.311531,102.000,17554
depth,1369,101.992435,102.000,17554
depth,1386,160.525572,102.000,17554
depth,1404,102.183105,102.000,17554
depth,1421,125.280429,102.000,17554
depth,1439,101.573101,102.000,17554
depth,1456,111.386163,102.000,17554
depth,1474,47.666835,102.000,17554
depth,1492,189.415745,102.000,17554
depth,1509,152.603852,102.000,17554
depth,1527,101.691992,102.000,17554
depth,1544,111.095344,102.000,17554
depth,1562,104.193964,104.000,17554
depth,1579,128.211948,102.000,17554
depth,1597,38.274011,104.000,17554
depth,1614,115.595694,104.000,17554
depth,1632,130.885058,104.000,17554
depth,1650,102.354276,102.000,17554
depth,1667,101.543195,102.000,17554
depth,1685,101.354604,102.000,17554
depth,1702,101.547855,102.000,17554
depth,1720,58.660369,102.000,17554
depth,1737,104.1606,104.000,17554
depth,1755,0.738335,102.000,17554
depth,1772,102.249215,102.000,17554
depth,1790,129.886411,102.000,17554
depth,1808,100.657835,102.000,17554
depth,1825,104.915101,104.000,17554
depth,1843,98.162677,102.000,17554
depth,1860,102.043532,102.000,17554
depth,1878,101.778528,102.000,17554
depth,1895,102.192477,102.000,17554
depth,1913,425.5038,102.000,17554
depth,1930,80.461605,102.000,17554
depth,1948,103.818659,104.000,17554
depth,1966,197.001731,102.000,17554
depth,1983,102.306052,102.000,17554
depth,2001,25.244446,104.000,17554
depth,2018,104.099501,104.000,17554
depth,2036,135.008538,104.000,17554
depth,2053,100.437475,102.000,17554
depth,2071,93.593216,102.000,17554
depth,2088,28.274414,102.000,17554
depth,2106,109.431716,102.000,17554
depth,2124,64.648306,104.000,17554
depth,2141,104.098448,104.000,17554
depth,2159,124.028384,104.000,17554
depth,2176,101.911061,102.000,17554
depth,2194,102.58996,102.000,17554
depth,2211,69.987064,102.000,17554
depth,2229,162.266165,102.000,17554
depth,2246,124.699043,102.000,17554
depth,2264,113.752119,102.000,17554
depth,2282,3.000668,102.000,17554
depth,2299,97.396135,102.000,17554
depth,2317,186.281975,104.000,17554
depth,2334,92.537952,104.000,17554
depth,2352,129.846801,102.000,17554
depth,2369,31.017255,102.000,17554
depth,2387,103.968649,104.000,17554
depth,2404,158.100274,102.000,17554
depth,2422,428.8038,102.000,17554
depth,2440,158.985998,102.000,17554
depth,2457,116.706091,104.000,17554
depth,2475,95.304973,102.000,17554
depth,2492,52.599189,104.000,17554
depth,2510,100.46986,102.000,17554
depth,2527,134.724724,104.000,17554
depth,2545,114.016872,102.000,17554
depth,2562,102.263145,102.000,17554
depth,2580,23.258887,102.000,17554
depth,2597,137.810581,102.000,17554
depth,2615,72.039254,102.000,17554
depth,2633,104.11883,104.000,17554
depth,2650,121.204129,102.000,17554
depth,2668,103.022518,102.000,17554
depth,2685,101.989098,102.000,17554
depth,2703,103.712707,104.000,17554
depth,2720,133.629115,102.000,17554
depth,2738,119.918554,102.000,17554
depth,2755,122.782568,102.000,17554
depth,2773,102.363561,102.000,17554
depth,2791,86.246672,102.000,17554
depth,2808,193.121909,102.000,17554
depth,2826,101.757791,102.000,17554
depth,2843,146.661068,102.000,17554
depth,2861,94.466174,104.000,17554
depth,2878,102.381092,102.000,17554
depth,2896,103.87706,104.000,17554
depth,2913,90.035864,102.000,17554
depth,2931,164.098796,102.000,17554
depth,2949,101.804485,102.000,17554
depth,2966,133.246465,102.000,17554
depth,2984,117.771156,102.000,17554
depth,3001,102.234433,102.000,17554
depth,3019,17.963845,102.000,17554
depth,3036,102.113964,102.000,17554
depth,3054,173.109272,102.000,17554
depth,3071,87.619553,102.000,17554
depth,3089,137.890178,102.000,17554
depth,3107,102.944607,102.000,17554
depth,3124,129.096329,102.000,17554
depth,3142,36.528248,102.000,17554
depth,3159,102.411666,102.000,17554
depth,3177,187.180592,104.000,17554
depth,3194,92.900922,102.000,17554
depth,3212,130.80771,102.000,17554
depth,3229,101.838623,102.000,17554
depth,3247,101.921089,102.000,17554
depth,3265,25.50393,104.000,17554
depth,3282,101.642101,102.000,17554
depth,3300,167.948616,102.000,17554
depth,3317,101.006294,102.000,17554
depth,3335,118.872776,102.000,17554
depth,3352,17.657103,102.000,17554
depth,3370,104.086307,104.000,17554
depth,3387,135.409568,102.000,17554
depth,3405,100.948178,102.000,17554
depth,3423,155.855871,102.000,17554
depth,3440,102.060503,102.000,17554
depth,3458,101.74597,102.000,17554
depth,3475,29.239711,102.000,17554
depth,3493,109.949704,104.000,17554
depth,3510,133.168112,102.000,17554
depth,3528,102.222444,102.000,17554
depth,3545,103.772089,102.000,17554
depth,3563,101.883639,102.000,17554
depth,3581,42.068052,102.000,17554
depth,3598,78.698356,104.000,17554
depth,3616,101.932485,102.000,17554
depth,3633,127.183966,104.000,17554
depth,3651,104.023996,104.000,17554
depth,3668,170.03968,104.000,17554
depth,3686,143.042336,104.000,17554
depth,3703,6.191958,104.000,17554
depth,3721,0.842327,102.000,17554
depth,3739,101.348662,102.000,17554
depth,3756,38.41067,102.000,17554
depth,3774,105.175245,104.000,17554
depth,3791,130.827525,102.000,17554
depth,3809,101.158473,102.000,17554
depth,3826,386.21686,102.000,17554
depth,3844,101.068908,102.000,17554
depth,3861,104.344884,104.000,17554
depth,3879,90.460859,104.000,17554
depth,3896,103.132683,102.000,17554
depth,3914,17.757604,102.000,17554
depth,3932,102.270576,102.000,17554
depth,3949,132.68928,102.000,17554
depth,3967,101.865753,102.000,17554
depth,3984,5.594198,102.000,17554
depth,4002,97.605453,104.000,17554
depth,4019,108.209121,102.000,17554
depth,4037,0.498231,104.000,17554
depth,4054,102.235168,102.000,17554
depth,4072,114.637843,102.000,17554
depth,4090,103.426935,104.000,17554
depth,4107,75.535711,102.000,17554
depth,4125,14.700209,102.000,17554
depth,4142,161.336056,102.000,17554
depth,4160,77.650197,104.000,17554
depth,4177,110.072204,104.000,17554
depth,4195,103.809048,104.000,17554
depth,4212,100.273445,102.000,17554
depth,4230,188.63138,102.000,17554
depth,4248,101.755331,102.000,17554
depth,4265,137.54028,102.000,17554
depth,4283,102.628732,102.000,17554
depth,4300,91.462034,104.000,17554
depth,4318,58.016687,102.000,17554
depth,4335,102.372238,102.000,17554
depth,4353,158.7277,102.000,17554
depth,4370,101.756136,102.000,17554
depth,4388,94.670004,102.000,17554
depth,4406,102.354881,102.000,17554
depth,4423,102.742666,102.000,17554
depth,4441,47.792671,102.000,17554
depth,4458,103.654685,104.000,17554
depth,4476,143.446609,102.000,17554
depth,4493,102.121747,102.000,17554
depth,4511,1.128778,102.000,17554
depth,4528,42.546313,102.000,17554
depth,4546,96.620412,102.000,17554
depth,4564,62.651347,104.000,17554
depth,4581,100.263144,102.000,17554
depth,4599,138.12847,102.000,17554
depth,4616,100.994249,102.000,17554
depth,4634,134.757734,102.000,17554
depth,4651,38.473549,102.000,17554
depth,4669,101.365491,102.000,17554
depth,4686,129.354014,102.000,17554
depth,4704,101.719287,102.000,17554
depth,4722,116.636005,102.000,17554
depth,4739,101.590534,102.000,17554
depth,4757,142.296903,102.000,17554
depth,4774,68.45707,102.000,17554
depth,4792,101.987736,102.000,17554
depth,4809,110.090702,102.000,17554
depth,4827,102.424224,102.000,17554
depth,4844,101.675127,102.000,17554
depth,4862,100.830817,102.000,17554
depth,4880,128.42861,102.000,17554
depth,4897,84.633694,102.000,17554
depth,4915,101.957184,102.000,17554
depth,4932,103.122841,102.000,17554
depth,4950,102.337183,102.000,17554
depth,4967,182.830254,102.000,17554
depth,4985,101.798903,102.000,17554
depth,5002,131.356811,102.000,17554
depth,5020,104.147068,104.000,17554
depth,5037,103.619093,104.000,17554
depth,5055,37.028345,102.000,17554
depth,5073,183.924415,102.000,17554
depth,5090,145.852611,104.000,17554
depth,5108,102.393235,102.000,17554
depth,5125,0.736071,102.000,17554
depth,5143,104.25897,104.000,17554
depth,5160,96.502513,102.000,17554
depth,5178,56.723451,102.000,17554
depth,5195,96.937249,102.000,17554
depth,5213,118.126129,102.000,17554
depth,5231,0.618083,102.000,17554
depth,5248,1.708554,104.000,17554
depth,5266,103.68225,104.000,17554
depth,5283,101.297954,102.000,17554
depth,5301,89.22078,102.000,17554
depth,5318,102.288408,102.000,17554
depth,5336,61.722397,104.000,17554
depth,5353,102.137507,102.000,17554
depth,5371,127.075994,102.000,17554
depth,5389,104.635935,104.000,17554
depth,5406,101.957328,102.000,17554
depth,5424,102.029636,102.000,17554
depth,5441,102.073938,102.000,17554
depth,5459,24.195012,102.000,17554
depth,5476,31.418752,102.000,17554
depth,5494,135.272635,102.000,17554
depth,5511,91.703915,104.000,17554
depth,5529,101.795077,102.000,17554
depth,5547,97.373289,102.000,17554
depth,5564,101.874469,102.000,17554
depth,5582,18.418581,102.000,17554
depth,5599,101.947189,102.000,17554
depth,5617,127.60688,102.000,17554
depth,5634,96.091527,102.000,17554
depth,5652,101.932701,102.000,17554
depth,5669,35.306047,102.000,17554
depth,5687,101.518399,102.000,17554
depth,5705,48.409694,102.000,17554
depth,5722,8.113589,102.000,17554
depth,5740,118.689537,102.000,17554
depth,5757,101.930675,102.000,17554
depth,5775,101.841123,102.000,17554
depth,5792,50.664399,102.000,17554
depth,5810,169.746163,102.000,17554
depth,5827,128.721957,102.000,17554
depth,5845,92.886966,102.000,17554
depth,5863,108.180499,102.000,17554
depth,5880,102.176754,102.000,17554
depth,5898,189.667339,102.000,17554
depth,5915,90.584859,102.000,17554
depth,5933,112.779598,102.000,17554
depth,5950,4.651559,102.000,17554
depth,5968,101.703319,102.000,17554
depth,5985,36.162034,102.000,17554
depth,6003,102.183415,102.000,17554
depth,6021,179.600002,102.000,17554
depth,6038,89.363613,102.000,17554
depth,6056,136.844123,104.000,17554
depth,6073,104.434136,104.000,17554
depth,6091,106.89539,102.000,17554
depth,6108,131.805752,102.000,17554
depth,6126,0.526587,104.000,17554
depth,6143,88.580042,102.000,17554
depth,6161,0.591703,104.000,17554
depth,6179,83.714201,102.000,17554
depth,6196,22.209719,102.000,17554
depth,6214,102.008176,102.000,17554
depth,6231,36.790236,102.000,17554
depth,6249,112.7981,102.000,17554
depth,6266,105.131338,104.000,17554
depth,6284,125.684428,104.000,17554
depth,6301,16.95814,102.000,17554
depth,6319,97.077498,104.000,17554
depth,6336,103.902108,104.000,17554
depth,6354,135.909133,102.000,17554
depth,6372,109.702103,102.000,17554
depth,6389,101.86416,102.000,17554
depth,6407,102.558582,102.000,17554
depth,6424,79.062558,102.000,17554
depth,6442,42.833736,102.000,17554
depth,6459,101.987792,102.000,17554
depth,6477,127.93689,102.000,17554
depth,6494,101.071664,102.000,17554
depth,6512,102.210682,102.000,17554
depth,6530,101.715141,102.000,17554
depth,6547,101.979866,102.000,17554
depth,6565,15.333812,102.000,17554
depth,6582,88.922647,104.000,17554
depth,6600,131.306582,104.000,17554
depth,6617,98.918299,102.000,17554
depth,6635,102.37306,102.000,17554
depth,6652,39.572315,102.000,17554
depth,6670,185.818469,102.000,17554
depth,6688,58.281098,102.000,17554
depth,6705,101.633233,102.000,17554
depth,6723,131.381677,102.000,17554
depth,6740,102.329557,102.000,17554
depth,6758,102.216351,102.000,17554
depth,6775,65.257206,104.000,17554
depth,6793,160.554532,104.000,17554
depth,6810,123.467868,102.000,17554
depth,6828,101.247031,102.000,17554
depth,6846,120.793279,104.000,17554
depth,6863,104.149375,104.000,17554
depth,6881,187.828486,102.000,17554
depth,6898,91.310134,102.000,17554
depth,6916,138.082596,102.000,17554
depth,6933,108.786256,102.000,17554
depth,6951,101.596955,102.000,17554
depth,6968,36.779232,102.000,17554
depth,6986,101.820476,102.000,17554
depth,7004,177.703378,102.000,17554
depth,7021,87.207112,102.000,17554
depth,7039,140.885546,102.000,17554
depth,7056,108.978328,104.000,17554
depth,7074,102.015099,102.000,17554
depth,7091,131.044808,102.000,17554
depth,7109,101.071282,102.000,17554
depth,7126,102.078055,102.000,17554
depth,7144,101.901498,102.000,17554
depth,7162,121.185618,102.000,17554
depth,7179,230.011181,104.000,17554
depth,7197,101.906529,102.000,17554
depth,7214,129.335907,102.000,17554
depth,7232,102.316102,102.000,17554
depth,7249,102.160986,102.000,17554
depth,7267,104.335772,104.000,17554
depth,7284,102.2862,102.000,17554
depth,7302,46.545821,102.000,17554
depth,7320,104.518771,104.000,17554
depth,7337,125.279143,104.000,17554
depth,7355,103.168875,102.000,17554
depth,7372,101.735636,102.000,17554
depth,7390,101.663551,102.000,17554
depth,7407,146.084844,102.000,17554
depth,7425,87.003968,102.000,17554
depth,7442,103.148938,102.000,17554
depth,7460,102.066176,102.000,17554
depth,7478,103.726646,104.000,17554
depth,7495,173.21389,104.000,17554
depth,7513,101.797588,102.000,17554
depth,7530,133.248216,102.000,17554
depth,7548,102.236392,102.000,17554
depth,7565,131.869104,104.000,17554
depth,7583,31.294138,102.000,17554
depth,7600,100.119384,104.000,17554
depth,7618,158.560428,102.000,17554
depth,7635,104.450859,104.000,17554
depth,7653,109.845418,102.000,17554
depth,7671,75.048008,102.000,17554
depth,7688,72.561479,102.000,17554
depth,7706,31.883559,102.000,17554
depth,7723,102.208463,102.000,17554
depth,7741,63.266081,104.000,17554
depth,7758,92.222422,102.000,17554
depth,7776,25.312269,102.000,17554
depth,7793,58.353863,102.000,17554
depth,7811,102.060265,102.000,17554
depth,7829,76.561669,102.000,17554
depth,7846,92.69308,102.000,17554
depth,7864,115.022411,104.000,17554
depth,7881,101.858268,102.000,17554
depth,7899,131.757911,104.000,17554
depth,7916,87.755983,102.000,17554
depth,7934,103.996414,104.000,17554
depth,7951,21.926692,104.000,17554
depth,7969,101.857489,102.000,17554
depth,7987,46.213688,104.000,17554
depth,8004,102.303224,102.000,17554
depth,8022,135.322941,102.000,17554
depth,8039,103.715079,104.000,17554
depth,8057,102.041662,102.000,17554
depth,8074,58.648676,102.000,17554
depth,8092,196.664981,104.000,17554
depth,8109,120.529884,102.000,17554
depth,8127,93.621363,102.000,17554
depth,8145,102.945222,102.000,17554
depth,8162,101.577019,102.000,17554
depth,8180,205.360337,102.000,17554
depth,8197,107.383774,104.000,17554
depth,8215,114.516387,104.000,17554
depth,8232,0.778564,102.000,17554
depth,8250,102.611106,102.000,17554
depth,8267,6.80743,102.000,17554
depth,8285,126.902071,102.000,17554
depth,8303,155.168464,104.000,17554
depth,8320,101.663049,102.000,17554
depth,8338,101.521649,102.000,17554
depth,8355,44.885046,102.000,17554
depth,8373,102.282066,102.000,17554
depth,8390,134.392621,104.000,17554
depth,8408,104.435088,104.000,17554
depth,8425,103.553097,104.000,17554
depth,8443,103.149519,102.000,17554
depth,8461,128.758469,102.000,17554
depth,8478,72.471259,102.000,17554
depth,8496,101.947531,102.000,17554
depth,8513,119.270871,102.000,17554
depth,8531,133.993557,102.000,17554
depth,8548,102.547602,102.000,17554
depth,8566,101.684862,102.000,17554
depth,8583,147.478926,104.000,17554
depth,8601,91.704745,102.000,17554
depth,8619,104.208479,104.000,17554
depth,8636,13.173014,102.000,17554
depth,8654,103.649179,102.000,17554
depth,8671,175.460626,102.000,17554
depth,8689,101.957351,102.000,17554
depth,8706,524.117662,102.000,17554
depth,8724,106.787225,102.000,17554
depth,8741,104.09766,104.000,17554
depth,8759,18.531272,102.000,17554
depth,8777,221.606738,102.000,17554
depth,8794,184.436285,102.000,17554
depth,8812,122.711042,102.000,17554
depth,8829,133.876932,102.000,17554
depth,8847,102.516539,102.000,17554
depth,8864,102.247447,102.000,17554
depth,8882,19.794443,104.000,17554
depth,8899,104.55149,104.000,17554
depth,8917,165.582459,102.000,17554
depth,8934,102.350445,102.000,17554
depth,8952,112.378217,104.000,17554
depth,8970,103.786835,104.000,17554
depth,8987,101.452439,102.000,17554
depth,9005,49.845781,102.000,17554
depth,9022,103.693266,104.000,17554
depth,9040,133.474443,102.000,17554
depth,9057,98.736868,102.000,17554
depth,9075,105.081988,102.000,17554
depth,9092,56.467209,102.000,17554
depth,9110,99.442126,102.000,17554
depth,9128,71.282886,102.000,17554
depth,9145,104.536319,104.000,17554
depth,9163,135.626352,102.000,17554
depth,9180,101.931517,102.000,17554
depth,9198,100.578192,102.000,17554
depth,9215,52.183608,102.000,17554
depth,9233,102.212684,102.000,17554
depth,9250,454.439217,102.000,17554
depth,9268,103.115027,104.000,17554
depth,9286,121.08851,102.000,17554
depth,9303,106.019436,106.000,17554
depth,9321,40.426811,104.000,17554
depth,9338,78.075773,102.000,17554
depth,9356,102.015352,102.000,17554
depth,9373,106.916222,106.000,17554
depth,9391,120.332027,104.000,17554
depth,9408,176.153044,102.000,17554
depth,9426,104.576728,104.000,17554
depth,9444,126.917966,102.000,17554
depth,9461,129.836727,104.000,17554
depth,9479,101.698309,102.000,17554
depth,9496,24.471773,102.000,17554
depth,9514,102.953746,104.000,17554
depth,9531,165.640859,104.000,17554
depth,9549,103.116188,102.000,17554
depth,9566,104.049714,104.000,17554
depth,9584,101.680117,102.000,17554
depth,9602,3.746257,102.000,17554
depth,9619,61.976951,102.000,17554
depth,9637,171.56332,102.000,17554
depth,9654,131.736112,102.000,17554
depth,9672,48.655166,102.000,17554
depth,9689,21.93221,104.000,17554
depth,9707,90.635995,102.000,17554
depth,9724,21.589571,102.000,17554
depth,9742,73.769479,104.000,17554
depth,9760,140.937896,102.000,17554
depth,9777,115.578255,102.000,17554
depth,9795,104.41623,104.000,17554
depth,9812,28.600432,102.000,17554
depth,9830,101.99009,102.000,17554
depth,9847,103.523047,104.000,17554
depth,9865,100.564621,104.000,17554
depth,9882,103.862691,104.000,17554
depth,9900,6.178396,102.000,17554
depth,9918,25.569901,102.000,17554
depth,9935,132.060402,102.000,17554
depth,9953,77.076856,102.000,17554
depth,9970,102.003017,102.000,17554
depth,9988,103.002675,102.000,17554
depth,10005,111.512138,102.000,17554
depth,10023,19.991294,102.000,17554
depth,10040,102.281821,102.000,17554
depth,10058,134.640117,102.000,17554
depth,10075,102.985045,102.000,17554
depth,10093,101.989637,102.000,17554
depth,10111,101.955826,102.000,17554
depth,10128,102.133781,102.000,17554
depth,10146,0.26173,102.000,17554
depth,10163,114.384526,102.000,17554
depth,10181,129.364349,104.000,17554
depth,10198,3.19882,102.000,17554
depth,10216,101.695644,102.000,17554
depth,10233,48.144819,102.000,17554
depth,10251,187.02208,102.000,17554
depth,10269,88.032771,104.000,17554
depth,10286,141.334662,102.000,17554
depth,10304,133.931935,102.000,17554
depth,10321,114.479785,102.000,17554
depth,10339,101.087831,102.000,17554
depth,10356,58.118346,104.000,17554
depth,10374,163.921233,102.000,17554
depth,10391,128.833065,102.000,17554
depth,10409,104.002088,104.000,17554
depth,10427,104.14126,104.000,17554
depth,10444,104.164601,104.000,17554
depth,10462,4.356628,102.000,17554
depth,10479,56.945158,102.000,17554
depth,10497,141.118207,102.000,17554
depth,10514,117.87614,102.000,17554
depth,10532,102.17969,102.000,17554
depth,10549,33.661863,102.000,17554
depth,10567,102.331334,102.000,17554
depth,10585,218.999129,102.000,17554
depth,10602,86.478272,102.000,17554
depth,10620,132.39523,102.000,17554
depth,10637,8.5613,102.000,17554
depth,10655,102.068433,102.000,17554
depth,10672,131.299931,102.000,17554
depth,10690,102.849966,102.000,17554
depth,10707,101.617652,102.000,17554
depth,10725,99.533654,102.000,17554
depth,10743,114.959804,104.000,17554
depth,10760,22.355103,102.000,17554
depth,10778,101.87452,102.000,17554
depth,10795,128.855202,102.000,17554
depth,10813,101.85195,102.000,17554
depth,10830,105.0837,104.000,17554
depth,10848,101.549255,102.000,17554
depth,10865,104.902667,102.000,17554
depth,10883,33.258199,102.000,17554
depth,10901,101.706094,102.000,17554
depth,10918,131.180477,102.000,17554
depth,10936,90.906214,102.000,17554
depth,10953,79.585505,102.000,17554
depth,10971,102.134116,102.000,17554
depth,10988,173.269091,102.000,17554
depth,11006,63.328628,102.000,17554
depth,11023,101.412372,102.000,17554
depth,11041,121.134594,102.000,17554
depth,11059,103.524149,104.000,17554
depth,11076,102.532812,102.000,17554
depth,11094,104.161214,104.000,17554
depth,11111,137.112792,102.000,17554
depth,11129,95.405093,102.000,17554
depth,11146,102.05672,102.000,17554
depth,11164,34.276632,104.000,17554
depth,11181,103.534917,104.000,17554
depth,11199,14.360974,102.000,17554
depth,11217,100.898415,102.000,17554
depth,11234,118.259352,102.000,17554
depth,11252,101.670644,102.000,17554
depth,11269,101.652699,102.000,17554
depth,11287,37.779176,102.000,17554
depth,11304,104.254702,104.000,17554
depth,11322,143.039238,102.000,17554
depth,11339,104.15645,104.000,17554
depth,11357,27.471144,104.000,17554
depth,11374,58.290178,104.000,17554
depth,11392,109.772626,102.000,17554
depth,11410,72.981274,102.000,17554
depth,11427,137.885907,102.000,17554
depth,11445,105.064793,102.000,17554
depth,11462,83.117876,102.000,17554
depth,11480,37.152586,102.000,17554
depth,11497,77.589632,102.000,17554
depth,11515,101.560272,102.000,17554
depth,11532,101.923111,102.000,17554
depth,11550,103.241638,104.000,17554
depth,11568,24.817505,102.000,17554
depth,11585,104.272429,104.000,17554
depth,11603,135.857791,104.000,17554
depth,11620,102.906166,102.000,17554
depth,11638,103.612617,104.000,17554
depth,11655,9.854581,102.000,17554
depth,11673,176.345206,102.000,17554
depth,11690,139.684931,104.000,17554
depth,11708,97.050539,102.000,17554
depth,11726,3.86343,102.000,17554
depth,11743,104.519472,102.000,17554
depth,11761,489.810005,104.000,17554
depth,11778,63.690469,102.000,17554
depth,11796,163.624043,102.000,17554
depth,11813,147.536039,102.000,17554
depth,11831,101.918007,102.000,17554
depth,11848,6.404587,102.000,17554
depth,11866,101.416203,102.000,17554
depth,11884,180.363935,102.000,17554
depth,11901,304.719682,104.000,17554
depth,11919,85.961853,102.000,17554
depth,11936,103.940731,104.000,17554
depth,11954,89.917826,102.000,17554
depth,11971,253.812985,102.000,17554
depth,11989,101.871166,102.000,17554
depth,12006,119.450798,102.000,17554
depth,12024,101.715248,102.000,17554
depth,12042,375.362101,104.000,17554
depth,12059,41.999704,104.000,17554
depth,12077,102.477981,102.000,17554
depth,12094,131.895553,102.000,17554
depth,12112,107.068915,104.000,17554
depth,12129,104.849481,104.000,17554
depth,12147,120.602499,104.000,17554
depth,12164,196.896269,102.000,17554
depth,12182,77.900954,102.000,17554
depth,12200,102.034903,102.000,17554
depth,12217,119.334479,102.000,17554
depth,12235,102.916654,102.000,17554
depth,12252,100.727216,104.000,17554
depth,12270,102.076844,102.000,17554
depth,12287,168.980548,104.000,17554
depth,12305,73.884048,102.000,17554
depth,12322,102.557633,102.000,17554
depth,12340,114.591937,102.000,17554
depth,12358,103.213103,102.000,17554
depth,12375,102.572336,102.000,17554
depth,12393,109.33319,102.000,17554
depth,12410,163.346738,104.000,17554
depth,12428,78.712941,102.000,17554
depth,12445,102.701602,102.000,17554
depth,12463,102.143245,104.000,17554
depth,12480,103.387982,104.000,17554
depth,12498,178.50905,104.000,17554
depth,12516,102.182198,102.000,17554
depth,12533,129.595664,104.000,17554
depth,12551,82.086491,102.000,17554
depth,12568,107.716958,102.000,17554
depth,12586,25.546415,104.000,17554
depth,12603,102.232204,102.000,17554
depth,12621,166.807601,104.000,17554
depth,12638,101.572895,102.000,17554
depth,12656,111.661761,102.000,17554
depth,12673,19.25713,104.000,17554
depth,12691,94.289579,102.000,17554
depth,12709,35.941064,102.000,17554
depth,12726,101.950997,102.000,17554
depth,12744,156.257147,102.000,17554
depth,12761,52.211309,102.000,17554
depth,12779,133.918797,102.000,17554
depth,12796,100.685055,102.000,17554
depth,12814,99.45159,102.000,17554
depth,12831,131.691796,102.000,17554
depth,12849,126.392722,102.000,17554
depth,12867,165.168987,102.000,17554
depth,12884,129.036788,102.000,17554
depth,12902,120.298229,102.000,17554
depth,12919,21.135287,102.000,17554
depth,12937,102.894362,102.000,17554
depth,12954,108.387072,102.000,17554
depth,12972,120.174191,102.000,17554
depth,12989,101.645061,102.000,17554
depth,13007,96.30131,102.000,17554
depth,13025,121.720226,102.000,17554
depth,13042,8.796411,102.000,17554
depth,13060,110.817295,102.000,17554
depth,13077,133.872223,102.000,17554
depth,13095,101.966892,102.000,17554
depth,13112,104.897294,104.000,17554
depth,13130,91.698821,102.000,17554
depth,13147,131.287848,102.000,17554
depth,13165,113.886491,102.000,17554
depth,13183,102.20365,102.000,17554
depth,13200,17.59451,102.000,17554
depth,13218,103.597771,104.000,17554
depth,13235,108.363011,102.000,17554
depth,13253,89.294986,102.000,17554
depth,13270,120.420287,104.000,17554
depth,13288,105.821533,102.000,17554
depth,13305,101.727678,102.000,17554
depth,13323,37.856015,102.000,17554
depth,13341,82.472856,102.000,17554
depth,13358,112.006849,104.000,17554
depth,13376,27.559801,102.000,17554
depth,13393,92.26927,102.000,17554
depth,13411,101.749338,102.000,17554
depth,13428,102.127052,102.000,17554
depth,13446,131.493503,106.000,17554
depth,13463,79.26207,102.000,17554
depth,13481,76.378284,102.000,17554
depth,13499,101.787008,102.000,17554
depth,13516,104.072469,104.000,17554
depth,13534,17.903862,102.000,17554
depth,13551,102.196542,102.000,17554
depth,13569,432.380798,102.000,17554
depth,13586,68.623197,102.000,17554
depth,13604,101.9927,102.000,17554
depth,13621,98.895843,102.000,17554
depth,13639,99.92332,102.000,17554
depth,13657,101.721264,102.000,17554
depth,13674,102.297978,102.000,17554
depth,13692,128.130439,104.000,17554
depth,13709,103.974018,104.000,17554
depth,13727,133.34494,102.000,17554
depth,13744,37.721825,102.000,17554
depth,13762,188.672847,104.000,17554
depth,13779,1.072466,102.000,17554
depth,13797,102.460884,102.000,17554
depth,13814,109.452473,104.000,17554
depth,13832,74.794028,102.000,17554
depth,13850,102.025104,102.000,17554
depth,13867,55.866993,104.000,17554
depth,13885,171.252171,102.000,17554
depth,13902,129.093954,102.000,17554
depth,13920,101.603601,102.000,17554
depth,13937,15.786711,102.000,17554
depth,13955,102.091205,102.000,17554
depth,13972,102.202765,102.000,17554
depth,13990,86.353932,102.000,17554
depth,14008,135.980051,104.000,17554
depth,14025,101.580746,102.000,17554
depth,14043,103.821937,104.000,17554
depth,14060,2.042061,102.000,17554
depth,14078,77.15909,104.000,17554
depth,14095,103.602542,104.000,17554
depth,14113,69.100598,104.000,17554
depth,14130,101.197868,102.000,17554
depth,14148,19.716623,102.000,17554
depth,14166,161.139648,102.000,17554
depth,14183,138.995379,102.000,17554
depth,14201,102.739697,102.000,17554
depth,14218,56.921546,104.000,17554
depth,14236,7.443034,102.000,17554
depth,14253,101.799989,102.000,17554
depth,14271,0.800436,102.000,17554
depth,14288,101.563132,102.000,17554
depth,14306,130.973966,102.000,17554
depth,14324,114.116858,104.000,17554
depth,14341,102.443987,102.000,17554
depth,14359,102.144479,102.000,17554
depth,14376,182.945458,102.000,17554
depth,14394,59.507613,102.000,17554
depth,14411,101.852588,102.000,17554
depth,14429,101.029297,102.000,17554
depth,14446,101.956323,102.000,17554
depth,14464,102.274666,102.000,17554
depth,14482,103.913946,104.000,17554
depth,14499,168.28346,102.000,17554
depth,14517,69.40906,102.000,17554
depth,14534,102.691126,102.000,17554
depth,14552,102.664307,102.000,17554
depth,14569,102.328636,102.000,17554
depth,14587,104.031947,104.000,17554
depth,14604,60.870402,104.000,17554
depth,14622,161.623147,102.000,17554
depth,14640,85.705622,102.000,17554
depth,14657,102.298518,104.000,17554
depth,14675,105.293481,102.000,17554
depth,14692,104.451158,102.000,17554
depth,14710,176.127835,102.000,17554
depth,14727,99.461324,102.000,17554
depth,14745,137.204264,102.000,17554
depth,14762,107.096925,102.000,17554
depth,14780,102.044064,102.000,17554
depth,14798,56.378465,102.000,17554
depth,14815,102.124572,102.000,17554
depth,14833,159.37043,102.000,17554
depth,14850,99.675921,102.000,17554
depth,14868,114.164689,104.000,17554
depth,14885,26.87414,104.000,17554
depth,14903,101.282754,102.000,17554
depth,14920,136.992878,102.000,17554
depth,14938,102.355685,102.000,17554
depth,14956,119.138707,102.000,17554
depth,14973,102.06258,102.000,17554
depth,14991,33.405803,102.000,17554
depth,15008,76.463161,102.000,17554
depth,15026,102.025164,102.000,17554
depth,15043,124.814083,102.000,17554
depth,15061,102.210209,102.000,17554
depth,15078,121.754303,102.000,17554
depth,15096,103.937063,104.000,17554
depth,15113,155.746154,102.000,17554
depth,15131,86.098395,102.000,17554
depth,15149,102.017617,102.000,17554
depth,15166,114.932021,102.000,17554
depth,15184,101.836475,102.000,17554
depth,15201,101.184283,102.000,17554
depth,15219,102.397698,102.000,17554
depth,15236,148.901492,102.000,17554
depth,15254,83.62309,102.000,17554
depth,15271,104.010204,102.000,17554
depth,15289,18.975281,102.000,17554
depth,15307,102.28766,102.000,17554
depth,15324,166.572356,104.000,17554
depth,15342,102.482449,102.000,17554
depth,15359,125.411462,104.000,17554
depth,15377,101.800024,102.000,17554
depth,15394,110.456738,102.000,17554
depth,15412,46.437632,104.000,17554
depth,15429,102.232305,102.000,17554
depth,15447,145.877112,104.000,17554
depth,15465,101.235887,102.000,17554
depth,15482,103.738787,104.000,17554
depth,15500,102.477474,104.000,17554
depth,15517,101.789617,102.000,17554
depth,15535,58.706169,102.000,17554
depth,15552,101.760837,102.000,17554
depth,15570,121.065497,102.000,17554
depth,15587,111.210184,102.000,17554
depth,15605,29.099424,102.000,17554
depth,15623,101.543813,102.000,17554
depth,15640,104.016478,104.000,17554
depth,15658,93.797088,102.000,17554
depth,15675,102.07106,102.000,17554
depth,15693,103.963336,104.000,17554
depth,15710,101.831833,102.000,17554
depth,15728,133.433023,104.000,17554
depth,15745,99.150909,102.000,17554
depth,15763,93.608271,102.000,17554
depth,15781,37.253318,102.000,17554
depth,15798,101.241652,102.000,17554
depth,15816,37.203499,102.000,17554
depth,15833,84.214326,102.000,17554
depth,15851,137.477952,102.000,17554
depth,15868,104.032936,104.000,17554
depth,15886,92.771602,102.000,17554
depth,15903,14.962916,102.000,17554
depth,15921,103.826795,104.000,17554
depth,15939,40.708614,102.000,17554
depth,15956,2.477912,102.000,17554
depth,15974,131.253184,102.000,17554
depth,15991,100.602251,102.000,17554
depth,16009,103.758621,104.000,17554
depth,16026,61.2552,104.000,17554
depth,16044,162.874192,102.000,17554
depth,16061,89.476002,102.000,17554
depth,16079,2.665998,102.000,17554
depth,16097,116.610718,104.000,17554
depth,16114,101.832297,102.000,17554
depth,16132,102.948445,104.000,17554
depth,16149,65.570296,102.000,17554
depth,16167,159.480378,102.000,17554
depth,16184,113.757482,102.000,17554
depth,16202,101.984371,102.000,17554
depth,16219,0.49988,102.000,17554
depth,16237,101.803332,102.000,17554
depth,16255,158.9407,102.000,17554
depth,16272,309.891168,102.000,17554
depth,16290,114.386557,104.000,17554
depth,16307,25.696548,102.000,17554
depth,16325,83.423428,102.000,17554
depth,16342,132.373191,102.000,17554
depth,16360,104.105116,104.000,17554
depth,16377,103.912671,104.000,17554
depth,16395,102.115136,102.000,17554
depth,16412,101.852142,102.000,17554
depth,16430,52.639312,104.000,17554
depth,16448,102.443946,102.000,17554
depth,16465,118.183646,104.000,17554
depth,16483,103.979764,104.000,17554
depth,16500,101.819508,102.000,17554
depth,16518,101.754095,102.000,17554
depth,16535,153.299598,102.000,17554
depth,16553,105.297357,102.000,17554
depth,16570,102.15299,102.000,17554
depth,16588,103.871621,104.000,17554
depth,16606,101.539889,102.000,17554
depth,16623,164.745824,102.000,17554
depth,16641,106.302335,102.000,17554
depth,16658,112.848124,104.000,17554
depth,16676,102.119884,102.000,17554
depth,16693,101.783193,102.000,17554
depth,16711,50.904699,102.000,17554
depth,16728,101.989361,102.000,17554
depth,16746,136.586438,102.000,17554
depth,16764,101.143388,102.000,17554
depth,16781,103.962483,104.000,17554
depth,16799,101.986776,102.000,17554
depth,16816,102.110962,102.000,17554
depth,16834,69.837023,102.000,17554
depth,16851,104.400027,104.000,17554
depth,16869,115.5506,104.000,17554
depth,16886,101.955904,102.000,17554
depth,16904,130.12044,102.000,17554
depth,16922,105.044538,104.000,17554
depth,16939,265.767795,102.000,17554
depth,16957,85.33894,102.000,17554
depth,16974,101.447846,102.000,17554
depth,16992,24.588844,102.000,17554
depth,17009,103.70638,104.000,17554
depth,17027,129.402838,102.000,17554
depth,17044,106.585523,104.000,17554
depth,17062,102.012282,102.000,17554
depth,17080,104.020666,104.000,17554
depth,17097,36.069281,102.000,17554
depth,17115,61.314845,102.000,17554
depth,17132,101.735077,102.000,17554
depth,17150,0.258355,102.000,17554
depth,17167,113.407214,104.000,17554
depth,17185,103.86255,104.000,17554
depth,17202,165.882086,102.000,17554
depth,17220,139.371443,102.000,17554
depth,17238,100.091948,102.000,17554
depth,17255,116.896779,104.000,17554
depth,17273,21.683164,102.000,17554
depth,17290,102.069112,102.000,17554
depth,17308,136.46901,102.000,17554
depth,17325,158.302927,102.000,17554
depth,17343,86.549531,102.000,17554
depth,17360,102.428279,102.000,17554
depth,17378,129.645361,102.000,17554
depth,17396,20.698901,102.000,17554
depth,17413,101.661845,102.000,17554
depth,17431,178.308298,102.000,17554
depth,17448,103.426036,102.000,17554
depth,17466,133.971313,102.000,17554
depth,17483,110.928764,102.000,17554
depth,17501,4.151648,102.000,17554
depth,17518,19.768529,102.000,17554
depth,17536,104.263818,104.000,17554
bookTicker,0,0.864787,165.000,281972
bookTicker,281,33.371598,1.000,281972
bookTicker,563,0.149137,0.0,281972
bookTicker,845,0.255459,1.000,281972
bookTicker,1127,3.569245,1.000,281972
bookTicker,1409,0.09539,0.0,281972
bookTicker,1691,0.096803,0.0,281972
bookTicker,1973,0.099161,0.0,281972
bookTicker,2255,0.115312,1.000,281972
bookTicker,2537,0.092986,0.0,281972
bookTicker,2819,0.173822,0.0,281972
bookTicker,3101,0.091565,0.0,281972
bookTicker,3383,0.114243,1.000,281972
bookTicker,3665,0.092535,0.0,281972
bookTicker,3947,0.111426,0.0,281972
bookTicker,4229,0.180599,0.0,281972
bookTicker,4511,0.09888,0.0,281972
bookTicker,4793,0.091928,1.000,281972
bookTicker,5075,0.098361,0.0,281972
bookTicker,5357,0.096131,0.0,281972
bookTicker,5639,0.103854,0.0,281972
bookTicker,5921,0.092678,0.0,281972
bookTicker,6203,0.149283,0.0,281972
bookTicker,6485,0.091039,0.0,281972
bookTicker,6767,0.093223,0.0,281972
bookTicker,7049,0.094516,0.0,281972
bookTicker,7331,0.06941,1.000,281972
bookTicker,7613,0.263079,0.0,281972
bookTicker,7895,0.18035,0.0,281972
bookTicker,8177,0.125347,0.0,281972
bookTicker,8459,0.370392,10.00,281972
bookTicker,8741,0.094859,0.0,281972
bookTicker,9023,0.093647,1.000,281972
bookTicker,9305,0.094148,0.0,281972
bookTicker,9587,0.09832,0.0,281972
bookTicker,9869,0.095804,0.0,281972
bookTicker,10150,0.097706,0.0,281972
bookTicker,10432,0.16614,0.0,281972
bookTicker,10714,0.092055,0.0,281972
bookTicker,10996,0.163536,2.000,281972
bookTicker,11278,23.258326,23.000,281972
bookTicker,11560,0.160034,0.0,281972
bookTicker,11842,0.092529,0.0,281972
bookTicker,12124,0.102111,0.0,281972
bookTicker,12406,0.208784,1.000,281972
bookTicker,12688,0.095713,0.0,281972
bookTicker,12970,0.107579,0.0,281972
bookTicker,13252,0.096641,1.000,281972
bookTicker,13534,0.164962,0.0,281972
bookTicker,13816,0.091298,0.0,281972
bookTicker,14098,0.095261,0.0,281972
bookTicker,14380,0.105091,3.000,281972
bookTicker,14662,0.092177,0.0,281972
bookTicker,14944,0.097603,1.000,281972
bookTicker,15226,0.113114,1.000,281972
bookTicker,15508,0.112934,1.000,281972
bookTicker,15790,0.092247,0.0,281972
bookTicker,16072,0.095928,0.0,281972
bookTicker,16354,0.095172,1.000,281972
bookTicker,16636,0.091284,1.000,281972
bookTicker,16918,0.0727,0.0,281972
bookTicker,17200,0.2463,14.000,281972
bookTicker,17482,0.094029,0.0,281972
bookTicker,17764,0.117967,0.0,281972
bookTicker,18046,0.110801,0.0,281972
bookTicker,18328,0.101382,0.0,281972
bookTicker,18610,0.09094,0.0,281972
bookTicker,18892,0.087877,0.0,281972
bookTicker,19174,1.129373,1.000,281972
bookTicker,19456,0.092595,0.0,281972
bookTicker,19738,0.093254,0.0,281972
bookTicker,20020,33.601951,25.000,281972
bookTicker,20301,0.096208,0.0,281972
bookTicker,20583,0.092032,1.000,281972
bookTicker,20865,0.086539,0.0,281972
bookTicker,21147,0.118574,0.0,281972
bookTicker,21429,0.099375,1.000,281972
bookTicker,21711,0.093235,0.0,281972
bookTicker,21993,0.15776,2.000,281972
bookTicker,22275,0.091925,0.0,281972
bookTicker,22557,0.095199,0.0,281972
bookTicker,22839,0.158269,0.0,281972
bookTicker,23121,0.109739,0.0,281972
bookTicker,23403,0.114126,0.0,281972
bookTicker,23685,8.53253,9.000,281972
bookTicker,23967,0.101887,0.0,281972
bookTicker,24249,3.140266,3.000,281972
bookTicker,24531,0.111327,0.0,281972
bookTicker,24813,4.49027,4.000,281972
bookTicker,25095,0.506371,2.000,281972
bookTicker,25377,28.920354,68.000,281972
bookTicker,25659,0.093816,0.0,281972
bookTicker,25941,0.241516,0.0,281972
bookTicker,26223,0.092097,0.0,281972
bookTicker,26505,0.088999,0.0,281972
bookTicker,26787,0.094821,0.0,281972
bookTicker,27069,0.092862,0.0,281972
bookTicker,27351,19.191169,19.000,281972
bookTicker,27633,0.109437,3.000,281972
bookTicker,27915,0.203605,1.000,281972
bookTicker,28197,0.095868,0.0,281972
bookTicker,28479,0.142504,0.0,281972
bookTicker,28761,0.099606,0.0,281972
bookTicker,29043,37.896327,37.000,281972
bookTicker,29325,0.099112,0.0,281972
bookTicker,29607,0.105826,0.0,281972
bookTicker,29889,0.109625,2.000,281972
bookTicker,30171,0.126584,1.000,281972
bookTicker,30452,1.86841,1.000,281972
bookTicker,30734,0.132053,0.0,281972
bookTicker,31016,12.97723,37.000,281972
bookTicker,31298,0.104608,1.000,281972
bookTicker,31580,0.093461,1.000,281972
bookTicker,31862,0.096777,0.0,281972
bookTicker,32144,0.115338,0.0,281972
bookTicker,32426,0.093115,0.0,281972
bookTicker,32708,0.096609,0.0,281972
bookTicker,32990,13.960158,14.000,281972
bookTicker,33272,0.104198,0.0,281972
bookTicker,33554,0.096032,0.0,281972
bookTicker,33836,0.144444,1.000,281972
bookTicker,34118,0.092397,1.000,281972
bookTicker,34400,0.185934,1.000,281972
bookTicker,34682,34.335133,24.000,281972
bookTicker,34964,81.441236,19.000,281972
bookTicker,35246,0.472298,100.0,281972
bookTicker,35528,0.177131,19.000,281972
bookTicker,35810,0.159676,0.0,281972
bookTicker,36092,0.142379,0.0,281972
bookTicker,36374,0.105388,1.000,281972
bookTicker,36656,0.094479,0.0,281972
bookTicker,36938,0.837716,2.000,281972
bookTicker,37220,0.259874,1.000,281972
bookTicker,37502,0.093645,0.0,281972
bookTicker,37784,55.892418,56.000,281972
bookTicker,38066,0.093712,0.0,281972
bookTicker,38348,0.097877,0.0,281972
bookTicker,38630,0.092526,0.0,281972
bookTicker,38912,0.098229,0.0,281972
bookTicker,39194,69.532368,73.000,281972
bookTicker,39476,0.100741,0.0,281972
bookTicker,39758,0.098286,0.0,281972
bookTicker,40040,1.695419,1.000,281972
bookTicker,40321,1.736016,1.000,281972
bookTicker,40603,7.989231,8.000,281972
bookTicker,40885,0.093301,0.0,281972
bookTicker,41167,0.096533,0.0,281972
bookTicker,41449,5.766599,5.000,281972
bookTicker,41731,254.601216,188.000,281972
bookTicker,42013,4.20709,1.000,281972
bookTicker,42295,0.100714,0.0,281972
bookTicker,42577,0.138475,0.0,281972
bookTicker,42859,0.097977,0.0,281972
bookTicker,43141,0.098259,0.0,281972
bookTicker,43423,0.161882,0.0,281972
bookTicker,43705,0.24853,1.000,281972
bookTicker,43987,0.261902,1.000,281972
bookTicker,44269,4.984808,5.000,281972
bookTicker,44551,0.212018,2.000,281972
bookTicker,44833,0.121103,1.000,281972
bookTicker,45115,0.144996,1.000,281972
bookTicker,45397,0.115451,1.000,281972
bookTicker,45679,41.790491,42.000,281972
bookTicker,45961,0.101296,0.0,281972
bookTicker,46243,8.807515,52.000,281972
bookTicker,46525,0.092771,0.0,281972
bookTicker,46807,0.090003,0.0,281972
bookTicker,47089,0.095197,0.0,281972
bookTicker,47371,0.093242,0.0,281972
bookTicker,47653,0.098413,0.0,281972
bookTicker,47935,2.927428,2.000,281972
bookTicker,48217,0.092231,0.0,281972
bookTicker,48499,0.140062,0.0,281972
bookTicker,48781,58.913939,61.000,281972
bookTicker,49063,0.153193,0.0,281972
bookTicker,49345,0.09802,1.000,281972
bookTicker,49627,0.112439,3.000,281972
bookTicker,49909,14.45325,10.00,281972
bookTicker,50191,0.098778,0.0,281972
bookTicker,50472,0.096983,0.0,281972
bookTicker,50754,0.123623,0.0,281972
bookTicker,51036,0.100291,0.0,281972
bookTicker,51318,0.072144,0.0,281972
bookTicker,51600,0.140753,0.0,281972
bookTicker,51882,0.12492,1.000,281972
bookTicker,52164,0.125743,0.0,281972
bookTicker,52446,0.165372,1.000,281972
bookTicker,52728,2.082096,2.000,281972
bookTicker,53010,0.109399,1.000,281972
bookTicker,53292,0.099661,0.0,281972
bookTicker,53574,0.092472,0.0,281972
bookTicker,53856,0.129518,0.0,281972
bookTicker,54138,0.121791,0.0,281972
bookTicker,54420,0.094988,1.000,281972
bookTicker,54702,0.109526,1.000,281972
bookTicker,54984,366.48113,365.000,281972
bookTicker,55266,0.110921,0.0,281972
bookTicker,55548,0.156552,0.0,281972
bookTicker,55830,0.099563,7.000,281972
bookTicker,56112,103.389741,103.000,281972
bookTicker,56394,0.112807,0.0,281972
bookTicker,56676,0.157569,11.000,281972
bookTicker,56958,0.091784,0.0,281972
bookTicker,57240,0.10132,0.0,281972
bookTicker,57522,0.151745,0.0,281972
bookTicker,57804,0.091888,1.000,281972
bookTicker,58086,0.09377,0.0,281972
bookTicker,58368,0.086832,0.0,281972
bookTicker,58650,0.150545,0.0,281972
bookTicker,58932,0.094813,0.0,281972
bookTicker,59214,0.143133,0.0,281972
bookTicker,59496,0.094334,0.0,281972
bookTicker,59778,0.113957,1.000,281972
bookTicker,60060,0.099935,0.0,281972
bookTicker,60342,0.09205,1.000,281972
bookTicker,60623,0.093044,0.0,281972
bookTicker,60905,0.1004,0.0,281972
bookTicker,61187,0.095363,0.0,281972
bookTicker,61469,0.110353,0.0,281972
bookTicker,61751,0.09516,0.0,281972
bookTicker,62033,0.156922,1.000,281972
bookTicker,62315,0.1068,0.0,281972
bookTicker,62597,0.097454,0.0,281972
bookTicker,62879,0.112914,1.000,281972
bookTicker,63161,0.125514,0.0,281972
bookTicker,63443,1.827534,0.0,281972
bookTicker,63725,0.109886,0.0,281972
bookTicker,64007,0.175316,0.0,281972
bookTicker,64289,115.808179,110.00,281972
bookTicker,64571,1.695053,1.000,281972
bookTicker,64853,0.101376,0.0,281972
bookTicker,65135,0.122801,0.0,281972
bookTicker,65417,0.092998,0.0,281972
bookTicker,65699,5.484452,6.000,281972
bookTicker,65981,0.166424,0.0,281972
bookTicker,66263,0.095893,0.0,281972
bookTicker,66545,0.109115,1.000,281972
bookTicker,66827,0.101386,0.0,281972
bookTicker,67109,0.097366,0.0,281972
bookTicker,67391,0.118947,0.0,281972
bookTicker,67673,0.069259,0.0,281972
bookTicker,67955,1.205531,1.000,281972
bookTicker,68237,0.397046,0.0,281972
bookTicker,68519,95.912893,95.000,281972
bookTicker,68801,0.095165,0.0,281972
bookTicker,69083,0.095006,0.0,281972
bookTicker,69365,0.095737,1.000,281972
bookTicker,69647,0.095153,0.0,281972
bookTicker,69929,0.094118,0.0,281972
bookTicker,70211,0.097606,0.0,281972
bookTicker,70493,0.09293,0.0,281972
bookTicker,70774,0.092443,0.0,281972
bookTicker,71056,0.113653,0.0,281972
bookTicker,71338,0.114778,0.0,281972
bookTicker,71620,0.094091,0.0,281972
bookTicker,71902,0.094385,0.0,281972
bookTicker,72184,0.12208,17.000,281972
bookTicker,72466,0.12277,1.000,281972
bookTicker,72748,0.098605,0.0,281972
bookTicker,73030,0.095226,0.0,281972
bookTicker,73312,0.166133,0.0,281972
bookTicker,73594,0.103587,1.000,281972
bookTicker,73876,0.09608,1.000,281972
bookTicker,74158,0.093111,0.0,281972
bookTicker,74440,5.95934,22.000,281972
bookTicker,74722,0.096167,0.0,281972
bookTicker,75004,0.111625,1.000,281972
bookTicker,75286,0.18219,16.000,281972
bookTicker,75568,52.883599,53.000,281972
bookTicker,75850,0.111455,0.0,281972
bookTicker,76132,0.094137,0.0,281972
bookTicker,76414,0.110953,0.0,281972
bookTicker,76696,0.096272,1.000,281972
bookTicker,76978,0.114593,0.0,281972
bookTicker,77260,0.086628,0.0,281972
bookTicker,77542,0.137538,0.0,281972
bookTicker,77824,0.10552,0.0,281972
bookTicker,78106,0.095102,0.0,281972
bookTicker,78388,66.980784,67.000,281972
bookTicker,78670,0.100477,0.0,281972
bookTicker,78952,0.099696,0.0,281972
bookTicker,79234,0.106715,0.0,281972
bookTicker,79516,0.165245,1.000,281972
bookTicker,79798,0.093718,0.0,281972
bookTicker,80080,0.11149,0.0,281972
bookTicker,80362,124.649287,58.000,281972
bookTicker,80643,0.091747,0.0,281972
bookTicker,80925,0.179373,0.0,281972
bookTicker,81207,0.092281,3.000,281972
bookTicker,81489,1.995548,0.0,281972
bookTicker,81771,0.124941,0.0,281972
bookTicker,82053,0.069398,0.0,281972
bookTicker,82335,0.074725,0.0,281972
bookTicker,82617,13.087213,14.000,281972
bookTicker,82899,9.070231,9.000,281972
bookTicker,83181,0.133477,0.0,281972
bookTicker,83463,0.093453,2.000,281972
bookTicker,83745,0.093717,0.0,281972
bookTicker,84027,0.091893,1.000,281972
bookTicker,84309,0.097284,0.0,281972
bookTicker,84591,0.094353,0.0,281972
bookTicker,84873,0.096855,1.000,281972
bookTicker,85155,56.970461,56.000,281972
bookTicker,85437,0.078191,0.0,281972
bookTicker,85719,0.072066,1.000,281972
bookTicker,86001,136.690486,136.000,281972
bookTicker,86283,0.139008,0.0,281972
bookTicker,86565,0.093563,0.0,281972
bookTicker,86847,160.56201,161.000,281972
bookTicker,87129,0.175719,2.000,281972
bookTicker,87411,0.103546,0.0,281972
bookTicker,87693,0.093699,0.0,281972
bookTicker,87975,0.352446,0.0,281972
bookTicker,88257,0.082166,0.0,281972
bookTicker,88539,0.094729,0.0,281972
bookTicker,88821,0.152949,0.0,281972
bookTicker,89103,0.099519,1.000,281972
bookTicker,89385,105.003566,75.000,281972
bookTicker,89667,0.071659,4.000,281972
bookTicker,89949,0.092451,14.000,281972
bookTicker,90231,31.945839,31.000,281972
bookTicker,90513,0.094195,0.0,281972
bookTicker,90794,0.250834,0.0,281972
bookTicker,91076,0.113882,37.000,281972
bookTicker,91358,9.648974,9.000,281972
bookTicker,91640,0.072409,0.0,281972
bookTicker,91922,0.071797,56.000,281972
bookTicker,92204,0.076768,1.000,281972
bookTicker,92486,0.078382,10.00,281972
bookTicker,92768,0.092078,0.0,281972
bookTicker,93050,0.113353,0.0,281972
bookTicker,93332,0.376915,0.0,281972
bookTicker,93614,0.160014,2.000,281972
bookTicker,93896,0.163215,0.0,281972
bookTicker,94178,0.093552,0.0,281972
bookTicker,94460,0.092325,0.0,281972
bookTicker,94742,0.100579,0.0,281972
bookTicker,95024,0.134824,0.0,281972
bookTicker,95306,2.095847,2.000,281972
bookTicker,95588,0.143536,1.000,281972
bookTicker,95870,1.565889,1.000,281972
bookTicker,96152,0.096766,0.0,281972
bookTicker,96434,0.103448,1.000,281972
bookTicker,96716,0.099267,0.0,281972
bookTicker,96998,0.092159,3.000,281972
bookTicker,97280,0.422857,1.000,281972
bookTicker,97562,0.104683,0.0,281972
bookTicker,97844,8.442183,9.000,281972
bookTicker,98126,0.102077,0.0,281972
bookTicker,98408,0.095978,0.0,281972
bookTicker,98690,0.103631,0.0,281972
bookTicker,98972,0.130126,0.0,281972
bookTicker,99254,0.13083,1.000,281972
bookTicker,99536,5.168865,5.000,281972
bookTicker,99818,0.151983,1.000,281972
bookTicker,100100,0.091833,0.0,281972
bookTicker,100382,0.129597,0.0,281972
bookTicker,100664,1.261306,2.000,281972
bookTicker,100945,0.093275,0.0,281972
bookTicker,101227,15.450581,15.000,281972
bookTicker,101509,0.140289,0.0,281972
bookTicker,101791,0.172082,0.0,281972
bookTicker,102073,0.114551,0.0,281972
bookTicker,102355,0.093584,1.000,281972
bookTicker,102637,4.43823,5.000,281972
bookTicker,102919,0.09572,0.0,281972
bookTicker,103201,0.178098,0.0,281972
bookTicker,103483,0.116886,0.0,281972
bookTicker,103765,0.094412,0.0,281972
bookTicker,104047,37.844333,38.000,281972
bookTicker,104329,32.958102,22.000,281972
bookTicker,104611,0.083899,0.0,281972
bookTicker,104893,22.460352,23.000,281972
bookTicker,105175,0.0994,0.0,281972
bookTicker,105457,0.125532,1.000,281972
bookTicker,105739,0.178593,2.000,281972
bookTicker,106021,0.097353,0.0,281972
bookTicker,106303,0.093892,0.0,281972
bookTicker,106585,0.091493,0.0,281972
bookTicker,106867,117.963238,117.000,281972
bookTicker,107149,0.10652,0.0,281972
bookTicker,107431,0.092653,0.0,281972
bookTicker,107713,0.075092,0.0,281972
bookTicker,107995,0.103222,0.0,281972
bookTicker,108277,0.133966,0.0,281972
bookTicker,108559,0.091867,0.0,281972
bookTicker,108841,0.09661,0.0,281972
bookTicker,109123,0.150393,0.0,281972
bookTicker,109405,0.088593,0.0,281972
bookTicker,109687,0.112952,1.000,281972
bookTicker,109969,0.09397,0.0,281972
bookTicker,110251,0.113274,1.000,281972
bookTicker,110533,103.016638,97.000,281972
bookTicker,110814,0.136605,0.0,281972
bookTicker,111096,0.132057,28.000,281972
bookTicker,111378,0.117801,3.000,281972
bookTicker,111660,3.184524,3.000,281972
bookTicker,111942,0.139926,0.0,281972
bookTicker,112224,0.150828,0.0,281972
bookTicker,112506,0.099131,1.000,281972
bookTicker,112788,0.094773,1.000,281972
bookTicker,113070,0.140344,3.000,281972
bookTicker,113352,105.7306,100.0,281972
bookTicker,113634,0.160916,0.0,281972
bookTicker,113916,0.095135,0.0,281972
bookTicker,114198,0.178259,2.000,281972
bookTicker,114480,0.102135,4.000,281972
bookTicker,114762,0.091848,0.0,281972
bookTicker,115044,21.355887,19.000,281972
bookTicker,115326,0.096654,0.0,281972
bookTicker,115608,0.108772,0.0,281972
bookTicker,115890,0.095541,0.0,281972
bookTicker,116172,0.289555,1.000,281972
bookTicker,116454,0.149216,1.000,281972
bookTicker,116736,0.09101,0.0,281972
bookTicker,117018,0.092725,1.000,281972
bookTicker,117300,0.101319,0.0,281972
bookTicker,117582,0.091071,0.0,281972
bookTicker,117864,0.137626,0.0,281972
bookTicker,118146,0.090771,0.0,281972
bookTicker,118428,0.092755,0.0,281972
bookTicker,118710,0.141188,1.000,281972
bookTicker,118992,0.091498,0.0,281972
bookTicker,119274,21.889954,22.000,281972
bookTicker,119556,0.096716,0.0,281972
bookTicker,119838,3.966983,3.000,281972
bookTicker,120120,0.123095,0.0,281972
bookTicker,120402,0.101086,0.0,281972
bookTicker,120684,0.063727,0.0,281972
bookTicker,120965,0.088525,0.0,281972
bookTicker,121247,0.096207,0.0,281972
bookTicker,121529,0.093802,0.0,281972
bookTicker,121811,15.701109,0.0,281972
bookTicker,122093,2.823176,2.000,281972
bookTicker,122375,0.073277,1.000,281972
bookTicker,122657,166.256995,87.000,281972
bookTicker,122939,0.192205,0.0,281972
bookTicker,123221,0.148233,12.000,281972
bookTicker,123503,0.095142,0.0,281972
bookTicker,123785,0.105908,0.0,281972
bookTicker,124067,0.141661,0.0,281972
bookTicker,124349,2.175212,1.000,281972
bookTicker,124631,4.114926,5.000,281972
bookTicker,124913,0.103368,0.0,281972
bookTicker,125195,0.093538,0.0,281972
bookTicker,125477,0.175757,0.0,281972
bookTicker,125759,0.097206,0.0,281972
bookTicker,126041,0.104456,0.0,281972
bookTicker,126323,0.092662,0.0,281972
bookTicker,126605,0.093297,0.0,281972
bookTicker,126887,25.262047,25.000,281972
bookTicker,127169,0.092622,0.0,281972
bookTicker,127451,3.952254,5.000,281972
bookTicker,127733,0.099061,1.000,281972
bookTicker,128015,0.092853,1.000,281972
bookTicker,128297,59.498054,59.000,281972
bookTicker,128579,88.831798,90.00,281972
bookTicker,128861,0.091345,1.000,281972
bookTicker,129143,0.137248,0.0,281972
bookTicker,129425,0.100088,2.000,281972
bookTicker,129707,0.092839,0.0,281972
bookTicker,129989,0.071366,0.0,281972
bookTicker,130271,0.173264,1.000,281972
bookTicker,130553,0.174529,0.0,281972
bookTicker,130835,0.112995,0.0,281972
bookTicker,131116,0.099308,0.0,281972
bookTicker,131398,0.084897,0.0,281972
bookTicker,131680,0.064324,0.0,281972
bookTicker,131962,0.096513,0.0,281972
bookTicker,132244,0.097135,0.0,281972
bookTicker,132526,1.805966,0.0,281972
bookTicker,132808,0.092631,0.0,281972
bookTicker,133090,0.088718,26.000,281972
bookTicker,133372,0.386718,0.0,281972
bookTicker,133654,0.09787,10.00,281972
bookTicker,133936,0.110364,0.0,281972
bookTicker,134218,15.619762,16.000,281972
bookTicker,134500,0.094577,0.0,281972
bookTicker,134782,11.839005,13.000,281972
bookTicker,135064,0.096242,0.0,281972
bookTicker,135346,0.115363,0.0,281972
bookTicker,135628,0.105011,0.0,281972
bookTicker,135910,0.092077,0.0,281972
bookTicker,136192,2.863648,2.000,281972
bookTicker,136474,25.576946,26.000,281972
bookTicker,136756,187.479536,165.000,281972
bookTicker,137038,0.092232,0.0,281972
bookTicker,137320,0.091788,1.000,281972
bookTicker,137602,0.094394,2.000,281972
bookTicker,137884,0.097755,0.0,281972
bookTicker,138166,0.096237,0.0,281972
bookTicker,138448,0.104435,0.0,281972
bookTicker,138730,0.256298,0.0,281972
bookTicker,139012,0.098004,0.0,281972
bookTicker,139294,0.093152,0.0,281972
bookTicker,139576,0.091714,0.0,281972
bookTicker,139858,0.165837,1.000,281972
bookTicker,140140,0.091809,0.0,281972
bookTicker,140422,0.170608,0.0,281972
bookTicker,140704,0.097294,0.0,281972
bookTicker,140986,0.093641,5.000,281972
bookTicker,141267,0.145324,6.000,281972
bookTicker,141549,0.095093,0.0,281972
bookTicker,141831,0.258273,1.000,281972
bookTicker,142113,0.155581,0.0,281972
bookTicker,142395,0.091042,0.0,281972
bookTicker,142677,0.116708,0.0,281972
bookTicker,142959,0.323404,0.0,281972
bookTicker,143241,3.397158,3.000,281972
bookTicker,143523,0.092766,1.000,281972
bookTicker,143805,0.095283,0.0,281972
bookTicker,144087,0.09577,0.0,281972
bookTicker,144369,0.093185,0.0,281972
bookTicker,144651,34.676085,35.000,281972
bookTicker,144933,0.247248,1.000,281972
bookTicker,145215,0.094903,0.0,281972
bookTicker,145497,0.094721,1.000,281972
bookTicker,145779,1.975817,1.000,281972
bookTicker,146061,0.096902,1.000,281972
bookTicker,146343,0.140098,21.000,281972
bookTicker,146625,0.091555,0.0,281972
bookTicker,146907,0.094893,1.000,281972
bookTicker,147189,0.175719,1.000,281972
bookTicker,147471,0.099751,0.0,281972
bookTicker,147753,0.099979,0.0,281972
bookTicker,148035,0.074775,0.0,281972
bookTicker,148317,0.06782,0.0,281972
bookTicker,148599,0.174167,2.000,281972
bookTicker,148881,0.094677,0.0,281972
bookTicker,149163,0.099326,0.0,281972
bookTicker,149445,0.242561,2.000,281972
bookTicker,149727,0.113046,0.0,281972
bookTicker,150009,0.09157,0.0,281972
bookTicker,150291,0.141257,12.000,281972
bookTicker,150573,1.60181,1.000,281972
bookTicker,150855,0.098145,0.0,281972
bookTicker,151136,0.096401,0.0,281972
bookTicker,151418,102.577548,20.00,281972
bookTicker,151700,0.135253,0.0,281972
bookTicker,151982,0.092812,0.0,281972
bookTicker,152264,0.094763,0.0,281972
bookTicker,152546,0.098177,25.000,281972
bookTicker,152828,0.092237,0.0,281972
bookTicker,153110,0.092948,0.0,281972
bookTicker,153392,0.247723,0.0,281972
bookTicker,153674,0.101987,0.0,281972
bookTicker,153956,0.093365,0.0,281972
bookTicker,154238,1.713254,1.000,281972
bookTicker,154520,0.110567,0.0,281972
bookTicker,154802,0.094686,0.0,281972
bookTicker,155084,0.149875,0.0,281972
bookTicker,155366,0.162782,0.0,281972
bookTicker,155648,0.089124,0.0,281972
bookTicker,155930,0.106776,0.0,281972
bookTicker,156212,0.302809,0.0,281972
bookTicker,156494,0.09503,1.000,281972
bookTicker,156776,0.091675,0.0,281972
bookTicker,157058,0.103641,0.0,281972
bookTicker,157340,0.094145,1.000,281972
bookTicker,157622,0.068989,0.0,281972
bookTicker,157904,0.067311,0.0,281972
bookTicker,158186,0.111858,0.0,281972
bookTicker,158468,0.09914,0.0,281972
bookTicker,158750,0.095902,0.0,281972
bookTicker,159032,0.114875,0.0,281972
bookTicker,159314,22.683112,23.000,281972
bookTicker,159596,0.092663,0.0,281972
bookTicker,159878,0.096531,0.0,281972
bookTicker,160160,0.093673,0.0,281972
bookTicker,160442,0.143748,0.0,281972
bookTicker,160724,0.101714,0.0,281972
bookTicker,161006,0.094644,1.000,281972
bookTicker,161287,0.099639,0.0,281972
bookTicker,161569,0.096018,0.0,281972
bookTicker,161851,145.009319,145.000,281972
bookTicker,162133,0.117675,0.0,281972
bookTicker,162415,0.107317,1.000,281972
bookTicker,162697,0.101372,0.0,281972
bookTicker,162979,35.844461,36.000,281972
bookTicker,163261,0.093166,0.0,281972
bookTicker,163543,11.500739,10.00,281972
bookTicker,163825,0.091303,0.0,281972
bookTicker,164107,0.101656,0.0,281972
bookTicker,164389,17.104548,16.000,281972
bookTicker,164671,0.099419,0.0,281972
bookTicker,164953,0.152714,0.0,281972
bookTicker,165235,5.168784,5.000,281972
bookTicker,165517,0.125117,0.0,281972
bookTicker,165799,0.114353,0.0,281972
bookTicker,166081,0.096444,0.0,281972
bookTicker,166363,0.105722,1.000,281972
bookTicker,166645,0.128816,4.000,281972
bookTicker,166927,0.098693,0.0,281972
bookTicker,167209,0.092933,0.0,281972
bookTicker,167491,0.368863,1.000,281972
bookTicker,167773,0.11271,0.0,281972
bookTicker,168055,0.092779,1.000,281972
bookTicker,168337,0.092777,1.000,281972
bookTicker,168619,0.092693,0.0,281972
bookTicker,168901,0.101017,0.0,281972
bookTicker,169183,0.094332,0.0,281972
bookTicker,169465,0.095324,0.0,281972
bookTicker,169747,0.094811,0.0,281972
bookTicker,170029,0.100524,0.0,281972
bookTicker,170311,0.098612,1.000,281972
bookTicker,170593,0.093187,0.0,281972
bookTicker,170875,0.143407,10.00,281972
bookTicker,171157,0.091559,0.0,281972
bookTicker,171438,0.115968,0.0,281972
bookTicker,171720,0.098176,0.0,281972
bookTicker,172002,0.09752,0.0,281972
bookTicker,172284,0.13023,1.000,281972
bookTicker,172566,0.166797,0.0,281972
bookTicker,172848,0.099201,0.0,281972
bookTicker,173130,0.119314,0.0,281972
bookTicker,173412,0.109748,0.0,281972
bookTicker,173694,0.107203,0.0,281972
bookTicker,173976,0.100826,2.000,281972
bookTicker,174258,0.338972,0.0,281972
bookTicker,174540,0.158491,0.0,281972
bookTicker,174822,0.097772,0.0,281972
bookTicker,175104,0.091849,0.0,281972
bookTicker,175386,0.158373,4.000,281972
bookTicker,175668,0.093506,0.0,281972
bookTicker,175950,0.092751,0.0,281972
bookTicker,176232,0.098071,0.0,281972
bookTicker,176514,0.100312,0.0,281972
bookTicker,176796,0.10135,1.000,281972
bookTicker,177078,0.098128,0.0,281972
bookTicker,177360,0.093345,0.0,281972
bookTicker,177642,173.728669,173.000,281972
bookTicker,177924,4.220823,4.000,281972
bookTicker,178206,0.097518,1.000,281972
bookTicker,178488,0.102702,0.0,281972
bookTicker,178770,0.096008,0.0,281972
bookTicker,179052,29.597282,57.000,281972
bookTicker,179334,32.109684,58.000,281972
bookTicker,179616,1.380651,31.000,281972
bookTicker,179898,0.162043,2.000,281972
bookTicker,180180,0.099857,1.000,281972
bookTicker,180462,0.09313,0.0,281972
bookTicker,180744,0.113774,1.000,281972
bookTicker,181026,3.277258,4.000,281972
bookTicker,181307,0.099734,0.0,281972
bookTicker,181589,0.101084,0.0,281972
bookTicker,181871,0.109073,0.0,281972
bookTicker,182153,23.563882,74.000,281972
bookTicker,182435,0.111257,0.0,281972
bookTicker,182717,2.045545,2.000,281972
bookTicker,182999,0.101896,3.000,281972
bookTicker,183281,0.114216,0.0,281972
bookTicker,183563,0.10065,0.0,281972
bookTicker,183845,0.105689,0.0,281972
bookTicker,184127,13.66111,65.000,281972
bookTicker,184409,0.098371,0.0,281972
bookTicker,184691,8.276042,8.000,281972
bookTicker,184973,0.100769,0.0,281972
bookTicker,185255,0.095691,0.0,281972
bookTicker,185537,0.147894,0.0,281972
bookTicker,185819,3.429062,2.000,281972
bookTicker,186101,3.647268,4.000,281972
bookTicker,186383,0.100245,0.0,281972
bookTicker,186665,0.155281,0.0,281972
bookTicker,186947,13.911173,14.000,281972
bookTicker,187229,13.268653,13.000,281972
bookTicker,187511,0.249328,1.000,281972
bookTicker,187793,0.107326,0.0,281972
bookTicker,188075,0.092067,0.0,281972
bookTicker,188357,0.088671,0.0,281972
bookTicker,188639,0.068312,1.000,281972
bookTicker,188921,0.160147,1.000,281972
bookTicker,189203,120.573934,33.000,281972
bookTicker,189485,3.504868,4.000,281972
bookTicker,189767,0.083948,0.0,281972
bookTicker,190049,0.093307,0.0,281972
bookTicker,190331,0.113387,0.0,281972
bookTicker,190613,0.09097,0.0,281972
bookTicker,190895,0.098502,0.0,281972
bookTicker,191177,0.111817,2.000,281972
bookTicker,191458,0.097712,0.0,281972
bookTicker,191740,0.109673,0.0,281972
bookTicker,192022,0.093465,0.0,281972
bookTicker,192304,0.067476,0.0,281972
bookTicker,192586,0.247959,0.0,281972
bookTicker,192868,0.087056,0.0,281972
bookTicker,193150,0.108729,0.0,281972
bookTicker,193432,0.387831,1.000,281972
bookTicker,193714,0.214322,0.0,281972
bookTicker,193996,0.063207,0.0,281972
bookTicker,194278,23.323124,21.000,281972
bookTicker,194560,0.086178,0.0,281972
bookTicker,194842,0.399723,0.0,281972
bookTicker,195124,0.084263,0.0,281972
bookTicker,195406,0.092828,0.0,281972
bookTicker,195688,0.07176,0.0,281972
bookTicker,195970,0.092759,0.0,281972
bookTicker,196252,0.072653,0.0,281972
bookTicker,196534,11.667775,12.000,281972
bookTicker,196816,0.093094,0.0,281972
bookTicker,197098,0.090038,0.0,281972
bookTicker,197380,0.075574,0.0,281972
bookTicker,197662,0.065938,1.000,281972
bookTicker,197944,0.069493,0.0,281972
bookTicker,198226,0.092288,12.000,281972
bookTicker,198508,4.009996,1.000,281972
bookTicker,198790,0.090927,1.000,281972
bookTicker,199072,0.081398,0.0,281972
bookTicker,199354,0.083046,0.0,281972
bookTicker,199636,0.109275,0.0,281972
bookTicker,199918,0.068921,2.000,281972
bookTicker,200200,0.064442,0.0,281972
bookTicker,200482,0.085462,0.0,281972
bookTicker,200764,0.093256,0.0,281972
bookTicker,201046,0.091458,3.000,281972
bookTicker,201328,0.089364,0.0,281972
bookTicker,201609,0.167905,6.000,281972
bookTicker,201891,0.090605,0.0,281972
bookTicker,202173,0.083456,0.0,281972
bookTicker,202455,0.066479,0.0,281972
bookTicker,202737,0.065452,0.0,281972
bookTicker,203019,0.163442,1.000,281972
bookTicker,203301,0.095254,0.0,281972
bookTicker,203583,0.090451,4.000,281972
bookTicker,203865,0.093156,0.0,281972
bookTicker,204147,0.094021,0.0,281972
bookTicker,204429,0.108923,0.0,281972
bookTicker,204711,0.064743,0.0,281972
bookTicker,204993,0.097949,0.0,281972
bookTicker,205275,0.112483,1.000,281972
bookTicker,205557,0.099865,0.0,281972
bookTicker,205839,0.156914,26.000,281972
bookTicker,206121,16.760126,18.000,281972
bookTicker,206403,0.093456,0.0,281972
bookTicker,206685,34.359961,43.000,281972
bookTicker,206967,0.086618,0.0,281972
bookTicker,207249,0.151107,0.0,281972
bookTicker,207531,0.093511,0.0,281972
bookTicker,207813,0.078009,0.0,281972
bookTicker,208095,0.069278,0.0,281972
bookTicker,208377,0.088184,0.0,281972
bookTicker,208659,0.066565,0.0,281972
bookTicker,208941,0.065917,1.000,281972
bookTicker,209223,0.070019,0.0,281972
bookTicker,209505,0.068777,0.0,281972
bookTicker,209787,0.092863,0.0,281972
bookTicker,210069,0.080015,0.0,281972
bookTicker,210351,0.153773,1.000,281972
bookTicker,210633,0.091179,1.000,281972
bookTicker,210915,0.064355,0.0,281972
bookTicker,211197,0.063626,0.0,281972
bookTicker,211479,0.091522,0.0,281972
bookTicker,211760,0.08487,0.0,281972
bookTicker,212042,0.064285,0.0,281972
bookTicker,212324,33.588466,1.000,281972
bookTicker,212606,85.055211,70.00,281972
bookTicker,212888,0.091862,0.0,281972
bookTicker,213170,0.113449,0.0,281972
bookTicker,213452,0.111324,0.0,281972
bookTicker,213734,0.072238,0.0,281972
bookTicker,214016,0.095556,2.000,281972
bookTicker,214298,0.070508,1.000,281972
bookTicker,214580,0.095564,0.0,281972
bookTicker,214862,0.090323,5.000,281972
bookTicker,215144,0.08491,0.0,281972
bookTicker,215426,0.071167,0.0,281972
bookTicker,215708,0.069135,0.0,281972
bookTicker,215990,0.08373,0.0,281972
bookTicker,216272,0.065346,3.000,281972
bookTicker,216554,0.113566,0.0,281972
bookTicker,216836,135.86188,208.000,281972
bookTicker,217118,0.09725,0.0,281972
bookTicker,217400,0.081172,0.0,281972
bookTicker,217682,0.121485,0.0,281972
bookTicker,217964,0.11899,0.0,281972
bookTicker,218246,1.267558,1.000,281972
bookTicker,218528,0.08895,0.0,281972
bookTicker,218810,0.147686,1.000,281972
bookTicker,219092,0.190043,0.0,281972
bookTicker,219374,0.091234,0.0,281972
bookTicker,219656,0.09398,0.0,281972
bookTicker,219938,0.111515,0.0,281972
bookTicker,220220,0.138648,1.000,281972
bookTicker,220502,0.111581,0.0,281972
bookTicker,220784,0.09405,0.0,281972
bookTicker,221066,0.064473,0.0,281972
bookTicker,221348,0.374747,1.000,281972
bookTicker,221629,7.306279,7.000,281972
bookTicker,221911,0.386668,1.000,281972
bookTicker,222193,0.119707,0.0,281972
bookTicker,222475,0.092731,1.000,281972
bookTicker,222757,0.084111,0.0,281972
bookTicker,223039,0.081609,0.0,281972
bookTicker,223321,0.083152,0.0,281972
bookTicker,223603,0.088755,0.0,281972
bookTicker,223885,0.114363,0.0,281972
bookTicker,224167,0.093367,0.0,281972
bookTicker,224449,0.09614,0.0,281972
bookTicker,224731,0.133386,2.000,281972
bookTicker,225013,0.085365,1.000,281972
bookTicker,225295,0.08843,0.0,281972
bookTicker,225577,0.167038,0.0,281972
bookTicker,225859,0.097341,0.0,281972
bookTicker,226141,0.094729,0.0,281972
bookTicker,226423,0.143739,1.000,281972
bookTicker,226705,0.247585,0.0,281972
bookTicker,226987,0.094016,0.0,281972
bookTicker,227269,0.230969,1.000,281972
bookTicker,227551,108.668193,109.000,281972
bookTicker,227833,0.062512,0.0,281972
bookTicker,228115,0.061764,0.0,281972
bookTicker,228397,0.092853,0.0,281972
bookTicker,228679,0.085206,0.0,281972
bookTicker,228961,0.152135,0.0,281972
bookTicker,229243,0.100852,0.0,281972
bookTicker,229525,0.394101,1.000,281972
bookTicker,229807,0.089226,0.0,281972
bookTicker,230089,6.593918,6.000,281972
bookTicker,230371,0.184201,1.000,281972
bookTicker,230653,0.111603,0.0,281972
bookTicker,230935,0.078177,0.0,281972
bookTicker,231217,0.087665,0.0,281972
bookTicker,231499,0.087743,0.0,281972
bookTicker,231780,4.313331,7.000,281972
bookTicker,232062,24.80535,26.000,281972
bookTicker,232344,0.187616,0.0,281972
bookTicker,232626,0.082658,0.0,281972
bookTicker,232908,0.138538,2.000,281972
bookTicker,233190,0.161206,3.000,281972
bookTicker,233472,0.114966,0.0,281972
bookTicker,233754,0.139781,0.0,281972
bookTicker,234036,0.084758,1.000,281972
bookTicker,234318,0.089127,0.0,281972
bookTicker,234600,0.092406,1.000,281972
bookTicker,234882,0.141091,0.0,281972
bookTicker,235164,0.090583,0.0,281972
bookTicker,235446,0.095702,0.0,281972
bookTicker,235728,0.085272,0.0,281972
bookTicker,236010,0.093108,0.0,281972
bookTicker,236292,0.160084,1.000,281972
bookTicker,236574,0.260468,0.0,281972
bookTicker,236856,0.120969,0.0,281972
bookTicker,237138,4.53983,5.000,281972
bookTicker,237420,4.802751,5.000,281972
bookTicker,237702,0.097783,1.000,281972
bookTicker,237984,0.109139,1.000,281972
bookTicker,238266,0.090096,0.0,281972
bookTicker,238548,29.177916,29.000,281972
bookTicker,238830,0.091772,0.0,281972
bookTicker,239112,0.150527,0.0,281972
bookTicker,239394,0.100997,0.0,281972
bookTicker,239676,1.45674,3.000,281972
bookTicker,239958,0.087036,0.0,281972
bookTicker,240240,0.15668,1.000,281972
bookTicker,240522,0.208755,1.000,281972
bookTicker,240804,0.120125,8.000,281972
bookTicker,241086,52.573846,51.000,281972
bookTicker,241368,0.171058,3.000,281972
bookTicker,241650,0.158301,1.000,281972
bookTicker,241931,0.087437,0.0,281972
bookTicker,242213,0.110508,0.0,281972
bookTicker,242495,0.095775,0.0,281972
bookTicker,242777,8.721463,9.000,281972
bookTicker,243059,0.109623,0.0,281972
bookTicker,243341,0.08432,0.0,281972
bookTicker,243623,0.088453,0.0,281972
bookTicker,243905,5.64254,6.000,281972
bookTicker,244187,0.400008,17.000,281972
bookTicker,244469,0.091541,0.0,281972
bookTicker,244751,0.272866,0.0,281972
bookTicker,245033,29.574507,45.000,281972
bookTicker,245315,0.14989,2.000,281972
bookTicker,245597,0.101233,0.0,281972
bookTicker,245879,0.164609,3.000,281972
bookTicker,246161,0.188608,1.000,281972
bookTicker,246443,0.096185,0.0,281972
bookTicker,246725,0.100396,0.0,281972
bookTicker,247007,0.086994,0.0,281972
bookTicker,247289,1.541902,2.000,281972
bookTicker,247571,0.092602,0.0,281972
bookTicker,247853,0.084506,5.000,281972
bookTicker,248135,0.089366,0.0,281972
bookTicker,248417,0.910384,19.000,281972
bookTicker,248699,0.146268,4.000,281972
bookTicker,248981,2.85516,3.000,281972
bookTicker,249263,0.093587,0.0,281972
bookTicker,249545,0.093178,0.0,281972
bookTicker,249827,47.009763,46.000,281972
bookTicker,250109,0.083749,0.0,281972
bookTicker,250391,21.956935,23.000,281972
bookTicker,250673,0.083365,0.0,281972
bookTicker,250955,19.945929,20.00,281972
bookTicker,251237,0.371433,0.0,281972
bookTicker,251519,0.092069,14.000,281972
bookTicker,251800,156.42953,96.000,281972
bookTicker,252082,0.090086,0.0,281972
bookTicker,252364,0.084636,0.0,281972
bookTicker,252646,0.093897,0.0,281972
bookTicker,252928,22.142567,21.000,281972
bookTicker,253210,18.819455,45.000,281972
bookTicker,253492,0.395739,1.000,281972
bookTicker,253774,0.091239,0.0,281972
bookTicker,254056,107.124638,105.000,281972
bookTicker,254338,0.094967,0.0,281972
bookTicker,254620,0.100988,0.0,281972
bookTicker,254902,0.067301,0.0,281972
bookTicker,255184,0.089645,0.0,281972
bookTicker,255466,215.339459,132.000,281972
bookTicker,255748,0.129706,1.000,281972
bookTicker,256030,0.081416,0.0,281972
bookTicker,256312,0.084061,0.0,281972
bookTicker,256594,3.173659,4.000,281972
bookTicker,256876,0.092175,0.0,281972
bookTicker,257158,0.389484,1.000,281972
bookTicker,257440,0.157558,0.0,281972
bookTicker,257722,0.316509,25.000,281972
bookTicker,258004,0.119772,1.000,281972
bookTicker,258286,0.090214,0.0,281972
bookTicker,258568,0.142333,14.000,281972
bookTicker,258850,92.299261,6.000,281972
bookTicker,259132,0.087091,0.0,281972
bookTicker,259414,0.093984,0.0,281972
bookTicker,259696,0.065361,0.0,281972
bookTicker,259978,0.065327,0.0,281972
bookTicker,260260,0.09209,0.0,281972
bookTicker,260542,0.08445,0.0,281972
bookTicker,260824,0.095598,0.0,281972
bookTicker,261106,0.083157,0.0,281972
bookTicker,261388,0.083451,0.0,281972
bookTicker,261670,0.120628,0.0,281972
bookTicker,261951,0.145251,0.0,281972
bookTicker,262233,0.082811,0.0,281972
bookTicker,262515,0.091986,0.0,281972
bookTicker,262797,0.094581,0.0,281972
bookTicker,263079,0.084293,0.0,281972
bookTicker,263361,0.09484,0.0,281972
bookTicker,263643,0.084898,0.0,281972
bookTicker,263925,0.098336,0.0,281972
bookTicker,264207,0.097388,0.0,281972
bookTicker,264489,0.078747,0.0,281972
bookTicker,264771,0.100941,0.0,281972
bookTicker,265053,0.113161,1.000,281972
bookTicker,265335,0.380233,1.000,281972
bookTicker,265617,0.067222,0.0,281972
bookTicker,265899,0.089481,0.0,281972
bookTicker,266181,0.220704,0.0,281972
bookTicker,266463,172.662456,147.000,281972
bookTicker,266745,0.100874,0.0,281972
bookTicker,267027,0.092562,0.0,281972
bookTicker,267309,0.141864,0.0,281972
bookTicker,267591,0.094898,0.0,281972
bookTicker,267873,0.079325,0.0,281972
bookTicker,268155,2.443501,2.000,281972
bookTicker,268437,5.495425,6.000,281972
bookTicker,268719,0.175366,1.000,281972
bookTicker,269001,0.660266,36.000,281972
bookTicker,269283,0.065603,0.0,281972
bookTicker,269565,0.234,3.000,281972
bookTicker,269847,3.403791,4.000,281972
bookTicker,270129,0.09529,0.0,281972
bookTicker,270411,94.360757,7.000,281972
bookTicker,270693,0.09257,0.0,281972
bookTicker,270975,6.865101,1.000,281972
bookTicker,271257,0.09463,1.000,281972
bookTicker,271539,0.202468,0.0,281972
bookTicker,271821,0.254833,2.000,281972
bookTicker,272102,0.102236,1.000,281972
bookTicker,272384,0.090705,0.0,281972
bookTicker,272666,0.066474,0.0,281972
bookTicker,272948,0.161014,1.000,281972
bookTicker,273230,0.370332,1.000,281972
bookTicker,273512,214.361154,134.000,281972
bookTicker,273794,0.101021,0.0,281972
bookTicker,274076,0.09921,2.000,281972
bookTicker,274358,19.755111,20.00,281972
bookTicker,274640,0.122538,0.0,281972
bookTicker,274922,78.990111,79.000,281972
bookTicker,275204,0.148584,3.000,281972
bookTicker,275486,0.173412,0.0,281972
bookTicker,275768,0.196949,1.000,281972
bookTicker,276050,20.056823,20.00,281972
bookTicker,276332,0.389185,1.000,281972
bookTicker,276614,0.091954,0.0,281972
bookTicker,276896,0.093307,0.0,281972
bookTicker,277178,25.633608,2.000,281972
bookTicker,277460,0.244482,49.000,281972
bookTicker,277742,0.092815,1.000,281972
bookTicker,278024,0.112597,1.000,281972
bookTicker,278306,0.097336,0.0,281972
bookTicker,278588,0.161073,0.0,281972
bookTicker,278870,0.084721,0.0,281972
bookTicker,279152,0.112513,0.0,281972
bookTicker,279434,0.110028,0.0,281972
bookTicker,279716,13.574339,13.000,281972
bookTicker,279998,10.791105,10.00,281972
bookTicker,280280,0.184654,0.0,281972
bookTicker,280562,0.158376,0.0,281972
bookTicker,280844,0.082721,0.0,281972
bookTicker,281126,0.09649,1.000,281972
bookTicker,281408,0.096769,0.0,281972
bookTicker,281690,0.091406,3.000,281972
aggTrade,0,220.684819,246.000,9062
aggTrade,9,379.647322,371.000,9062
aggTrade,18,372.035815,313.000,9062
aggTrade,27,116.686753,151.000,9062
aggTrade,36,0.136526,0.0,9062
aggTrade,45,0.111932,0.0,9062
aggTrade,54,0.119882,0.0,9062
aggTrade,63,62.437306,61.000,9062
aggTrade,72,0.16284,0.0,9062
aggTrade,81,0.11784,3.000,9062
aggTrade,90,0.112506,0.0,9062
aggTrade,99,596.6934,573.000,9062
aggTrade,108,0.12003,0.0,9062
aggTrade,117,206.846653,151.000,9062
aggTrade,126,0.147694,7.000,9062
aggTrade,135,0.116516,0.0,9062
aggTrade,144,0.098637,13.000,9062
aggTrade,154,1917.437193,1867.000,9062
aggTrade,163,0.18323,91.000,9062
aggTrade,172,0.127587,36.000,9062
aggTrade,181,1302.711871,1284.000,9062
aggTrade,190,0.112028,0.0,9062
aggTrade,199,46.965747,9.000,9062
aggTrade,208,0.080057,8.000,9062
aggTrade,217,29.485071,29.000,9062
aggTrade,226,219.220472,191.000,9062
aggTrade,235,214.256415,214.000,9062
aggTrade,244,749.420102,778.000,9062
aggTrade,253,627.240314,629.000,9062
aggTrade,262,943.419999,911.000,9062
aggTrade,271,846.208109,857.000,9062
aggTrade,280,0.105135,0.0,9062
aggTrade,289,0.103374,1.000,9062
aggTrade,299,129.472993,152.000,9062
aggTrade,308,132.473566,131.000,9062
aggTrade,317,0.106366,0.0,9062
aggTrade,326,2658.019222,2659.000,9062
aggTrade,335,0.103144,0.0,9062
aggTrade,344,0.097805,0.0,9062
aggTrade,353,0.117958,94.000,9062
aggTrade,362,0.111854,0.0,9062
aggTrade,371,0.09905,1.000,9062
aggTrade,380,1197.417495,1177.000,9062
aggTrade,389,0.114711,0.0,9062
aggTrade,398,0.102123,0.0,9062
aggTrade,407,0.110717,0.0,9062
aggTrade,416,0.097346,0.0,9062
aggTrade,425,0.119062,0.0,9062
aggTrade,434,120.871132,111.000,9062
aggTrade,444,150.213876,151.000,9062
aggTrade,453,278.686022,290.00,9062
aggTrade,462,32.108788,20.00,9062
aggTrade,471,0.09805,0.0,9062
aggTrade,480,0.105976,0.0,9062
aggTrade,489,0.130208,0.0,9062
aggTrade,498,0.127184,0.0,9062
aggTrade,507,126.618806,151.000,9062
aggTrade,516,0.104802,0.0,9062
aggTrade,525,105.006054,151.000,9062
aggTrade,534,0.111989,3.000,9062
aggTrade,543,0.124346,0.0,9062
aggTrade,552,436.774848,438.000,9062
aggTrade,561,378.410656,378.000,9062
aggTrade,570,346.699842,385.000,9062
aggTrade,579,604.599358,565.000,9062
aggTrade,589,513.321493,514.000,9062
aggTrade,598,411.746595,413.000,9062
aggTrade,607,41.904186,0.0,9062
aggTrade,616,0.124217,0.0,9062
aggTrade,625,0.107871,0.0,9062
aggTrade,634,0.073993,8.000,9062
aggTrade,643,0.104004,0.0,9062
aggTrade,652,383.800931,283.000,9062
aggTrade,661,0.10441,0.0,9062
aggTrade,670,0.127732,0.0,9062
aggTrade,679,833.763033,872.000,9062
aggTrade,688,135.986894,151.000,9062
aggTrade,697,352.573414,367.000,9062
aggTrade,706,1065.239237,1088.000,9062
aggTrade,715,191.989047,193.000,9062
aggTrade,724,427.921216,428.000,9062
aggTrade,734,1155.259554,1193.000,9062
aggTrade,743,266.793459,243.000,9062
aggTrade,752,243.282916,202.000,9062
aggTrade,761,451.393254,367.000,9062
aggTrade,770,16.481069,31.000,9062
aggTrade,779,0.114059,0.0,9062
aggTrade,788,0.103375,10.00,9062
aggTrade,797,383.797485,384.000,9062
aggTrade,806,0.1901,0.0,9062
aggTrade,815,0.103562,0.0,9062
aggTrade,824,0.138969,0.0,9062
aggTrade,833,544.535741,520.00,9062
aggTrade,842,436.159736,381.000,9062
aggTrade,851,171.898595,172.000,9062
aggTrade,860,296.934103,297.000,9062
aggTrade,869,853.969951,838.000,9062
aggTrade,879,1833.406587,1833.000,9062
aggTrade,888,107.474607,152.000,9062
aggTrade,897,0.111746,0.0,9062
aggTrade,906,0.111712,0.0,9062
aggTrade,915,132.581224,287.000,9062
aggTrade,924,0.111484,0.0,9062
aggTrade,933,153.176398,169.000,9062
aggTrade,942,0.119754,0.0,9062
aggTrade,951,135.902717,33.000,9062
aggTrade,960,0.102214,0.0,9062
aggTrade,969,0.110717,1.000,9062
aggTrade,978,0.103645,3.000,9062
aggTrade,987,159.312816,151.000,9062
aggTrade,996,0.116375,0.0,9062
aggTrade,1005,0.107193,3.000,9062
aggTrade,1014,150.952246,151.000,9062
aggTrade,1024,693.664425,580.00,9062
aggTrade,1033,682.651381,715.000,9062
aggTrade,1042,766.028494,766.000,9062
aggTrade,1051,243.597721,236.000,9062
aggTrade,1060,230.054197,151.000,9062
aggTrade,1069,0.117447,0.0,9062
aggTrade,1078,1135.50245,1136.000,9062
aggTrade,1087,204.8324,151.000,9062
aggTrade,1096,378.659803,286.000,9062
aggTrade,1105,220.42267,210.00,9062
aggTrade,1114,260.681244,181.000,9062
aggTrade,1123,205.2795,184.000,9062
aggTrade,1132,0.099776,0.0,9062
aggTrade,1141,0.103551,0.0,9062
aggTrade,1150,150.410128,151.000,9062
aggTrade,1159,535.307094,601.000,9062
aggTrade,1168,0.097876,0.0,9062
aggTrade,1178,0.095264,0.0,9062
aggTrade,1187,0.174011,9.000,9062
aggTrade,1196,23.968591,27.000,9062
aggTrade,1205,0.106726,2.000,9062
aggTrade,1214,166.693283,165.000,9062
aggTrade,1223,308.61745,301.000,9062
aggTrade,1232,99.327351,4.000,9062
aggTrade,1241,0.129003,0.0,9062
aggTrade,1250,0.097887,0.0,9062
aggTrade,1259,0.115089,0.0,9062
aggTrade,1268,432.970794,445.000,9062
aggTrade,1277,151.974306,152.000,9062
aggTrade,1286,2159.360028,2160.00,9062
aggTrade,1295,203.494701,204.000,9062
aggTrade,1304,320.38387,289.000,9062
aggTrade,1313,1039.441851,565.000,9062
aggTrade,1323,0.09987,0.0,9062
aggTrade,1332,0.113527,0.0,9062
aggTrade,1341,154.058549,152.000,9062
aggTrade,1350,845.957817,796.000,9062
aggTrade,1359,531.833533,528.000,9062
aggTrade,1368,0.101301,0.0,9062
aggTrade,1377,524.626839,548.000,9062
aggTrade,1386,149.25679,151.000,9062
aggTrade,1395,621.322864,638.000,9062
aggTrade,1404,361.582815,363.000,9062
aggTrade,1413,0.111118,0.0,9062
aggTrade,1422,535.609204,656.000,9062
aggTrade,1431,0.547591,0.0,9062
aggTrade,1440,0.103882,4.000,9062
aggTrade,1449,819.056169,795.000,9062
aggTrade,1458,102.831344,161.000,9062
aggTrade,1468,0.102198,0.0,9062
aggTrade,1477,0.107028,0.0,9062
aggTrade,1486,0.109886,1.000,9062
aggTrade,1495,0.108281,0.0,9062
aggTrade,1504,0.147016,0.0,9062
aggTrade,1513,140.941333,93.000,9062
aggTrade,1522,0.10421,4.000,9062
aggTrade,1531,0.096986,0.0,9062
aggTrade,1540,0.106311,0.0,9062
aggTrade,1549,0.095751,10.00,9062
aggTrade,1558,255.058576,183.000,9062
aggTrade,1567,379.99258,365.000,9062
aggTrade,1576,540.348105,485.000,9062
aggTrade,1585,151.377145,152.000,9062
aggTrade,1594,480.155497,480.00,9062
aggTrade,1603,570.043821,610.00,9062
aggTrade,1613,628.664255,653.000,9062
aggTrade,1622,602.283844,602.000,9062
aggTrade,1631,0.15019,0.0,9062
aggTrade,1640,0.106909,0.0,9062
aggTrade,1649,0.136539,6.000,9062
aggTrade,1658,1283.253742,1284.000,9062
aggTrade,1667,1171.870847,1172.000,9062
aggTrade,1676,123.077919,151.000,9062
aggTrade,1685,0.105817,0.0,9062
aggTrade,1694,179.248596,161.000,9062
aggTrade,1703,0.097439,0.0,9062
aggTrade,1712,295.954909,266.000,9062
aggTrade,1721,0.186017,151.000,9062
aggTrade,1730,0.103899,0.0,9062
aggTrade,1739,0.100938,0.0,9062
aggTrade,1748,495.39491,14.000,9062
aggTrade,1758,0.103218,0.0,9062
aggTrade,1767,0.126058,0.0,9062
aggTrade,1776,0.101784,10.00,9062
aggTrade,1785,0.15591,0.0,9062
aggTrade,1794,52.885533,151.000,9062
aggTrade,1803,302.271253,281.000,9062
aggTrade,1812,0.157755,0.0,9062
aggTrade,1821,1184.586387,1167.000,9062
aggTrade,1830,1048.739189,1025.000,9062
aggTrade,1839,2488.409162,2442.000,9062
aggTrade,1848,685.818573,687.000,9062
aggTrade,1857,0.1024,0.0,9062
aggTrade,1866,0.100473,0.0,9062
aggTrade,1875,599.237356,635.000,9062
aggTrade,1884,558.547791,559.000,9062
aggTrade,1893,0.104692,0.0,9062
aggTrade,1903,0.104081,3.000,9062
aggTrade,1912,49.544645,100.0,9062
aggTrade,1921,62.975221,63.000,9062
aggTrade,1930,133.639743,152.000,9062
aggTrade,1939,448.318935,447.000,9062
aggTrade,1948,656.704426,642.000,9062
aggTrade,1957,378.914849,379.000,9062
aggTrade,1966,286.547377,207.000,9062
aggTrade,1975,0.11192,0.0,9062
aggTrade,1984,0.323721,0.0,9062
aggTrade,1993,0.122458,12.000,9062
aggTrade,2002,10.732444,88.000,9062
aggTrade,2011,963.926052,963.000,9062
aggTrade,2020,0.098509,0.0,9062
aggTrade,2029,0.09826,0.0,9062
aggTrade,2038,0.09929,0.0,9062
aggTrade,2048,0.110767,0.0,9062
aggTrade,2057,723.081125,723.000,9062
aggTrade,2066,274.431595,338.000,9062
aggTrade,2075,0.120124,0.0,9062
aggTrade,2084,0.180741,0.0,9062
aggTrade,2093,132.209537,157.000,9062
aggTrade,2102,745.779971,746.000,9062
aggTrade,2111,718.351129,801.000,9062
aggTrade,2120,0.121467,1.000,9062
aggTrade,2129,911.073279,873.000,9062
aggTrade,2138,201.147036,197.000,9062
aggTrade,2147,59.216623,93.000,9062
aggTrade,2156,0.104552,0.0,9062
aggTrade,2165,0.09973,0.0,9062
aggTrade,2174,0.097941,0.0,9062
aggTrade,2183,0.106912,0.0,9062
aggTrade,2193,0.104709,0.0,9062
aggTrade,2202,0.105958,0.0,9062
aggTrade,2211,0.12426,0.0,9062
aggTrade,2220,0.12553,0.0,9062
aggTrade,2229,0.101665,0.0,9062
aggTrade,2238,0.09864,0.0,9062
aggTrade,2247,0.098494,0.0,9062
aggTrade,2256,0.097854,0.0,9062
aggTrade,2265,0.098258,0.0,9062
aggTrade,2274,0.09931,0.0,9062
aggTrade,2283,0.098479,0.0,9062
aggTrade,2292,0.606833,12.000,9062
aggTrade,2301,0.412919,7.000,9062
aggTrade,2310,10.637865,0.0,9062
aggTrade,2319,0.382988,13.000,9062
aggTrade,2328,378.946589,354.000,9062
aggTrade,2337,228.379338,151.000,9062
aggTrade,2347,132.97899,151.000,9062
aggTrade,2356,0.103671,0.0,9062
aggTrade,2365,68.651408,151.000,9062
aggTrade,2374,0.112275,0.0,9062
aggTrade,2383,150.787083,162.000,9062
aggTrade,2392,507.090655,431.000,9062
aggTrade,2401,152.672295,151.000,9062
aggTrade,2410,0.083365,0.0,9062
aggTrade,2419,0.074282,0.0,9062
aggTrade,2428,204.410704,207.000,9062
aggTrade,2437,119.584895,186.000,9062
aggTrade,2446,174.731101,151.000,9062
aggTrade,2455,402.908884,462.000,9062
aggTrade,2464,633.287376,631.000,9062
aggTrade,2473,229.966229,243.000,9062
aggTrade,2482,152.371092,151.000,9062
aggTrade,2492,0.111431,0.0,9062
aggTrade,2501,0.104323,0.0,9062
aggTrade,2510,614.563923,614.000,9062
aggTrade,2519,0.085055,0.0,9062
aggTrade,2528,0.074099,7.000,9062
aggTrade,2537,165.267084,187.000,9062
aggTrade,2546,0.105894,0.0,9062
aggTrade,2555,381.540762,382.000,9062
aggTrade,2564,1001.473574,1006.000,9062
aggTrade,2573,0.078636,0.0,9062
aggTrade,2582,398.025513,396.000,9062
aggTrade,2591,514.188736,517.000,9062
aggTrade,2600,31.267507,53.000,9062
aggTrade,2609,398.861586,306.000,9062
aggTrade,2618,316.384657,431.000,9062
aggTrade,2627,324.906444,324.000,9062
aggTrade,2637,196.20191,196.000,9062
aggTrade,2646,632.57897,604.000,9062
aggTrade,2655,545.898145,606.000,9062
aggTrade,2664,6.237428,3.000,9062
aggTrade,2673,0.099105,0.0,9062
aggTrade,2682,396.8302,305.000,9062
aggTrade,2691,1034.918796,1034.000,9062
aggTrade,2700,1051.359498,1068.000,9062
aggTrade,2709,635.350787,571.000,9062
aggTrade,2718,0.10758,0.0,9062
aggTrade,2727,0.116708,0.0,9062
aggTrade,2736,150.610584,151.000,9062
aggTrade,2745,298.900845,221.000,9062
aggTrade,2754,204.427412,204.000,9062
aggTrade,2763,237.284128,237.000,9062
aggTrade,2772,4.285314,21.000,9062
aggTrade,2782,149.393144,151.000,9062
aggTrade,2791,111.952053,100.0,9062
aggTrade,2800,0.12582,0.0,9062
aggTrade,2809,247.220155,151.000,9062
aggTrade,2818,390.890222,384.000,9062
aggTrade,2827,0.122354,0.0,9062
aggTrade,2836,402.653486,402.000,9062
aggTrade,2845,452.795243,420.00,9062
aggTrade,2854,158.165336,157.000,9062
aggTrade,2863,936.832292,942.000,9062
aggTrade,2872,0.158929,0.0,9062
aggTrade,2881,0.104992,0.0,9062
aggTrade,2890,153.26857,151.000,9062
aggTrade,2899,729.693412,736.000,9062
aggTrade,2908,140.914988,151.000,9062
aggTrade,2917,417.268007,400.0,9062
aggTrade,2927,0.079835,0.0,9062
aggTrade,2936,0.105653,0.0,9062
aggTrade,2945,0.107784,0.0,9062
aggTrade,2954,929.331613,904.000,9062
aggTrade,2963,632.445298,643.000,9062
aggTrade,2972,172.901509,174.000,9062
aggTrade,2981,131.802785,151.000,9062
aggTrade,2990,373.744125,380.00,9062
aggTrade,2999,547.444488,550.00,9062
aggTrade,3008,1006.10957,1007.000,9062
aggTrade,3017,152.482962,153.000,9062
aggTrade,3026,131.388985,151.000,9062
aggTrade,3035,0.108028,0.0,9062
aggTrade,3044,536.881393,563.000,9062
aggTrade,3053,0.101347,0.0,9062
aggTrade,3062,0.105551,0.0,9062
aggTrade,3072,1440.273108,1440.00,9062
aggTrade,3081,46.639682,52.000,9062
aggTrade,3090,0.1135,0.0,9062
aggTrade,3099,0.109066,0.0,9062
aggTrade,3108,0.103066,0.0,9062
aggTrade,3117,0.262668,0.0,9062
aggTrade,3126,106.620899,151.000,9062
aggTrade,3135,119.036149,182.000,9062
aggTrade,3144,0.102113,0.0,9062
aggTrade,3153,1234.470595,1234.000,9062
aggTrade,3162,654.831882,666.000,9062
aggTrade,3171,96.621753,116.000,9062
aggTrade,3180,354.696829,350.00,9062
aggTrade,3189,863.641636,882.000,9062
aggTrade,3198,333.454509,333.000,9062
aggTrade,3207,647.134264,621.000,9062
aggTrade,3217,0.161057,0.0,9062
aggTrade,3226,939.455902,961.000,9062
aggTrade,3235,2102.416817,2173.000,9062
aggTrade,3244,274.674415,212.000,9062
aggTrade,3253,311.296706,336.000,9062
aggTrade,3262,0.106806,0.0,9062
aggTrade,3271,0.17163,1.000,9062
aggTrade,3280,818.383125,914.000,9062
aggTrade,3289,133.676201,151.000,9062
aggTrade,3298,198.619066,151.000,9062
aggTrade,3307,87.308705,152.000,9062
aggTrade,3316,174.978358,191.000,9062
aggTrade,3325,101.076351,128.000,9062
aggTrade,3334,947.070363,913.000,9062
aggTrade,3343,35.5953,3.000,9062
aggTrade,3352,106.716754,151.000,9062
aggTrade,3362,1141.319092,1140.00,9062
aggTrade,3371,151.819522,151.000,9062
aggTrade,3380,0.07287,4.000,9062
aggTrade,3389,0.069967,5.000,9062
aggTrade,3398,0.113723,0.0,9062
aggTrade,3407,0.110088,0.0,9062
aggTrade,3416,31.508304,19.000,9062
aggTrade,3425,0.109083,3.000,9062
aggTrade,3434,0.098917,0.0,9062
aggTrade,3443,279.927363,280.00,9062
aggTrade,3452,370.855585,366.000,9062
aggTrade,3461,142.013142,151.000,9062
aggTrade,3470,669.426115,674.000,9062
aggTrade,3479,0.163012,0.0,9062
aggTrade,3488,0.200327,0.0,9062
aggTrade,3497,0.20615,1.000,9062
aggTrade,3506,221.329944,219.000,9062
aggTrade,3516,0.107776,0.0,9062
aggTrade,3525,0.100337,0.0,9062
aggTrade,3534,80.721032,151.000,9062
aggTrade,3543,300.829339,301.000,9062
aggTrade,3552,0.096212,1.000,9062
aggTrade,3561,181.925788,183.000,9062
aggTrade,3570,0.161412,0.0,9062
aggTrade,3579,83.119708,26.000,9062
aggTrade,3588,869.492813,871.000,9062
aggTrade,3597,100.532209,20.00,9062
aggTrade,3606,0.098154,0.0,9062
aggTrade,3615,0.209496,0.0,9062
aggTrade,3624,65.349605,33.000,9062
aggTrade,3633,0.107366,7.000,9062
aggTrade,3642,138.47365,151.000,9062
aggTrade,3651,0.135912,0.0,9062
aggTrade,3661,0.103772,0.0,9062
aggTrade,3670,0.09453,0.0,9062
aggTrade,3679,0.095655,0.0,9062
aggTrade,3688,0.080168,0.0,9062
aggTrade,3697,537.589749,537.000,9062
aggTrade,3706,135.783227,151.000,9062
aggTrade,3715,0.067633,0.0,9062
aggTrade,3724,134.358924,134.000,9062
aggTrade,3733,162.12029,162.000,9062
aggTrade,3742,0.116116,0.0,9062
aggTrade,3751,158.26131,151.000,9062
aggTrade,3760,707.977439,707.000,9062
aggTrade,3769,151.045477,151.000,9062
aggTrade,3778,107.74939,151.000,9062
aggTrade,3787,469.979757,430.00,9062
aggTrade,3796,174.061617,174.000,9062
aggTrade,3806,1063.127563,1093.000,9062
aggTrade,3815,9.603289,0.0,9062
aggTrade,3824,0.099875,2.000,9062
aggTrade,3833,159.111261,114.000,9062
aggTrade,3842,393.246447,325.000,9062
aggTrade,3851,0.100112,0.0,9062
aggTrade,3860,0.103443,0.0,9062
aggTrade,3869,60.637375,151.000,9062
aggTrade,3878,29.176047,36.000,9062
aggTrade,3887,529.988205,525.000,9062
aggTrade,3896,134.938578,151.000,9062
aggTrade,3905,234.473984,199.000,9062
aggTrade,3914,188.937242,151.000,9062
aggTrade,3923,0.098787,0.0,9062
aggTrade,3932,0.095911,0.0,9062
aggTrade,3941,85.538131,102.000,9062
aggTrade,3951,0.170874,3.000,9062
aggTrade,3960,474.151061,456.000,9062
aggTrade,3969,151.715135,151.000,9062
aggTrade,3978,273.011911,261.000,9062
aggTrade,3987,0.17097,0.0,9062
aggTrade,3996,0.102853,0.0,9062
aggTrade,4005,0.102972,0.0,9062
aggTrade,4014,0.108559,0.0,9062
aggTrade,4023,0.448803,36.000,9062
aggTrade,4032,190.553041,190.00,9062
aggTrade,4041,0.107721,0.0,9062
aggTrade,4050,174.16437,175.000,9062
aggTrade,4059,111.411265,151.000,9062
aggTrade,4068,0.161957,3.000,9062
aggTrade,4077,197.775726,151.000,9062
aggTrade,4086,151.08408,151.000,9062
aggTrade,4096,1278.422454,1309.000,9062
aggTrade,4105,162.899649,151.000,9062
aggTrade,4114,151.592463,151.000,9062
aggTrade,4123,0.121147,0.0,9062
aggTrade,4132,0.104753,0.0,9062
aggTrade,4141,519.961514,575.000,9062
aggTrade,4150,431.651255,404.000,9062
aggTrade,4159,0.103414,12.000,9062
aggTrade,4168,188.526669,189.000,9062
aggTrade,4177,0.123804,0.0,9062
aggTrade,4186,496.915906,497.000,9062
aggTrade,4195,40.44726,66.000,9062
aggTrade,4204,150.041642,151.000,9062
aggTrade,4213,445.418486,378.000,9062
aggTrade,4222,0.101993,0.0,9062
aggTrade,4231,0.081124,0.0,9062
aggTrade,4241,1084.219579,1085.000,9062
aggTrade,4250,356.373037,356.000,9062
aggTrade,4259,0.106605,0.0,9062
aggTrade,4268,57.420217,10.00,9062
aggTrade,4277,799.660782,712.000,9062
aggTrade,4286,237.263727,151.000,9062
aggTrade,4295,0.103607,0.0,9062
aggTrade,4304,609.55416,569.000,9062
aggTrade,4313,139.096518,151.000,9062
aggTrade,4322,0.110551,1.000,9062
aggTrade,4331,89.131777,151.000,9062
aggTrade,4340,0.170899,0.0,9062
aggTrade,4349,0.181708,0.0,9062
aggTrade,4358,0.107063,7.000,9062
aggTrade,4367,0.111183,14.000,9062
aggTrade,4376,463.095417,526.000,9062
aggTrade,4386,5239.834107,5255.000,9062
aggTrade,4395,0.123756,0.0,9062
aggTrade,4404,0.10363,0.0,9062
aggTrade,4413,0.157582,0.0,9062
aggTrade,4422,528.696029,551.000,9062
aggTrade,4431,281.738797,281.000,9062
aggTrade,4440,0.112227,0.0,9062
aggTrade,4449,0.10736,0.0,9062
aggTrade,4458,164.833911,151.000,9062
aggTrade,4467,0.104321,0.0,9062
aggTrade,4476,420.662224,403.000,9062
aggTrade,4485,0.103163,0.0,9062
aggTrade,4494,707.414435,707.000,9062
aggTrade,4503,38.114947,26.000,9062
aggTrade,4512,149.379482,61.000,9062
aggTrade,4521,971.878309,1022.000,9062
aggTrade,4531,48.228501,3.000,9062
aggTrade,4540,0.101297,0.0,9062
aggTrade,4549,177.375726,178.000,9062
aggTrade,4558,555.094714,556.000,9062
aggTrade,4567,0.101254,0.0,9062
aggTrade,4576,0.098465,0.0,9062
aggTrade,4585,561.440867,562.000,9062
aggTrade,4594,587.406374,591.000,9062
aggTrade,4603,115.290936,151.000,9062
aggTrade,4612,437.824487,352.000,9062
aggTrade,4621,0.155331,0.0,9062
aggTrade,4630,410.134992,375.000,9062
aggTrade,4639,0.114671,0.0,9062
aggTrade,4648,171.080785,195.000,9062
aggTrade,4657,0.111879,0.0,9062
aggTrade,4666,0.119302,0.0,9062
aggTrade,4675,15.298781,17.000,9062
aggTrade,4685,0.188415,4.000,9062
aggTrade,4694,0.120572,0.0,9062
aggTrade,4703,175.940191,158.000,9062
aggTrade,4712,756.291305,785.000,9062
aggTrade,4721,0.113986,0.0,9062
aggTrade,4730,664.386708,665.000,9062
aggTrade,4739,503.626756,525.000,9062
aggTrade,4748,0.107637,0.0,9062
aggTrade,4757,0.114219,0.0,9062
aggTrade,4766,0.099656,1.000,9062
aggTrade,4775,0.099409,0.0,9062
aggTrade,4784,0.100375,0.0,9062
aggTrade,4793,0.104452,0.0,9062
aggTrade,4802,0.187273,0.0,9062
aggTrade,4811,0.10492,151.000,9062
aggTrade,4820,0.097159,23.000,9062
aggTrade,4830,0.097035,1.000,9062
aggTrade,4839,84.37734,192.000,9062
aggTrade,4848,0.103183,0.0,9062
aggTrade,4857,267.408077,230.00,9062
aggTrade,4866,150.596694,151.000,9062
aggTrade,4875,0.19433,0.0,9062
aggTrade,4884,145.58126,146.000,9062
aggTrade,4893,676.32583,677.000,9062
aggTrade,4902,805.216355,805.000,9062
aggTrade,4911,87.685268,31.000,9062
aggTrade,4920,0.097834,0.0,9062
aggTrade,4929,0.100571,0.0,9062
aggTrade,4938,0.100192,0.0,9062
aggTrade,4947,0.096574,0.0,9062
aggTrade,4956,947.873956,946.000,9062
aggTrade,4965,0.108224,3.000,9062
aggTrade,4975,385.246662,386.000,9062
aggTrade,4984,237.374664,237.000,9062
aggTrade,4993,0.157878,0.0,9062
aggTrade,5002,0.156684,25.000,9062
aggTrade,5011,459.941837,429.000,9062
aggTrade,5020,0.103034,0.0,9062
aggTrade,5029,0.101264,0.0,9062
aggTrade,5038,0.09871,0.0,9062
aggTrade,5047,23.759279,0.0,9062
aggTrade,5056,159.025543,151.000,9062
aggTrade,5065,147.023832,194.000,9062
aggTrade,5074,94.538879,165.000,9062
aggTrade,5083,507.565352,500.0,9062
aggTrade,5092,0.111222,112.000,9062
aggTrade,5101,562.417406,562.000,9062
aggTrade,5110,0.11945,4.000,9062
aggTrade,5120,271.32869,297.000,9062
aggTrade,5129,392.973671,395.000,9062
aggTrade,5138,566.121529,613.000,9062
aggTrade,5147,137.418016,151.000,9062
aggTrade,5156,132.884377,133.000,9062
aggTrade,5165,21.592443,3.000,9062
aggTrade,5174,257.669481,257.000,9062
aggTrade,5183,13.073509,16.000,9062
aggTrade,5192,0.168231,0.0,9062
aggTrade,5201,0.149865,0.0,9062
aggTrade,5210,0.160731,2.000,9062
aggTrade,5219,142.193125,173.000,9062
aggTrade,5228,250.684033,202.000,9062
aggTrade,5237,115.239043,151.000,9062
aggTrade,5246,0.135122,0.0,9062
aggTrade,5255,23.459049,7.000,9062
aggTrade,5265,12.36981,84.000,9062
aggTrade,5274,0.101223,1.000,9062
aggTrade,5283,151.025265,151.000,9062
aggTrade,5292,217.348696,218.000,9062
aggTrade,5301,1216.921516,1228.000,9062
aggTrade,5310,0.105216,0.0,9062
aggTrade,5319,0.098651,0.0,9062
aggTrade,5328,0.104401,0.0,9062
aggTrade,5337,0.104965,0.0,9062
aggTrade,5346,233.399516,221.000,9062
aggTrade,5355,282.691073,217.000,9062
aggTrade,5364,0.104995,0.0,9062
aggTrade,5373,0.10885,0.0,9062
aggTrade,5382,144.964119,116.000,9062
aggTrade,5391,150.863266,151.000,9062
aggTrade,5400,147.180274,151.000,9062
aggTrade,5410,165.991559,151.000,9062
aggTrade,5419,0.085515,0.0,9062
aggTrade,5428,162.715639,164.000,9062
aggTrade,5437,373.707858,379.000,9062
aggTrade,5446,264.324151,307.000,9062
aggTrade,5455,431.141042,431.000,9062
aggTrade,5464,0.258185,0.0,9062
aggTrade,5473,0.148544,0.0,9062
aggTrade,5482,0.118052,5.000,9062
aggTrade,5491,0.117388,151.000,9062
aggTrade,5500,0.106155,0.0,9062
aggTrade,5509,0.097799,0.0,9062
aggTrade,5518,568.134595,586.000,9062
aggTrade,5527,155.867546,151.000,9062
aggTrade,5536,0.104325,2.000,9062
aggTrade,5545,0.073357,0.0,9062
aggTrade,5555,183.207607,183.000,9062
aggTrade,5564,334.748357,228.000,9062
aggTrade,5573,0.078094,0.0,9062
aggTrade,5582,0.103287,0.0,9062
aggTrade,5591,0.114478,0.0,9062
aggTrade,5600,0.097433,0.0,9062
aggTrade,5609,0.092844,0.0,9062
aggTrade,5618,0.092763,0.0,9062
aggTrade,5627,0.090105,0.0,9062
aggTrade,5636,0.090769,0.0,9062
aggTrade,5645,333.027884,333.000,9062
aggTrade,5654,42.8285,13.000,9062
aggTrade,5663,0.071053,0.0,9062
aggTrade,5672,135.7285,151.000,9062
aggTrade,5681,152.552114,151.000,9062
aggTrade,5690,0.09618,93.000,9062
aggTrade,5699,401.911999,445.000,9062
aggTrade,5709,42.945582,25.000,9062
aggTrade,5718,28.109635,6.000,9062
aggTrade,5727,138.923132,151.000,9062
aggTrade,5736,0.094878,0.0,9062
aggTrade,5745,0.101923,0.0,9062
aggTrade,5754,69.923617,70.00,9062
aggTrade,5763,923.940587,924.000,9062
aggTrade,5772,0.094804,0.0,9062
aggTrade,5781,0.107954,0.0,9062
aggTrade,5790,0.102633,0.0,9062
aggTrade,5799,0.096772,1.000,9062
aggTrade,5808,0.092026,0.0,9062
aggTrade,5817,0.091458,0.0,9062
aggTrade,5826,0.091651,0.0,9062
aggTrade,5835,0.094345,0.0,9062
aggTrade,5844,0.071101,0.0,9062
aggTrade,5854,0.067206,0.0,9062
aggTrade,5863,0.071469,0.0,9062
aggTrade,5872,0.067612,0.0,9062
aggTrade,5881,0.068964,0.0,9062
aggTrade,5890,0.073066,0.0,9062
aggTrade,5899,0.068502,0.0,9062
aggTrade,5908,0.072259,4.000,9062
aggTrade,5917,0.068709,0.0,9062
aggTrade,5926,0.095723,0.0,9062
aggTrade,5935,0.089411,3.000,9062
aggTrade,5944,112.556503,113.000,9062
aggTrade,5953,31.056416,37.000,9062
aggTrade,5962,0.094165,0.0,9062
aggTrade,5971,0.07486,0.0,9062
aggTrade,5980,0.073335,0.0,9062
aggTrade,5989,0.070631,0.0,9062
aggTrade,5999,0.070588,0.0,9062
aggTrade,6008,20.158822,10.00,9062
aggTrade,6017,0.070583,0.0,9062
aggTrade,6026,0.080539,0.0,9062
aggTrade,6035,0.083766,0.0,9062
aggTrade,6044,0.096162,0.0,9062
aggTrade,6053,0.074901,0.0,9062
aggTrade,6062,0.09751,0.0,9062
aggTrade,6071,5.632515,118.000,9062
aggTrade,6080,127.876929,138.000,9062
aggTrade,6089,159.841766,102.000,9062
aggTrade,6098,186.071322,183.000,9062
aggTrade,6107,0.101637,0.0,9062
aggTrade,6116,0.097936,1.000,9062
aggTrade,6125,0.101882,0.0,9062
aggTrade,6134,0.095091,0.0,9062
aggTrade,6144,0.076569,0.0,9062
aggTrade,6153,0.07214,0.0,9062
aggTrade,6162,0.069539,0.0,9062
aggTrade,6171,0.069125,0.0,9062
aggTrade,6180,0.068949,0.0,9062
aggTrade,6189,0.074739,0.0,9062
aggTrade,6198,0.072618,0.0,9062
aggTrade,6207,0.150655,0.0,9062
aggTrade,6216,126.911778,127.000,9062
aggTrade,6225,85.606235,85.000,9062
aggTrade,6234,0.102643,0.0,9062
aggTrade,6243,116.187389,125.000,9062
aggTrade,6252,38.32301,116.000,9062
aggTrade,6261,0.108398,0.0,9062
aggTrade,6270,96.868708,31.000,9062
aggTrade,6279,167.201412,151.000,9062
aggTrade,6289,0.105733,0.0,9062
aggTrade,6298,0.099261,0.0,9062
aggTrade,6307,0.091287,0.0,9062
aggTrade,6316,0.088511,0.0,9062
aggTrade,6325,0.090616,1.000,9062
aggTrade,6334,618.361006,152.000,9062
aggTrade,6343,106.887405,45.000,9062
aggTrade,6352,18.521735,51.000,9062
aggTrade,6361,0.098236,0.0,9062
aggTrade,6370,0.096947,0.0,9062
aggTrade,6379,206.851726,152.000,9062
aggTrade,6388,52.025345,55.000,9062
aggTrade,6397,0.091439,0.0,9062
aggTrade,6406,180.210451,166.000,9062
aggTrade,6415,76.397662,26.000,9062
aggTrade,6424,0.081554,0.0,9062
aggTrade,6434,0.079139,1.000,9062
aggTrade,6443,0.110186,0.0,9062
aggTrade,6452,0.097506,0.0,9062
aggTrade,6461,0.152437,0.0,9062
aggTrade,6470,0.148708,3.000,9062
aggTrade,6479,0.069056,0.0,9062
aggTrade,6488,0.067708,0.0,9062
aggTrade,6497,0.071692,1.000,9062
aggTrade,6506,0.066954,5.000,9062
aggTrade,6515,0.070274,0.0,9062
aggTrade,6524,0.081648,0.0,9062
aggTrade,6533,0.068304,2.000,9062
aggTrade,6542,0.097881,6.000,9062
aggTrade,6551,0.086841,0.0,9062
aggTrade,6560,135.138484,131.000,9062
aggTrade,6569,0.099667,3.000,9062
aggTrade,6579,0.0689,0.0,9062
aggTrade,6588,6.322858,6.000,9062
aggTrade,6597,0.392477,1.000,9062
aggTrade,6606,0.114188,1.000,9062
aggTrade,6615,356.535799,356.000,9062
aggTrade,6624,0.07548,0.0,9062
aggTrade,6633,0.160373,1.000,9062
aggTrade,6642,0.155358,151.000,9062
aggTrade,6651,0.182003,11.000,9062
aggTrade,6660,0.147019,0.0,9062
aggTrade,6669,2.65198,3.000,9062
aggTrade,6678,7.470807,53.000,9062
aggTrade,6687,0.103915,0.0,9062
aggTrade,6696,0.105876,0.0,9062
aggTrade,6705,0.090243,0.0,9062
aggTrade,6714,0.393961,1.000,9062
aggTrade,6724,0.151567,0.0,9062
aggTrade,6733,0.293451,0.0,9062
aggTrade,6742,0.149557,1.000,9062
aggTrade,6751,0.102733,0.0,9062
aggTrade,6760,0.097467,0.0,9062
aggTrade,6769,0.09727,0.0,9062
aggTrade,6778,0.096816,0.0,9062
aggTrade,6787,0.096801,23.000,9062
aggTrade,6796,0.096956,1.000,9062
aggTrade,6805,0.093749,0.0,9062
aggTrade,6814,91.649548,0.0,9062
aggTrade,6823,0.121443,79.000,9062
aggTrade,6832,138.775574,183.000,9062
aggTrade,6841,162.095186,131.000,9062
aggTrade,6850,0.076554,0.0,9062
aggTrade,6859,0.083268,0.0,9062
aggTrade,6868,0.069761,2.000,9062
aggTrade,6878,30.40092,30.00,9062
aggTrade,6887,0.084384,0.0,9062
aggTrade,6896,248.21107,151.000,9062
aggTrade,6905,189.373218,190.00,9062
aggTrade,6914,227.557444,151.000,9062
aggTrade,6923,91.658455,151.000,9062
aggTrade,6932,0.118413,0.0,9062
aggTrade,6941,0.099994,0.0,9062
aggTrade,6950,0.094897,0.0,9062
aggTrade,6959,161.292026,113.000,9062
aggTrade,6968,165.744744,184.000,9062
aggTrade,6977,0.233595,0.0,9062
aggTrade,6986,27.062328,6.000,9062
aggTrade,6995,429.419551,241.000,9062
aggTrade,7004,152.017015,151.000,9062
aggTrade,7013,149.917647,151.000,9062
aggTrade,7023,144.892333,138.000,9062
aggTrade,7032,513.683467,565.000,9062
aggTrade,7041,246.14527,247.000,9062
aggTrade,7050,0.072406,0.0,9062
aggTrade,7059,0.068567,0.0,9062
aggTrade,7068,0.068889,0.0,9062
aggTrade,7077,0.069105,0.0,9062
aggTrade,7086,0.068833,0.0,9062
aggTrade,7095,0.069543,4.000,9062
aggTrade,7104,0.069307,0.0,9062
aggTrade,7113,53.098668,94.000,9062
aggTrade,7122,190.481334,151.000,9062
aggTrade,7131,129.701477,137.000,9062
aggTrade,7140,274.666942,272.000,9062
aggTrade,7149,0.071379,0.0,9062
aggTrade,7158,0.139289,0.0,9062
aggTrade,7168,0.100869,0.0,9062
aggTrade,7177,0.098763,0.0,9062
aggTrade,7186,0.10354,1.000,9062
aggTrade,7195,3.522426,4.000,9062
aggTrade,7204,60.372365,61.000,9062
aggTrade,7213,150.315651,151.000,9062
aggTrade,7222,0.095336,0.0,9062
aggTrade,7231,0.094371,0.0,9062
aggTrade,7240,0.13428,0.0,9062
aggTrade,7249,142.25723,165.000,9062
aggTrade,7258,0.125282,1.000,9062
aggTrade,7267,22.922252,52.000,9062
aggTrade,7276,425.257926,362.000,9062
aggTrade,7285,251.125158,151.000,9062
aggTrade,7294,137.706378,136.000,9062
aggTrade,7303,119.828459,87.000,9062
aggTrade,7313,527.74302,534.000,9062
aggTrade,7322,238.65633,248.000,9062
aggTrade,7331,25.409459,4.000,9062
aggTrade,7340,139.870522,140.00,9062
aggTrade,7349,0.101855,0.0,9062
aggTrade,7358,346.821518,353.000,9062
aggTrade,7367,150.738358,151.000,9062
aggTrade,7376,252.627814,253.000,9062
aggTrade,7385,0.113296,0.0,9062
aggTrade,7394,220.739772,205.000,9062
aggTrade,7403,525.654145,473.000,9062
aggTrade,7412,171.129046,171.000,9062
aggTrade,7421,0.386921,188.000,9062
aggTrade,7430,454.80055,454.000,9062
aggTrade,7439,152.159777,151.000,9062
aggTrade,7448,0.1002,0.0,9062
aggTrade,7458,25.097176,31.000,9062
aggTrade,7467,59.613821,2.000,9062
aggTrade,7476,52.692642,53.000,9062
aggTrade,7485,219.872282,151.000,9062
aggTrade,7494,110.033686,109.000,9062
aggTrade,7503,135.531977,145.000,9062
aggTrade,7512,129.464233,151.000,9062
aggTrade,7521,631.032641,628.000,9062
aggTrade,7530,0.100017,0.0,9062
aggTrade,7539,0.407234,0.0,9062
aggTrade,7548,0.331464,1.000,9062
aggTrade,7557,44.708083,15.000,9062
aggTrade,7566,405.274604,385.000,9062
aggTrade,7575,5.547521,5.000,9062
aggTrade,7584,10.469149,12.000,9062
aggTrade,7593,0.141177,151.000,9062
aggTrade,7603,396.051669,396.000,9062
aggTrade,7612,135.008392,135.000,9062
aggTrade,7621,643.682131,611.000,9062
aggTrade,7630,78.509925,151.000,9062
aggTrade,7639,634.692695,635.000,9062
aggTrade,7648,0.107421,0.0,9062
aggTrade,7657,56.467772,71.000,9062
aggTrade,7666,0.103593,2.000,9062
aggTrade,7675,283.245796,284.000,9062
aggTrade,7684,253.511856,253.000,9062
aggTrade,7693,0.094054,8.000,9062
aggTrade,7702,0.101433,0.0,9062
aggTrade,7711,111.141277,110.00,9062
aggTrade,7720,0.095807,0.0,9062
aggTrade,7729,139.008196,138.000,9062
aggTrade,7738,0.107433,0.0,9062
aggTrade,7748,149.265003,151.000,9062
aggTrade,7757,325.356013,324.000,9062
aggTrade,7766,664.090544,692.000,9062
aggTrade,7775,44.74953,45.000,9062
aggTrade,7784,131.740013,200.0,9062
aggTrade,7793,1286.153467,1298.000,9062
aggTrade,7802,0.103061,0.0,9062
aggTrade,7811,57.580333,57.000,9062
aggTrade,7820,90.08079,100.0,9062
aggTrade,7829,5.046555,4.000,9062
aggTrade,7838,0.090445,0.0,9062
aggTrade,7847,277.617157,277.000,9062
aggTrade,7856,0.095834,0.0,9062
aggTrade,7865,0.09283,0.0,9062
aggTrade,7874,0.087044,0.0,9062
aggTrade,7883,245.738723,246.000,9062
aggTrade,7893,200.778115,151.000,9062
aggTrade,7902,177.341179,151.000,9062
aggTrade,7911,0.104821,0.0,9062
aggTrade,7920,195.128764,195.000,9062
aggTrade,7929,151.892809,151.000,9062
aggTrade,7938,395.087797,400.0,9062
aggTrade,7947,105.865394,106.000,9062
aggTrade,7956,152.205044,152.000,9062
aggTrade,7965,246.437475,151.000,9062
aggTrade,7974,0.096336,0.0,9062
aggTrade,7983,234.919586,235.000,9062
aggTrade,7992,102.506425,104.000,9062
aggTrade,8001,957.159231,959.000,9062
aggTrade,8010,163.305638,183.000,9062
aggTrade,8019,856.629962,846.000,9062
aggTrade,8028,756.341717,804.000,9062
aggTrade,8037,151.237721,151.000,9062
aggTrade,8047,218.06889,218.000,9062
aggTrade,8056,4.172716,90.00,9062
aggTrade,8065,0.104228,23.000,9062
aggTrade,8074,0.100387,0.0,9062
aggTrade,8083,461.434489,382.000,9062
aggTrade,8092,825.846597,796.000,9062
aggTrade,8101,0.095683,0.0,9062
aggTrade,8110,107.897184,120.00,9062
aggTrade,8119,257.109559,199.000,9062
aggTrade,8128,86.920954,151.000,9062
aggTrade,8137,524.020086,542.000,9062
aggTrade,8146,150.704562,151.000,9062
aggTrade,8155,0.134453,0.0,9062
aggTrade,8164,0.129642,1.000,9062
aggTrade,8173,475.536243,474.000,9062
aggTrade,8182,176.938595,177.000,9062
aggTrade,8192,0.104763,0.0,9062
aggTrade,8201,367.496544,367.000,9062
aggTrade,8210,71.175323,56.000,9062
aggTrade,8219,0.101915,0.0,9062
aggTrade,8228,0.099067,9.000,9062
aggTrade,8237,63.017982,151.000,9062
aggTrade,8246,1241.434305,1157.000,9062
aggTrade,8255,458.796388,463.000,9062
aggTrade,8264,1338.527471,1338.000,9062
aggTrade,8273,0.110649,0.0,9062
aggTrade,8282,0.099553,0.0,9062
aggTrade,8291,0.155893,0.0,9062
aggTrade,8300,0.100349,0.0,9062
aggTrade,8309,501.494754,501.000,9062
aggTrade,8318,133.924047,146.000,9062
aggTrade,8327,0.109187,0.0,9062
aggTrade,8337,255.790915,151.000,9062
aggTrade,8346,531.673583,590.00,9062
aggTrade,8355,0.419423,4.000,9062
aggTrade,8364,0.147943,0.0,9062
aggTrade,8373,0.11483,0.0,9062
aggTrade,8382,0.117105,0.0,9062
aggTrade,8391,0.113828,0.0,9062
aggTrade,8400,54.050667,86.000,9062
aggTrade,8409,0.171683,0.0,9062
aggTrade,8418,0.079978,0.0,9062
aggTrade,8427,135.56446,151.000,9062
aggTrade,8436,0.090887,3.000,9062
aggTrade,8445,0.166465,38.000,9062
aggTrade,8454,0.091948,0.0,9062
aggTrade,8463,0.236072,151.000,9062
aggTrade,8472,512.83443,513.000,9062
aggTrade,8482,67.222888,7.000,9062
aggTrade,8491,42.384702,4.000,9062
aggTrade,8500,0.074548,1.000,9062
aggTrade,8509,385.047095,384.000,9062
aggTrade,8518,0.10445,0.0,9062
aggTrade,8527,166.483817,166.000,9062
aggTrade,8536,232.380691,151.000,9062
aggTrade,8545,151.436089,151.000,9062
aggTrade,8554,2176.583523,2176.000,9062
aggTrade,8563,992.016232,969.000,9062
aggTrade,8572,0.12283,0.0,9062
aggTrade,8581,0.158,0.0,9062
aggTrade,8590,520.452302,520.00,9062
aggTrade,8599,487.323465,539.000,9062
aggTrade,8608,1671.430107,1671.000,9062
aggTrade,8617,151.138755,151.000,9062
aggTrade,8627,357.641706,269.000,9062
aggTrade,8636,0.074877,0.0,9062
aggTrade,8645,0.071218,0.0,9062
aggTrade,8654,0.090255,0.0,9062
aggTrade,8663,269.257555,273.000,9062
aggTrade,8672,220.518097,151.000,9062
aggTrade,8681,215.460394,216.000,9062
aggTrade,8690,0.09574,0.0,9062
aggTrade,8699,139.772164,151.000,9062
aggTrade,8708,527.065932,527.000,9062
aggTrade,8717,1612.465911,1568.000,9062
aggTrade,8726,0.095539,0.0,9062
aggTrade,8735,0.082083,9.000,9062
aggTrade,8744,93.445841,95.000,9062
aggTrade,8753,149.452336,151.000,9062
aggTrade,8762,809.934287,809.000,9062
aggTrade,8772,267.063926,303.000,9062
aggTrade,8781,524.069115,565.000,9062
aggTrade,8790,0.105469,0.0,9062
aggTrade,8799,0.097153,0.0,9062
aggTrade,8808,0.122163,0.0,9062
aggTrade,8817,2676.876386,2675.000,9062
aggTrade,8826,1433.57831,1434.000,9062
aggTrade,8835,116.974074,151.000,9062
aggTrade,8844,138.168049,204.000,9062
aggTrade,8853,531.063826,479.000,9062
aggTrade,8862,150.997664,151.000,9062
aggTrade,8871,285.048621,284.000,9062
aggTrade,8880,501.337796,498.000,9062
aggTrade,8889,66.613895,151.000,9062
aggTrade,8898,634.447824,635.000,9062
aggTrade,8907,0.119933,0.0,9062
aggTrade,8917,5.325199,6.000,9062
aggTrade,8926,3.758336,10.00,9062
aggTrade,8935,213.854949,146.000,9062
aggTrade,8944,0.097813,0.0,9062
aggTrade,8953,0.108144,0.0,9062
aggTrade,8962,0.097586,0.0,9062
aggTrade,8971,61.499258,65.000,9062
aggTrade,8980,412.149856,416.000,9062
aggTrade,8989,336.116686,336.000,9062
aggTrade,8998,220.810218,151.000,9062
aggTrade,9007,411.508698,412.000,9062
aggTrade,9016,0.103354,0.0,9062
aggTrade,9025,0.100046,3.000,9062
aggTrade,9034,272.643815,273.000,9062
aggTrade,9043,0.105376,0.0,9062
aggTrade,9052,102.408368,140.00,9062
markPrice,0,649.427759,1002.000,1798
markPrice,1,1014.70166,997.000,1798
markPrice,3,930.092987,999.000,1798
markPrice,5,1001.788884,1000.0,1798
markPrice,7,979.676673,1000.0,1798
markPrice,8,1006.798303,1001.000,1798
markPrice,10,1057.503245,998.000,1798
markPrice,12,998.101254,1000.0,1798
markPrice,14,991.082586,999.000,1798
markPrice,16,1005.299546,1000.0,1798
markPrice,17,999.923109,1000.0,1798
markPrice,19,1112.609469,999.000,1798
markPrice,21,1175.186449,1004.000,1798
markPrice,23,1102.107044,997.000,1798
markPrice,25,830.786928,1000.0,1798
markPrice,26,1055.080183,1001.000,1798
markPrice,28,876.497227,999.000,1798
markPrice,30,982.417229,1003.000,1798
markPrice,32,1062.064753,1002.000,1798
markPrice,34,1052.297577,1000.0,1798
markPrice,35,1600.428773,1003.000,1798
markPrice,37,939.306575,992.000,1798
markPrice,39,1035.47921,1000.0,1798
markPrice,41,1050.025401,1001.000,1798
markPrice,43,1161.720591,999.000,1798
markPrice,44,793.113841,1002.000,1798
markPrice,46,933.650219,1000.0,1798
markPrice,48,992.37053,1000.0,1798
markPrice,50,1009.684326,1000.0,1798
markPrice,52,1007.747714,1000.0,1798
markPrice,53,1043.752343,1010.00,1798
markPrice,55,1003.494109,1004.000,1798
markPrice,57,984.312485,990.00,1798
markPrice,59,1010.674955,1005.000,1798
markPrice,61,998.431991,1000.0,1798
markPrice,62,1007.726791,1005.000,1798
markPrice,64,1086.595085,1000.0,1798
markPrice,66,1033.302353,1000.0,1798
markPrice,68,919.315493,1000.0,1798
markPrice,70,1010.255237,1005.000,1798
markPrice,71,1003.607191,995.000,1798
markPrice,73,755.302721,1000.0,1798
markPrice,75,1045.620594,1000.0,1798
markPrice,77,1008.445715,1000.0,1798
markPrice,79,989.271223,1000.0,1798
markPrice,80,1036.565954,1000.0,1798
markPrice,82,1000.037247,996.000,1798
markPrice,84,991.275574,1000.0,1798
markPrice,86,948.148118,1000.0,1798
markPrice,88,648.089403,1000.0,1798
markPrice,89,944.461882,1001.000,1798
markPrice,91,1000.105063,1000.0,1798
markPrice,93,975.378265,997.000,1798
markPrice,95,1000.4161,999.000,1798
markPrice,97,957.529401,1000.0,1798
markPrice,98,988.255817,1000.0,1798
markPrice,100,1007.423237,1000.0,1798
markPrice,102,997.154389,1002.000,1798
markPrice,104,994.073566,999.000,1798
markPrice,106,1008.096961,1000.0,1798
markPrice,107,1054.617152,1000.0,1798
markPrice,109,1059.446779,1001.000,1798
markPrice,111,929.239915,1000.0,1798
markPrice,113,1005.191174,1000.0,1798
markPrice,115,995.597758,1000.0,1798
markPrice,116,1015.869711,1006.000,1798
markPrice,118,1047.436531,1000.0,1798
markPrice,120,984.899463,997.000,1798
markPrice,122,1013.907713,1004.000,1798
markPrice,124,995.89072,1000.0,1798
markPrice,125,999.129017,1002.000,1798
markPrice,127,1004.674572,1002.000,1798
markPrice,129,1046.616447,1000.0,1798
markPrice,131,893.21275,1000.0,1798
markPrice,133,1009.24873,1000.0,1798
markPrice,134,993.477588,1005.000,1798
markPrice,136,970.853042,998.000,1798
markPrice,138,995.150303,998.000,1798
markPrice,140,951.06952,993.000,1798
markPrice,142,988.118893,994.000,1798
markPrice,143,1025.547082,1002.000,1798
markPrice,145,998.702418,1001.000,1798
markPrice,147,1001.813589,1000.0,1798
markPrice,149,1000.683818,1000.0,1798
markPrice,151,953.467308,1000.0,1798
markPrice,152,1008.699663,1010.00,1798
markPrice,154,933.6898,999.000,1798
markPrice,156,1009.341214,1002.000,1798
markPrice,158,982.841328,1000.0,1798
markPrice,160,1007.537712,1000.0,1798
markPrice,161,1057.1697,1000.0,1798
markPrice,163,1000.576502,1006.000,1798
markPrice,165,995.025502,1000.0,1798
markPrice,167,981.648468,1000.0,1798
markPrice,169,989.28262,1001.000,1798
markPrice,170,997.370062,999.000,1798
markPrice,172,1053.665588,1001.000,1798
markPrice,174,1039.927901,1002.000,1798
markPrice,176,931.717657,1004.000,1798
markPrice,178,992.957006,998.000,1798
markPrice,179,994.975235,1000.0,1798
markPrice,181,1001.709363,997.000,1798
markPrice,183,1058.657484,1000.0,1798
markPrice,185,1024.826457,1002.000,1798
markPrice,186,1006.255015,998.000,1798
markPrice,188,1001.582038,1000.0,1798
markPrice,190,1032.790645,1005.000,1798
markPrice,192,1001.867553,1001.000,1798
markPrice,194,957.81297,1002.000,1798
markPrice,195,1010.428301,998.000,1798
markPrice,197,934.723678,993.000,1798
markPrice,199,1006.744282,1001.000,1798
markPrice,201,1003.446088,1005.000,1798
markPrice,203,1006.271512,999.000,1798
markPrice,204,1045.670005,1002.000,1798
markPrice,206,1000.074115,994.000,1798
markPrice,208,1013.205983,1001.000,1798
markPrice,210,996.415245,999.000,1798
markPrice,212,1000.221098,997.000,1798
markPrice,213,993.975883,1000.0,1798
markPrice,215,1044.595292,1000.0,1798
markPrice,217,1019.50675,997.000,1798
markPrice,219,945.551084,1000.0,1798
markPrice,221,1004.318095,1000.0,1798
markPrice,222,1000.116331,1000.0,1798
markPrice,224,988.337207,1000.0,1798
markPrice,226,1045.616658,1000.0,1798
markPrice,228,1000.933821,1000.0,1798
markPrice,230,974.893504,1000.0,1798
markPrice,231,997.921825,1000.0,1798
markPrice,233,1014.746414,1004.000,1798
markPrice,235,992.524779,1000.0,1798
markPrice,237,1046.502809,1000.0,1798
markPrice,239,1035.197437,1000.0,1798
markPrice,240,1990.216703,999.000,1798
markPrice,242,963.041974,999.000,1798
markPrice,244,997.860867,997.000,1798
markPrice,246,959.870262,999.000,1798
markPrice,248,1041.581694,1000.0,1798
markPrice,249,924.836201,1002.000,1798
markPrice,251,1013.87333,1001.000,1798
markPrice,253,1002.712547,1006.000,1798
markPrice,255,988.61186,1000.0,1798
markPrice,257,1013.040688,1000.0,1798
markPrice,258,1038.273578,999.000,1798
markPrice,260,1024.050262,1000.0,1798
markPrice,262,929.412663,999.000,1798
markPrice,264,1003.168517,1004.000,1798
markPrice,266,1013.283615,1000.0,1798
markPrice,267,986.892124,1000.0,1798
markPrice,269,1049.567647,1000.0,1798
markPrice,271,1006.12781,1004.000,1798
markPrice,273,1001.605729,1000.0,1798
markPrice,275,1010.345316,1000.0,1798
markPrice,276,988.712485,1003.000,1798
markPrice,278,995.552777,999.000,1798
markPrice,280,1023.608347,1000.0,1798
markPrice,282,1040.290907,1000.0,1798
markPrice,284,1032.818956,1000.0,1798
markPrice,285,981.947854,1000.0,1798
markPrice,287,1010.001542,1001.000,1798
markPrice,289,1001.283873,999.000,1798
markPrice,291,1052.345121,999.000,1798
markPrice,293,991.175864,999.000,1798
markPrice,294,1003.879088,1006.000,1798
markPrice,296,969.833144,1000.0,1798
markPrice,298,993.790971,1000.0,1798
markPrice,300,998.084617,1000.0,1798
markPrice,302,895.028323,1001.000,1798
markPrice,303,1010.039466,1005.000,1798
markPrice,305,938.749159,1004.000,1798
markPrice,307,987.26525,997.000,1798
markPrice,309,995.147478,1001.000,1798
markPrice,311,1008.73386,998.000,1798
markPrice,312,1046.608591,1004.000,1798
markPrice,314,996.124099,1000.0,1798
markPrice,316,1006.277644,1000.0,1798
markPrice,318,996.896877,1002.000,1798
markPrice,320,982.129079,1000.0,1798
markPrice,321,1016.711051,1005.000,1798
markPrice,323,1058.134039,1000.0,1798
markPrice,325,1020.027953,997.000,1798
markPrice,327,927.792025,998.000,1798
markPrice,329,998.768413,997.000,1798
markPrice,330,1011.669552,1000.0,1798
markPrice,332,1050.066271,1001.000,1798
markPrice,334,1060.774502,1000.0,1798
markPrice,336,999.850334,1002.000,1798
markPrice,338,993.973095,1005.000,1798
markPrice,339,997.491737,994.000,1798
markPrice,341,1017.88495,1001.000,1798
markPrice,343,976.210158,998.000,1798
markPrice,345,1054.023364,1001.000,1798
markPrice,347,1053.975705,1000.0,1798
markPrice,348,950.67031,1000.0,1798
markPrice,350,1033.240388,1000.0,1798
markPrice,352,977.23318,1000.0,1798
markPrice,354,1014.66034,1000.0,1798
markPrice,356,1050.510806,998.000,1798
markPrice,357,902.832853,1000.0,1798
markPrice,359,1011.065411,1000.0,1798
markPrice,361,989.583882,998.000,1798
markPrice,363,996.200351,998.000,1798
markPrice,364,1005.362624,1001.000,1798
markPrice,366,1048.04664,1000.0,1798
markPrice,368,1019.64449,1000.0,1798
markPrice,370,933.594574,999.000,1798
markPrice,372,1000.138639,1001.000,1798
markPrice,373,1009.561981,1000.0,1798
markPrice,375,935.448769,1002.000,1798
markPrice,377,1026.119341,998.000,1798
markPrice,379,1006.096116,999.000,1798
markPrice,381,1027.396842,1000.0,1798
markPrice,382,969.866564,1000.0,1798
markPrice,384,1000.684627,1003.000,1798
markPrice,386,1048.610877,1000.0,1798
markPrice,388,1024.460789,1000.0,1798
markPrice,390,1017.704073,1000.0,1798
markPrice,391,956.348386,1000.0,1798
markPrice,393,999.655913,1000.0,1798
markPrice,395,1000.954279,997.000,1798
markPrice,397,1000.056713,1001.000,1798
markPrice,399,1045.951187,1000.0,1798
markPrice,400,916.042624,1001.000,1798
markPrice,402,996.747253,999.000,1798
markPrice,404,977.690392,998.000,1798
markPrice,406,1004.044187,1000.0,1798
markPrice,408,1008.36707,1004.000,1798
markPrice,409,1043.460179,996.000,1798
markPrice,411,1080.173044,999.000,1798
markPrice,413,936.785709,1001.000,1798
markPrice,415,1000.625745,1002.000,1798
markPrice,417,988.507524,1000.0,1798
markPrice,418,1004.8748,1005.000,1798
markPrice,420,1001.148864,1000.0,1798
markPrice,422,944.718693,1001.000,1798
markPrice,424,983.698909,996.000,1798
markPrice,426,975.154127,997.000,1798
markPrice,427,996.068597,1000.0,1798
markPrice,429,1003.21099,994.000,1798
markPrice,431,1046.997858,1005.000,1798
markPrice,433,1031.71122,995.000,1798
markPrice,435,1004.04566,1000.0,1798
markPrice,436,1030.528007,1000.0,1798
markPrice,438,972.327725,1003.000,1798
markPrice,440,1023.84412,1004.000,1798
markPrice,442,995.938711,998.000,1798
markPrice,444,1003.153881,1000.0,1798
markPrice,445,1012.748077,1000.0,1798
markPrice,447,989.338839,1000.0,1798
markPrice,449,987.3476,999.000,1798
markPrice,451,1000.840144,999.000,1798
markPrice,453,952.768908,1001.000,1798
markPrice,454,1009.535649,1003.000,1798
markPrice,456,943.836604,1005.000,1798
markPrice,458,994.895493,1000.0,1798
markPrice,460,997.350723,994.000,1798
markPrice,462,1001.32596,1000.0,1798
markPrice,463,1053.143771,1000.0,1798
markPrice,465,886.37272,1000.0,1798
markPrice,467,982.289096,997.000,1798
markPrice,469,912.096618,996.000,1798
markPrice,471,996.126774,1000.0,1798
markPrice,472,991.685564,1000.0,1798
markPrice,474,1047.434295,1006.000,1798
markPrice,476,1029.023075,1001.000,1798
markPrice,478,920.644484,1000.0,1798
markPrice,480,994.22046,1000.0,1798
markPrice,481,999.477975,1000.0,1798
markPrice,483,1004.962555,999.000,1798
markPrice,485,1055.198847,992.000,1798
markPrice,487,1004.112742,1000.0,1798
markPrice,489,1000.735889,999.000,1798
markPrice,490,1010.489508,1000.0,1798
markPrice,492,1005.055018,1000.0,1798
markPrice,494,984.512029,1000.0,1798
markPrice,496,1045.220785,1000.0,1798
markPrice,498,1045.819916,1001.000,1798
markPrice,499,954.22362,999.000,1798
markPrice,501,1005.496063,1000.0,1798
markPrice,503,993.275907,999.000,1798
markPrice,505,1001.904444,1000.0,1798
markPrice,507,1060.23295,1000.0,1798
markPrice,508,902.269599,1003.000,1798
markPrice,510,1008.330952,997.000,1798
markPrice,512,998.679504,1000.0,1798
markPrice,514,990.641821,1000.0,1798
markPrice,516,1004.696124,1000.0,1798
markPrice,517,1043.821782,1000.0,1798
markPrice,519,1018.162799,1000.0,1798
markPrice,521,943.370369,991.000,1798
markPrice,523,1006.947694,1003.000,1798
markPrice,525,734.27674,1002.000,1798
markPrice,526,1008.299495,998.000,1798
markPrice,528,1040.04626,997.000,1798
markPrice,530,1002.593917,1000.0,1798
markPrice,532,997.261595,1000.0,1798
markPrice,534,996.21326,1006.000,1798
markPrice,535,1242.873449,993.000,1798
markPrice,537,1029.839607,1000.0,1798
markPrice,539,1045.683539,1000.0,1798
markPrice,541,1039.56617,1000.0,1798
markPrice,542,957.465611,1000.0,1798
markPrice,544,1008.680269,1002.000,1798
markPrice,546,1015.972774,996.000,1798
markPrice,548,1006.876254,1000.0,1798
markPrice,550,955.045524,1000.0,1798
markPrice,551,1005.312229,1000.0,1798
markPrice,553,988.061701,1000.0,1798
markPrice,555,997.652906,1001.000,1798
markPrice,557,1008.020847,1000.0,1798
markPrice,559,999.782838,999.000,1798
markPrice,560,1194.636472,1000.0,1798
markPrice,562,760.229375,1000.0,1798
markPrice,564,940.287215,1001.000,1798
markPrice,566,1018.994697,1000.0,1798
markPrice,568,997.55516,999.000,1798
markPrice,569,998.62334,1000.0,1798
markPrice,571,1036.916036,1002.000,1798
markPrice,573,1002.877802,1004.000,1798
markPrice,575,1012.741528,1002.000,1798
markPrice,577,1031.909995,1000.0,1798
markPrice,578,966.010345,1000.0,1798
markPrice,580,1016.484411,1000.0,1798
markPrice,582,1038.995498,997.000,1798
markPrice,584,1022.350557,998.000,1798
markPrice,586,618.232629,999.000,1798
markPrice,587,988.51502,1000.0,1798
markPrice,589,991.196916,999.000,1798
markPrice,591,1358.6393,997.000,1798
markPrice,593,1064.772431,991.000,1798
markPrice,595,989.287989,1000.0,1798
markPrice,596,1019.437795,1002.000,1798
markPrice,598,995.55826,1006.000,1798
markPrice,600,1008.169799,1002.000,1798
markPrice,602,992.948054,1008.000,1798
markPrice,604,1051.267623,1000.0,1798
markPrice,605,914.906965,1004.000,1798
markPrice,607,1088.235676,995.000,1798
markPrice,609,999.465045,1000.0,1798
markPrice,611,1001.555064,1001.000,1798
markPrice,613,995.356228,1000.0,1798
markPrice,614,1048.965685,1001.000,1798
markPrice,616,1020.648337,1000.0,1798
markPrice,618,993.102208,1005.000,1798
markPrice,620,1001.994245,1002.000,1798
markPrice,622,990.682085,999.000,1798
markPrice,623,1003.501581,1001.000,1798
markPrice,625,1049.977712,997.000,1798
markPrice,627,1017.566721,1007.000,1798
markPrice,629,1000.047556,1000.0,1798
markPrice,631,1010.381457,1000.0,1798
markPrice,632,1021.664455,1001.000,1798
markPrice,634,994.900552,1000.0,1798
markPrice,636,1054.603007,1001.000,1798
markPrice,638,1057.473156,1000.0,1798
markPrice,640,1000.463528,1006.000,1798
markPrice,641,1005.469631,994.000,1798
markPrice,643,1001.011879,1000.0,1798
markPrice,645,1000.738473,1002.000,1798
markPrice,647,1089.028211,1000.0,1798
markPrice,649,1052.440961,1001.000,1798
markPrice,650,1037.960819,999.000,1798
markPrice,652,853.121665,1000.0,1798
markPrice,654,1001.065767,1001.000,1798
markPrice,656,1018.483681,1002.000,1798
markPrice,658,1054.218627,1006.000,1798
markPrice,659,911.917718,998.000,1798
markPrice,661,1007.867493,1010.00,1798
markPrice,663,1012.745285,1000.0,1798
markPrice,665,1010.731174,1000.0,1798
markPrice,667,1000.552209,997.000,1798
markPrice,668,1041.292525,996.000,1798
markPrice,670,1007.679269,1000.0,1798
markPrice,672,937.136126,1000.0,1798
markPrice,674,1010.514245,1001.000,1798
markPrice,676,999.520916,1000.0,1798
markPrice,677,993.984345,1003.000,1798
markPrice,679,1042.322742,1000.0,1798
markPrice,681,1000.793746,995.000,1798
markPrice,683,1009.795128,994.000,1798
markPrice,685,1007.450682,1000.0,1798
markPrice,686,1004.359572,1000.0,1798
markPrice,688,1001.42626,991.000,1798
markPrice,690,1044.851378,1000.0,1798
markPrice,692,1073.181468,1003.000,1798
markPrice,694,930.00756,1000.0,1798
markPrice,695,1003.837855,1000.0,1798
markPrice,697,996.405599,1000.0,1798
markPrice,699,1001.906993,1000.0,1798
markPrice,701,1046.13256,1000.0,1798
markPrice,703,998.242117,1001.000,1798
markPrice,704,998.007434,999.000,1798
markPrice,706,1002.588453,1000.0,1798
markPrice,708,1003.793872,1002.000,1798
markPrice,710,1005.031314,1000.0,1798
markPrice,712,957.295175,1001.000,1798
markPrice,713,1006.281121,999.000,1798
markPrice,715,947.728247,997.000,1798
markPrice,717,998.451422,1006.000,1798
markPrice,719,995.950728,999.000,1798
markPrice,720,998.61852,1000.0,1798
markPrice,722,1042.685248,1002.000,1798
markPrice,724,1019.328119,1003.000,1798
markPrice,726,1013.649897,1005.000,1798
markPrice,728,1003.568673,993.000,1798
markPrice,729,991.964029,999.000,1798
markPrice,731,1010.656055,995.000,1798
markPrice,733,1051.511924,1000.0,1798
markPrice,735,1038.333144,1005.000,1798
markPrice,737,938.177807,1000.0,1798
markPrice,738,984.037191,1000.0,1798
markPrice,740,1014.002006,1001.000,1798
markPrice,742,1028.842432,1001.000,1798
markPrice,744,1035.266377,1002.000,1798
markPrice,746,1011.756405,1000.0,1798
markPrice,747,1043.124202,1001.000,1798
markPrice,749,1000.537472,1001.000,1798
markPrice,751,1002.144651,1000.0,1798
markPrice,753,952.278367,1000.0,1798
markPrice,755,1042.29653,993.000,1798
markPrice,756,927.133598,1004.000,1798
markPrice,758,948.073543,1000.0,1798
markPrice,760,1002.636116,991.000,1798
markPrice,762,995.410036,999.000,1798
markPrice,764,997.615351,1000.0,1798
markPrice,765,1049.295893,1003.000,1798
markPrice,767,903.036608,993.000,1798
markPrice,769,1003.724292,998.000,1798
markPrice,771,997.02215,996.000,1798
markPrice,773,997.334696,1000.0,1798
markPrice,774,1008.968049,1000.0,1798
markPrice,776,1045.514939,1010.00,1798
markPrice,778,1020.974643,1000.0,1798
markPrice,780,927.433641,997.000,1798
markPrice,782,986.06677,991.000,1798
markPrice,783,1008.253756,1001.000,1798
markPrice,785,1029.174037,1000.0,1798
markPrice,787,1058.059069,1008.000,1798
markPrice,789,991.506199,1002.000,1798
markPrice,791,996.44591,997.000,1798
markPrice,792,1004.88544,1001.000,1798
markPrice,794,984.132745,1006.000,1798
markPrice,796,992.558409,999.000,1798
markPrice,798,1048.735539,1001.000,1798
markPrice,800,1034.863667,999.000,1798
markPrice,801,1046.561356,1000.0,1798
markPrice,803,1013.841153,1001.000,1798
markPrice,805,989.698793,1000.0,1798
markPrice,807,980.074229,1000.0,1798
markPrice,809,1054.37005,1000.0,1798
markPrice,810,906.12996,1000.0,1798
markPrice,812,1005.198174,1005.000,1798
markPrice,814,1002.298746,1000.0,1798
markPrice,816,1004.229254,1000.0,1798
markPrice,818,1008.60166,1008.000,1798
markPrice,819,1036.733521,995.000,1798
markPrice,821,1010.436205,1000.0,1798
markPrice,823,960.81213,1006.000,1798
markPrice,825,978.74387,998.000,1798
markPrice,827,992.104254,1000.0,1798
markPrice,828,1037.781016,1005.000,1798
markPrice,830,1042.147864,1000.0,1798
markPrice,832,1010.522171,1000.0,1798
markPrice,834,1014.767652,1000.0,1798
markPrice,836,1003.773841,1002.000,1798
markPrice,837,989.58001,995.000,1798
markPrice,839,1000.928729,1000.0,1798
markPrice,841,1047.835435,991.000,1798
markPrice,843,1030.19914,1000.0,1798
markPrice,845,911.943617,1000.0,1798
markPrice,846,1016.807442,1002.000,1798
markPrice,848,1002.632341,1000.0,1798
markPrice,850,278.541524,1000.0,1798
markPrice,852,1040.391785,1002.000,1798
markPrice,854,997.008892,999.000,1798
markPrice,855,1005.840273,1001.000,1798
markPrice,857,986.94245,999.000,1798
markPrice,859,1007.069991,1000.0,1798
markPrice,861,1005.468762,1000.0,1798
markPrice,863,955.9812,1000.0,1798
markPrice,864,1008.757009,1000.0,1798
markPrice,866,1049.874943,999.000,1798
markPrice,868,831.468145,1002.000,1798
markPrice,870,1006.921831,1002.000,1798
markPrice,872,1101.300016,1000.0,1798
markPrice,873,941.625392,1002.000,1798
markPrice,875,986.439557,1000.0,1798
markPrice,877,991.972036,993.000,1798
markPrice,879,1006.429144,1000.0,1798
markPrice,881,1008.433345,1000.0,1798
markPrice,882,997.846214,1000.0,1798
markPrice,884,1016.918625,1000.0,1798
markPrice,886,1021.789125,998.000,1798
markPrice,888,929.510413,998.000,1798
markPrice,890,1000.208115,1000.0,1798
markPrice,891,1009.78743,1000.0,1798
markPrice,893,993.678812,1000.0,1798
markPrice,895,1049.413007,1009.000,1798
markPrice,897,1016.771177,1000.0,1798
markPrice,899,915.536947,1001.000,1798
markPrice,900,998.635354,997.000,1798
markPrice,902,1010.402933,1000.0,1798
markPrice,904,1014.172179,1002.000,1798
markPrice,906,1061.542343,1004.000,1798
markPrice,907,913.128754,996.000,1798
markPrice,909,1045.201605,1002.000,1798
markPrice,911,997.678987,999.000,1798
markPrice,913,993.945288,1000.0,1798
markPrice,915,1009.191706,1000.0,1798
markPrice,916,1037.831536,1000.0,1798
markPrice,918,915.137079,999.000,1798
markPrice,920,985.055313,1000.0,1798
markPrice,922,1002.860928,997.000,1798
markPrice,924,990.892229,1000.0,1798
markPrice,925,998.327346,1000.0,1798
markPrice,927,1043.638519,1001.000,1798
markPrice,929,1015.241223,1002.000,1798
markPrice,931,934.961112,1000.0,1798
markPrice,933,987.684512,999.000,1798
markPrice,934,1026.559953,1000.0,1798
markPrice,936,999.819076,1000.0,1798
markPrice,938,1048.313662,996.000,1798
markPrice,940,1008.667081,1002.000,1798
markPrice,942,1003.502512,1002.000,1798
markPrice,943,1001.043707,1004.000,1798
markPrice,945,998.135072,1005.000,1798
markPrice,947,988.645731,999.000,1798
markPrice,949,1062.954204,999.000,1798
markPrice,951,1025.763913,1000.0,1798
markPrice,952,1046.144194,999.000,1798
markPrice,954,1018.138609,1001.000,1798
markPrice,956,1012.094576,1000.0,1798
markPrice,958,996.842023,1001.000,1798
markPrice,960,1050.794906,1000.0,1798
markPrice,961,920.309951,1002.000,1798
markPrice,963,1003.536542,1000.0,1798
markPrice,965,994.451821,998.000,1798
markPrice,967,1007.08313,1001.000,1798
markPrice,969,1008.037951,1000.0,1798
markPrice,970,1042.202716,1000.0,1798
markPrice,972,893.011636,998.000,1798
markPrice,974,948.333012,999.000,1798
markPrice,976,990.530364,1000.0,1798
markPrice,978,1003.585643,1000.0,1798
markPrice,979,1002.405759,1004.000,1798
markPrice,981,1043.686563,994.000,1798
markPrice,983,900.614805,1003.000,1798
markPrice,985,883.449858,1000.0,1798
markPrice,987,973.104108,997.000,1798
markPrice,988,1003.907094,1001.000,1798
markPrice,990,998.549373,1000.0,1798
markPrice,992,1049.474991,998.000,1798
markPrice,994,1027.434306,1000.0,1798
markPrice,996,933.388013,1003.000,1798
markPrice,997,978.877447,997.000,1798
markPrice,999,1011.071525,1000.0,1798
markPrice,1001,1019.095359,1002.000,1798
markPrice,1003,1045.476447,1000.0,1798
markPrice,1005,1006.5779,1000.0,1798
markPrice,1006,1006.938311,1002.000,1798
markPrice,1008,1004.303273,1000.0,1798
markPrice,1010,647.371776,1001.000,1798
markPrice,1012,993.037221,998.000,1798
markPrice,1014,1043.162901,1000.0,1798
markPrice,1015,922.713173,1006.000,1798
markPrice,1017,955.920515,1000.0,1798
markPrice,1019,1004.406969,1001.000,1798
markPrice,1021,1002.784191,1000.0,1798
markPrice,1023,999.232941,998.000,1798
markPrice,1024,1108.954977,1001.000,1798
markPrice,1026,1012.278193,1000.0,1798
markPrice,1028,999.622613,1000.0,1798
markPrice,1030,995.904433,999.000,1798
markPrice,1032,1009.595484,1001.000,1798
markPrice,1033,978.895971,998.000,1798
markPrice,1035,1057.742007,1001.000,1798
markPrice,1037,1020.240478,1000.0,1798
markPrice,1039,934.22286,1000.0,1798
markPrice,1041,1009.361707,1002.000,1798
markPrice,1042,991.16365,999.000,1798
markPrice,1044,1022.418378,1000.0,1798
markPrice,1046,1048.051047,1002.000,1798
markPrice,1048,1004.221624,1000.0,1798
markPrice,1050,999.753646,1002.000,1798
markPrice,1051,992.028812,998.000,1798
markPrice,1053,993.458301,999.000,1798
markPrice,1055,1033.389814,1000.0,1798
markPrice,1057,1051.301506,1000.0,1798
markPrice,1059,1049.304522,1000.0,1798
markPrice,1060,1036.539364,1000.0,1798
markPrice,1062,986.811481,1000.0,1798
markPrice,1064,994.12124,999.000,1798
markPrice,1066,1018.33665,1000.0,1798
markPrice,1068,1045.018488,999.000,1798
markPrice,1069,926.987994,1000.0,1798
markPrice,1071,998.134496,999.000,1798
markPrice,1073,1001.784391,994.000,1798
markPrice,1075,978.530241,1000.0,1798
markPrice,1077,1208.408937,1000.0,1798
markPrice,1078,835.145918,1000.0,1798
markPrice,1080,917.887319,1000.0,1798
markPrice,1082,950.300883,1001.000,1798
markPrice,1084,1006.907675,1001.000,1798
markPrice,1085,1006.07279,999.000,1798
markPrice,1087,989.907313,1001.000,1798
markPrice,1089,1130.500761,1000.0,1798
markPrice,1091,1021.521681,1002.000,1798
markPrice,1093,992.582283,1000.0,1798
markPrice,1094,1006.042494,1003.000,1798
markPrice,1096,1007.211124,1000.0,1798
markPrice,1098,1007.852032,1000.0,1798
markPrice,1100,1045.108489,1001.000,1798
markPrice,1102,987.720466,997.000,1798
markPrice,1103,1049.881964,1000.0,1798
markPrice,1105,1000.35237,1000.0,1798
markPrice,1107,974.706912,993.000,1798
markPrice,1109,1001.512354,1000.0,1798
markPrice,1111,1047.777737,999.000,1798
markPrice,1112,926.111378,1003.000,1798
markPrice,1114,996.178115,999.000,1798
markPrice,1116,973.051635,1000.0,1798
markPrice,1118,1001.223005,995.000,1798
markPrice,1120,1011.558192,1000.0,1798
markPrice,1121,1027.871137,1000.0,1798
markPrice,1123,915.489348,1000.0,1798
markPrice,1125,954.026622,1000.0,1798
markPrice,1127,946.966189,994.000,1798
markPrice,1129,1000.339338,1000.0,1798
markPrice,1130,994.037194,1000.0,1798
markPrice,1132,1043.16458,996.000,1798
markPrice,1134,1002.508752,1000.0,1798
markPrice,1136,1030.553767,998.000,1798
markPrice,1138,998.375285,1006.000,1798
markPrice,1139,1000.865493,992.000,1798
markPrice,1141,995.644907,997.000,1798
markPrice,1143,1046.303168,1000.0,1798
markPrice,1145,1009.672204,1003.000,1798
markPrice,1147,397.666554,1000.0,1798
markPrice,1148,1001.902101,1000.0,1798
markPrice,1150,1008.43387,999.000,1798
markPrice,1152,988.843991,1000.0,1798
markPrice,1154,1043.998841,996.000,1798
markPrice,1156,997.287871,1000.0,1798
markPrice,1157,1001.318529,1000.0,1798
markPrice,1159,1009.127864,999.000,1798
markPrice,1161,998.625747,998.000,1798
markPrice,1163,1005.995396,1000.0,1798
markPrice,1165,1047.903266,1000.0,1798
markPrice,1166,939.667631,1001.000,1798
markPrice,1168,1316.197077,1002.000,1798
markPrice,1170,994.006883,999.000,1798
markPrice,1172,994.169291,1000.0,1798
markPrice,1174,975.838974,1000.0,1798
markPrice,1175,1045.646032,1000.0,1798
markPrice,1177,927.230183,1000.0,1798
markPrice,1179,996.646717,999.000,1798
markPrice,1181,997.270773,1000.0,1798
markPrice,1183,1000.808339,1000.0,1798
markPrice,1184,1008.977523,1001.000,1798
markPrice,1186,1022.616361,1000.0,1798
markPrice,1188,1017.670107,1000.0,1798
markPrice,1190,940.898724,1000.0,1798
markPrice,1192,1004.787438,1003.000,1798
markPrice,1193,992.058118,997.000,1798
markPrice,1195,1006.251305,1000.0,1798
markPrice,1197,1043.238461,1003.000,1798
markPrice,1199,1022.566432,993.000,1798
markPrice,1201,997.722662,1000.0,1798
markPrice,1202,1002.795949,1000.0,1798
markPrice,1204,1000.265399,1000.0,1798
markPrice,1206,999.21134,1005.000,1798
markPrice,1208,1044.085241,1000.0,1798
markPrice,1210,1037.9057,998.000,1798
markPrice,1211,1039.156816,1000.0,1798
markPrice,1213,1012.283144,1001.000,1798
markPrice,1215,982.3862,998.000,1798
markPrice,1217,1001.207584,1000.0,1798
markPrice,1219,920.996779,1000.0,1798
markPrice,1220,923.203802,1006.000,1798
markPrice,1222,997.546012,1000.0,1798
markPrice,1224,936.158434,1000.0,1798
markPrice,1226,860.763765,1000.0,1798
markPrice,1228,1011.962382,999.000,1798
markPrice,1229,1036.014027,1003.000,1798
markPrice,1231,1004.973723,995.000,1798
markPrice,1233,949.09726,1000.0,1798
markPrice,1235,980.069821,1000.0,1798
markPrice,1237,1012.917528,1003.000,1798
markPrice,1238,985.661561,998.000,1798
markPrice,1240,1055.056852,1001.000,1798
markPrice,1242,985.717808,1000.0,1798
markPrice,1244,1008.992955,1000.0,1798
markPrice,1246,1003.627106,1000.0,1798
markPrice,1247,997.106949,1000.0,1798
markPrice,1249,1003.331679,1003.000,1798
markPrice,1251,1051.407829,1010.00,1798
markPrice,1253,1014.060343,1000.0,1798
markPrice,1255,924.855462,999.000,1798
markPrice,1256,1012.85465,1002.000,1798
markPrice,1258,996.298275,1000.0,1798
markPrice,1260,1002.24942,1002.000,1798
markPrice,1262,1051.061042,998.000,1798
markPrice,1263,940.533418,1001.000,1798
markPrice,1265,1000.418162,1000.0,1798
markPrice,1267,993.963417,1000.0,1798
markPrice,1269,989.978843,1000.0,1798
markPrice,1271,1015.803329,1002.000,1798
markPrice,1272,1016.838058,998.000,1798
markPrice,1274,921.200211,1000.0,1798
markPrice,1276,1050.547539,999.000,1798
markPrice,1278,994.98223,1000.0,1798
markPrice,1280,999.403654,1000.0,1798
markPrice,1281,1005.982931,1000.0,1798
markPrice,1283,1039.721969,999.000,1798
markPrice,1285,997.835166,1000.0,1798
markPrice,1287,993.076743,1001.000,1798
markPrice,1289,1002.740143,1000.0,1798
markPrice,1290,1001.342817,1001.000,1798
markPrice,1292,996.835712,1000.0,1798
markPrice,1294,994.14026,1001.000,1798
markPrice,1296,1014.994242,1000.0,1798
markPrice,1298,926.159634,997.000,1798
markPrice,1299,1007.610586,1003.000,1798
markPrice,1301,995.89691,1000.0,1798
markPrice,1303,997.056965,1000.0,1798
markPrice,1305,1045.323909,1003.000,1798
markPrice,1307,987.171978,1000.0,1798
markPrice,1308,1000.760127,1001.000,1798
markPrice,1310,1008.700103,1001.000,1798
markPrice,1312,1006.317998,1002.000,1798
markPrice,1314,986.257962,1000.0,1798
markPrice,1316,1046.874093,1000.0,1798
markPrice,1317,928.864274,1002.000,1798
markPrice,1319,956.302175,999.000,1798
markPrice,1321,1006.51777,1008.000,1798
markPrice,1323,991.847021,999.000,1798
markPrice,1325,1007.151182,1000.0,1798
markPrice,1326,1030.525728,1000.0,1798
markPrice,1328,1061.134205,1000.0,1798
markPrice,1330,1002.002581,1000.0,1798
markPrice,1332,996.619921,1000.0,1798
markPrice,1334,1003.259891,998.000,1798
markPrice,1335,1000.586227,999.000,1798
markPrice,1337,1069.831527,996.000,1798
markPrice,1339,1048.768619,999.000,1798
markPrice,1341,943.787985,999.000,1798
markPrice,1343,990.515592,1001.000,1798
markPrice,1344,1004.688041,999.000,1798
markPrice,1346,1027.876291,1000.0,1798
markPrice,1348,1050.575192,1000.0,1798
markPrice,1350,626.622833,998.000,1798
markPrice,1352,1002.156236,1000.0,1798
markPrice,1353,994.306231,1006.000,1798
markPrice,1355,1002.934291,1008.000,1798
markPrice,1357,1010.917149,1001.000,1798
markPrice,1359,1040.954212,999.000,1798
markPrice,1361,1021.668877,994.000,1798
markPrice,1362,1048.702092,997.000,1798
markPrice,1364,997.803289,1000.0,1798
markPrice,1366,1024.454528,1000.0,1798
markPrice,1368,1016.888728,1004.000,1798
markPrice,1370,996.011716,1000.0,1798
markPrice,1371,899.433904,1009.000,1798
markPrice,1373,1007.038332,1009.000,1798
markPrice,1375,998.484109,992.000,1798
markPrice,1377,990.553075,1000.0,1798
markPrice,1379,1004.576121,1001.000,1798
markPrice,1380,1038.808244,999.000,1798
markPrice,1382,916.006605,995.000,1798
markPrice,1384,957.744543,1000.0,1798
markPrice,1386,1007.928902,999.000,1798
markPrice,1388,1008.265126,1000.0,1798
markPrice,1389,985.453842,1000.0,1798
markPrice,1391,1065.49609,992.000,1798
markPrice,1393,995.998933,998.000,1798
markPrice,1395,1004.181613,1007.000,1798
markPrice,1397,996.452774,1000.0,1798
markPrice,1398,1010.205034,1000.0,1798
markPrice,1400,999.519105,997.000,1798
markPrice,1402,1056.243044,1002.000,1798
markPrice,1404,1014.463035,1000.0,1798
markPrice,1406,938.020301,1000.0,1798
markPrice,1407,992.103888,1000.0,1798
markPrice,1409,1007.236115,1001.000,1798
markPrice,1411,998.314974,994.000,1798
markPrice,1413,890.46391,1003.000,1798
markPrice,1415,987.112082,998.000,1798
markPrice,1416,1008.192555,1000.0,1798
markPrice,1418,1005.20883,1000.0,1798
markPrice,1420,998.236731,1000.0,1798
markPrice,1422,1015.295236,1001.000,1798
markPrice,1424,1043.755056,1000.0,1798
markPrice,1425,921.987563,1000.0,1798
markPrice,1427,1052.941165,999.000,1798
markPrice,1429,1012.910221,1002.000,1798
markPrice,1431,1000.272032,1003.000,1798
markPrice,1433,1003.473597,1000.0,1798
markPrice,1434,1041.524468,1000.0,1798
markPrice,1436,936.696247,993.000,1798
markPrice,1438,987.37645,997.000,1798
markPrice,1440,1004.368431,1001.000,1798
markPrice,1441,1000.009052,1002.000,1798
markPrice,1443,1009.807947,1002.000,1798
markPrice,1445,1081.550018,1002.000,1798
markPrice,1447,913.352717,1000.0,1798
markPrice,1449,937.594093,1000.0,1798
markPrice,1450,1017.702639,1000.0,1798
markPrice,1452,990.613296,1000.0,1798
markPrice,1454,988.903887,999.000,1798
markPrice,1456,1076.58097,1000.0,1798
markPrice,1458,1001.989877,1000.0,1798
markPrice,1459,998.658558,1000.0,1798
markPrice,1461,1366.84704,1003.000,1798
markPrice,1463,999.492558,1000.0,1798
markPrice,1465,995.552549,999.000,1798
markPrice,1467,1046.188475,1000.0,1798
markPrice,1468,938.08503,1001.000,1798
markPrice,1470,1037.842887,1000.0,1798
markPrice,1472,991.330489,999.000,1798
markPrice,1474,981.422315,1000.0,1798
markPrice,1476,1007.226315,1001.000,1798
markPrice,1477,1036.469115,1000.0,1798
markPrice,1479,925.360113,1001.000,1798
markPrice,1481,1004.153543,1000.0,1798
markPrice,1483,989.560322,1005.000,1798
markPrice,1485,1021.339289,1000.0,1798
markPrice,1486,1003.78539,1003.000,1798
markPrice,1488,1044.406926,1000.0,1798
markPrice,1490,1034.583719,1000.0,1798
markPrice,1492,936.735282,998.000,1798
markPrice,1494,990.236728,998.000,1798
markPrice,1495,1008.032325,1002.000,1798
markPrice,1497,980.472903,990.00,1798
markPrice,1499,1047.234464,1003.000,1798
markPrice,1501,1007.4168,1004.000,1798
markPrice,1503,981.22999,990.00,1798
markPrice,1504,998.815371,1000.0,1798
markPrice,1506,1003.091447,1004.000,1798
markPrice,1508,1027.206747,1000.0,1798
markPrice,1510,1048.424433,1005.000,1798
markPrice,1512,1025.929558,1000.0,1798
markPrice,1513,1048.318753,1000.0,1798
markPrice,1515,1010.168981,1001.000,1798
markPrice,1517,986.952117,997.000,1798
markPrice,1519,996.754457,999.000,1798
markPrice,1521,1046.670444,1004.000,1798
markPrice,1522,929.559321,994.000,1798
markPrice,1524,1003.920562,1000.0,1798
markPrice,1526,1009.051712,1000.0,1798
markPrice,1528,994.997514,1000.0,1798
markPrice,1530,991.191954,1000.0,1798
markPrice,1531,1032.883093,1001.000,1798
markPrice,1533,923.671678,996.000,1798
markPrice,1535,935.295791,994.000,1798
markPrice,1537,998.552859,1003.000,1798
markPrice,1539,999.99344,1001.000,1798
markPrice,1540,1004.760704,999.000,1798
markPrice,1542,1031.575092,1001.000,1798
markPrice,1544,1013.090966,1000.0,1798
markPrice,1546,1004.28983,1000.0,1798
markPrice,1548,998.211126,1000.0,1798
markPrice,1549,1012.525586,1000.0,1798
markPrice,1551,1041.561243,1004.000,1798
markPrice,1553,1037.375598,1000.0,1798
markPrice,1555,1025.208339,1000.0,1798
markPrice,1557,931.325654,1000.0,1798
markPrice,1558,992.714158,1000.0,1798
markPrice,1560,1013.115124,1000.0,1798
markPrice,1562,999.722036,1000.0,1798
markPrice,1564,1056.837762,1007.000,1798
markPrice,1566,1004.828012,1000.0,1798
markPrice,1567,1001.587999,1000.0,1798
markPrice,1569,1003.440434,1000.0,1798
markPrice,1571,1013.079961,1003.000,1798
markPrice,1573,976.798065,1000.0,1798
markPrice,1575,1048.815366,1002.000,1798
markPrice,1576,932.631046,1000.0,1798
markPrice,1578,962.295558,1000.0,1798
markPrice,1580,988.805206,992.000,1798
markPrice,1582,1001.465652,999.000,1798
markPrice,1584,994.205483,998.000,1798
markPrice,1585,1033.60847,1004.000,1798
markPrice,1587,961.065996,1000.0,1798
markPrice,1589,1007.771154,1000.0,1798
markPrice,1591,906.383458,999.000,1798
markPrice,1593,1008.815952,1001.000,1798
markPrice,1594,1005.867526,1000.0,1798
markPrice,1596,1027.711455,1004.000,1798
markPrice,1598,1006.354612,1000.0,1798
markPrice,1600,1046.22002,995.000,1798
markPrice,1602,978.835684,1000.0,1798
markPrice,1603,1027.131808,1002.000,1798
markPrice,1605,1012.936058,1000.0,1798
markPrice,1607,1044.285494,1000.0,1798
markPrice,1609,999.993027,1000.0,1798
markPrice,1611,1002.029591,999.000,1798
markPrice,1612,1003.914288,1003.000,1798
markPrice,1614,991.898671,1000.0,1798
markPrice,1616,1045.424428,992.000,1798
markPrice,1618,1028.117469,994.000,1798
markPrice,1619,935.780598,999.000,1798
markPrice,1621,1047.046896,1000.0,1798
markPrice,1623,993.258299,998.000,1798
markPrice,1625,1005.413259,1003.000,1798
markPrice,1627,998.741081,996.000,1798
markPrice,1628,1011.839432,1000.0,1798
markPrice,1630,916.319127,999.000,1798
markPrice,1632,999.887339,1003.000,1798
markPrice,1634,1010.100303,1002.000,1798
markPrice,1636,1008.97874,1000.0,1798
markPrice,1637,984.621922,999.000,1798
markPrice,1639,1038.324259,1001.000,1798
markPrice,1641,926.668376,1000.0,1798
markPrice,1643,922.483484,1009.000,1798
markPrice,1645,1005.256712,1002.000,1798
markPrice,1646,1021.965967,998.000,1798
markPrice,1648,990.595823,996.000,1798
markPrice,1650,1024.395748,999.000,1798
markPrice,1652,1000.80742,1000.0,1798
markPrice,1654,998.145426,1000.0,1798
markPrice,1655,996.442019,998.000,1798
markPrice,1657,990.86364,1000.0,1798
markPrice,1659,990.038691,1002.000,1798
markPrice,1661,1030.348637,992.000,1798
markPrice,1663,1012.934921,994.000,1798
markPrice,1664,1050.937333,1000.0,1798
markPrice,1666,1003.774452,1000.0,1798
markPrice,1668,1007.591711,1000.0,1798
markPrice,1670,1007.326785,999.000,1798
markPrice,1672,1045.124287,1003.000,1798
markPrice,1673,928.970965,997.000,1798
markPrice,1675,998.468947,1000.0,1798
markPrice,1677,1023.938332,1003.000,1798
markPrice,1679,990.421276,998.000,1798
markPrice,1681,1017.826097,1000.0,1798
markPrice,1682,1012.741764,1000.0,1798
markPrice,1684,916.992853,994.000,1798
markPrice,1686,961.65865,1000.0,1798
markPrice,1688,993.938958,1000.0,1798
markPrice,1690,992.76904,1003.000,1798
markPrice,1691,996.768699,997.000,1798
markPrice,1693,1038.88509,1000.0,1798
markPrice,1695,1005.515918,1000.0,1798
markPrice,1697,996.27369,1002.000,1798
markPrice,1699,997.407444,1002.000,1798
markPrice,1700,1008.681791,997.000,1798
markPrice,1702,983.258691,1000.0,1798
markPrice,1704,1052.351206,1000.0,1798
markPrice,1706,1015.718667,1000.0,1798
markPrice,1708,937.041181,1000.0,1798
markPrice,1709,994.21528,1000.0,1798
markPrice,1711,997.666997,997.000,1798
markPrice,1713,990.222144,998.000,1798
markPrice,1715,1056.867523,1000.0,1798
markPrice,1717,999.668371,1000.0,1798
markPrice,1718,997.070617,1000.0,1798
markPrice,1720,1046.205244,1000.0,1798
markPrice,1722,1018.364114,1002.000,1798
markPrice,1724,1000.066742,997.000,1798
markPrice,1726,1046.487759,1000.0,1798
markPrice,1727,931.398867,1000.0,1798
markPrice,1729,1047.878433,1000.0,1798
markPrice,1731,1009.076842,1002.000,1798
markPrice,1733,1001.959481,999.000,1798
markPrice,1735,997.026022,1000.0,1798
markPrice,1736,1028.24668,1002.000,1798
markPrice,1738,915.385709,1001.000,1798
markPrice,1740,999.354799,1000.0,1798
markPrice,1742,1000.72832,1000.0,1798
markPrice,1744,991.84593,998.000,1798
markPrice,1745,1005.657736,1000.0,1798
markPrice,1747,1058.462671,1004.000,1798
markPrice,1749,1014.608584,1001.000,1798
markPrice,1751,1046.742768,1003.000,1798
markPrice,1753,1017.048792,1001.000,1798
markPrice,1754,973.907001,998.000,1798
markPrice,1756,1014.969614,1002.000,1798
markPrice,1758,1045.100221,1000.0,1798
markPrice,1760,999.654671,1000.0,1798
markPrice,1762,983.434476,999.000,1798
markPrice,1763,1000.633626,1000.0,1798
markPrice,1765,1004.755606,1000.0,1798
markPrice,1767,970.33632,1000.0,1798
markPrice,1769,1042.819539,1004.000,1798
markPrice,1771,1031.806894,1004.000,1798
markPrice,1772,1048.522616,996.000,1798
markPrice,1774,1008.848171,1001.000,1798
markPrice,1776,1010.052616,1002.000,1798
markPrice,1778,1003.357221,1002.000,1798
markPrice,1780,1021.737805,1001.000,1798
markPrice,1781,940.057791,1001.000,1798
markPrice,1783,1001.061966,1000.0,1798
markPrice,1785,995.397933,999.000,1798
markPrice,1787,582.741992,1000.0,1798
markPrice,1789,988.570739,995.000,1798
markPrice,1790,1035.398095,1000.0,1798
markPrice,1792,394.486326,1000.0,1798
markPrice,1794,962.849327,997.000,1798
markPrice,1796,1043.670504,1002.000,1798
