symbol,funding_time,funding_rate,mark_price
ETHUSDT,2022-01-01T00:00:00.006000+00:00,0.00010000,
ETHUSDT,2022-01-01T08:00:00.009000+00:00,0.00010000,
ETHUSDT,2022-01-01T16:00:00+00:00,0.00010000,
ETHUSDT,2022-01-02T00:00:00.028000+00:00,0.00003876,
ETHUSDT,2022-01-02T08:00:00+00:00,0.00002263,
ETHUSDT,2022-01-02T16:00:00+00:00,0.00006714,
ETHUSDT,2022-01-03T00:00:00.010000+00:00,0.00006973,
ETHUSDT,2022-01-03T08:00:00.013000+00:00,0.00005084,
ETHUSDT,2022-01-03T16:00:00.018000+00:00,0.00007394,
ETHUSDT,2022-01-04T00:00:00+00:00,0.00010000,
ETHUSDT,2022-01-04T08:00:00.010000+00:00,0.00010000,
ETHUSDT,2022-01-04T16:00:00.002000+00:00,0.00010000,
ETHUSDT,2022-01-05T00:00:00.001000+00:00,0.00010000,
ETHUSDT,2022-01-05T08:00:00.017000+00:00,0.00010000,
ETHUSDT,2022-01-05T16:00:00+00:00,0.00010000,
ETHUSDT,2022-01-06T00:00:00.002000+00:00,0.00005376,
ETHUSDT,2022-01-06T08:00:00.021000+00:00,0.00010000,
ETHUSDT,2022-01-06T16:00:00.006000+00:00,0.00004332,
ETHUSDT,2022-01-07T00:00:00.005000+00:00,0.00001935,
ETHUSDT,2022-01-07T08:00:00+00:00,0.00010000,
ETHUSDT,2022-01-07T16:00:00.001000+00:00,0.00010000,
ETHUSDT,2022-01-08T00:00:00.014000+00:00,0.00010000,
ETHUSDT,2022-01-08T08:00:00.013000+00:00,0.00010000,
ETHUSDT,2022-01-08T16:00:00+00:00,0.00010000,
ETHUSDT,2022-01-09T00:00:00.003000+00:00,0.00010000,
ETHUSDT,2022-01-09T08:00:00+00:00,-0.00007234,
ETHUSDT,2022-01-09T16:00:00+00:00,0.00005470,
ETHUSDT,2022-01-10T00:00:00+00:00,-0.00014593,
ETHUSDT,2022-01-10T08:00:00.010000+00:00,-0.00006361,
ETHUSDT,2022-01-10T16:00:00.007000+00:00,0.00001599,
ETHUSDT,2022-01-11T00:00:00.013000+00:00,0.00010000,
ETHUSDT,2022-01-11T08:00:00.004000+00:00,0.00006198,
ETHUSDT,2022-01-11T16:00:00+00:00,0.00002718,
ETHUSDT,2022-01-12T00:00:00.012000+00:00,-0.00006878,
ETHUSDT,2022-01-12T08:00:00.015000+00:00,0.00008036,
ETHUSDT,2022-01-12T16:00:00+00:00,-0.00019812,
ETHUSDT,2022-01-13T00:00:00.007000+00:00,-0.00002315,
ETHUSDT,2022-01-13T08:00:00+00:00,0.00010000,
ETHUSDT,2022-01-13T16:00:00.014000+00:00,-0.00001444,
ETHUSDT,2022-01-14T00:00:00+00:00,0.00010000,
ETHUSDT,2022-01-14T08:00:00.006000+00:00,0.00010000,
ETHUSDT,2022-01-14T16:00:00.014000+00:00,-0.00001294,
ETHUSDT,2022-01-15T00:00:00+00:00,0.00009632,
ETHUSDT,2022-01-15T08:00:00.002000+00:00,0.00010000,
ETHUSDT,2022-01-15T16:00:00+00:00,0.00010000,
ETHUSDT,2022-01-16T00:00:00+00:00,0.00002224,
ETHUSDT,2022-01-16T08:00:00.017000+00:00,0.00009785,
ETHUSDT,2022-01-16T16:00:00.011000+00:00,0.00008585,
ETHUSDT,2022-01-17T00:00:00.005000+00:00,0.00002683,
ETHUSDT,2022-01-17T08:00:00.006000+00:00,0.00004250,
ETHUSDT,2022-01-17T16:00:00.012000+00:00,-0.00005944,
ETHUSDT,2022-01-18T00:00:00.020000+00:00,0.00007549,
ETHUSDT,2022-01-18T08:00:00+00:00,0.00003626,
ETHUSDT,2022-01-18T16:00:00.013000+00:00,0.00010000,
ETHUSDT,2022-01-19T00:00:00.001000+00:00,0.00010000,
ETHUSDT,2022-01-19T08:00:00+00:00,-0.00001720,
ETHUSDT,2022-01-19T16:00:00+00:00,0.00010000,
ETHUSDT,2022-01-20T00:00:00.015000+00:00,0.00010000,
ETHUSDT,2022-01-20T08:00:00+00:00,0.00010000,
ETHUSDT,2022-01-20T16:00:00+00:00,0.00010000,
ETHUSDT,2022-01-21T00:00:00.007000+00:00,-0.00000805,
ETHUSDT,2022-01-21T08:00:00.015000+00:00,-0.00005915,
ETHUSDT,2022-01-21T16:00:00+00:00,0.00008447,
ETHUSDT,2022-01-22T00:00:00.017000+00:00,0.00007145,
ETHUSDT,2022-01-22T08:00:00.003000+00:00,0.00010000,
ETHUSDT,2022-01-22T16:00:00.021000+00:00,0.00009327,
ETHUSDT,2022-01-23T00:00:00.026000+00:00,0.00010000,
ETHUSDT,2022-01-23T08:00:00.010000+00:00,-0.00005208,
ETHUSDT,2022-01-23T16:00:00.009000+00:00,-0.00013320,
ETHUSDT,2022-01-24T00:00:00.010000+00:00,0.00010000,
ETHUSDT,2022-01-24T08:00:00+00:00,-0.00011775,
ETHUSDT,2022-01-24T16:00:00.021000+00:00,0.00010000,
ETHUSDT,2022-01-25T00:00:00+00:00,0.00001695,
ETHUSDT,2022-01-25T08:00:00+00:00,0.00005831,
ETHUSDT,2022-01-25T16:00:00.012000+00:00,-0.00007880,
ETHUSDT,2022-01-26T00:00:00+00:00,-0.00004048,
ETHUSDT,2022-01-26T08:00:00.001000+00:00,-0.00007941,
ETHUSDT,2022-01-26T16:00:00.005000+00:00,-0.00020069,
ETHUSDT,2022-01-27T00:00:00.004000+00:00,-0.00008756,
ETHUSDT,2022-01-27T08:00:00.004000+00:00,0.00002801,
ETHUSDT,2022-01-27T16:00:00.019000+00:00,-0.00014218,
ETHUSDT,2022-01-28T00:00:00+00:00,-0.00008132,
ETHUSDT,2022-01-28T08:00:00+00:00,-0.00000297,
ETHUSDT,2022-01-28T16:00:00.025000+00:00,-0.00008379,
ETHUSDT,2022-01-29T00:00:00.017000+00:00,-0.00000850,
ETHUSDT,2022-01-29T08:00:00+00:00,0.00010000,
ETHUSDT,2022-01-29T16:00:00.013000+00:00,-0.00000997,
ETHUSDT,2022-01-30T00:00:00.025000+00:00,0.00002848,
ETHUSDT,2022-01-30T08:00:00.009000+00:00,-0.00006536,
ETHUSDT,2022-01-30T16:00:00+00:00,0.00002989,
ETHUSDT,2022-01-31T00:00:00+00:00,0.00005139,
ETHUSDT,2022-01-31T08:00:00+00:00,-0.00010687,
ETHUSDT,2022-01-31T16:00:00+00:00,-0.00001151,
ETHUSDT,2022-02-01T00:00:00.010000+00:00,0.00010000,
ETHUSDT,2022-02-01T08:00:00+00:00,-0.00010276,
ETHUSDT,2022-02-01T16:00:00.004000+00:00,-0.00020797,
ETHUSDT,2022-02-02T00:00:00.004000+00:00,-0.00006256,
ETHUSDT,2022-02-02T08:00:00+00:00,-1.7E-7,
ETHUSDT,2022-02-02T16:00:00.002000+00:00,0.00000407,
ETHUSDT,2022-02-03T00:00:00.002000+00:00,-0.00038034,
ETHUSDT,2022-02-03T08:00:00+00:00,-0.00005850,
ETHUSDT,2022-02-03T16:00:00+00:00,-0.00007881,
ETHUSDT,2022-02-04T00:00:00.018000+00:00,0.00010000,
ETHUSDT,2022-02-04T08:00:00.005000+00:00,0.00008786,
ETHUSDT,2022-02-04T16:00:00.010000+00:00,0.00010000,
ETHUSDT,2022-02-05T00:00:00.014000+00:00,0.00010000,
ETHUSDT,2022-02-05T08:00:00+00:00,0.00007456,
ETHUSDT,2022-02-05T16:00:00+00:00,0.00004351,
ETHUSDT,2022-02-06T00:00:00+00:00,0.00010000,
ETHUSDT,2022-02-06T08:00:00+00:00,0.00010000,
ETHUSDT,2022-02-06T16:00:00+00:00,0.00010000,
ETHUSDT,2022-02-07T00:00:00.003000+00:00,-0.00000725,
ETHUSDT,2022-02-07T08:00:00.014000+00:00,0.00008150,
ETHUSDT,2022-02-07T16:00:00.003000+00:00,0.00001491,
ETHUSDT,2022-02-08T00:00:00.001000+00:00,0.00010000,
ETHUSDT,2022-02-08T08:00:00.003000+00:00,0.00001620,
ETHUSDT,2022-02-08T16:00:00.002000+00:00,0.00007718,
ETHUSDT,2022-02-09T00:00:00+00:00,0.00010000,
ETHUSDT,2022-02-09T08:00:00.005000+00:00,-0.00000162,
ETHUSDT,2022-02-09T16:00:00.001000+00:00,0.00007116,
ETHUSDT,2022-02-10T00:00:00.012000+00:00,-0.00002777,
ETHUSDT,2022-02-10T08:00:00+00:00,-0.00003259,
ETHUSDT,2022-02-10T16:00:00.006000+00:00,0.00001908,
ETHUSDT,2022-02-11T00:00:00+00:00,-0.00011327,
ETHUSDT,2022-02-11T08:00:00.009000+00:00,0.00010000,
ETHUSDT,2022-02-11T16:00:00.015000+00:00,-0.00004783,
ETHUSDT,2022-02-12T00:00:00.020000+00:00,0.00010000,
ETHUSDT,2022-02-12T08:00:00.001000+00:00,0.00010000,
ETHUSDT,2022-02-12T16:00:00.007000+00:00,0.00010000,
ETHUSDT,2022-02-13T00:00:00.022000+00:00,0.00001665,
ETHUSDT,2022-02-13T08:00:00.001000+00:00,0.00006235,
ETHUSDT,2022-02-13T16:00:00.007000+00:00,-0.00002875,
ETHUSDT,2022-02-14T00:00:00.005000+00:00,0.00009155,
ETHUSDT,2022-02-14T08:00:00.013000+00:00,0.00006358,
ETHUSDT,2022-02-14T16:00:00.019000+00:00,0.00010000,
ETHUSDT,2022-02-15T00:00:00.012000+00:00,0.00007379,
ETHUSDT,2022-02-15T08:00:00.005000+00:00,0.00004572,
ETHUSDT,2022-02-15T16:00:00.011000+00:00,-0.00005099,
ETHUSDT,2022-02-16T00:00:00.009000+00:00,0.00010000,
ETHUSDT,2022-02-16T08:00:00.001000+00:00,0.00010000,
ETHUSDT,2022-02-16T16:00:00.014000+00:00,0.00010000,
ETHUSDT,2022-02-17T00:00:00.018000+00:00,0.00010000,
ETHUSDT,2022-02-17T08:00:00+00:00,0.00001611,
ETHUSDT,2022-02-17T16:00:00.010000+00:00,0.00004771,
ETHUSDT,2022-02-18T00:00:00+00:00,-0.00003865,
ETHUSDT,2022-02-18T08:00:00.002000+00:00,-0.00009187,
ETHUSDT,2022-02-18T16:00:00+00:00,0.00003508,
ETHUSDT,2022-02-19T00:00:00.007000+00:00,0.00010000,
ETHUSDT,2022-02-19T08:00:00+00:00,0.00007039,
ETHUSDT,2022-02-19T16:00:00.023000+00:00,0.00004883,
ETHUSDT,2022-02-20T00:00:00.001000+00:00,-0.00003349,
ETHUSDT,2022-02-20T08:00:00.003000+00:00,0.00005414,
ETHUSDT,2022-02-20T16:00:00.001000+00:00,0.00003264,
ETHUSDT,2022-02-21T00:00:00+00:00,0.00007012,
ETHUSDT,2022-02-21T08:00:00.001000+00:00,-0.00014003,
ETHUSDT,2022-02-21T16:00:00.005000+00:00,0.00007007,
ETHUSDT,2022-02-22T00:00:00.005000+00:00,0.00000865,
ETHUSDT,2022-02-22T08:00:00+00:00,-0.00003630,
ETHUSDT,2022-02-22T16:00:00+00:00,0.00005962,
ETHUSDT,2022-02-23T00:00:00.002000+00:00,0.00009188,
ETHUSDT,2022-02-23T08:00:00.005000+00:00,-0.00003926,
ETHUSDT,2022-02-23T16:00:00.010000+00:00,-0.00003644,
ETHUSDT,2022-02-24T00:00:00.008000+00:00,-0.00001113,
ETHUSDT,2022-02-24T08:00:00.003000+00:00,-0.00003560,
ETHUSDT,2022-02-24T16:00:00.001000+00:00,-0.00006140,
ETHUSDT,2022-02-25T00:00:00+00:00,0.00010000,
ETHUSDT,2022-02-25T08:00:00.006000+00:00,0.00010000,
ETHUSDT,2022-02-25T16:00:00.001000+00:00,0.00010000,
ETHUSDT,2022-02-26T00:00:00.004000+00:00,0.00010000,
ETHUSDT,2022-02-26T08:00:00.004000+00:00,0.00010000,
ETHUSDT,2022-02-26T16:00:00.007000+00:00,0.00010000,
ETHUSDT,2022-02-27T00:00:00.012000+00:00,0.00010000,
ETHUSDT,2022-02-27T08:00:00+00:00,0.00000507,
ETHUSDT,2022-02-27T16:00:00+00:00,0.00010000,
ETHUSDT,2022-02-28T00:00:00+00:00,-0.00015064,
ETHUSDT,2022-02-28T08:00:00.001000+00:00,-0.00009020,
ETHUSDT,2022-02-28T16:00:00.002000+00:00,0.00005573,
ETHUSDT,2022-03-01T00:00:00.002000+00:00,0.00010000,
ETHUSDT,2022-03-01T08:00:00.001000+00:00,0.00010000,
ETHUSDT,2022-03-01T16:00:00+00:00,0.00010000,
ETHUSDT,2022-03-02T00:00:00+00:00,0.00010000,
ETHUSDT,2022-03-02T08:00:00+00:00,0.00010000,
ETHUSDT,2022-03-02T16:00:00.002000+00:00,0.00010000,
ETHUSDT,2022-03-03T00:00:00+00:00,0.00010000,
ETHUSDT,2022-03-03T08:00:00+00:00,0.00010000,
ETHUSDT,2022-03-03T16:00:00.005000+00:00,0.00010000,
ETHUSDT,2022-03-04T00:00:00.018000+00:00,0.00010000,
ETHUSDT,2022-03-04T08:00:00+00:00,0.00010000,
ETHUSDT,2022-03-04T16:00:00+00:00,0.00010000,
ETHUSDT,2022-03-05T00:00:00.006000+00:00,0.00005192,
ETHUSDT,2022-03-05T08:00:00.004000+00:00,0.00001520,
ETHUSDT,2022-03-05T16:00:00+00:00,0.00003064,
ETHUSDT,2022-03-06T00:00:00.004000+00:00,-0.00008875,
ETHUSDT,2022-03-06T08:00:00+00:00,0.00005669,
ETHUSDT,2022-03-06T16:00:00.013000+00:00,0.00007500,
ETHUSDT,2022-03-07T00:00:00.008000+00:00,0.00003909,
ETHUSDT,2022-03-07T08:00:00.006000+00:00,-0.00001000,
ETHUSDT,2022-03-07T16:00:00+00:00,0.00008669,
ETHUSDT,2022-03-08T00:00:00.008000+00:00,-0.00010024,
ETHUSDT,2022-03-08T08:00:00.002000+00:00,0.00010000,
ETHUSDT,2022-03-08T16:00:00+00:00,0.00010000,
ETHUSDT,2022-03-09T00:00:00.008000+00:00,0.00006224,
ETHUSDT,2022-03-09T08:00:00+00:00,0.00010000,
ETHUSDT,2022-03-09T16:00:00.004000+00:00,0.00010000,
ETHUSDT,2022-03-10T00:00:00+00:00,0.00010000,
ETHUSDT,2022-03-10T08:00:00.017000+00:00,0.00005560,
ETHUSDT,2022-03-10T16:00:00+00:00,-0.00003951,
ETHUSDT,2022-03-11T00:00:00.008000+00:00,0.00002542,
ETHUSDT,2022-03-11T08:00:00+00:00,-0.00005910,
ETHUSDT,2022-03-11T16:00:00.001000+00:00,0.00008211,
ETHUSDT,2022-03-12T00:00:00.010000+00:00,0.00010000,
ETHUSDT,2022-03-12T08:00:00.001000+00:00,0.00005025,
ETHUSDT,2022-03-12T16:00:00.002000+00:00,0.00006255,
ETHUSDT,2022-03-13T00:00:00.008000+00:00,0.00002116,
ETHUSDT,2022-03-13T08:00:00+00:00,0.00010000,
ETHUSDT,2022-03-13T16:00:00.002000+00:00,-0.00002698,
ETHUSDT,2022-03-14T00:00:00.014000+00:00,-0.00010352,
ETHUSDT,2022-03-14T08:00:00.005000+00:00,0.00010000,
ETHUSDT,2022-03-14T16:00:00.002000+00:00,0.00010000,
ETHUSDT,2022-03-15T00:00:00.008000+00:00,0.00010000,
ETHUSDT,2022-03-15T08:00:00+00:00,-0.00000321,
ETHUSDT,2022-03-15T16:00:00.006000+00:00,-0.00004856,
ETHUSDT,2022-03-16T00:00:00.013000+00:00,0.00010000,
ETHUSDT,2022-03-16T08:00:00+00:00,0.00009131,
ETHUSDT,2022-03-16T16:00:00.008000+00:00,0.00005316,
ETHUSDT,2022-03-17T00:00:00.004000+00:00,0.00010000,
ETHUSDT,2022-03-17T08:00:00+00:00,0.00010000,
ETHUSDT,2022-03-17T16:00:00.004000+00:00,0.00010000,
ETHUSDT,2022-03-18T00:00:00+00:00,0.00010000,
ETHUSDT,2022-03-18T08:00:00+00:00,0.00004709,
ETHUSDT,2022-03-18T16:00:00.017000+00:00,0.00005917,
ETHUSDT,2022-03-19T00:00:00.008000+00:00,0.00010000,
ETHUSDT,2022-03-19T08:00:00.015000+00:00,0.00010000,
ETHUSDT,2022-03-19T16:00:00+00:00,0.00010000,
ETHUSDT,2022-03-20T00:00:00+00:00,0.00010000,
ETHUSDT,2022-03-20T08:00:00.001000+00:00,0.00010000,
ETHUSDT,2022-03-20T16:00:00.002000+00:00,0.00010000,
ETHUSDT,2022-03-21T00:00:00.013000+00:00,0.00010000,
ETHUSDT,2022-03-21T08:00:00.004000+00:00,0.00010000,
ETHUSDT,2022-03-21T16:00:00.010000+00:00,0.00010000,
ETHUSDT,2022-03-22T00:00:00.012000+00:00,0.00010000,
ETHUSDT,2022-03-22T08:00:00.001000+00:00,0.00010000,
ETHUSDT,2022-03-22T16:00:00.022000+00:00,0.00010000,
ETHUSDT,2022-03-23T00:00:00.007000+00:00,0.00010000,
ETHUSDT,2022-03-23T08:00:00+00:00,0.00008504,
ETHUSDT,2022-03-23T16:00:00.006000+00:00,-0.00003582,
ETHUSDT,2022-03-24T00:00:00.013000+00:00,-0.00001813,
ETHUSDT,2022-03-24T08:00:00.006000+00:00,0.00010000,
ETHUSDT,2022-03-24T16:00:00.020000+00:00,0.00010000,
ETHUSDT,2022-03-25T00:00:00.010000+00:00,0.00010000,
ETHUSDT,2022-03-25T08:00:00.001000+00:00,0.00010000,
ETHUSDT,2022-03-25T16:00:00.014000+00:00,0.00010000,
ETHUSDT,2022-03-26T00:00:00.020000+00:00,0.00010000,
ETHUSDT,2022-03-26T08:00:00.006000+00:00,0.00004979,
ETHUSDT,2022-03-26T16:00:00+00:00,0.00010000,
ETHUSDT,2022-03-27T00:00:00.004000+00:00,0.00007576,
ETHUSDT,2022-03-27T08:00:00.001000+00:00,0.00000727,
ETHUSDT,2022-03-27T16:00:00.006000+00:00,-0.00001708,
ETHUSDT,2022-03-28T00:00:00.012000+00:00,0.00010000,
ETHUSDT,2022-03-28T08:00:00.007000+00:00,0.00010000,
ETHUSDT,2022-03-28T16:00:00+00:00,0.00010000,
ETHUSDT,2022-03-29T00:00:00+00:00,0.00010000,
ETHUSDT,2022-03-29T08:00:00.015000+00:00,0.00010000,
ETHUSDT,2022-03-29T16:00:00+00:00,0.00008269,
ETHUSDT,2022-03-30T00:00:00+00:00,0.00010000,
ETHUSDT,2022-03-30T08:00:00.002000+00:00,0.00010000,
ETHUSDT,2022-03-30T16:00:00.028000+00:00,0.00010000,
ETHUSDT,2022-03-31T00:00:00.017000+00:00,0.00010000,
ETHUSDT,2022-03-31T08:00:00+00:00,0.00010000,
ETHUSDT,2022-03-31T16:00:00.015000+00:00,0.00010000,
ETHUSDT,2022-04-01T00:00:00+00:00,0.00010000,
ETHUSDT,2022-04-01T08:00:00+00:00,0.00010000,
ETHUSDT,2022-04-01T16:00:00.018000+00:00,0.00010000,
ETHUSDT,2022-04-02T00:00:00+00:00,0.00010000,
ETHUSDT,2022-04-02T08:00:00.002000+00:00,0.00010000,
ETHUSDT,2022-04-02T16:00:00.006000+00:00,0.00010000,
ETHUSDT,2022-04-03T00:00:00.018000+00:00,0.00010000,
ETHUSDT,2022-04-03T08:00:00.018000+00:00,0.00010000,
ETHUSDT,2022-04-03T16:00:00.015000+00:00,0.00010000,
ETHUSDT,2022-04-04T00:00:00.006000+00:00,0.00010000,
ETHUSDT,2022-04-04T08:00:00+00:00,0.00002896,
ETHUSDT,2022-04-04T16:00:00.016000+00:00,0.00010000,
ETHUSDT,2022-04-05T00:00:00+00:00,0.00010000,
ETHUSDT,2022-04-05T08:00:00.010000+00:00,0.00010000,
ETHUSDT,2022-04-05T16:00:00.008000+00:00,0.00007974,
ETHUSDT,2022-04-06T00:00:00.001000+00:00,0.00009470,
ETHUSDT,2022-04-06T08:00:00.021000+00:00,-0.00014471,
ETHUSDT,2022-04-06T16:00:00+00:00,0.00006028,
ETHUSDT,2022-04-07T00:00:00.009000+00:00,0.00008854,
ETHUSDT,2022-04-07T08:00:00+00:00,-0.00009945,
ETHUSDT,2022-04-07T16:00:00+00:00,0.00004585,
ETHUSDT,2022-04-08T00:00:00+00:00,-0.00009963,
ETHUSDT,2022-04-08T08:00:00.004000+00:00,-0.00003214,
ETHUSDT,2022-04-08T16:00:00.008000+00:00,0.00010000,
ETHUSDT,2022-04-09T00:00:00.008000+00:00,0.00010000,
ETHUSDT,2022-04-09T08:00:00+00:00,0.00010000,
ETHUSDT,2022-04-09T16:00:00.001000+00:00,0.00010000,
ETHUSDT,2022-04-10T00:00:00.004000+00:00,0.00010000,
ETHUSDT,2022-04-10T08:00:00.007000+00:00,0.00010000,
ETHUSDT,2022-04-10T16:00:00.016000+00:00,0.00005980,
ETHUSDT,2022-04-11T00:00:00+00:00,0.00004676,
ETHUSDT,2022-04-11T08:00:00+00:00,0.00010000,
ETHUSDT,2022-04-11T16:00:00.009000+00:00,0.00010000,
ETHUSDT,2022-04-12T00:00:00+00:00,-0.00003306,
ETHUSDT,2022-04-12T08:00:00.006000+00:00,-0.00004036,
ETHUSDT,2022-04-12T16:00:00.013000+00:00,-0.00016064,
ETHUSDT,2022-04-13T00:00:00.005000+00:00,-0.00002262,
ETHUSDT,2022-04-13T08:00:00.008000+00:00,-0.00016876,
ETHUSDT,2022-04-13T16:00:00.013000+00:00,0.00003222,
ETHUSDT,2022-04-14T00:00:00.007000+00:00,-0.00002200,
ETHUSDT,2022-04-14T08:00:00+00:00,0.00005593,
ETHUSDT,2022-04-14T16:00:00.006000+00:00,-0.00003051,
ETHUSDT,2022-04-15T00:00:00.008000+00:00,-0.00012221,
ETHUSDT,2022-04-15T08:00:00.002000+00:00,-0.00003677,
ETHUSDT,2022-04-15T16:00:00+00:00,-0.00000334,
ETHUSDT,2022-04-16T00:00:00.011000+00:00,-0.00002900,
ETHUSDT,2022-04-16T08:00:00.007000+00:00,-0.00012314,
ETHUSDT,2022-04-16T16:00:00.007000+00:00,-0.00003323,
ETHUSDT,2022-04-17T00:00:00+00:00,0.00002480,
ETHUSDT,2022-04-17T08:00:00.004000+00:00,-0.00006458,
ETHUSDT,2022-04-17T16:00:00+00:00,0.00002937,
ETHUSDT,2022-04-18T00:00:00.008000+00:00,-0.00005257,
ETHUSDT,2022-04-18T08:00:00.012000+00:00,-0.00004410,
ETHUSDT,2022-04-18T16:00:00+00:00,-0.00013169,
ETHUSDT,2022-04-19T00:00:00.021000+00:00,0.00008478,
ETHUSDT,2022-04-19T08:00:00.031000+00:00,0.00003976,
ETHUSDT,2022-04-19T16:00:00+00:00,0.00002251,
ETHUSDT,2022-04-20T00:00:00.025000+00:00,0.00010000,
ETHUSDT,2022-04-20T08:00:00.003000+00:00,0.00006595,
ETHUSDT,2022-04-20T16:00:00+00:00,-0.00000105,
ETHUSDT,2022-04-21T00:00:00+00:00,-0.00009577,
ETHUSDT,2022-04-21T08:00:00+00:00,-0.00012991,
ETHUSDT,2022-04-21T16:00:00.024000+00:00,-0.00000956,
ETHUSDT,2022-04-22T00:00:00.008000+00:00,-0.00011914,
ETHUSDT,2022-04-22T08:00:00.008000+00:00,-0.00017158,
ETHUSDT,2022-04-22T16:00:00.008000+00:00,-0.00002649,
ETHUSDT,2022-04-23T00:00:00+00:00,0.00003778,
ETHUSDT,2022-04-23T08:00:00+00:00,-0.00010115,
ETHUSDT,2022-04-23T16:00:00.012000+00:00,-0.00008574,
ETHUSDT,2022-04-24T00:00:00.004000+00:00,-0.00009091,
ETHUSDT,2022-04-24T08:00:00.003000+00:00,-0.00005652,
ETHUSDT,2022-04-24T16:00:00+00:00,0.00000341,
ETHUSDT,2022-04-25T00:00:00.008000+00:00,0.00000321,
ETHUSDT,2022-04-25T08:00:00.018000+00:00,-0.00008588,
ETHUSDT,2022-04-25T16:00:00+00:00,-0.00024996,
ETHUSDT,2022-04-26T00:00:00.014000+00:00,0.00010000,
ETHUSDT,2022-04-26T08:00:00+00:00,0.00010000,
ETHUSDT,2022-04-26T16:00:00.017000+00:00,0.00004991,
ETHUSDT,2022-04-27T00:00:00.012000+00:00,-0.00014242,
ETHUSDT,2022-04-27T08:00:00+00:00,-0.00025690,
ETHUSDT,2022-04-27T16:00:00.002000+00:00,0.00002591,
ETHUSDT,2022-04-28T00:00:00+00:00,-0.00001675,
ETHUSDT,2022-04-28T08:00:00.004000+00:00,-0.00005776,
ETHUSDT,2022-04-28T16:00:00.030000+00:00,0.00010000,
ETHUSDT,2022-04-29T00:00:00+00:00,0.00010000,
ETHUSDT,2022-04-29T08:00:00.016000+00:00,0.00010000,
ETHUSDT,2022-04-29T16:00:00.010000+00:00,0.00004578,
ETHUSDT,2022-04-30T00:00:00+00:00,-0.00008896,
ETHUSDT,2022-04-30T08:00:00.005000+00:00,-0.00005202,
ETHUSDT,2022-04-30T16:00:00.015000+00:00,-0.00005736,
ETHUSDT,2022-05-01T00:00:00+00:00,-0.00007153,
ETHUSDT,2022-05-01T08:00:00+00:00,-0.00016213,
ETHUSDT,2022-05-01T16:00:00.010000+00:00,-0.00004432,
ETHUSDT,2022-05-02T00:00:00.018000+00:00,0.00004920,
ETHUSDT,2022-05-02T08:00:00.007000+00:00,-0.00007704,
ETHUSDT,2022-05-02T16:00:00+00:00,-0.00000236,
ETHUSDT,2022-05-03T00:00:00.006000+00:00,0.00008762,
ETHUSDT,2022-05-03T08:00:00+00:00,0.00006446,
ETHUSDT,2022-05-03T16:00:00.021000+00:00,0.00008725,
ETHUSDT,2022-05-04T00:00:00.007000+00:00,0.00009221,
ETHUSDT,2022-05-04T08:00:00.011000+00:00,0.00010000,
ETHUSDT,2022-05-04T16:00:00+00:00,0.00010000,
ETHUSDT,2022-05-05T00:00:00.005000+00:00,0.00010000,
ETHUSDT,2022-05-05T08:00:00.019000+00:00,0.00010000,
ETHUSDT,2022-05-05T16:00:00.005000+00:00,0.00010000,
ETHUSDT,2022-05-06T00:00:00.005000+00:00,-0.00005032,
ETHUSDT,2022-05-06T08:00:00.001000+00:00,-0.00004640,
ETHUSDT,2022-05-06T16:00:00.010000+00:00,-0.00000246,
ETHUSDT,2022-05-07T00:00:00.004000+00:00,0.00005836,
ETHUSDT,2022-05-07T08:00:00.016000+00:00,0.00010000,
ETHUSDT,2022-05-07T16:00:00.011000+00:00,0.00007282,
ETHUSDT,2022-05-08T00:00:00+00:00,0.00009867,
ETHUSDT,2022-05-08T08:00:00.007000+00:00,0.00010000,
ETHUSDT,2022-05-08T16:00:00.015000+00:00,0.00010000,
ETHUSDT,2022-05-09T00:00:00+00:00,0.00010000,
ETHUSDT,2022-05-09T08:00:00.001000+00:00,0.00009424,
ETHUSDT,2022-05-09T16:00:00+00:00,0.00009769,
ETHUSDT,2022-05-10T00:00:00+00:00,0.00009833,
ETHUSDT,2022-05-10T08:00:00.007000+00:00,0.00006098,
ETHUSDT,2022-05-10T16:00:00.008000+00:00,0.00010000,
ETHUSDT,2022-05-11T00:00:00.004000+00:00,0.00007598,
ETHUSDT,2022-05-11T08:00:00.007000+00:00,0.00010000,
ETHUSDT,2022-05-11T16:00:00.008000+00:00,0.00007639,
ETHUSDT,2022-05-12T00:00:00.014000+00:00,-0.00018602,
ETHUSDT,2022-05-12T08:00:00+00:00,-0.00079682,
ETHUSDT,2022-05-12T16:00:00.007000+00:00,-0.00028645,
ETHUSDT,2022-05-13T00:00:00.014000+00:00,-0.00009107,
ETHUSDT,2022-05-13T08:00:00.001000+00:00,-0.00016008,
ETHUSDT,2022-05-13T16:00:00+00:00,-0.00002742,
ETHUSDT,2022-05-14T00:00:00+00:00,0.00005029,
ETHUSDT,2022-05-14T08:00:00+00:00,0.00009124,
ETHUSDT,2022-05-14T16:00:00.001000+00:00,0.00006884,
ETHUSDT,2022-05-15T00:00:00+00:00,0.00010000,
ETHUSDT,2022-05-15T08:00:00+00:00,0.00007136,
ETHUSDT,2022-05-15T16:00:00+00:00,0.00007168,
ETHUSDT,2022-05-16T00:00:00.021000+00:00,0.00010000,
ETHUSDT,2022-05-16T08:00:00.013000+00:00,0.00010000,
ETHUSDT,2022-05-16T16:00:00.006000+00:00,-0.00000334,
ETHUSDT,2022-05-17T00:00:00+00:00,0.00001965,
ETHUSDT,2022-05-17T08:00:00.010000+00:00,-0.00010278,
ETHUSDT,2022-05-17T16:00:00.023000+00:00,0.00000848,
ETHUSDT,2022-05-18T00:00:00.003000+00:00,0.00007107,
ETHUSDT,2022-05-18T08:00:00.024000+00:00,-0.00001537,
ETHUSDT,2022-05-18T16:00:00.014000+00:00,-0.00007218,
ETHUSDT,2022-05-19T00:00:00+00:00,-0.00005373,
ETHUSDT,2022-05-19T08:00:00.008000+00:00,0.00000490,
ETHUSDT,2022-05-19T16:00:00.015000+00:00,0.00003757,
ETHUSDT,2022-05-20T00:00:00.001000+00:00,0.00010000,
ETHUSDT,2022-05-20T08:00:00.003000+00:00,0.00010000,
ETHUSDT,2022-05-20T16:00:00.012000+00:00,0.00006647,
ETHUSDT,2022-05-21T00:00:00.008000+00:00,0.00009991,
ETHUSDT,2022-05-21T08:00:00.001000+00:00,-0.00002669,
ETHUSDT,2022-05-21T16:00:00.007000+00:00,-0.00000360,
ETHUSDT,2022-05-22T00:00:00.003000+00:00,0.00004308,
ETHUSDT,2022-05-22T08:00:00.016000+00:00,0.00005296,
ETHUSDT,2022-05-22T16:00:00+00:00,0.00010000,
ETHUSDT,2022-05-23T00:00:00.011000+00:00,0.00010000,
ETHUSDT,2022-05-23T08:00:00+00:00,0.00010000,
ETHUSDT,2022-05-23T16:00:00.023000+00:00,0.00010000,
ETHUSDT,2022-05-24T00:00:00.011000+00:00,-0.00007860,
ETHUSDT,2022-05-24T08:00:00+00:00,-0.00004871,
ETHUSDT,2022-05-24T16:00:00.009000+00:00,-0.00004040,
ETHUSDT,2022-05-25T00:00:00.001000+00:00,0.00001228,
ETHUSDT,2022-05-25T08:00:00+00:00,0.00010000,
ETHUSDT,2022-05-25T16:00:00.015000+00:00,0.00006424,
ETHUSDT,2022-05-26T00:00:00.005000+00:00,0.00010000,
ETHUSDT,2022-05-26T08:00:00.001000+00:00,0.00003287,
ETHUSDT,2022-05-26T16:00:00+00:00,-0.00014343,
ETHUSDT,2022-05-27T00:00:00.007000+00:00,0.00010000,
ETHUSDT,2022-05-27T08:00:00.008000+00:00,-0.00000153,
ETHUSDT,2022-05-27T16:00:00+00:00,0.00005350,
ETHUSDT,2022-05-28T00:00:00.018000+00:00,0.00010000,
ETHUSDT,2022-05-28T08:00:00.016000+00:00,0.00006376,
ETHUSDT,2022-05-28T16:00:00.013000+00:00,0.00003132,
ETHUSDT,2022-05-29T00:00:00+00:00,0.00010000,
ETHUSDT,2022-05-29T08:00:00.025000+00:00,0.00001764,
ETHUSDT,2022-05-29T16:00:00.002000+00:00,0.00001830,
ETHUSDT,2022-05-30T00:00:00+00:00,0.00006492,
ETHUSDT,2022-05-30T08:00:00.013000+00:00,0.00001622,
ETHUSDT,2022-05-30T16:00:00.005000+00:00,0.00010000,
ETHUSDT,2022-05-31T00:00:00.016000+00:00,0.00007761,
ETHUSDT,2022-05-31T08:00:00+00:00,0.00010000,
ETHUSDT,2022-05-31T16:00:00+00:00,0.00010000,
ETHUSDT,2022-06-01T00:00:00+00:00,0.00010000,
ETHUSDT,2022-06-01T08:00:00.011000+00:00,0.00010000,
ETHUSDT,2022-06-01T16:00:00+00:00,0.00010000,
ETHUSDT,2022-06-02T00:00:00+00:00,-0.00008505,
ETHUSDT,2022-06-02T08:00:00.006000+00:00,0.00004628,
ETHUSDT,2022-06-02T16:00:00.021000+00:00,0.00003599,
ETHUSDT,2022-06-03T00:00:00.016000+00:00,0.00005262,
ETHUSDT,2022-06-03T08:00:00.016000+00:00,0.00010000,
ETHUSDT,2022-06-03T16:00:00.012000+00:00,0.00002737,
ETHUSDT,2022-06-04T00:00:00.005000+00:00,0.00010000,
ETHUSDT,2022-06-04T08:00:00+00:00,0.00010000,
ETHUSDT,2022-06-04T16:00:00.007000+00:00,0.00003000,
ETHUSDT,2022-06-05T00:00:00.005000+00:00,0.00003407,
ETHUSDT,2022-06-05T08:00:00.015000+00:00,0.00005246,
ETHUSDT,2022-06-05T16:00:00+00:00,0.00005865,
ETHUSDT,2022-06-06T00:00:00+00:00,0.00010000,
ETHUSDT,2022-06-06T08:00:00.017000+00:00,0.00009597,
ETHUSDT,2022-06-06T16:00:00+00:00,0.00010000,
ETHUSDT,2022-06-07T00:00:00+00:00,0.00010000,
ETHUSDT,2022-06-07T08:00:00.011000+00:00,-0.00003071,
ETHUSDT,2022-06-07T16:00:00+00:00,0.00001156,
ETHUSDT,2022-06-08T00:00:00.008000+00:00,0.00010000,
ETHUSDT,2022-06-08T08:00:00.020000+00:00,0.00007041,
ETHUSDT,2022-06-08T16:00:00.012000+00:00,0.00010000,
ETHUSDT,2022-06-09T00:00:00+00:00,0.00010000,
ETHUSDT,2022-06-09T08:00:00+00:00,0.00005421,
ETHUSDT,2022-06-09T16:00:00+00:00,0.00010000,
ETHUSDT,2022-06-10T00:00:00.009000+00:00,0.00010000,
ETHUSDT,2022-06-10T08:00:00+00:00,0.00010000,
ETHUSDT,2022-06-10T16:00:00.006000+00:00,-0.00010846,
ETHUSDT,2022-06-11T00:00:00.018000+00:00,-0.00013495,
ETHUSDT,2022-06-11T08:00:00.014000+00:00,-0.00018605,
ETHUSDT,2022-06-11T16:00:00+00:00,-0.00009290,
ETHUSDT,2022-06-12T00:00:00.015000+00:00,-0.00006025,
ETHUSDT,2022-06-12T08:00:00.019000+00:00,-0.00009914,
ETHUSDT,2022-06-12T16:00:00.010000+00:00,-0.00006827,
ETHUSDT,2022-06-13T00:00:00.009000+00:00,0.00001579,
ETHUSDT,2022-06-13T08:00:00+00:00,-0.00000219,
ETHUSDT,2022-06-13T16:00:00.007000+00:00,-0.00005144,
ETHUSDT,2022-06-14T00:00:00.013000+00:00,-0.00004066,
ETHUSDT,2022-06-14T08:00:00.008000+00:00,-0.00005061,
ETHUSDT,2022-06-14T16:00:00.006000+00:00,-0.00002999,
ETHUSDT,2022-06-15T00:00:00+00:00,-0.00005370,
ETHUSDT,2022-06-15T08:00:00.016000+00:00,-0.00016430,
ETHUSDT,2022-06-15T16:00:00.008000+00:00,-0.00000952,
ETHUSDT,2022-06-16T00:00:00.009000+00:00,-0.00001444,
ETHUSDT,2022-06-16T08:00:00.016000+00:00,0.00006616,
ETHUSDT,2022-06-16T16:00:00+00:00,-0.00010424,
ETHUSDT,2022-06-17T00:00:00.008000+00:00,-0.00012406,
ETHUSDT,2022-06-17T08:00:00.003000+00:00,-0.00005634,
ETHUSDT,2022-06-17T16:00:00+00:00,-0.00014982,
ETHUSDT,2022-06-18T00:00:00.020000+00:00,-0.00007277,
ETHUSDT,2022-06-18T08:00:00.025000+00:00,-0.00029164,
ETHUSDT,2022-06-18T16:00:00.014000+00:00,-0.00007606,
ETHUSDT,2022-06-19T00:00:00.012000+00:00,-0.00018722,
ETHUSDT,2022-06-19T08:00:00.012000+00:00,-0.00017690,
ETHUSDT,2022-06-19T16:00:00.008000+00:00,0.00010000,
ETHUSDT,2022-06-20T00:00:00.016000+00:00,0.00010000,
ETHUSDT,2022-06-20T08:00:00+00:00,-0.00002176,
ETHUSDT,2022-06-20T16:00:00.013000+00:00,0.00008444,
ETHUSDT,2022-06-21T00:00:00.012000+00:00,0.00006015,
ETHUSDT,2022-06-21T08:00:00.018000+00:00,0.00004698,
ETHUSDT,2022-06-21T16:00:00.010000+00:00,0.00005330,
ETHUSDT,2022-06-22T00:00:00+00:00,-0.00004890,
ETHUSDT,2022-06-22T08:00:00.001000+00:00,-0.00002551,
ETHUSDT,2022-06-22T16:00:00.012000+00:00,-0.00008679,
ETHUSDT,2022-06-23T00:00:00+00:00,-0.00004408,
ETHUSDT,2022-06-23T08:00:00+00:00,-0.00006496,
ETHUSDT,2022-06-23T16:00:00.016000+00:00,-0.00010151,
ETHUSDT,2022-06-24T00:00:00.005000+00:00,0.00004046,
ETHUSDT,2022-06-24T08:00:00.004000+00:00,0.00008003,
ETHUSDT,2022-06-24T16:00:00.018000+00:00,0.00010000,
ETHUSDT,2022-06-25T00:00:00.001000+00:00,-0.00003928,
ETHUSDT,2022-06-25T08:00:00.010000+00:00,0.00003156,
ETHUSDT,2022-06-25T16:00:00+00:00,0.00000642,
ETHUSDT,2022-06-26T00:00:00.002000+00:00,0.00010000,
ETHUSDT,2022-06-26T08:00:00.016000+00:00,0.00002837,
ETHUSDT,2022-06-26T16:00:00.006000+00:00,-0.00008522,
ETHUSDT,2022-06-27T00:00:00.008000+00:00,-0.00010252,
ETHUSDT,2022-06-27T08:00:00+00:00,-0.00004323,
ETHUSDT,2022-06-27T16:00:00.016000+00:00,-0.00003606,
ETHUSDT,2022-06-28T00:00:00.016000+00:00,0.00000902,
ETHUSDT,2022-06-28T08:00:00.001000+00:00,-0.00002707,
ETHUSDT,2022-06-28T16:00:00.005000+00:00,0.00006622,
ETHUSDT,2022-06-29T00:00:00+00:00,0.00003172,
ETHUSDT,2022-06-29T08:00:00.013000+00:00,0.00001728,
ETHUSDT,2022-06-29T16:00:00+00:00,0.00001147,
ETHUSDT,2022-06-30T00:00:00+00:00,0.00003467,
ETHUSDT,2022-06-30T08:00:00+00:00,-0.00006766,
ETHUSDT,2022-06-30T16:00:00+00:00,-0.00021692,
ETHUSDT,2022-07-01T00:00:00.001000+00:00,-0.00013323,
ETHUSDT,2022-07-01T08:00:00.017000+00:00,0.00004122,
ETHUSDT,2022-07-01T16:00:00.005000+00:00,-0.00009037,
ETHUSDT,2022-07-02T00:00:00+00:00,-0.00000450,
ETHUSDT,2022-07-02T08:00:00+00:00,-0.00004376,
ETHUSDT,2022-07-02T16:00:00.008000+00:00,-0.00004429,
ETHUSDT,2022-07-03T00:00:00.015000+00:00,0.00008102,
ETHUSDT,2022-07-03T08:00:00.004000+00:00,0.00002344,
ETHUSDT,2022-07-03T16:00:00.005000+00:00,-0.00009636,
ETHUSDT,2022-07-04T00:00:00.021000+00:00,0.00008487,
ETHUSDT,2022-07-04T08:00:00.001000+00:00,-0.00014236,
ETHUSDT,2022-07-04T16:00:00+00:00,0.00006349,
ETHUSDT,2022-07-05T00:00:00+00:00,0.00000823,
ETHUSDT,2022-07-05T08:00:00+00:00,0.00001762,
ETHUSDT,2022-07-05T16:00:00.015000+00:00,0.00004280,
ETHUSDT,2022-07-06T00:00:00.006000+00:00,0.00010000,
ETHUSDT,2022-07-06T08:00:00+00:00,0.00010000,
ETHUSDT,2022-07-06T16:00:00+00:00,0.00004373,
ETHUSDT,2022-07-07T00:00:00.010000+00:00,0.00010000,
ETHUSDT,2022-07-07T08:00:00.010000+00:00,0.00010000,
ETHUSDT,2022-07-07T16:00:00.011000+00:00,0.00006891,
ETHUSDT,2022-07-08T00:00:00.008000+00:00,0.00010000,
ETHUSDT,2022-07-08T08:00:00.009000+00:00,0.00010000,
ETHUSDT,2022-07-08T16:00:00+00:00,0.00005505,
ETHUSDT,2022-07-09T00:00:00+00:00,0.00005118,
ETHUSDT,2022-07-09T08:00:00+00:00,0.00002685,
ETHUSDT,2022-07-09T16:00:00.009000+00:00,0.00003206,
ETHUSDT,2022-07-10T00:00:00.001000+00:00,0.00004544,
ETHUSDT,2022-07-10T08:00:00.002000+00:00,0.00010000,
ETHUSDT,2022-07-10T16:00:00.001000+00:00,0.00006604,
ETHUSDT,2022-07-11T00:00:00+00:00,0.00001102,
ETHUSDT,2022-07-11T08:00:00.003000+00:00,0.00004204,
ETHUSDT,2022-07-11T16:00:00.001000+00:00,0.00005881,
ETHUSDT,2022-07-12T00:00:00+00:00,0.00006653,
ETHUSDT,2022-07-12T08:00:00.021000+00:00,-0.00002208,
ETHUSDT,2022-07-12T16:00:00+00:00,-0.00010622,
ETHUSDT,2022-07-13T00:00:00.012000+00:00,-0.00017917,
ETHUSDT,2022-07-13T08:00:00.022000+00:00,-0.00019746,
ETHUSDT,2022-07-13T16:00:00.005000+00:00,-0.00012686,
ETHUSDT,2022-07-14T00:00:00.017000+00:00,-0.00012921,
ETHUSDT,2022-07-14T08:00:00.001000+00:00,0.00001264,
ETHUSDT,2022-07-14T16:00:00+00:00,-0.00005017,
ETHUSDT,2022-07-15T00:00:00.004000+00:00,0.00010000,
ETHUSDT,2022-07-15T08:00:00.019000+00:00,0.00004667,
ETHUSDT,2022-07-15T16:00:00.017000+00:00,-0.00000453,
ETHUSDT,2022-07-16T00:00:00.021000+00:00,0.00005458,
ETHUSDT,2022-07-16T08:00:00.014000+00:00,0.00007053,
ETHUSDT,2022-07-16T16:00:00.005000+00:00,0.00003638,
ETHUSDT,2022-07-17T00:00:00+00:00,0.00010000,
ETHUSDT,2022-07-17T08:00:00.003000+00:00,8E-8,
ETHUSDT,2022-07-17T16:00:00.007000+00:00,-0.00000639,
ETHUSDT,2022-07-18T00:00:00.001000+00:00,-0.00002025,
ETHUSDT,2022-07-18T08:00:00.004000+00:00,-0.00000857,
ETHUSDT,2022-07-18T16:00:00.019000+00:00,0.00007250,
ETHUSDT,2022-07-19T00:00:00+00:00,0.00010000,
ETHUSDT,2022-07-19T08:00:00+00:00,0.00010000,
ETHUSDT,2022-07-19T16:00:00.001000+00:00,0.00004242,
ETHUSDT,2022-07-20T00:00:00.004000+00:00,0.00005437,
ETHUSDT,2022-07-20T08:00:00+00:00,-0.00004179,
ETHUSDT,2022-07-20T16:00:00.003000+00:00,0.00002871,
ETHUSDT,2022-07-21T00:00:00+00:00,0.00010000,
ETHUSDT,2022-07-21T08:00:00.018000+00:00,0.00010000,
ETHUSDT,2022-07-21T16:00:00.011000+00:00,0.00010000,
ETHUSDT,2022-07-22T00:00:00.014000+00:00,0.00010000,
ETHUSDT,2022-07-22T08:00:00+00:00,0.00010000,
ETHUSDT,2022-07-22T16:00:00+00:00,0.00009317,
ETHUSDT,2022-07-23T00:00:00.004000+00:00,0.00005463,
ETHUSDT,2022-07-23T08:00:00.002000+00:00,0.00006541,
ETHUSDT,2022-07-23T16:00:00.001000+00:00,0.00010000,
ETHUSDT,2022-07-24T00:00:00+00:00,0.00010000,
ETHUSDT,2022-07-24T08:00:00.011000+00:00,0.00010000,
ETHUSDT,2022-07-24T16:00:00+00:00,0.00010000,
ETHUSDT,2022-07-25T00:00:00+00:00,0.00010000,
ETHUSDT,2022-07-25T08:00:00.014000+00:00,-0.00001134,
ETHUSDT,2022-07-25T16:00:00.006000+00:00,0.00007434,
ETHUSDT,2022-07-26T00:00:00.010000+00:00,0.00006690,
ETHUSDT,2022-07-26T08:00:00+00:00,0.00007151,
ETHUSDT,2022-07-26T16:00:00+00:00,0.00010000,
ETHUSDT,2022-07-27T00:00:00.008000+00:00,0.00000741,
ETHUSDT,2022-07-27T08:00:00+00:00,0.00008204,
ETHUSDT,2022-07-27T16:00:00.003000+00:00,0.00003325,
ETHUSDT,2022-07-28T00:00:00.009000+00:00,0.00010000,
ETHUSDT,2022-07-28T08:00:00.008000+00:00,0.00010000,
ETHUSDT,2022-07-28T16:00:00.013000+00:00,0.00010000,
ETHUSDT,2022-07-29T00:00:00+00:00,0.00010000,
ETHUSDT,2022-07-29T08:00:00+00:00,0.00010000,
ETHUSDT,2022-07-29T16:00:00+00:00,0.00010000,
ETHUSDT,2022-07-30T00:00:00.005000+00:00,0.00010000,
ETHUSDT,2022-07-30T08:00:00.009000+00:00,0.00010000,
ETHUSDT,2022-07-30T16:00:00+00:00,0.00005049,
ETHUSDT,2022-07-31T00:00:00.022000+00:00,0.00004431,
ETHUSDT,2022-07-31T08:00:00.011000+00:00,0.00010000,
ETHUSDT,2022-07-31T16:00:00.019000+00:00,0.00005528,
ETHUSDT,2022-08-01T00:00:00.010000+00:00,0.00009823,
ETHUSDT,2022-08-01T08:00:00.019000+00:00,0.00010000,
ETHUSDT,2022-08-01T16:00:00.017000+00:00,0.00006285,
ETHUSDT,2022-08-02T00:00:00+00:00,0.00010000,
ETHUSDT,2022-08-02T08:00:00.007000+00:00,0.00001617,
ETHUSDT,2022-08-02T16:00:00.014000+00:00,0.00001593,
ETHUSDT,2022-08-03T00:00:00.001000+00:00,0.00006888,
ETHUSDT,2022-08-03T08:00:00.020000+00:00,0.00000368,
ETHUSDT,2022-08-03T16:00:00.008000+00:00,-0.00003047,
ETHUSDT,2022-08-04T00:00:00.001000+00:00,0.00001183,
ETHUSDT,2022-08-04T08:00:00.009000+00:00,0.00007702,
ETHUSDT,2022-08-04T16:00:00.015000+00:00,0.00007119,
ETHUSDT,2022-08-05T00:00:00.005000+00:00,0.00007649,
ETHUSDT,2022-08-05T08:00:00+00:00,0.00010000,
ETHUSDT,2022-08-05T16:00:00+00:00,0.00010000,
ETHUSDT,2022-08-06T00:00:00.021000+00:00,0.00010000,
ETHUSDT,2022-08-06T08:00:00+00:00,0.00010000,
ETHUSDT,2022-08-06T16:00:00.015000+00:00,0.00010000,
ETHUSDT,2022-08-07T00:00:00.013000+00:00,0.00010000,
ETHUSDT,2022-08-07T08:00:00+00:00,-0.00002278,
ETHUSDT,2022-08-07T16:00:00.014000+00:00,0.00002801,
ETHUSDT,2022-08-08T00:00:00.009000+00:00,-0.00001330,
ETHUSDT,2022-08-08T08:00:00.006000+00:00,0.00002805,
ETHUSDT,2022-08-08T16:00:00+00:00,0.00010000,
ETHUSDT,2022-08-09T00:00:00.020000+00:00,0.00005993,
ETHUSDT,2022-08-09T08:00:00+00:00,-0.00000321,
ETHUSDT,2022-08-09T16:00:00+00:00,-0.00014349,
ETHUSDT,2022-08-10T00:00:00+00:00,-0.00010375,
ETHUSDT,2022-08-10T08:00:00.016000+00:00,-0.00003238,
ETHUSDT,2022-08-10T16:00:00.018000+00:00,0.00010000,
ETHUSDT,2022-08-11T00:00:00.012000+00:00,0.00010000,
ETHUSDT,2022-08-11T08:00:00+00:00,0.00004392,
ETHUSDT,2022-08-11T16:00:00+00:00,0.00001783,
ETHUSDT,2022-08-12T00:00:00.006000+00:00,0.00002566,
ETHUSDT,2022-08-12T08:00:00+00:00,0.00005216,
ETHUSDT,2022-08-12T16:00:00.005000+00:00,0.00008336,
ETHUSDT,2022-08-13T00:00:00.012000+00:00,0.00007636,
ETHUSDT,2022-08-13T08:00:00.006000+00:00,0.00004086,
ETHUSDT,2022-08-13T16:00:00.018000+00:00,0.00002735,
ETHUSDT,2022-08-14T00:00:00+00:00,0.00003144,
ETHUSDT,2022-08-14T08:00:00+00:00,0.00008292,
ETHUSDT,2022-08-14T16:00:00+00:00,0.00000219,
ETHUSDT,2022-08-15T00:00:00.010000+00:00,-0.00006757,
ETHUSDT,2022-08-15T08:00:00.002000+00:00,0.00003991,
ETHUSDT,2022-08-15T16:00:00.010000+00:00,-0.00004854,
ETHUSDT,2022-08-16T00:00:00.010000+00:00,-0.00006945,
ETHUSDT,2022-08-16T08:00:00.002000+00:00,0.00003333,
ETHUSDT,2022-08-16T16:00:00+00:00,0.00003842,
ETHUSDT,2022-08-17T00:00:00.020000+00:00,0.00005927,
ETHUSDT,2022-08-17T08:00:00.016000+00:00,0.00006626,
ETHUSDT,2022-08-17T16:00:00.001000+00:00,0.00004034,
ETHUSDT,2022-08-18T00:00:00.005000+00:00,0.00002314,
ETHUSDT,2022-08-18T08:00:00.012000+00:00,0.00009463,
ETHUSDT,2022-08-18T16:00:00.013000+00:00,0.00003449,
ETHUSDT,2022-08-19T00:00:00+00:00,0.00005275,
ETHUSDT,2022-08-19T08:00:00+00:00,0.00010000,
ETHUSDT,2022-08-19T16:00:00.009000+00:00,0.00001435,
ETHUSDT,2022-08-20T00:00:00+00:00,0.00004557,
ETHUSDT,2022-08-20T08:00:00.005000+00:00,-0.00003743,
ETHUSDT,2022-08-20T16:00:00+00:00,0.00000991,
ETHUSDT,2022-08-21T00:00:00.010000+00:00,-0.00001408,
ETHUSDT,2022-08-21T08:00:00.013000+00:00,0.00001912,
ETHUSDT,2022-08-21T16:00:00+00:00,-0.00005859,
ETHUSDT,2022-08-22T00:00:00.011000+00:00,-0.00005605,
ETHUSDT,2022-08-22T08:00:00.005000+00:00,0.00006886,
ETHUSDT,2022-08-22T16:00:00.005000+00:00,0.00007481,
ETHUSDT,2022-08-23T00:00:00+00:00,0.00006559,
ETHUSDT,2022-08-23T08:00:00.021000+00:00,-0.00001800,
ETHUSDT,2022-08-23T16:00:00.005000+00:00,-0.00009315,
ETHUSDT,2022-08-24T00:00:00.017000+00:00,-0.00008879,
ETHUSDT,2022-08-24T08:00:00.021000+00:00,-0.00002313,
ETHUSDT,2022-08-24T16:00:00+00:00,0.00000538,
ETHUSDT,2022-08-25T00:00:00.003000+00:00,-0.00009281,
ETHUSDT,2022-08-25T08:00:00+00:00,-0.00001814,
ETHUSDT,2022-08-25T16:00:00.004000+00:00,0.00002635,
ETHUSDT,2022-08-26T00:00:00.001000+00:00,0.00004613,
ETHUSDT,2022-08-26T08:00:00.004000+00:00,0.00002490,
ETHUSDT,2022-08-26T16:00:00+00:00,0.00008902,
ETHUSDT,2022-08-27T00:00:00.010000+00:00,-0.00020750,
ETHUSDT,2022-08-27T08:00:00.007000+00:00,-0.00007754,
ETHUSDT,2022-08-27T16:00:00.008000+00:00,-0.00027200,
ETHUSDT,2022-08-28T00:00:00.019000+00:00,-0.00025370,
ETHUSDT,2022-08-28T08:00:00+00:00,-0.00026880,
ETHUSDT,2022-08-28T16:00:00+00:00,0.00001893,
ETHUSDT,2022-08-29T00:00:00+00:00,-0.00024797,
ETHUSDT,2022-08-29T08:00:00+00:00,-0.00017053,
ETHUSDT,2022-08-29T16:00:00.001000+00:00,-0.00006657,
ETHUSDT,2022-08-30T00:00:00.001000+00:00,-0.00009478,
ETHUSDT,2022-08-30T08:00:00.005000+00:00,-0.00006689,
ETHUSDT,2022-08-30T16:00:00.010000+00:00,-0.00005782,
ETHUSDT,2022-08-31T00:00:00+00:00,-0.00011151,
ETHUSDT,2022-08-31T08:00:00.005000+00:00,-2.5E-7,
ETHUSDT,2022-08-31T16:00:00.013000+00:00,0.00007105,
ETHUSDT,2022-09-01T00:00:00.012000+00:00,-0.00001273,
ETHUSDT,2022-09-01T08:00:00+00:00,0.00000918,
ETHUSDT,2022-09-01T16:00:00.013000+00:00,-0.00007998,
ETHUSDT,2022-09-02T00:00:00.002000+00:00,0.00005469,
ETHUSDT,2022-09-02T08:00:00.013000+00:00,0.00003291,
ETHUSDT,2022-09-02T16:00:00+00:00,-0.00001840,
ETHUSDT,2022-09-03T00:00:00+00:00,-0.00012553,
ETHUSDT,2022-09-03T08:00:00.002000+00:00,-0.00010187,
ETHUSDT,2022-09-03T16:00:00.007000+00:00,-0.00009441,
ETHUSDT,2022-09-04T00:00:00.008000+00:00,0.00001789,
ETHUSDT,2022-09-04T08:00:00.009000+00:00,-0.00004425,
ETHUSDT,2022-09-04T16:00:00+00:00,-0.00009236,
ETHUSDT,2022-09-05T00:00:00.015000+00:00,0.00000877,
ETHUSDT,2022-09-05T08:00:00.013000+00:00,-0.00010286,
ETHUSDT,2022-09-05T16:00:00.007000+00:00,-0.00005010,
ETHUSDT,2022-09-06T00:00:00.018000+00:00,-0.00016568,
ETHUSDT,2022-09-06T08:00:00.020000+00:00,-0.00013291,
ETHUSDT,2022-09-06T16:00:00.028000+00:00,-0.00002352,
ETHUSDT,2022-09-07T00:00:00.013000+00:00,-0.00016770,
ETHUSDT,2022-09-07T08:00:00.022000+00:00,-0.00027449,
ETHUSDT,2022-09-07T16:00:00.021000+00:00,-0.00018414,
ETHUSDT,2022-09-08T00:00:00.010000+00:00,0.00001215,
ETHUSDT,2022-09-08T08:00:00+00:00,-0.00001240,
ETHUSDT,2022-09-08T16:00:00.003000+00:00,-0.00006039,
ETHUSDT,2022-09-09T00:00:00.011000+00:00,-0.00008280,
ETHUSDT,2022-09-09T08:00:00+00:00,-0.00003837,
ETHUSDT,2022-09-09T16:00:00+00:00,-0.00012468,
ETHUSDT,2022-09-10T00:00:00.003000+00:00,-0.00007115,
ETHUSDT,2022-09-10T08:00:00+00:00,-0.00020439,
ETHUSDT,2022-09-10T16:00:00.012000+00:00,-0.00014116,
ETHUSDT,2022-09-11T00:00:00.009000+00:00,-0.00011556,
ETHUSDT,2022-09-11T08:00:00.012000+00:00,-0.00016606,
ETHUSDT,2022-09-11T16:00:00.005000+00:00,-0.00031696,
ETHUSDT,2022-09-12T00:00:00.007000+00:00,-0.00034442,
ETHUSDT,2022-09-12T08:00:00.013000+00:00,-0.00027610,
ETHUSDT,2022-09-12T16:00:00+00:00,-0.00038902,
ETHUSDT,2022-09-13T00:00:00.004000+00:00,-0.00028397,
ETHUSDT,2022-09-13T08:00:00+00:00,-0.00047985,
ETHUSDT,2022-09-13T16:00:00+00:00,-0.00046620,
ETHUSDT,2022-09-14T00:00:00+00:00,-0.00111142,
ETHUSDT,2022-09-14T08:00:00+00:00,-0.00182506,
ETHUSDT,2022-09-14T16:00:00+00:00,-0.00172134,
ETHUSDT,2022-09-15T00:00:00.019000+00:00,-0.00301937,
ETHUSDT,2022-09-15T08:00:00.012000+00:00,-0.00216987,
ETHUSDT,2022-09-15T16:00:00.007000+00:00,-0.00010393,
ETHUSDT,2022-09-16T00:00:00+00:00,-0.00000776,
ETHUSDT,2022-09-16T08:00:00+00:00,-0.00000235,
ETHUSDT,2022-09-16T16:00:00+00:00,0.00010000,
ETHUSDT,2022-09-17T00:00:00+00:00,0.00007400,
ETHUSDT,2022-09-17T08:00:00.012000+00:00,0.00007913,
ETHUSDT,2022-09-17T16:00:00.017000+00:00,0.00004111,
ETHUSDT,2022-09-18T00:00:00+00:00,0.00000841,
ETHUSDT,2022-09-18T08:00:00.004000+00:00,0.00008234,
ETHUSDT,2022-09-18T16:00:00+00:00,0.00006342,
ETHUSDT,2022-09-19T00:00:00.018000+00:00,-0.00010281,
ETHUSDT,2022-09-19T08:00:00.006000+00:00,-0.00000491,
ETHUSDT,2022-09-19T16:00:00.010000+00:00,-0.00009737,
ETHUSDT,2022-09-20T00:00:00.007000+00:00,-0.00010865,
ETHUSDT,2022-09-20T08:00:00.001000+00:00,-0.00012011,
ETHUSDT,2022-09-20T16:00:00+00:00,0.00000277,
ETHUSDT,2022-09-21T00:00:00.001000+00:00,-0.00003849,
ETHUSDT,2022-09-21T08:00:00.005000+00:00,-0.00002285,
ETHUSDT,2022-09-21T16:00:00+00:00,-0.00007656,
ETHUSDT,2022-09-22T00:00:00+00:00,-0.00024234,
ETHUSDT,2022-09-22T08:00:00+00:00,-0.00023437,
ETHUSDT,2022-09-22T16:00:00.011000+00:00,-0.00013047,
ETHUSDT,2022-09-23T00:00:00.023000+00:00,-0.00001456,
ETHUSDT,2022-09-23T08:00:00.004000+00:00,-0.00004759,
ETHUSDT,2022-09-23T16:00:00.005000+00:00,-0.00005042,
ETHUSDT,2022-09-24T00:00:00+00:00,0.00001491,
ETHUSDT,2022-09-24T08:00:00.005000+00:00,0.00004468,
ETHUSDT,2022-09-24T16:00:00+00:00,-0.00008115,
ETHUSDT,2022-09-25T00:00:00.010000+00:00,0.00000122,
ETHUSDT,2022-09-25T08:00:00+00:00,-0.00004292,
ETHUSDT,2022-09-25T16:00:00.003000+00:00,0.00000449,
ETHUSDT,2022-09-26T00:00:00.001000+00:00,0.00000423,
ETHUSDT,2022-09-26T08:00:00.006000+00:00,0.00010000,
ETHUSDT,2022-09-26T16:00:00+00:00,-0.00001379,
ETHUSDT,2022-09-27T00:00:00.026000+00:00,0.00002194,
ETHUSDT,2022-09-27T08:00:00.004000+00:00,0.00001777,
ETHUSDT,2022-09-27T16:00:00.006000+00:00,0.00001303,
ETHUSDT,2022-09-28T00:00:00.011000+00:00,-0.00001018,
ETHUSDT,2022-09-28T08:00:00+00:00,-0.00002348,
ETHUSDT,2022-09-28T16:00:00+00:00,-0.00007573,
ETHUSDT,2022-09-29T00:00:00.010000+00:00,0.00006004,
ETHUSDT,2022-09-29T08:00:00+00:00,0.00010000,
ETHUSDT,2022-09-29T16:00:00+00:00,0.00002149,
ETHUSDT,2022-09-30T00:00:00.006000+00:00,0.00001170,
ETHUSDT,2022-09-30T08:00:00.002000+00:00,0.00007176,
ETHUSDT,2022-09-30T16:00:00.007000+00:00,0.00010000,
ETHUSDT,2022-10-01T00:00:00.008000+00:00,0.00008185,
ETHUSDT,2022-10-01T08:00:00.011000+00:00,0.00006857,
ETHUSDT,2022-10-01T16:00:00+00:00,0.00005117,
ETHUSDT,2022-10-02T00:00:00+00:00,0.00001239,
ETHUSDT,2022-10-02T08:00:00+00:00,0.00004395,
ETHUSDT,2022-10-02T16:00:00.006000+00:00,-0.00002183,
ETHUSDT,2022-10-03T00:00:00+00:00,-0.00002230,
ETHUSDT,2022-10-03T08:00:00.014000+00:00,0.00002229,
ETHUSDT,2022-10-03T16:00:00.010000+00:00,-0.00000998,
ETHUSDT,2022-10-04T00:00:00.006000+00:00,0.00007858,
ETHUSDT,2022-10-04T08:00:00.004000+00:00,0.00010000,
ETHUSDT,2022-10-04T16:00:00.013000+00:00,0.00003575,
ETHUSDT,2022-10-05T00:00:00+00:00,0.00001819,
ETHUSDT,2022-10-05T08:00:00+00:00,0.00000345,
ETHUSDT,2022-10-05T16:00:00.012000+00:00,-0.00003017,
ETHUSDT,2022-10-06T00:00:00.008000+00:00,0.00002418,
ETHUSDT,2022-10-06T08:00:00.002000+00:00,0.00005188,
ETHUSDT,2022-10-06T16:00:00.006000+00:00,-0.00001150,
ETHUSDT,2022-10-07T00:00:00+00:00,0.00002157,
ETHUSDT,2022-10-07T08:00:00+00:00,0.00003248,
ETHUSDT,2022-10-07T16:00:00.007000+00:00,0.00000390,
ETHUSDT,2022-10-08T00:00:00.010000+00:00,0.00005904,
ETHUSDT,2022-10-08T08:00:00.004000+00:00,0.00006993,
ETHUSDT,2022-10-08T16:00:00.018000+00:00,0.00008939,
ETHUSDT,2022-10-09T00:00:00+00:00,0.00003902,
ETHUSDT,2022-10-09T08:00:00.007000+00:00,0.00001819,
ETHUSDT,2022-10-09T16:00:00.011000+00:00,-0.00005165,
ETHUSDT,2022-10-10T00:00:00.018000+00:00,0.00004749,
ETHUSDT,2022-10-10T08:00:00+00:00,0.00002784,
ETHUSDT,2022-10-10T16:00:00.026000+00:00,0.00002352,
ETHUSDT,2022-10-11T00:00:00.020000+00:00,0.00007133,
ETHUSDT,2022-10-11T08:00:00.027000+00:00,0.00003552,
ETHUSDT,2022-10-11T16:00:00+00:00,0.00004405,
ETHUSDT,2022-10-12T00:00:00.014000+00:00,0.00008850,
ETHUSDT,2022-10-12T08:00:00+00:00,-0.00001598,
ETHUSDT,2022-10-12T16:00:00+00:00,0.00000718,
ETHUSDT,2022-10-13T00:00:00.013000+00:00,-0.00018211,
ETHUSDT,2022-10-13T08:00:00.016000+00:00,0.00008180,
ETHUSDT,2022-10-13T16:00:00.009000+00:00,-0.00010154,
ETHUSDT,2022-10-14T00:00:00.020000+00:00,0.00000200,
ETHUSDT,2022-10-14T08:00:00+00:00,0.00010000,
ETHUSDT,2022-10-14T16:00:00.009000+00:00,0.00010000,
ETHUSDT,2022-10-15T00:00:00.001000+00:00,0.00005950,
ETHUSDT,2022-10-15T08:00:00.005000+00:00,-0.00000548,
ETHUSDT,2022-10-15T16:00:00.004000+00:00,-0.00000801,
ETHUSDT,2022-10-16T00:00:00.012000+00:00,0.00000273,
ETHUSDT,2022-10-16T08:00:00+00:00,-0.00001934,
ETHUSDT,2022-10-16T16:00:00.010000+00:00,0.00001261,
ETHUSDT,2022-10-17T00:00:00.012000+00:00,0.00000750,
ETHUSDT,2022-10-17T08:00:00.010000+00:00,0.00003595,
ETHUSDT,2022-10-17T16:00:00.017000+00:00,0.00005610,
ETHUSDT,2022-10-18T00:00:00.010000+00:00,0.00006430,
ETHUSDT,2022-10-18T08:00:00.008000+00:00,0.00005818,
ETHUSDT,2022-10-18T16:00:00+00:00,0.00008200,
ETHUSDT,2022-10-19T00:00:00.007000+00:00,0.00006911,
ETHUSDT,2022-10-19T08:00:00.022000+00:00,0.00010000,
ETHUSDT,2022-10-19T16:00:00.016000+00:00,0.00003885,
ETHUSDT,2022-10-20T00:00:00+00:00,0.00001115,
ETHUSDT,2022-10-20T08:00:00.013000+00:00,0.00006032,
ETHUSDT,2022-10-20T16:00:00+00:00,-0.00005194,
ETHUSDT,2022-10-21T00:00:00.005000+00:00,0.00010000,
ETHUSDT,2022-10-21T08:00:00.018000+00:00,0.00001939,
ETHUSDT,2022-10-21T16:00:00+00:00,0.00002595,
ETHUSDT,2022-10-22T00:00:00+00:00,0.00002568,
ETHUSDT,2022-10-22T08:00:00.015000+00:00,-0.00000796,
ETHUSDT,2022-10-22T16:00:00+00:00,-0.00003726,
ETHUSDT,2022-10-23T00:00:00.025000+00:00,0.00001025,
ETHUSDT,2022-10-23T08:00:00+00:00,0.00002352,
ETHUSDT,2022-10-23T16:00:00.004000+00:00,0.00010000,
ETHUSDT,2022-10-24T00:00:00.009000+00:00,0.00009274,
ETHUSDT,2022-10-24T08:00:00.012000+00:00,0.00010000,
ETHUSDT,2022-10-24T16:00:00.002000+00:00,-0.00002685,
ETHUSDT,2022-10-25T00:00:00.013000+00:00,-0.00005643,
ETHUSDT,2022-10-25T08:00:00.013000+00:00,0.00003537,
ETHUSDT,2022-10-25T16:00:00+00:00,0.00001973,
ETHUSDT,2022-10-26T00:00:00.006000+00:00,0.00010000,
ETHUSDT,2022-10-26T08:00:00.013000+00:00,-0.00002452,
ETHUSDT,2022-10-26T16:00:00+00:00,0.00010000,
ETHUSDT,2022-10-27T00:00:00.009000+00:00,0.00008299,
ETHUSDT,2022-10-27T08:00:00.006000+00:00,0.00005005,
ETHUSDT,2022-10-27T16:00:00.009000+00:00,-0.00003370,
ETHUSDT,2022-10-28T00:00:00+00:00,0.00002272,
ETHUSDT,2022-10-28T08:00:00+00:00,0.00004042,
ETHUSDT,2022-10-28T16:00:00.007000+00:00,0.00001870,
ETHUSDT,2022-10-29T00:00:00+00:00,0.00006207,
ETHUSDT,2022-10-29T08:00:00.003000+00:00,0.00008203,
ETHUSDT,2022-10-29T16:00:00.010000+00:00,0.00010000,
ETHUSDT,2022-10-30T00:00:00+00:00,0.00007735,
ETHUSDT,2022-10-30T08:00:00.013000+00:00,0.00009296,
ETHUSDT,2022-10-30T16:00:00.009000+00:00,0.00010000,
ETHUSDT,2022-10-31T00:00:00.012000+00:00,0.00006308,
ETHUSDT,2022-10-31T08:00:00+00:00,0.00010000,
ETHUSDT,2022-10-31T16:00:00.010000+00:00,-0.00000288,
ETHUSDT,2022-11-01T00:00:00+00:00,0.00000795,
ETHUSDT,2022-11-01T08:00:00+00:00,-0.00005701,
ETHUSDT,2022-11-01T16:00:00+00:00,0.00001321,
ETHUSDT,2022-11-02T00:00:00+00:00,0.00007678,
ETHUSDT,2022-11-02T08:00:00+00:00,0.00002913,
ETHUSDT,2022-11-02T16:00:00.019000+00:00,0.00005813,
ETHUSDT,2022-11-03T00:00:00.011000+00:00,-0.00008892,
ETHUSDT,2022-11-03T08:00:00.016000+00:00,-0.00007732,
ETHUSDT,2022-11-03T16:00:00.005000+00:00,0.00000255,
ETHUSDT,2022-11-04T00:00:00+00:00,0.00001398,
ETHUSDT,2022-11-04T08:00:00.004000+00:00,0.00009293,
ETHUSDT,2022-11-04T16:00:00.020000+00:00,0.00010000,
ETHUSDT,2022-11-05T00:00:00.009000+00:00,0.00009190,
ETHUSDT,2022-11-05T08:00:00.007000+00:00,0.00001474,
ETHUSDT,2022-11-05T16:00:00.018000+00:00,0.00005826,
ETHUSDT,2022-11-06T00:00:00.009000+00:00,0.00008014,
ETHUSDT,2022-11-06T08:00:00+00:00,0.00010000,
ETHUSDT,2022-11-06T16:00:00.010000+00:00,0.00004026,
ETHUSDT,2022-11-07T00:00:00.012000+00:00,0.00002594,
ETHUSDT,2022-11-07T08:00:00.014000+00:00,-0.00000272,
ETHUSDT,2022-11-07T16:00:00.006000+00:00,0.00010000,
ETHUSDT,2022-11-08T00:00:00+00:00,-0.00005728,
ETHUSDT,2022-11-08T08:00:00.001000+00:00,-0.00011539,
ETHUSDT,2022-11-08T16:00:00.005000+00:00,0.00007883,
ETHUSDT,2022-11-09T00:00:00+00:00,-0.00038496,
ETHUSDT,2022-11-09T08:00:00.013000+00:00,-0.00012169,
ETHUSDT,2022-11-09T16:00:00.004000+00:00,-0.00054682,
ETHUSDT,2022-11-10T00:00:00.006000+00:00,-0.00060149,
ETHUSDT,2022-11-10T08:00:00+00:00,-0.00054300,
ETHUSDT,2022-11-10T16:00:00.015000+00:00,-0.00015464,
ETHUSDT,2022-11-11T00:00:00+00:00,-0.00016788,
ETHUSDT,2022-11-11T08:00:00.015000+00:00,-0.00013634,
ETHUSDT,2022-11-11T16:00:00.027000+00:00,0.00002873,
ETHUSDT,2022-11-12T00:00:00.007000+00:00,0.00009985,
ETHUSDT,2022-11-12T08:00:00.016000+00:00,0.00004863,
ETHUSDT,2022-11-12T16:00:00+00:00,0.00009984,
ETHUSDT,2022-11-13T00:00:00.004000+00:00,-0.00000928,
ETHUSDT,2022-11-13T08:00:00+00:00,-0.00008449,
ETHUSDT,2022-11-13T16:00:00.017000+00:00,-0.00001748,
ETHUSDT,2022-11-14T00:00:00+00:00,0.00002810,
ETHUSDT,2022-11-14T08:00:00+00:00,0.00002254,
ETHUSDT,2022-11-14T16:00:00+00:00,0.00005237,
ETHUSDT,2022-11-15T00:00:00.014000+00:00,-0.00008644,
ETHUSDT,2022-11-15T08:00:00.009000+00:00,0.00004951,
ETHUSDT,2022-11-15T16:00:00.010000+00:00,-0.00004197,
ETHUSDT,2022-11-16T00:00:00.011000+00:00,-0.00009137,
ETHUSDT,2022-11-16T08:00:00.004000+00:00,0.00000119,
ETHUSDT,2022-11-16T16:00:00.008000+00:00,-0.00004556,
ETHUSDT,2022-11-17T00:00:00+00:00,-0.00009394,
ETHUSDT,2022-11-17T08:00:00+00:00,0.00002558,
ETHUSDT,2022-11-17T16:00:00.006000+00:00,-0.00010849,
ETHUSDT,2022-11-18T00:00:00.004000+00:00,-0.00008460,
ETHUSDT,2022-11-18T08:00:00.016000+00:00,-0.00006951,
ETHUSDT,2022-11-18T16:00:00+00:00,-0.00005327,
ETHUSDT,2022-11-19T00:00:00+00:00,0.00006481,
ETHUSDT,2022-11-19T08:00:00.004000+00:00,0.00004413,
ETHUSDT,2022-11-19T16:00:00.024000+00:00,0.00005990,
ETHUSDT,2022-11-20T00:00:00.015000+00:00,0.00000377,
ETHUSDT,2022-11-20T08:00:00.004000+00:00,0.00005730,
ETHUSDT,2022-11-20T16:00:00+00:00,-0.00002008,
ETHUSDT,2022-11-21T00:00:00.006000+00:00,-0.00020459,
ETHUSDT,2022-11-21T08:00:00.015000+00:00,-0.00002170,
ETHUSDT,2022-11-21T16:00:00+00:00,0.00004666,
ETHUSDT,2022-11-22T00:00:00+00:00,-0.00006623,
ETHUSDT,2022-11-22T08:00:00+00:00,-0.00002821,
ETHUSDT,2022-11-22T16:00:00+00:00,0.00006368,
ETHUSDT,2022-11-23T00:00:00+00:00,0.00006088,
ETHUSDT,2022-11-23T08:00:00.011000+00:00,-0.00004079,
ETHUSDT,2022-11-23T16:00:00.014000+00:00,-0.00009414,
ETHUSDT,2022-11-24T00:00:00.007000+00:00,0.00004960,
ETHUSDT,2022-11-24T08:00:00.014000+00:00,-0.00006135,
ETHUSDT,2022-11-24T16:00:00.013000+00:00,0.00003796,
ETHUSDT,2022-11-25T00:00:00.004000+00:00,0.00005572,
ETHUSDT,2022-11-25T08:00:00.015000+00:00,0.00005499,
ETHUSDT,2022-11-25T16:00:00+00:00,-0.00003074,
ETHUSDT,2022-11-26T00:00:00.011000+00:00,-0.00004472,
ETHUSDT,2022-11-26T08:00:00+00:00,-0.00005666,
ETHUSDT,2022-11-26T16:00:00+00:00,-0.00006554,
ETHUSDT,2022-11-27T00:00:00.012000+00:00,-0.00004687,
ETHUSDT,2022-11-27T08:00:00+00:00,-0.00011497,
ETHUSDT,2022-11-27T16:00:00.003000+00:00,0.00003854,
ETHUSDT,2022-11-28T00:00:00.015000+00:00,0.00000342,
ETHUSDT,2022-11-28T08:00:00.004000+00:00,-0.00002557,
ETHUSDT,2022-11-28T16:00:00.011000+00:00,-0.00012317,
ETHUSDT,2022-11-29T00:00:00+00:00,0.00003832,
ETHUSDT,2022-11-29T08:00:00.015000+00:00,0.00002946,
ETHUSDT,2022-11-29T16:00:00+00:00,0.00010000,
ETHUSDT,2022-11-30T00:00:00.007000+00:00,0.00009218,
ETHUSDT,2022-11-30T08:00:00+00:00,0.00010000,
ETHUSDT,2022-11-30T16:00:00.015000+00:00,0.00010000,
ETHUSDT,2022-12-01T00:00:00.001000+00:00,-0.00001967,
ETHUSDT,2022-12-01T08:00:00.006000+00:00,0.00003623,
ETHUSDT,2022-12-01T16:00:00+00:00,0.00010000,
ETHUSDT,2022-12-02T00:00:00.001000+00:00,0.00010000,
ETHUSDT,2022-12-02T08:00:00.016000+00:00,-0.00000244,
ETHUSDT,2022-12-02T16:00:00.017000+00:00,0.00004870,
ETHUSDT,2022-12-03T00:00:00.006000+00:00,-0.00000481,
ETHUSDT,2022-12-03T08:00:00+00:00,-0.00002779,
ETHUSDT,2022-12-03T16:00:00.011000+00:00,-0.00002251,
ETHUSDT,2022-12-04T00:00:00.006000+00:00,-0.00004991,
ETHUSDT,2022-12-04T08:00:00+00:00,-0.00000149,
ETHUSDT,2022-12-04T16:00:00.006000+00:00,0.00003593,
ETHUSDT,2022-12-05T00:00:00.002000+00:00,0.00005566,
ETHUSDT,2022-12-05T08:00:00.011000+00:00,-0.00002459,
ETHUSDT,2022-12-05T16:00:00.008000+00:00,0.00005578,
ETHUSDT,2022-12-06T00:00:00.014000+00:00,0.00004181,
ETHUSDT,2022-12-06T08:00:00.027000+00:00,0.00001389,
ETHUSDT,2022-12-06T16:00:00.009000+00:00,0.00004364,
ETHUSDT,2022-12-07T00:00:00+00:00,0.00008029,
ETHUSDT,2022-12-07T08:00:00+00:00,0.00000595,
ETHUSDT,2022-12-07T16:00:00+00:00,-0.00000233,
ETHUSDT,2022-12-08T00:00:00.006000+00:00,6.3E-7,
ETHUSDT,2022-12-08T08:00:00+00:00,0.00001744,
ETHUSDT,2022-12-08T16:00:00.014000+00:00,-9.2E-7,
ETHUSDT,2022-12-09T00:00:00.017000+00:00,0.00010000,
ETHUSDT,2022-12-09T08:00:00.005000+00:00,0.00006855,
ETHUSDT,2022-12-09T16:00:00+00:00,0.00004900,
ETHUSDT,2022-12-10T00:00:00.009000+00:00,-0.00001674,
ETHUSDT,2022-12-10T08:00:00.010000+00:00,0.00006407,
ETHUSDT,2022-12-10T16:00:00.001000+00:00,0.00006841,
ETHUSDT,2022-12-11T00:00:00.011000+00:00,-0.00002288,
ETHUSDT,2022-12-11T08:00:00.007000+00:00,0.00001946,
ETHUSDT,2022-12-11T16:00:00.011000+00:00,0.00001359,
ETHUSDT,2022-12-12T00:00:00+00:00,0.00003843,
ETHUSDT,2022-12-12T08:00:00.004000+00:00,-0.00002359,
ETHUSDT,2022-12-12T16:00:00+00:00,-0.00002692,
ETHUSDT,2022-12-13T00:00:00+00:00,0.00008949,
ETHUSDT,2022-12-13T08:00:00.018000+00:00,0.00010000,
ETHUSDT,2022-12-13T16:00:00.011000+00:00,0.00010000,
ETHUSDT,2022-12-14T00:00:00.010000+00:00,0.00010000,
ETHUSDT,2022-12-14T08:00:00.015000+00:00,0.00010000,
ETHUSDT,2022-12-14T16:00:00.004000+00:00,0.00010000,
ETHUSDT,2022-12-15T00:00:00+00:00,0.00010000,
ETHUSDT,2022-12-15T08:00:00.023000+00:00,0.00010000,
ETHUSDT,2022-12-15T16:00:00.010000+00:00,0.00010000,
ETHUSDT,2022-12-16T00:00:00.016000+00:00,0.00010000,
ETHUSDT,2022-12-16T08:00:00.011000+00:00,0.00010000,
ETHUSDT,2022-12-16T16:00:00.001000+00:00,-0.00003780,
ETHUSDT,2022-12-17T00:00:00.001000+00:00,0.00008697,
ETHUSDT,2022-12-17T08:00:00.011000+00:00,-0.00006429,
ETHUSDT,2022-12-17T16:00:00.011000+00:00,0.00003413,
ETHUSDT,2022-12-18T00:00:00.008000+00:00,0.00005955,
ETHUSDT,2022-12-18T08:00:00.001000+00:00,0.00007900,
ETHUSDT,2022-12-18T16:00:00.012000+00:00,0.00004105,
ETHUSDT,2022-12-19T00:00:00+00:00,-0.00003395,
ETHUSDT,2022-12-19T08:00:00+00:00,0.00000570,
ETHUSDT,2022-12-19T16:00:00+00:00,-0.00000601,
ETHUSDT,2022-12-20T00:00:00.005000+00:00,0.00008479,
ETHUSDT,2022-12-20T08:00:00.016000+00:00,0.00004111,
ETHUSDT,2022-12-20T16:00:00+00:00,0.00009832,
ETHUSDT,2022-12-21T00:00:00.007000+00:00,0.00004626,
ETHUSDT,2022-12-21T08:00:00.012000+00:00,0.00008575,
ETHUSDT,2022-12-21T16:00:00.017000+00:00,0.00006565,
ETHUSDT,2022-12-22T00:00:00.004000+00:00,0.00008923,
ETHUSDT,2022-12-22T08:00:00+00:00,0.00009813,
ETHUSDT,2022-12-22T16:00:00.001000+00:00,0.00007887,
ETHUSDT,2022-12-23T00:00:00.018000+00:00,0.00007468,
ETHUSDT,2022-12-23T08:00:00+00:00,0.00010000,
ETHUSDT,2022-12-23T16:00:00+00:00,-0.00000728,
ETHUSDT,2022-12-24T00:00:00.001000+00:00,0.00006767,
ETHUSDT,2022-12-24T08:00:00.007000+00:00,0.00010000,
ETHUSDT,2022-12-24T16:00:00.008000+00:00,0.00000527,
ETHUSDT,2022-12-25T00:00:00+00:00,-0.00000384,
ETHUSDT,2022-12-25T08:00:00.013000+00:00,4.1E-7,
ETHUSDT,2022-12-25T16:00:00+00:00,0.00001343,
ETHUSDT,2022-12-26T00:00:00.001000+00:00,0.00006962,
ETHUSDT,2022-12-26T08:00:00+00:00,0.00001023,
ETHUSDT,2022-12-26T16:00:00.005000+00:00,0.00002594,
ETHUSDT,2022-12-27T00:00:00.005000+00:00,0.00010000,
ETHUSDT,2022-12-27T08:00:00.010000+00:00,0.00002226,
ETHUSDT,2022-12-27T16:00:00.006000+00:00,0.00007546,
ETHUSDT,2022-12-28T00:00:00.010000+00:00,0.00010000,
ETHUSDT,2022-12-28T08:00:00.010000+00:00,0.00006253,
ETHUSDT,2022-12-28T16:00:00.010000+00:00,-0.00002352,
ETHUSDT,2022-12-29T00:00:00.011000+00:00,0.00010000,
ETHUSDT,2022-12-29T08:00:00+00:00,0.00005835,
ETHUSDT,2022-12-29T16:00:00.008000+00:00,0.00010000,
ETHUSDT,2022-12-30T00:00:00+00:00,0.00010000,
ETHUSDT,2022-12-30T08:00:00+00:00,0.00010000,
ETHUSDT,2022-12-30T16:00:00+00:00,0.00010000,
ETHUSDT,2022-12-31T00:00:00.014000+00:00,0.00010000,
ETHUSDT,2022-12-31T08:00:00+00:00,0.00010000,
ETHUSDT,2022-12-31T16:00:00+00:00,0.00010000,
ETHUSDT,2023-01-01T00:00:00+00:00,0.00010000,
ETHUSDT,2023-01-01T08:00:00.008000+00:00,0.00010000,
ETHUSDT,2023-01-01T16:00:00+00:00,0.00010000,
ETHUSDT,2023-01-02T00:00:00+00:00,0.00010000,
ETHUSDT,2023-01-02T08:00:00.008000+00:00,0.00008878,
ETHUSDT,2023-01-02T16:00:00.015000+00:00,0.00007464,
ETHUSDT,2023-01-03T00:00:00.003000+00:00,0.00000890,
ETHUSDT,2023-01-03T08:00:00.018000+00:00,0.00005228,
ETHUSDT,2023-01-03T16:00:00+00:00,0.00002948,
ETHUSDT,2023-01-04T00:00:00+00:00,0.00007609,
ETHUSDT,2023-01-04T08:00:00.016000+00:00,0.00010000,
ETHUSDT,2023-01-04T16:00:00.011000+00:00,0.00010000,
ETHUSDT,2023-01-05T00:00:00.009000+00:00,0.00010000,
ETHUSDT,2023-01-05T08:00:00.011000+00:00,0.00010000,
ETHUSDT,2023-01-05T16:00:00+00:00,0.00010000,
ETHUSDT,2023-01-06T00:00:00.005000+00:00,0.00010000,
ETHUSDT,2023-01-06T08:00:00.001000+00:00,0.00010000,
ETHUSDT,2023-01-06T16:00:00+00:00,0.00010000,
ETHUSDT,2023-01-07T00:00:00.006000+00:00,0.00005444,
ETHUSDT,2023-01-07T08:00:00.017000+00:00,0.00004199,
ETHUSDT,2023-01-07T16:00:00+00:00,0.00007190,
ETHUSDT,2023-01-08T00:00:00.015000+00:00,0.00002131,
ETHUSDT,2023-01-08T08:00:00+00:00,0.00008826,
ETHUSDT,2023-01-08T16:00:00.010000+00:00,0.00008657,
ETHUSDT,2023-01-09T00:00:00.003000+00:00,0.00004312,
ETHUSDT,2023-01-09T08:00:00+00:00,0.00007617,
ETHUSDT,2023-01-09T16:00:00.006000+00:00,0.00010000,
ETHUSDT,2023-01-10T00:00:00.003000+00:00,0.00010000,
ETHUSDT,2023-01-10T08:00:00.021000+00:00,0.00010000,
ETHUSDT,2023-01-10T16:00:00+00:00,0.00010000,
ETHUSDT,2023-01-11T00:00:00.011000+00:00,0.00010000,
ETHUSDT,2023-01-11T08:00:00.006000+00:00,0.00010000,
ETHUSDT,2023-01-11T16:00:00.004000+00:00,0.00002778,
ETHUSDT,2023-01-12T00:00:00+00:00,0.00010000,
ETHUSDT,2023-01-12T08:00:00+00:00,0.00010000,
ETHUSDT,2023-01-12T16:00:00+00:00,0.00010000,
ETHUSDT,2023-01-13T00:00:00.004000+00:00,0.00010000,
ETHUSDT,2023-01-13T08:00:00+00:00,0.00010000,
ETHUSDT,2023-01-13T16:00:00.018000+00:00,0.00010000,
ETHUSDT,2023-01-14T00:00:00+00:00,0.00010000,
ETHUSDT,2023-01-14T08:00:00.001000+00:00,0.00061643,
ETHUSDT,2023-01-14T16:00:00+00:00,0.00045951,
ETHUSDT,2023-01-15T00:00:00.010000+00:00,0.00012412,
ETHUSDT,2023-01-15T08:00:00.002000+00:00,0.00030426,
ETHUSDT,2023-01-15T16:00:00+00:00,0.00018878,
ETHUSDT,2023-01-16T00:00:00.010000+00:00,0.00014183,
ETHUSDT,2023-01-16T08:00:00.007000+00:00,0.00010000,
ETHUSDT,2023-01-16T16:00:00+00:00,0.00010000,
ETHUSDT,2023-01-17T00:00:00.004000+00:00,0.00010000,
ETHUSDT,2023-01-17T08:00:00.005000+00:00,0.00010000,
ETHUSDT,2023-01-17T16:00:00.001000+00:00,0.00010000,
ETHUSDT,2023-01-18T00:00:00.008000+00:00,0.00010000,
ETHUSDT,2023-01-18T08:00:00.009000+00:00,0.00010000,
ETHUSDT,2023-01-18T16:00:00.017000+00:00,0.00010000,
ETHUSDT,2023-01-19T00:00:00+00:00,0.00010000,
ETHUSDT,2023-01-19T08:00:00.015000+00:00,0.00010000,
ETHUSDT,2023-01-19T16:00:00.012000+00:00,0.00010000,
ETHUSDT,2023-01-20T00:00:00+00:00,0.00010000,
ETHUSDT,2023-01-20T08:00:00+00:00,0.00010000,
ETHUSDT,2023-01-20T16:00:00+00:00,0.00010000,
ETHUSDT,2023-01-21T00:00:00.013000+00:00,0.00010000,
ETHUSDT,2023-01-21T08:00:00.001000+00:00,0.00010000,
ETHUSDT,2023-01-21T16:00:00.016000+00:00,0.00010000,
ETHUSDT,2023-01-22T00:00:00+00:00,0.00010000,
ETHUSDT,2023-01-22T08:00:00+00:00,0.00010000,
ETHUSDT,2023-01-22T16:00:00.023000+00:00,0.00010000,
ETHUSDT,2023-01-23T00:00:00.014000+00:00,0.00010356,
ETHUSDT,2023-01-23T08:00:00.014000+00:00,0.00010000,
ETHUSDT,2023-01-23T16:00:00.016000+00:00,0.00010000,
ETHUSDT,2023-01-24T00:00:00.008000+00:00,0.00010000,
ETHUSDT,2023-01-24T08:00:00.008000+00:00,0.00010000,
ETHUSDT,2023-01-24T16:00:00+00:00,0.00010000,
ETHUSDT,2023-01-25T00:00:00.012000+00:00,0.00010000,
ETHUSDT,2023-01-25T08:00:00+00:00,0.00010000,
ETHUSDT,2023-01-25T16:00:00.010000+00:00,0.00010000,
ETHUSDT,2023-01-26T00:00:00.010000+00:00,0.00010000,
ETHUSDT,2023-01-26T08:00:00.003000+00:00,0.00010000,
ETHUSDT,2023-01-26T16:00:00.020000+00:00,0.00010000,
ETHUSDT,2023-01-27T00:00:00.008000+00:00,0.00010000,
ETHUSDT,2023-01-27T08:00:00+00:00,0.00010000,
ETHUSDT,2023-01-27T16:00:00+00:00,0.00010000,
ETHUSDT,2023-01-28T00:00:00.009000+00:00,0.00010000,
ETHUSDT,2023-01-28T08:00:00.018000+00:00,0.00010000,
ETHUSDT,2023-01-28T16:00:00.005000+00:00,0.00010000,
ETHUSDT,2023-01-29T00:00:00.011000+00:00,0.00010000,
ETHUSDT,2023-01-29T08:00:00+00:00,0.00010000,
ETHUSDT,2023-01-29T16:00:00.008000+00:00,0.00010000,
ETHUSDT,2023-01-30T00:00:00.001000+00:00,0.00010000,
ETHUSDT,2023-01-30T08:00:00+00:00,0.00010000,
ETHUSDT,2023-01-30T16:00:00+00:00,0.00010000,
ETHUSDT,2023-01-31T00:00:00.005000+00:00,0.00010000,
ETHUSDT,2023-01-31T08:00:00+00:00,0.00010000,
ETHUSDT,2023-01-31T16:00:00.007000+00:00,0.00010000,
ETHUSDT,2023-02-01T00:00:00.013000+00:00,0.00010000,
ETHUSDT,2023-02-01T08:00:00+00:00,0.00010000,
ETHUSDT,2023-02-01T16:00:00.012000+00:00,0.00010000,
ETHUSDT,2023-02-02T00:00:00.004000+00:00,0.00010000,
ETHUSDT,2023-02-02T08:00:00.023000+00:00,0.00010000,
ETHUSDT,2023-02-02T16:00:00.003000+00:00,0.00010000,
ETHUSDT,2023-02-03T00:00:00.010000+00:00,0.00010000,
ETHUSDT,2023-02-03T08:00:00+00:00,0.00010000,
ETHUSDT,2023-02-03T16:00:00+00:00,0.00010000,
ETHUSDT,2023-02-04T00:00:00.010000+00:00,0.00010000,
ETHUSDT,2023-02-04T08:00:00+00:00,0.00010000,
ETHUSDT,2023-02-04T16:00:00+00:00,0.00010000,
ETHUSDT,2023-02-05T00:00:00.016000+00:00,0.00010000,
ETHUSDT,2023-02-05T08:00:00.009000+00:00,0.00010000,
ETHUSDT,2023-02-05T16:00:00.018000+00:00,0.00010000,
ETHUSDT,2023-02-06T00:00:00.001000+00:00,0.00010000,
ETHUSDT,2023-02-06T08:00:00+00:00,0.00010000,
ETHUSDT,2023-02-06T16:00:00.012000+00:00,0.00010000,
ETHUSDT,2023-02-07T00:00:00.004000+00:00,0.00010000,
ETHUSDT,2023-02-07T08:00:00.011000+00:00,0.00010000,
ETHUSDT,2023-02-07T16:00:00.018000+00:00,0.00010000,
ETHUSDT,2023-02-08T00:00:00.009000+00:00,0.00010000,
ETHUSDT,2023-02-08T08:00:00.010000+00:00,0.00010000,
ETHUSDT,2023-02-08T16:00:00+00:00,0.00010000,
ETHUSDT,2023-02-09T00:00:00.014000+00:00,0.00010000,
ETHUSDT,2023-02-09T08:00:00.006000+00:00,0.00010000,
ETHUSDT,2023-02-09T16:00:00.001000+00:00,0.00010000,
ETHUSDT,2023-02-10T00:00:00.012000+00:00,0.00010000,
ETHUSDT,2023-02-10T08:00:00.005000+00:00,0.00006828,
ETHUSDT,2023-02-10T16:00:00.020000+00:00,0.00010000,
ETHUSDT,2023-02-11T00:00:00.007000+00:00,0.00006470,
ETHUSDT,2023-02-11T08:00:00.002000+00:00,0.00003345,
ETHUSDT,2023-02-11T16:00:00.021000+00:00,-0.00002491,
ETHUSDT,2023-02-12T00:00:00.004000+00:00,0.00008869,
ETHUSDT,2023-02-12T08:00:00+00:00,0.00003225,
ETHUSDT,2023-02-12T16:00:00.002000+00:00,0.00004579,
ETHUSDT,2023-02-13T00:00:00.006000+00:00,0.00002555,
ETHUSDT,2023-02-13T08:00:00.008000+00:00,0.00005994,
ETHUSDT,2023-02-13T16:00:00.002000+00:00,0.00010000,
ETHUSDT,2023-02-14T00:00:00.013000+00:00,-0.00000454,
ETHUSDT,2023-02-14T08:00:00.014000+00:00,0.00004405,
ETHUSDT,2023-02-14T16:00:00.016000+00:00,0.00005311,
ETHUSDT,2023-02-15T00:00:00.011000+00:00,0.00002910,
ETHUSDT,2023-02-15T08:00:00+00:00,0.00002810,
ETHUSDT,2023-02-15T16:00:00.005000+00:00,0.00005715,
ETHUSDT,2023-02-16T00:00:00.019000+00:00,0.00010000,
ETHUSDT,2023-02-16T08:00:00+00:00,0.00010000,
ETHUSDT,2023-02-16T16:00:00.001000+00:00,0.00014101,
ETHUSDT,2023-02-17T00:00:00.003000+00:00,0.00010000,
ETHUSDT,2023-02-17T08:00:00.016000+00:00,0.00010000,
ETHUSDT,2023-02-17T16:00:00+00:00,0.00010000,
ETHUSDT,2023-02-18T00:00:00.011000+00:00,0.00010000,
ETHUSDT,2023-02-18T08:00:00+00:00,0.00010000,
ETHUSDT,2023-02-18T16:00:00.007000+00:00,0.00010000,
ETHUSDT,2023-02-19T00:00:00.019000+00:00,0.00010000,
ETHUSDT,2023-02-19T08:00:00.005000+00:00,0.00010000,
ETHUSDT,2023-02-19T16:00:00.003000+00:00,0.00010000,
ETHUSDT,2023-02-20T00:00:00.006000+00:00,0.00010000,
ETHUSDT,2023-02-20T08:00:00.008000+00:00,0.00010000,
ETHUSDT,2023-02-20T16:00:00.006000+00:00,0.00010000,
ETHUSDT,2023-02-21T00:00:00.001000+00:00,0.00010000,
ETHUSDT,2023-02-21T08:00:00.004000+00:00,0.00010000,
ETHUSDT,2023-02-21T16:00:00.011000+00:00,0.00010000,
ETHUSDT,2023-02-22T00:00:00.009000+00:00,0.00010000,
ETHUSDT,2023-02-22T08:00:00.010000+00:00,0.00010000,
ETHUSDT,2023-02-22T16:00:00+00:00,0.00010000,
ETHUSDT,2023-02-23T00:00:00.006000+00:00,0.00007072,
ETHUSDT,2023-02-23T08:00:00.005000+00:00,0.00009829,
ETHUSDT,2023-02-23T16:00:00.002000+00:00,0.00004374,
ETHUSDT,2023-02-24T00:00:00.015000+00:00,0.00003804,
ETHUSDT,2023-02-24T08:00:00.011000+00:00,0.00006414,
ETHUSDT,2023-02-24T16:00:00.014000+00:00,0.00008380,
ETHUSDT,2023-02-25T00:00:00.015000+00:00,0.00007921,
ETHUSDT,2023-02-25T08:00:00.015000+00:00,0.00009641,
ETHUSDT,2023-02-25T16:00:00.015000+00:00,0.00005498,
ETHUSDT,2023-02-26T00:00:00.007000+00:00,0.00001266,
ETHUSDT,2023-02-26T08:00:00.012000+00:00,0.00004684,
ETHUSDT,2023-02-26T16:00:00+00:00,0.00001098,
ETHUSDT,2023-02-27T00:00:00.011000+00:00,0.00010000,
ETHUSDT,2023-02-27T08:00:00.003000+00:00,0.00008633,
ETHUSDT,2023-02-27T16:00:00+00:00,0.00006025,
ETHUSDT,2023-02-28T00:00:00.011000+00:00,0.00003555,
ETHUSDT,2023-02-28T08:00:00.018000+00:00,0.00003626,
ETHUSDT,2023-02-28T16:00:00.005000+00:00,0.00008565,
ETHUSDT,2023-03-01T00:00:00.016000+00:00,0.00000342,
ETHUSDT,2023-03-01T08:00:00+00:00,0.00010000,
ETHUSDT,2023-03-01T16:00:00.008000+00:00,0.00010000,
ETHUSDT,2023-03-02T00:00:00.009000+00:00,0.00010000,
ETHUSDT,2023-03-02T08:00:00.013000+00:00,0.00010000,
ETHUSDT,2023-03-02T16:00:00+00:00,0.00007746,
ETHUSDT,2023-03-03T00:00:00+00:00,0.00003967,
ETHUSDT,2023-03-03T08:00:00.013000+00:00,-0.00000917,
ETHUSDT,2023-03-03T16:00:00+00:00,0.00002284,
ETHUSDT,2023-03-04T00:00:00.001000+00:00,0.00008491,
ETHUSDT,2023-03-04T08:00:00.008000+00:00,0.00000126,
ETHUSDT,2023-03-04T16:00:00.012000+00:00,0.00002121,
ETHUSDT,2023-03-05T00:00:00+00:00,0.00005372,
ETHUSDT,2023-03-05T08:00:00+00:00,0.00003555,
ETHUSDT,2023-03-05T16:00:00.015000+00:00,0.00004841,
ETHUSDT,2023-03-06T00:00:00.007000+00:00,0.00004583,
ETHUSDT,2023-03-06T08:00:00.017000+00:00,0.00007122,
ETHUSDT,2023-03-06T16:00:00+00:00,0.00003604,
ETHUSDT,2023-03-07T00:00:00.009000+00:00,0.00005296,
ETHUSDT,2023-03-07T08:00:00.016000+00:00,0.00007563,
ETHUSDT,2023-03-07T16:00:00.017000+00:00,0.00001011,
ETHUSDT,2023-03-08T00:00:00+00:00,0.00008208,
ETHUSDT,2023-03-08T08:00:00.014000+00:00,0.00006665,
ETHUSDT,2023-03-08T16:00:00.021000+00:00,0.00008786,
ETHUSDT,2023-03-09T00:00:00.010000+00:00,0.00009084,
ETHUSDT,2023-03-09T08:00:00.013000+00:00,0.00007599,
ETHUSDT,2023-03-09T16:00:00.002000+00:00,0.00003643,
ETHUSDT,2023-03-10T00:00:00+00:00,-0.00008306,
ETHUSDT,2023-03-10T08:00:00+00:00,-9.7E-7,
ETHUSDT,2023-03-10T16:00:00.005000+00:00,-0.00000512,
ETHUSDT,2023-03-11T00:00:00.011000+00:00,0.00002796,
ETHUSDT,2023-03-11T08:00:00.003000+00:00,-0.00005766,
ETHUSDT,2023-03-11T16:00:00.011000+00:00,0.00004677,
ETHUSDT,2023-03-12T00:00:00.001000+00:00,-0.00001066,
ETHUSDT,2023-03-12T08:00:00+00:00,0.00008670,
ETHUSDT,2023-03-12T16:00:00.005000+00:00,-0.00004286,
ETHUSDT,2023-03-13T00:00:00.010000+00:00,0.00010000,
ETHUSDT,2023-03-13T08:00:00.018000+00:00,0.00010000,
ETHUSDT,2023-03-13T16:00:00.003000+00:00,0.00010000,
ETHUSDT,2023-03-14T00:00:00.010000+00:00,0.00010000,
ETHUSDT,2023-03-14T08:00:00.009000+00:00,0.00010000,
ETHUSDT,2023-03-14T16:00:00.010000+00:00,0.00010000,
ETHUSDT,2023-03-15T00:00:00.011000+00:00,0.00031728,
ETHUSDT,2023-03-15T08:00:00+00:00,0.00018366,
ETHUSDT,2023-03-15T16:00:00.012000+00:00,0.00010000,
ETHUSDT,2023-03-16T00:00:00.004000+00:00,0.00010000,
ETHUSDT,2023-03-16T08:00:00.018000+00:00,0.00010000,
ETHUSDT,2023-03-16T16:00:00.005000+00:00,0.00010000,
ETHUSDT,2023-03-17T00:00:00.017000+00:00,0.00005964,
ETHUSDT,2023-03-17T08:00:00.010000+00:00,0.00005941,
ETHUSDT,2023-03-17T16:00:00.003000+00:00,0.00010000,
ETHUSDT,2023-03-18T00:00:00.012000+00:00,0.00010000,
ETHUSDT,2023-03-18T08:00:00+00:00,0.00010000,
ETHUSDT,2023-03-18T16:00:00.016000+00:00,0.00010000,
ETHUSDT,2023-03-19T00:00:00.013000+00:00,0.00010000,
ETHUSDT,2023-03-19T08:00:00.024000+00:00,0.00010000,
ETHUSDT,2023-03-19T16:00:00+00:00,0.00010000,
ETHUSDT,2023-03-20T00:00:00.005000+00:00,0.00010000,
ETHUSDT,2023-03-20T08:00:00.012000+00:00,0.00010000,
ETHUSDT,2023-03-20T16:00:00.015000+00:00,0.00008194,
ETHUSDT,2023-03-21T00:00:00.006000+00:00,0.00007106,
ETHUSDT,2023-03-21T08:00:00.004000+00:00,0.00004611,
ETHUSDT,2023-03-21T16:00:00.003000+00:00,0.00008990,
ETHUSDT,2023-03-22T00:00:00+00:00,0.00005146,
ETHUSDT,2023-03-22T08:00:00.003000+00:00,0.00001267,
ETHUSDT,2023-03-22T16:00:00+00:00,0.00005540,
ETHUSDT,2023-03-23T00:00:00.016000+00:00,0.00001123,
ETHUSDT,2023-03-23T08:00:00.001000+00:00,0.00006860,
ETHUSDT,2023-03-23T16:00:00.013000+00:00,0.00010000,
ETHUSDT,2023-03-24T00:00:00.013000+00:00,0.00010000,
ETHUSDT,2023-03-24T08:00:00.012000+00:00,0.00010000,
ETHUSDT,2023-03-24T16:00:00.027000+00:00,0.00010000,
ETHUSDT,2023-03-25T00:00:00.015000+00:00,0.00001992,
ETHUSDT,2023-03-25T08:00:00.011000+00:00,0.00001460,
ETHUSDT,2023-03-25T16:00:00.011000+00:00,-0.00000795,
ETHUSDT,2023-03-26T00:00:00+00:00,0.00000829,
ETHUSDT,2023-03-26T08:00:00.015000+00:00,0.00000997,
ETHUSDT,2023-03-26T16:00:00+00:00,0.00004383,
ETHUSDT,2023-03-27T00:00:00.019000+00:00,0.00001635,
ETHUSDT,2023-03-27T08:00:00.009000+00:00,-0.00000385,
ETHUSDT,2023-03-27T16:00:00+00:00,-0.00000171,
ETHUSDT,2023-03-28T00:00:00.007000+00:00,-0.00001478,
ETHUSDT,2023-03-28T08:00:00+00:00,0.00003473,
ETHUSDT,2023-03-28T16:00:00.013000+00:00,0.00006578,
ETHUSDT,2023-03-29T00:00:00.010000+00:00,0.00010000,
ETHUSDT,2023-03-29T08:00:00.006000+00:00,0.00007584,
ETHUSDT,2023-03-29T16:00:00.014000+00:00,0.00010000,
ETHUSDT,2023-03-30T00:00:00+00:00,0.00005756,
ETHUSDT,2023-03-30T08:00:00+00:00,0.00000286,
ETHUSDT,2023-03-30T16:00:00.006000+00:00,0.00005025,
ETHUSDT,2023-03-31T00:00:00.003000+00:00,0.00007203,
ETHUSDT,2023-03-31T08:00:00.006000+00:00,0.00006982,
ETHUSDT,2023-03-31T16:00:00.011000+00:00,0.00010000,
ETHUSDT,2023-04-01T00:00:00+00:00,0.00010000,
ETHUSDT,2023-04-01T08:00:00+00:00,0.00010000,
ETHUSDT,2023-04-01T16:00:00.018000+00:00,0.00006306,
ETHUSDT,2023-04-02T00:00:00.013000+00:00,0.00003987,
ETHUSDT,2023-04-02T08:00:00.014000+00:00,0.00005018,
ETHUSDT,2023-04-02T16:00:00.001000+00:00,0.00003503,
ETHUSDT,2023-04-03T00:00:00+00:00,-0.00002938,
ETHUSDT,2023-04-03T08:00:00.013000+00:00,-0.00001960,
ETHUSDT,2023-04-03T16:00:00.011000+00:00,-0.00000471,
ETHUSDT,2023-04-04T00:00:00.002000+00:00,0.00006360,
ETHUSDT,2023-04-04T08:00:00.017000+00:00,0.00003238,
ETHUSDT,2023-04-04T16:00:00.008000+00:00,0.00010000,
ETHUSDT,2023-04-05T00:00:00+00:00,0.00006853,
ETHUSDT,2023-04-05T08:00:00.016000+00:00,0.00010000,
ETHUSDT,2023-04-05T16:00:00.004000+00:00,0.00010000,
ETHUSDT,2023-04-06T00:00:00+00:00,0.00005011,
ETHUSDT,2023-04-06T08:00:00.011000+00:00,0.00006251,
ETHUSDT,2023-04-06T16:00:00+00:00,0.00000217,
ETHUSDT,2023-04-07T00:00:00.006000+00:00,0.00002088,
ETHUSDT,2023-04-07T08:00:00.005000+00:00,0.00007093,
ETHUSDT,2023-04-07T16:00:00+00:00,0.00003638,
ETHUSDT,2023-04-08T00:00:00+00:00,0.00003725,
ETHUSDT,2023-04-08T08:00:00.014000+00:00,0.00001046,
ETHUSDT,2023-04-08T16:00:00.018000+00:00,0.00002210,
ETHUSDT,2023-04-09T00:00:00.013000+00:00,0.00000821,
ETHUSDT,2023-04-09T08:00:00.024000+00:00,-0.00001908,
ETHUSDT,2023-04-09T16:00:00.010000+00:00,0.00003067,
ETHUSDT,2023-04-10T00:00:00+00:00,0.00003359,
ETHUSDT,2023-04-10T08:00:00.010000+00:00,-0.00004969,
ETHUSDT,2023-04-10T16:00:00.006000+00:00,0.00002062,
ETHUSDT,2023-04-11T00:00:00.008000+00:00,0.00002648,
ETHUSDT,2023-04-11T08:00:00.007000+00:00,0.00008648,
ETHUSDT,2023-04-11T16:00:00.016000+00:00,0.00006716,
ETHUSDT,2023-04-12T00:00:00.006000+00:00,0.00001041,
ETHUSDT,2023-04-12T08:00:00.008000+00:00,0.00001290,
ETHUSDT,2023-04-12T16:00:00.014000+00:00,0.00003624,
ETHUSDT,2023-04-13T00:00:00.027000+00:00,0.00010000,
ETHUSDT,2023-04-13T08:00:00.010000+00:00,0.00010000,
ETHUSDT,2023-04-13T16:00:00+00:00,0.00010000,
ETHUSDT,2023-04-14T00:00:00.001000+00:00,0.00010000,
ETHUSDT,2023-04-14T08:00:00.008000+00:00,0.00010000,
ETHUSDT,2023-04-14T16:00:00.007000+00:00,0.00010000,
ETHUSDT,2023-04-15T00:00:00.007000+00:00,0.00010000,
ETHUSDT,2023-04-15T08:00:00.007000+00:00,0.00010000,
ETHUSDT,2023-04-15T16:00:00.011000+00:00,0.00010000,
ETHUSDT,2023-04-16T00:00:00.014000+00:00,0.00010000,
ETHUSDT,2023-04-16T08:00:00.007000+00:00,0.00010000,
ETHUSDT,2023-04-16T16:00:00.002000+00:00,0.00010000,
ETHUSDT,2023-04-17T00:00:00.017000+00:00,0.00010000,
ETHUSDT,2023-04-17T08:00:00.006000+00:00,0.00010000,
ETHUSDT,2023-04-17T16:00:00+00:00,0.00010000,
ETHUSDT,2023-04-18T00:00:00.013000+00:00,0.00010000,
ETHUSDT,2023-04-18T08:00:00.017000+00:00,0.00010000,
ETHUSDT,2023-04-18T16:00:00+00:00,0.00010000,
ETHUSDT,2023-04-19T00:00:00.022000+00:00,0.00010000,
ETHUSDT,2023-04-19T08:00:00.014000+00:00,0.00010000,
ETHUSDT,2023-04-19T16:00:00+00:00,-0.00001015,
ETHUSDT,2023-04-20T00:00:00.010000+00:00,0.00006419,
ETHUSDT,2023-04-20T08:00:00.012000+00:00,3.2E-7,
ETHUSDT,2023-04-20T16:00:00.012000+00:00,0.00002269,
ETHUSDT,2023-04-21T00:00:00.009000+00:00,0.00008620,
ETHUSDT,2023-04-21T08:00:00.009000+00:00,0.00006903,
ETHUSDT,2023-04-21T16:00:00.003000+00:00,0.00008488,
ETHUSDT,2023-04-22T00:00:00+00:00,0.00005467,
ETHUSDT,2023-04-22T08:00:00+00:00,-0.00000562,
ETHUSDT,2023-04-22T16:00:00.016000+00:00,0.00002848,
ETHUSDT,2023-04-23T00:00:00.009000+00:00,-0.00006991,
ETHUSDT,2023-04-23T08:00:00.020000+00:00,0.00001032,
ETHUSDT,2023-04-23T16:00:00.007000+00:00,0.00004969,
ETHUSDT,2023-04-24T00:00:00+00:00,0.00009041,
ETHUSDT,2023-04-24T08:00:00.008000+00:00,0.00001238,
ETHUSDT,2023-04-24T16:00:00.006000+00:00,0.00005112,
ETHUSDT,2023-04-25T00:00:00.014000+00:00,0.00008411,
ETHUSDT,2023-04-25T08:00:00.009000+00:00,0.00008034,
ETHUSDT,2023-04-25T16:00:00.015000+00:00,0.00006892,
ETHUSDT,2023-04-26T00:00:00.015000+00:00,0.00003840,
ETHUSDT,2023-04-26T08:00:00.013000+00:00,0.00001253,
ETHUSDT,2023-04-26T16:00:00.001000+00:00,0.00008700,
ETHUSDT,2023-04-27T00:00:00.014000+00:00,-0.00002203,
ETHUSDT,2023-04-27T08:00:00.008000+00:00,0.00005850,
ETHUSDT,2023-04-27T16:00:00.005000+00:00,0.00003408,
ETHUSDT,2023-04-28T00:00:00.011000+00:00,0.00008670,
ETHUSDT,2023-04-28T08:00:00.007000+00:00,0.00008037,
ETHUSDT,2023-04-28T16:00:00.006000+00:00,0.00008463,
ETHUSDT,2023-04-29T00:00:00.004000+00:00,0.00004382,
ETHUSDT,2023-04-29T08:00:00.016000+00:00,0.00007125,
ETHUSDT,2023-04-29T16:00:00.001000+00:00,0.00005044,
ETHUSDT,2023-04-30T00:00:00.008000+00:00,0.00006303,
ETHUSDT,2023-04-30T08:00:00+00:00,-0.00000213,
ETHUSDT,2023-04-30T16:00:00.010000+00:00,0.00008291,
ETHUSDT,2023-05-01T00:00:00.004000+00:00,-0.00002629,
ETHUSDT,2023-05-01T08:00:00.008000+00:00,0.00002338,
ETHUSDT,2023-05-01T16:00:00.014000+00:00,0.00000846,
ETHUSDT,2023-05-02T00:00:00.015000+00:00,0.00009917,
ETHUSDT,2023-05-02T08:00:00.018000+00:00,0.00002555,
ETHUSDT,2023-05-02T16:00:00+00:00,0.00008146,
ETHUSDT,2023-05-03T00:00:00.009000+00:00,0.00009799,
ETHUSDT,2023-05-03T08:00:00.003000+00:00,0.00006273,
ETHUSDT,2023-05-03T16:00:00.011000+00:00,0.00010000,
ETHUSDT,2023-05-04T00:00:00+00:00,0.00010000,
ETHUSDT,2023-05-04T08:00:00+00:00,0.00010000,
ETHUSDT,2023-05-04T16:00:00.011000+00:00,0.00009900,
ETHUSDT,2023-05-05T00:00:00.002000+00:00,0.00003555,
ETHUSDT,2023-05-05T08:00:00+00:00,0.00005680,
ETHUSDT,2023-05-05T16:00:00+00:00,0.00010000,
ETHUSDT,2023-05-06T00:00:00.009000+00:00,0.00010000,
ETHUSDT,2023-05-06T08:00:00+00:00,0.00010000,
ETHUSDT,2023-05-06T16:00:00+00:00,0.00000694,
ETHUSDT,2023-05-07T00:00:00+00:00,0.00001519,
ETHUSDT,2023-05-07T08:00:00+00:00,0.00002257,
ETHUSDT,2023-05-07T16:00:00.006000+00:00,0.00004724,
ETHUSDT,2023-05-08T00:00:00+00:00,0.00005356,
ETHUSDT,2023-05-08T08:00:00.007000+00:00,0.00001131,
ETHUSDT,2023-05-08T16:00:00.015000+00:00,0.00003803,
ETHUSDT,2023-05-09T00:00:00.015000+00:00,0.00009627,
ETHUSDT,2023-05-09T08:00:00+00:00,0.00010000,
ETHUSDT,2023-05-09T16:00:00+00:00,0.00005218,
ETHUSDT,2023-05-10T00:00:00.007000+00:00,0.00002199,
ETHUSDT,2023-05-10T08:00:00.003000+00:00,0.00006916,
ETHUSDT,2023-05-10T16:00:00+00:00,0.00004334,
ETHUSDT,2023-05-11T00:00:00.011000+00:00,-0.00000399,
ETHUSDT,2023-05-11T08:00:00+00:00,0.00002198,
ETHUSDT,2023-05-11T16:00:00.005000+00:00,0.00005429,
ETHUSDT,2023-05-12T00:00:00.020000+00:00,0.00001830,
ETHUSDT,2023-05-12T08:00:00.001000+00:00,0.00000454,
ETHUSDT,2023-05-12T16:00:00.010000+00:00,-0.00000917,
ETHUSDT,2023-05-13T00:00:00+00:00,0.00002858,
ETHUSDT,2023-05-13T08:00:00+00:00,0.00002366,
ETHUSDT,2023-05-13T16:00:00.026000+00:00,0.00000857,
ETHUSDT,2023-05-14T00:00:00.029000+00:00,-0.00000480,
ETHUSDT,2023-05-14T08:00:00.010000+00:00,0.00005487,
ETHUSDT,2023-05-14T16:00:00.008000+00:00,0.00003797,
ETHUSDT,2023-05-15T00:00:00.006000+00:00,-0.00001849,
ETHUSDT,2023-05-15T08:00:00.005000+00:00,-0.00000295,
ETHUSDT,2023-05-15T16:00:00.008000+00:00,-0.00001988,
ETHUSDT,2023-05-16T00:00:00.021000+00:00,-0.00001560,
ETHUSDT,2023-05-16T08:00:00+00:00,0.00001255,
ETHUSDT,2023-05-16T16:00:00+00:00,0.00006009,
ETHUSDT,2023-05-17T00:00:00.010000+00:00,0.00008760,
ETHUSDT,2023-05-17T08:00:00+00:00,-0.00001530,
ETHUSDT,2023-05-17T16:00:00.001000+00:00,0.00003984,
ETHUSDT,2023-05-18T00:00:00+00:00,0.00007696,
ETHUSDT,2023-05-18T08:00:00.026000+00:00,0.00006739,
ETHUSDT,2023-05-18T16:00:00.019000+00:00,0.00005135,
ETHUSDT,2023-05-19T00:00:00+00:00,0.00004796,
ETHUSDT,2023-05-19T08:00:00.002000+00:00,0.00002782,
ETHUSDT,2023-05-19T16:00:00+00:00,0.00010000,
ETHUSDT,2023-05-20T00:00:00.005000+00:00,0.00007933,
ETHUSDT,2023-05-20T08:00:00.014000+00:00,0.00000788,
ETHUSDT,2023-05-20T16:00:00.020000+00:00,-0.00000176,
ETHUSDT,2023-05-21T00:00:00.014000+00:00,0.00004220,
ETHUSDT,2023-05-21T08:00:00.001000+00:00,-0.00000159,
ETHUSDT,2023-05-21T16:00:00.015000+00:00,0.00002497,
ETHUSDT,2023-05-22T00:00:00.028000+00:00,0.00002428,
ETHUSDT,2023-05-22T08:00:00+00:00,0.00005518,
ETHUSDT,2023-05-22T16:00:00.012000+00:00,0.00009003,
ETHUSDT,2023-05-23T00:00:00.006000+00:00,0.00002790,
ETHUSDT,2023-05-23T08:00:00.014000+00:00,0.00010000,
ETHUSDT,2023-05-23T16:00:00.008000+00:00,0.00007379,
ETHUSDT,2023-05-24T00:00:00+00:00,0.00009078,
ETHUSDT,2023-05-24T08:00:00.025000+00:00,0.00001006,
ETHUSDT,2023-05-24T16:00:00.008000+00:00,0.00004917,
ETHUSDT,2023-05-25T00:00:00+00:00,0.00001449,
ETHUSDT,2023-05-25T08:00:00.025000+00:00,0.00000148,
ETHUSDT,2023-05-25T16:00:00.016000+00:00,0.00006605,
ETHUSDT,2023-05-26T00:00:00+00:00,0.00010000,
ETHUSDT,2023-05-26T08:00:00.024000+00:00,0.00006574,
ETHUSDT,2023-05-26T16:00:00.012000+00:00,0.00003794,
ETHUSDT,2023-05-27T00:00:00.012000+00:00,0.00006425,
ETHUSDT,2023-05-27T08:00:00.018000+00:00,0.00004565,
ETHUSDT,2023-05-27T16:00:00.008000+00:00,-0.00003230,
ETHUSDT,2023-05-28T00:00:00.017000+00:00,-0.00000120,
ETHUSDT,2023-05-28T08:00:00.015000+00:00,-0.00001086,
ETHUSDT,2023-05-28T16:00:00+00:00,0.00002481,
ETHUSDT,2023-05-29T00:00:00+00:00,0.00010000,
ETHUSDT,2023-05-29T08:00:00.020000+00:00,0.00010000,
ETHUSDT,2023-05-29T16:00:00.011000+00:00,0.00010000,
ETHUSDT,2023-05-30T00:00:00.003000+00:00,0.00010000,
ETHUSDT,2023-05-30T08:00:00+00:00,0.00010000,
ETHUSDT,2023-05-30T16:00:00.003000+00:00,0.00004386,
ETHUSDT,2023-05-31T00:00:00.013000+00:00,0.00007951,
ETHUSDT,2023-05-31T08:00:00+00:00,0.00000535,
ETHUSDT,2023-05-31T16:00:00+00:00,0.00004873,
ETHUSDT,2023-06-01T00:00:00.008000+00:00,0.00006731,
ETHUSDT,2023-06-01T08:00:00.012000+00:00,0.00009125,
ETHUSDT,2023-06-01T16:00:00+00:00,0.00010000,
ETHUSDT,2023-06-02T00:00:00+00:00,0.00004670,
ETHUSDT,2023-06-02T08:00:00.006000+00:00,0.00010000,
ETHUSDT,2023-06-02T16:00:00.012000+00:00,0.00008252,
ETHUSDT,2023-06-03T00:00:00+00:00,0.00010000,
ETHUSDT,2023-06-03T08:00:00.011000+00:00,0.00007857,
ETHUSDT,2023-06-03T16:00:00.003000+00:00,0.00000950,
ETHUSDT,2023-06-04T00:00:00+00:00,0.00002827,
ETHUSDT,2023-06-04T08:00:00+00:00,0.00004801,
ETHUSDT,2023-06-04T16:00:00+00:00,0.00008077,
ETHUSDT,2023-06-05T00:00:00.005000+00:00,0.00000294,
ETHUSDT,2023-06-05T08:00:00+00:00,0.00002308,
ETHUSDT,2023-06-05T16:00:00+00:00,0.00007505,
ETHUSDT,2023-06-06T00:00:00+00:00,-0.00004896,
ETHUSDT,2023-06-06T08:00:00.009000+00:00,0.00000199,
ETHUSDT,2023-06-06T16:00:00.013000+00:00,0.00008581,
ETHUSDT,2023-06-07T00:00:00+00:00,0.00010000,
ETHUSDT,2023-06-07T08:00:00.016000+00:00,0.00010000,
ETHUSDT,2023-06-07T16:00:00+00:00,0.00002658,
ETHUSDT,2023-06-08T00:00:00.006000+00:00,0.00006055,
ETHUSDT,2023-06-08T08:00:00+00:00,0.00005971,
ETHUSDT,2023-06-08T16:00:00+00:00,0.00006270,
ETHUSDT,2023-06-09T00:00:00+00:00,0.00007287,
ETHUSDT,2023-06-09T08:00:00+00:00,0.00000972,
ETHUSDT,2023-06-09T16:00:00+00:00,0.00007382,
ETHUSDT,2023-06-10T00:00:00+00:00,0.00006010,
ETHUSDT,2023-06-10T08:00:00+00:00,0.00005325,
ETHUSDT,2023-06-10T16:00:00+00:00,0.00001875,
ETHUSDT,2023-06-11T00:00:00.001000+00:00,0.00001783,
ETHUSDT,2023-06-11T08:00:00+00:00,0.00006332,
ETHUSDT,2023-06-11T16:00:00+00:00,0.00002351,
ETHUSDT,2023-06-12T00:00:00+00:00,0.00007802,
ETHUSDT,2023-06-12T08:00:00+00:00,0.00009417,
ETHUSDT,2023-06-12T16:00:00.001000+00:00,0.00002839,
ETHUSDT,2023-06-13T00:00:00+00:00,0.00007468,
ETHUSDT,2023-06-13T08:00:00+00:00,0.00004944,
ETHUSDT,2023-06-13T16:00:00+00:00,0.00005417,
ETHUSDT,2023-06-14T00:00:00+00:00,0.00009312,
ETHUSDT,2023-06-14T08:00:00+00:00,0.00001378,
ETHUSDT,2023-06-14T16:00:00+00:00,0.00002759,
ETHUSDT,2023-06-15T00:00:00+00:00,-0.00007479,
ETHUSDT,2023-06-15T08:00:00+00:00,-0.00008236,
ETHUSDT,2023-06-15T16:00:00+00:00,0.00003041,
ETHUSDT,2023-06-16T00:00:00+00:00,-0.00008034,
ETHUSDT,2023-06-16T08:00:00+00:00,-0.00005170,
ETHUSDT,2023-06-16T16:00:00+00:00,-0.00001294,
ETHUSDT,2023-06-17T00:00:00+00:00,0.00006711,
ETHUSDT,2023-06-17T08:00:00+00:00,0.00010000,
ETHUSDT,2023-06-17T16:00:00+00:00,-0.00000145,
ETHUSDT,2023-06-18T00:00:00+00:00,-0.00000719,
ETHUSDT,2023-06-18T08:00:00+00:00,-0.00000865,
ETHUSDT,2023-06-18T16:00:00+00:00,0.00005296,
ETHUSDT,2023-06-19T00:00:00+00:00,0.00003436,
ETHUSDT,2023-06-19T08:00:00+00:00,0.00005597,
ETHUSDT,2023-06-19T16:00:00+00:00,0.00002962,
ETHUSDT,2023-06-20T00:00:00.001000+00:00,0.00003350,
ETHUSDT,2023-06-20T08:00:00+00:00,-0.00002167,
ETHUSDT,2023-06-20T16:00:00+00:00,0.00002359,
ETHUSDT,2023-06-21T00:00:00+00:00,0.00010000,
ETHUSDT,2023-06-21T08:00:00+00:00,0.00001018,
ETHUSDT,2023-06-21T16:00:00+00:00,-0.00000236,
ETHUSDT,2023-06-22T00:00:00+00:00,0.00010000,
ETHUSDT,2023-06-22T08:00:00.001000+00:00,0.00010000,
ETHUSDT,2023-06-22T16:00:00+00:00,0.00010000,
ETHUSDT,2023-06-23T00:00:00+00:00,0.00010000,
ETHUSDT,2023-06-23T08:00:00+00:00,0.00010000,
ETHUSDT,2023-06-23T16:00:00+00:00,0.00004288,
ETHUSDT,2023-06-24T00:00:00+00:00,0.00010000,
ETHUSDT,2023-06-24T08:00:00+00:00,0.00010000,
ETHUSDT,2023-06-24T16:00:00+00:00,0.00003414,
ETHUSDT,2023-06-25T00:00:00+00:00,0.00010000,
ETHUSDT,2023-06-25T08:00:00+00:00,0.00010000,
ETHUSDT,2023-06-25T16:00:00+00:00,0.00010000,
ETHUSDT,2023-06-26T00:00:00+00:00,0.00010000,
ETHUSDT,2023-06-26T08:00:00+00:00,0.00007153,
ETHUSDT,2023-06-26T16:00:00+00:00,0.00007038,
ETHUSDT,2023-06-27T00:00:00+00:00,0.00004477,
ETHUSDT,2023-06-27T08:00:00+00:00,0.00006237,
ETHUSDT,2023-06-27T16:00:00+00:00,0.00001184,
ETHUSDT,2023-06-28T00:00:00+00:00,0.00010000,
ETHUSDT,2023-06-28T08:00:00+00:00,0.00002202,
ETHUSDT,2023-06-28T16:00:00+00:00,0.00003873,
ETHUSDT,2023-06-29T00:00:00+00:00,0.00001497,
ETHUSDT,2023-06-29T08:00:00+00:00,0.00001188,
ETHUSDT,2023-06-29T16:00:00+00:00,0.00010000,
ETHUSDT,2023-06-30T00:00:00+00:00,0.00003965,
ETHUSDT,2023-06-30T08:00:00+00:00,0.00010000,
ETHUSDT,2023-06-30T16:00:00.001000+00:00,0.00010000,
ETHUSDT,2023-07-01T00:00:00+00:00,0.00010000,
ETHUSDT,2023-07-01T08:00:00+00:00,0.00010000,
ETHUSDT,2023-07-01T16:00:00+00:00,0.00010000,
ETHUSDT,2023-07-02T00:00:00+00:00,0.00010000,
ETHUSDT,2023-07-02T08:00:00+00:00,0.00010000,
ETHUSDT,2023-07-02T16:00:00.001000+00:00,0.00010000,
ETHUSDT,2023-07-03T00:00:00+00:00,0.00010000,
ETHUSDT,2023-07-03T08:00:00+00:00,0.00010000,
ETHUSDT,2023-07-03T16:00:00+00:00,0.00010000,
ETHUSDT,2023-07-04T00:00:00.001000+00:00,0.00010000,
ETHUSDT,2023-07-04T08:00:00+00:00,0.00010000,
ETHUSDT,2023-07-04T16:00:00+00:00,0.00010000,
ETHUSDT,2023-07-05T00:00:00+00:00,0.00010000,
ETHUSDT,2023-07-05T08:00:00+00:00,0.00010000,
ETHUSDT,2023-07-05T16:00:00+00:00,0.00010000,
ETHUSDT,2023-07-06T00:00:00+00:00,0.00010000,
ETHUSDT,2023-07-06T08:00:00+00:00,0.00010000,
ETHUSDT,2023-07-06T16:00:00+00:00,0.00002778,
ETHUSDT,2023-07-07T00:00:00+00:00,0.00007449,
ETHUSDT,2023-07-07T08:00:00+00:00,0.00003362,
ETHUSDT,2023-07-07T16:00:00+00:00,0.00002585,
ETHUSDT,2023-07-08T00:00:00+00:00,0.00003796,
ETHUSDT,2023-07-08T08:00:00+00:00,0.00001339,
ETHUSDT,2023-07-08T16:00:00+00:00,-0.00000417,
ETHUSDT,2023-07-09T00:00:00+00:00,0.00003226,
ETHUSDT,2023-07-09T08:00:00+00:00,0.00002878,
ETHUSDT,2023-07-09T16:00:00+00:00,0.00003180,
ETHUSDT,2023-07-10T00:00:00+00:00,0.00002726,
ETHUSDT,2023-07-10T08:00:00+00:00,0.00004524,
ETHUSDT,2023-07-10T16:00:00+00:00,0.00007179,
ETHUSDT,2023-07-11T00:00:00+00:00,0.00009527,
ETHUSDT,2023-07-11T08:00:00+00:00,0.00007653,
ETHUSDT,2023-07-11T16:00:00+00:00,0.00002549,
ETHUSDT,2023-07-12T00:00:00+00:00,0.00008290,
ETHUSDT,2023-07-12T08:00:00+00:00,0.00010000,
ETHUSDT,2023-07-12T16:00:00+00:00,0.00007320,
ETHUSDT,2023-07-13T00:00:00+00:00,-0.00000822,
ETHUSDT,2023-07-13T08:00:00+00:00,0.00005591,
ETHUSDT,2023-07-13T16:00:00+00:00,-0.00004550,
ETHUSDT,2023-07-14T00:00:00+00:00,0.00010000,
ETHUSDT,2023-07-14T08:00:00+00:00,0.00010000,
ETHUSDT,2023-07-14T16:00:00+00:00,0.00010000,
ETHUSDT,2023-07-15T00:00:00+00:00,-0.00000131,
ETHUSDT,2023-07-15T08:00:00+00:00,0.00008110,
ETHUSDT,2023-07-15T16:00:00+00:00,0.00008792,
ETHUSDT,2023-07-16T00:00:00.001000+00:00,0.00005641,
ETHUSDT,2023-07-16T08:00:00+00:00,0.00004632,
ETHUSDT,2023-07-16T16:00:00+00:00,0.00004081,
ETHUSDT,2023-07-17T00:00:00+00:00,0.00002809,
ETHUSDT,2023-07-17T08:00:00+00:00,0.00002313,
ETHUSDT,2023-07-17T16:00:00+00:00,0.00003963,
ETHUSDT,2023-07-18T00:00:00+00:00,0.00006696,
ETHUSDT,2023-07-18T08:00:00+00:00,0.00008539,
ETHUSDT,2023-07-18T16:00:00+00:00,0.00007161,
ETHUSDT,2023-07-19T00:00:00+00:00,0.00006538,
ETHUSDT,2023-07-19T08:00:00+00:00,0.00010000,
ETHUSDT,2023-07-19T16:00:00.001000+00:00,0.00009161,
ETHUSDT,2023-07-20T00:00:00+00:00,-0.00000241,
ETHUSDT,2023-07-20T08:00:00+00:00,0.00009217,
ETHUSDT,2023-07-20T16:00:00+00:00,0.00010000,
ETHUSDT,2023-07-21T00:00:00.001000+00:00,0.00001798,
ETHUSDT,2023-07-21T08:00:00+00:00,0.00000473,
ETHUSDT,2023-07-21T16:00:00+00:00,0.00007376,
ETHUSDT,2023-07-22T00:00:00+00:00,0.00005769,
ETHUSDT,2023-07-22T08:00:00+00:00,-0.00000415,
ETHUSDT,2023-07-22T16:00:00+00:00,0.00001649,
ETHUSDT,2023-07-23T00:00:00+00:00,0.00001578,
ETHUSDT,2023-07-23T08:00:00+00:00,0.00003411,
ETHUSDT,2023-07-23T16:00:00+00:00,0.00005404,
ETHUSDT,2023-07-24T00:00:00+00:00,0.00010000,
ETHUSDT,2023-07-24T08:00:00+00:00,-8.0E-7,
ETHUSDT,2023-07-24T16:00:00+00:00,0.00007167,
ETHUSDT,2023-07-25T00:00:00+00:00,0.00008389,
ETHUSDT,2023-07-25T08:00:00+00:00,0.00010000,
ETHUSDT,2023-07-25T16:00:00+00:00,0.00007490,
ETHUSDT,2023-07-26T00:00:00+00:00,0.00009056,
ETHUSDT,2023-07-26T08:00:00.001000+00:00,0.00006753,
ETHUSDT,2023-07-26T16:00:00+00:00,0.00009889,
ETHUSDT,2023-07-27T00:00:00+00:00,0.00010000,
ETHUSDT,2023-07-27T08:00:00+00:00,0.00008145,
ETHUSDT,2023-07-27T16:00:00.001000+00:00,0.00003967,
ETHUSDT,2023-07-28T00:00:00+00:00,0.00004950,
ETHUSDT,2023-07-28T08:00:00+00:00,0.00005360,
ETHUSDT,2023-07-28T16:00:00+00:00,0.00009408,
ETHUSDT,2023-07-29T00:00:00+00:00,0.00010000,
ETHUSDT,2023-07-29T08:00:00+00:00,0.00001485,
ETHUSDT,2023-07-29T16:00:00.001000+00:00,0.00010000,
ETHUSDT,2023-07-30T00:00:00+00:00,0.00010000,
ETHUSDT,2023-07-30T08:00:00+00:00,0.00001949,
ETHUSDT,2023-07-30T16:00:00+00:00,0.00003686,
ETHUSDT,2023-07-31T00:00:00+00:00,4.9E-7,
ETHUSDT,2023-07-31T08:00:00+00:00,0.00000170,
ETHUSDT,2023-07-31T16:00:00.001000+00:00,0.00004221,
ETHUSDT,2023-08-01T00:00:00+00:00,0.00008008,
ETHUSDT,2023-08-01T08:00:00+00:00,0.00003030,
ETHUSDT,2023-08-01T16:00:00+00:00,0.00010000,
ETHUSDT,2023-08-02T00:00:00+00:00,0.00010000,
ETHUSDT,2023-08-02T08:00:00+00:00,0.00010000,
ETHUSDT,2023-08-02T16:00:00+00:00,0.00010000,
ETHUSDT,2023-08-03T00:00:00+00:00,0.00010000,
ETHUSDT,2023-08-03T08:00:00+00:00,0.00010000,
ETHUSDT,2023-08-03T16:00:00.001000+00:00,0.00010000,
ETHUSDT,2023-08-04T00:00:00+00:00,0.00010000,
ETHUSDT,2023-08-04T08:00:00+00:00,0.00004830,
ETHUSDT,2023-08-04T16:00:00+00:00,0.00010000,
ETHUSDT,2023-08-05T00:00:00+00:00,0.00006861,
ETHUSDT,2023-08-05T08:00:00+00:00,0.00009220,
ETHUSDT,2023-08-05T16:00:00.001000+00:00,0.00010000,
ETHUSDT,2023-08-06T00:00:00+00:00,0.00010000,
ETHUSDT,2023-08-06T08:00:00.001000+00:00,0.00006951,
ETHUSDT,2023-08-06T16:00:00.005000+00:00,0.00004934,
ETHUSDT,2023-08-07T00:00:00+00:00,0.00010000,
ETHUSDT,2023-08-07T08:00:00+00:00,0.00009331,
ETHUSDT,2023-08-07T16:00:00+00:00,0.00010000,
ETHUSDT,2023-08-08T00:00:00+00:00,0.00006695,
ETHUSDT,2023-08-08T08:00:00+00:00,0.00010000,
ETHUSDT,2023-08-08T16:00:00+00:00,0.00004942,
ETHUSDT,2023-08-09T00:00:00+00:00,0.00010000,
ETHUSDT,2023-08-09T08:00:00+00:00,0.00001575,
ETHUSDT,2023-08-09T16:00:00+00:00,0.00006699,
ETHUSDT,2023-08-10T00:00:00.001000+00:00,0.00008799,
ETHUSDT,2023-08-10T08:00:00+00:00,0.00009807,
ETHUSDT,2023-08-10T16:00:00+00:00,0.00008989,
ETHUSDT,2023-08-11T00:00:00+00:00,0.00003796,
ETHUSDT,2023-08-11T08:00:00+00:00,0.00000702,
ETHUSDT,2023-08-11T16:00:00+00:00,0.00004072,
ETHUSDT,2023-08-12T00:00:00+00:00,0.00006253,
ETHUSDT,2023-08-12T08:00:00+00:00,0.00004437,
ETHUSDT,2023-08-12T16:00:00+00:00,0.00006868,
ETHUSDT,2023-08-13T00:00:00+00:00,0.00005650,
ETHUSDT,2023-08-13T08:00:00+00:00,0.00003083,
ETHUSDT,2023-08-13T16:00:00+00:00,0.00009458,
ETHUSDT,2023-08-14T00:00:00.001000+00:00,0.00010000,
ETHUSDT,2023-08-14T08:00:00+00:00,0.00010000,
ETHUSDT,2023-08-14T16:00:00+00:00,0.00009882,
ETHUSDT,2023-08-15T00:00:00.001000+00:00,0.00007579,
ETHUSDT,2023-08-15T08:00:00+00:00,0.00009894,
ETHUSDT,2023-08-15T16:00:00+00:00,0.00008909,
ETHUSDT,2023-08-16T00:00:00+00:00,0.00007286,
ETHUSDT,2023-08-16T08:00:00.001000+00:00,0.00009487,
ETHUSDT,2023-08-16T16:00:00+00:00,0.00010000,
ETHUSDT,2023-08-17T00:00:00+00:00,0.00010000,
ETHUSDT,2023-08-17T08:00:00+00:00,0.00007426,
ETHUSDT,2023-08-17T16:00:00+00:00,0.00007146,
ETHUSDT,2023-08-18T00:00:00+00:00,-0.00017498,
ETHUSDT,2023-08-18T08:00:00+00:00,0.00008602,
ETHUSDT,2023-08-18T16:00:00+00:00,0.00002951,
ETHUSDT,2023-08-19T00:00:00+00:00,-0.00004580,
ETHUSDT,2023-08-19T08:00:00+00:00,-0.00007861,
ETHUSDT,2023-08-19T16:00:00+00:00,-0.00008349,
ETHUSDT,2023-08-20T00:00:00+00:00,-0.00011445,
ETHUSDT,2023-08-20T08:00:00+00:00,-0.00009092,
ETHUSDT,2023-08-20T16:00:00+00:00,-0.00001625,
ETHUSDT,2023-08-21T00:00:00+00:00,-0.00004010,
ETHUSDT,2023-08-21T08:00:00+00:00,-0.00004365,
ETHUSDT,2023-08-21T16:00:00+00:00,0.00000592,
ETHUSDT,2023-08-22T00:00:00+00:00,0.00003645,
ETHUSDT,2023-08-22T08:00:00+00:00,-0.00006552,
ETHUSDT,2023-08-22T16:00:00+00:00,-0.00003757,
ETHUSDT,2023-08-23T00:00:00+00:00,-0.00002059,
ETHUSDT,2023-08-23T08:00:00+00:00,-0.00000160,
ETHUSDT,2023-08-23T16:00:00+00:00,0.00000334,
ETHUSDT,2023-08-24T00:00:00+00:00,0.00002659,
ETHUSDT,2023-08-24T08:00:00+00:00,-0.00000957,
ETHUSDT,2023-08-24T16:00:00+00:00,-0.00001897,
ETHUSDT,2023-08-25T00:00:00+00:00,-0.00002692,
ETHUSDT,2023-08-25T08:00:00+00:00,-0.00001529,
ETHUSDT,2023-08-25T16:00:00+00:00,0.00000498,
ETHUSDT,2023-08-26T00:00:00+00:00,0.00003560,
ETHUSDT,2023-08-26T08:00:00+00:00,-5.5E-7,
ETHUSDT,2023-08-26T16:00:00+00:00,-0.00006303,
ETHUSDT,2023-08-27T00:00:00+00:00,0.00000399,
ETHUSDT,2023-08-27T08:00:00+00:00,0.00001535,
ETHUSDT,2023-08-27T16:00:00+00:00,0.00002696,
ETHUSDT,2023-08-28T00:00:00+00:00,-0.00000176,
ETHUSDT,2023-08-28T08:00:00.001000+00:00,-0.00004850,
ETHUSDT,2023-08-28T16:00:00.001000+00:00,0.00005739,
ETHUSDT,2023-08-29T00:00:00+00:00,0.00003145,
ETHUSDT,2023-08-29T08:00:00+00:00,0.00001139,
ETHUSDT,2023-08-29T16:00:00+00:00,-0.00012730,
ETHUSDT,2023-08-30T00:00:00+00:00,0.00007488,
ETHUSDT,2023-08-30T08:00:00+00:00,0.00007249,
ETHUSDT,2023-08-30T16:00:00+00:00,0.00004644,
ETHUSDT,2023-08-31T00:00:00+00:00,0.00003628,
ETHUSDT,2023-08-31T08:00:00+00:00,0.00005955,
ETHUSDT,2023-08-31T16:00:00+00:00,0.00002375,
ETHUSDT,2023-09-01T00:00:00+00:00,0.00003532,
ETHUSDT,2023-09-01T08:00:00+00:00,-0.00001812,
ETHUSDT,2023-09-01T16:00:00.001000+00:00,0.00002457,
ETHUSDT,2023-09-02T00:00:00+00:00,0.00000805,
ETHUSDT,2023-09-02T08:00:00+00:00,-0.00001621,
ETHUSDT,2023-09-02T16:00:00+00:00,0.00000605,
ETHUSDT,2023-09-03T00:00:00+00:00,0.00001390,
ETHUSDT,2023-09-03T08:00:00+00:00,-0.00002475,
ETHUSDT,2023-09-03T16:00:00+00:00,-0.00000621,
ETHUSDT,2023-09-04T00:00:00+00:00,-7.5E-7,
ETHUSDT,2023-09-04T08:00:00+00:00,-0.00007752,
ETHUSDT,2023-09-04T16:00:00+00:00,0.00000980,
ETHUSDT,2023-09-05T00:00:00+00:00,0.00003126,
ETHUSDT,2023-09-05T08:00:00+00:00,0.00000290,
ETHUSDT,2023-09-05T16:00:00+00:00,0.00000977,
ETHUSDT,2023-09-06T00:00:00+00:00,0.00002880,
ETHUSDT,2023-09-06T08:00:00+00:00,-0.00003144,
ETHUSDT,2023-09-06T16:00:00.001000+00:00,0.00005701,
ETHUSDT,2023-09-07T00:00:00+00:00,0.00004502,
ETHUSDT,2023-09-07T08:00:00+00:00,0.00007831,
ETHUSDT,2023-09-07T16:00:00+00:00,0.00004354,
ETHUSDT,2023-09-08T00:00:00+00:00,0.00005596,
ETHUSDT,2023-09-08T08:00:00+00:00,0.00002685,
ETHUSDT,2023-09-08T16:00:00+00:00,0.00002497,
ETHUSDT,2023-09-09T00:00:00+00:00,0.00005008,
ETHUSDT,2023-09-09T08:00:00+00:00,0.00002832,
ETHUSDT,2023-09-09T16:00:00+00:00,0.00004629,
ETHUSDT,2023-09-10T00:00:00+00:00,0.00003947,
ETHUSDT,2023-09-10T08:00:00+00:00,0.00001527,
ETHUSDT,2023-09-10T16:00:00+00:00,0.00000775,
ETHUSDT,2023-09-11T00:00:00+00:00,0.00004838,
ETHUSDT,2023-09-11T08:00:00+00:00,0.00005747,
ETHUSDT,2023-09-11T16:00:00.001000+00:00,-0.00000625,
ETHUSDT,2023-09-12T00:00:00+00:00,-0.00004991,
ETHUSDT,2023-09-12T08:00:00+00:00,-0.00002671,
ETHUSDT,2023-09-12T16:00:00+00:00,-0.00000144,
ETHUSDT,2023-09-13T00:00:00+00:00,0.00002004,
ETHUSDT,2023-09-13T08:00:00+00:00,-0.00003260,
ETHUSDT,2023-09-13T16:00:00+00:00,0.00003870,
ETHUSDT,2023-09-14T00:00:00+00:00,-0.00003640,
ETHUSDT,2023-09-14T08:00:00.001000+00:00,0.00003172,
ETHUSDT,2023-09-14T16:00:00+00:00,-0.00000560,
ETHUSDT,2023-09-15T00:00:00+00:00,0.00000726,
ETHUSDT,2023-09-15T08:00:00+00:00,-0.00002473,
ETHUSDT,2023-09-15T16:00:00+00:00,0.00003877,
ETHUSDT,2023-09-16T00:00:00+00:00,0.00010000,
ETHUSDT,2023-09-16T08:00:00+00:00,0.00000930,
ETHUSDT,2023-09-16T16:00:00+00:00,0.00000224,
ETHUSDT,2023-09-17T00:00:00+00:00,0.00002272,
ETHUSDT,2023-09-17T08:00:00+00:00,-0.00000941,
ETHUSDT,2023-09-17T16:00:00+00:00,0.00004182,
ETHUSDT,2023-09-18T00:00:00+00:00,0.00000622,
ETHUSDT,2023-09-18T08:00:00+00:00,0.00001365,
ETHUSDT,2023-09-18T16:00:00+00:00,0.00002976,
ETHUSDT,2023-09-19T00:00:00+00:00,-0.00001298,
ETHUSDT,2023-09-19T08:00:00.001000+00:00,-0.00001248,
ETHUSDT,2023-09-19T16:00:00+00:00,0.00001153,
ETHUSDT,2023-09-20T00:00:00+00:00,0.00004614,
ETHUSDT,2023-09-20T08:00:00+00:00,0.00002387,
ETHUSDT,2023-09-20T16:00:00+00:00,0.00002909,
ETHUSDT,2023-09-21T00:00:00.001000+00:00,0.00003804,
ETHUSDT,2023-09-21T08:00:00+00:00,0.00007655,
ETHUSDT,2023-09-21T16:00:00+00:00,-0.00000638,
ETHUSDT,2023-09-22T00:00:00+00:00,0.00002241,
ETHUSDT,2023-09-22T08:00:00+00:00,0.00002865,
ETHUSDT,2023-09-22T16:00:00+00:00,0.00003523,
ETHUSDT,2023-09-23T00:00:00+00:00,0.00002817,
ETHUSDT,2023-09-23T08:00:00+00:00,0.00002963,
ETHUSDT,2023-09-23T16:00:00+00:00,0.00002321,
ETHUSDT,2023-09-24T00:00:00+00:00,0.00002991,
ETHUSDT,2023-09-24T08:00:00+00:00,-0.00000558,
ETHUSDT,2023-09-24T16:00:00+00:00,0.00004671,
ETHUSDT,2023-09-25T00:00:00+00:00,0.00002857,
ETHUSDT,2023-09-25T08:00:00+00:00,0.00004305,
ETHUSDT,2023-09-25T16:00:00+00:00,0.00005130,
ETHUSDT,2023-09-26T00:00:00+00:00,0.00006471,
ETHUSDT,2023-09-26T08:00:00+00:00,0.00001558,
ETHUSDT,2023-09-26T16:00:00+00:00,0.00005673,
ETHUSDT,2023-09-27T00:00:00+00:00,0.00010000,
ETHUSDT,2023-09-27T08:00:00.001000+00:00,0.00000667,
ETHUSDT,2023-09-27T16:00:00+00:00,0.00004982,
ETHUSDT,2023-09-28T00:00:00+00:00,0.00000817,
ETHUSDT,2023-09-28T08:00:00+00:00,0.00004301,
ETHUSDT,2023-09-28T16:00:00+00:00,0.00002239,
ETHUSDT,2023-09-29T00:00:00+00:00,-0.00000393,
ETHUSDT,2023-09-29T08:00:00+00:00,0.00004429,
ETHUSDT,2023-09-29T16:00:00+00:00,1.2E-7,
ETHUSDT,2023-09-30T00:00:00+00:00,0.00000907,
ETHUSDT,2023-09-30T08:00:00+00:00,-0.00002413,
ETHUSDT,2023-09-30T16:00:00+00:00,0.00001168,
ETHUSDT,2023-10-01T00:00:00+00:00,-0.00001276,
ETHUSDT,2023-10-01T08:00:00+00:00,0.00000822,
ETHUSDT,2023-10-01T16:00:00+00:00,0.00003599,
ETHUSDT,2023-10-02T00:00:00+00:00,0.00010000,
ETHUSDT,2023-10-02T08:00:00+00:00,0.00006308,
ETHUSDT,2023-10-02T16:00:00+00:00,0.00006372,
ETHUSDT,2023-10-03T00:00:00+00:00,3.9E-7,
ETHUSDT,2023-10-03T08:00:00+00:00,0.00001728,
ETHUSDT,2023-10-03T16:00:00+00:00,0.00007087,
ETHUSDT,2023-10-04T00:00:00+00:00,0.00004620,
ETHUSDT,2023-10-04T08:00:00+00:00,0.00000738,
ETHUSDT,2023-10-04T16:00:00+00:00,0.00002618,
ETHUSDT,2023-10-05T00:00:00+00:00,0.00002065,
ETHUSDT,2023-10-05T08:00:00+00:00,0.00002685,
ETHUSDT,2023-10-05T16:00:00.001000+00:00,0.00002072,
ETHUSDT,2023-10-06T00:00:00+00:00,0.00010000,
ETHUSDT,2023-10-06T08:00:00+00:00,0.00008473,
ETHUSDT,2023-10-06T16:00:00+00:00,0.00005905,
ETHUSDT,2023-10-07T00:00:00+00:00,0.00008468,
ETHUSDT,2023-10-07T08:00:00+00:00,0.00003736,
ETHUSDT,2023-10-07T16:00:00+00:00,0.00003615,
ETHUSDT,2023-10-08T00:00:00+00:00,0.00009048,
ETHUSDT,2023-10-08T08:00:00.001000+00:00,0.00009246,
ETHUSDT,2023-10-08T16:00:00+00:00,0.00009791,
ETHUSDT,2023-10-09T00:00:00+00:00,0.00010000,
ETHUSDT,2023-10-09T08:00:00+00:00,0.00006572,
ETHUSDT,2023-10-09T16:00:00+00:00,0.00003935,
ETHUSDT,2023-10-10T00:00:00+00:00,0.00006268,
ETHUSDT,2023-10-10T08:00:00+00:00,0.00008857,
ETHUSDT,2023-10-10T16:00:00+00:00,0.00005511,
ETHUSDT,2023-10-11T00:00:00+00:00,0.00002257,
ETHUSDT,2023-10-11T08:00:00+00:00,0.00005392,
ETHUSDT,2023-10-11T16:00:00+00:00,0.00004725,
ETHUSDT,2023-10-12T00:00:00+00:00,0.00004026,
ETHUSDT,2023-10-12T08:00:00+00:00,0.00002690,
ETHUSDT,2023-10-12T16:00:00+00:00,0.00007112,
ETHUSDT,2023-10-13T00:00:00+00:00,0.00003690,
ETHUSDT,2023-10-13T08:00:00+00:00,0.00003476,
ETHUSDT,2023-10-13T16:00:00+00:00,0.00002693,
ETHUSDT,2023-10-14T00:00:00+00:00,0.00001068,
ETHUSDT,2023-10-14T08:00:00+00:00,0.00003108,
ETHUSDT,2023-10-14T16:00:00+00:00,0.00006650,
ETHUSDT,2023-10-15T00:00:00+00:00,0.00007083,
ETHUSDT,2023-10-15T08:00:00+00:00,0.00005253,
ETHUSDT,2023-10-15T16:00:00+00:00,0.00002062,
ETHUSDT,2023-10-16T00:00:00+00:00,0.00005180,
ETHUSDT,2023-10-16T08:00:00+00:00,0.00004393,
ETHUSDT,2023-10-16T16:00:00+00:00,0.00008412,
ETHUSDT,2023-10-17T00:00:00+00:00,0.00001957,
ETHUSDT,2023-10-17T08:00:00+00:00,0.00002557,
ETHUSDT,2023-10-17T16:00:00+00:00,0.00006742,
ETHUSDT,2023-10-18T00:00:00+00:00,0.00005947,
ETHUSDT,2023-10-18T08:00:00+00:00,0.00001385,
ETHUSDT,2023-10-18T16:00:00+00:00,0.00006495,
ETHUSDT,2023-10-19T00:00:00+00:00,0.00004251,
ETHUSDT,2023-10-19T08:00:00.001000+00:00,0.00002988,
ETHUSDT,2023-10-19T16:00:00+00:00,0.00005842,
ETHUSDT,2023-10-20T00:00:00+00:00,0.00003868,
ETHUSDT,2023-10-20T08:00:00.005000+00:00,0.00005912,
ETHUSDT,2023-10-20T16:00:00+00:00,0.00007072,
ETHUSDT,2023-10-21T00:00:00+00:00,0.00004902,
ETHUSDT,2023-10-21T08:00:00+00:00,0.00001735,
ETHUSDT,2023-10-21T16:00:00+00:00,0.00003771,
ETHUSDT,2023-10-22T00:00:00+00:00,0.00007554,
ETHUSDT,2023-10-22T08:00:00+00:00,0.00002649,
ETHUSDT,2023-10-22T16:00:00+00:00,0.00000603,
ETHUSDT,2023-10-23T00:00:00+00:00,0.00009262,
ETHUSDT,2023-10-23T08:00:00.001000+00:00,0.00001593,
ETHUSDT,2023-10-23T16:00:00.001000+00:00,0.00001883,
ETHUSDT,2023-10-24T00:00:00+00:00,0.00010000,
ETHUSDT,2023-10-24T08:00:00+00:00,0.00010000,
ETHUSDT,2023-10-24T16:00:00+00:00,0.00010000,
ETHUSDT,2023-10-25T00:00:00+00:00,0.00010000,
ETHUSDT,2023-10-25T08:00:00+00:00,0.00010000,
ETHUSDT,2023-10-25T16:00:00.001000+00:00,0.00010000,
ETHUSDT,2023-10-26T00:00:00.001000+00:00,0.00010000,
ETHUSDT,2023-10-26T08:00:00+00:00,0.00010000,
ETHUSDT,2023-10-26T16:00:00+00:00,0.00010000,
ETHUSDT,2023-10-27T00:00:00+00:00,0.00010000,
ETHUSDT,2023-10-27T08:00:00+00:00,0.00010000,
ETHUSDT,2023-10-27T16:00:00+00:00,0.00010000,
ETHUSDT,2023-10-28T00:00:00+00:00,0.00010000,
ETHUSDT,2023-10-28T08:00:00.001000+00:00,0.00010000,
ETHUSDT,2023-10-28T16:00:00+00:00,0.00010000,
ETHUSDT,2023-10-29T00:00:00+00:00,0.00010000,
ETHUSDT,2023-10-29T08:00:00+00:00,0.00010000,
ETHUSDT,2023-10-29T16:00:00+00:00,0.00010000,
ETHUSDT,2023-10-30T00:00:00+00:00,0.00010000,
ETHUSDT,2023-10-30T08:00:00+00:00,0.00010000,
ETHUSDT,2023-10-30T16:00:00+00:00,0.00010000,
ETHUSDT,2023-10-31T00:00:00.001000+00:00,0.00010000,
ETHUSDT,2023-10-31T08:00:00+00:00,0.00010000,1791.03990329
ETHUSDT,2023-10-31T16:00:00+00:00,0.00010000,1792.26000000
ETHUSDT,2023-11-01T00:00:00+00:00,0.00010000,1815.68000000
ETHUSDT,2023-11-01T08:00:00+00:00,0.00010000,1805.10087255
ETHUSDT,2023-11-01T16:00:00+00:00,0.00010000,1792.96543725
ETHUSDT,2023-11-02T00:00:00.001000+00:00,0.00026784,1848.05576938
ETHUSDT,2023-11-02T08:00:00+00:00,0.00020558,1836.13000000
ETHUSDT,2023-11-02T16:00:00+00:00,0.00010000,1803.52000000
ETHUSDT,2023-11-03T00:00:00+00:00,0.00010000,1800.57006471
ETHUSDT,2023-11-03T08:00:00+00:00,0.00010000,1798.73000000
ETHUSDT,2023-11-03T16:00:00+00:00,0.00010000,1812.01000000
ETHUSDT,2023-11-04T00:00:00+00:00,0.00010000,1832.47692308
ETHUSDT,2023-11-04T08:00:00+00:00,0.00010000,1833.60480143
ETHUSDT,2023-11-04T16:00:00+00:00,0.00010000,1831.73655251
ETHUSDT,2023-11-05T00:00:00+00:00,0.00010000,1856.08000000
ETHUSDT,2023-11-05T08:00:00+00:00,0.00010000,1885.79966078
ETHUSDT,2023-11-05T16:00:00+00:00,0.00010000,1874.83000000
ETHUSDT,2023-11-06T00:00:00+00:00,0.00010000,1892.49000000
ETHUSDT,2023-11-06T08:00:00.001000+00:00,0.00010000,1878.96193263
ETHUSDT,2023-11-06T16:00:00+00:00,0.00010000,1901.59677255
ETHUSDT,2023-11-07T00:00:00.001000+00:00,0.00010000,1901.42825373
ETHUSDT,2023-11-07T08:00:00+00:00,0.00010000,1892.59000000
ETHUSDT,2023-11-07T16:00:00+00:00,0.00010000,1863.48078903
ETHUSDT,2023-11-08T00:00:00+00:00,0.00010000,1885.79000000
ETHUSDT,2023-11-08T08:00:00+00:00,0.00010000,1875.34123516
ETHUSDT,2023-11-08T16:00:00+00:00,0.00010000,1889.62000000
ETHUSDT,2023-11-09T00:00:00+00:00,0.00010000,1888.71000000
ETHUSDT,2023-11-09T08:00:00+00:00,0.00010000,1912.43154852
ETHUSDT,2023-11-09T16:00:00+00:00,0.00071131,2039.55000000
ETHUSDT,2023-11-10T00:00:00+00:00,0.00027525,2122.68432489
ETHUSDT,2023-11-10T08:00:00+00:00,0.00041432,2104.63937900
ETHUSDT,2023-11-10T16:00:00+00:00,0.00012656,2090.93946624
ETHUSDT,2023-11-11T00:00:00+00:00,0.00013604,2078.96735970
ETHUSDT,2023-11-11T08:00:00+00:00,0.00013371,2056.40684932
ETHUSDT,2023-11-11T16:00:00+00:00,0.00027449,2069.30000000
ETHUSDT,2023-11-12T00:00:00+00:00,0.00016325,2054.53000000
ETHUSDT,2023-11-12T08:00:00+00:00,0.00010000,2058.90000000
ETHUSDT,2023-11-12T16:00:00.001000+00:00,0.00024299,2058.36000000
ETHUSDT,2023-11-13T00:00:00+00:00,0.00032990,2046.01099578
ETHUSDT,2023-11-13T08:00:00+00:00,0.00022787,2049.37000000
ETHUSDT,2023-11-13T16:00:00+00:00,0.00022833,2106.88000000
ETHUSDT,2023-11-14T00:00:00+00:00,0.00018828,2054.99000000
ETHUSDT,2023-11-14T08:00:00+00:00,0.00013623,2061.59000000
ETHUSDT,2023-11-14T16:00:00.001000+00:00,0.00010000,2039.18813291
ETHUSDT,2023-11-15T00:00:00+00:00,0.00010000,1979.75289030
ETHUSDT,2023-11-15T08:00:00+00:00,0.00010000,1983.98000000
ETHUSDT,2023-11-15T16:00:00+00:00,0.00010000,2022.15000000
ETHUSDT,2023-11-16T00:00:00+00:00,0.00010000,2059.29000000
ETHUSDT,2023-11-16T08:00:00+00:00,0.00010000,2054.31647619
ETHUSDT,2023-11-16T16:00:00.001000+00:00,0.00010000,1995.83000000
ETHUSDT,2023-11-17T00:00:00+00:00,0.00010000,1962.07922344
ETHUSDT,2023-11-17T08:00:00.001000+00:00,0.00010000,1970.53057875
ETHUSDT,2023-11-17T16:00:00.001000+00:00,0.00010000,1918.85260256
ETHUSDT,2023-11-18T00:00:00+00:00,0.00010000,1961.21000000
ETHUSDT,2023-11-18T08:00:00+00:00,0.00010000,1936.47534066
ETHUSDT,2023-11-18T16:00:00+00:00,0.00010000,1953.17340110
ETHUSDT,2023-11-19T00:00:00+00:00,0.00010000,1963.03469597
ETHUSDT,2023-11-19T08:00:00+00:00,0.00010000,1961.94580495
ETHUSDT,2023-11-19T16:00:00+00:00,0.00010000,1966.83244139
ETHUSDT,2023-11-20T00:00:00+00:00,0.00010000,2012.36017033
ETHUSDT,2023-11-20T08:00:00+00:00,0.00010000,2019.69000000
ETHUSDT,2023-11-20T16:00:00+00:00,0.00010000,2043.11663287
ETHUSDT,2023-11-21T00:00:00+00:00,0.00010000,2022.53000000
ETHUSDT,2023-11-21T08:00:00+00:00,0.00010000,2004.84465211
ETHUSDT,2023-11-21T16:00:00+00:00,0.00010000,1988.95889744
ETHUSDT,2023-11-22T00:00:00+00:00,0.00010000,1933.53839927
ETHUSDT,2023-11-22T08:00:00+00:00,0.00010000,1993.97000000
ETHUSDT,2023-11-22T16:00:00+00:00,0.00010000,2033.87000000
ETHUSDT,2023-11-23T00:00:00+00:00,0.00010000,2063.90136264
ETHUSDT,2023-11-23T08:00:00+00:00,0.00010000,2066.50000000
ETHUSDT,2023-11-23T16:00:00.001000+00:00,0.00010000,2042.49000000
ETHUSDT,2023-11-24T00:00:00+00:00,0.00010000,2062.58464103
ETHUSDT,2023-11-24T08:00:00+00:00,0.00010000,2080.50000000
ETHUSDT,2023-11-24T16:00:00+00:00,0.00010000,2117.44002930
ETHUSDT,2023-11-25T00:00:00+00:00,0.00010000,2081.11207013
ETHUSDT,2023-11-25T08:00:00+00:00,0.00010000,2088.47000000
ETHUSDT,2023-11-25T16:00:00+00:00,0.00010000,2078.00000000
ETHUSDT,2023-11-26T00:00:00+00:00,0.00010000,2083.02988828
ETHUSDT,2023-11-26T08:00:00+00:00,0.00010000,2089.19000000
ETHUSDT,2023-11-26T16:00:00+00:00,0.00010000,2064.80736264
ETHUSDT,2023-11-27T00:00:00+00:00,0.00010000,2061.97000000
ETHUSDT,2023-11-27T08:00:00.001000+00:00,0.00010000,2045.17966117
ETHUSDT,2023-11-27T16:00:00+00:00,0.00010000,2002.77000000
ETHUSDT,2023-11-28T00:00:00+00:00,0.00010000,2027.48098901
ETHUSDT,2023-11-28T08:00:00+00:00,0.00010000,2014.43367582
ETHUSDT,2023-11-28T16:00:00+00:00,0.00010000,2036.30000000
ETHUSDT,2023-11-29T00:00:00.001000+00:00,0.00010000,2048.20000000
ETHUSDT,2023-11-29T08:00:00+00:00,0.00010000,2057.29296703
ETHUSDT,2023-11-29T16:00:00+00:00,0.00010000,2031.31000000
ETHUSDT,2023-11-30T00:00:00+00:00,0.00010000,2028.57204924
ETHUSDT,2023-11-30T08:00:00+00:00,0.00010000,2035.52000000
ETHUSDT,2023-11-30T16:00:00+00:00,0.00010000,2032.90660985
ETHUSDT,2023-12-01T00:00:00+00:00,0.00010000,2051.77000000
ETHUSDT,2023-12-01T08:00:00+00:00,0.00010000,2092.78875379
ETHUSDT,2023-12-01T16:00:00+00:00,0.00010000,2079.57779167
ETHUSDT,2023-12-02T00:00:00+00:00,0.00010000,2087.12103030
ETHUSDT,2023-12-02T08:00:00+00:00,0.00010000,2095.65000000
ETHUSDT,2023-12-02T16:00:00+00:00,0.00010000,2103.75000000
ETHUSDT,2023-12-03T00:00:00+00:00,0.00010000,2165.35966872
ETHUSDT,2023-12-03T08:00:00+00:00,0.00010000,2164.73536364
ETHUSDT,2023-12-03T16:00:00+00:00,0.00010000,2160.35000000
ETHUSDT,2023-12-04T00:00:00+00:00,0.00010000,2193.25000000
ETHUSDT,2023-12-04T08:00:00+00:00,0.00010000,2247.34961789
ETHUSDT,2023-12-04T16:00:00+00:00,0.00010000,2212.15000000
ETHUSDT,2023-12-05T00:00:00+00:00,0.00010000,2243.60849242
ETHUSDT,2023-12-05T08:00:00+00:00,0.00010000,2200.19000000
ETHUSDT,2023-12-05T16:00:00+00:00,0.00010000,2228.84545455
ETHUSDT,2023-12-06T00:00:00+00:00,0.00010000,2293.72126894
ETHUSDT,2023-12-06T08:00:00+00:00,0.00010000,2266.40000000
ETHUSDT,2023-12-06T16:00:00+00:00,0.00010000,2252.84000000
ETHUSDT,2023-12-07T00:00:00+00:00,0.00010000,2233.16621970
ETHUSDT,2023-12-07T08:00:00+00:00,0.00010000,2261.96000000
ETHUSDT,2023-12-07T16:00:00+00:00,0.00010000,2322.41451515
ETHUSDT,2023-12-08T00:00:00+00:00,0.00022693,2357.04000000
ETHUSDT,2023-12-08T08:00:00+00:00,0.00012399,2354.37000000
ETHUSDT,2023-12-08T16:00:00+00:00,0.00010417,2347.44000000
ETHUSDT,2023-12-09T00:00:00+00:00,0.00022528,2360.37334848
ETHUSDT,2023-12-09T08:00:00+00:00,0.00031293,2385.42000000
ETHUSDT,2023-12-09T16:00:00+00:00,0.00033485,2364.32306626
ETHUSDT,2023-12-10T00:00:00+00:00,0.00016658,2342.21000000
ETHUSDT,2023-12-10T08:00:00+00:00,0.00015944,2355.49000000
ETHUSDT,2023-12-10T16:00:00+00:00,0.00022842,2353.53000000
ETHUSDT,2023-12-11T00:00:00+00:00,0.00024112,2353.81954878
ETHUSDT,2023-12-11T08:00:00+00:00,0.00010000,2237.15000000
ETHUSDT,2023-12-11T16:00:00+00:00,0.00010000,2220.05000000
ETHUSDT,2023-12-12T00:00:00+00:00,0.00010000,2225.56000000
ETHUSDT,2023-12-12T08:00:00+00:00,0.00010000,2233.91000000
ETHUSDT,2023-12-12T16:00:00+00:00,0.00010000,2194.72817073
ETHUSDT,2023-12-13T00:00:00+00:00,0.00012813,2204.45285985
ETHUSDT,2023-12-13T08:00:00+00:00,0.00015058,2174.28468939
ETHUSDT,2023-12-13T16:00:00.001000+00:00,0.00010581,2218.58796591
ETHUSDT,2023-12-14T00:00:00+00:00,0.00010000,2261.17753030
ETHUSDT,2023-12-14T08:00:00+00:00,0.00010000,2283.20000000
ETHUSDT,2023-12-14T16:00:00+00:00,0.00010000,2275.96000000
ETHUSDT,2023-12-15T00:00:00+00:00,0.00010000,2316.53000000
ETHUSDT,2023-12-15T08:00:00+00:00,0.00010000,2272.49000000
ETHUSDT,2023-12-15T16:00:00+00:00,0.00010419,2232.83531818
ETHUSDT,2023-12-16T00:00:00+00:00,0.00010000,2221.42673485
ETHUSDT,2023-12-16T08:00:00+00:00,0.00010000,2242.50926810
ETHUSDT,2023-12-16T16:00:00.001000+00:00,0.00010000,2257.44000000
ETHUSDT,2023-12-17T00:00:00+00:00,0.00010000,2229.64000000
ETHUSDT,2023-12-17T08:00:00+00:00,0.00010000,2209.78000000
ETHUSDT,2023-12-17T16:00:00+00:00,0.00011402,2223.06390530
ETHUSDT,2023-12-18T00:00:00+00:00,0.00015083,2197.34822348
ETHUSDT,2023-12-18T08:00:00.001000+00:00,0.00010000,2170.05000000
ETHUSDT,2023-12-18T16:00:00+00:00,0.00010000,2156.12584848
ETHUSDT,2023-12-19T00:00:00+00:00,0.00010000,2220.52000000
ETHUSDT,2023-12-19T08:00:00+00:00,0.00010000,2248.57000000
ETHUSDT,2023-12-19T16:00:00+00:00,0.00010000,2192.86000000
ETHUSDT,2023-12-20T00:00:00+00:00,0.00010000,2178.71327812
ETHUSDT,2023-12-20T08:00:00+00:00,0.00010000,2217.69000000
ETHUSDT,2023-12-20T16:00:00+00:00,0.00023154,2248.59913636
ETHUSDT,2023-12-21T00:00:00+00:00,0.00026163,2203.87649002
ETHUSDT,2023-12-21T08:00:00+00:00,0.00026550,2216.76559091
ETHUSDT,2023-12-21T16:00:00+00:00,0.00042074,2234.50000000
ETHUSDT,2023-12-22T00:00:00+00:00,0.00044152,2241.35000000
ETHUSDT,2023-12-22T08:00:00+00:00,0.00043341,2275.26000000
ETHUSDT,2023-12-22T16:00:00+00:00,0.00051141,2321.73000000
ETHUSDT,2023-12-23T00:00:00+00:00,0.00018540,2326.23586742
ETHUSDT,2023-12-23T08:00:00.001000+00:00,0.00012586,2284.95796970
ETHUSDT,2023-12-23T16:00:00+00:00,0.00017945,2286.91638696
ETHUSDT,2023-12-24T00:00:00+00:00,0.00013318,2310.34407935
ETHUSDT,2023-12-24T08:00:00+00:00,0.00021857,2296.15000000
ETHUSDT,2023-12-24T16:00:00+00:00,0.00019769,2294.48000000
ETHUSDT,2023-12-25T00:00:00+00:00,0.00013827,2265.43000000
ETHUSDT,2023-12-25T08:00:00+00:00,0.00021479,2282.03294697
ETHUSDT,2023-12-25T16:00:00+00:00,0.00043880,2288.44595833
ETHUSDT,2023-12-26T00:00:00+00:00,0.00050051,2273.21000000
ETHUSDT,2023-12-26T08:00:00+00:00,0.00029501,2242.49000000
ETHUSDT,2023-12-26T16:00:00+00:00,0.00036888,2230.50639015
ETHUSDT,2023-12-27T00:00:00+00:00,0.00031530,2232.44000000
ETHUSDT,2023-12-27T08:00:00+00:00,0.00040955,2230.44007562
ETHUSDT,2023-12-27T16:00:00+00:00,0.00049072,2344.62087879
ETHUSDT,2023-12-28T00:00:00+00:00,0.00027263,2380.28011742
ETHUSDT,2023-12-28T08:00:00+00:00,0.00057135,2383.06000000
ETHUSDT,2023-12-28T16:00:00+00:00,0.00049862,2360.96809848
ETHUSDT,2023-12-29T00:00:00.001000+00:00,0.00044508,2345.66000000
ETHUSDT,2023-12-29T08:00:00+00:00,0.00049499,2334.99907197
ETHUSDT,2023-12-29T16:00:00+00:00,0.00047123,2328.83000000
ETHUSDT,2023-12-30T00:00:00.001000+00:00,0.00027255,2300.60762699
ETHUSDT,2023-12-30T08:00:00+00:00,0.00031443,2297.61885247
ETHUSDT,2023-12-30T16:00:00+00:00,0.00026513,2314.57000000
ETHUSDT,2023-12-31T00:00:00+00:00,0.00021714,2293.07001515
ETHUSDT,2023-12-31T08:00:00.001000+00:00,0.00027824,2296.94000000
ETHUSDT,2023-12-31T16:00:00+00:00,0.00031621,2300.60000000
ETHUSDT,2024-01-01T00:00:00+00:00,0.00027858,2283.75151515
ETHUSDT,2024-01-01T08:00:00+00:00,0.00031096,2286.35660167
ETHUSDT,2024-01-01T16:00:00+00:00,0.00043011,2316.73945076
ETHUSDT,2024-01-02T00:00:00+00:00,0.00053505,2354.62000000
ETHUSDT,2024-01-02T08:00:00+00:00,0.00051240,2387.83000000
ETHUSDT,2024-01-02T16:00:00+00:00,0.00063801,2359.18379545
ETHUSDT,2024-01-03T00:00:00+00:00,0.00028538,2356.81500379
ETHUSDT,2024-01-03T08:00:00+00:00,0.00024384,2362.82000000
ETHUSDT,2024-01-03T16:00:00+00:00,0.00010000,2240.81591288
ETHUSDT,2024-01-04T00:00:00+00:00,0.00010000,2210.33935985
ETHUSDT,2024-01-04T08:00:00+00:00,0.00010000,2222.58849621
ETHUSDT,2024-01-04T16:00:00+00:00,0.00010000,2277.70839015
ETHUSDT,2024-01-05T00:00:00.001000+00:00,0.00010000,2267.60702033
ETHUSDT,2024-01-05T08:00:00+00:00,0.00010000,2252.67449242
ETHUSDT,2024-01-05T16:00:00+00:00,0.00010000,2225.09448106
ETHUSDT,2024-01-06T00:00:00+00:00,0.00010000,2268.55259756
ETHUSDT,2024-01-06T08:00:00+00:00,0.00010000,2233.09000000
ETHUSDT,2024-01-06T16:00:00+00:00,0.00010000,2246.27000000
ETHUSDT,2024-01-07T00:00:00+00:00,0.00010000,2240.44394318
ETHUSDT,2024-01-07T08:00:00.001000+00:00,0.00010000,2248.88000000
ETHUSDT,2024-01-07T16:00:00.001000+00:00,0.00010000,2229.90000000
ETHUSDT,2024-01-08T00:00:00+00:00,0.00010000,2220.87000000
ETHUSDT,2024-01-08T08:00:00+00:00,0.00010000,2223.68509630
ETHUSDT,2024-01-08T16:00:00+00:00,0.00010000,2269.52795076
ETHUSDT,2024-01-09T00:00:00.001000+00:00,0.00010000,2331.05410707
ETHUSDT,2024-01-09T08:00:00+00:00,0.00010000,2306.09000000
ETHUSDT,2024-01-09T16:00:00+00:00,0.00010000,2257.03263258
ETHUSDT,2024-01-10T00:00:00+00:00,0.00010000,2344.44000000
ETHUSDT,2024-01-10T08:00:00+00:00,0.00010000,2369.32956857
ETHUSDT,2024-01-10T16:00:00+00:00,0.00010000,2450.23000000
ETHUSDT,2024-01-11T00:00:00+00:00,0.00010000,2584.42903030
ETHUSDT,2024-01-11T08:00:00+00:00,0.00010000,2589.40712879
ETHUSDT,2024-01-11T16:00:00+00:00,0.00010000,2614.23185606
ETHUSDT,2024-01-12T00:00:00.001000+00:00,0.00010000,2618.59000000
ETHUSDT,2024-01-12T08:00:00+00:00,0.00010000,2597.21351515
ETHUSDT,2024-01-12T16:00:00+00:00,0.00010000,2648.56000000
ETHUSDT,2024-01-13T00:00:00+00:00,0.00010000,2523.12903409
ETHUSDT,2024-01-13T08:00:00+00:00,0.00010000,2550.91017803
ETHUSDT,2024-01-13T16:00:00.001000+00:00,0.00010000,2564.28000000
ETHUSDT,2024-01-14T00:00:00+00:00,0.00010000,2578.43028788
ETHUSDT,2024-01-14T08:00:00+00:00,0.00010000,2551.43821591
ETHUSDT,2024-01-14T16:00:00.001000+00:00,0.00010000,2538.17000000
ETHUSDT,2024-01-15T00:00:00+00:00,0.00010000,2474.13000000
ETHUSDT,2024-01-15T08:00:00+00:00,0.00010000,2514.25229167
ETHUSDT,2024-01-15T16:00:00+00:00,0.00010000,2515.37000000
ETHUSDT,2024-01-16T00:00:00+00:00,0.00010000,2512.20000000
ETHUSDT,2024-01-16T08:00:00+00:00,0.00010000,2527.97039394
ETHUSDT,2024-01-16T16:00:00.001000+00:00,0.00010000,2559.46878409
ETHUSDT,2024-01-17T00:00:00+00:00,0.00010000,2587.57931818
ETHUSDT,2024-01-17T08:00:00+00:00,0.00010000,2552.39315909
ETHUSDT,2024-01-17T16:00:00+00:00,0.00010000,2539.47984977
ETHUSDT,2024-01-18T00:00:00.001000+00:00,0.00010000,2530.53208712
ETHUSDT,2024-01-18T08:00:00+00:00,0.00010000,2538.88000000
ETHUSDT,2024-01-18T16:00:00+00:00,0.00010000,2526.12000000
ETHUSDT,2024-01-19T00:00:00+00:00,0.00010000,2470.45503788
ETHUSDT,2024-01-19T08:00:00+00:00,0.00010000,2465.61653409
ETHUSDT,2024-01-19T16:00:00.002000+00:00,0.00010000,2463.45000000
ETHUSDT,2024-01-20T00:00:00+00:00,0.00010000,2492.21768490
ETHUSDT,2024-01-20T08:00:00.003000+00:00,0.00010000,2478.74349199
ETHUSDT,2024-01-20T16:00:00+00:00,0.00010000,2464.20482955
ETHUSDT,2024-01-21T00:00:00+00:00,0.00010000,2472.24386483
ETHUSDT,2024-01-21T08:00:00+00:00,0.00010000,2475.83113636
ETHUSDT,2024-01-21T16:00:00+00:00,0.00010000,2468.10000000
ETHUSDT,2024-01-22T00:00:00+00:00,0.00010000,2456.79434848
ETHUSDT,2024-01-22T08:00:00+00:00,0.00010000,2420.75290152
ETHUSDT,2024-01-22T16:00:00+00:00,0.00010000,2379.05630682
ETHUSDT,2024-01-23T00:00:00+00:00,0.00010000,2314.33000000
ETHUSDT,2024-01-23T08:00:00+00:00,0.00010000,2323.48176136
ETHUSDT,2024-01-23T16:00:00+00:00,0.00010000,2219.42948864
ETHUSDT,2024-01-24T00:00:00+00:00,0.00010000,2241.92282927
ETHUSDT,2024-01-24T08:00:00+00:00,0.00010000,2233.49910227
ETHUSDT,2024-01-24T16:00:00+00:00,0.00010000,2234.18259630
ETHUSDT,2024-01-25T00:00:00+00:00,0.00010000,2234.62000000
ETHUSDT,2024-01-25T08:00:00.001000+00:00,0.00010000,2227.10170732
ETHUSDT,2024-01-25T16:00:00+00:00,0.00010000,2187.70160227
ETHUSDT,2024-01-26T00:00:00.001000+00:00,0.00010000,2218.01000000
ETHUSDT,2024-01-26T08:00:00+00:00,0.00010000,2196.99000000
ETHUSDT,2024-01-26T16:00:00+00:00,0.00010000,2256.71063415
ETHUSDT,2024-01-27T00:00:00+00:00,0.00006877,2266.73000000
ETHUSDT,2024-01-27T08:00:00+00:00,0.00010000,2257.79000000
ETHUSDT,2024-01-27T16:00:00+00:00,0.00010000,2269.29000000
ETHUSDT,2024-01-28T00:00:00+00:00,0.00006557,2266.99000000
ETHUSDT,2024-01-28T08:00:00+00:00,0.00006135,2281.84000000
ETHUSDT,2024-01-28T16:00:00+00:00,0.00008266,2269.16000000
ETHUSDT,2024-01-29T00:00:00+00:00,0.00010000,2256.11057011
ETHUSDT,2024-01-29T08:00:00.001000+00:00,0.00010000,2258.42000000
ETHUSDT,2024-01-29T16:00:00+00:00,0.00010000,2275.16400000
ETHUSDT,2024-01-30T00:00:00+00:00,0.00010000,2316.79295076
ETHUSDT,2024-01-30T08:00:00+00:00,0.00006195,2308.27000000
ETHUSDT,2024-01-30T16:00:00.001000+00:00,0.00010000,2340.43000000
ETHUSDT,2024-01-31T00:00:00+00:00,0.00010000,2342.25398864
ETHUSDT,2024-01-31T08:00:00+00:00,0.00010000,2340.24780303
ETHUSDT,2024-01-31T16:00:00+00:00,0.00010000,2328.82088258
ETHUSDT,2024-02-01T00:00:00+00:00,0.00005527,2282.15384470
ETHUSDT,2024-02-01T08:00:00+00:00,0.00007871,2270.91404545
ETHUSDT,2024-02-01T16:00:00.002000+00:00,0.00010000,2288.28000000
ETHUSDT,2024-02-02T00:00:00+00:00,0.00010000,2303.55129231
ETHUSDT,2024-02-02T08:00:00+00:00,0.00003678,2312.60050140
ETHUSDT,2024-02-02T16:00:00+00:00,0.00010000,2313.09896591
ETHUSDT,2024-02-03T00:00:00+00:00,0.00008150,2308.21922729
ETHUSDT,2024-02-03T08:00:00+00:00,0.00010000,2313.44000000
ETHUSDT,2024-02-03T16:00:00.001000+00:00,0.00004476,2302.83000000
ETHUSDT,2024-02-04T00:00:00+00:00,0.00003180,2295.43727831
ETHUSDT,2024-02-04T08:00:00.004000+00:00,0.00009094,2289.78281160
ETHUSDT,2024-02-04T16:00:00+00:00,0.00010000,2300.98432317
ETHUSDT,2024-02-05T00:00:00+00:00,0.00010000,2288.76719557
ETHUSDT,2024-02-05T08:00:00+00:00,0.00010000,2309.74000000
ETHUSDT,2024-02-05T16:00:00+00:00,0.00010000,2297.57946970
ETHUSDT,2024-02-06T00:00:00+00:00,0.00005691,2300.83000000
ETHUSDT,2024-02-06T08:00:00.001000+00:00,0.00010000,2326.24939394
ETHUSDT,2024-02-06T16:00:00+00:00,0.00010000,2342.86334470
ETHUSDT,2024-02-07T00:00:00+00:00,0.00007659,2371.74000000
ETHUSDT,2024-02-07T08:00:00+00:00,0.00004883,2362.07000000
ETHUSDT,2024-02-07T16:00:00+00:00,0.00004309,2368.69000000
ETHUSDT,2024-02-08T00:00:00+00:00,0.00010000,2424.22000000
ETHUSDT,2024-02-08T08:00:00+00:00,0.00007523,2420.32784230
ETHUSDT,2024-02-08T16:00:00+00:00,0.00009802,2452.61854924
ETHUSDT,2024-02-09T00:00:00+00:00,0.00007752,2418.77000000
ETHUSDT,2024-02-09T08:00:00+00:00,0.00010000,2452.86000000
ETHUSDT,2024-02-09T16:00:00.001000+00:00,0.00010000,2494.26447154
ETHUSDT,2024-02-10T00:00:00.001000+00:00,0.00007838,2485.29861789
ETHUSDT,2024-02-10T08:00:00+00:00,0.00009615,2494.18473171
ETHUSDT,2024-02-10T16:00:00+00:00,0.00009995,2489.74925610
ETHUSDT,2024-02-11T00:00:00+00:00,0.00010000,2499.41170383
ETHUSDT,2024-02-11T08:00:00.001000+00:00,0.00010000,2526.93000000
ETHUSDT,2024-02-11T16:00:00+00:00,0.00004792,2507.85180174
ETHUSDT,2024-02-12T00:00:00+00:00,0.00005076,2506.11000000
ETHUSDT,2024-02-12T08:00:00+00:00,0.00009971,2500.90000000
ETHUSDT,2024-02-12T16:00:00+00:00,0.00010000,2557.33000000
ETHUSDT,2024-02-13T00:00:00+00:00,0.00010000,2660.11561382
ETHUSDT,2024-02-13T08:00:00+00:00,0.00010000,2650.26000000
ETHUSDT,2024-02-13T16:00:00+00:00,0.00010000,2632.47865909
ETHUSDT,2024-02-14T00:00:00+00:00,0.00010000,2640.72000000
ETHUSDT,2024-02-14T08:00:00+00:00,0.00010000,2653.62000000
ETHUSDT,2024-02-14T16:00:00+00:00,0.00013082,2750.43993939
ETHUSDT,2024-02-15T00:00:00+00:00,0.00010000,2776.15000000
ETHUSDT,2024-02-15T08:00:00+00:00,0.00012136,2773.76693182
ETHUSDT,2024-02-15T16:00:00+00:00,0.00015412,2827.40701515
ETHUSDT,2024-02-16T00:00:00+00:00,0.00011125,2824.38874621
ETHUSDT,2024-02-16T08:00:00+00:00,0.00011597,2817.08000000
ETHUSDT,2024-02-16T16:00:00+00:00,0.00010000,2776.94585227
ETHUSDT,2024-02-17T00:00:00+00:00,0.00010000,2803.37953030
ETHUSDT,2024-02-17T08:00:00+00:00,0.00010000,2797.20009091
ETHUSDT,2024-02-17T16:00:00+00:00,0.00013519,2756.34000000
ETHUSDT,2024-02-18T00:00:00+00:00,0.00010000,2787.41532509
ETHUSDT,2024-02-18T08:00:00+00:00,0.00011140,2802.28000000
ETHUSDT,2024-02-18T16:00:00+00:00,0.00010000,2808.47803659
ETHUSDT,2024-02-19T00:00:00+00:00,0.00010000,2882.59928788
ETHUSDT,2024-02-19T08:00:00+00:00,0.00010000,2927.87375379
ETHUSDT,2024-02-19T16:00:00+00:00,0.00010000,2910.37000000
ETHUSDT,2024-02-20T00:00:00+00:00,0.00026500,2946.80467073
ETHUSDT,2024-02-20T08:00:00+00:00,0.00010000,2923.08121591
ETHUSDT,2024-02-20T16:00:00+00:00,0.00025431,2926.77094318
ETHUSDT,2024-02-21T00:00:00+00:00,0.00020319,3017.13858333
ETHUSDT,2024-02-21T08:00:00+00:00,0.00011802,2941.49182955
ETHUSDT,2024-02-21T16:00:00+00:00,0.00010000,2915.43171212
ETHUSDT,2024-02-22T00:00:00.001000+00:00,0.00010000,2969.40000000
ETHUSDT,2024-02-22T08:00:00.001000+00:00,0.00010000,2995.60000000
ETHUSDT,2024-02-22T16:00:00+00:00,0.00010000,2988.32000000
ETHUSDT,2024-02-23T00:00:00+00:00,0.00010000,2972.68395455
ETHUSDT,2024-02-23T08:00:00+00:00,0.00010000,2935.00000000
ETHUSDT,2024-02-23T16:00:00+00:00,0.00010000,2916.80000000
ETHUSDT,2024-02-24T00:00:00+00:00,0.00010000,2922.82679924
ETHUSDT,2024-02-24T08:00:00.001000+00:00,0.00010000,2964.89457197
ETHUSDT,2024-02-24T16:00:00+00:00,0.00010000,2956.51000000
ETHUSDT,2024-02-25T00:00:00.001000+00:00,0.00010000,2994.38000000
ETHUSDT,2024-02-25T08:00:00+00:00,0.00025856,3032.26183537
ETHUSDT,2024-02-25T16:00:00+00:00,0.00021110,3045.49000000
ETHUSDT,2024-02-26T00:00:00+00:00,0.00059496,3115.08441870
ETHUSDT,2024-02-26T08:00:00+00:00,0.00018258,3089.23470325
ETHUSDT,2024-02-26T16:00:00+00:00,0.00020172,3146.94853862
ETHUSDT,2024-02-27T00:00:00+00:00,0.00028561,3178.60000000
ETHUSDT,2024-02-27T08:00:00+00:00,0.00066751,3219.38048106
ETHUSDT,2024-02-27T16:00:00+00:00,0.00029666,3231.53806061
ETHUSDT,2024-02-28T00:00:00+00:00,0.00033546,3244.81687121
ETHUSDT,2024-02-28T08:00:00+00:00,0.00032021,3305.31056061
ETHUSDT,2024-02-28T16:00:00+00:00,0.00043581,3350.69000000
ETHUSDT,2024-02-29T00:00:00+00:00,0.00062574,3386.44542803
ETHUSDT,2024-02-29T08:00:00+00:00,0.00073381,3470.79112879
ETHUSDT,2024-02-29T16:00:00+00:00,0.00075727,3470.41000000
ETHUSDT,2024-03-01T00:00:00+00:00,0.00053040,3343.06219697
ETHUSDT,2024-03-01T08:00:00+00:00,0.00039096,3367.47848485
ETHUSDT,2024-03-01T16:00:00+00:00,0.00052446,3393.63000000
ETHUSDT,2024-03-02T00:00:00+00:00,0.00048856,3435.82000000
ETHUSDT,2024-03-02T08:00:00.001000+00:00,0.00057488,3433.70000000
ETHUSDT,2024-03-02T16:00:00+00:00,0.00055344,3421.37000000
ETHUSDT,2024-03-03T00:00:00+00:00,0.00039105,3424.23709091
ETHUSDT,2024-03-03T08:00:00+00:00,0.00038668,3394.38000000
ETHUSDT,2024-03-03T16:00:00+00:00,0.00037021,3424.31000000
ETHUSDT,2024-03-04T00:00:00+00:00,0.00041907,3491.58519697
ETHUSDT,2024-03-04T08:00:00+00:00,0.00028996,3480.37000000
ETHUSDT,2024-03-04T16:00:00+00:00,0.00050061,3562.64000000
ETHUSDT,2024-03-05T00:00:00+00:00,0.00038776,3629.16078030
ETHUSDT,2024-03-05T08:00:00+00:00,0.00101724,3678.01000000
ETHUSDT,2024-03-05T16:00:00+00:00,0.00082409,3786.70000000
ETHUSDT,2024-03-06T00:00:00+00:00,0.00020580,3555.01046970
ETHUSDT,2024-03-06T08:00:00.001000+00:00,0.00038362,3789.66000000
ETHUSDT,2024-03-06T16:00:00+00:00,0.00040511,3793.30100758
ETHUSDT,2024-03-07T00:00:00+00:00,0.00035699,3821.36624797
ETHUSDT,2024-03-07T08:00:00+00:00,0.00039169,3792.06000000
ETHUSDT,2024-03-07T16:00:00+00:00,0.00044218,3840.37000000
ETHUSDT,2024-03-08T00:00:00+00:00,0.00042931,3871.69000000
ETHUSDT,2024-03-08T08:00:00+00:00,0.00057985,3913.42878455
ETHUSDT,2024-03-08T16:00:00+00:00,0.00048823,3904.59637602
ETHUSDT,2024-03-09T00:00:00+00:00,0.00033201,3886.03000000
ETHUSDT,2024-03-09T08:00:00.001000+00:00,0.00036530,3928.65231818
ETHUSDT,2024-03-09T16:00:00+00:00,0.00035498,3920.24000000
ETHUSDT,2024-03-10T00:00:00+00:00,0.00034688,3908.15000000
ETHUSDT,2024-03-10T08:00:00+00:00,0.00049375,3948.48000000
ETHUSDT,2024-03-10T16:00:00+00:00,0.00029818,3886.00000000
ETHUSDT,2024-03-11T00:00:00+00:00,0.00029368,3880.96000000
ETHUSDT,2024-03-11T08:00:00+00:00,0.00067235,4013.23932317
ETHUSDT,2024-03-11T16:00:00+00:00,0.00064296,4020.36000000
ETHUSDT,2024-03-12T00:00:00+00:00,0.00068106,4070.52000000
ETHUSDT,2024-03-12T08:00:00+00:00,0.00037542,4030.06338258
ETHUSDT,2024-03-12T16:00:00+00:00,0.00048306,3991.80411017
ETHUSDT,2024-03-13T00:00:00+00:00,0.00046983,3983.90856818
ETHUSDT,2024-03-13T08:00:00.001000+00:00,0.00060121,4043.26235606
ETHUSDT,2024-03-13T16:00:00+00:00,0.00044242,3965.67000000
ETHUSDT,2024-03-14T00:00:00.001000+00:00,0.00040995,4008.67287750
ETHUSDT,2024-03-14T08:00:00+00:00,0.00050365,3966.67000000
ETHUSDT,2024-03-14T16:00:00+00:00,0.00035217,3848.40000000
ETHUSDT,2024-03-15T00:00:00+00:00,0.00040271,3885.00000000
ETHUSDT,2024-03-15T08:00:00+00:00,0.00023171,3756.08000000
ETHUSDT,2024-03-15T16:00:00+00:00,0.00033557,3691.55970455
ETHUSDT,2024-03-16T00:00:00+00:00,0.00018856,3743.72145455
ETHUSDT,2024-03-16T08:00:00+00:00,0.00027490,3742.92765152
ETHUSDT,2024-03-16T16:00:00+00:00,0.00028914,3681.49000000
ETHUSDT,2024-03-17T00:00:00+00:00,0.00013396,3525.57000000
ETHUSDT,2024-03-17T08:00:00+00:00,0.00011824,3474.48000000
ETHUSDT,2024-03-17T16:00:00+00:00,0.00030376,3629.96000000
ETHUSDT,2024-03-18T00:00:00+00:00,0.00017304,3646.99000000
ETHUSDT,2024-03-18T08:00:00+00:00,0.00026393,3628.86566667
ETHUSDT,2024-03-18T16:00:00.001000+00:00,0.00029608,3527.93000000
ETHUSDT,2024-03-19T00:00:00+00:00,0.00028148,3522.92542045
ETHUSDT,2024-03-19T08:00:00+00:00,0.00023311,3361.60000000
ETHUSDT,2024-03-19T16:00:00.001000+00:00,0.00013469,3304.63000000
ETHUSDT,2024-03-20T00:00:00+00:00,0.00016096,3161.03000000
ETHUSDT,2024-03-20T08:00:00.004000+00:00,0.00010000,3220.02000000
ETHUSDT,2024-03-20T16:00:00+00:00,0.00010000,3294.56567026
ETHUSDT,2024-03-21T00:00:00+00:00,0.00019507,3517.80000000
ETHUSDT,2024-03-21T08:00:00+00:00,0.00013771,3518.80000000
ETHUSDT,2024-03-21T16:00:00+00:00,0.00017743,3499.52586742
ETHUSDT,2024-03-22T00:00:00+00:00,0.00022775,3495.16000000
ETHUSDT,2024-03-22T08:00:00+00:00,0.00023317,3514.12125379
ETHUSDT,2024-03-22T16:00:00+00:00,0.00016092,3351.01666667
ETHUSDT,2024-03-23T00:00:00+00:00,0.00010552,3337.90121591
ETHUSDT,2024-03-23T08:00:00+00:00,0.00012459,3367.62000000
ETHUSDT,2024-03-23T16:00:00+00:00,0.00013906,3407.55015152
ETHUSDT,2024-03-24T00:00:00+00:00,0.00012767,3330.83000000
ETHUSDT,2024-03-24T08:00:00+00:00,0.00017907,3344.28006818
ETHUSDT,2024-03-24T16:00:00+00:00,0.00017171,3399.54067424
ETHUSDT,2024-03-25T00:00:00+00:00,0.00020242,3456.55247727
ETHUSDT,2024-03-25T08:00:00.001000+00:00,0.00011009,3446.71000000
ETHUSDT,2024-03-25T16:00:00+00:00,0.00022958,3583.72524242
ETHUSDT,2024-03-26T00:00:00+00:00,0.00039028,3592.94000000
ETHUSDT,2024-03-26T08:00:00+00:00,0.00018000,3637.47000000
ETHUSDT,2024-03-26T16:00:00+00:00,0.00026242,3595.92137879
ETHUSDT,2024-03-27T00:00:00+00:00,0.00024667,3589.64000000
ETHUSDT,2024-03-27T08:00:00.001000+00:00,0.00021635,3567.44473864
ETHUSDT,2024-03-27T16:00:00+00:00,0.00035332,3517.15614015
ETHUSDT,2024-03-28T00:00:00+00:00,0.00038952,3504.60600758
ETHUSDT,2024-03-28T08:00:00+00:00,0.00035672,3576.64290530
ETHUSDT,2024-03-28T16:00:00+00:00,0.00036879,3580.63596212
ETHUSDT,2024-03-29T00:00:00+00:00,0.00034117,3563.42986742
ETHUSDT,2024-03-29T08:00:00+00:00,0.00030332,3522.13951894
ETHUSDT,2024-03-29T16:00:00+00:00,0.00037327,3489.53121591
ETHUSDT,2024-03-30T00:00:00+00:00,0.00024188,3512.46000000
ETHUSDT,2024-03-30T08:00:00+00:00,0.00024854,3495.00009091
ETHUSDT,2024-03-30T16:00:00+00:00,0.00045204,3539.97000000
ETHUSDT,2024-03-31T00:00:00+00:00,0.00026461,3508.24947348
ETHUSDT,2024-03-31T08:00:00+00:00,0.00065366,3629.17000000
ETHUSDT,2024-03-31T16:00:00.001000+00:00,0.00058292,3620.88062879
ETHUSDT,2024-04-01T00:00:00+00:00,0.00060909,3648.79000000
ETHUSDT,2024-04-01T08:00:00+00:00,0.00035798,3548.55600379
ETHUSDT,2024-04-01T16:00:00+00:00,0.00019362,3445.71054924
ETHUSDT,2024-04-02T00:00:00.007000+00:00,0.00015034,3506.13451136
ETHUSDT,2024-04-02T08:00:00.015000+00:00,0.00010000,3364.75000000
ETHUSDT,2024-04-02T16:00:00+00:00,0.00012642,3242.43000000
ETHUSDT,2024-04-03T00:00:00+00:00,0.00010000,3280.01081818
ETHUSDT,2024-04-03T08:00:00+00:00,0.00010000,3306.98953762
ETHUSDT,2024-04-03T16:00:00+00:00,0.00010000,3330.77000000
ETHUSDT,2024-04-04T00:00:00+00:00,0.00010000,3312.84034091
ETHUSDT,2024-04-04T08:00:00+00:00,0.00010000,3324.65300758
ETHUSDT,2024-04-04T16:00:00+00:00,0.00010000,3365.82736364
ETHUSDT,2024-04-05T00:00:00+00:00,0.00010000,3329.66000000
ETHUSDT,2024-04-05T08:00:00+00:00,0.00010000,3289.18000000
ETHUSDT,2024-04-05T16:00:00+00:00,0.00010000,3328.80000000
ETHUSDT,2024-04-06T00:00:00+00:00,0.00016732,3319.65000000
ETHUSDT,2024-04-06T08:00:00+00:00,0.00010000,3331.72000000
ETHUSDT,2024-04-06T16:00:00+00:00,0.00010000,3336.70000000
ETHUSDT,2024-04-07T00:00:00+00:00,0.00010000,3352.92760606
ETHUSDT,2024-04-07T08:00:00+00:00,0.00010000,3386.99000000
ETHUSDT,2024-04-07T16:00:00+00:00,0.00010000,3390.77987879
ETHUSDT,2024-04-08T00:00:00.001000+00:00,0.00010000,3455.86471970
ETHUSDT,2024-04-08T08:00:00+00:00,0.00010000,3475.27906740
ETHUSDT,2024-04-08T16:00:00.006000+00:00,0.00031896,3631.54253030
ETHUSDT,2024-04-09T00:00:00+00:00,0.00024848,3697.25567424
ETHUSDT,2024-04-09T08:00:00.001000+00:00,0.00010159,3643.66609091
ETHUSDT,2024-04-09T16:00:00.001000+00:00,0.00015222,3531.61968182
ETHUSDT,2024-04-10T00:00:00+00:00,0.00018733,3508.45000000
ETHUSDT,2024-04-10T08:00:00.001000+00:00,0.00015363,3538.91000000
ETHUSDT,2024-04-10T16:00:00+00:00,0.00013253,3481.08000000
ETHUSDT,2024-04-11T00:00:00+00:00,0.00010000,3547.08987461
ETHUSDT,2024-04-11T08:00:00+00:00,0.00015483,3585.20656818
ETHUSDT,2024-04-11T16:00:00+00:00,0.00010000,3509.94000000
ETHUSDT,2024-04-12T00:00:00+00:00,0.00010000,3503.71525000
ETHUSDT,2024-04-12T08:00:00.001000+00:00,0.00010000,3518.69534091
ETHUSDT,2024-04-12T16:00:00+00:00,0.00010000,3442.42000000
ETHUSDT,2024-04-13T00:00:00+00:00,0.00010000,3238.48000000
ETHUSDT,2024-04-13T08:00:00+00:00,0.00010000,3258.56000000
ETHUSDT,2024-04-13T16:00:00.001000+00:00,0.00010000,3273.12000000
ETHUSDT,2024-04-14T00:00:00+00:00,0.00010000,3005.46000000
ETHUSDT,2024-04-14T08:00:00+00:00,0.00010000,3083.33000000
ETHUSDT,2024-04-14T16:00:00+00:00,0.00010000,3055.18000000
ETHUSDT,2024-04-15T00:00:00+00:00,0.00010000,3153.43000000
ETHUSDT,2024-04-15T08:00:00.001000+00:00,0.00005422,3241.15834848
ETHUSDT,2024-04-15T16:00:00+00:00,0.00008871,3162.27000000
ETHUSDT,2024-04-16T00:00:00.001000+00:00,0.00007898,3100.72000000
ETHUSDT,2024-04-16T08:00:00+00:00,0.00008536,3105.88000000
ETHUSDT,2024-04-16T16:00:00+00:00,0.00005787,3008.14000000
ETHUSDT,2024-04-17T00:00:00+00:00,0.00009805,3082.95012879
ETHUSDT,2024-04-17T08:00:00+00:00,0.00000511,3074.97742424
ETHUSDT,2024-04-17T16:00:00+00:00,0.00000492,2945.75264394
ETHUSDT,2024-04-18T00:00:00+00:00,0.00003509,2983.63953788
ETHUSDT,2024-04-18T08:00:00+00:00,0.00002246,2974.11378788
ETHUSDT,2024-04-18T16:00:00+00:00,0.00006353,3067.13127273
ETHUSDT,2024-04-19T00:00:00.001000+00:00,0.00003973,3062.85000000
ETHUSDT,2024-04-19T08:00:00+00:00,0.00008503,3082.57000000
ETHUSDT,2024-04-19T16:00:00+00:00,0.00005417,3079.54848485
ETHUSDT,2024-04-20T00:00:00+00:00,0.00010000,3055.10238636
ETHUSDT,2024-04-20T08:00:00+00:00,0.00002386,3059.77000000
ETHUSDT,2024-04-20T16:00:00+00:00,0.00005114,3108.82762121
ETHUSDT,2024-04-21T00:00:00+00:00,0.00005559,3154.37176515
ETHUSDT,2024-04-21T08:00:00+00:00,-0.00000627,3177.91000000
ETHUSDT,2024-04-21T16:00:00+00:00,0.00004395,3158.23000000
ETHUSDT,2024-04-22T00:00:00+00:00,0.00003417,3145.95092504
ETHUSDT,2024-04-22T08:00:00+00:00,0.00004908,3202.57000000
ETHUSDT,2024-04-22T16:00:00+00:00,-0.00001974,3182.05000000
ETHUSDT,2024-04-23T00:00:00+00:00,0.00000674,3198.66105303
ETHUSDT,2024-04-23T08:00:00+00:00,0.00001147,3158.94000000
ETHUSDT,2024-04-23T16:00:00.001000+00:00,0.00006979,3223.96000000
ETHUSDT,2024-04-24T00:00:00+00:00,0.00004713,3218.18430024
ETHUSDT,2024-04-24T08:00:00+00:00,0.00001937,3248.57771212
ETHUSDT,2024-04-24T16:00:00+00:00,0.00004804,3174.63587121
ETHUSDT,2024-04-25T00:00:00+00:00,0.00000466,3138.87962121
ETHUSDT,2024-04-25T08:00:00+00:00,0.00001706,3134.87000000
ETHUSDT,2024-04-25T16:00:00.010000+00:00,0.00010000,3159.38000000
ETHUSDT,2024-04-26T00:00:00.001000+00:00,0.00001631,3154.43000000
ETHUSDT,2024-04-26T08:00:00+00:00,0.00003847,3133.56897727
ETHUSDT,2024-04-26T16:00:00+00:00,0.00004582,3116.44000000
ETHUSDT,2024-04-27T00:00:00+00:00,0.00010000,3129.98000000
ETHUSDT,2024-04-27T08:00:00.001000+00:00,0.00007026,3118.83000000
ETHUSDT,2024-04-27T16:00:00+00:00,0.00002355,3143.30000000
ETHUSDT,2024-04-28T00:00:00+00:00,0.00009322,3254.12254545
ETHUSDT,2024-04-28T08:00:00+00:00,0.00008300,3316.27000000
ETHUSDT,2024-04-28T16:00:00+00:00,0.00008272,3319.43587774
ETHUSDT,2024-04-29T00:00:00+00:00,0.00008816,3262.28000000
ETHUSDT,2024-04-29T08:00:00+00:00,0.00010000,3186.93000000
ETHUSDT,2024-04-29T16:00:00+00:00,0.00005981,3180.59000000
ETHUSDT,2024-04-30T00:00:00+00:00,0.00007518,3215.18000000
ETHUSDT,2024-04-30T08:00:00+00:00,0.00007389,3155.76212879
ETHUSDT,2024-04-30T16:00:00+00:00,0.00003887,2992.76000000
ETHUSDT,2024-05-01T00:00:00+00:00,0.00001865,3012.59016458
ETHUSDT,2024-05-01T08:00:00+00:00,0.00004890,2868.23000000
ETHUSDT,2024-05-01T16:00:00+00:00,0.00007347,2884.59865909
ETHUSDT,2024-05-02T00:00:00+00:00,-8.6E-7,2970.90318182
ETHUSDT,2024-05-02T08:00:00+00:00,0.00009579,2920.03863636
ETHUSDT,2024-05-02T16:00:00.002000+00:00,0.00007757,2988.65000000
ETHUSDT,2024-05-03T00:00:00+00:00,0.00004044,2984.80000000
ETHUSDT,2024-05-03T08:00:00+00:00,0.00002157,2967.68443939
ETHUSDT,2024-05-03T16:00:00+00:00,0.00003457,3074.11000000
ETHUSDT,2024-05-04T00:00:00+00:00,0.00004290,3101.51019098
ETHUSDT,2024-05-04T08:00:00+00:00,0.00008465,3094.80000000
ETHUSDT,2024-05-04T16:00:00+00:00,0.00007001,3125.48252273
ETHUSDT,2024-05-05T00:00:00+00:00,0.00008848,3115.59733333
ETHUSDT,2024-05-05T08:00:00+00:00,0.00009394,3103.99419139
ETHUSDT,2024-05-05T16:00:00+00:00,0.00005578,3159.07000000
ETHUSDT,2024-05-06T00:00:00+00:00,0.00005569,3135.24000000
ETHUSDT,2024-05-06T08:00:00+00:00,0.00010000,3179.66952273
ETHUSDT,2024-05-06T16:00:00+00:00,0.00009025,3088.40698485
ETHUSDT,2024-05-07T00:00:00+00:00,0.00007342,3061.51000000
ETHUSDT,2024-05-07T08:00:00+00:00,0.00004028,3076.23419697
ETHUSDT,2024-05-07T16:00:00+00:00,0.00006978,3070.20000000
ETHUSDT,2024-05-08T00:00:00+00:00,0.00007764,3004.94619697
ETHUSDT,2024-05-08T08:00:00+00:00,0.00007236,2994.23000000
ETHUSDT,2024-05-08T16:00:00+00:00,0.00010000,3006.00000000
ETHUSDT,2024-05-09T00:00:00+00:00,0.00010000,2973.41762879
ETHUSDT,2024-05-09T08:00:00+00:00,0.00010000,2982.41468939
ETHUSDT,2024-05-09T16:00:00+00:00,0.00010000,3004.95351515
ETHUSDT,2024-05-10T00:00:00+00:00,0.00009040,3034.84137121
ETHUSDT,2024-05-10T08:00:00+00:00,0.00010000,3040.50732576
ETHUSDT,2024-05-10T16:00:00+00:00,0.00005137,2917.31586364
ETHUSDT,2024-05-11T00:00:00+00:00,0.00007578,2908.85000000
ETHUSDT,2024-05-11T08:00:00+00:00,0.00006690,2920.90000000
ETHUSDT,2024-05-11T16:00:00+00:00,0.00008517,2924.50000000
ETHUSDT,2024-05-12T00:00:00+00:00,0.00008010,2911.54623485
ETHUSDT,2024-05-12T08:00:00+00:00,0.00007264,2906.48000000
ETHUSDT,2024-05-12T16:00:00+00:00,0.00006269,2936.83000000
ETHUSDT,2024-05-13T00:00:00.001000+00:00,0.00005829,2927.72000000
ETHUSDT,2024-05-13T08:00:00.001000+00:00,0.00010000,2953.49000000
ETHUSDT,2024-05-13T16:00:00+00:00,0.00010000,2960.20000000
ETHUSDT,2024-05-14T00:00:00+00:00,0.00010000,2949.86293182
ETHUSDT,2024-05-14T08:00:00+00:00,0.00008140,2918.84685606
ETHUSDT,2024-05-14T16:00:00+00:00,0.00009124,2897.53000000
ETHUSDT,2024-05-15T00:00:00+00:00,0.00010000,2880.87000000
ETHUSDT,2024-05-15T08:00:00+00:00,0.00008171,2914.65150758
ETHUSDT,2024-05-15T16:00:00+00:00,0.00009162,2976.66000000
ETHUSDT,2024-05-16T00:00:00.004000+00:00,0.00010000,3030.87753030
ETHUSDT,2024-05-16T08:00:00+00:00,0.00006453,3015.12305303
ETHUSDT,2024-05-16T16:00:00+00:00,0.00005401,2955.53000000
ETHUSDT,2024-05-17T00:00:00+00:00,0.00005324,2943.22000000
ETHUSDT,2024-05-17T08:00:00+00:00,0.00008531,3023.83881661
ETHUSDT,2024-05-17T16:00:00+00:00,0.00004333,3109.84000000
ETHUSDT,2024-05-18T00:00:00+00:00,0.00007513,3090.65673197
ETHUSDT,2024-05-18T08:00:00+00:00,0.00003431,3100.25000000
ETHUSDT,2024-05-18T16:00:00+00:00,0.00007815,3109.42477273
ETHUSDT,2024-05-19T00:00:00+00:00,0.00007388,3121.61511404
ETHUSDT,2024-05-19T08:00:00+00:00,0.00003451,3114.49316667
ETHUSDT,2024-05-19T16:00:00+00:00,0.00008825,3076.34246212
ETHUSDT,2024-05-20T00:00:00+00:00,0.00009672,3069.99000000
ETHUSDT,2024-05-20T08:00:00+00:00,0.00001916,3091.11618182
ETHUSDT,2024-05-20T16:00:00.003000+00:00,0.00004643,3116.95000000
ETHUSDT,2024-05-21T00:00:00+00:00,0.00010000,3664.24743182
ETHUSDT,2024-05-21T08:00:00.001000+00:00,0.00019404,3662.98655303
ETHUSDT,2024-05-21T16:00:00+00:00,0.00010000,3779.13625758
ETHUSDT,2024-05-22T00:00:00+00:00,0.00012452,3792.16673485
ETHUSDT,2024-05-22T08:00:00+00:00,0.00015189,3748.85868939
ETHUSDT,2024-05-22T16:00:00+00:00,0.00010000,3763.32000000
ETHUSDT,2024-05-23T00:00:00+00:00,0.00010000,3740.25000000
ETHUSDT,2024-05-23T08:00:00+00:00,0.00010000,3815.69087879
ETHUSDT,2024-05-23T16:00:00+00:00,0.00010000,3815.08000000
ETHUSDT,2024-05-24T00:00:00+00:00,0.00010000,3784.80000000
ETHUSDT,2024-05-24T08:00:00+00:00,0.00010000,3681.26000000
ETHUSDT,2024-05-24T16:00:00+00:00,0.00010000,3695.60718182
ETHUSDT,2024-05-25T00:00:00+00:00,0.00010000,3729.62000000
ETHUSDT,2024-05-25T08:00:00+00:00,0.00010000,3747.90000000
ETHUSDT,2024-05-25T16:00:00+00:00,0.00010000,3745.54691667
ETHUSDT,2024-05-26T00:00:00+00:00,0.00010000,3751.15000000
ETHUSDT,2024-05-26T08:00:00+00:00,0.00010000,3787.58000000
ETHUSDT,2024-05-26T16:00:00+00:00,0.00010000,3834.53000000
ETHUSDT,2024-05-27T00:00:00+00:00,0.00010000,3827.53000000
ETHUSDT,2024-05-27T08:00:00+00:00,0.00010000,3915.42000000
ETHUSDT,2024-05-27T16:00:00+00:00,0.00010000,3965.83840909
ETHUSDT,2024-05-28T00:00:00+00:00,0.00010000,3896.09000000
ETHUSDT,2024-05-28T08:00:00+00:00,0.00010000,3850.32068939
ETHUSDT,2024-05-28T16:00:00+00:00,0.00012190,3863.33000000
ETHUSDT,2024-05-29T00:00:00.001000+00:00,0.00017485,3847.00000000
ETHUSDT,2024-05-29T08:00:00+00:00,0.00010000,3823.40307576
ETHUSDT,2024-05-29T16:00:00+00:00,0.00017700,3762.03720455
ETHUSDT,2024-05-30T00:00:00+00:00,0.00025357,3770.00000000
ETHUSDT,2024-05-30T08:00:00+00:00,0.00014202,3722.16000000
ETHUSDT,2024-05-30T16:00:00+00:00,0.00018706,3778.20893939
ETHUSDT,2024-05-31T00:00:00+00:00,0.00010000,3749.90932576
ETHUSDT,2024-05-31T08:00:00+00:00,0.00010793,3730.65599242
ETHUSDT,2024-05-31T16:00:00+00:00,0.00012319,3747.25000000
ETHUSDT,2024-06-01T00:00:00+00:00,0.00017131,3764.04343182
ETHUSDT,2024-06-01T08:00:00+00:00,0.00013009,3775.30400000
ETHUSDT,2024-06-01T16:00:00.001000+00:00,0.00011557,3801.17321212
ETHUSDT,2024-06-02T00:00:00+00:00,0.00015695,3817.50000000
ETHUSDT,2024-06-02T08:00:00+00:00,0.00010000,3795.13000000
ETHUSDT,2024-06-02T16:00:00+00:00,0.00010000,3801.12573166
ETHUSDT,2024-06-03T00:00:00+00:00,0.00012702,3783.62659848
ETHUSDT,2024-06-03T08:00:00+00:00,0.00015803,3819.99000000
ETHUSDT,2024-06-03T16:00:00+00:00,0.00012815,3797.88131818
ETHUSDT,2024-06-04T00:00:00+00:00,0.00010000,3769.15000000
ETHUSDT,2024-06-04T08:00:00+00:00,0.00010000,3776.79000000
ETHUSDT,2024-06-04T16:00:00+00:00,0.00010800,3813.09632576
ETHUSDT,2024-06-05T00:00:00+00:00,0.00016969,3813.02937121
ETHUSDT,2024-06-05T08:00:00+00:00,0.00010000,3811.35000000
ETHUSDT,2024-06-05T16:00:00+00:00,0.00010659,3816.56893182
ETHUSDT,2024-06-06T00:00:00+00:00,0.00019461,3867.99527273
ETHUSDT,2024-06-06T08:00:00.008000+00:00,0.00020328,3854.28742947
ETHUSDT,2024-06-06T16:00:00+00:00,0.00014989,3847.09508333
ETHUSDT,2024-06-07T00:00:00+00:00,0.00016105,3815.77000000
ETHUSDT,2024-06-07T08:00:00+00:00,0.00013228,3819.01178030
ETHUSDT,2024-06-07T16:00:00+00:00,0.00017029,3802.93818182
ETHUSDT,2024-06-08T00:00:00+00:00,0.00010000,3679.82000000
ETHUSDT,2024-06-08T08:00:00+00:00,0.00010000,3710.26000000
ETHUSDT,2024-06-08T16:00:00+00:00,0.00010000,3689.33000000
ETHUSDT,2024-06-09T00:00:00+00:00,0.00010000,3682.11000000
ETHUSDT,2024-06-09T08:00:00+00:00,0.00010000,3687.10000000
ETHUSDT,2024-06-09T16:00:00.001000+00:00,0.00010000,3691.62000000
ETHUSDT,2024-06-10T00:00:00+00:00,0.00010000,3707.55763278
ETHUSDT,2024-06-10T08:00:00+00:00,0.00010000,3650.44409091
ETHUSDT,2024-06-10T16:00:00.001000+00:00,0.00010000,3703.16574242
ETHUSDT,2024-06-11T00:00:00.001000+00:00,0.00010000,3669.65000000
ETHUSDT,2024-06-11T08:00:00+00:00,0.00010000,3535.23000000
ETHUSDT,2024-06-11T16:00:00+00:00,0.00010000,3448.26362879
ETHUSDT,2024-06-12T00:00:00+00:00,0.00010000,3497.97481061
ETHUSDT,2024-06-12T08:00:00+00:00,0.00010000,3526.99000000
ETHUSDT,2024-06-12T16:00:00+00:00,0.00010000,3617.92588636
ETHUSDT,2024-06-13T00:00:00+00:00,0.00010000,3560.35896212
ETHUSDT,2024-06-13T08:00:00.001000+00:00,0.00010000,3507.48000000
ETHUSDT,2024-06-13T16:00:00+00:00,0.00010000,3442.84977273
ETHUSDT,2024-06-14T00:00:00+00:00,0.00010000,3469.19000000
ETHUSDT,2024-06-14T08:00:00+00:00,0.00010000,3515.97947727
ETHUSDT,2024-06-14T16:00:00+00:00,0.00010000,3461.87205303
ETHUSDT,2024-06-15T00:00:00+00:00,0.00010000,3480.87528788
ETHUSDT,2024-06-15T08:00:00+00:00,0.00010000,3529.34816667
ETHUSDT,2024-06-15T16:00:00+00:00,0.00010000,3565.31000000
ETHUSDT,2024-06-16T00:00:00.001000+00:00,0.00010000,3567.93938636
ETHUSDT,2024-06-16T08:00:00+00:00,0.00010000,3561.37000000
ETHUSDT,2024-06-16T16:00:00+00:00,0.00010000,3591.36355303
ETHUSDT,2024-06-17T00:00:00+00:00,0.00010000,3623.15286643
ETHUSDT,2024-06-17T08:00:00+00:00,0.00010000,3551.57000000
ETHUSDT,2024-06-17T16:00:00+00:00,0.00009137,3495.80000000
ETHUSDT,2024-06-18T00:00:00+00:00,0.00006649,3509.76769697
ETHUSDT,2024-06-18T08:00:00+00:00,0.00007836,3442.50000000
ETHUSDT,2024-06-18T16:00:00+00:00,0.00006211,3422.85571970
ETHUSDT,2024-06-19T00:00:00.001000+00:00,0.00010000,3482.34000000
ETHUSDT,2024-06-19T08:00:00.001000+00:00,0.00010000,3543.08000000
ETHUSDT,2024-06-19T16:00:00+00:00,0.00006122,3527.99000000
ETHUSDT,2024-06-20T00:00:00+00:00,0.00010000,3559.10481851
ETHUSDT,2024-06-20T08:00:00+00:00,0.00006409,3606.10950000
ETHUSDT,2024-06-20T16:00:00+00:00,0.00003148,3505.36793182
ETHUSDT,2024-06-21T00:00:00+00:00,0.00000746,3511.60560606
ETHUSDT,2024-06-21T08:00:00+00:00,0.00002103,3473.58000000
ETHUSDT,2024-06-21T16:00:00+00:00,0.00010000,3491.39000000
ETHUSDT,2024-06-22T00:00:00+00:00,0.00004564,3517.18000000
ETHUSDT,2024-06-22T08:00:00+00:00,0.00005837,3492.53000000
ETHUSDT,2024-06-22T16:00:00+00:00,0.00003914,3504.60000000
ETHUSDT,2024-06-23T00:00:00+00:00,0.00006710,3494.26000000
ETHUSDT,2024-06-23T08:00:00+00:00,0.00004594,3510.92535606
ETHUSDT,2024-06-23T16:00:00+00:00,0.00003591,3473.12753030
ETHUSDT,2024-06-24T00:00:00.002000+00:00,0.00007672,3419.57059091
ETHUSDT,2024-06-24T08:00:00+00:00,0.00010000,3367.68000000
ETHUSDT,2024-06-24T16:00:00+00:00,0.00007410,3278.79000000
ETHUSDT,2024-06-25T00:00:00+00:00,0.00010000,3352.00000000
ETHUSDT,2024-06-25T08:00:00+00:00,0.00010000,3360.18204545
ETHUSDT,2024-06-25T16:00:00+00:00,0.00010000,3418.83318182
ETHUSDT,2024-06-26T00:00:00.002000+00:00,0.00010000,3393.16864394
ETHUSDT,2024-06-26T08:00:00+00:00,0.00010000,3400.60412879
ETHUSDT,2024-06-26T16:00:00+00:00,0.00010000,3360.80000000
ETHUSDT,2024-06-27T00:00:00+00:00,0.00010000,3370.66046212
ETHUSDT,2024-06-27T08:00:00.001000+00:00,0.00010000,3374.47000000
ETHUSDT,2024-06-27T16:00:00+00:00,0.00010000,3452.00560606
ETHUSDT,2024-06-28T00:00:00+00:00,0.00010000,3450.33018025
ETHUSDT,2024-06-28T08:00:00+00:00,0.00010000,3431.27000000
ETHUSDT,2024-06-28T16:00:00+00:00,0.00010000,3412.13582576
ETHUSDT,2024-06-29T00:00:00.001000+00:00,0.00010000,3379.57099242
ETHUSDT,2024-06-29T08:00:00+00:00,0.00010000,3398.18000000
ETHUSDT,2024-06-29T16:00:00+00:00,0.00010000,3393.45000000
ETHUSDT,2024-06-30T00:00:00+00:00,0.00010000,3377.62159848
ETHUSDT,2024-06-30T08:00:00+00:00,0.00010000,3393.06000000
ETHUSDT,2024-06-30T16:00:00+00:00,0.00010000,3398.87000000
ETHUSDT,2024-07-01T00:00:00+00:00,0.00010000,3436.73000000
ETHUSDT,2024-07-01T08:00:00+00:00,0.00010000,3489.25000000
ETHUSDT,2024-07-01T16:00:00.001000+00:00,0.00010000,3473.87000000
ETHUSDT,2024-07-02T00:00:00+00:00,0.00010000,3441.12724242
ETHUSDT,2024-07-02T08:00:00+00:00,0.00010000,3438.50177273
ETHUSDT,2024-07-02T16:00:00+00:00,0.00010000,3414.68000000
ETHUSDT,2024-07-03T00:00:00+00:00,0.00010000,3420.43000000
ETHUSDT,2024-07-03T08:00:00.001000+00:00,0.00010000,3352.15688636
ETHUSDT,2024-07-03T16:00:00+00:00,0.00010000,3302.94937121
ETHUSDT,2024-07-04T00:00:00+00:00,0.00010000,3294.76000000
ETHUSDT,2024-07-04T08:00:00+00:00,0.00010000,3181.58994697
ETHUSDT,2024-07-04T16:00:00+00:00,0.00010000,3137.62000000
ETHUSDT,2024-07-05T00:00:00+00:00,0.00010000,3059.23636364
ETHUSDT,2024-07-05T08:00:00+00:00,0.00009550,2881.26000000
ETHUSDT,2024-07-05T16:00:00+00:00,0.00004923,2990.22177273
ETHUSDT,2024-07-06T00:00:00+00:00,0.00009007,2980.67000000
ETHUSDT,2024-07-06T08:00:00+00:00,0.00006597,3003.19609091
ETHUSDT,2024-07-06T16:00:00+00:00,0.00005847,3018.48308777
ETHUSDT,2024-07-07T00:00:00.001000+00:00,0.00003941,3065.50000000
ETHUSDT,2024-07-07T08:00:00+00:00,0.00008938,3002.97278947
ETHUSDT,2024-07-07T16:00:00+00:00,0.00005389,2969.63110606
ETHUSDT,2024-07-08T00:00:00+00:00,0.00010000,2930.23000000
ETHUSDT,2024-07-08T08:00:00+00:00,0.00003423,2925.58000000
ETHUSDT,2024-07-08T16:00:00+00:00,0.00009357,2968.31426515
ETHUSDT,2024-07-09T00:00:00+00:00,0.00005681,3017.93328030
ETHUSDT,2024-07-09T08:00:00.001000+00:00,0.00001078,3061.01000000
ETHUSDT,2024-07-09T16:00:00+00:00,0.00007754,3066.14312879
ETHUSDT,2024-07-10T00:00:00+00:00,0.00003746,3065.06000000
ETHUSDT,2024-07-10T08:00:00+00:00,0.00001713,3095.87054075
ETHUSDT,2024-07-10T16:00:00+00:00,0.00010000,3121.18937121
ETHUSDT,2024-07-11T00:00:00.002000+00:00,0.00004282,3099.48730303
ETHUSDT,2024-07-11T08:00:00.002000+00:00,0.00008656,3116.99000000
ETHUSDT,2024-07-11T16:00:00.004000+00:00,0.00005603,3116.72000000
ETHUSDT,2024-07-12T00:00:00+00:00,0.00010000,3098.24000000
ETHUSDT,2024-07-12T08:00:00+00:00,0.00004730,3071.31193182
ETHUSDT,2024-07-12T16:00:00+00:00,0.00007154,3130.18000000
ETHUSDT,2024-07-13T00:00:00+00:00,0.00010000,3133.24000000
ETHUSDT,2024-07-13T08:00:00+00:00,0.00010000,3139.09000000
ETHUSDT,2024-07-13T16:00:00+00:00,0.00007584,3153.75693182
ETHUSDT,2024-07-14T00:00:00+00:00,0.00010000,3174.03778213
ETHUSDT,2024-07-14T08:00:00+00:00,0.00006352,3194.34000000
ETHUSDT,2024-07-14T16:00:00+00:00,0.00003194,3188.72962382
ETHUSDT,2024-07-15T00:00:00+00:00,0.00009653,3244.10000000
ETHUSDT,2024-07-15T08:00:00+00:00,0.00004043,3354.38000000
ETHUSDT,2024-07-15T16:00:00+00:00,0.00004690,3366.12075000
ETHUSDT,2024-07-16T00:00:00+00:00,0.00002643,3481.83237879
ETHUSDT,2024-07-16T08:00:00+00:00,0.00009799,3376.01753788
ETHUSDT,2024-07-16T16:00:00+00:00,0.00006395,3474.92496212
ETHUSDT,2024-07-17T00:00:00+00:00,0.00005824,3442.87250758
ETHUSDT,2024-07-17T08:00:00.001000+00:00,0.00008064,3484.69353030
ETHUSDT,2024-07-17T16:00:00+00:00,0.00006113,3436.30719697
ETHUSDT,2024-07-18T00:00:00+00:00,0.00010000,3386.04000000
ETHUSDT,2024-07-18T08:00:00+00:00,0.00006727,3431.72000000
ETHUSDT,2024-07-18T16:00:00+00:00,0.00003237,3387.83491667
ETHUSDT,2024-07-19T00:00:00+00:00,0.00004387,3424.99000000
ETHUSDT,2024-07-19T08:00:00+00:00,0.00008153,3390.58000000
ETHUSDT,2024-07-19T16:00:00+00:00,0.00010000,3463.76000000
ETHUSDT,2024-07-20T00:00:00.001000+00:00,0.00005271,3502.18000000
ETHUSDT,2024-07-20T08:00:00+00:00,0.00008573,3485.99000000
ETHUSDT,2024-07-20T16:00:00+00:00,0.00002468,3501.81000000
ETHUSDT,2024-07-21T00:00:00+00:00,0.00010000,3515.94928788
ETHUSDT,2024-07-21T08:00:00+00:00,0.00001524,3482.90283333
ETHUSDT,2024-07-21T16:00:00+00:00,0.00006721,3498.66479545
ETHUSDT,2024-07-22T00:00:00+00:00,0.00009867,3534.26000000
ETHUSDT,2024-07-22T08:00:00+00:00,0.00007749,3477.03909091
ETHUSDT,2024-07-22T16:00:00+00:00,0.00002820,3455.70000000
ETHUSDT,2024-07-23T00:00:00+00:00,0.00007792,3438.32583333
ETHUSDT,2024-07-23T08:00:00+00:00,0.00010000,3453.30000000
ETHUSDT,2024-07-23T16:00:00+00:00,0.00009013,3453.76132576
ETHUSDT,2024-07-24T00:00:00+00:00,0.00007865,3481.01000000
ETHUSDT,2024-07-24T08:00:00+00:00,0.00008396,3445.74000000
ETHUSDT,2024-07-24T16:00:00+00:00,0.00006706,3413.49000000
ETHUSDT,2024-07-25T00:00:00+00:00,0.00009460,3334.25000000
ETHUSDT,2024-07-25T08:00:00+00:00,0.00000204,3170.41348485
ETHUSDT,2024-07-25T16:00:00+00:00,0.00003720,3140.81000000
ETHUSDT,2024-07-26T00:00:00+00:00,0.00003903,3173.67000000
ETHUSDT,2024-07-26T08:00:00+00:00,0.00004196,3249.62000000
ETHUSDT,2024-07-26T16:00:00+00:00,0.00004001,3253.84000000
ETHUSDT,2024-07-27T00:00:00+00:00,0.00003050,3273.01850758
ETHUSDT,2024-07-27T08:00:00+00:00,0.00007422,3270.41000000
ETHUSDT,2024-07-27T16:00:00+00:00,0.00001780,3279.78000000
ETHUSDT,2024-07-28T00:00:00+00:00,0.00010000,3248.17000000
ETHUSDT,2024-07-28T08:00:00+00:00,0.00010000,3226.68000000
ETHUSDT,2024-07-28T16:00:00.001000+00:00,0.00010000,3267.55000000
ETHUSDT,2024-07-29T00:00:00.001000+00:00,0.00008174,3268.27439075
ETHUSDT,2024-07-29T08:00:00+00:00,0.00010000,3366.02474242
ETHUSDT,2024-07-29T16:00:00.001000+00:00,0.00010000,3307.06362879
ETHUSDT,2024-07-30T00:00:00+00:00,0.00010000,3316.62000000
ETHUSDT,2024-07-30T08:00:00.001000+00:00,0.00010000,3339.65157576
ETHUSDT,2024-07-30T16:00:00+00:00,0.00010000,3319.81270455
ETHUSDT,2024-07-31T00:00:00+00:00,0.00010000,3278.18000000
ETHUSDT,2024-07-31T08:00:00+00:00,0.00010000,3316.51846212
ETHUSDT,2024-07-31T16:00:00+00:00,0.00010000,3301.20000000
ETHUSDT,2024-08-01T00:00:00+00:00,0.00010000,3231.48000000
ETHUSDT,2024-08-01T08:00:00+00:00,0.00005973,3165.59420455
ETHUSDT,2024-08-01T16:00:00+00:00,0.00010000,3115.41645455
ETHUSDT,2024-08-02T00:00:00+00:00,0.00007641,3201.93043182
ETHUSDT,2024-08-02T08:00:00.001000+00:00,0.00007771,3146.57568939
ETHUSDT,2024-08-02T16:00:00+00:00,0.00003785,3037.91004545
ETHUSDT,2024-08-03T00:00:00+00:00,0.00008493,2988.52112121
ETHUSDT,2024-08-03T08:00:00+00:00,0.00002920,2983.00000000
ETHUSDT,2024-08-03T16:00:00.001000+00:00,0.00004820,2941.27083333
ETHUSDT,2024-08-04T00:00:00+00:00,0.00004181,2902.08109848
ETHUSDT,2024-08-04T08:00:00+00:00,0.00001635,2892.00000000
ETHUSDT,2024-08-04T16:00:00+00:00,0.00006815,2826.05545455
ETHUSDT,2024-08-05T00:00:00+00:00,-0.00001700,2687.60000000
ETHUSDT,2024-08-05T08:00:00+00:00,-0.00000458,2357.71056061
ETHUSDT,2024-08-05T16:00:00+00:00,-0.00005766,2448.97000000
ETHUSDT,2024-08-06T00:00:00+00:00,-0.00002276,2417.88000000
ETHUSDT,2024-08-06T08:00:00+00:00,-0.00010667,2522.33484091
ETHUSDT,2024-08-06T16:00:00+00:00,-0.00001110,2526.35828030
ETHUSDT,2024-08-07T00:00:00+00:00,-0.00004250,2460.33297727
ETHUSDT,2024-08-07T08:00:00.001000+00:00,-0.00000616,2509.77000000
ETHUSDT,2024-08-07T16:00:00+00:00,-0.00004478,2411.71000000
ETHUSDT,2024-08-08T00:00:00.001000+00:00,-0.00004377,2341.44000000
ETHUSDT,2024-08-08T08:00:00+00:00,-0.00001083,2412.92000000
ETHUSDT,2024-08-08T16:00:00+00:00,-0.00003437,2505.85000000
ETHUSDT,2024-08-09T00:00:00+00:00,0.00001139,2682.32086364
ETHUSDT,2024-08-09T08:00:00+00:00,0.00004212,2668.97000000
ETHUSDT,2024-08-09T16:00:00+00:00,-0.00002753,2557.41975758
ETHUSDT,2024-08-10T00:00:00+00:00,-0.00004249,2597.89000000
ETHUSDT,2024-08-10T08:00:00+00:00,0.00003504,2633.07000000
ETHUSDT,2024-08-10T16:00:00+00:00,0.00001614,2598.24000000
ETHUSDT,2024-08-11T00:00:00+00:00,-0.00000882,2608.77000000
ETHUSDT,2024-08-11T08:00:00+00:00,0.00000973,2676.00000000
ETHUSDT,2024-08-11T16:00:00.001000+00:00,0.00000346,2612.82000000
ETHUSDT,2024-08-12T00:00:00+00:00,0.00001047,2554.65000000
ETHUSDT,2024-08-12T08:00:00+00:00,0.00006766,2566.07606061
ETHUSDT,2024-08-12T16:00:00+00:00,0.00006424,2687.88237879
ETHUSDT,2024-08-13T00:00:00+00:00,0.00007892,2721.15000000
ETHUSDT,2024-08-13T08:00:00+00:00,-0.00006036,2647.14000000
ETHUSDT,2024-08-13T16:00:00+00:00,-0.00004532,2650.88137121
ETHUSDT,2024-08-14T00:00:00+00:00,0.00000555,2701.01000000
ETHUSDT,2024-08-14T08:00:00+00:00,0.00003166,2726.46000000
ETHUSDT,2024-08-14T16:00:00+00:00,-0.00003462,2672.94227273
ETHUSDT,2024-08-15T00:00:00+00:00,0.00005044,2659.95137879
ETHUSDT,2024-08-15T08:00:00+00:00,0.00007775,2613.84000000
ETHUSDT,2024-08-15T16:00:00+00:00,0.00000662,2667.19000000
ETHUSDT,2024-08-16T00:00:00+00:00,-0.00001182,2568.81935606
ETHUSDT,2024-08-16T08:00:00+00:00,0.00002105,2616.02889394
ETHUSDT,2024-08-16T16:00:00+00:00,0.00003363,2568.34188636
ETHUSDT,2024-08-17T00:00:00+00:00,0.00002448,2591.52000000
ETHUSDT,2024-08-17T08:00:00+00:00,-0.00002485,2599.01752273
ETHUSDT,2024-08-17T16:00:00+00:00,-0.00003471,2605.56000000
ETHUSDT,2024-08-18T00:00:00+00:00,0.00000782,2613.18000000
ETHUSDT,2024-08-18T08:00:00+00:00,-0.00004706,2606.84133333
ETHUSDT,2024-08-18T16:00:00+00:00,-0.00000142,2671.00000000
ETHUSDT,2024-08-19T00:00:00+00:00,-0.00003660,2610.67000000
ETHUSDT,2024-08-19T08:00:00+00:00,0.00000859,2612.88430303
ETHUSDT,2024-08-19T16:00:00.002000+00:00,-0.00001530,2583.43204545
ETHUSDT,2024-08-20T00:00:00+00:00,0.00000969,2635.29000000
ETHUSDT,2024-08-20T08:00:00+00:00,0.00001977,2673.63000000
ETHUSDT,2024-08-20T16:00:00.001000+00:00,-0.00002726,2573.65617424
ETHUSDT,2024-08-21T00:00:00.001000+00:00,0.00001330,2571.58093939
ETHUSDT,2024-08-21T08:00:00+00:00,0.00002306,2599.22000000
ETHUSDT,2024-08-21T16:00:00.001000+00:00,0.00004139,2600.81306061
ETHUSDT,2024-08-22T00:00:00+00:00,-0.00000946,2629.38000000
ETHUSDT,2024-08-22T08:00:00+00:00,0.00003544,2635.02609848
ETHUSDT,2024-08-22T16:00:00.008000+00:00,0.00002010,2598.30000000
ETHUSDT,2024-08-23T00:00:00+00:00,0.00006601,2622.00000000
ETHUSDT,2024-08-23T08:00:00+00:00,0.00006071,2668.07000000
ETHUSDT,2024-08-23T16:00:00+00:00,-0.00000172,2669.80000000
ETHUSDT,2024-08-24T00:00:00+00:00,-0.00001504,2761.58000000
ETHUSDT,2024-08-24T08:00:00.005000+00:00,0.00000970,2757.39533333
ETHUSDT,2024-08-24T16:00:00+00:00,0.00000581,2759.62509848
ETHUSDT,2024-08-25T00:00:00+00:00,-0.00003389,2767.26575758
ETHUSDT,2024-08-25T08:00:00+00:00,0.00003311,2742.47151515
ETHUSDT,2024-08-25T16:00:00+00:00,0.00002579,2762.79000000
ETHUSDT,2024-08-26T00:00:00+00:00,0.00002145,2744.90300758
ETHUSDT,2024-08-26T08:00:00.001000+00:00,0.00005677,2732.33410606
ETHUSDT,2024-08-26T16:00:00+00:00,0.00006339,2720.58960031
ETHUSDT,2024-08-27T00:00:00.001000+00:00,0.00009438,2679.59469697
ETHUSDT,2024-08-27T08:00:00+00:00,0.00005093,2686.91000000
ETHUSDT,2024-08-27T16:00:00+00:00,0.00007429,2578.03712121
ETHUSDT,2024-08-28T00:00:00+00:00,-0.00006098,2455.98000000
ETHUSDT,2024-08-28T08:00:00+00:00,-0.00000762,2435.86000000
ETHUSDT,2024-08-28T16:00:00.001000+00:00,0.00001459,2495.44611364
ETHUSDT,2024-08-29T00:00:00+00:00,0.00001160,2527.32000000
ETHUSDT,2024-08-29T08:00:00.001000+00:00,0.00000212,2546.07893939
ETHUSDT,2024-08-29T16:00:00+00:00,-0.00000409,2574.71375000
ETHUSDT,2024-08-30T00:00:00+00:00,0.00005490,2526.63606061
ETHUSDT,2024-08-30T08:00:00+00:00,0.00003483,2516.10566667
ETHUSDT,2024-08-30T16:00:00+00:00,0.00001032,2448.03000000
ETHUSDT,2024-08-31T00:00:00+00:00,0.00007976,2524.99000000
ETHUSDT,2024-08-31T08:00:00+00:00,0.00007237,2519.81428788
ETHUSDT,2024-08-31T16:00:00+00:00,0.00007811,2518.01000000
ETHUSDT,2024-09-01T00:00:00+00:00,0.00004499,2512.10891667
ETHUSDT,2024-09-01T08:00:00.001000+00:00,0.00005272,2485.62000000
ETHUSDT,2024-09-01T16:00:00+00:00,0.00004183,2479.54416667
ETHUSDT,2024-09-02T00:00:00.001000+00:00,-0.00002406,2425.24272727
ETHUSDT,2024-09-02T08:00:00.001000+00:00,0.00003904,2439.94000000
ETHUSDT,2024-09-02T16:00:00+00:00,0.00007064,2512.29000000
ETHUSDT,2024-09-03T00:00:00+00:00,0.00005670,2536.93559848
ETHUSDT,2024-09-03T08:00:00.001000+00:00,0.00004883,2518.89000000
ETHUSDT,2024-09-03T16:00:00+00:00,0.00005216,2443.45323485
ETHUSDT,2024-09-04T00:00:00+00:00,0.00008054,2424.19488636
ETHUSDT,2024-09-04T08:00:00+00:00,-0.00001109,2399.88940909
ETHUSDT,2024-09-04T16:00:00+00:00,0.00005833,2454.17973485
ETHUSDT,2024-09-05T00:00:00+00:00,0.00004539,2449.69385606
ETHUSDT,2024-09-05T08:00:00+00:00,0.00002410,2411.50000000
ETHUSDT,2024-09-05T16:00:00.005000+00:00,0.00003166,2370.53785606
ETHUSDT,2024-09-06T00:00:00+00:00,0.00003662,2367.47462121
ETHUSDT,2024-09-06T08:00:00.001000+00:00,0.00004871,2343.32471787
ETHUSDT,2024-09-06T16:00:00+00:00,0.00004007,2289.45653788
ETHUSDT,2024-09-07T00:00:00+00:00,0.00000241,2223.99711364
ETHUSDT,2024-09-07T08:00:00+00:00,-0.00000537,2287.29786364
ETHUSDT,2024-09-07T16:00:00+00:00,0.00002652,2299.30000000
ETHUSDT,2024-09-08T00:00:00+00:00,0.00005363,2272.63397727
ETHUSDT,2024-09-08T08:00:00+00:00,0.00003089,2293.69532576
ETHUSDT,2024-09-08T16:00:00+00:00,0.00001827,2244.47000000
ETHUSDT,2024-09-09T00:00:00+00:00,0.00000767,2296.27520455
ETHUSDT,2024-09-09T08:00:00+00:00,0.00003085,2313.49376515
ETHUSDT,2024-09-09T16:00:00.001000+00:00,-0.00001156,2291.50000000
ETHUSDT,2024-09-10T00:00:00+00:00,0.00001082,2358.25805303
ETHUSDT,2024-09-10T08:00:00+00:00,-0.00003453,2362.34147727
ETHUSDT,2024-09-10T16:00:00+00:00,0.00000228,2323.63000000
ETHUSDT,2024-09-11T00:00:00+00:00,0.00002484,2387.63000000
ETHUSDT,2024-09-11T08:00:00+00:00,0.00001804,2340.48028997
ETHUSDT,2024-09-11T16:00:00+00:00,-0.00001796,2325.06475000
ETHUSDT,2024-09-12T00:00:00+00:00,0.00002592,2339.50906818
ETHUSDT,2024-09-12T08:00:00+00:00,0.00002496,2358.51614394
ETHUSDT,2024-09-12T16:00:00+00:00,0.00001134,2321.92672727
ETHUSDT,2024-09-13T00:00:00+00:00,0.00004291,2360.79000000
ETHUSDT,2024-09-13T08:00:00.001000+00:00,0.00005003,2347.64000000
ETHUSDT,2024-09-13T16:00:00.001000+00:00,0.00005073,2406.80000000
ETHUSDT,2024-09-14T00:00:00+00:00,0.00000845,2438.15000000
ETHUSDT,2024-09-14T08:00:00+00:00,-0.00000415,2419.30369906
ETHUSDT,2024-09-14T16:00:00.001000+00:00,0.00000135,2417.36000000
ETHUSDT,2024-09-15T00:00:00+00:00,-0.00000267,2416.65000000
ETHUSDT,2024-09-15T08:00:00+00:00,0.00001355,2421.60000000
ETHUSDT,2024-09-15T16:00:00+00:00,0.00002131,2407.59000000
ETHUSDT,2024-09-16T00:00:00+00:00,0.00003228,2314.86000000
ETHUSDT,2024-09-16T08:00:00.001000+00:00,-0.00006942,2309.36154545
ETHUSDT,2024-09-16T16:00:00+00:00,-0.00001149,2286.71000000
ETHUSDT,2024-09-17T00:00:00.001000+00:00,0.00007742,2294.73073485
ETHUSDT,2024-09-17T08:00:00+00:00,0.00002423,2308.10396212
ETHUSDT,2024-09-17T16:00:00+00:00,0.00005730,2382.87000000
ETHUSDT,2024-09-18T00:00:00+00:00,0.00004792,2340.61881061
ETHUSDT,2024-09-18T08:00:00+00:00,0.00003074,2328.79163793
ETHUSDT,2024-09-18T16:00:00.004000+00:00,0.00002329,2295.11064394
ETHUSDT,2024-09-19T00:00:00+00:00,0.00007727,2373.72314394
ETHUSDT,2024-09-19T08:00:00+00:00,0.00008266,2436.37435737
ETHUSDT,2024-09-19T16:00:00.001000+00:00,0.00002391,2439.05709091
ETHUSDT,2024-09-20T00:00:00+00:00,0.00010000,2464.55000000
ETHUSDT,2024-09-20T08:00:00.001000+00:00,0.00009734,2559.65922727
ETHUSDT,2024-09-20T16:00:00+00:00,0.00010000,2559.17000000
ETHUSDT,2024-09-21T00:00:00.001000+00:00,0.00006668,2560.22775000
ETHUSDT,2024-09-21T08:00:00+00:00,0.00006665,2554.64264394
ETHUSDT,2024-09-21T16:00:00+00:00,0.00004536,2558.55585606
ETHUSDT,2024-09-22T00:00:00+00:00,0.00004896,2611.63898119
ETHUSDT,2024-09-22T08:00:00+00:00,0.00005198,2586.73000000
ETHUSDT,2024-09-22T16:00:00+00:00,0.00010000,2569.75564394
ETHUSDT,2024-09-23T00:00:00+00:00,0.00002548,2580.14776515
ETHUSDT,2024-09-23T08:00:00+00:00,0.00006821,2645.28000000
ETHUSDT,2024-09-23T16:00:00+00:00,0.00006476,2674.07000000
ETHUSDT,2024-09-24T00:00:00+00:00,0.00003850,2645.99311364
ETHUSDT,2024-09-24T08:00:00+00:00,0.00004791,2645.98000000
ETHUSDT,2024-09-24T16:00:00.001000+00:00,0.00004739,2611.67000000
ETHUSDT,2024-09-25T00:00:00+00:00,0.00002445,2652.00000000
ETHUSDT,2024-09-25T08:00:00.003000+00:00,0.00005722,2620.58424242
ETHUSDT,2024-09-25T16:00:00+00:00,0.00003538,2599.91000000
ETHUSDT,2024-09-26T00:00:00.005000+00:00,0.00007493,2578.81250758
ETHUSDT,2024-09-26T08:00:00+00:00,0.00008119,2628.89389498
ETHUSDT,2024-09-26T16:00:00+00:00,0.00010000,2651.09612879
ETHUSDT,2024-09-27T00:00:00+00:00,0.00009625,2631.15838636
ETHUSDT,2024-09-27T08:00:00+00:00,0.00007694,2656.06000000
ETHUSDT,2024-09-27T16:00:00+00:00,0.00006276,2682.35957576
ETHUSDT,2024-09-28T00:00:00+00:00,0.00010000,2693.53000000
ETHUSDT,2024-09-28T08:00:00.001000+00:00,0.00006231,2676.99000000
ETHUSDT,2024-09-28T16:00:00+00:00,0.00007162,2668.81135088
ETHUSDT,2024-09-29T00:00:00.001000+00:00,0.00003315,2673.89000000
ETHUSDT,2024-09-29T08:00:00+00:00,0.00006785,2639.59000000
ETHUSDT,2024-09-29T16:00:00+00:00,0.00008854,2664.95000000
ETHUSDT,2024-09-30T00:00:00+00:00,0.00006161,2656.53223485
ETHUSDT,2024-09-30T08:00:00.001000+00:00,0.00008620,2636.70000000
ETHUSDT,2024-09-30T16:00:00+00:00,0.00010000,2595.04000000
ETHUSDT,2024-10-01T00:00:00+00:00,0.00010000,2601.50855303
ETHUSDT,2024-10-01T08:00:00+00:00,0.00010000,2644.79000000
ETHUSDT,2024-10-01T16:00:00.001000+00:00,0.00008397,2524.43405303
ETHUSDT,2024-10-02T00:00:00+00:00,0.00010000,2447.37462121
ETHUSDT,2024-10-02T08:00:00+00:00,0.00006859,2480.93055303
ETHUSDT,2024-10-02T16:00:00+00:00,0.00010000,2459.84993182
ETHUSDT,2024-10-03T00:00:00+00:00,0.00002418,2363.05760606
ETHUSDT,2024-10-03T08:00:00+00:00,0.00004124,2363.74407576
ETHUSDT,2024-10-03T16:00:00+00:00,0.00004621,2339.54000000
ETHUSDT,2024-10-04T00:00:00+00:00,0.00005138,2348.74142424
ETHUSDT,2024-10-04T08:00:00+00:00,0.00003739,2380.55000000
ETHUSDT,2024-10-04T16:00:00.001000+00:00,0.00003900,2415.86506061
ETHUSDT,2024-10-05T00:00:00+00:00,0.00010000,2413.38000000
ETHUSDT,2024-10-05T08:00:00+00:00,0.00007909,2414.26390909
ETHUSDT,2024-10-05T16:00:00+00:00,0.00005458,2414.17883333
ETHUSDT,2024-10-06T00:00:00+00:00,0.00009056,2413.61399687
ETHUSDT,2024-10-06T08:00:00.001000+00:00,0.00005234,2416.25000000
ETHUSDT,2024-10-06T16:00:00+00:00,0.00003309,2445.67000000
ETHUSDT,2024-10-07T00:00:00+00:00,0.00003360,2439.00112121
ETHUSDT,2024-10-07T08:00:00+00:00,0.00009258,2479.56000000
ETHUSDT,2024-10-07T16:00:00.001000+00:00,0.00002612,2473.23508333
ETHUSDT,2024-10-08T00:00:00+00:00,0.00006592,2421.75000000
ETHUSDT,2024-10-08T08:00:00+00:00,0.00010000,2427.54000000
ETHUSDT,2024-10-08T16:00:00+00:00,0.00008377,2418.43456061
ETHUSDT,2024-10-09T00:00:00+00:00,0.00010000,2439.94553030
ETHUSDT,2024-10-09T08:00:00+00:00,0.00003640,2434.91602273
ETHUSDT,2024-10-09T16:00:00+00:00,0.00010000,2460.34000000
ETHUSDT,2024-10-10T00:00:00+00:00,0.00006663,2369.63528997
ETHUSDT,2024-10-10T08:00:00+00:00,0.00010000,2394.70969697
ETHUSDT,2024-10-10T16:00:00+00:00,0.00010000,2403.95000000
ETHUSDT,2024-10-11T00:00:00+00:00,0.00010000,2385.24000000
ETHUSDT,2024-10-11T08:00:00+00:00,0.00009474,2406.74475758
ETHUSDT,2024-10-11T16:00:00.001000+00:00,0.00005977,2443.01857576
ETHUSDT,2024-10-12T00:00:00+00:00,0.00004445,2438.46000000
ETHUSDT,2024-10-12T08:00:00.001000+00:00,0.00010000,2445.52084091
ETHUSDT,2024-10-12T16:00:00+00:00,0.00007350,2471.79351515
ETHUSDT,2024-10-13T00:00:00+00:00,0.00007928,2475.09000000
ETHUSDT,2024-10-13T08:00:00+00:00,0.00003958,2463.98000000
ETHUSDT,2024-10-13T16:00:00+00:00,0.00001763,2439.30859848
ETHUSDT,2024-10-14T00:00:00+00:00,0.00006559,2467.88007576
ETHUSDT,2024-10-14T08:00:00+00:00,0.00010000,2534.75000000
ETHUSDT,2024-10-14T16:00:00+00:00,0.00010000,2634.95000000
ETHUSDT,2024-10-15T00:00:00+00:00,0.00010000,2629.02475000
ETHUSDT,2024-10-15T08:00:00+00:00,0.00010000,2615.20000000
ETHUSDT,2024-10-15T16:00:00+00:00,0.00010000,2572.58000000
ETHUSDT,2024-10-16T00:00:00+00:00,0.00010000,2606.85259091
ETHUSDT,2024-10-16T08:00:00.001000+00:00,0.00010000,2606.13990596
ETHUSDT,2024-10-16T16:00:00+00:00,0.00010000,2606.71000000
ETHUSDT,2024-10-17T00:00:00+00:00,0.00010000,2610.39000000
ETHUSDT,2024-10-17T08:00:00+00:00,0.00010000,2627.87656061
ETHUSDT,2024-10-17T16:00:00.001000+00:00,0.00010000,2630.41000000
ETHUSDT,2024-10-18T00:00:00.010000+00:00,0.00010000,2605.01000000
ETHUSDT,2024-10-18T08:00:00.001000+00:00,0.00010000,2643.73988245
ETHUSDT,2024-10-18T16:00:00+00:00,0.00010000,2652.12000000
ETHUSDT,2024-10-19T00:00:00+00:00,0.00010000,2641.11000000
ETHUSDT,2024-10-19T08:00:00+00:00,0.00010000,2640.05533575
ETHUSDT,2024-10-19T16:00:00+00:00,0.00010000,2644.96379310
ETHUSDT,2024-10-20T00:00:00+00:00,0.00010000,2647.45000000
ETHUSDT,2024-10-20T08:00:00+00:00,0.00010000,2645.39000000
ETHUSDT,2024-10-20T16:00:00+00:00,0.00010000,2705.92874242
ETHUSDT,2024-10-21T00:00:00+00:00,0.00010000,2746.99113636
ETHUSDT,2024-10-21T08:00:00+00:00,0.00010000,2722.69000000
ETHUSDT,2024-10-21T16:00:00+00:00,0.00010000,2680.20000000
ETHUSDT,2024-10-22T00:00:00+00:00,0.00010000,2666.60318182
ETHUSDT,2024-10-22T08:00:00+00:00,0.00010000,2646.60909091
ETHUSDT,2024-10-22T16:00:00+00:00,0.00010000,2624.00577273
ETHUSDT,2024-10-23T00:00:00+00:00,0.00010000,2621.77483333
ETHUSDT,2024-10-23T08:00:00+00:00,0.00010000,2602.15659875
ETHUSDT,2024-10-23T16:00:00+00:00,0.00010000,2539.59437879
ETHUSDT,2024-10-24T00:00:00+00:00,0.00010000,2523.84000000
ETHUSDT,2024-10-24T08:00:00+00:00,0.00010000,2544.08723354
ETHUSDT,2024-10-24T16:00:00+00:00,0.00010000,2525.31296212
ETHUSDT,2024-10-25T00:00:00+00:00,0.00010000,2535.40438636
ETHUSDT,2024-10-25T08:00:00+00:00,0.00010000,2483.30000000
ETHUSDT,2024-10-25T16:00:00+00:00,0.00010000,2524.56563636
ETHUSDT,2024-10-26T00:00:00+00:00,0.00010000,2440.19591693
ETHUSDT,2024-10-26T08:00:00.001000+00:00,0.00010000,2464.72000000
ETHUSDT,2024-10-26T16:00:00+00:00,0.00010000,2456.86000000
ETHUSDT,2024-10-27T00:00:00+00:00,0.00010000,2482.04000000
ETHUSDT,2024-10-27T08:00:00+00:00,0.00010000,2480.12572727
ETHUSDT,2024-10-27T16:00:00+00:00,0.00010000,2501.09000000
ETHUSDT,2024-10-28T00:00:00+00:00,0.00010000,2507.43000000
ETHUSDT,2024-10-28T08:00:00.001000+00:00,0.00010000,2511.06000000
ETHUSDT,2024-10-28T16:00:00+00:00,0.00010000,2500.30000000
ETHUSDT,2024-10-29T00:00:00+00:00,0.00010000,2566.49000000
ETHUSDT,2024-10-29T08:00:00+00:00,0.00010000,2612.70363636
ETHUSDT,2024-10-29T16:00:00.004000+00:00,0.00010000,2648.46282576
ETHUSDT,2024-10-30T00:00:00+00:00,0.00010000,2639.28000000
ETHUSDT,2024-10-30T08:00:00+00:00,0.00010000,2669.43000000
ETHUSDT,2024-10-30T16:00:00.013000+00:00,0.00010000,2683.58000000
ETHUSDT,2024-10-31T00:00:00+00:00,0.00010000,2659.36000000
ETHUSDT,2024-10-31T08:00:00+00:00,0.00010000,2647.04000000
ETHUSDT,2024-10-31T16:00:00+00:00,0.00010000,2562.98285266
ETHUSDT,2024-11-01T00:00:00+00:00,0.00010000,2518.59175758
ETHUSDT,2024-11-01T08:00:00+00:00,0.00010000,2504.22762879
ETHUSDT,2024-11-01T16:00:00+00:00,0.00010000,2500.03000000
ETHUSDT,2024-11-02T00:00:00+00:00,0.00010000,2511.64234330
ETHUSDT,2024-11-02T08:00:00+00:00,0.00010000,2507.47772727
ETHUSDT,2024-11-02T16:00:00+00:00,0.00010000,2488.35234848
ETHUSDT,2024-11-03T00:00:00+00:00,0.00010000,2493.71793182
ETHUSDT,2024-11-03T08:00:00+00:00,0.00010000,2449.71112281
ETHUSDT,2024-11-03T16:00:00+00:00,0.00010000,2442.84556818
ETHUSDT,2024-11-04T00:00:00+00:00,0.00010000,2457.33609848
ETHUSDT,2024-11-04T08:00:00+00:00,0.00010000,2458.97773171
ETHUSDT,2024-11-04T16:00:00+00:00,0.00010000,2442.03068939
ETHUSDT,2024-11-05T00:00:00+00:00,0.00010000,2397.69198485
ETHUSDT,2024-11-05T08:00:00.003000+00:00,0.00010000,2442.41237879
ETHUSDT,2024-11-05T16:00:00.001000+00:00,0.00010000,2439.95318182
ETHUSDT,2024-11-06T00:00:00+00:00,0.00009511,2421.41000000
ETHUSDT,2024-11-06T08:00:00+00:00,0.00010000,2594.62043182
ETHUSDT,2024-11-06T16:00:00+00:00,0.00010000,2634.31947727
ETHUSDT,2024-11-07T00:00:00+00:00,0.00010000,2722.59809848
ETHUSDT,2024-11-07T08:00:00+00:00,0.00014885,2821.55919697
ETHUSDT,2024-11-07T16:00:00+00:00,0.00010000,2848.17000000
ETHUSDT,2024-11-08T00:00:00+00:00,0.00010000,2895.32496212
ETHUSDT,2024-11-08T08:00:00+00:00,0.00010000,2912.93000000
ETHUSDT,2024-11-08T16:00:00+00:00,0.00010000,2937.37760188
ETHUSDT,2024-11-09T00:00:00+00:00,0.00010000,2961.99611364
ETHUSDT,2024-11-09T08:00:00+00:00,0.00010000,3030.61000000
ETHUSDT,2024-11-09T16:00:00+00:00,0.00010000,3041.29000000
ETHUSDT,2024-11-10T00:00:00+00:00,0.00010000,3127.02000000
ETHUSDT,2024-11-10T08:00:00+00:00,0.00010000,3186.94784848
ETHUSDT,2024-11-10T16:00:00+00:00,0.00026708,3212.08415152
ETHUSDT,2024-11-11T00:00:00.001000+00:00,0.00028976,3185.19000000
ETHUSDT,2024-11-11T08:00:00+00:00,0.00018810,3141.41000000
ETHUSDT,2024-11-11T16:00:00+00:00,0.00017298,3239.51057576
ETHUSDT,2024-11-12T00:00:00.002000+00:00,0.00017687,3375.01000000
ETHUSDT,2024-11-12T08:00:00+00:00,0.00057620,3371.20585606
ETHUSDT,2024-11-12T16:00:00+00:00,0.00046001,3263.00402038
ETHUSDT,2024-11-13T00:00:00+00:00,0.00013607,3245.38177273
ETHUSDT,2024-11-13T08:00:00.010000+00:00,0.00033556,3162.23196384
ETHUSDT,2024-11-13T16:00:00+00:00,0.00012894,3312.07000000
ETHUSDT,2024-11-14T00:00:00.001000+00:00,0.00010580,3188.90000000
ETHUSDT,2024-11-14T08:00:00+00:00,0.00010000,3219.52860163
ETHUSDT,2024-11-14T16:00:00+00:00,0.00010000,3079.25000000
ETHUSDT,2024-11-15T00:00:00+00:00,0.00013133,3061.03000000
ETHUSDT,2024-11-15T08:00:00+00:00,0.00013108,3041.09000000
ETHUSDT,2024-11-15T16:00:00+00:00,0.00010000,3025.00000000
ETHUSDT,2024-11-16T00:00:00.001000+00:00,0.00018215,3091.75000000
ETHUSDT,2024-11-16T08:00:00.001000+00:00,0.00010000,3108.59000000
ETHUSDT,2024-11-16T16:00:00+00:00,0.00011351,3143.18000000
ETHUSDT,2024-11-17T00:00:00+00:00,0.00010000,3134.03664634
ETHUSDT,2024-11-17T08:00:00+00:00,0.00010000,3138.71667480
ETHUSDT,2024-11-17T16:00:00.001000+00:00,0.00019685,3088.26000000
ETHUSDT,2024-11-18T00:00:00+00:00,0.00019865,3077.96172358
ETHUSDT,2024-11-18T08:00:00+00:00,0.00031651,3133.17667368
ETHUSDT,2024-11-18T16:00:00+00:00,0.00019762,3146.40000000
ETHUSDT,2024-11-19T00:00:00+00:00,0.00040458,3210.48000000
ETHUSDT,2024-11-19T08:00:00+00:00,0.00021234,3120.42000000
ETHUSDT,2024-11-19T16:00:00+00:00,0.00015353,3106.47000000
ETHUSDT,2024-11-20T00:00:00.003000+00:00,0.00017369,3109.03724390
ETHUSDT,2024-11-20T08:00:00+00:00,0.00019505,3111.12000000
ETHUSDT,2024-11-20T16:00:00+00:00,0.00013619,3131.98000000
ETHUSDT,2024-11-21T00:00:00.001000+00:00,0.00010000,3070.99000000
ETHUSDT,2024-11-21T08:00:00+00:00,0.00010000,3139.03000000
ETHUSDT,2024-11-21T16:00:00.001000+00:00,0.00020146,3278.67979394
ETHUSDT,2024-11-22T00:00:00+00:00,0.00034180,3358.68000000
ETHUSDT,2024-11-22T08:00:00+00:00,0.00029201,3365.52929545
ETHUSDT,2024-11-22T16:00:00.001000+00:00,0.00022123,3316.36000000
ETHUSDT,2024-11-23T00:00:00+00:00,0.00015103,3329.61233333
ETHUSDT,2024-11-23T08:00:00+00:00,0.00032558,3343.76475000
ETHUSDT,2024-11-23T16:00:00+00:00,0.00037006,3463.05068182
ETHUSDT,2024-11-24T00:00:00.001000+00:00,0.00027011,3396.10584091
ETHUSDT,2024-11-24T08:00:00+00:00,0.00023721,3424.98000000
ETHUSDT,2024-11-24T16:00:00+00:00,0.00027264,3296.86402821
ETHUSDT,2024-11-25T00:00:00+00:00,0.00017259,3362.97000000
ETHUSDT,2024-11-25T08:00:00+00:00,0.00023935,3401.66000000
ETHUSDT,2024-11-25T16:00:00+00:00,0.00031797,3521.34000000
ETHUSDT,2024-11-26T00:00:00+00:00,0.00024480,3416.46168939
ETHUSDT,2024-11-26T08:00:00+00:00,0.00012270,3396.99000000
ETHUSDT,2024-11-26T16:00:00+00:00,0.00018190,3298.08000000
ETHUSDT,2024-11-27T00:00:00+00:00,0.00021068,3327.17000000
ETHUSDT,2024-11-27T08:00:00+00:00,0.00020895,3426.06000000
ETHUSDT,2024-11-27T16:00:00.001000+00:00,0.00015706,3554.42000000
ETHUSDT,2024-11-28T00:00:00+00:00,0.00015948,3655.59450758
ETHUSDT,2024-11-28T08:00:00+00:00,0.00016470,3594.47405303
ETHUSDT,2024-11-28T16:00:00+00:00,0.00010000,3542.64016667
ETHUSDT,2024-11-29T00:00:00+00:00,0.00010000,3581.44333072
ETHUSDT,2024-11-29T08:00:00+00:00,0.00015354,3547.16385606
ETHUSDT,2024-11-29T16:00:00+00:00,0.00010000,3615.20000000
ETHUSDT,2024-11-30T00:00:00+00:00,0.00017097,3594.51000000
ETHUSDT,2024-11-30T08:00:00+00:00,0.00024740,3705.28774242
ETHUSDT,2024-11-30T16:00:00+00:00,0.00012425,3676.60000000
ETHUSDT,2024-12-01T00:00:00+00:00,0.00011863,3705.41968182
ETHUSDT,2024-12-01T08:00:00+00:00,0.00013737,3704.67849242
ETHUSDT,2024-12-01T16:00:00+00:00,0.00015064,3730.99000000
ETHUSDT,2024-12-02T00:00:00.001000+00:00,0.00036131,3711.24000000
ETHUSDT,2024-12-02T08:00:00.001000+00:00,0.00029310,3669.22102273
ETHUSDT,2024-12-02T16:00:00+00:00,0.00028383,3674.54000000
ETHUSDT,2024-12-03T00:00:00+00:00,0.00026464,3646.27000000
ETHUSDT,2024-12-03T08:00:00+00:00,0.00034689,3619.60000000
ETHUSDT,2024-12-03T16:00:00+00:00,0.00014297,3573.61879545
ETHUSDT,2024-12-04T00:00:00+00:00,0.00018732,3616.78947727
ETHUSDT,2024-12-04T08:00:00+00:00,0.00015899,3717.78000000
ETHUSDT,2024-12-04T16:00:00+00:00,0.00019842,3824.29992424
ETHUSDT,2024-12-05T00:00:00.001000+00:00,0.00023652,3841.13000000
ETHUSDT,2024-12-05T08:00:00+00:00,0.00049482,3852.64968182
ETHUSDT,2024-12-05T16:00:00+00:00,0.00031177,3890.40000000
ETHUSDT,2024-12-06T00:00:00+00:00,0.00014294,3787.30000000
ETHUSDT,2024-12-06T08:00:00+00:00,0.00025540,3896.68563636
ETHUSDT,2024-12-06T16:00:00+00:00,0.00026350,3996.27962121
ETHUSDT,2024-12-07T00:00:00+00:00,0.00030590,4001.74286364
ETHUSDT,2024-12-07T08:00:00+00:00,0.00024299,3989.09000000
ETHUSDT,2024-12-07T16:00:00+00:00,0.00023099,4007.67000000
ETHUSDT,2024-12-08T00:00:00+00:00,0.00020864,3999.36495455
ETHUSDT,2024-12-08T08:00:00+00:00,0.00023941,3983.18000000
ETHUSDT,2024-12-08T16:00:00+00:00,0.00018574,3993.64846212
ETHUSDT,2024-12-09T00:00:00+00:00,0.00020272,4006.47402273
ETHUSDT,2024-12-09T08:00:00+00:00,0.00010000,3919.89340152
ETHUSDT,2024-12-09T16:00:00.001000+00:00,0.00013421,3826.04000000
ETHUSDT,2024-12-10T00:00:00.007000+00:00,0.00010000,3714.03181818
ETHUSDT,2024-12-10T08:00:00+00:00,0.00010000,3734.51000000
ETHUSDT,2024-12-10T16:00:00+00:00,0.00010000,3566.68454545
ETHUSDT,2024-12-11T00:00:00+00:00,0.00010000,3628.34049242
ETHUSDT,2024-12-11T08:00:00+00:00,0.00010000,3652.17000000
ETHUSDT,2024-12-11T16:00:00.001000+00:00,0.00010000,3786.25952273
ETHUSDT,2024-12-12T00:00:00.001000+00:00,0.00010000,3830.46375000
ETHUSDT,2024-12-12T08:00:00+00:00,0.00010000,3904.09295455
ETHUSDT,2024-12-12T16:00:00.001000+00:00,0.00010000,3956.90000000
ETHUSDT,2024-12-13T00:00:00+00:00,0.00010000,3880.57898485
ETHUSDT,2024-12-13T08:00:00+00:00,0.00010000,3884.14000000
ETHUSDT,2024-12-13T16:00:00.001000+00:00,0.00010000,3885.20000000
ETHUSDT,2024-12-14T00:00:00+00:00,0.00010000,3905.59000000
ETHUSDT,2024-12-14T08:00:00+00:00,0.00010000,3920.31000000
ETHUSDT,2024-12-14T16:00:00+00:00,0.00010000,3887.45480303
ETHUSDT,2024-12-15T00:00:00+00:00,0.00010000,3868.89247687
ETHUSDT,2024-12-15T08:00:00+00:00,0.00010000,3843.45000000
ETHUSDT,2024-12-15T16:00:00+00:00,0.00009404,3893.85392424
ETHUSDT,2024-12-16T00:00:00+00:00,0.00008662,3958.27000000
ETHUSDT,2024-12-16T08:00:00.001000+00:00,0.00010000,3973.40130303
ETHUSDT,2024-12-16T16:00:00+00:00,0.00010000,3940.78566667
ETHUSDT,2024-12-17T00:00:00+00:00,0.00010000,3984.95412879
ETHUSDT,2024-12-17T08:00:00+00:00,0.00010000,3993.12712879
ETHUSDT,2024-12-17T16:00:00+00:00,0.00010000,3937.66000000
ETHUSDT,2024-12-18T00:00:00+00:00,0.00008046,3891.04875000
ETHUSDT,2024-12-18T08:00:00+00:00,0.00010000,3845.84731061
ETHUSDT,2024-12-18T16:00:00+00:00,0.00010000,3867.00562121
ETHUSDT,2024-12-19T00:00:00+00:00,0.00006104,3625.66968939
ETHUSDT,2024-12-19T08:00:00+00:00,0.00007438,3691.68740909
ETHUSDT,2024-12-19T16:00:00+00:00,0.00007373,3614.08556061
ETHUSDT,2024-12-20T00:00:00+00:00,0.00010000,3416.70000000
ETHUSDT,2024-12-20T08:00:00.001000+00:00,0.00010000,3390.32762121
ETHUSDT,2024-12-20T16:00:00.014000+00:00,0.00010000,3373.10965909
ETHUSDT,2024-12-21T00:00:00+00:00,0.00006352,3470.94545455
ETHUSDT,2024-12-21T08:00:00+00:00,0.00010000,3521.66000000
ETHUSDT,2024-12-21T16:00:00.001000+00:00,0.00010000,3389.12000000
ETHUSDT,2024-12-22T00:00:00+00:00,0.00010000,3337.53000000
ETHUSDT,2024-12-22T08:00:00+00:00,0.00010000,3331.32000000
ETHUSDT,2024-12-22T16:00:00+00:00,0.00005370,3300.95000000
ETHUSDT,2024-12-23T00:00:00+00:00,0.00005686,3280.74000000
ETHUSDT,2024-12-23T08:00:00+00:00,0.00005398,3303.43000000
ETHUSDT,2024-12-23T16:00:00.001000+00:00,0.00008674,3276.40000000
ETHUSDT,2024-12-24T00:00:00+00:00,0.00010000,3420.95183333
ETHUSDT,2024-12-24T08:00:00+00:00,0.00008121,3399.92000000
ETHUSDT,2024-12-24T16:00:00.001000+00:00,0.00002757,3491.42672727
ETHUSDT,2024-12-25T00:00:00.001000+00:00,0.00004454,3491.97000000
ETHUSDT,2024-12-25T08:00:00+00:00,0.00006550,3488.08760606
ETHUSDT,2024-12-25T16:00:00+00:00,0.00001254,3471.58000000
ETHUSDT,2024-12-26T00:00:00+00:00,0.00010000,3495.39000000
ETHUSDT,2024-12-26T08:00:00+00:00,0.00010000,3420.83000000
ETHUSDT,2024-12-26T16:00:00+00:00,0.00006305,3342.43617424
ETHUSDT,2024-12-27T00:00:00+00:00,0.00010000,3333.53222727
ETHUSDT,2024-12-27T08:00:00+00:00,0.00008428,3324.55045455
ETHUSDT,2024-12-27T16:00:00+00:00,0.00005349,3325.00000000
ETHUSDT,2024-12-28T00:00:00.001000+00:00,0.00010000,3332.09000000
ETHUSDT,2024-12-28T08:00:00+00:00,0.00010000,3334.44495574
ETHUSDT,2024-12-28T16:00:00+00:00,0.00009336,3366.70000000
ETHUSDT,2024-12-29T00:00:00+00:00,0.00005941,3402.98461364
ETHUSDT,2024-12-29T08:00:00+00:00,0.00005146,3405.79325235
ETHUSDT,2024-12-29T16:00:00+00:00,0.00009485,3372.38333333
ETHUSDT,2024-12-30T00:00:00+00:00,0.00010000,3355.47000000
ETHUSDT,2024-12-30T08:00:00.001000+00:00,0.00010000,3426.63934848
ETHUSDT,2024-12-30T16:00:00+00:00,0.00010000,3323.48000000
ETHUSDT,2024-12-31T00:00:00+00:00,0.00010000,3360.23223485
ETHUSDT,2024-12-31T08:00:00+00:00,0.00008514,3352.60000000
ETHUSDT,2024-12-31T16:00:00+00:00,0.00010000,3412.90488636
ETHUSDT,2025-01-01T00:00:00.015000+00:00,0.00010000,3336.65582576
ETHUSDT,2025-01-01T08:00:00+00:00,0.00010000,3345.84000000
ETHUSDT,2025-01-01T16:00:00.001000+00:00,0.00010000,3352.09496411
ETHUSDT,2025-01-02T00:00:00+00:00,0.00010000,3359.36000000
ETHUSDT,2025-01-02T08:00:00.006000+00:00,0.00010000,3419.70487879
ETHUSDT,2025-01-02T16:00:00+00:00,0.00010000,3462.76000000
ETHUSDT,2025-01-03T00:00:00+00:00,0.00010000,3455.04366746
ETHUSDT,2025-01-03T08:00:00+00:00,0.00010000,3432.56215517
ETHUSDT,2025-01-03T16:00:00+00:00,0.00010000,3564.48346970
ETHUSDT,2025-01-04T00:00:00+00:00,0.00010000,3607.89000000
ETHUSDT,2025-01-04T08:00:00+00:00,0.00010000,3593.04000000
ETHUSDT,2025-01-04T16:00:00+00:00,0.00010000,3606.81199242
ETHUSDT,2025-01-05T00:00:00+00:00,0.00010000,3655.99000000
ETHUSDT,2025-01-05T08:00:00+00:00,0.00010000,3630.37000000
ETHUSDT,2025-01-05T16:00:00+00:00,0.00010000,3628.45000000
ETHUSDT,2025-01-06T00:00:00+00:00,0.00010000,3634.96000000
ETHUSDT,2025-01-06T08:00:00.001000+00:00,0.00010000,3649.43421212
ETHUSDT,2025-01-06T16:00:00+00:00,0.00010000,3712.15000000
ETHUSDT,2025-01-07T00:00:00+00:00,0.00010000,3686.16854545
ETHUSDT,2025-01-07T08:00:00+00:00,0.00010000,3666.62087719
ETHUSDT,2025-01-07T16:00:00.008000+00:00,0.00010000,3462.06815909
ETHUSDT,2025-01-08T00:00:00.001000+00:00,0.00009658,3379.66537121
ETHUSDT,2025-01-08T08:00:00+00:00,0.00010000,3353.51190909
ETHUSDT,2025-01-08T16:00:00+00:00,0.00010000,3345.99000000
ETHUSDT,2025-01-09T00:00:00+00:00,0.00006609,3325.60962121
ETHUSDT,2025-01-09T08:00:00+00:00,0.00010000,3288.17000000
ETHUSDT,2025-01-09T16:00:00+00:00,0.00010000,3318.79000000
ETHUSDT,2025-01-10T00:00:00+00:00,0.00007573,3218.24000000
ETHUSDT,2025-01-10T08:00:00+00:00,0.00006162,3294.73666928
ETHUSDT,2025-01-10T16:00:00+00:00,0.00010000,3243.70000000
ETHUSDT,2025-01-11T00:00:00+00:00,0.00006574,3265.64516667
ETHUSDT,2025-01-11T08:00:00+00:00,0.00005650,3234.79000000
ETHUSDT,2025-01-11T16:00:00+00:00,0.00010000,3270.07000000
ETHUSDT,2025-01-12T00:00:00+00:00,0.00010000,3281.85000000
ETHUSDT,2025-01-12T08:00:00+00:00,0.00010000,3265.74000000
ETHUSDT,2025-01-12T16:00:00+00:00,0.00008134,3284.40000000
ETHUSDT,2025-01-13T00:00:00+00:00,0.00010000,3265.70000000
ETHUSDT,2025-01-13T08:00:00+00:00,0.00009353,3200.54000000
ETHUSDT,2025-01-13T16:00:00+00:00,0.00003392,3048.06267480
ETHUSDT,2025-01-14T00:00:00+00:00,0.00005423,3136.13000000
ETHUSDT,2025-01-14T08:00:00+00:00,0.00007452,3170.39000000
ETHUSDT,2025-01-14T16:00:00+00:00,0.00007652,3197.87000000
ETHUSDT,2025-01-15T00:00:00+00:00,0.00004503,3223.99000000
ETHUSDT,2025-01-15T08:00:00+00:00,0.00005924,3231.31000000
ETHUSDT,2025-01-15T16:00:00+00:00,0.00005443,3333.19000000
ETHUSDT,2025-01-16T00:00:00+00:00,0.00010000,3449.80000000
ETHUSDT,2025-01-16T08:00:00+00:00,0.00008311,3382.61535772
ETHUSDT,2025-01-16T16:00:00+00:00,0.00005275,3332.05626423
ETHUSDT,2025-01-17T00:00:00.004000+00:00,0.00010000,3306.94000000
ETHUSDT,2025-01-17T08:00:00+00:00,0.00010000,3371.64284693
ETHUSDT,2025-01-17T16:00:00.008000+00:00,0.00010000,3420.44000000
ETHUSDT,2025-01-18T00:00:00+00:00,0.00010000,3472.37000000
ETHUSDT,2025-01-18T08:00:00.007000+00:00,0.00010000,3286.58371545
ETHUSDT,2025-01-18T16:00:00+00:00,0.00010000,3305.47000000
ETHUSDT,2025-01-19T00:00:00+00:00,0.00010000,3306.79597561
ETHUSDT,2025-01-19T08:00:00+00:00,0.00010000,3275.02000000
ETHUSDT,2025-01-19T16:00:00+00:00,0.00010000,3383.98005046
ETHUSDT,2025-01-20T00:00:00+00:00,0.00010000,3213.98000000
ETHUSDT,2025-01-20T08:00:00.009000+00:00,0.00010000,3381.85902439
ETHUSDT,2025-01-20T16:00:00+00:00,0.00010000,3335.67609756
ETHUSDT,2025-01-21T00:00:00+00:00,0.00010000,3283.20000000
ETHUSDT,2025-01-21T08:00:00+00:00,0.00010000,3254.31536179
ETHUSDT,2025-01-21T16:00:00+00:00,0.00010000,3294.29530894
ETHUSDT,2025-01-22T00:00:00+00:00,0.00010000,3326.91778385
ETHUSDT,2025-01-22T08:00:00+00:00,0.00010000,3286.92000000
ETHUSDT,2025-01-22T16:00:00+00:00,0.00010000,3277.47000000
ETHUSDT,2025-01-23T00:00:00.001000+00:00,0.00010000,3241.99000000
ETHUSDT,2025-01-23T08:00:00+00:00,0.00010000,3232.07000000
ETHUSDT,2025-01-23T16:00:00+00:00,0.00010000,3258.51000000
ETHUSDT,2025-01-24T00:00:00+00:00,0.00010000,3337.88000000
ETHUSDT,2025-01-24T08:00:00+00:00,0.00010000,3380.59000000
ETHUSDT,2025-01-24T16:00:00+00:00,0.00010000,3382.95525397
ETHUSDT,2025-01-25T00:00:00+00:00,0.00006904,3308.62136508
ETHUSDT,2025-01-25T08:00:00+00:00,0.00007065,3289.99000000
ETHUSDT,2025-01-25T16:00:00.001000+00:00,0.00008410,3333.22352381
ETHUSDT,2025-01-26T00:00:00+00:00,0.00009663,3317.90000000
ETHUSDT,2025-01-26T08:00:00+00:00,0.00009725,3337.74384127
ETHUSDT,2025-01-26T16:00:00+00:00,0.00003849,3313.92919841
ETHUSDT,2025-01-27T00:00:00+00:00,-0.00000276,3231.86504762
ETHUSDT,2025-01-27T08:00:00+00:00,0.00003922,3069.22191270
ETHUSDT,2025-01-27T16:00:00+00:00,0.00003069,3131.06000000
ETHUSDT,2025-01-28T00:00:00+00:00,0.00010000,3180.78452381
ETHUSDT,2025-01-28T08:00:00+00:00,0.00004046,3194.66126190
ETHUSDT,2025-01-28T16:00:00+00:00,0.00005904,3180.16000000
ETHUSDT,2025-01-29T00:00:00+00:00,0.00010000,3075.95000000
ETHUSDT,2025-01-29T08:00:00+00:00,0.00006567,3155.64000000
ETHUSDT,2025-01-29T16:00:00+00:00,0.00008686,3099.82631746
ETHUSDT,2025-01-30T00:00:00+00:00,0.00002287,3112.54000000
ETHUSDT,2025-01-30T08:00:00+00:00,0.00010000,3189.70955556
ETHUSDT,2025-01-30T16:00:00+00:00,0.00007055,3254.00000000
ETHUSDT,2025-01-31T00:00:00+00:00,0.00009386,3245.86000000
ETHUSDT,2025-01-31T08:00:00+00:00,0.00007998,3240.66432540
ETHUSDT,2025-01-31T16:00:00+00:00,0.00010000,3427.00000000
ETHUSDT,2025-02-01T00:00:00+00:00,0.00008432,3299.50000000
ETHUSDT,2025-02-01T08:00:00+00:00,0.00009742,3279.00000000
ETHUSDT,2025-02-01T16:00:00+00:00,0.00003573,3249.40000000
ETHUSDT,2025-02-02T00:00:00.001000+00:00,0.00007609,3116.38138889
ETHUSDT,2025-02-02T08:00:00+00:00,0.00010000,3100.08000000
ETHUSDT,2025-02-02T16:00:00+00:00,0.00002600,3079.51029365
ETHUSDT,2025-02-03T00:00:00+00:00,0.00003237,2868.28196032
ETHUSDT,2025-02-03T08:00:00+00:00,-0.00016657,2619.54513492
ETHUSDT,2025-02-03T16:00:00+00:00,-0.00025121,2699.12000000
ETHUSDT,2025-02-04T00:00:00+00:00,-0.00010653,2878.85095238
ETHUSDT,2025-02-04T08:00:00.001000+00:00,0.00001070,2701.90771429
ETHUSDT,2025-02-04T16:00:00+00:00,-0.00008177,2775.60000000
ETHUSDT,2025-02-05T00:00:00.001000+00:00,-0.00008329,2729.84000000
ETHUSDT,2025-02-05T08:00:00.001000+00:00,0.00005754,2758.18000000
ETHUSDT,2025-02-05T16:00:00+00:00,-0.00002404,2772.15000000
ETHUSDT,2025-02-06T00:00:00.001000+00:00,0.00004939,2787.00000000
ETHUSDT,2025-02-06T08:00:00.001000+00:00,-0.00000535,2830.40000000
ETHUSDT,2025-02-06T16:00:00+00:00,-0.00007747,2704.38000000
ETHUSDT,2025-02-07T00:00:00+00:00,0.00002439,2685.49575397
ETHUSDT,2025-02-07T08:00:00+00:00,0.00002905,2711.75472085
ETHUSDT,2025-02-07T16:00:00+00:00,-0.00001197,2720.66266667
ETHUSDT,2025-02-08T00:00:00+00:00,-0.00001894,2620.66288095
ETHUSDT,2025-02-08T08:00:00+00:00,0.00009532,2628.33000000
ETHUSDT,2025-02-08T16:00:00+00:00,0.00006930,2604.17014286
ETHUSDT,2025-02-09T00:00:00+00:00,-0.00000364,2631.00000000
ETHUSDT,2025-02-09T08:00:00+00:00,0.00005479,2661.30000000
ETHUSDT,2025-02-09T16:00:00+00:00,0.00005020,2651.97135714
ETHUSDT,2025-02-10T00:00:00+00:00,0.00000911,2626.00000000
ETHUSDT,2025-02-10T08:00:00+00:00,0.00007074,2636.11000000
ETHUSDT,2025-02-10T16:00:00+00:00,0.00005396,2657.38649206
ETHUSDT,2025-02-11T00:00:00+00:00,-0.00000572,2660.07700000
ETHUSDT,2025-02-11T08:00:00+00:00,0.00004260,2711.35780159
ETHUSDT,2025-02-11T16:00:00+00:00,-0.00001236,2661.42000000
ETHUSDT,2025-02-12T00:00:00+00:00,0.00006151,2601.52231746
ETHUSDT,2025-02-12T08:00:00+00:00,0.00003350,2617.51000000
ETHUSDT,2025-02-12T16:00:00.001000+00:00,0.00008407,2605.99000000
ETHUSDT,2025-02-13T00:00:00.001000+00:00,0.00009540,2737.14000000
ETHUSDT,2025-02-13T08:00:00+00:00,0.00010000,2680.13588889
ETHUSDT,2025-02-13T16:00:00.001000+00:00,0.00001027,2646.97477833
ETHUSDT,2025-02-14T00:00:00+00:00,0.00000239,2674.52000000
ETHUSDT,2025-02-14T08:00:00.001000+00:00,0.00008242,2698.21374603
ETHUSDT,2025-02-14T16:00:00+00:00,0.00007834,2733.36000000
ETHUSDT,2025-02-15T00:00:00+00:00,0.00004385,2724.41000000
ETHUSDT,2025-02-15T08:00:00+00:00,0.00003822,2696.89234921
ETHUSDT,2025-02-15T16:00:00+00:00,0.00000844,2689.85000000
ETHUSDT,2025-02-16T00:00:00+00:00,0.00003859,2691.90181746
ETHUSDT,2025-02-16T08:00:00+00:00,0.00005945,2694.55437302
ETHUSDT,2025-02-16T16:00:00+00:00,0.00003775,2693.10178571
ETHUSDT,2025-02-17T00:00:00+00:00,0.00003649,2660.36088095
ETHUSDT,2025-02-17T08:00:00+00:00,0.00005610,2680.76096032
ETHUSDT,2025-02-17T16:00:00+00:00,0.00010000,2755.01133333
ETHUSDT,2025-02-18T00:00:00+00:00,0.00004742,2742.99604762
ETHUSDT,2025-02-18T08:00:00+00:00,-0.00001595,2671.01000000
ETHUSDT,2025-02-18T16:00:00+00:00,0.00005441,2672.38000000
ETHUSDT,2025-02-19T00:00:00+00:00,0.00004964,2670.57000000
ETHUSDT,2025-02-19T08:00:00+00:00,0.00007273,2707.09558292
ETHUSDT,2025-02-19T16:00:00+00:00,0.00003185,2695.61807143
ETHUSDT,2025-02-20T00:00:00+00:00,-0.00000207,2714.23273016
ETHUSDT,2025-02-20T08:00:00+00:00,0.00005629,2729.18799206
ETHUSDT,2025-02-20T16:00:00+00:00,0.00006405,2710.93000000
ETHUSDT,2025-02-21T00:00:00.001000+00:00,0.00003574,2736.87000000
ETHUSDT,2025-02-21T08:00:00+00:00,0.00006624,2754.90000000
ETHUSDT,2025-02-21T16:00:00+00:00,0.00004228,2722.25000000
ETHUSDT,2025-02-22T00:00:00+00:00,0.00003254,2661.00246032
ETHUSDT,2025-02-22T08:00:00+00:00,-0.00001427,2682.81000000
ETHUSDT,2025-02-22T16:00:00+00:00,0.00003410,2774.99000000
ETHUSDT,2025-02-23T00:00:00+00:00,0.00009726,2762.16142063
ETHUSDT,2025-02-23T08:00:00+00:00,0.00003796,2823.78114286
ETHUSDT,2025-02-23T16:00:00+00:00,0.00000213,2781.67002381
ETHUSDT,2025-02-24T00:00:00+00:00,0.00007127,2818.55000000
ETHUSDT,2025-02-24T08:00:00+00:00,0.00000924,2720.74977778
ETHUSDT,2025-02-24T16:00:00+00:00,0.00003082,2657.59000000
ETHUSDT,2025-02-25T00:00:00+00:00,-0.00003589,2513.08800000
ETHUSDT,2025-02-25T08:00:00+00:00,0.00000471,2368.46179803
ETHUSDT,2025-02-25T16:00:00+00:00,0.00002913,2408.56378489
ETHUSDT,2025-02-26T00:00:00+00:00,0.00001860,2494.21000000
ETHUSDT,2025-02-26T08:00:00+00:00,0.00006103,2482.67000000
ETHUSDT,2025-02-26T16:00:00+00:00,0.00003433,2427.58000000
ETHUSDT,2025-02-27T00:00:00.001000+00:00,0.00008515,2335.43765079
ETHUSDT,2025-02-27T08:00:00+00:00,0.00010000,2355.38000000
ETHUSDT,2025-02-27T16:00:00+00:00,0.00005027,2322.58465079
ETHUSDT,2025-02-28T00:00:00.001000+00:00,0.00004097,2306.65000000
ETHUSDT,2025-02-28T08:00:00+00:00,0.00001219,2105.62862698
ETHUSDT,2025-02-28T16:00:00+00:00,0.00001248,2221.68000000
ETHUSDT,2025-03-01T00:00:00+00:00,0.00004855,2236.07630952
ETHUSDT,2025-03-01T08:00:00+00:00,-0.00001061,2228.15000000
ETHUSDT,2025-03-01T16:00:00.001000+00:00,-0.00000931,2172.35000000
ETHUSDT,2025-03-02T00:00:00+00:00,0.00003173,2216.50000000
ETHUSDT,2025-03-02T08:00:00+00:00,0.00006221,2220.24000000
ETHUSDT,2025-03-02T16:00:00+00:00,0.00006102,2228.34704762
ETHUSDT,2025-03-03T00:00:00.001000+00:00,-0.00000788,2517.34928571
ETHUSDT,2025-03-03T08:00:00+00:00,0.00003061,2386.80000000
ETHUSDT,2025-03-03T16:00:00+00:00,0.00000625,2286.32000000
ETHUSDT,2025-03-04T00:00:00.001000+00:00,-0.00004308,2148.22000000
ETHUSDT,2025-03-04T08:00:00.005000+00:00,-0.00003762,2079.65000000
ETHUSDT,2025-03-04T16:00:00+00:00,0.00000204,2073.64000000
ETHUSDT,2025-03-05T00:00:00+00:00,0.00006417,2170.51000000
ETHUSDT,2025-03-05T08:00:00+00:00,0.00007146,2206.99475397
ETHUSDT,2025-03-05T16:00:00+00:00,0.00002539,2185.78508730
ETHUSDT,2025-03-06T00:00:00+00:00,-0.00001037,2240.45000000
ETHUSDT,2025-03-06T08:00:00.001000+00:00,0.00001125,2285.20772222
ETHUSDT,2025-03-06T16:00:00+00:00,0.00002685,2256.60609524
ETHUSDT,2025-03-07T00:00:00+00:00,-0.00002474,2201.34000000
ETHUSDT,2025-03-07T08:00:00.001000+00:00,0.00002874,2191.78992857
ETHUSDT,2025-03-07T16:00:00+00:00,0.00005628,2208.49550794
ETHUSDT,2025-03-08T00:00:00+00:00,0.00003124,2140.72000000
ETHUSDT,2025-03-08T08:00:00.001000+00:00,0.00003760,2136.91946032
ETHUSDT,2025-03-08T16:00:00.001000+00:00,0.00006837,2180.40000000
ETHUSDT,2025-03-09T00:00:00.001000+00:00,0.00006871,2202.84000000
ETHUSDT,2025-03-09T08:00:00+00:00,0.00003637,2184.17950000
ETHUSDT,2025-03-09T16:00:00+00:00,-1.3E-7,2096.15786508
ETHUSDT,2025-03-10T00:00:00+00:00,-0.00004249,2019.25000000
ETHUSDT,2025-03-10T08:00:00+00:00,0.00002575,2074.40057937
ETHUSDT,2025-03-10T16:00:00+00:00,0.00003433,2016.94127778
ETHUSDT,2025-03-11T00:00:00+00:00,-0.00004045,1864.36000000
ETHUSDT,2025-03-11T08:00:00+00:00,0.00002173,1903.50981938
ETHUSDT,2025-03-11T16:00:00.001000+00:00,0.00007553,1913.58000000
ETHUSDT,2025-03-12T00:00:00+00:00,0.00001672,1922.60000000
ETHUSDT,2025-03-12T08:00:00+00:00,0.00001107,1910.49414286
ETHUSDT,2025-03-12T16:00:00.001000+00:00,-0.00003413,1868.99963492
ETHUSDT,2025-03-13T00:00:00+00:00,0.00002931,1907.37000000
ETHUSDT,2025-03-13T08:00:00+00:00,-5E-8,1871.20000000
ETHUSDT,2025-03-13T16:00:00+00:00,0.00004218,1874.72000000
ETHUSDT,2025-03-14T00:00:00+00:00,0.00002744,1863.98951560
ETHUSDT,2025-03-14T08:00:00+00:00,0.00007681,1892.13000000
ETHUSDT,2025-03-14T16:00:00+00:00,0.00005537,1921.17000000
ETHUSDT,2025-03-15T00:00:00+00:00,0.00002924,1910.98000000
ETHUSDT,2025-03-15T08:00:00+00:00,0.00005445,1916.86000000
ETHUSDT,2025-03-15T16:00:00+00:00,0.00001250,1936.80000000
ETHUSDT,2025-03-16T00:00:00+00:00,-0.00003041,1936.27000000
ETHUSDT,2025-03-16T08:00:00+00:00,-0.00002357,1925.21000000
ETHUSDT,2025-03-16T16:00:00+00:00,-0.00002967,1894.21000000
ETHUSDT,2025-03-17T00:00:00+00:00,0.00002057,1886.20129060
ETHUSDT,2025-03-17T08:00:00+00:00,0.00005669,1900.13000000
ETHUSDT,2025-03-17T16:00:00+00:00,0.00003697,1918.50000000
ETHUSDT,2025-03-18T00:00:00+00:00,0.00005319,1925.37789819
ETHUSDT,2025-03-18T08:00:00+00:00,0.00004099,1904.15778571
ETHUSDT,2025-03-18T16:00:00+00:00,0.00001465,1879.97000000
ETHUSDT,2025-03-19T00:00:00+00:00,0.00005983,1930.68823016
ETHUSDT,2025-03-19T08:00:00+00:00,0.00008986,1930.98000000
ETHUSDT,2025-03-19T16:00:00+00:00,0.00006676,2047.87000000
ETHUSDT,2025-03-20T00:00:00+00:00,-0.00001704,2055.29887302
ETHUSDT,2025-03-20T08:00:00+00:00,0.00001553,2006.47000000
ETHUSDT,2025-03-20T16:00:00+00:00,-0.00000857,1971.36017460
ETHUSDT,2025-03-21T00:00:00+00:00,0.00005235,1982.98311111
ETHUSDT,2025-03-21T08:00:00+00:00,0.00006749,1976.00000000
ETHUSDT,2025-03-21T16:00:00+00:00,0.00002613,1949.78000000
ETHUSDT,2025-03-22T00:00:00+00:00,-0.00001402,1964.88967460
ETHUSDT,2025-03-22T08:00:00.004000+00:00,-0.00002617,1983.15000000
ETHUSDT,2025-03-22T16:00:00+00:00,0.00002587,1985.42480159
ETHUSDT,2025-03-23T00:00:00+00:00,0.00001553,1979.84956349
ETHUSDT,2025-03-23T08:00:00+00:00,0.00006053,2007.20000000
ETHUSDT,2025-03-23T16:00:00+00:00,-0.00000336,2006.25524603
ETHUSDT,2025-03-24T00:00:00+00:00,-0.00001290,2005.00000000
ETHUSDT,2025-03-24T08:00:00+00:00,0.00009456,2068.40000000
ETHUSDT,2025-03-24T16:00:00+00:00,0.00003069,2088.80000000
ETHUSDT,2025-03-25T00:00:00.001000+00:00,0.00006736,2080.41000000
ETHUSDT,2025-03-25T08:00:00+00:00,0.00001456,2054.80000000
ETHUSDT,2025-03-25T16:00:00+00:00,-0.00000475,2066.59089683
ETHUSDT,2025-03-26T00:00:00+00:00,0.00002976,2065.24099343
ETHUSDT,2025-03-26T08:00:00+00:00,0.00001074,2068.54289683
ETHUSDT,2025-03-26T16:00:00.001000+00:00,-0.00002235,2011.88234921
ETHUSDT,2025-03-27T00:00:00.001000+00:00,0.00004542,2008.69000000
ETHUSDT,2025-03-27T08:00:00.001000+00:00,0.00007427,2025.49000794
ETHUSDT,2025-03-27T16:00:00.002000+00:00,0.00003127,2004.54466667
ETHUSDT,2025-03-28T00:00:00.001000+00:00,0.00006551,2002.80000000
ETHUSDT,2025-03-28T08:00:00.001000+00:00,-0.00002896,1909.08424603
ETHUSDT,2025-03-28T16:00:00+00:00,-0.00001109,1871.49325397
ETHUSDT,2025-03-29T00:00:00+00:00,0.00000356,1896.03000000
ETHUSDT,2025-03-29T08:00:00+00:00,0.00004498,1879.55482540
ETHUSDT,2025-03-29T16:00:00+00:00,0.00003469,1838.40000000
ETHUSDT,2025-03-30T00:00:00+00:00,-0.00001072,1827.32000000
ETHUSDT,2025-03-30T08:00:00+00:00,-0.00001999,1836.69000000
ETHUSDT,2025-03-30T16:00:00+00:00,0.00001191,1812.82000000
ETHUSDT,2025-03-31T00:00:00+00:00,-0.00000326,1807.00000000
ETHUSDT,2025-03-31T08:00:00+00:00,0.00002663,1798.05000000
ETHUSDT,2025-03-31T16:00:00+00:00,0.00002009,1841.39123016
ETHUSDT,2025-04-01T00:00:00+00:00,-0.00000652,1821.59000000
ETHUSDT,2025-04-01T08:00:00.001000+00:00,0.00002877,1853.39356349
ETHUSDT,2025-04-01T16:00:00+00:00,0.00003314,1917.90000000
ETHUSDT,2025-04-02T00:00:00.001000+00:00,0.00003676,1904.20000000
ETHUSDT,2025-04-02T08:00:00+00:00,-4.5E-7,1864.30988889
ETHUSDT,2025-04-02T16:00:00+00:00,0.00004262,1900.10000000
ETHUSDT,2025-04-03T00:00:00+00:00,-0.00000639,1794.26434127
ETHUSDT,2025-04-03T08:00:00+00:00,0.00006390,1814.69311987
ETHUSDT,2025-04-03T16:00:00+00:00,-0.00000615,1781.23825944
ETHUSDT,2025-04-04T00:00:00+00:00,0.00006701,1816.30000000
ETHUSDT,2025-04-04T08:00:00+00:00,-0.00002093,1816.87000000
ETHUSDT,2025-04-04T16:00:00+00:00,0.00003780,1794.47000000
ETHUSDT,2025-04-05T00:00:00+00:00,0.00002181,1816.18508730
ETHUSDT,2025-04-05T08:00:00+00:00,0.00005939,1812.40000000
ETHUSDT,2025-04-05T16:00:00+00:00,-0.00000782,1781.10160317
ETHUSDT,2025-04-06T00:00:00+00:00,0.00002389,1805.04000000
ETHUSDT,2025-04-06T08:00:00+00:00,0.00005410,1796.86100794
ETHUSDT,2025-04-06T16:00:00.002000+00:00,-0.00002372,1759.59000000
ETHUSDT,2025-04-07T00:00:00+00:00,-0.00003784,1579.98000000
ETHUSDT,2025-04-07T08:00:00+00:00,-0.00000965,1459.71000000
ETHUSDT,2025-04-07T16:00:00+00:00,-0.00003451,1556.02875397
ETHUSDT,2025-04-08T00:00:00+00:00,-0.00000438,1552.44000000
ETHUSDT,2025-04-08T08:00:00+00:00,0.00001155,1569.98000000
ETHUSDT,2025-04-08T16:00:00+00:00,-0.00001429,1530.89000000
ETHUSDT,2025-04-09T00:00:00+00:00,-0.00004820,1472.68000000
ETHUSDT,2025-04-09T08:00:00.001000+00:00,-0.00006596,1482.90000000
ETHUSDT,2025-04-09T16:00:00+00:00,0.00001591,1484.58000000
ETHUSDT,2025-04-10T00:00:00+00:00,0.00010000,1668.69000000
ETHUSDT,2025-04-10T08:00:00+00:00,0.00003042,1595.02000000
ETHUSDT,2025-04-10T16:00:00+00:00,-7.8E-7,1494.94000000
ETHUSDT,2025-04-11T00:00:00.001000+00:00,-0.00000918,1521.79074603
ETHUSDT,2025-04-11T08:00:00+00:00,-0.00005857,1551.99000000
ETHUSDT,2025-04-11T16:00:00+00:00,-0.00000461,1564.80000000
ETHUSDT,2025-04-12T00:00:00+00:00,0.00002511,1565.96000000
ETHUSDT,2025-04-12T08:00:00.001000+00:00,-0.00000600,1581.23000000
ETHUSDT,2025-04-12T16:00:00+00:00,0.00002416,1655.20279146
ETHUSDT,2025-04-13T00:00:00+00:00,0.00007676,1643.60000000
ETHUSDT,2025-04-13T08:00:00+00:00,0.00005203,1612.94861640
ETHUSDT,2025-04-13T16:00:00+00:00,0.00005299,1586.15506349
ETHUSDT,2025-04-14T00:00:00+00:00,0.00007387,1596.93000000
ETHUSDT,2025-04-14T08:00:00+00:00,0.00005913,1634.92172222
ETHUSDT,2025-04-14T16:00:00+00:00,0.00005384,1627.19251232
ETHUSDT,2025-04-15T00:00:00+00:00,0.00002560,1623.03000000
ETHUSDT,2025-04-15T08:00:00+00:00,0.00001812,1644.24902778
ETHUSDT,2025-04-15T16:00:00.001000+00:00,0.00000335,1620.11000000
ETHUSDT,2025-04-16T00:00:00+00:00,0.00004294,1588.05889163
ETHUSDT,2025-04-16T08:00:00+00:00,-0.00002960,1563.51188013
ETHUSDT,2025-04-16T16:00:00+00:00,-0.00002514,1589.76000000
ETHUSDT,2025-04-17T00:00:00.001000+00:00,0.00004479,1576.74085714
ETHUSDT,2025-04-17T08:00:00+00:00,0.00005184,1600.99000000
ETHUSDT,2025-04-17T16:00:00.001000+00:00,-0.00001791,1582.34000000
ETHUSDT,2025-04-18T00:00:00+00:00,-0.00003125,1582.88586243
ETHUSDT,2025-04-18T08:00:00+00:00,0.00002747,1583.45000000
ETHUSDT,2025-04-18T16:00:00+00:00,-0.00001492,1582.35157143
ETHUSDT,2025-04-19T00:00:00+00:00,-0.00002388,1587.92270252
ETHUSDT,2025-04-19T08:00:00+00:00,0.00008846,1600.28000000
ETHUSDT,2025-04-19T16:00:00+00:00,0.00007189,1606.66150583
ETHUSDT,2025-04-20T00:00:00+00:00,0.00005765,1612.66000000
ETHUSDT,2025-04-20T08:00:00+00:00,0.00007724,1596.67526984
ETHUSDT,2025-04-20T16:00:00+00:00,-0.00005358,1572.81000000
ETHUSDT,2025-04-21T00:00:00+00:00,-0.00000124,1586.62694048
ETHUSDT,2025-04-21T08:00:00.005000+00:00,0.00010000,1645.12210317
ETHUSDT,2025-04-21T16:00:00.003000+00:00,0.00008017,1622.50000000
ETHUSDT,2025-04-22T00:00:00.008000+00:00,-0.00003600,1578.67764286
ETHUSDT,2025-04-22T08:00:00+00:00,2.2E-7,1618.74385714
ETHUSDT,2025-04-22T16:00:00+00:00,0.00008105,1702.06476190
ETHUSDT,2025-04-23T00:00:00+00:00,0.00006679,1755.58000000
ETHUSDT,2025-04-23T08:00:00.002000+00:00,0.00009616,1791.51582102
ETHUSDT,2025-04-23T16:00:00+00:00,0.00010000,1794.38221127
ETHUSDT,2025-04-24T00:00:00+00:00,0.00010000,1794.46000000
ETHUSDT,2025-04-24T08:00:00.001000+00:00,0.00007229,1755.61000000
ETHUSDT,2025-04-24T16:00:00.001000+00:00,0.00000620,1763.83000000
ETHUSDT,2025-04-25T00:00:00.007000+00:00,0.00005922,1768.80000000
ETHUSDT,2025-04-25T08:00:00.002000+00:00,0.00007829,1776.59313615
ETHUSDT,2025-04-25T16:00:00.003000+00:00,-0.00000965,1805.70000000
ETHUSDT,2025-04-26T00:00:00.002000+00:00,0.00000830,1783.77000000
ETHUSDT,2025-04-26T08:00:00+00:00,-0.00002999,1799.44000000
ETHUSDT,2025-04-26T16:00:00.002000+00:00,0.00000728,1799.38000000
ETHUSDT,2025-04-27T00:00:00.001000+00:00,0.00005635,1819.99000000
ETHUSDT,2025-04-27T08:00:00+00:00,-0.00006737,1802.97000000
ETHUSDT,2025-04-27T16:00:00+00:00,-0.00003852,1792.89000000
ETHUSDT,2025-04-28T00:00:00.001000+00:00,0.00000132,1790.27458993
ETHUSDT,2025-04-28T08:00:00.003000+00:00,-0.00004703,1803.96000000
ETHUSDT,2025-04-28T16:00:00.005000+00:00,-0.00008681,1762.19000000
ETHUSDT,2025-04-29T00:00:00+00:00,0.00008281,1799.17000000
ETHUSDT,2025-04-29T08:00:00+00:00,0.00005790,1820.79297674
ETHUSDT,2025-04-29T16:00:00.010000+00:00,-0.00001396,1814.21000000
ETHUSDT,2025-04-30T00:00:00.001000+00:00,-0.00007371,1797.10017054
ETHUSDT,2025-04-30T08:00:00+00:00,0.00000904,1795.55000000
ETHUSDT,2025-04-30T16:00:00.003000+00:00,-0.00006069,1764.03953101
ETHUSDT,2025-05-01T00:00:00+00:00,0.00005430,1792.81359690
ETHUSDT,2025-05-01T08:00:00+00:00,0.00004500,1809.74000000
ETHUSDT,2025-05-01T16:00:00.001000+00:00,0.00000723,1851.99000000
ETHUSDT,2025-05-02T00:00:00+00:00,-0.00000591,1837.35080746
ETHUSDT,2025-05-02T08:00:00+00:00,-0.00005797,1815.24087597
ETHUSDT,2025-05-02T16:00:00.003000+00:00,-0.00000588,1840.38514729
ETHUSDT,2025-05-03T00:00:00+00:00,0.00004901,1841.21000000
ETHUSDT,2025-05-03T08:00:00+00:00,0.00001565,1825.66213178
ETHUSDT,2025-05-03T16:00:00+00:00,0.00002092,1833.71244186
ETHUSDT,2025-05-04T00:00:00.001000+00:00,0.00006708,1832.81789922
ETHUSDT,2025-05-04T08:00:00.001000+00:00,0.00003289,1840.24000000
ETHUSDT,2025-05-04T16:00:00.002000+00:00,-0.00002670,1829.85000000
ETHUSDT,2025-05-05T00:00:00+00:00,0.00000181,1807.88000000
ETHUSDT,2025-05-05T08:00:00+00:00,0.00001998,1825.74000000
ETHUSDT,2025-05-05T16:00:00.006000+00:00,0.00001194,1800.17766667
ETHUSDT,2025-05-06T00:00:00.002000+00:00,0.00006899,1819.43000000
ETHUSDT,2025-05-06T08:00:00.005000+00:00,-0.00001836,1805.07810078
ETHUSDT,2025-05-06T16:00:00+00:00,-0.00003589,1769.25000000
ETHUSDT,2025-05-07T00:00:00.002000+00:00,0.00003273,1816.22000000
ETHUSDT,2025-05-07T08:00:00+00:00,0.00008548,1837.32937984
ETHUSDT,2025-05-07T16:00:00.006000+00:00,-0.00000648,1816.73000000
ETHUSDT,2025-05-08T00:00:00+00:00,0.00004564,1810.30300775
ETHUSDT,2025-05-08T08:00:00.001000+00:00,0.00010000,1927.66530620
ETHUSDT,2025-05-08T16:00:00.002000+00:00,0.00008717,2050.93411628
ETHUSDT,2025-05-09T00:00:00.001000+00:00,0.00010000,2207.38250388
ETHUSDT,2025-05-09T08:00:00.006000+00:00,0.00010000,2364.22000000
ETHUSDT,2025-05-09T16:00:00+00:00,0.00010000,2300.55000000
ETHUSDT,2025-05-10T00:00:00.001000+00:00,0.00010000,2344.29000000
ETHUSDT,2025-05-10T08:00:00+00:00,0.00009797,2398.56000000
ETHUSDT,2025-05-10T16:00:00.001000+00:00,0.00009016,2433.00000000
ETHUSDT,2025-05-11T00:00:00+00:00,0.00010000,2583.07662403
ETHUSDT,2025-05-11T08:00:00.001000+00:00,0.00007363,2472.73715310
ETHUSDT,2025-05-11T16:00:00.001000+00:00,0.00002438,2461.22000000
ETHUSDT,2025-05-12T00:00:00.004000+00:00,0.00007088,2513.58951938
ETHUSDT,2025-05-12T08:00:00+00:00,0.00010000,2553.45000000
ETHUSDT,2025-05-12T16:00:00+00:00,0.00005717,2486.74000000
ETHUSDT,2025-05-13T00:00:00+00:00,0.00006233,2494.35227132
ETHUSDT,2025-05-13T08:00:00.008000+00:00,0.00010000,2459.93641085
ETHUSDT,2025-05-13T16:00:00.001000+00:00,0.00010000,2564.75327519
ETHUSDT,2025-05-14T00:00:00.007000+00:00,0.00010000,2678.83579845
ETHUSDT,2025-05-14T08:00:00+00:00,0.00005480,2639.65352132
ETHUSDT,2025-05-14T16:00:00.002000+00:00,0.00004737,2596.28000000
ETHUSDT,2025-05-15T00:00:00+00:00,0.00010000,2608.71000000
ETHUSDT,2025-05-15T08:00:00.003000+00:00,0.00010000,2529.71000000
ETHUSDT,2025-05-15T16:00:00+00:00,0.00005698,2563.09405814
ETHUSDT,2025-05-16T00:00:00.001000+00:00,0.00006801,2547.44981395
ETHUSDT,2025-05-16T08:00:00+00:00,0.00010000,2600.60682558
ETHUSDT,2025-05-16T16:00:00+00:00,0.00007202,2594.43856202
ETHUSDT,2025-05-17T00:00:00+00:00,0.00002543,2536.20335271
ETHUSDT,2025-05-17T08:00:00.001000+00:00,-0.00001883,2491.50000000
ETHUSDT,2025-05-17T16:00:00.004000+00:00,0.00002339,2473.24241667
ETHUSDT,2025-05-18T00:00:00+00:00,0.00005366,2474.09000000
ETHUSDT,2025-05-18T08:00:00+00:00,0.00004909,2507.83256799
ETHUSDT,2025-05-18T16:00:00+00:00,0.00000130,2577.87000000
ETHUSDT,2025-05-19T00:00:00+00:00,-0.00004925,2496.74000000
ETHUSDT,2025-05-19T08:00:00.006000+00:00,0.00006531,2402.61575969
ETHUSDT,2025-05-19T16:00:00.010000+00:00,0.00009181,2465.55531783
ETHUSDT,2025-05-20T00:00:00+00:00,0.00008013,2526.47294574
ETHUSDT,2025-05-20T08:00:00.002000+00:00,0.00006807,2531.79813756
ETHUSDT,2025-05-20T16:00:00+00:00,0.00001174,2481.40000000
ETHUSDT,2025-05-21T00:00:00+00:00,0.00003663,2523.08000000
ETHUSDT,2025-05-21T08:00:00.001000+00:00,0.00009338,2550.72000000
ETHUSDT,2025-05-21T16:00:00.004000+00:00,0.00000647,2566.00000000
ETHUSDT,2025-05-22T00:00:00.001000+00:00,0.00001141,2550.01000000
ETHUSDT,2025-05-22T08:00:00+00:00,0.00010000,2633.82000000
ETHUSDT,2025-05-22T16:00:00.002000+00:00,0.00010000,2662.86000000
ETHUSDT,2025-05-23T00:00:00.006000+00:00,0.00010000,2663.73000000
ETHUSDT,2025-05-23T08:00:00+00:00,0.00010000,2654.70000000
ETHUSDT,2025-05-23T16:00:00.007000+00:00,-0.00000726,2567.15597287
ETHUSDT,2025-05-24T00:00:00.010000+00:00,0.00010000,2525.58000000
ETHUSDT,2025-05-24T08:00:00+00:00,0.00004033,2545.79000000
ETHUSDT,2025-05-24T16:00:00.003000+00:00,0.00002114,2554.51168992
ETHUSDT,2025-05-25T00:00:00.004000+00:00,0.00006041,2529.27000000
ETHUSDT,2025-05-25T08:00:00+00:00,0.00003750,2493.29000000
ETHUSDT,2025-05-25T16:00:00+00:00,0.00008487,2510.47000000
ETHUSDT,2025-05-26T00:00:00+00:00,0.00000385,2549.92378295
ETHUSDT,2025-05-26T08:00:00+00:00,0.00008047,2579.70000000
ETHUSDT,2025-05-26T16:00:00.002000+00:00,0.00004711,2564.76000000
ETHUSDT,2025-05-27T00:00:00.003000+00:00,0.00004026,2562.70241821
ETHUSDT,2025-05-27T08:00:00.001000+00:00,0.00010000,2606.56000000
ETHUSDT,2025-05-27T16:00:00.005000+00:00,0.00010000,2667.09000000
ETHUSDT,2025-05-28T00:00:00.002000+00:00,0.00010000,2659.89356202
ETHUSDT,2025-05-28T08:00:00.003000+00:00,0.00010000,2635.36000000
ETHUSDT,2025-05-28T16:00:00.002000+00:00,0.00010000,2625.99000000
ETHUSDT,2025-05-29T00:00:00+00:00,0.00010000,2680.57340310
ETHUSDT,2025-05-29T08:00:00.006000+00:00,0.00010000,2730.00000000
ETHUSDT,2025-05-29T16:00:00+00:00,0.00008321,2642.45000000
ETHUSDT,2025-05-30T00:00:00.003000+00:00,0.00007477,2630.57163566
ETHUSDT,2025-05-30T08:00:00.003000+00:00,0.00010000,2617.68000000
ETHUSDT,2025-05-30T16:00:00+00:00,0.00005699,2596.91371502
ETHUSDT,2025-05-31T00:00:00+00:00,0.00003389,2529.90736628
ETHUSDT,2025-05-31T08:00:00+00:00,0.00008054,2520.00000000
ETHUSDT,2025-05-31T16:00:00+00:00,0.00002739,2535.05310078
ETHUSDT,2025-06-01T00:00:00.001000+00:00,0.00007520,2527.09000000
ETHUSDT,2025-06-01T08:00:00.002000+00:00,0.00003946,2507.65977519
ETHUSDT,2025-06-01T16:00:00+00:00,0.00003370,2522.00000000
ETHUSDT,2025-06-02T00:00:00.001000+00:00,0.00001586,2538.09462016
ETHUSDT,2025-06-02T08:00:00+00:00,0.00005378,2505.79000000
ETHUSDT,2025-06-02T16:00:00+00:00,0.00008588,2543.24000000
ETHUSDT,2025-06-03T00:00:00+00:00,0.00003263,2606.48000000
ETHUSDT,2025-06-03T08:00:00+00:00,0.00006067,2608.68000000
ETHUSDT,2025-06-03T16:00:00.001000+00:00,0.00005397,2622.56000000
ETHUSDT,2025-06-04T00:00:00+00:00,0.00004390,2592.16000000
ETHUSDT,2025-06-04T08:00:00+00:00,0.00007623,2626.51640991
ETHUSDT,2025-06-04T16:00:00+00:00,0.00007897,2666.91000000
ETHUSDT,2025-06-05T00:00:00.016000+00:00,0.00002359,2606.63000000
ETHUSDT,2025-06-05T08:00:00+00:00,0.00008508,2603.21000000
ETHUSDT,2025-06-05T16:00:00+00:00,0.00006396,2588.34000000
ETHUSDT,2025-06-06T00:00:00.002000+00:00,-0.00001147,2412.93361240
ETHUSDT,2025-06-06T08:00:00+00:00,0.00002643,2454.18000000
ETHUSDT,2025-06-06T16:00:00.006000+00:00,0.00002684,2508.55342442
ETHUSDT,2025-06-07T00:00:00+00:00,0.00008699,2475.37000000
ETHUSDT,2025-06-07T08:00:00+00:00,0.00005456,2490.21000000
ETHUSDT,2025-06-07T16:00:00.002000+00:00,0.00006753,2518.77600775
ETHUSDT,2025-06-08T00:00:00+00:00,0.00010000,2523.68777132
ETHUSDT,2025-06-08T08:00:00+00:00,0.00009522,2513.55530233
ETHUSDT,2025-06-08T16:00:00+00:00,0.00004695,2513.39986434
ETHUSDT,2025-06-09T00:00:00+00:00,0.00002206,2508.49123256
ETHUSDT,2025-06-09T08:00:00.001000+00:00,0.00001950,2490.55416667
ETHUSDT,2025-06-09T16:00:00.001000+00:00,0.00008643,2532.98000000
ETHUSDT,2025-06-10T00:00:00+00:00,0.00010000,2679.23765891
ETHUSDT,2025-06-10T08:00:00.001000+00:00,0.00010000,2676.48000000
ETHUSDT,2025-06-10T16:00:00.003000+00:00,0.00010000,2731.83000000
ETHUSDT,2025-06-11T00:00:00+00:00,0.00010000,2815.75000000
ETHUSDT,2025-06-11T08:00:00+00:00,0.00010000,2790.85000000
ETHUSDT,2025-06-11T16:00:00.010000+00:00,0.00010000,2864.21000000
ETHUSDT,2025-06-12T00:00:00.002000+00:00,0.00006036,2770.61909933
ETHUSDT,2025-06-12T08:00:00.003000+00:00,0.00010000,2739.99036250
ETHUSDT,2025-06-12T16:00:00.001000+00:00,0.00005333,2718.25000000
ETHUSDT,2025-06-13T00:00:00+00:00,-0.00001372,2641.31365116
ETHUSDT,2025-06-13T08:00:00.001000+00:00,-0.00001069,2525.00000000
ETHUSDT,2025-06-13T16:00:00.004000+00:00,0.00002083,2550.26000000
ETHUSDT,2025-06-14T00:00:00+00:00,0.00004572,2578.08000000
ETHUSDT,2025-06-14T08:00:00+00:00,0.00001962,2536.12897714
ETHUSDT,2025-06-14T16:00:00+00:00,0.00000440,2518.30475581
ETHUSDT,2025-06-15T00:00:00.005000+00:00,0.00001767,2529.67000000
ETHUSDT,2025-06-15T08:00:00.009000+00:00,0.00008487,2527.49070155
ETHUSDT,2025-06-15T16:00:00+00:00,0.00007131,2540.80593023
ETHUSDT,2025-06-16T00:00:00+00:00,0.00004573,2546.33974031
ETHUSDT,2025-06-16T08:00:00+00:00,0.00009060,2627.71000000
ETHUSDT,2025-06-16T16:00:00.003000+00:00,0.00003960,2630.87000000
ETHUSDT,2025-06-17T00:00:00+00:00,-0.00000906,2542.89843992
ETHUSDT,2025-06-17T08:00:00.006000+00:00,0.00010000,2581.28983333
ETHUSDT,2025-06-17T16:00:00.001000+00:00,0.00005558,2497.82614729
ETHUSDT,2025-06-18T00:00:00.001000+00:00,0.00005830,2508.98000000
ETHUSDT,2025-06-18T08:00:00.001000+00:00,0.00006782,2532.33000000
ETHUSDT,2025-06-18T16:00:00.001000+00:00,0.00002338,2507.99563566
ETHUSDT,2025-06-19T00:00:00.005000+00:00,0.00005403,2523.80623643
ETHUSDT,2025-06-19T08:00:00.003000+00:00,0.00004793,2517.80142248
ETHUSDT,2025-06-19T16:00:00+00:00,0.00004883,2491.89000000
ETHUSDT,2025-06-20T00:00:00+00:00,0.00008145,2520.18000000
ETHUSDT,2025-06-20T08:00:00.002000+00:00,0.00008963,2548.35000000
ETHUSDT,2025-06-20T16:00:00.001000+00:00,0.00002590,2492.46000000
ETHUSDT,2025-06-21T00:00:00.002000+00:00,-0.00004990,2405.43000000
ETHUSDT,2025-06-21T08:00:00.005000+00:00,-0.00001379,2425.65727132
ETHUSDT,2025-06-21T16:00:00+00:00,0.00005011,2422.48512791
ETHUSDT,2025-06-22T00:00:00.005000+00:00,-0.00000798,2294.25720142
ETHUSDT,2025-06-22T08:00:00+00:00,-0.00001761,2269.63000000
ETHUSDT,2025-06-22T16:00:00.003000+00:00,0.00004714,2174.25338195
ETHUSDT,2025-06-23T00:00:00+00:00,0.00002289,2226.66781783
ETHUSDT,2025-06-23T08:00:00.004000+00:00,-0.00001401,2257.83166667
ETHUSDT,2025-06-23T16:00:00.013000+00:00,0.00000130,2247.35465504
ETHUSDT,2025-06-24T00:00:00.003000+00:00,0.00002127,2410.39000000
ETHUSDT,2025-06-24T08:00:00+00:00,0.00001201,2392.05589535
ETHUSDT,2025-06-24T16:00:00+00:00,0.00000446,2436.85000000
ETHUSDT,2025-06-25T00:00:00.005000+00:00,-0.00000833,2447.58000000
ETHUSDT,2025-06-25T08:00:00+00:00,-2.6E-7,2443.44000000
ETHUSDT,2025-06-25T16:00:00.005000+00:00,0.00001198,2404.64666667
ETHUSDT,2025-06-26T00:00:00+00:00,0.00002757,2417.27000000
ETHUSDT,2025-06-26T08:00:00.006000+00:00,0.00008057,2489.24298837
ETHUSDT,2025-06-26T16:00:00.007000+00:00,0.00000906,2432.17414147
ETHUSDT,2025-06-27T00:00:00+00:00,0.00000379,2414.93000000
ETHUSDT,2025-06-27T08:00:00+00:00,0.00000506,2441.19000000
ETHUSDT,2025-06-27T16:00:00.009000+00:00,0.00005546,2437.43000000
ETHUSDT,2025-06-28T00:00:00.001000+00:00,0.00008436,2421.99000000
ETHUSDT,2025-06-28T08:00:00.002000+00:00,0.00000658,2430.45193411
ETHUSDT,2025-06-28T16:00:00+00:00,0.00004011,2435.08000000
ETHUSDT,2025-06-29T00:00:00.004000+00:00,0.00006176,2434.80000000
ETHUSDT,2025-06-29T08:00:00.001000+00:00,0.00008777,2439.10803876
ETHUSDT,2025-06-29T16:00:00.001000+00:00,4.2E-7,2435.60000000
ETHUSDT,2025-06-30T00:00:00+00:00,0.00005102,2499.38032171
ETHUSDT,2025-06-30T08:00:00.005000+00:00,0.00009119,2479.70235271
ETHUSDT,2025-06-30T16:00:00.002000+00:00,0.00000394,2473.80902519
ETHUSDT,2025-07-01T00:00:00.007000+00:00,0.00008191,2484.33713566
ETHUSDT,2025-07-01T08:00:00.002000+00:00,0.00001541,2463.71000000
ETHUSDT,2025-07-01T16:00:00+00:00,-0.00001429,2422.48000000
ETHUSDT,2025-07-02T00:00:00.001000+00:00,0.00001952,2403.74040310
ETHUSDT,2025-07-02T08:00:00+00:00,0.00004864,2445.88160078
ETHUSDT,2025-07-02T16:00:00.003000+00:00,0.00005236,2498.33576357
ETHUSDT,2025-07-03T00:00:00.006000+00:00,0.00010000,2569.56654651
ETHUSDT,2025-07-03T08:00:00.003000+00:00,0.00009820,2599.24000000
ETHUSDT,2025-07-03T16:00:00.003000+00:00,0.00004398,2569.31682558
ETHUSDT,2025-07-04T00:00:00.005000+00:00,0.00001353,2590.17000000
ETHUSDT,2025-07-04T08:00:00.003000+00:00,0.00006619,2533.84000000
ETHUSDT,2025-07-04T16:00:00.001000+00:00,0.00002691,2499.61877132
ETHUSDT,2025-07-05T00:00:00.004000+00:00,0.00001406,2506.87000000
ETHUSDT,2025-07-05T08:00:00.009000+00:00,0.00003958,2520.36000000
ETHUSDT,2025-07-05T16:00:00.006000+00:00,0.00005542,2506.89000000
ETHUSDT,2025-07-06T00:00:00.001000+00:00,0.00003909,2515.26000000
ETHUSDT,2025-07-06T08:00:00.002000+00:00,0.00006583,2516.90000000
ETHUSDT,2025-07-06T16:00:00.004000+00:00,0.00008149,2557.70000000
ETHUSDT,2025-07-07T00:00:00+00:00,0.00010000,2569.50603101
ETHUSDT,2025-07-07T08:00:00.007000+00:00,0.00010000,2577.57985659
ETHUSDT,2025-07-07T16:00:00+00:00,-0.00003011,2532.61000000
ETHUSDT,2025-07-08T00:00:00.010000+00:00,0.00007589,2541.20732946
ETHUSDT,2025-07-08T08:00:00.003000+00:00,0.00002787,2552.16904651
ETHUSDT,2025-07-08T16:00:00+00:00,0.00006466,2563.60000000
ETHUSDT,2025-07-09T00:00:00.002000+00:00,0.00004903,2613.98000000
ETHUSDT,2025-07-09T08:00:00.006000+00:00,0.00006771,2623.77394186
ETHUSDT,2025-07-09T16:00:00.001000+00:00,0.00006268,2655.40000000
ETHUSDT,2025-07-10T00:00:00.003000+00:00,0.00010000,2767.79068217
ETHUSDT,2025-07-10T08:00:00+00:00,0.00002808,2789.75650775
ETHUSDT,2025-07-10T16:00:00.004000+00:00,0.00003187,2768.34000000
ETHUSDT,2025-07-11T00:00:00.004000+00:00,0.00010000,2951.00392196
ETHUSDT,2025-07-11T08:00:00.007000+00:00,0.00010000,2968.35000000
ETHUSDT,2025-07-11T16:00:00.001000+00:00,0.00010000,2950.27991920
ETHUSDT,2025-07-12T00:00:00+00:00,0.00008032,2957.03212403
ETHUSDT,2025-07-12T08:00:00.001000+00:00,0.00007671,2961.79344574
ETHUSDT,2025-07-12T16:00:00.002000+00:00,0.00006119,2914.74546899
ETHUSDT,2025-07-13T00:00:00.006000+00:00,0.00004151,2941.87000000
ETHUSDT,2025-07-13T08:00:00.001000+00:00,0.00004407,2961.48118605
ETHUSDT,2025-07-13T16:00:00.003000+00:00,0.00007205,2991.26778682
ETHUSDT,2025-07-14T00:00:00+00:00,0.00000998,2970.48246124
ETHUSDT,2025-07-14T08:00:00+00:00,0.00010000,3043.65000000
ETHUSDT,2025-07-14T16:00:00+00:00,0.00010000,3011.18300388
ETHUSDT,2025-07-15T00:00:00.002000+00:00,0.00006134,3012.55427519
ETHUSDT,2025-07-15T08:00:00+00:00,0.00010000,2976.35000000
ETHUSDT,2025-07-15T16:00:00+00:00,0.00010000,3038.99000000
ETHUSDT,2025-07-16T00:00:00+00:00,0.00010000,3138.47018605
ETHUSDT,2025-07-16T08:00:00+00:00,0.00010000,3160.84107752
ETHUSDT,2025-07-16T16:00:00.008000+00:00,0.00010000,3243.40000000
ETHUSDT,2025-07-17T00:00:00.003000+00:00,0.00010000,3371.07215891
ETHUSDT,2025-07-17T08:00:00+00:00,0.00010000,3448.20200000
ETHUSDT,2025-07-17T16:00:00+00:00,0.00010000,3420.15697674
ETHUSDT,2025-07-18T00:00:00.004000+00:00,0.00010000,3476.66000000
ETHUSDT,2025-07-18T08:00:00+00:00,0.00010000,3608.01628876
ETHUSDT,2025-07-18T16:00:00+00:00,0.00010000,3565.00000000
ETHUSDT,2025-07-19T00:00:00.009000+00:00,0.00010000,3546.36000000
ETHUSDT,2025-07-19T08:00:00+00:00,0.00010000,3570.57573643
ETHUSDT,2025-07-19T16:00:00.002000+00:00,0.00010000,3551.36022093
ETHUSDT,2025-07-20T00:00:00+00:00,0.00010000,3591.31000000
ETHUSDT,2025-07-20T08:00:00+00:00,0.00010000,3667.19986434
ETHUSDT,2025-07-20T16:00:00+00:00,0.00010000,3785.38000000
ETHUSDT,2025-07-21T00:00:00.001000+00:00,0.00010000,3755.99508915
ETHUSDT,2025-07-21T08:00:00+00:00,0.00010000,3786.97000000
ETHUSDT,2025-07-21T16:00:00.001000+00:00,0.00010000,3808.90000000
ETHUSDT,2025-07-22T00:00:00+00:00,0.00010000,3760.96000000
ETHUSDT,2025-07-22T08:00:00.010000+00:00,0.00010000,3676.29012403
ETHUSDT,2025-07-22T16:00:00.007000+00:00,0.00010000,3717.78744186
ETHUSDT,2025-07-23T00:00:00+00:00,0.00010000,3746.14636047
ETHUSDT,2025-07-23T08:00:00.004000+00:00,0.00010000,3672.59889922
ETHUSDT,2025-07-23T16:00:00.002000+00:00,0.00010000,3643.58769574
ETHUSDT,2025-07-24T00:00:00+00:00,0.00010000,3627.41000000
ETHUSDT,2025-07-24T08:00:00.001000+00:00,0.00010000,3590.44418992
ETHUSDT,2025-07-24T16:00:00+00:00,0.00010000,3730.40000000
ETHUSDT,2025-07-25T00:00:00+00:00,0.00010000,3705.61000000
ETHUSDT,2025-07-25T08:00:00+00:00,0.00010000,3631.66711628
ETHUSDT,2025-07-25T16:00:00+00:00,0.00010000,3632.12027907
ETHUSDT,2025-07-26T00:00:00.001000+00:00,0.00010000,3724.17000000
ETHUSDT,2025-07-26T08:00:00.005000+00:00,0.00010000,3741.03000000
ETHUSDT,2025-07-26T16:00:00.001000+00:00,0.00010000,3734.52000000
ETHUSDT,2025-07-27T00:00:00.001000+00:00,0.00009322,3740.00000000
ETHUSDT,2025-07-27T08:00:00+00:00,0.00008879,3766.68744961
ETHUSDT,2025-07-27T16:00:00.008000+00:00,0.00010000,3817.84531977
ETHUSDT,2025-07-28T00:00:00.005000+00:00,0.00010000,3871.48000000
ETHUSDT,2025-07-28T08:00:00+00:00,0.00010000,3892.24032171
ETHUSDT,2025-07-28T16:00:00+00:00,0.00010000,3806.41156504
ETHUSDT,2025-07-29T00:00:00.001000+00:00,0.00004494,3796.29532927
ETHUSDT,2025-07-29T08:00:00+00:00,0.00010000,3876.53000000
ETHUSDT,2025-07-29T16:00:00+00:00,0.00010000,3760.15457752
ETHUSDT,2025-07-30T00:00:00.011000+00:00,0.00002488,3791.72222093
ETHUSDT,2025-07-30T08:00:00+00:00,0.00005083,3809.50083721
ETHUSDT,2025-07-30T16:00:00.008000+00:00,0.00001540,3795.76000000
ETHUSDT,2025-07-31T00:00:00+00:00,0.00005162,3808.66000000
ETHUSDT,2025-07-31T08:00:00.009000+00:00,0.00010000,3862.30686822
ETHUSDT,2025-07-31T16:00:00+00:00,-0.00001180,3786.17831395
ETHUSDT,2025-08-01T00:00:00.001000+00:00,-0.00003749,3696.57000000
ETHUSDT,2025-08-01T08:00:00.003000+00:00,0.00001113,3649.40456589
ETHUSDT,2025-08-01T16:00:00+00:00,0.00004859,3614.54152713
ETHUSDT,2025-08-02T00:00:00.004000+00:00,0.00005795,3486.42000000
ETHUSDT,2025-08-02T08:00:00+00:00,0.00000657,3517.54000000
ETHUSDT,2025-08-02T16:00:00+00:00,0.00007965,3457.78000000
ETHUSDT,2025-08-03T00:00:00+00:00,0.00006733,3392.41000000
ETHUSDT,2025-08-03T08:00:00+00:00,0.00005752,3454.28105814
ETHUSDT,2025-08-03T16:00:00.003000+00:00,0.00003767,3474.80000000
ETHUSDT,2025-08-04T00:00:00.004000+00:00,0.00001719,3495.01000000
ETHUSDT,2025-08-04T08:00:00+00:00,0.00001113,3550.47000000
ETHUSDT,2025-08-04T16:00:00.002000+00:00,0.00003611,3646.90090310
ETHUSDT,2025-08-05T00:00:00+00:00,0.00000147,3719.41000000
ETHUSDT,2025-08-05T08:00:00+00:00,0.00003116,3611.75000000
ETHUSDT,2025-08-05T16:00:00+00:00,0.00001370,3569.54463953
ETHUSDT,2025-08-06T00:00:00.005000+00:00,0.00002413,3610.19000000
ETHUSDT,2025-08-06T08:00:00+00:00,0.00008200,3638.40000000
ETHUSDT,2025-08-06T16:00:00+00:00,0.00006246,3663.51893411
ETHUSDT,2025-08-07T00:00:00.003000+00:00,0.00006227,3681.32459302
ETHUSDT,2025-08-07T08:00:00.002000+00:00,0.00004285,3701.00000000
ETHUSDT,2025-08-07T16:00:00.002000+00:00,0.00010000,3835.15000000
ETHUSDT,2025-08-08T00:00:00.002000+00:00,0.00004260,3908.70249885
ETHUSDT,2025-08-08T08:00:00.004000+00:00,0.00010000,3914.88000000
ETHUSDT,2025-08-08T16:00:00+00:00,0.00010000,3953.00564865
ETHUSDT,2025-08-09T00:00:00.005000+00:00,0.00010000,4009.04000000
ETHUSDT,2025-08-09T08:00:00+00:00,0.00010000,4169.71000000
ETHUSDT,2025-08-09T16:00:00.007000+00:00,0.00010000,4207.61204505
ETHUSDT,2025-08-10T00:00:00.003000+00:00,0.00009916,4259.25177027
ETHUSDT,2025-08-10T08:00:00.005000+00:00,0.00010000,4184.36000000
ETHUSDT,2025-08-10T16:00:00.002000+00:00,0.00010000,4216.37707658
ETHUSDT,2025-08-11T00:00:00+00:00,0.00008873,4248.78000000
ETHUSDT,2025-08-11T08:00:00+00:00,0.00009354,4273.17322868
ETHUSDT,2025-08-11T16:00:00+00:00,0.00010000,4328.87000000
ETHUSDT,2025-08-12T00:00:00+00:00,0.00003659,4221.31000000
ETHUSDT,2025-08-12T08:00:00.001000+00:00,0.00010000,4314.23000000
ETHUSDT,2025-08-12T16:00:00.005000+00:00,0.00010000,4470.98000000
ETHUSDT,2025-08-13T00:00:00+00:00,0.00010000,4589.31000000
ETHUSDT,2025-08-13T08:00:00.002000+00:00,0.00010000,4624.29000000
ETHUSDT,2025-08-13T16:00:00.006000+00:00,0.00010000,4664.38954070
ETHUSDT,2025-08-14T00:00:00.002000+00:00,0.00010000,4748.37000000
ETHUSDT,2025-08-14T08:00:00.003000+00:00,0.00010000,4747.72583333
ETHUSDT,2025-08-14T16:00:00+00:00,0.00010000,4618.00000000
ETHUSDT,2025-08-15T00:00:00+00:00,0.00010000,4545.65822868
ETHUSDT,2025-08-15T08:00:00+00:00,0.00009765,4639.52553876
ETHUSDT,2025-08-15T16:00:00+00:00,0.00006474,4428.82236822
ETHUSDT,2025-08-16T00:00:00.004000+00:00,0.00005967,4437.36567568
ETHUSDT,2025-08-16T08:00:00+00:00,0.00008990,4449.25000000
ETHUSDT,2025-08-16T16:00:00.002000+00:00,0.00001968,4398.62610811
ETHUSDT,2025-08-17T00:00:00+00:00,0.00004669,4420.21000000
ETHUSDT,2025-08-17T08:00:00.001000+00:00,-0.00000668,4465.00000000
ETHUSDT,2025-08-17T16:00:00.007000+00:00,0.00005334,4559.57000000
ETHUSDT,2025-08-18T00:00:00+00:00,0.00000632,4470.87273874
ETHUSDT,2025-08-18T08:00:00.001000+00:00,0.00009191,4255.03000000
ETHUSDT,2025-08-18T16:00:00.002000+00:00,0.00008959,4343.33752713
ETHUSDT,2025-08-19T00:00:00+00:00,0.00010000,4311.97000000
ETHUSDT,2025-08-19T08:00:00.001000+00:00,0.00010000,4232.60000000
ETHUSDT,2025-08-19T16:00:00+00:00,0.00010000,4190.33000000
ETHUSDT,2025-08-20T00:00:00+00:00,0.00010000,4073.93000000
ETHUSDT,2025-08-20T08:00:00+00:00,0.00000318,4183.66000000
ETHUSDT,2025-08-20T16:00:00+00:00,0.00009070,4253.61408915
ETHUSDT,2025-08-21T00:00:00.006000+00:00,0.00006232,4334.50000000
ETHUSDT,2025-08-21T08:00:00+00:00,0.00005834,4309.00000000
ETHUSDT,2025-08-21T16:00:00.003000+00:00,0.00002689,4240.90000000
ETHUSDT,2025-08-22T00:00:00.010000+00:00,0.00006376,4223.69000000
ETHUSDT,2025-08-22T08:00:00.007000+00:00,0.00006670,4326.35375388
ETHUSDT,2025-08-22T16:00:00.001000+00:00,0.00006004,4613.93000000
ETHUSDT,2025-08-23T00:00:00.004000+00:00,0.00010000,4829.83000000
ETHUSDT,2025-08-23T08:00:00.006000+00:00,0.00010000,4712.85000000
ETHUSDT,2025-08-23T16:00:00+00:00,0.00010000,4749.55669380
ETHUSDT,2025-08-24T00:00:00.001000+00:00,0.00010000,4777.42490540
ETHUSDT,2025-08-24T08:00:00.002000+00:00,0.00010000,4757.66000000
ETHUSDT,2025-08-24T16:00:00.001000+00:00,0.00010000,4796.45056589
ETHUSDT,2025-08-25T00:00:00+00:00,0.00004932,4778.33000000
ETHUSDT,2025-08-25T08:00:00.002000+00:00,0.00004567,4589.77243023
ETHUSDT,2025-08-25T16:00:00.002000+00:00,0.00001732,4610.84970543
ETHUSDT,2025-08-26T00:00:00+00:00,-0.00000739,4374.35998450
ETHUSDT,2025-08-26T08:00:00+00:00,0.00001080,4427.38000000
ETHUSDT,2025-08-26T16:00:00+00:00,0.00001029,4517.19067829
ETHUSDT,2025-08-27T00:00:00.003000+00:00,-0.00000819,4598.68597674
ETHUSDT,2025-08-27T08:00:00+00:00,0.00001933,4578.60000000
ETHUSDT,2025-08-27T16:00:00.009000+00:00,0.00004152,4655.31000000
ETHUSDT,2025-08-28T00:00:00+00:00,0.00005965,4504.93858140
ETHUSDT,2025-08-28T08:00:00.005000+00:00,0.00002643,4594.81000000
ETHUSDT,2025-08-28T16:00:00.004000+00:00,0.00002175,4502.00051550
ETHUSDT,2025-08-29T00:00:00+00:00,0.00001728,4509.34136822
ETHUSDT,2025-08-29T08:00:00+00:00,0.00004981,4379.50601938
ETHUSDT,2025-08-29T16:00:00.005000+00:00,0.00001496,4313.86000000
ETHUSDT,2025-08-30T00:00:00+00:00,0.00004162,4358.64000000
ETHUSDT,2025-08-30T08:00:00.002000+00:00,-0.00001108,4400.08000000
ETHUSDT,2025-08-30T16:00:00.003000+00:00,0.00004057,4374.27000000
ETHUSDT,2025-08-31T00:00:00.016000+00:00,-0.00001390,4371.99000000
ETHUSDT,2025-08-31T08:00:00+00:00,0.00005543,4449.41955039
ETHUSDT,2025-08-31T16:00:00.001000+00:00,-0.00001154,4482.69935271
ETHUSDT,2025-09-01T00:00:00+00:00,-0.00002114,4390.47237485
ETHUSDT,2025-09-01T08:00:00+00:00,-0.00001300,4461.17395349
ETHUSDT,2025-09-01T16:00:00.001000+00:00,0.00000122,4360.43208915
ETHUSDT,2025-09-02T00:00:00+00:00,0.00000406,4313.01000000
ETHUSDT,2025-09-02T08:00:00.005000+00:00,0.00005513,4376.35000000
ETHUSDT,2025-09-02T16:00:00.007000+00:00,0.00003026,4293.55000000
ETHUSDT,2025-09-03T00:00:00.006000+00:00,0.00001812,4324.59000000
ETHUSDT,2025-09-03T08:00:00.002000+00:00,-0.00000111,4308.42511240
ETHUSDT,2025-09-03T16:00:00.002000+00:00,0.00003174,4477.11681783
ETHUSDT,2025-09-04T00:00:00.002000+00:00,0.00002311,4448.63827907
ETHUSDT,2025-09-04T08:00:00+00:00,-0.00002012,4368.81000000
ETHUSDT,2025-09-04T16:00:00+00:00,-0.00002527,4303.28791860
ETHUSDT,2025-09-05T00:00:00.001000+00:00,-0.00005540,4296.12586822
ETHUSDT,2025-09-05T08:00:00.006000+00:00,-0.00003456,4415.35654651
ETHUSDT,2025-09-05T16:00:00+00:00,0.00002866,4280.61000000
ETHUSDT,2025-09-06T00:00:00+00:00,-0.00002104,4305.70000000
ETHUSDT,2025-09-06T08:00:00.005000+00:00,0.00003956,4310.42317442
ETHUSDT,2025-09-06T16:00:00+00:00,0.00004060,4267.82208915
ETHUSDT,2025-09-07T00:00:00+00:00,0.00005946,4271.31000000
ETHUSDT,2025-09-07T08:00:00+00:00,0.00008938,4292.99000000
ETHUSDT,2025-09-07T16:00:00+00:00,0.00003335,4297.20504651
ETHUSDT,2025-09-08T00:00:00.007000+00:00,0.00002556,4304.15389147
ETHUSDT,2025-09-08T08:00:00+00:00,0.00002063,4289.82000000
ETHUSDT,2025-09-08T16:00:00+00:00,0.00009082,4369.83000000
ETHUSDT,2025-09-09T00:00:00+00:00,0.00004706,4303.98665891
ETHUSDT,2025-09-09T08:00:00+00:00,0.00010000,4360.43000000
ETHUSDT,2025-09-09T16:00:00+00:00,0.00006645,4282.78335659
ETHUSDT,2025-09-10T00:00:00+00:00,0.00006156,4308.55254264
ETHUSDT,2025-09-10T08:00:00.002000+00:00,0.00008820,4327.97353876
ETHUSDT,2025-09-10T16:00:00+00:00,0.00010000,4403.50000000
ETHUSDT,2025-09-11T00:00:00+00:00,0.00001341,4347.83000000
ETHUSDT,2025-09-11T08:00:00+00:00,0.00010000,4439.00000000
ETHUSDT,2025-09-11T16:00:00.001000+00:00,0.00008501,4410.41000000
ETHUSDT,2025-09-12T00:00:00.002000+00:00,0.00004858,4456.91765504
ETHUSDT,2025-09-12T08:00:00.001000+00:00,0.00010000,4524.39000000
ETHUSDT,2025-09-12T16:00:00.005000+00:00,0.00010000,4540.16000000
ETHUSDT,2025-09-13T00:00:00.005000+00:00,0.00010000,4710.92940698
ETHUSDT,2025-09-13T08:00:00.002000+00:00,0.00009815,4709.88593023
ETHUSDT,2025-09-13T16:00:00+00:00,0.00010000,4651.44000000
ETHUSDT,2025-09-14T00:00:00.006000+00:00,0.00000375,4664.46632946
ETHUSDT,2025-09-14T08:00:00+00:00,0.00008307,4648.80000000
ETHUSDT,2025-09-14T16:00:00.001000+00:00,0.00005553,4580.66847655
ETHUSDT,2025-09-15T00:00:00.006000+00:00,0.00007366,4602.25855426
ETHUSDT,2025-09-15T08:00:00.002000+00:00,0.00006603,4595.07828682
ETHUSDT,2025-09-15T16:00:00.001000+00:00,0.00003563,4498.40769380
ETHUSDT,2025-09-16T00:00:00.001000+00:00,0.00004540,4521.54000000
ETHUSDT,2025-09-16T08:00:00+00:00,0.00004526,4510.65000000
ETHUSDT,2025-09-16T16:00:00+00:00,0.00002037,4465.73000000
ETHUSDT,2025-09-17T00:00:00.001000+00:00,0.00002419,4499.53808915
ETHUSDT,2025-09-17T08:00:00+00:00,0.00005358,4542.26000000
ETHUSDT,2025-09-17T16:00:00.003000+00:00,0.00004406,4487.65000000
ETHUSDT,2025-09-18T00:00:00.006000+00:00,0.00005150,4588.68344186
ETHUSDT,2025-09-18T08:00:00.002000+00:00,0.00004292,4573.10000000
ETHUSDT,2025-09-18T16:00:00+00:00,0.00001971,4597.16415504
ETHUSDT,2025-09-19T00:00:00+00:00,0.00005745,4585.31000000
ETHUSDT,2025-09-19T08:00:00.005000+00:00,-0.00000904,4536.85290698
ETHUSDT,2025-09-19T16:00:00+00:00,-0.00004324,4472.12543411
ETHUSDT,2025-09-20T00:00:00+00:00,-0.00004366,4466.49000000
ETHUSDT,2025-09-20T08:00:00+00:00,-0.00000597,4480.82192248
ETHUSDT,2025-09-20T16:00:00.002000+00:00,0.00004189,4496.36000000
ETHUSDT,2025-09-21T00:00:00+00:00,-0.00002372,4478.27366667
ETHUSDT,2025-09-21T08:00:00+00:00,0.00004828,4475.86645736
ETHUSDT,2025-09-21T16:00:00+00:00,0.00003039,4480.92020930
ETHUSDT,2025-09-22T00:00:00.005000+00:00,-0.00002051,4443.33000000
ETHUSDT,2025-09-22T08:00:00.003000+00:00,-0.00000518,4191.68000000
ETHUSDT,2025-09-22T16:00:00+00:00,0.00000508,4165.82000000
ETHUSDT,2025-09-23T00:00:00+00:00,-0.00000193,4196.97614729
ETHUSDT,2025-09-23T08:00:00.001000+00:00,0.00005594,4203.24000000
ETHUSDT,2025-09-23T16:00:00+00:00,-0.00002189,4179.12000000
ETHUSDT,2025-09-24T00:00:00.003000+00:00,0.00000973,4162.24000000
ETHUSDT,2025-09-24T08:00:00.001000+00:00,0.00000719,4173.43000000
ETHUSDT,2025-09-24T16:00:00.002000+00:00,-0.00003616,4163.81000000
ETHUSDT,2025-09-25T00:00:00+00:00,-0.00008602,4150.51304651
ETHUSDT,2025-09-25T08:00:00.001000+00:00,-0.00008110,4006.94000000
ETHUSDT,2025-09-25T16:00:00+00:00,0.00010000,4000.97000000
ETHUSDT,2025-09-26T00:00:00+00:00,0.00008976,3873.10000000
ETHUSDT,2025-09-26T08:00:00+00:00,0.00003202,3936.60000000
ETHUSDT,2025-09-26T16:00:00.008000+00:00,0.00004775,3944.84769767
ETHUSDT,2025-09-27T00:00:00+00:00,-0.00001608,4030.50897674
ETHUSDT,2025-09-27T08:00:00.010000+00:00,0.00004387,4005.99000000
ETHUSDT,2025-09-27T16:00:00.003000+00:00,0.00010000,4017.20000000
ETHUSDT,2025-09-28T00:00:00+00:00,0.00007975,4017.01000000
ETHUSDT,2025-09-28T08:00:00+00:00,0.00004229,4013.00000000
ETHUSDT,2025-09-28T16:00:00+00:00,0.00008200,4019.93404651
ETHUSDT,2025-09-29T00:00:00+00:00,0.00003512,4140.63316279
ETHUSDT,2025-09-29T08:00:00.002000+00:00,0.00003842,4106.69554264
ETHUSDT,2025-09-29T16:00:00.001000+00:00,-0.00003490,4162.67086822
ETHUSDT,2025-09-30T00:00:00.002000+00:00,0.00000916,4213.26955814
ETHUSDT,2025-09-30T08:00:00.005000+00:00,-0.00001307,4181.00000000
ETHUSDT,2025-09-30T16:00:00+00:00,0.00000472,4118.09000000
ETHUSDT,2025-10-01T00:00:00+00:00,-0.00001572,4142.98000000
ETHUSDT,2025-10-01T08:00:00+00:00,0.00002569,4144.52900962
ETHUSDT,2025-10-01T16:00:00+00:00,-0.00000744,4325.01000000
ETHUSDT,2025-10-02T00:00:00+00:00,0.00001487,4346.06000000
ETHUSDT,2025-10-02T08:00:00.013000+00:00,0.00003033,4373.65557364
ETHUSDT,2025-10-02T16:00:00+00:00,0.00003733,4435.81462791
ETHUSDT,2025-10-03T00:00:00.006000+00:00,0.00001312,4481.70000000
ETHUSDT,2025-10-03T08:00:00.006000+00:00,0.00007933,4460.84000000
ETHUSDT,2025-10-03T16:00:00+00:00,0.00005593,4532.88000000
ETHUSDT,2025-10-04T00:00:00.001000+00:00,0.00005570,4510.94000000
ETHUSDT,2025-10-04T08:00:00+00:00,0.00000725,4496.24000000
ETHUSDT,2025-10-04T16:00:00+00:00,0.00004800,4452.22000000
ETHUSDT,2025-10-05T00:00:00+00:00,0.00005761,4485.32701550
ETHUSDT,2025-10-05T08:00:00.003000+00:00,0.00010000,4604.91000000
ETHUSDT,2025-10-05T16:00:00.009000+00:00,0.00009708,4530.60000000
ETHUSDT,2025-10-06T00:00:00.004000+00:00,0.00007894,4512.50461240
ETHUSDT,2025-10-06T08:00:00.002000+00:00,0.00010000,4531.30000000
ETHUSDT,2025-10-06T16:00:00.004000+00:00,0.00010000,4671.46368992
ETHUSDT,2025-10-07T00:00:00+00:00,0.00010000,4682.42000000
ETHUSDT,2025-10-07T08:00:00.003000+00:00,0.00010000,4676.83000000
ETHUSDT,2025-10-07T16:00:00+00:00,0.00010000,4510.41339535
ETHUSDT,2025-10-08T00:00:00+00:00,0.00001254,4445.60000000
ETHUSDT,2025-10-08T08:00:00.006000+00:00,0.00006038,4461.08000000
ETHUSDT,2025-10-08T16:00:00.002000+00:00,0.00001261,4445.23296124
ETHUSDT,2025-10-09T00:00:00.001000+00:00,0.00003613,4523.67000000
ETHUSDT,2025-10-09T08:00:00+00:00,-0.00000226,4424.43000000
ETHUSDT,2025-10-09T16:00:00+00:00,0.00005752,4313.13313953
ETHUSDT,2025-10-10T00:00:00.005000+00:00,0.00002565,4365.89155974
ETHUSDT,2025-10-10T08:00:00.002000+00:00,0.00002511,4321.08889147
ETHUSDT,2025-10-10T16:00:00.014000+00:00,-0.00005147,4100.48000000
ETHUSDT,2025-10-11T00:00:00+00:00,0.00010000,3820.04284109
ETHUSDT,2025-10-11T08:00:00.003000+00:00,-0.00013094,3757.27000000
ETHUSDT,2025-10-11T16:00:00+00:00,-0.00000173,3822.65671318
ETHUSDT,2025-10-12T00:00:00.004000+00:00,-0.00006965,3744.54000000
ETHUSDT,2025-10-12T08:00:00.002000+00:00,0.00000839,3825.69493023
ETHUSDT,2025-10-12T16:00:00+00:00,-0.00004563,4033.07592248
ETHUSDT,2025-10-13T00:00:00.003000+00:00,-0.00002591,4150.00000000
ETHUSDT,2025-10-13T08:00:00.002000+00:00,0.00005255,4176.37485271
ETHUSDT,2025-10-13T16:00:00.003000+00:00,0.00005202,4133.44000000
ETHUSDT,2025-10-14T00:00:00+00:00,0.00005602,4239.70000000
ETHUSDT,2025-10-14T08:00:00+00:00,0.00000352,3979.88000000
ETHUSDT,2025-10-14T16:00:00+00:00,0.00002693,4084.13926357
ETHUSDT,2025-10-15T00:00:00.006000+00:00,0.00001420,4123.05000000
ETHUSDT,2025-10-15T08:00:00.002000+00:00,0.00004258,4120.11372093
ETHUSDT,2025-10-15T16:00:00+00:00,0.00002500,3979.78179845
ETHUSDT,2025-10-16T00:00:00+00:00,-0.00000499,3983.80000000
ETHUSDT,2025-10-16T08:00:00.003000+00:00,0.00000765,4003.38165891
ETHUSDT,2025-10-16T16:00:00.002000+00:00,0.00000618,3906.25694186
ETHUSDT,2025-10-17T00:00:00.001000+00:00,0.00003354,3892.18452713
ETHUSDT,2025-10-17T08:00:00.005000+00:00,0.00005630,3755.06874419
ETHUSDT,2025-10-17T16:00:00.003000+00:00,0.00002963,3796.16006977
ETHUSDT,2025-10-18T00:00:00+00:00,0.00001423,3830.02745736
ETHUSDT,2025-10-18T08:00:00.002000+00:00,0.00001510,3890.47000000
ETHUSDT,2025-10-18T16:00:00.001000+00:00,0.00006086,3876.05548062
ETHUSDT,2025-10-19T00:00:00.001000+00:00,0.00006239,3887.01000000
ETHUSDT,2025-10-19T08:00:00.001000+00:00,0.00002101,3886.70000000
ETHUSDT,2025-10-19T16:00:00.001000+00:00,0.00003514,3977.55000000
ETHUSDT,2025-10-20T00:00:00.004000+00:00,0.00002481,3980.85823256
ETHUSDT,2025-10-20T08:00:00.001000+00:00,0.00005413,4053.55528682
ETHUSDT,2025-10-20T16:00:00+00:00,0.00005999,4002.92856202
ETHUSDT,2025-10-21T00:00:00.009000+00:00,0.00003530,3977.55000000
ETHUSDT,2025-10-21T08:00:00+00:00,4.7E-7,3890.72004651
ETHUSDT,2025-10-21T16:00:00+00:00,0.00007724,4080.42079070
ETHUSDT,2025-10-22T00:00:00.004000+00:00,-0.00002491,3871.11000000
ETHUSDT,2025-10-22T08:00:00+00:00,0.00002192,3866.99136728
ETHUSDT,2025-10-22T16:00:00+00:00,0.00002392,3839.72000000
ETHUSDT,2025-10-23T00:00:00+00:00,0.00000529,3803.71000000
ETHUSDT,2025-10-23T08:00:00.001000+00:00,0.00004173,3879.85388372
ETHUSDT,2025-10-23T16:00:00.004000+00:00,0.00005185,3874.88000000
ETHUSDT,2025-10-24T00:00:00+00:00,0.00000888,3855.43300775
ETHUSDT,2025-10-24T08:00:00+00:00,0.00009418,3947.65000000
ETHUSDT,2025-10-24T16:00:00.009000+00:00,0.00003074,3887.10000000
ETHUSDT,2025-10-25T00:00:00+00:00,0.00001282,3933.20000000
ETHUSDT,2025-10-25T08:00:00.001000+00:00,0.00001546,3927.29000000
ETHUSDT,2025-10-25T16:00:00.001000+00:00,0.00006413,3931.49100000
ETHUSDT,2025-10-26T00:00:00.001000+00:00,0.00010000,3952.26246899
ETHUSDT,2025-10-26T08:00:00.001000+00:00,0.00002079,3949.72000000
ETHUSDT,2025-10-26T16:00:00+00:00,0.00010000,4073.54621705
ETHUSDT,2025-10-27T00:00:00+00:00,0.00010000,4157.36870543
ETHUSDT,2025-10-27T08:00:00.005000+00:00,0.00010000,4199.99000000
ETHUSDT,2025-10-27T16:00:00+00:00,0.00007827,4171.24000000
ETHUSDT,2025-10-28T00:00:00+00:00,0.00003936,4118.47000000
ETHUSDT,2025-10-28T08:00:00+00:00,0.00004615,4115.70196899
ETHUSDT,2025-10-28T16:00:00.004000+00:00,0.00001796,4095.35000000
ETHUSDT,2025-10-29T00:00:00.004000+00:00,-0.00005159,3977.58941085
ETHUSDT,2025-10-29T08:00:00.005000+00:00,-0.00001008,4022.83000000
ETHUSDT,2025-10-29T16:00:00+00:00,0.00003915,3950.23000000
ETHUSDT,2025-10-30T00:00:00.004000+00:00,-0.00003389,3900.84131783
ETHUSDT,2025-10-30T08:00:00.008000+00:00,-0.00002243,3938.48378295
ETHUSDT,2025-10-30T16:00:00.001000+00:00,-0.00006394,3771.81851938
ETHUSDT,2025-10-31T00:00:00+00:00,0.00003219,3802.31000000
ETHUSDT,2025-10-31T08:00:00.008000+00:00,0.00007777,3829.62250388
ETHUSDT,2025-10-31T16:00:00.007000+00:00,-0.00001283,3859.04427132
ETHUSDT,2025-11-01T00:00:00.001000+00:00,0.00006032,3846.41000000
ETHUSDT,2025-11-01T08:00:00+00:00,0.00007748,3859.28000000
ETHUSDT,2025-11-01T16:00:00+00:00,0.00010000,3893.12116680
ETHUSDT,2025-11-02T00:00:00.007000+00:00,0.00006688,3872.13000000
ETHUSDT,2025-11-02T08:00:00+00:00,0.00009258,3905.13814729
ETHUSDT,2025-11-02T16:00:00.001000+00:00,0.00003269,3851.64000000
ETHUSDT,2025-11-03T00:00:00+00:00,0.00008937,3905.02096124
ETHUSDT,2025-11-03T08:00:00.010000+00:00,0.00002373,3713.11919380
ETHUSDT,2025-11-03T16:00:00+00:00,0.00000524,3587.37000000
ETHUSDT,2025-11-04T00:00:00.002000+00:00,0.00007890,3602.37986822
ETHUSDT,2025-11-04T08:00:00.004000+00:00,0.00008984,3492.95644186
ETHUSDT,2025-11-04T16:00:00+00:00,0.00004875,3505.85000000
ETHUSDT,2025-11-05T00:00:00+00:00,0.00001174,3285.29000000
ETHUSDT,2025-11-05T08:00:00+00:00,0.00000656,3329.26889147
ETHUSDT,2025-11-05T16:00:00.004000+00:00,0.00004337,3396.32000000
ETHUSDT,2025-11-06T00:00:00.001000+00:00,0.00004919,3423.36609690
ETHUSDT,2025-11-06T08:00:00+00:00,0.00004986,3379.00000000
ETHUSDT,2025-11-06T16:00:00.001000+00:00,7.1E-7,3300.00000000
ETHUSDT,2025-11-07T00:00:00.005000+00:00,0.00007583,3313.86843411
ETHUSDT,2025-11-07T08:00:00.003000+00:00,0.00004780,3356.50945870
ETHUSDT,2025-11-07T16:00:00.005000+00:00,0.00008277,3296.61312403
ETHUSDT,2025-11-08T00:00:00.011000+00:00,0.00007722,3434.90193023
ETHUSDT,2025-11-08T08:00:00.015000+00:00,0.00008414,3446.59017054
ETHUSDT,2025-11-08T16:00:00.001000+00:00,0.00006487,3375.68000000
ETHUSDT,2025-11-09T00:00:00.004000+00:00,0.00001158,3400.07000000
ETHUSDT,2025-11-09T08:00:00+00:00,0.00006622,3421.21175194
ETHUSDT,2025-11-09T16:00:00.005000+00:00,0.00004710,3514.06362791
ETHUSDT,2025-11-10T00:00:00+00:00,0.00003686,3581.40451938
ETHUSDT,2025-11-10T08:00:00+00:00,0.00009099,3608.31591473
ETHUSDT,2025-11-10T16:00:00.003000+00:00,0.00007806,3518.59824806
ETHUSDT,2025-11-11T00:00:00.007000+00:00,0.00002962,3566.38000000
ETHUSDT,2025-11-11T08:00:00+00:00,-0.00002557,3542.83000000
ETHUSDT,2025-11-11T16:00:00.009000+00:00,0.00002827,3479.61000000
ETHUSDT,2025-11-12T00:00:00+00:00,0.00003618,3416.32000000
ETHUSDT,2025-11-12T08:00:00.002000+00:00,-0.00003940,3426.89084496
ETHUSDT,2025-11-12T16:00:00+00:00,0.00007040,3427.16393023
ETHUSDT,2025-11-13T00:00:00.002000+00:00,0.00006967,3413.45000000
ETHUSDT,2025-11-13T08:00:00+00:00,0.00010000,3538.14021705
ETHUSDT,2025-11-13T16:00:00.001000+00:00,0.00002321,3386.08135659
ETHUSDT,2025-11-14T00:00:00+00:00,-0.00000382,3230.12706977
ETHUSDT,2025-11-14T08:00:00+00:00,0.00003573,3214.12926357
ETHUSDT,2025-11-14T16:00:00.001000+00:00,0.00007962,3195.87000000
ETHUSDT,2025-11-15T00:00:00.005000+00:00,0.00004979,3111.41544106
ETHUSDT,2025-11-15T08:00:00+00:00,0.00004397,3174.99000000
ETHUSDT,2025-11-15T16:00:00.001000+00:00,0.00004679,3184.50000000
ETHUSDT,2025-11-16T00:00:00.001000+00:00,0.00010000,3166.55000000
ETHUSDT,2025-11-16T08:00:00+00:00,0.00010000,3218.40003101
ETHUSDT,2025-11-16T16:00:00+00:00,0.00007779,3103.51000000
ETHUSDT,2025-11-17T00:00:00.003000+00:00,0.00010000,3095.01727132
ETHUSDT,2025-11-17T08:00:00.003000+00:00,0.00010000,3197.29000000
ETHUSDT,2025-11-17T16:00:00+00:00,0.00005992,3119.24000000
ETHUSDT,2025-11-18T00:00:00.002000+00:00,0.00009056,3030.07000000
ETHUSDT,2025-11-18T08:00:00.004000+00:00,0.00010000,3024.38991473
ETHUSDT,2025-11-18T16:00:00+00:00,0.00005928,3105.25403769
ETHUSDT,2025-11-19T00:00:00+00:00,0.00010000,3122.20000000
ETHUSDT,2025-11-19T08:00:00+00:00,0.00006727,3083.92845736
ETHUSDT,2025-11-19T16:00:00.008000+00:00,0.00003204,2972.28232558
ETHUSDT,2025-11-20T00:00:00+00:00,0.00007097,3024.09000000
ETHUSDT,2025-11-20T08:00:00+00:00,0.00007838,3038.21689147
ETHUSDT,2025-11-20T16:00:00+00:00,0.00006788,2954.52000000
ETHUSDT,2025-11-21T00:00:00.001000+00:00,0.00003335,2833.48894574
ETHUSDT,2025-11-21T08:00:00+00:00,0.00001947,2719.22072868
ETHUSDT,2025-11-21T16:00:00.001000+00:00,0.00005440,2703.69000000
ETHUSDT,2025-11-22T00:00:00.004000+00:00,0.00001859,2764.63000000
ETHUSDT,2025-11-22T08:00:00+00:00,0.00007195,2755.13000000
ETHUSDT,2025-11-22T16:00:00+00:00,0.00004657,2737.64817054
ETHUSDT,2025-11-23T00:00:00+00:00,0.00006445,2769.13278295
ETHUSDT,2025-11-23T08:00:00.008000+00:00,-0.00002356,2792.32000000
ETHUSDT,2025-11-23T16:00:00.003000+00:00,-0.00000587,2835.31565116
ETHUSDT,2025-11-24T00:00:00.004000+00:00,-1.0E-7,2800.96685245
ETHUSDT,2025-11-24T08:00:00+00:00,0.00007615,2828.77000000
ETHUSDT,2025-11-24T16:00:00.006000+00:00,0.00004931,2845.26537209
ETHUSDT,2025-11-25T00:00:00+00:00,0.00004020,2952.18000000
ETHUSDT,2025-11-25T08:00:00.009000+00:00,0.00003624,2901.54000000
ETHUSDT,2025-11-25T16:00:00.007000+00:00,0.00000556,2894.18000000
ETHUSDT,2025-11-26T00:00:00.001000+00:00,0.00004707,2958.29194574
ETHUSDT,2025-11-26T08:00:00.001000+00:00,-0.00000920,2943.11770543
ETHUSDT,2025-11-26T16:00:00+00:00,0.00001886,2926.63055814
ETHUSDT,2025-11-27T00:00:00.013000+00:00,0.00002467,3025.05000000
ETHUSDT,2025-11-27T08:00:00+00:00,0.00001646,3032.24509302
ETHUSDT,2025-11-27T16:00:00.004000+00:00,0.00000988,3009.75889922
ETHUSDT,2025-11-28T00:00:00.008000+00:00,-0.00000145,3013.89000000
ETHUSDT,2025-11-28T08:00:00+00:00,0.00002638,3000.26055000
ETHUSDT,2025-11-28T16:00:00.008000+00:00,-0.00000903,3072.13665196
ETHUSDT,2025-11-29T00:00:00+00:00,0.00002574,3029.80000000
ETHUSDT,2025-11-29T08:00:00.005000+00:00,0.00000510,3003.23000000
ETHUSDT,2025-11-29T16:00:00.001000+00:00,-0.00000152,3006.09641139
ETHUSDT,2025-11-30T00:00:00.003000+00:00,0.00007916,2987.96000000
ETHUSDT,2025-11-30T08:00:00+00:00,0.00004019,3003.55172093
ETHUSDT,2025-11-30T16:00:00.004000+00:00,0.00003707,3027.88000000
ETHUSDT,2025-12-01T00:00:00+00:00,0.00005374,2990.24148837
ETHUSDT,2025-12-01T08:00:00.004000+00:00,0.00007757,2838.60395750
ETHUSDT,2025-12-01T16:00:00+00:00,-0.00002535,2745.14208527
ETHUSDT,2025-12-02T00:00:00.004000+00:00,0.00006949,2797.62505426
ETHUSDT,2025-12-02T08:00:00+00:00,0.00005552,2804.33772093
ETHUSDT,2025-12-02T16:00:00+00:00,0.00004147,3005.55000000
ETHUSDT,2025-12-03T00:00:00+00:00,0.00004698,2994.63000000
ETHUSDT,2025-12-03T08:00:00+00:00,0.00001107,3056.40000000
ETHUSDT,2025-12-03T16:00:00.005000+00:00,0.00005015,3084.84000000
ETHUSDT,2025-12-04T00:00:00.012000+00:00,0.00006305,3187.29982946
ETHUSDT,2025-12-04T08:00:00+00:00,0.00010000,3189.02000000
ETHUSDT,2025-12-04T16:00:00.011000+00:00,0.00009628,3206.70000000
ETHUSDT,2025-12-05T00:00:00+00:00,0.00002405,3132.00000000
ETHUSDT,2025-12-05T08:00:00+00:00,0.00009771,3172.27000000
ETHUSDT,2025-12-05T16:00:00.010000+00:00,0.00004884,3105.37104264
ETHUSDT,2025-12-06T00:00:00.001000+00:00,0.00004481,3020.33458140
ETHUSDT,2025-12-06T08:00:00.001000+00:00,0.00000455,3024.98000000
ETHUSDT,2025-12-06T16:00:00.008000+00:00,0.00003188,3040.10000000
ETHUSDT,2025-12-07T00:00:00+00:00,0.00003716,3036.53000000
ETHUSDT,2025-12-07T08:00:00.004000+00:00,-0.00000974,3036.00000000
ETHUSDT,2025-12-07T16:00:00+00:00,0.00001448,3027.53720930
ETHUSDT,2025-12-08T00:00:00+00:00,0.00002807,3058.13000000
ETHUSDT,2025-12-08T08:00:00+00:00,0.00007240,3132.81955814
ETHUSDT,2025-12-08T16:00:00.001000+00:00,0.00004139,3099.69000000
ETHUSDT,2025-12-09T00:00:00.001000+00:00,0.00005283,3123.15000000
ETHUSDT,2025-12-09T08:00:00.001000+00:00,0.00006214,3120.99000000
ETHUSDT,2025-12-09T16:00:00.007000+00:00,0.00003873,3244.57465116
ETHUSDT,2025-12-10T00:00:00.007000+00:00,0.00010000,3316.50000000
ETHUSDT,2025-12-10T08:00:00.002000+00:00,0.00007429,3325.66941860
ETHUSDT,2025-12-10T16:00:00.012000+00:00,0.00003462,3326.70315504
ETHUSDT,2025-12-11T00:00:00.001000+00:00,0.00006920,3322.84322481
ETHUSDT,2025-12-11T08:00:00+00:00,0.00000138,3200.04512831
ETHUSDT,2025-12-11T16:00:00+00:00,0.00002616,3178.20453488
ETHUSDT,2025-12-12T00:00:00.005000+00:00,-0.00000248,3235.78000000
ETHUSDT,2025-12-12T08:00:00.007000+00:00,0.00003217,3245.00000000
ETHUSDT,2025-12-12T16:00:00.002000+00:00,-0.00000236,3072.10405814
ETHUSDT,2025-12-13T00:00:00.001000+00:00,0.00000107,3083.34000000
ETHUSDT,2025-12-13T08:00:00.006000+00:00,-0.00001354,3093.20392793
ETHUSDT,2025-12-13T16:00:00+00:00,0.00003292,3108.65233270
ETHUSDT,2025-12-14T00:00:00+00:00,0.00008266,3113.00076744
ETHUSDT,2025-12-14T08:00:00.003000+00:00,0.00004872,3113.88258140
ETHUSDT,2025-12-14T16:00:00.005000+00:00,0.00008259,3083.33000000
ETHUSDT,2025-12-15T00:00:00+00:00,0.00006154,3061.33000000
ETHUSDT,2025-12-15T08:00:00+00:00,0.00003415,3127.34000000
ETHUSDT,2025-12-15T16:00:00+00:00,0.00002051,3009.47985565
ETHUSDT,2025-12-16T00:00:00.002000+00:00,-0.00000641,2963.26000000
ETHUSDT,2025-12-16T08:00:00+00:00,0.00002281,2922.62000000
ETHUSDT,2025-12-16T16:00:00.002000+00:00,-0.00001870,2961.85000000
ETHUSDT,2025-12-17T00:00:00.004000+00:00,0.00000352,2960.73833333
ETHUSDT,2025-12-17T08:00:00+00:00,0.00003718,2946.59000000
ETHUSDT,2025-12-17T16:00:00+00:00,8.6E-7,2903.39000000
ETHUSDT,2025-12-18T00:00:00.005000+00:00,-0.00001833,2832.00000000
ETHUSDT,2025-12-18T08:00:00.007000+00:00,-0.00003186,2834.98000000
ETHUSDT,2025-12-18T16:00:00.001000+00:00,0.00005890,2964.16000000
ETHUSDT,2025-12-19T00:00:00+00:00,0.00005783,2827.28557364
ETHUSDT,2025-12-19T08:00:00.001000+00:00,0.00007285,2950.56593023
ETHUSDT,2025-12-19T16:00:00+00:00,0.00009196,2963.53419006
ETHUSDT,2025-12-20T00:00:00.005000+00:00,0.00001997,2978.40965891
ETHUSDT,2025-12-20T08:00:00+00:00,0.00001909,2980.30465891
ETHUSDT,2025-12-20T16:00:00.002000+00:00,0.00000903,2975.58000000
ETHUSDT,2025-12-21T00:00:00+00:00,0.00001836,2976.54000000
ETHUSDT,2025-12-21T08:00:00.009000+00:00,0.00004198,2979.86175194
ETHUSDT,2025-12-21T16:00:00+00:00,0.00000337,2973.41665891
ETHUSDT,2025-12-22T00:00:00+00:00,-0.00002332,3000.72510853
ETHUSDT,2025-12-22T08:00:00.005000+00:00,0.00000576,3028.38000000
ETHUSDT,2025-12-22T16:00:00.009000+00:00,-0.00000569,3051.42631783
ETHUSDT,2025-12-23T00:00:00+00:00,0.00003812,3008.10000000
ETHUSDT,2025-12-23T08:00:00+00:00,0.00006790,2963.57000000
ETHUSDT,2025-12-23T16:00:00.001000+00:00,0.00002640,2927.74589922
ETHUSDT,2025-12-24T00:00:00.001000+00:00,0.00002584,2963.29000000
ETHUSDT,2025-12-24T08:00:00.001000+00:00,0.00006186,2931.36000000
ETHUSDT,2025-12-24T16:00:00+00:00,0.00005629,2924.43882171
ETHUSDT,2025-12-25T00:00:00+00:00,0.00006527,2946.23000000
ETHUSDT,2025-12-25T08:00:00.001000+00:00,0.00006688,2940.84000000
ETHUSDT,2025-12-25T16:00:00.005000+00:00,0.00004970,2959.48000000
ETHUSDT,2025-12-26T00:00:00.004000+00:00,0.00005028,2902.63771318
ETHUSDT,2025-12-26T08:00:00.001000+00:00,0.00006473,2955.52842636
ETHUSDT,2025-12-26T16:00:00.007000+00:00,0.00003451,2921.51000000
ETHUSDT,2025-12-27T00:00:00+00:00,0.00004038,2926.82235365
ETHUSDT,2025-12-27T08:00:00+00:00,-0.00000519,2931.47000000
ETHUSDT,2025-12-27T16:00:00.011000+00:00,0.00008133,2925.53000000
ETHUSDT,2025-12-28T00:00:00.008000+00:00,0.00005105,2947.61000000
ETHUSDT,2025-12-28T08:00:00+00:00,0.00007910,2937.78866667
ETHUSDT,2025-12-28T16:00:00+00:00,0.00004862,2948.08154264
ETHUSDT,2025-12-29T00:00:00.016000+00:00,0.00009172,2949.59000000
ETHUSDT,2025-12-29T08:00:00.001000+00:00,0.00008496,3018.46000000
ETHUSDT,2025-12-29T16:00:00+00:00,0.00001862,2934.04247287
ETHUSDT,2025-12-30T00:00:00.005000+00:00,-0.00001536,2936.46000000
ETHUSDT,2025-12-30T08:00:00.001000+00:00,0.00003920,2949.50734964
ETHUSDT,2025-12-30T16:00:00.003000+00:00,0.00010000,2988.49000000
ETHUSDT,2025-12-31T00:00:00.004000+00:00,0.00005157,2972.28718605
ETHUSDT,2025-12-31T08:00:00.001000+00:00,0.00001205,2975.56608527
ETHUSDT,2025-12-31T16:00:00.001000+00:00,0.00003527,2984.30000000
