configuration,design,fold,mode,train_start,train_end,validation_start,validation_end,train_days,validation_days,step_days,period,start,end,attribution_policy,net_return_percent,gross_return_percent,net_pnl,gross_pnl,trades,long_trades,short_trades,win_rate_percent,profit_factor,expectancy,median_trade_pnl,maximum_drawdown_percent,exposure_long_percent,exposure_short_percent,trading_fees,funding_paid,funding_received,net_funding,liquidations,positive,zero_trade,signal_count,stop_count,target_count,time_exit_count,forced_end_count,regime_distribution,best_trade_concentration_percent,top_3_concentration_percent,top_5_concentration_percent,result_without_best_trade,result_without_top_3,result_without_top_5,warning,fixed_parameters,selection_performed,fold_count,median_return_percent,mean_return_percent,positive_fold_percent,zero_trade_fold_percent
FUTURES_LONG_BASELINE_1X,ROLLING_365_90_90,1,ROLLING,2022-01-01T00:00:00+00:00,2022-12-31T23:59:59.999999+00:00,2023-01-01T00:00:00+00:00,2023-03-31T23:59:59.999999+00:00,365,90,90,ROLLING_365_90_90-1,2023-01-01T00:00:00+00:00,2023-03-31T23:59:59.999999+00:00,TRADE_EXIT_TIME,-0.2109417208151122509157571444,-0.1286117669483768714285714300,-21.09417208151122509157571444,-12.86117669483768714285714300,3,3,0,33.33333333333333333333333333,0.8373565819367581635773017048,-7.031390693837075030525238147,-64.59068567828734681714285755,0.6481985959760299357792323310,1.2500,0,7.252399870161249776428571428,0.980595516512288172290000,0,-0.980595516512288172290000,0,False,False,3,2,1,0,0,"{""RANGING"": 2128, ""TRENDING_DOWN"": 7, ""TRENDING_UP"": 25}",100,100,100,-129.6958237394459025814285722,-129.6958237394459025814285722,-129.6958237394459025814285722,,True,False,,,,,
FUTURES_LONG_BASELINE_1X,ROLLING_365_90_90,2,ROLLING,2022-04-01T00:00:00+00:00,2023-03-31T23:59:59.999999+00:00,2023-04-01T00:00:00+00:00,2023-06-29T23:59:59.999999+00:00,365,90,90,ROLLING_365_90_90-2,2023-04-01T00:00:00+00:00,2023-06-29T23:59:59.999999+00:00,TRADE_EXIT_TIME,0,0,0,0,0,0,0,,,,,0,0,0,0,0,0,0,0,False,True,0,0,0,0,0,"{""RANGING"": 2154, ""TRENDING_UP"": 6}",0,0,0,0,0,0,,True,False,,,,,
FUTURES_LONG_BASELINE_1X,ROLLING_365_90_90,3,ROLLING,2022-06-30T00:00:00+00:00,2023-06-29T23:59:59.999999+00:00,2023-06-30T00:00:00+00:00,2023-09-27T23:59:59.999999+00:00,365,90,90,ROLLING_365_90_90-3,2023-06-30T00:00:00+00:00,2023-09-27T23:59:59.999999+00:00,TRADE_EXIT_TIME,0,0,0,0,0,0,0,,,,,0,0,0,0,0,0,0,0,False,True,0,0,0,0,0,"{""RANGING"": 2155, ""TRENDING_DOWN"": 5}",0,0,0,0,0,0,,True,False,,,,,
FUTURES_LONG_BASELINE_1X,ROLLING_365_90_90,4,ROLLING,2022-09-28T00:00:00+00:00,2023-09-27T23:59:59.999999+00:00,2023-09-28T00:00:00+00:00,2023-12-26T23:59:59.999999+00:00,365,90,90,ROLLING_365_90_90-4,2023-09-28T00:00:00+00:00,2023-12-26T23:59:59.999999+00:00,TRADE_EXIT_TIME,-0.6972704836279782051857142895,-0.6734466910625483428571428609,-69.72704836279782051857142895,-67.34466910625483428571428609,1,1,0,0,0E+26,-69.72704836279782051857142895,-69.72704836279782051857142895,0.6972704836279782051857142900,0.04629629629629629629629629630,0,2.382379256542986232857142857,0,0,0,0,False,False,1,1,0,0,0,"{""RANGING"": 2146, ""TRENDING_UP"": 14}",0,0,0,-69.72704836279782051857142895,-69.72704836279782051857142895,-69.72704836279782051857142895,,True,False,,,,,
FUTURES_LONG_BASELINE_1X,ROLLING_365_90_90,5,ROLLING,2022-12-27T00:00:00+00:00,2023-12-26T23:59:59.999999+00:00,2023-12-27T00:00:00+00:00,2024-03-25T23:59:59.999999+00:00,365,90,90,ROLLING_365_90_90-5,2023-12-27T00:00:00+00:00,2024-03-25T23:59:59.999999+00:00,TRADE_EXIT_TIME,-1.006607958786138267814285716,-0.9741154444062494571428571441,-100.6607958786138267814285716,-97.41154444062494571428571441,1,1,0,0,0E+25,-100.6607958786138267814285716,-100.6607958786138267814285716,1.006607958786138267814285720,2.129629629629629629629629630,0,2.142598597262476067142857143,1.106652840726405000000000,0,-1.106652840726405000000000,0,False,False,1,1,0,0,0,"{""RANGING"": 2125, ""TRENDING_DOWN"": 24, ""TRENDING_UP"": 11}",0,0,0,-100.6607958786138267814285716,-100.6607958786138267814285716,-100.6607958786138267814285716,,True,False,,,,,
FUTURES_LONG_BASELINE_1X,ROLLING_365_90_90,6,ROLLING,2023-03-27T00:00:00+00:00,2024-03-25T23:59:59.999999+00:00,2024-03-26T00:00:00+00:00,2024-06-23T23:59:59.999999+00:00,365,90,90,ROLLING_365_90_90-6,2024-03-26T00:00:00+00:00,2024-06-23T23:59:59.999999+00:00,TRADE_EXIT_TIME,1.782597641695825112572548019,1.831055414506106285714285712,178.2597641695825112572548019,183.1055414506106285714285712,1,1,0,100,,178.2597641695825112572548019,178.2597641695825112572548019,0,2.777777777777777777777777778,0,2.464726215998937764285714286,2.381051065029179549888055,0,-2.381051065029179549888055,0,True,False,1,0,1,0,0,"{""RANGING"": 2108, ""TRENDING_DOWN"": 25, ""TRENDING_UP"": 27}",100,100,100,0E-25,0E-25,0E-25,RESULT_DEPENDS_ON_FEW_TRADES,True,False,,,,,
FUTURES_LONG_BASELINE_1X,ROLLING_365_90_90,7,ROLLING,2023-06-25T00:00:00+00:00,2024-06-23T23:59:59.999999+00:00,2024-06-24T00:00:00+00:00,2024-09-21T23:59:59.999999+00:00,365,90,90,ROLLING_365_90_90-7,2024-06-24T00:00:00+00:00,2024-09-21T23:59:59.999999+00:00,TRADE_EXIT_TIME,0,0,0,0,0,0,0,,,,,0,0,0,0,0,0,0,0,False,True,0,0,0,0,0,"{""HIGH_VOLATILITY"": 6, ""RANGING"": 2112, ""TRENDING_DOWN"": 42}",0,0,0,0,0,0,,True,False,,,,,
FUTURES_LONG_BASELINE_1X,ROLLING_365_90_90,8,ROLLING,2023-09-23T00:00:00+00:00,2024-09-21T23:59:59.999999+00:00,2024-09-22T00:00:00+00:00,2024-12-20T23:59:59.999999+00:00,365,90,90,ROLLING_365_90_90-8,2024-09-22T00:00:00+00:00,2024-12-20T23:59:59.999999+00:00,TRADE_EXIT_TIME,0.6522716555855030040314154323,0.7239057492466301857142857152,65.22716555855030040314154323,72.39057492466301857142857152,2,2,0,50.0,2.101298153840610006168918622,32.61358277927515020157077162,32.61358277927515020157077162,0.5849947307993611015095269271,2.592592592592592592592592593,0,4.903348063222068819285714286,2.260061302890649349001314,0,-2.260061302890649349001314,0,True,False,2,1,1,0,0,"{""RANGING"": 2088, ""TRENDING_DOWN"": 30, ""TRENDING_UP"": 42}",100,100,100,-59.22752647053885416928696697,-59.22752647053885416928696697,-59.22752647053885416928696697,RESULT_DEPENDS_ON_FEW_TRADES,True,False,,,,,
FUTURES_LONG_BASELINE_1X,ROLLING_365_90_90,9,ROLLING,2023-12-22T00:00:00+00:00,2024-12-20T23:59:59.999999+00:00,2024-12-21T00:00:00+00:00,2025-03-20T23:59:59.999999+00:00,365,90,90,ROLLING_365_90_90-9,2024-12-21T00:00:00+00:00,2025-03-20T23:59:59.999999+00:00,TRADE_EXIT_TIME,0,0,0,0,0,0,0,,,,,0,0,0,0,0,0,0,0,False,True,0,0,0,0,0,"{""HIGH_VOLATILITY"": 13, ""RANGING"": 2081, ""TRENDING_DOWN"": 61, ""TRENDING_UP"": 5}",0,0,0,0,0,0,,True,False,,,,,
FUTURES_LONG_BASELINE_1X,ROLLING_365_90_90,10,ROLLING,2024-03-21T00:00:00+00:00,2025-03-20T23:59:59.999999+00:00,2025-03-21T00:00:00+00:00,2025-06-18T23:59:59.999999+00:00,365,90,90,ROLLING_365_90_90-10,2025-03-21T00:00:00+00:00,2025-06-18T23:59:59.999999+00:00,TRADE_EXIT_TIME,2.320032274459072870380630684,2.505901956373419700000000004,232.0032274459072870380630684,250.5901956373419700000000004,6,6,0,50.0,1.856687123366947981017933399,38.6672045743178811730105114,30.63563713114505874327002540,1.702177039578931974717501583,5.833333333333333333333333333,0,14.72501313767002775500000000,3.861955053764655206936932,0,-3.861955053764655206936932,0,True,False,6,3,3,0,0,"{""RANGING"": 2062, ""TRENDING_DOWN"": 30, ""TRENDING_UP"": 68}",37.69039335547817855209895446,100,100,42.4892778185083365137773539,-270.8144211787486876419186873,-270.8144211787486876419186873,RESULT_DEPENDS_ON_FEW_TRADES,True,False,,,,,
FUTURES_LONG_BASELINE_1X,ROLLING_365_90_90,11,ROLLING,2024-06-19T00:00:00+00:00,2025-06-18T23:59:59.999999+00:00,2025-06-19T00:00:00+00:00,2025-09-16T23:59:59.999999+00:00,365,90,90,ROLLING_365_90_90-11,2025-06-19T00:00:00+00:00,2025-09-16T23:59:59.999999+00:00,TRADE_EXIT_TIME,1.637379212403073280935760734,1.837088597631771985714285717,163.7379212403073280935760734,183.7088597631771985714285717,5,5,0,60.0,2.084165849034264510876679784,32.74758424806146561871521468,88.58726516047823525466904312,0.8390167164832019490588981808,12.36111111111111111111111111,0,12.73032824764241461928571428,7.240610275227455858566784,0,-7.240610275227455858566784,0,True,False,5,2,3,0,0,"{""RANGING"": 2060, ""TRENDING_DOWN"": 15, ""TRENDING_UP"": 85}",36.32731360557132700853011439,100,100,49.3924133472350927667689304,-151.0266361794730118597714287,-151.0266361794730118597714287,RESULT_DEPENDS_ON_FEW_TRADES,True,False,,,,,
FUTURES_LONG_BASELINE_1X,ROLLING_365_90_90,12,ROLLING,2024-09-17T00:00:00+00:00,2025-09-16T23:59:59.999999+00:00,2025-09-17T00:00:00+00:00,2025-12-15T23:59:59.999999+00:00,365,90,90,ROLLING_365_90_90-12,2025-09-17T00:00:00+00:00,2025-12-15T23:59:59.999999+00:00,TRADE_EXIT_TIME,-0.7662804900703131411428571440,-0.7363527485935021714285714297,-76.62804900703131411428571440,-73.63527485935021714285714297,1,1,0,0,0E+26,-76.62804900703131411428571440,-76.62804900703131411428571440,0.7662804900703131411428571400,0.7870370370370370370370370370,0,2.496444001534497651428571428,0.496330146146599320000000,0,-0.496330146146599320000000,0,False,False,1,1,0,0,0,"{""RANGING"": 2101, ""TRENDING_DOWN"": 53, ""TRENDING_UP"": 6}",0,0,0,-76.62804900703131411428571440,-76.62804900703131411428571440,-76.62804900703131411428571440,,True,False,,,,,
FUTURES_LONG_BASELINE_1X,EXPANDING_365_90_90,1,EXPANDING,2022-01-01T00:00:00+00:00,2022-12-31T23:59:59.999999+00:00,2023-01-01T00:00:00+00:00,2023-03-31T23:59:59.999999+00:00,365,90,90,EXPANDING_365_90_90-1,2023-01-01T00:00:00+00:00,2023-03-31T23:59:59.999999+00:00,TRADE_EXIT_TIME,-0.2109417208151122509157571444,-0.1286117669483768714285714300,-21.09417208151122509157571444,-12.86117669483768714285714300,3,3,0,33.33333333333333333333333333,0.8373565819367581635773017048,-7.031390693837075030525238147,-64.59068567828734681714285755,0.6481985959760299357792323310,1.2500,0,7.252399870161249776428571428,0.980595516512288172290000,0,-0.980595516512288172290000,0,False,False,3,2,1,0,0,"{""RANGING"": 2128, ""TRENDING_DOWN"": 7, ""TRENDING_UP"": 25}",100,100,100,-129.6958237394459025814285722,-129.6958237394459025814285722,-129.6958237394459025814285722,,True,False,,,,,
FUTURES_LONG_BASELINE_1X,EXPANDING_365_90_90,2,EXPANDING,2022-01-01T00:00:00+00:00,2023-03-31T23:59:59.999999+00:00,2023-04-01T00:00:00+00:00,2023-06-29T23:59:59.999999+00:00,365,90,90,EXPANDING_365_90_90-2,2023-04-01T00:00:00+00:00,2023-06-29T23:59:59.999999+00:00,TRADE_EXIT_TIME,0,0,0,0,0,0,0,,,,,0,0,0,0,0,0,0,0,False,True,0,0,0,0,0,"{""RANGING"": 2154, ""TRENDING_UP"": 6}",0,0,0,0,0,0,,True,False,,,,,
FUTURES_LONG_BASELINE_1X,EXPANDING_365_90_90,3,EXPANDING,2022-01-01T00:00:00+00:00,2023-06-29T23:59:59.999999+00:00,2023-06-30T00:00:00+00:00,2023-09-27T23:59:59.999999+00:00,365,90,90,EXPANDING_365_90_90-3,2023-06-30T00:00:00+00:00,2023-09-27T23:59:59.999999+00:00,TRADE_EXIT_TIME,0,0,0,0,0,0,0,,,,,0,0,0,0,0,0,0,0,False,True,0,0,0,0,0,"{""RANGING"": 2155, ""TRENDING_DOWN"": 5}",0,0,0,0,0,0,,True,False,,,,,
FUTURES_LONG_BASELINE_1X,EXPANDING_365_90_90,4,EXPANDING,2022-01-01T00:00:00+00:00,2023-09-27T23:59:59.999999+00:00,2023-09-28T00:00:00+00:00,2023-12-26T23:59:59.999999+00:00,365,90,90,EXPANDING_365_90_90-4,2023-09-28T00:00:00+00:00,2023-12-26T23:59:59.999999+00:00,TRADE_EXIT_TIME,-0.6972704836279782051857142895,-0.6734466910625483428571428609,-69.72704836279782051857142895,-67.34466910625483428571428609,1,1,0,0,0E+26,-69.72704836279782051857142895,-69.72704836279782051857142895,0.6972704836279782051857142900,0.04629629629629629629629629630,0,2.382379256542986232857142857,0,0,0,0,False,False,1,1,0,0,0,"{""RANGING"": 2146, ""TRENDING_UP"": 14}",0,0,0,-69.72704836279782051857142895,-69.72704836279782051857142895,-69.72704836279782051857142895,,True,False,,,,,
FUTURES_LONG_BASELINE_1X,EXPANDING_365_90_90,5,EXPANDING,2022-01-01T00:00:00+00:00,2023-12-26T23:59:59.999999+00:00,2023-12-27T00:00:00+00:00,2024-03-25T23:59:59.999999+00:00,365,90,90,EXPANDING_365_90_90-5,2023-12-27T00:00:00+00:00,2024-03-25T23:59:59.999999+00:00,TRADE_EXIT_TIME,-1.006607958786138267814285716,-0.9741154444062494571428571441,-100.6607958786138267814285716,-97.41154444062494571428571441,1,1,0,0,0E+25,-100.6607958786138267814285716,-100.6607958786138267814285716,1.006607958786138267814285720,2.129629629629629629629629630,0,2.142598597262476067142857143,1.106652840726405000000000,0,-1.106652840726405000000000,0,False,False,1,1,0,0,0,"{""RANGING"": 2125, ""TRENDING_DOWN"": 24, ""TRENDING_UP"": 11}",0,0,0,-100.6607958786138267814285716,-100.6607958786138267814285716,-100.6607958786138267814285716,,True,False,,,,,
FUTURES_LONG_BASELINE_1X,EXPANDING_365_90_90,6,EXPANDING,2022-01-01T00:00:00+00:00,2024-03-25T23:59:59.999999+00:00,2024-03-26T00:00:00+00:00,2024-06-23T23:59:59.999999+00:00,365,90,90,EXPANDING_365_90_90-6,2024-03-26T00:00:00+00:00,2024-06-23T23:59:59.999999+00:00,TRADE_EXIT_TIME,1.782597641695825112572548019,1.831055414506106285714285712,178.2597641695825112572548019,183.1055414506106285714285712,1,1,0,100,,178.2597641695825112572548019,178.2597641695825112572548019,0,2.777777777777777777777777778,0,2.464726215998937764285714286,2.381051065029179549888055,0,-2.381051065029179549888055,0,True,False,1,0,1,0,0,"{""RANGING"": 2108, ""TRENDING_DOWN"": 25, ""TRENDING_UP"": 27}",100,100,100,0E-25,0E-25,0E-25,RESULT_DEPENDS_ON_FEW_TRADES,True,False,,,,,
FUTURES_LONG_BASELINE_1X,EXPANDING_365_90_90,7,EXPANDING,2022-01-01T00:00:00+00:00,2024-06-23T23:59:59.999999+00:00,2024-06-24T00:00:00+00:00,2024-09-21T23:59:59.999999+00:00,365,90,90,EXPANDING_365_90_90-7,2024-06-24T00:00:00+00:00,2024-09-21T23:59:59.999999+00:00,TRADE_EXIT_TIME,0,0,0,0,0,0,0,,,,,0,0,0,0,0,0,0,0,False,True,0,0,0,0,0,"{""HIGH_VOLATILITY"": 6, ""RANGING"": 2112, ""TRENDING_DOWN"": 42}",0,0,0,0,0,0,,True,False,,,,,
FUTURES_LONG_BASELINE_1X,EXPANDING_365_90_90,8,EXPANDING,2022-01-01T00:00:00+00:00,2024-09-21T23:59:59.999999+00:00,2024-09-22T00:00:00+00:00,2024-12-20T23:59:59.999999+00:00,365,90,90,EXPANDING_365_90_90-8,2024-09-22T00:00:00+00:00,2024-12-20T23:59:59.999999+00:00,TRADE_EXIT_TIME,0.6522716555855030040314154323,0.7239057492466301857142857152,65.22716555855030040314154323,72.39057492466301857142857152,2,2,0,50.0,2.101298153840610006168918622,32.61358277927515020157077162,32.61358277927515020157077162,0.5849947307993611015095269271,2.592592592592592592592592593,0,4.903348063222068819285714286,2.260061302890649349001314,0,-2.260061302890649349001314,0,True,False,2,1,1,0,0,"{""RANGING"": 2088, ""TRENDING_DOWN"": 30, ""TRENDING_UP"": 42}",100,100,100,-59.22752647053885416928696697,-59.22752647053885416928696697,-59.22752647053885416928696697,RESULT_DEPENDS_ON_FEW_TRADES,True,False,,,,,
FUTURES_LONG_BASELINE_1X,EXPANDING_365_90_90,9,EXPANDING,2022-01-01T00:00:00+00:00,2024-12-20T23:59:59.999999+00:00,2024-12-21T00:00:00+00:00,2025-03-20T23:59:59.999999+00:00,365,90,90,EXPANDING_365_90_90-9,2024-12-21T00:00:00+00:00,2025-03-20T23:59:59.999999+00:00,TRADE_EXIT_TIME,0,0,0,0,0,0,0,,,,,0,0,0,0,0,0,0,0,False,True,0,0,0,0,0,"{""HIGH_VOLATILITY"": 13, ""RANGING"": 2081, ""TRENDING_DOWN"": 61, ""TRENDING_UP"": 5}",0,0,0,0,0,0,,True,False,,,,,
FUTURES_LONG_BASELINE_1X,EXPANDING_365_90_90,10,EXPANDING,2022-01-01T00:00:00+00:00,2025-03-20T23:59:59.999999+00:00,2025-03-21T00:00:00+00:00,2025-06-18T23:59:59.999999+00:00,365,90,90,EXPANDING_365_90_90-10,2025-03-21T00:00:00+00:00,2025-06-18T23:59:59.999999+00:00,TRADE_EXIT_TIME,2.320032274459072870380630684,2.505901956373419700000000004,232.0032274459072870380630684,250.5901956373419700000000004,6,6,0,50.0,1.856687123366947981017933399,38.6672045743178811730105114,30.63563713114505874327002540,1.702177039578931974717501583,5.833333333333333333333333333,0,14.72501313767002775500000000,3.861955053764655206936932,0,-3.861955053764655206936932,0,True,False,6,3,3,0,0,"{""RANGING"": 2062, ""TRENDING_DOWN"": 30, ""TRENDING_UP"": 68}",37.69039335547817855209895446,100,100,42.4892778185083365137773539,-270.8144211787486876419186873,-270.8144211787486876419186873,RESULT_DEPENDS_ON_FEW_TRADES,True,False,,,,,
FUTURES_LONG_BASELINE_1X,EXPANDING_365_90_90,11,EXPANDING,2022-01-01T00:00:00+00:00,2025-06-18T23:59:59.999999+00:00,2025-06-19T00:00:00+00:00,2025-09-16T23:59:59.999999+00:00,365,90,90,EXPANDING_365_90_90-11,2025-06-19T00:00:00+00:00,2025-09-16T23:59:59.999999+00:00,TRADE_EXIT_TIME,1.637379212403073280935760734,1.837088597631771985714285717,163.7379212403073280935760734,183.7088597631771985714285717,5,5,0,60.0,2.084165849034264510876679784,32.74758424806146561871521468,88.58726516047823525466904312,0.8390167164832019490588981808,12.36111111111111111111111111,0,12.73032824764241461928571428,7.240610275227455858566784,0,-7.240610275227455858566784,0,True,False,5,2,3,0,0,"{""RANGING"": 2060, ""TRENDING_DOWN"": 15, ""TRENDING_UP"": 85}",36.32731360557132700853011439,100,100,49.3924133472350927667689304,-151.0266361794730118597714287,-151.0266361794730118597714287,RESULT_DEPENDS_ON_FEW_TRADES,True,False,,,,,
FUTURES_LONG_BASELINE_1X,EXPANDING_365_90_90,12,EXPANDING,2022-01-01T00:00:00+00:00,2025-09-16T23:59:59.999999+00:00,2025-09-17T00:00:00+00:00,2025-12-15T23:59:59.999999+00:00,365,90,90,EXPANDING_365_90_90-12,2025-09-17T00:00:00+00:00,2025-12-15T23:59:59.999999+00:00,TRADE_EXIT_TIME,-0.7662804900703131411428571440,-0.7363527485935021714285714297,-76.62804900703131411428571440,-73.63527485935021714285714297,1,1,0,0,0E+26,-76.62804900703131411428571440,-76.62804900703131411428571440,0.7662804900703131411428571400,0.7870370370370370370370370370,0,2.496444001534497651428571428,0.496330146146599320000000,0,-0.496330146146599320000000,0,False,False,1,1,0,0,0,"{""RANGING"": 2101, ""TRENDING_DOWN"": 53, ""TRENDING_UP"": 6}",0,0,0,-76.62804900703131411428571440,-76.62804900703131411428571440,-76.62804900703131411428571440,,True,False,,,,,
FUTURES_LONG_BASELINE_1X,ROLLING_730_90_90,1,ROLLING,2022-01-01T00:00:00+00:00,2023-12-31T23:59:59.999999+00:00,2024-01-01T00:00:00+00:00,2024-03-30T23:59:59.999999+00:00,730,90,90,ROLLING_730_90_90-1,2024-01-01T00:00:00+00:00,2024-03-30T23:59:59.999999+00:00,TRADE_EXIT_TIME,-1.006607958786138267814285716,-0.9741154444062494571428571441,-100.6607958786138267814285716,-97.41154444062494571428571441,1,1,0,0,0E+25,-100.6607958786138267814285716,-100.6607958786138267814285716,1.006607958786138267814285720,2.129629629629629629629629630,0,2.142598597262476067142857143,1.106652840726405000000000,0,-1.106652840726405000000000,0,False,False,1,1,0,0,0,"{""RANGING"": 2125, ""TRENDING_DOWN"": 24, ""TRENDING_UP"": 11}",0,0,0,-100.6607958786138267814285716,-100.6607958786138267814285716,-100.6607958786138267814285716,,True,False,,,,,
FUTURES_LONG_BASELINE_1X,ROLLING_730_90_90,2,ROLLING,2022-04-01T00:00:00+00:00,2024-03-30T23:59:59.999999+00:00,2024-03-31T00:00:00+00:00,2024-06-28T23:59:59.999999+00:00,730,90,90,ROLLING_730_90_90-2,2024-03-31T00:00:00+00:00,2024-06-28T23:59:59.999999+00:00,TRADE_EXIT_TIME,1.782597641695825112572548019,1.831055414506106285714285712,178.2597641695825112572548019,183.1055414506106285714285712,1,1,0,100,,178.2597641695825112572548019,178.2597641695825112572548019,0,2.777777777777777777777777778,0,2.464726215998937764285714286,2.381051065029179549888055,0,-2.381051065029179549888055,0,True,False,1,0,1,0,0,"{""RANGING"": 2108, ""TRENDING_DOWN"": 25, ""TRENDING_UP"": 27}",100,100,100,0E-25,0E-25,0E-25,RESULT_DEPENDS_ON_FEW_TRADES,True,False,,,,,
FUTURES_LONG_BASELINE_1X,ROLLING_730_90_90,3,ROLLING,2022-06-30T00:00:00+00:00,2024-06-28T23:59:59.999999+00:00,2024-06-29T00:00:00+00:00,2024-09-26T23:59:59.999999+00:00,730,90,90,ROLLING_730_90_90-3,2024-06-29T00:00:00+00:00,2024-09-26T23:59:59.999999+00:00,TRADE_EXIT_TIME,0,0,0,0,0,0,0,,,,,0,0,0,0,0,0,0,0,False,True,0,0,0,0,0,"{""HIGH_VOLATILITY"": 6, ""RANGING"": 2112, ""TRENDING_DOWN"": 42}",0,0,0,0,0,0,,True,False,,,,,
FUTURES_LONG_BASELINE_1X,ROLLING_730_90_90,4,ROLLING,2022-09-28T00:00:00+00:00,2024-09-26T23:59:59.999999+00:00,2024-09-27T00:00:00+00:00,2024-12-25T23:59:59.999999+00:00,730,90,90,ROLLING_730_90_90-4,2024-09-27T00:00:00+00:00,2024-12-25T23:59:59.999999+00:00,TRADE_EXIT_TIME,0.6522716555855030040314154323,0.7239057492466301857142857152,65.22716555855030040314154323,72.39057492466301857142857152,2,2,0,50.0,2.101298153840610006168918622,32.61358277927515020157077162,32.61358277927515020157077162,0.5849947307993611015095269271,2.592592592592592592592592593,0,4.903348063222068819285714286,2.260061302890649349001314,0,-2.260061302890649349001314,0,True,False,2,1,1,0,0,"{""RANGING"": 2088, ""TRENDING_DOWN"": 30, ""TRENDING_UP"": 42}",100,100,100,-59.22752647053885416928696697,-59.22752647053885416928696697,-59.22752647053885416928696697,RESULT_DEPENDS_ON_FEW_TRADES,True,False,,,,,
FUTURES_LONG_BASELINE_1X,ROLLING_730_90_90,5,ROLLING,2022-12-27T00:00:00+00:00,2024-12-25T23:59:59.999999+00:00,2024-12-26T00:00:00+00:00,2025-03-25T23:59:59.999999+00:00,730,90,90,ROLLING_730_90_90-5,2024-12-26T00:00:00+00:00,2025-03-25T23:59:59.999999+00:00,TRADE_EXIT_TIME,0,0,0,0,0,0,0,,,,,0,0,0,0,0,0,0,0,False,True,0,0,0,0,0,"{""HIGH_VOLATILITY"": 13, ""RANGING"": 2081, ""TRENDING_DOWN"": 61, ""TRENDING_UP"": 5}",0,0,0,0,0,0,,True,False,,,,,
FUTURES_LONG_BASELINE_1X,ROLLING_730_90_90,6,ROLLING,2023-03-27T00:00:00+00:00,2025-03-25T23:59:59.999999+00:00,2025-03-26T00:00:00+00:00,2025-06-23T23:59:59.999999+00:00,730,90,90,ROLLING_730_90_90-6,2025-03-26T00:00:00+00:00,2025-06-23T23:59:59.999999+00:00,TRADE_EXIT_TIME,2.320032274459072870380630684,2.505901956373419700000000004,232.0032274459072870380630684,250.5901956373419700000000004,6,6,0,50.0,1.856687123366947981017933399,38.6672045743178811730105114,30.63563713114505874327002540,1.702177039578931974717501583,5.833333333333333333333333333,0,14.72501313767002775500000000,3.861955053764655206936932,0,-3.861955053764655206936932,0,True,False,6,3,3,0,0,"{""RANGING"": 2047, ""TRENDING_DOWN"": 45, ""TRENDING_UP"": 68}",37.69039335547817855209895446,100,100,42.4892778185083365137773539,-270.8144211787486876419186873,-270.8144211787486876419186873,RESULT_DEPENDS_ON_FEW_TRADES,True,False,,,,,
FUTURES_LONG_BASELINE_1X,ROLLING_730_90_90,7,ROLLING,2023-06-25T00:00:00+00:00,2025-06-23T23:59:59.999999+00:00,2025-06-24T00:00:00+00:00,2025-09-21T23:59:59.999999+00:00,730,90,90,ROLLING_730_90_90-7,2025-06-24T00:00:00+00:00,2025-09-21T23:59:59.999999+00:00,TRADE_EXIT_TIME,1.637379212403073280935760734,1.837088597631771985714285717,163.7379212403073280935760734,183.7088597631771985714285717,5,5,0,60.0,2.084165849034264510876679784,32.74758424806146561871521468,88.58726516047823525466904312,0.8390167164832019490588981808,12.36111111111111111111111111,0,12.73032824764241461928571428,7.240610275227455858566784,0,-7.240610275227455858566784,0,True,False,5,2,3,0,0,"{""RANGING"": 2075, ""TRENDING_UP"": 85}",36.32731360557132700853011439,100,100,49.3924133472350927667689304,-151.0266361794730118597714287,-151.0266361794730118597714287,RESULT_DEPENDS_ON_FEW_TRADES,True,False,,,,,
FUTURES_LONG_BASELINE_1X,ROLLING_730_90_90,8,ROLLING,2023-09-23T00:00:00+00:00,2025-09-21T23:59:59.999999+00:00,2025-09-22T00:00:00+00:00,2025-12-20T23:59:59.999999+00:00,730,90,90,ROLLING_730_90_90-8,2025-09-22T00:00:00+00:00,2025-12-20T23:59:59.999999+00:00,TRADE_EXIT_TIME,-0.7662804900703131411428571440,-0.7363527485935021714285714297,-76.62804900703131411428571440,-73.63527485935021714285714297,1,1,0,0,0E+26,-76.62804900703131411428571440,-76.62804900703131411428571440,0.7662804900703131411428571400,0.7870370370370370370370370370,0,2.496444001534497651428571428,0.496330146146599320000000,0,-0.496330146146599320000000,0,False,False,1,1,0,0,0,"{""RANGING"": 2101, ""TRENDING_DOWN"": 53, ""TRENDING_UP"": 6}",0,0,0,-76.62804900703131411428571440,-76.62804900703131411428571440,-76.62804900703131411428571440,,True,False,,,,,
FUTURES_LONG_BASELINE_1X,ROLLING_365_180_90,1,ROLLING,2022-01-01T00:00:00+00:00,2022-12-31T23:59:59.999999+00:00,2023-01-01T00:00:00+00:00,2023-06-29T23:59:59.999999+00:00,365,180,90,ROLLING_365_180_90-1,2023-01-01T00:00:00+00:00,2023-06-29T23:59:59.999999+00:00,TRADE_EXIT_TIME,-0.2109417208151122509157571444,-0.1286117669483768714285714300,-21.09417208151122509157571444,-12.86117669483768714285714300,3,3,0,33.33333333333333333333333333,0.8373565819367581635773017048,-7.031390693837075030525238147,-64.59068567828734681714285755,0.6481985959760299357792323310,0.62500,0,7.252399870161249776428571428,0.980595516512288172290000,0,-0.980595516512288172290000,0,False,False,3,2,1,0,0,"{""RANGING"": 4282, ""TRENDING_DOWN"": 7, ""TRENDING_UP"": 31}",100,100,100,-129.6958237394459025814285722,-129.6958237394459025814285722,-129.6958237394459025814285722,,True,False,,,,,
FUTURES_LONG_BASELINE_1X,ROLLING_365_180_90,2,ROLLING,2022-04-01T00:00:00+00:00,2023-03-31T23:59:59.999999+00:00,2023-04-01T00:00:00+00:00,2023-09-27T23:59:59.999999+00:00,365,180,90,ROLLING_365_180_90-2,2023-04-01T00:00:00+00:00,2023-09-27T23:59:59.999999+00:00,TRADE_EXIT_TIME,0,0,0,0,0,0,0,,,,,0,0,0,0,0,0,0,0,False,True,0,0,0,0,0,"{""RANGING"": 4309, ""TRENDING_DOWN"": 5, ""TRENDING_UP"": 6}",0,0,0,0,0,0,,True,False,,,,,
FUTURES_LONG_BASELINE_1X,ROLLING_365_180_90,3,ROLLING,2022-06-30T00:00:00+00:00,2023-06-29T23:59:59.999999+00:00,2023-06-30T00:00:00+00:00,2023-12-26T23:59:59.999999+00:00,365,180,90,ROLLING_365_180_90-3,2023-06-30T00:00:00+00:00,2023-12-26T23:59:59.999999+00:00,TRADE_EXIT_TIME,-0.6972704836279782051857142895,-0.6734466910625483428571428609,-69.72704836279782051857142895,-67.34466910625483428571428609,1,1,0,0,0E+26,-69.72704836279782051857142895,-69.72704836279782051857142895,0.6972704836279782051857142900,0.02314814814814814814814814815,0,2.382379256542986232857142857,0,0,0,0,False,False,1,1,0,0,0,"{""RANGING"": 4301, ""TRENDING_DOWN"": 5, ""TRENDING_UP"": 14}",0,0,0,-69.72704836279782051857142895,-69.72704836279782051857142895,-69.72704836279782051857142895,,True,False,,,,,
FUTURES_LONG_BASELINE_1X,ROLLING_365_180_90,4,ROLLING,2022-09-28T00:00:00+00:00,2023-09-27T23:59:59.999999+00:00,2023-09-28T00:00:00+00:00,2024-03-25T23:59:59.999999+00:00,365,180,90,ROLLING_365_180_90-4,2023-09-28T00:00:00+00:00,2024-03-25T23:59:59.999999+00:00,TRADE_EXIT_TIME,-1.703878442414116473000000006,-1.647562135468797800000000005,-170.3878442414116473000000006,-164.7562135468797800000000005,2,2,0,0,0E+25,-85.1939221207058236500000003,-85.1939221207058236500000003,1.703878442414116473000000010,1.087962962962962962962962963,0,4.524977853805462300000000000,1.106652840726405000000000,0,-1.106652840726405000000000,0,False,False,2,2,0,0,0,"{""RANGING"": 4271, ""TRENDING_DOWN"": 24, ""TRENDING_UP"": 25}",0,0,0,-170.3878442414116473000000006,-170.3878442414116473000000006,-170.3878442414116473000000006,,True,False,,,,,
FUTURES_LONG_BASELINE_1X,ROLLING_365_180_90,5,ROLLING,2022-12-27T00:00:00+00:00,2023-12-26T23:59:59.999999+00:00,2023-12-27T00:00:00+00:00,2024-06-23T23:59:59.999999+00:00,365,180,90,ROLLING_365_180_90-5,2023-12-27T00:00:00+00:00,2024-06-23T23:59:59.999999+00:00,TRADE_EXIT_TIME,0.7759896829096868447582623030,0.8569399700998568285714285679,77.5989682909686844758262303,85.69399700998568285714285679,2,2,0,50.0,1.770895636316493620010524932,38.79948414548434223791311515,38.79948414548434223791311515,1.006607958786138267814285720,2.453703703703703703703703704,0,4.607324813261413831428571429,3.487703905755584549888055,0,-3.487703905755584549888055,0,True,False,2,1,1,0,0,"{""RANGING"": 4233, ""TRENDING_DOWN"": 49, ""TRENDING_UP"": 38}",100,100,100,-100.6607958786138267814285716,-100.6607958786138267814285716,-100.6607958786138267814285716,RESULT_DEPENDS_ON_FEW_TRADES,True,False,,,,,
FUTURES_LONG_BASELINE_1X,ROLLING_365_180_90,6,ROLLING,2023-03-27T00:00:00+00:00,2024-03-25T23:59:59.999999+00:00,2024-03-26T00:00:00+00:00,2024-09-21T23:59:59.999999+00:00,365,180,90,ROLLING_365_180_90-6,2024-03-26T00:00:00+00:00,2024-09-21T23:59:59.999999+00:00,TRADE_EXIT_TIME,1.782597641695825112572548019,1.831055414506106285714285712,178.2597641695825112572548019,183.1055414506106285714285712,1,1,0,100,,178.2597641695825112572548019,178.2597641695825112572548019,0,1.388888888888888888888888889,0,2.464726215998937764285714286,2.381051065029179549888055,0,-2.381051065029179549888055,0,True,False,1,0,1,0,0,"{""HIGH_VOLATILITY"": 6, ""RANGING"": 4220, ""TRENDING_DOWN"": 67, ""TRENDING_UP"": 27}",100,100,100,0E-25,0E-25,0E-25,RESULT_DEPENDS_ON_FEW_TRADES,True,False,,,,,
FUTURES_LONG_BASELINE_1X,ROLLING_365_180_90,7,ROLLING,2023-06-25T00:00:00+00:00,2024-06-23T23:59:59.999999+00:00,2024-06-24T00:00:00+00:00,2024-12-20T23:59:59.999999+00:00,365,180,90,ROLLING_365_180_90-7,2024-06-24T00:00:00+00:00,2024-12-20T23:59:59.999999+00:00,TRADE_EXIT_TIME,0.6522716555855030040314154323,0.7239057492466301857142857152,65.22716555855030040314154323,72.39057492466301857142857152,2,2,0,50.0,2.101298153840610006168918622,32.61358277927515020157077162,32.61358277927515020157077162,0.5849947307993611015095269271,1.296296296296296296296296296,0,4.903348063222068819285714286,2.260061302890649349001314,0,-2.260061302890649349001314,0,True,False,2,1,1,0,0,"{""HIGH_VOLATILITY"": 6, ""RANGING"": 4200, ""TRENDING_DOWN"": 72, ""TRENDING_UP"": 42}",100,100,100,-59.22752647053885416928696697,-59.22752647053885416928696697,-59.22752647053885416928696697,RESULT_DEPENDS_ON_FEW_TRADES,True,False,,,,,
FUTURES_LONG_BASELINE_1X,ROLLING_365_180_90,8,ROLLING,2023-09-23T00:00:00+00:00,2024-09-21T23:59:59.999999+00:00,2024-09-22T00:00:00+00:00,2025-03-20T23:59:59.999999+00:00,365,180,90,ROLLING_365_180_90-8,2024-09-22T00:00:00+00:00,2025-03-20T23:59:59.999999+00:00,TRADE_EXIT_TIME,0.6522716555855030040314154323,0.7239057492466301857142857152,65.22716555855030040314154323,72.39057492466301857142857152,2,2,0,50.0,2.101298153840610006168918622,32.61358277927515020157077162,32.61358277927515020157077162,0.5849947307993611015095269271,1.296296296296296296296296296,0,4.903348063222068819285714286,2.260061302890649349001314,0,-2.260061302890649349001314,0,True,False,2,1,1,0,0,"{""HIGH_VOLATILITY"": 13, ""RANGING"": 4169, ""TRENDING_DOWN"": 91, ""TRENDING_UP"": 47}",100,100,100,-59.22752647053885416928696697,-59.22752647053885416928696697,-59.22752647053885416928696697,RESULT_DEPENDS_ON_FEW_TRADES,True,False,,,,,
FUTURES_LONG_BASELINE_1X,ROLLING_365_180_90,9,ROLLING,2023-12-22T00:00:00+00:00,2024-12-20T23:59:59.999999+00:00,2024-12-21T00:00:00+00:00,2025-06-18T23:59:59.999999+00:00,365,180,90,ROLLING_365_180_90-9,2024-12-21T00:00:00+00:00,2025-06-18T23:59:59.999999+00:00,TRADE_EXIT_TIME,2.320032274459072870380630684,2.505901956373419700000000004,232.0032274459072870380630684,250.5901956373419700000000004,6,6,0,50.0,1.856687123366947981017933399,38.6672045743178811730105114,30.63563713114505874327002540,1.702177039578931974717501583,2.916666666666666666666666667,0,14.72501313767002775500000000,3.861955053764655206936932,0,-3.861955053764655206936932,0,True,False,6,3,3,0,0,"{""HIGH_VOLATILITY"": 13, ""RANGING"": 4143, ""TRENDING_DOWN"": 91, ""TRENDING_UP"": 73}",37.69039335547817855209895446,100,100,42.4892778185083365137773539,-270.8144211787486876419186873,-270.8144211787486876419186873,RESULT_DEPENDS_ON_FEW_TRADES,True,False,,,,,
FUTURES_LONG_BASELINE_1X,ROLLING_365_180_90,10,ROLLING,2024-03-21T00:00:00+00:00,2025-03-20T23:59:59.999999+00:00,2025-03-21T00:00:00+00:00,2025-09-16T23:59:59.999999+00:00,365,180,90,ROLLING_365_180_90-10,2025-03-21T00:00:00+00:00,2025-09-16T23:59:59.999999+00:00,TRADE_EXIT_TIME,3.957411486862146151316391418,4.342990554005191685714285721,395.7411486862146151316391418,434.2990554005191685714285721,11,11,0,54.54545454545454545454545455,1.938128571847753083392363183,35.97646806238314683014901289,88.58726516047823525466904312,1.702177039578931974717501583,9.097222222222222222222222222,0,27.45534138531244237428571428,11.102565328992111065503716,0,-11.102565328992111065503716,0,True,False,11,5,6,0,0,"{""RANGING"": 4122, ""TRENDING_DOWN"": 45, ""TRENDING_UP"": 153}",23.17980359972495537229489949,61.50056164472437057983957877,89.16472686103647427091159081,206.2271990588156646073534273,-107.0764999384413595483426139,-333.2537921977434642470210729,RESULT_DEPENDS_ON_FEW_TRADES,True,False,,,,,
FUTURES_LONG_BASELINE_1X,ROLLING_365_180_90,11,ROLLING,2024-06-19T00:00:00+00:00,2025-06-18T23:59:59.999999+00:00,2025-06-19T00:00:00+00:00,2025-12-15T23:59:59.999999+00:00,365,180,90,ROLLING_365_180_90-11,2025-06-19T00:00:00+00:00,2025-12-15T23:59:59.999999+00:00,TRADE_EXIT_TIME,0.8710987223327601397929035900,1.100735849038269814285714287,87.10987223327601397929035900,110.0735849038269814285714287,6,6,0,50.0,1.382640366755078773306019903,14.51831203887933566321505983,11.67998296013501505433737882,1.386800572585930907036061846,6.574074074074074074074074074,0,15.22677224917691227071428571,7.736940421374055178566784,0,-7.736940421374055178566784,0,True,False,6,3,3,0,0,"{""RANGING"": 4161, ""TRENDING_DOWN"": 68, ""TRENDING_UP"": 91}",36.32731360557132700853011439,100,100,-27.23563565979622134751678400,-227.6546851865043259740571431,-227.6546851865043259740571431,RESULT_DEPENDS_ON_FEW_TRADES,True,False,,,,,
FUTURES_LONG_BASELINE_1X,EXPANDING_365_90_90,CONSOLIDATED,,,,,,,,,,,,,,,,,20,,,,,,,,,,,,,,,,,,,,,,,,,,,,,,True,False,12,0,0.3092650109036610335718117146,33.33333333333333333333333333,33.33333333333333333333333333
FUTURES_LONG_BASELINE_1X,ROLLING_365_180_90,CONSOLIDATED,,,,,,,,,,,,,,,,,36,,,,,,,,,,,,,,,,,,,,,,,,,,,,,,True,False,11,0.6522716555855030040314154323,0.7635984065975718361620086763,63.63636363636363636363636364,9.090909090909090909090909091
FUTURES_LONG_BASELINE_1X,ROLLING_365_90_90,CONSOLIDATED,,,,,,,,,,,,,,,,,20,,,,,,,,,,,,,,,,,,,,,,,,,,,,,,True,False,12,0,0.3092650109036610335718117146,33.33333333333333333333333333,33.33333333333333333333333333
FUTURES_LONG_BASELINE_1X,ROLLING_730_90_90,CONSOLIDATED,,,,,,,,,,,,,,,,,16,,,,,,,,,,,,,,,,,,,,,,,,,,,,,,True,False,8,0.3261358277927515020157077162,0.5774240419108778573704015011,50.0,25.00
FUTURES_SHORT_MIRRORED_1X,ROLLING_365_90_90,1,ROLLING,2022-01-01T00:00:00+00:00,2022-12-31T23:59:59.999999+00:00,2023-01-01T00:00:00+00:00,2023-03-31T23:59:59.999999+00:00,365,90,90,ROLLING_365_90_90-1,2023-01-01T00:00:00+00:00,2023-03-31T23:59:59.999999+00:00,TRADE_EXIT_TIME,-0.9200008485714502112286970706,-0.8944595216602631142857142935,-92.00008485714502112286970706,-89.44595216602631142857142935,1,0,1,0,0E+26,-92.00008485714502112286970706,-92.00008485714502112286970706,0.9200008485714502112286970700,0,0.7870370370370370370370370370,2.613542410032003955714285714,0,0.059409718913294261416008,0.059409718913294261416008,0,False,False,1,1,0,0,0,"{""RANGING"": 2128, ""TRENDING_DOWN"": 7, ""TRENDING_UP"": 25}",0,0,0,-92.00008485714502112286970706,-92.00008485714502112286970706,-92.00008485714502112286970706,,True,False,,,,,
FUTURES_SHORT_MIRRORED_1X,ROLLING_365_90_90,2,ROLLING,2022-04-01T00:00:00+00:00,2023-03-31T23:59:59.999999+00:00,2023-04-01T00:00:00+00:00,2023-06-29T23:59:59.999999+00:00,365,90,90,ROLLING_365_90_90-2,2023-04-01T00:00:00+00:00,2023-06-29T23:59:59.999999+00:00,TRADE_EXIT_TIME,0,0,0,0,0,0,0,,,,,0,0,0,0,0,0,0,0,False,True,0,0,0,0,0,"{""RANGING"": 2154, ""TRENDING_UP"": 6}",0,0,0,0,0,0,,True,False,,,,,
FUTURES_SHORT_MIRRORED_1X,ROLLING_365_90_90,3,ROLLING,2022-06-30T00:00:00+00:00,2023-06-29T23:59:59.999999+00:00,2023-06-30T00:00:00+00:00,2023-09-27T23:59:59.999999+00:00,365,90,90,ROLLING_365_90_90-3,2023-06-30T00:00:00+00:00,2023-09-27T23:59:59.999999+00:00,TRADE_EXIT_TIME,-0.5404198403974956929714285780,-0.5093853706193492571428571494,-54.04198403974956929714285780,-50.93853706193492571428571494,1,0,1,0,0E+26,-54.04198403974956929714285780,-54.04198403974956929714285780,0.5404198403974956929714285800,0,1.018518518518518518518518519,2.571288685865091342857142858,0.532158291949552240000000,0,-0.532158291949552240000000,0,False,False,1,1,0,0,0,"{""RANGING"": 2155, ""TRENDING_DOWN"": 5}",0,0,0,-54.04198403974956929714285780,-54.04198403974956929714285780,-54.04198403974956929714285780,,True,False,,,,,
FUTURES_SHORT_MIRRORED_1X,ROLLING_365_90_90,4,ROLLING,2022-09-28T00:00:00+00:00,2023-09-27T23:59:59.999999+00:00,2023-09-28T00:00:00+00:00,2023-12-26T23:59:59.999999+00:00,365,90,90,ROLLING_365_90_90-4,2023-09-28T00:00:00+00:00,2023-12-26T23:59:59.999999+00:00,TRADE_EXIT_TIME,0,0,0,0,0,0,0,,,,,0,0,0,0,0,0,0,0,False,True,0,0,0,0,0,"{""RANGING"": 2146, ""TRENDING_UP"": 14}",0,0,0,0,0,0,,True,False,,,,,
FUTURES_SHORT_MIRRORED_1X,ROLLING_365_90_90,5,ROLLING,2022-12-27T00:00:00+00:00,2023-12-26T23:59:59.999999+00:00,2023-12-27T00:00:00+00:00,2024-03-25T23:59:59.999999+00:00,365,90,90,ROLLING_365_90_90-5,2023-12-27T00:00:00+00:00,2024-03-25T23:59:59.999999+00:00,TRADE_EXIT_TIME,-2.631477727280961561988285723,-2.587856684860786771428571437,-263.1477727280961561988285723,-258.7856684860786771428571437,3,0,3,0,0E+25,-87.71592424269871873294285743,-99.9601903158243064481428575,2.631477727280961561988285720,0,4.583333333333333333333333333,7.478664324720908578571428572,0,3.116560082703429522600000,3.116560082703429522600000,0,False,False,3,3,0,0,0,"{""RANGING"": 2125, ""TRENDING_DOWN"": 24, ""TRENDING_UP"": 11}",0,0,0,-263.1477727280961561988285723,-263.1477727280961561988285723,-263.1477727280961561988285723,,True,False,,,,,
FUTURES_SHORT_MIRRORED_1X,ROLLING_365_90_90,6,ROLLING,2023-03-27T00:00:00+00:00,2024-03-25T23:59:59.999999+00:00,2024-03-26T00:00:00+00:00,2024-06-23T23:59:59.999999+00:00,365,90,90,ROLLING_365_90_90-6,2024-03-26T00:00:00+00:00,2024-06-23T23:59:59.999999+00:00,TRADE_EXIT_TIME,-2.943815723793468427087993639,-2.820189526577561999999999999,-294.3815723793468427087993639,-282.0189526577561999999999999,6,0,6,16.66666666666666666666666667,0.3483451601339569866941948394,-49.06359539655780711813322732,-85.9009190452367614708142857,3.596055582925634515910731229,0,2.777777777777777777777777778,13.55664273360660207000000000,0,1.194023012015959361200636,1.194023012015959361200636,0,False,False,6,5,1,0,0,"{""RANGING"": 2108, ""TRENDING_DOWN"": 25, ""TRENDING_UP"": 27}",100,100,100,-451.7446267104548654287993640,-451.7446267104548654287993640,-451.7446267104548654287993640,,True,False,,,,,
FUTURES_SHORT_MIRRORED_1X,ROLLING_365_90_90,7,ROLLING,2023-06-25T00:00:00+00:00,2024-06-23T23:59:59.999999+00:00,2024-06-24T00:00:00+00:00,2024-09-21T23:59:59.999999+00:00,365,90,90,ROLLING_365_90_90-7,2024-06-24T00:00:00+00:00,2024-09-21T23:59:59.999999+00:00,TRADE_EXIT_TIME,-0.4832891651232156980065267650,-0.3645831325867394714285714185,-48.32891651232156980065267650,-36.45831325867394714285714185,6,0,6,33.33333333333333333333333333,0.8662338036310063641696018454,-8.05481941872026163344211275,-82.616748871439059152038631,1.932061807109538672526262074,0,3.148148148148148148148148148,12.65992321835839792357142857,0.119711905213007120146844,0.909031869923782385922738,0.789319964710775265775894,0,False,False,6,4,2,0,0,"{""HIGH_VOLATILITY"": 6, ""RANGING"": 2112, ""TRENDING_DOWN"": 42}",58.69441361114813273069164681,100,100,-232.0219035560530119035098196,-361.2939428957552490170812485,-361.2939428957552490170812485,,True,False,,,,,
FUTURES_SHORT_MIRRORED_1X,ROLLING_365_90_90,8,ROLLING,2023-09-23T00:00:00+00:00,2024-09-21T23:59:59.999999+00:00,2024-09-22T00:00:00+00:00,2024-12-20T23:59:59.999999+00:00,365,90,90,ROLLING_365_90_90-8,2024-09-22T00:00:00+00:00,2024-12-20T23:59:59.999999+00:00,TRADE_EXIT_TIME,-1.110351601737601366800913001,-1.028664864109770528571428566,-111.0351601737601366800913001,-102.8664864109770528571428566,4,0,4,25.00,0.5357024163162784185461629485,-27.75879004344003417002282502,-70.3554114534352473868227928,1.407108229068704947736455850,0,2.453703703703703703703703704,9.156289079861116466428571428,0,0.987615317078032643480128,0.987615317078032643480128,0,False,False,4,3,1,0,0,"{""RANGING"": 2088, ""TRENDING_DOWN"": 30, ""TRENDING_UP"": 42}",100,100,100,-239.1465389348160506800813001,-239.1465389348160506800813001,-239.1465389348160506800813001,,True,False,,,,,
FUTURES_SHORT_MIRRORED_1X,ROLLING_365_90_90,9,ROLLING,2023-12-22T00:00:00+00:00,2024-12-20T23:59:59.999999+00:00,2024-12-21T00:00:00+00:00,2025-03-20T23:59:59.999999+00:00,365,90,90,ROLLING_365_90_90-9,2024-12-21T00:00:00+00:00,2025-03-20T23:59:59.999999+00:00,TRADE_EXIT_TIME,3.065340343072825528793238178,3.239777538533638842857142847,306.5340343072825528793238178,323.9777538533638842857142847,10,0,10,50.0,1.597622514983958351721265642,30.65340343072825528793238178,9.27995196218406682634595696,4.740741812299618192820204766,0,9.398148148148148148148148148,20.93935709574189179785714286,0.090850261897699769313522,3.586487811558260160780198,3.495637549660560391466676,0,True,False,10,5,5,0,0,"{""HIGH_VOLATILITY"": 13, ""RANGING"": 2081, ""TRENDING_DOWN"": 61, ""TRENDING_UP"": 5}",23.52706116678439457632872613,68.31862182490059831275192096,100,113.7399942985765242678952466,-253.3073762317019853054984534,-512.9224997748129941439046532,RESULT_DEPENDS_ON_FEW_TRADES,True,False,,,,,
FUTURES_SHORT_MIRRORED_1X,ROLLING_365_90_90,10,ROLLING,2024-03-21T00:00:00+00:00,2025-03-20T23:59:59.999999+00:00,2025-03-21T00:00:00+00:00,2025-06-18T23:59:59.999999+00:00,365,90,90,ROLLING_365_90_90-10,2025-03-21T00:00:00+00:00,2025-06-18T23:59:59.999999+00:00,TRADE_EXIT_TIME,-0.07683623414122612297000000620,-0.01240462670333980000000000610,-7.68362341412261229700000062,-1.24046267033398000000000061,3,0,3,33.33333333333333333333333333,0.9602791599243478899592565641,-2.56120780470753743233333354,-91.99359212880502257828571452,1.899128432922451039763767197,0,1.759259259259259259259259259,6.101429175556086380000000000,0.341731568232545917000000,0,-0.341731568232545917000000,0,False,False,3,2,1,0,0,"{""RANGING"": 2062, ""TRENDING_DOWN"": 30, ""TRENDING_UP"": 68}",100,100,100,-193.4406069833473363390000004,-193.4406069833473363390000004,-193.4406069833473363390000004,,True,False,,,,,
FUTURES_SHORT_MIRRORED_1X,ROLLING_365_90_90,11,ROLLING,2024-06-19T00:00:00+00:00,2025-06-18T23:59:59.999999+00:00,2025-06-19T00:00:00+00:00,2025-09-16T23:59:59.999999+00:00,365,90,90,ROLLING_365_90_90-11,2025-06-19T00:00:00+00:00,2025-09-16T23:59:59.999999+00:00,TRADE_EXIT_TIME,-1.012036913941427374228469319,-0.9885329048162221714285714331,-101.2036913941427374228469319,-98.85329048162221714285714331,1,0,1,0,0E+25,-101.2036913941427374228469319,-101.2036913941427374228469319,1.012036913941427374228469320,0,1.898148148148148148148148148,2.439977166850195748571428572,0,0.089576254329675468581640,0.089576254329675468581640,0,False,False,1,1,0,0,0,"{""RANGING"": 2060, ""TRENDING_DOWN"": 15, ""TRENDING_UP"": 85}",0,0,0,-101.2036913941427374228469319,-101.2036913941427374228469319,-101.2036913941427374228469319,,True,False,,,,,
FUTURES_SHORT_MIRRORED_1X,ROLLING_365_90_90,12,ROLLING,2024-09-17T00:00:00+00:00,2025-09-16T23:59:59.999999+00:00,2025-09-17T00:00:00+00:00,2025-12-15T23:59:59.999999+00:00,365,90,90,ROLLING_365_90_90-12,2025-09-17T00:00:00+00:00,2025-12-15T23:59:59.999999+00:00,TRADE_EXIT_TIME,1.369196315921345922546240209,1.4915685472363143000000000,136.9196315921345922546240209,149.1568547236314300000000000,7,0,7,42.85714285714285714285714286,1.373851115779810839323155876,19.55994737030494175066057441,-60.45595118046409555714285727,1.583006389619167077345562657,0,11.01851851851851851851851852,15.93278681748345028500000000,0.236317375367718179681506,3.931881061354330719305527,3.695563685986612539624021,0,True,False,7,4,3,0,0,"{""RANGING"": 2101, ""TRENDING_DOWN"": 53, ""TRENDING_UP"": 6}",37.45020581799864391879885955,100,100,-51.5150856757824551128443333,-366.2410671331977659044210514,-366.2410671331977659044210514,RESULT_DEPENDS_ON_FEW_TRADES,True,False,,,,,
FUTURES_SHORT_MIRRORED_1X,EXPANDING_365_90_90,1,EXPANDING,2022-01-01T00:00:00+00:00,2022-12-31T23:59:59.999999+00:00,2023-01-01T00:00:00+00:00,2023-03-31T23:59:59.999999+00:00,365,90,90,EXPANDING_365_90_90-1,2023-01-01T00:00:00+00:00,2023-03-31T23:59:59.999999+00:00,TRADE_EXIT_TIME,-0.9200008485714502112286970706,-0.8944595216602631142857142935,-92.00008485714502112286970706,-89.44595216602631142857142935,1,0,1,0,0E+26,-92.00008485714502112286970706,-92.00008485714502112286970706,0.9200008485714502112286970700,0,0.7870370370370370370370370370,2.613542410032003955714285714,0,0.059409718913294261416008,0.059409718913294261416008,0,False,False,1,1,0,0,0,"{""RANGING"": 2128, ""TRENDING_DOWN"": 7, ""TRENDING_UP"": 25}",0,0,0,-92.00008485714502112286970706,-92.00008485714502112286970706,-92.00008485714502112286970706,,True,False,,,,,
FUTURES_SHORT_MIRRORED_1X,EXPANDING_365_90_90,2,EXPANDING,2022-01-01T00:00:00+00:00,2023-03-31T23:59:59.999999+00:00,2023-04-01T00:00:00+00:00,2023-06-29T23:59:59.999999+00:00,365,90,90,EXPANDING_365_90_90-2,2023-04-01T00:00:00+00:00,2023-06-29T23:59:59.999999+00:00,TRADE_EXIT_TIME,0,0,0,0,0,0,0,,,,,0,0,0,0,0,0,0,0,False,True,0,0,0,0,0,"{""RANGING"": 2154, ""TRENDING_UP"": 6}",0,0,0,0,0,0,,True,False,,,,,
FUTURES_SHORT_MIRRORED_1X,EXPANDING_365_90_90,3,EXPANDING,2022-01-01T00:00:00+00:00,2023-06-29T23:59:59.999999+00:00,2023-06-30T00:00:00+00:00,2023-09-27T23:59:59.999999+00:00,365,90,90,EXPANDING_365_90_90-3,2023-06-30T00:00:00+00:00,2023-09-27T23:59:59.999999+00:00,TRADE_EXIT_TIME,-0.5404198403974956929714285780,-0.5093853706193492571428571494,-54.04198403974956929714285780,-50.93853706193492571428571494,1,0,1,0,0E+26,-54.04198403974956929714285780,-54.04198403974956929714285780,0.5404198403974956929714285800,0,1.018518518518518518518518519,2.571288685865091342857142858,0.532158291949552240000000,0,-0.532158291949552240000000,0,False,False,1,1,0,0,0,"{""RANGING"": 2155, ""TRENDING_DOWN"": 5}",0,0,0,-54.04198403974956929714285780,-54.04198403974956929714285780,-54.04198403974956929714285780,,True,False,,,,,
FUTURES_SHORT_MIRRORED_1X,EXPANDING_365_90_90,4,EXPANDING,2022-01-01T00:00:00+00:00,2023-09-27T23:59:59.999999+00:00,2023-09-28T00:00:00+00:00,2023-12-26T23:59:59.999999+00:00,365,90,90,EXPANDING_365_90_90-4,2023-09-28T00:00:00+00:00,2023-12-26T23:59:59.999999+00:00,TRADE_EXIT_TIME,0,0,0,0,0,0,0,,,,,0,0,0,0,0,0,0,0,False,True,0,0,0,0,0,"{""RANGING"": 2146, ""TRENDING_UP"": 14}",0,0,0,0,0,0,,True,False,,,,,
FUTURES_SHORT_MIRRORED_1X,EXPANDING_365_90_90,5,EXPANDING,2022-01-01T00:00:00+00:00,2023-12-26T23:59:59.999999+00:00,2023-12-27T00:00:00+00:00,2024-03-25T23:59:59.999999+00:00,365,90,90,EXPANDING_365_90_90-5,2023-12-27T00:00:00+00:00,2024-03-25T23:59:59.999999+00:00,TRADE_EXIT_TIME,-2.631477727280961561988285723,-2.587856684860786771428571437,-263.1477727280961561988285723,-258.7856684860786771428571437,3,0,3,0,0E+25,-87.71592424269871873294285743,-99.9601903158243064481428575,2.631477727280961561988285720,0,4.583333333333333333333333333,7.478664324720908578571428572,0,3.116560082703429522600000,3.116560082703429522600000,0,False,False,3,3,0,0,0,"{""RANGING"": 2125, ""TRENDING_DOWN"": 24, ""TRENDING_UP"": 11}",0,0,0,-263.1477727280961561988285723,-263.1477727280961561988285723,-263.1477727280961561988285723,,True,False,,,,,
FUTURES_SHORT_MIRRORED_1X,EXPANDING_365_90_90,6,EXPANDING,2022-01-01T00:00:00+00:00,2024-03-25T23:59:59.999999+00:00,2024-03-26T00:00:00+00:00,2024-06-23T23:59:59.999999+00:00,365,90,90,EXPANDING_365_90_90-6,2024-03-26T00:00:00+00:00,2024-06-23T23:59:59.999999+00:00,TRADE_EXIT_TIME,-2.943815723793468427087993639,-2.820189526577561999999999999,-294.3815723793468427087993639,-282.0189526577561999999999999,6,0,6,16.66666666666666666666666667,0.3483451601339569866941948394,-49.06359539655780711813322732,-85.9009190452367614708142857,3.596055582925634515910731229,0,2.777777777777777777777777778,13.55664273360660207000000000,0,1.194023012015959361200636,1.194023012015959361200636,0,False,False,6,5,1,0,0,"{""RANGING"": 2108, ""TRENDING_DOWN"": 25, ""TRENDING_UP"": 27}",100,100,100,-451.7446267104548654287993640,-451.7446267104548654287993640,-451.7446267104548654287993640,,True,False,,,,,
FUTURES_SHORT_MIRRORED_1X,EXPANDING_365_90_90,7,EXPANDING,2022-01-01T00:00:00+00:00,2024-06-23T23:59:59.999999+00:00,2024-06-24T00:00:00+00:00,2024-09-21T23:59:59.999999+00:00,365,90,90,EXPANDING_365_90_90-7,2024-06-24T00:00:00+00:00,2024-09-21T23:59:59.999999+00:00,TRADE_EXIT_TIME,-0.4832891651232156980065267650,-0.3645831325867394714285714185,-48.32891651232156980065267650,-36.45831325867394714285714185,6,0,6,33.33333333333333333333333333,0.8662338036310063641696018454,-8.05481941872026163344211275,-82.616748871439059152038631,1.932061807109538672526262074,0,3.148148148148148148148148148,12.65992321835839792357142857,0.119711905213007120146844,0.909031869923782385922738,0.789319964710775265775894,0,False,False,6,4,2,0,0,"{""HIGH_VOLATILITY"": 6, ""RANGING"": 2112, ""TRENDING_DOWN"": 42}",58.69441361114813273069164681,100,100,-232.0219035560530119035098196,-361.2939428957552490170812485,-361.2939428957552490170812485,,True,False,,,,,
FUTURES_SHORT_MIRRORED_1X,EXPANDING_365_90_90,8,EXPANDING,2022-01-01T00:00:00+00:00,2024-09-21T23:59:59.999999+00:00,2024-09-22T00:00:00+00:00,2024-12-20T23:59:59.999999+00:00,365,90,90,EXPANDING_365_90_90-8,2024-09-22T00:00:00+00:00,2024-12-20T23:59:59.999999+00:00,TRADE_EXIT_TIME,-1.110351601737601366800913001,-1.028664864109770528571428566,-111.0351601737601366800913001,-102.8664864109770528571428566,4,0,4,25.00,0.5357024163162784185461629485,-27.75879004344003417002282502,-70.3554114534352473868227928,1.407108229068704947736455850,0,2.453703703703703703703703704,9.156289079861116466428571428,0,0.987615317078032643480128,0.987615317078032643480128,0,False,False,4,3,1,0,0,"{""RANGING"": 2088, ""TRENDING_DOWN"": 30, ""TRENDING_UP"": 42}",100,100,100,-239.1465389348160506800813001,-239.1465389348160506800813001,-239.1465389348160506800813001,,True,False,,,,,
FUTURES_SHORT_MIRRORED_1X,EXPANDING_365_90_90,9,EXPANDING,2022-01-01T00:00:00+00:00,2024-12-20T23:59:59.999999+00:00,2024-12-21T00:00:00+00:00,2025-03-20T23:59:59.999999+00:00,365,90,90,EXPANDING_365_90_90-9,2024-12-21T00:00:00+00:00,2025-03-20T23:59:59.999999+00:00,TRADE_EXIT_TIME,3.065340343072825528793238178,3.239777538533638842857142847,306.5340343072825528793238178,323.9777538533638842857142847,10,0,10,50.0,1.597622514983958351721265642,30.65340343072825528793238178,9.27995196218406682634595696,4.740741812299618192820204766,0,9.398148148148148148148148148,20.93935709574189179785714286,0.090850261897699769313522,3.586487811558260160780198,3.495637549660560391466676,0,True,False,10,5,5,0,0,"{""HIGH_VOLATILITY"": 13, ""RANGING"": 2081, ""TRENDING_DOWN"": 61, ""TRENDING_UP"": 5}",23.52706116678439457632872613,68.31862182490059831275192096,100,113.7399942985765242678952466,-253.3073762317019853054984534,-512.9224997748129941439046532,RESULT_DEPENDS_ON_FEW_TRADES,True,False,,,,,
FUTURES_SHORT_MIRRORED_1X,EXPANDING_365_90_90,10,EXPANDING,2022-01-01T00:00:00+00:00,2025-03-20T23:59:59.999999+00:00,2025-03-21T00:00:00+00:00,2025-06-18T23:59:59.999999+00:00,365,90,90,EXPANDING_365_90_90-10,2025-03-21T00:00:00+00:00,2025-06-18T23:59:59.999999+00:00,TRADE_EXIT_TIME,-0.07683623414122612297000000620,-0.01240462670333980000000000610,-7.68362341412261229700000062,-1.24046267033398000000000061,3,0,3,33.33333333333333333333333333,0.9602791599243478899592565641,-2.56120780470753743233333354,-91.99359212880502257828571452,1.899128432922451039763767197,0,1.759259259259259259259259259,6.101429175556086380000000000,0.341731568232545917000000,0,-0.341731568232545917000000,0,False,False,3,2,1,0,0,"{""RANGING"": 2062, ""TRENDING_DOWN"": 30, ""TRENDING_UP"": 68}",100,100,100,-193.4406069833473363390000004,-193.4406069833473363390000004,-193.4406069833473363390000004,,True,False,,,,,
FUTURES_SHORT_MIRRORED_1X,EXPANDING_365_90_90,11,EXPANDING,2022-01-01T00:00:00+00:00,2025-06-18T23:59:59.999999+00:00,2025-06-19T00:00:00+00:00,2025-09-16T23:59:59.999999+00:00,365,90,90,EXPANDING_365_90_90-11,2025-06-19T00:00:00+00:00,2025-09-16T23:59:59.999999+00:00,TRADE_EXIT_TIME,-1.012036913941427374228469319,-0.9885329048162221714285714331,-101.2036913941427374228469319,-98.85329048162221714285714331,1,0,1,0,0E+25,-101.2036913941427374228469319,-101.2036913941427374228469319,1.012036913941427374228469320,0,1.898148148148148148148148148,2.439977166850195748571428572,0,0.089576254329675468581640,0.089576254329675468581640,0,False,False,1,1,0,0,0,"{""RANGING"": 2060, ""TRENDING_DOWN"": 15, ""TRENDING_UP"": 85}",0,0,0,-101.2036913941427374228469319,-101.2036913941427374228469319,-101.2036913941427374228469319,,True,False,,,,,
FUTURES_SHORT_MIRRORED_1X,EXPANDING_365_90_90,12,EXPANDING,2022-01-01T00:00:00+00:00,2025-09-16T23:59:59.999999+00:00,2025-09-17T00:00:00+00:00,2025-12-15T23:59:59.999999+00:00,365,90,90,EXPANDING_365_90_90-12,2025-09-17T00:00:00+00:00,2025-12-15T23:59:59.999999+00:00,TRADE_EXIT_TIME,1.369196315921345922546240209,1.4915685472363143000000000,136.9196315921345922546240209,149.1568547236314300000000000,7,0,7,42.85714285714285714285714286,1.373851115779810839323155876,19.55994737030494175066057441,-60.45595118046409555714285727,1.583006389619167077345562657,0,11.01851851851851851851851852,15.93278681748345028500000000,0.236317375367718179681506,3.931881061354330719305527,3.695563685986612539624021,0,True,False,7,4,3,0,0,"{""RANGING"": 2101, ""TRENDING_DOWN"": 53, ""TRENDING_UP"": 6}",37.45020581799864391879885955,100,100,-51.5150856757824551128443333,-366.2410671331977659044210514,-366.2410671331977659044210514,RESULT_DEPENDS_ON_FEW_TRADES,True,False,,,,,
FUTURES_SHORT_MIRRORED_1X,ROLLING_730_90_90,1,ROLLING,2022-01-01T00:00:00+00:00,2023-12-31T23:59:59.999999+00:00,2024-01-01T00:00:00+00:00,2024-03-30T23:59:59.999999+00:00,730,90,90,ROLLING_730_90_90-1,2024-01-01T00:00:00+00:00,2024-03-30T23:59:59.999999+00:00,TRADE_EXIT_TIME,-2.631477727280961561988285723,-2.587856684860786771428571437,-263.1477727280961561988285723,-258.7856684860786771428571437,3,0,3,0,0E+25,-87.71592424269871873294285743,-99.9601903158243064481428575,2.631477727280961561988285720,0,4.583333333333333333333333333,7.478664324720908578571428572,0,3.116560082703429522600000,3.116560082703429522600000,0,False,False,3,3,0,0,0,"{""RANGING"": 2125, ""TRENDING_DOWN"": 24, ""TRENDING_UP"": 11}",0,0,0,-263.1477727280961561988285723,-263.1477727280961561988285723,-263.1477727280961561988285723,,True,False,,,,,
FUTURES_SHORT_MIRRORED_1X,ROLLING_730_90_90,2,ROLLING,2022-04-01T00:00:00+00:00,2024-03-30T23:59:59.999999+00:00,2024-03-31T00:00:00+00:00,2024-06-28T23:59:59.999999+00:00,730,90,90,ROLLING_730_90_90-2,2024-03-31T00:00:00+00:00,2024-06-28T23:59:59.999999+00:00,TRADE_EXIT_TIME,-2.943815723793468427087993639,-2.820189526577561999999999999,-294.3815723793468427087993639,-282.0189526577561999999999999,6,0,6,16.66666666666666666666666667,0.3483451601339569866941948394,-49.06359539655780711813322732,-85.9009190452367614708142857,3.596055582925634515910731229,0,2.777777777777777777777777778,13.55664273360660207000000000,0,1.194023012015959361200636,1.194023012015959361200636,0,False,False,6,5,1,0,0,"{""RANGING"": 2108, ""TRENDING_DOWN"": 25, ""TRENDING_UP"": 27}",100,100,100,-451.7446267104548654287993640,-451.7446267104548654287993640,-451.7446267104548654287993640,,True,False,,,,,
FUTURES_SHORT_MIRRORED_1X,ROLLING_730_90_90,3,ROLLING,2022-06-30T00:00:00+00:00,2024-06-28T23:59:59.999999+00:00,2024-06-29T00:00:00+00:00,2024-09-26T23:59:59.999999+00:00,730,90,90,ROLLING_730_90_90-3,2024-06-29T00:00:00+00:00,2024-09-26T23:59:59.999999+00:00,TRADE_EXIT_TIME,-0.4832891651232156980065267650,-0.3645831325867394714285714185,-48.32891651232156980065267650,-36.45831325867394714285714185,6,0,6,33.33333333333333333333333333,0.8662338036310063641696018454,-8.05481941872026163344211275,-82.616748871439059152038631,1.932061807109538672526262074,0,3.148148148148148148148148148,12.65992321835839792357142857,0.119711905213007120146844,0.909031869923782385922738,0.789319964710775265775894,0,False,False,6,4,2,0,0,"{""HIGH_VOLATILITY"": 6, ""RANGING"": 2112, ""TRENDING_DOWN"": 42}",58.69441361114813273069164681,100,100,-232.0219035560530119035098196,-361.2939428957552490170812485,-361.2939428957552490170812485,,True,False,,,,,
FUTURES_SHORT_MIRRORED_1X,ROLLING_730_90_90,4,ROLLING,2022-09-28T00:00:00+00:00,2024-09-26T23:59:59.999999+00:00,2024-09-27T00:00:00+00:00,2024-12-25T23:59:59.999999+00:00,730,90,90,ROLLING_730_90_90-4,2024-09-27T00:00:00+00:00,2024-12-25T23:59:59.999999+00:00,TRADE_EXIT_TIME,-1.110351601737601366800913001,-1.028664864109770528571428566,-111.0351601737601366800913001,-102.8664864109770528571428566,4,0,4,25.00,0.5357024163162784185461629485,-27.75879004344003417002282502,-70.3554114534352473868227928,1.407108229068704947736455850,0,2.453703703703703703703703704,9.156289079861116466428571428,0,0.987615317078032643480128,0.987615317078032643480128,0,False,False,4,3,1,0,0,"{""RANGING"": 2088, ""TRENDING_DOWN"": 30, ""TRENDING_UP"": 42}",100,100,100,-239.1465389348160506800813001,-239.1465389348160506800813001,-239.1465389348160506800813001,,True,False,,,,,
FUTURES_SHORT_MIRRORED_1X,ROLLING_730_90_90,5,ROLLING,2022-12-27T00:00:00+00:00,2024-12-25T23:59:59.999999+00:00,2024-12-26T00:00:00+00:00,2025-03-25T23:59:59.999999+00:00,730,90,90,ROLLING_730_90_90-5,2024-12-26T00:00:00+00:00,2025-03-25T23:59:59.999999+00:00,TRADE_EXIT_TIME,3.065340343072825528793238178,3.239777538533638842857142847,306.5340343072825528793238178,323.9777538533638842857142847,10,0,10,50.0,1.597622514983958351721265642,30.65340343072825528793238178,9.27995196218406682634595696,4.740741812299618192820204766,0,9.398148148148148148148148148,20.93935709574189179785714286,0.090850261897699769313522,3.586487811558260160780198,3.495637549660560391466676,0,True,False,10,5,5,0,0,"{""HIGH_VOLATILITY"": 13, ""RANGING"": 2081, ""TRENDING_DOWN"": 61, ""TRENDING_UP"": 5}",23.52706116678439457632872613,68.31862182490059831275192096,100,113.7399942985765242678952466,-253.3073762317019853054984534,-512.9224997748129941439046532,RESULT_DEPENDS_ON_FEW_TRADES,True,False,,,,,
FUTURES_SHORT_MIRRORED_1X,ROLLING_730_90_90,6,ROLLING,2023-03-27T00:00:00+00:00,2025-03-25T23:59:59.999999+00:00,2025-03-26T00:00:00+00:00,2025-06-23T23:59:59.999999+00:00,730,90,90,ROLLING_730_90_90-6,2025-03-26T00:00:00+00:00,2025-06-23T23:59:59.999999+00:00,TRADE_EXIT_TIME,-1.088873148082653497198469325,-1.000937531519561971428571439,-108.8873148082653497198469325,-100.0937531519561971428571439,4,0,4,25.00,0.6304448604372382837449975877,-27.22182870206633742996173312,-96.5986417614738800005663232,2.892708895890453422688693636,0,3.657407407407407407407407407,8.541406342406282128571428572,0.341731568232545917000000,0.089576254329675468581640,-0.252155313902870448418360,0,False,False,4,3,1,0,0,"{""RANGING"": 2047, ""TRENDING_DOWN"": 45, ""TRENDING_UP"": 68}",100,100,100,-294.6442983774900737618469323,-294.6442983774900737618469323,-294.6442983774900737618469323,,True,False,,,,,
FUTURES_SHORT_MIRRORED_1X,ROLLING_730_90_90,7,ROLLING,2023-06-25T00:00:00+00:00,2025-06-23T23:59:59.999999+00:00,2025-06-24T00:00:00+00:00,2025-09-21T23:59:59.999999+00:00,730,90,90,ROLLING_730_90_90-7,2025-06-24T00:00:00+00:00,2025-09-21T23:59:59.999999+00:00,TRADE_EXIT_TIME,0,0,0,0,0,0,0,,,,,0,0,0,0,0,0,0,0,False,True,0,0,0,0,0,"{""RANGING"": 2075, ""TRENDING_UP"": 85}",0,0,0,0,0,0,,True,False,,,,,
FUTURES_SHORT_MIRRORED_1X,ROLLING_730_90_90,8,ROLLING,2023-09-23T00:00:00+00:00,2025-09-21T23:59:59.999999+00:00,2025-09-22T00:00:00+00:00,2025-12-20T23:59:59.999999+00:00,730,90,90,ROLLING_730_90_90-8,2025-09-22T00:00:00+00:00,2025-12-20T23:59:59.999999+00:00,TRADE_EXIT_TIME,1.369196315921345922546240209,1.4915685472363143000000000,136.9196315921345922546240209,149.1568547236314300000000000,7,0,7,42.85714285714285714285714286,1.373851115779810839323155876,19.55994737030494175066057441,-60.45595118046409555714285727,1.583006389619167077345562657,0,11.01851851851851851851851852,15.93278681748345028500000000,0.236317375367718179681506,3.931881061354330719305527,3.695563685986612539624021,0,True,False,7,4,3,0,0,"{""RANGING"": 2101, ""TRENDING_DOWN"": 53, ""TRENDING_UP"": 6}",37.45020581799864391879885955,100,100,-51.5150856757824551128443333,-366.2410671331977659044210514,-366.2410671331977659044210514,RESULT_DEPENDS_ON_FEW_TRADES,True,False,,,,,
FUTURES_SHORT_MIRRORED_1X,ROLLING_365_180_90,1,ROLLING,2022-01-01T00:00:00+00:00,2022-12-31T23:59:59.999999+00:00,2023-01-01T00:00:00+00:00,2023-06-29T23:59:59.999999+00:00,365,180,90,ROLLING_365_180_90-1,2023-01-01T00:00:00+00:00,2023-06-29T23:59:59.999999+00:00,TRADE_EXIT_TIME,-0.9200008485714502112286970706,-0.8944595216602631142857142935,-92.00008485714502112286970706,-89.44595216602631142857142935,1,0,1,0,0E+26,-92.00008485714502112286970706,-92.00008485714502112286970706,0.9200008485714502112286970700,0,0.3935185185185185185185185185,2.613542410032003955714285714,0,0.059409718913294261416008,0.059409718913294261416008,0,False,False,1,1,0,0,0,"{""RANGING"": 4282, ""TRENDING_DOWN"": 7, ""TRENDING_UP"": 31}",0,0,0,-92.00008485714502112286970706,-92.00008485714502112286970706,-92.00008485714502112286970706,,True,False,,,,,
FUTURES_SHORT_MIRRORED_1X,ROLLING_365_180_90,2,ROLLING,2022-04-01T00:00:00+00:00,2023-03-31T23:59:59.999999+00:00,2023-04-01T00:00:00+00:00,2023-09-27T23:59:59.999999+00:00,365,180,90,ROLLING_365_180_90-2,2023-04-01T00:00:00+00:00,2023-09-27T23:59:59.999999+00:00,TRADE_EXIT_TIME,-0.5404198403974956929714285780,-0.5093853706193492571428571494,-54.04198403974956929714285780,-50.93853706193492571428571494,1,0,1,0,0E+26,-54.04198403974956929714285780,-54.04198403974956929714285780,0.5404198403974956929714285800,0,0.5092592592592592592592592593,2.571288685865091342857142858,0.532158291949552240000000,0,-0.532158291949552240000000,0,False,False,1,1,0,0,0,"{""RANGING"": 4309, ""TRENDING_DOWN"": 5, ""TRENDING_UP"": 6}",0,0,0,-54.04198403974956929714285780,-54.04198403974956929714285780,-54.04198403974956929714285780,,True,False,,,,,
FUTURES_SHORT_MIRRORED_1X,ROLLING_365_180_90,3,ROLLING,2022-06-30T00:00:00+00:00,2023-06-29T23:59:59.999999+00:00,2023-06-30T00:00:00+00:00,2023-12-26T23:59:59.999999+00:00,365,180,90,ROLLING_365_180_90-3,2023-06-30T00:00:00+00:00,2023-12-26T23:59:59.999999+00:00,TRADE_EXIT_TIME,-0.5404198403974956929714285780,-0.5093853706193492571428571494,-54.04198403974956929714285780,-50.93853706193492571428571494,1,0,1,0,0E+26,-54.04198403974956929714285780,-54.04198403974956929714285780,0.5404198403974956929714285800,0,0.5092592592592592592592592593,2.571288685865091342857142858,0.532158291949552240000000,0,-0.532158291949552240000000,0,False,False,1,1,0,0,0,"{""RANGING"": 4301, ""TRENDING_DOWN"": 5, ""TRENDING_UP"": 14}",0,0,0,-54.04198403974956929714285780,-54.04198403974956929714285780,-54.04198403974956929714285780,,True,False,,,,,
FUTURES_SHORT_MIRRORED_1X,ROLLING_365_180_90,4,ROLLING,2022-09-28T00:00:00+00:00,2023-09-27T23:59:59.999999+00:00,2023-09-28T00:00:00+00:00,2024-03-25T23:59:59.999999+00:00,365,180,90,ROLLING_365_180_90-4,2023-09-28T00:00:00+00:00,2024-03-25T23:59:59.999999+00:00,TRADE_EXIT_TIME,-2.631477727280961561988285723,-2.587856684860786771428571437,-263.1477727280961561988285723,-258.7856684860786771428571437,3,0,3,0,0E+25,-87.71592424269871873294285743,-99.9601903158243064481428575,2.631477727280961561988285720,0,2.291666666666666666666666667,7.478664324720908578571428572,0,3.116560082703429522600000,3.116560082703429522600000,0,False,False,3,3,0,0,0,"{""RANGING"": 4271, ""TRENDING_DOWN"": 24, ""TRENDING_UP"": 25}",0,0,0,-263.1477727280961561988285723,-263.1477727280961561988285723,-263.1477727280961561988285723,,True,False,,,,,
FUTURES_SHORT_MIRRORED_1X,ROLLING_365_180_90,5,ROLLING,2022-12-27T00:00:00+00:00,2023-12-26T23:59:59.999999+00:00,2023-12-27T00:00:00+00:00,2024-06-23T23:59:59.999999+00:00,365,180,90,ROLLING_365_180_90-5,2023-12-27T00:00:00+00:00,2024-06-23T23:59:59.999999+00:00,TRADE_EXIT_TIME,-5.575293451074429989076279362,-5.408046211438348771428571436,-557.5293451074429989076279362,-540.8046211438348771428571436,9,0,9,11.11111111111111111111111111,0.2201213139973161130007498393,-61.94770501193811098973643736,-89.70608623959846942948571461,5.575293451074429989076279360,0,3.680555555555555555555555556,21.03530705832751064857142857,0,4.310583094719388883800636,4.310583094719388883800636,0,False,False,9,8,1,0,0,"{""RANGING"": 4233, ""TRENDING_DOWN"": 49, ""TRENDING_UP"": 38}",100,100,100,-714.8923994385510216276279363,-714.8923994385510216276279363,-714.8923994385510216276279363,,True,False,,,,,
FUTURES_SHORT_MIRRORED_1X,ROLLING_365_180_90,6,ROLLING,2023-03-27T00:00:00+00:00,2024-03-25T23:59:59.999999+00:00,2024-03-26T00:00:00+00:00,2024-09-21T23:59:59.999999+00:00,365,180,90,ROLLING_365_180_90-6,2024-03-26T00:00:00+00:00,2024-09-21T23:59:59.999999+00:00,TRADE_EXIT_TIME,-3.427104888916684125094520404,-3.184772659164301471428571418,-342.7104888916684125094520404,-318.4772659164301471428571418,12,0,12,25.00,0.5784818805611424012488516985,-28.55920740763903437578767003,-85.9009190452367614708142857,5.237286489645739555080276329,0,2.962962962962962962962962963,26.21656595196499999357142858,0.119711905213007120146844,2.103054881939741747123374,1.983342976726734626976530,0,False,False,12,9,3,0,0,"{""HIGH_VOLATILITY"": 6, ""RANGING"": 4220, ""TRENDING_DOWN"": 67, ""TRENDING_UP"": 27}",39.05635121012921989512743934,100,100,-526.4034759353998546123091835,-813.0385696062101144458806125,-813.0385696062101144458806125,,True,False,,,,,
FUTURES_SHORT_MIRRORED_1X,ROLLING_365_180_90,7,ROLLING,2023-06-25T00:00:00+00:00,2024-06-23T23:59:59.999999+00:00,2024-06-24T00:00:00+00:00,2024-12-20T23:59:59.999999+00:00,365,180,90,ROLLING_365_180_90-7,2024-06-24T00:00:00+00:00,2024-12-20T23:59:59.999999+00:00,TRADE_EXIT_TIME,-1.593640766860817064807439765,-1.393247996696509999999999984,-159.3640766860817064807439765,-139.3247996696509999999999984,10,0,10,30.0,0.7345880540895140585787408597,-15.93640766860817064807439765,-77.9932847650168812878571427,3.318685236294020358087571771,0,2.800925925925925925925925926,21.81621229821951439000000000,0.119711905213007120146844,1.896647187001815029402866,1.776935281788807909256022,0,False,False,10,7,3,0,0,"{""HIGH_VOLATILITY"": 6, ""RANGING"": 4200, ""TRENDING_DOWN"": 72, ""TRENDING_UP"": 42}",41.64652311962970457658519939,100,100,-343.0570637298131485836011196,-600.4404818305712996971625485,-600.4404818305712996971625485,,True,False,,,,,
FUTURES_SHORT_MIRRORED_1X,ROLLING_365_180_90,8,ROLLING,2023-09-23T00:00:00+00:00,2024-09-21T23:59:59.999999+00:00,2024-09-22T00:00:00+00:00,2025-03-20T23:59:59.999999+00:00,365,180,90,ROLLING_365_180_90-8,2024-09-22T00:00:00+00:00,2025-03-20T23:59:59.999999+00:00,TRADE_EXIT_TIME,1.954988741335224161992325177,2.211112674423868314285714281,195.4988741335224161992325177,221.1112674423868314285714281,14,0,14,42.85714285714285714285714286,1.259948042095911592870075689,13.96420529525160115708803698,-70.3554114534352473868227928,4.789898360038177134405081427,0,5.925925925925925925925925926,30.09564617560300826428571429,0.090850261897699769313522,4.574103128636292804260326,4.483252866738593034946804,0,True,False,14,8,6,0,0,"{""HIGH_VOLATILITY"": 13, ""RANGING"": 4169, ""TRENDING_DOWN"": 91, ""TRENDING_UP"": 47}",20.34619760711744808686036338,59.08192995467689312924406923,87.57236710675286359967084950,2.7048341248163875878039465,-364.3425364054621219855897535,-634.3087770872781971255797535,RESULT_DEPENDS_ON_FEW_TRADES,True,False,,,,,
FUTURES_SHORT_MIRRORED_1X,ROLLING_365_180_90,9,ROLLING,2023-12-22T00:00:00+00:00,2024-12-20T23:59:59.999999+00:00,2024-12-21T00:00:00+00:00,2025-06-18T23:59:59.999999+00:00,365,180,90,ROLLING_365_180_90-9,2024-12-21T00:00:00+00:00,2025-06-18T23:59:59.999999+00:00,TRADE_EXIT_TIME,2.988504108931599405823238172,3.227372911830299042857142841,298.8504108931599405823238172,322.7372911830299042857142841,13,0,13,46.15384615384615384615384615,1.423083266996669827563646329,22.98849314562768773710183209,-91.99359212880502257828571452,4.811758534719257525975010241,0,5.578703703703703703703703704,27.04078627129797817785714286,0.432581830130245686313522,3.586487811558260160780198,3.153905981428014474466676,0,True,False,13,7,6,0,0,"{""HIGH_VOLATILITY"": 13, ""RANGING"": 4143, ""TRENDING_DOWN"": 91, ""TRENDING_UP"": 73}",19.17941179891501913558319734,56.07070963602431460938349757,88.28504993670424318508322224,106.0563708844539119708952460,-264.7799418111778692673555969,-588.6028451358094827844984538,RESULT_DEPENDS_ON_FEW_TRADES,True,False,,,,,
FUTURES_SHORT_MIRRORED_1X,ROLLING_365_180_90,10,ROLLING,2024-03-21T00:00:00+00:00,2025-03-20T23:59:59.999999+00:00,2025-03-21T00:00:00+00:00,2025-09-16T23:59:59.999999+00:00,365,180,90,ROLLING_365_180_90-10,2025-03-21T00:00:00+00:00,2025-09-16T23:59:59.999999+00:00,TRADE_EXIT_TIME,-1.088873148082653497198469325,-1.000937531519561971428571439,-108.8873148082653497198469325,-100.0937531519561971428571439,4,0,4,25.00,0.6304448604372382837449975877,-27.22182870206633742996173312,-96.5986417614738800005663232,2.892708895890453422688693636,0,1.828703703703703703703703704,8.541406342406282128571428572,0.341731568232545917000000,0.089576254329675468581640,-0.252155313902870448418360,0,False,False,4,3,1,0,0,"{""RANGING"": 4122, ""TRENDING_DOWN"": 45, ""TRENDING_UP"": 153}",100,100,100,-294.6442983774900737618469323,-294.6442983774900737618469323,-294.6442983774900737618469323,,True,False,,,,,
FUTURES_SHORT_MIRRORED_1X,ROLLING_365_180_90,11,ROLLING,2024-06-19T00:00:00+00:00,2025-06-18T23:59:59.999999+00:00,2025-06-19T00:00:00+00:00,2025-12-15T23:59:59.999999+00:00,365,180,90,ROLLING_365_180_90-11,2025-06-19T00:00:00+00:00,2025-12-15T23:59:59.999999+00:00,TRADE_EXIT_TIME,0.3571594019799185483177708903,0.5030356424200921285714285669,35.71594019799185483177708903,50.30356424200921285714285669,8,0,8,37.500,1.076406761540150750270232896,4.464492524748981853972136129,-80.76820617716965172769789605,1.598714770829106788181357050,0,6.458333333333333333333333333,18.37276398433364603357142857,0.236317375367718179681506,4.021457315684006187887167,3.785139940316288008205661,0,True,False,8,5,3,0,0,"{""RANGING"": 4161, ""TRENDING_DOWN"": 68, ""TRENDING_UP"": 91}",37.45020581799864391879885955,100,100,-152.7187770699251925356912652,-467.4447585273405033272679833,-467.4447585273405033272679833,RESULT_DEPENDS_ON_FEW_TRADES,True,False,,,,,
FUTURES_SHORT_MIRRORED_1X,EXPANDING_365_90_90,CONSOLIDATED,,,,,,,,,,,,,,,,,42,,,,,,,,,,,,,,,,,,,,,,,,,,,,,,True,False,12,-0.5118545027603556954889776715,-0.4403076163327229169952363096,16.66666666666666666666666667,16.66666666666666666666666667
FUTURES_SHORT_MIRRORED_1X,ROLLING_365_180_90,CONSOLIDATED,,,,,,,,,,,,,,,,,76,,,,,,,,,,,,,,,,,,,,,,,,,,,,,,True,False,11,-0.9200008485714502112286970706,-1.001507114485022338109383143,27.27272727272727272727272727,0
FUTURES_SHORT_MIRRORED_1X,ROLLING_365_90_90,CONSOLIDATED,,,,,,,,,,,,,,,,,42,,,,,,,,,,,,,,,,,,,,,,,,,,,,,,True,False,12,-0.5118545027603556954889776715,-0.4403076163327229169952363096,16.66666666666666666666666667,16.66666666666666666666666667
FUTURES_SHORT_MIRRORED_1X,ROLLING_730_90_90,CONSOLIDATED,,,,,,,,,,,,,,,,,40,,,,,,,,,,,,,,,,,,,,,,,,,,,,,,True,False,8,-0.786081156602934597602498045,-0.4779088383779661374678387582,25.00,12.500
FUTURES_LONG_SHORT_BASELINE_1X,ROLLING_365_90_90,1,ROLLING,2022-01-01T00:00:00+00:00,2022-12-31T23:59:59.999999+00:00,2023-01-01T00:00:00+00:00,2023-03-31T23:59:59.999999+00:00,365,90,90,ROLLING_365_90_90-1,2023-01-01T00:00:00+00:00,2023-03-31T23:59:59.999999+00:00,TRADE_EXIT_TIME,-1.105856285731508882880091518,-0.9972249369899971714285714381,-110.5856285731508882880091518,-99.72249369899971714285714381,4,3,1,25.00,0.5000145788589213888823481072,-27.64640714328772207200228795,-66.3335468683084544485714290,1.548793360169342819061091520,1.2500,0.7870370370370370370370370370,9.921723595997852820000000000,0.998567645068360371900000,0.057156366915042046747992,-0.941411278153318325152008,0,False,False,4,3,1,0,0,"{""RANGING"": 2128, ""TRENDING_DOWN"": 7, ""TRENDING_UP"": 25}",100,100,100,-221.1777061834517864661091524,-221.1777061834517864661091524,-221.1777061834517864661091524,,True,False,,,,,
FUTURES_LONG_SHORT_BASELINE_1X,ROLLING_365_90_90,2,ROLLING,2022-04-01T00:00:00+00:00,2023-03-31T23:59:59.999999+00:00,2023-04-01T00:00:00+00:00,2023-06-29T23:59:59.999999+00:00,365,90,90,ROLLING_365_90_90-2,2023-04-01T00:00:00+00:00,2023-06-29T23:59:59.999999+00:00,TRADE_EXIT_TIME,0,0,0,0,0,0,0,,,,,0,0,0,0,0,0,0,0,False,True,0,0,0,0,0,"{""RANGING"": 2154, ""TRENDING_UP"": 6}",0,0,0,0,0,0,,True,False,,,,,
FUTURES_LONG_SHORT_BASELINE_1X,ROLLING_365_90_90,3,ROLLING,2022-06-30T00:00:00+00:00,2023-06-29T23:59:59.999999+00:00,2023-06-30T00:00:00+00:00,2023-09-27T23:59:59.999999+00:00,365,90,90,ROLLING_365_90_90-3,2023-06-30T00:00:00+00:00,2023-09-27T23:59:59.999999+00:00,TRADE_EXIT_TIME,-0.5222728854418780850428571492,-0.4922805334451981142857142921,-52.22728854418780850428571492,-49.22805334451981142857142921,1,0,1,0,0E+26,-52.22728854418780850428571492,-52.22728854418780850428571492,0.5222728854418780850428571500,0,1.018518518518518518518518519,2.484946445125072735714285714,0.514288754542924340000000,0,-0.514288754542924340000000,0,False,False,1,1,0,0,0,"{""RANGING"": 2155, ""TRENDING_DOWN"": 5}",0,0,0,-52.22728854418780850428571492,-52.22728854418780850428571492,-52.22728854418780850428571492,,True,False,,,,,
FUTURES_LONG_SHORT_BASELINE_1X,ROLLING_365_90_90,4,ROLLING,2022-09-28T00:00:00+00:00,2023-09-27T23:59:59.999999+00:00,2023-09-28T00:00:00+00:00,2023-12-26T23:59:59.999999+00:00,365,90,90,ROLLING_365_90_90-4,2023-09-28T00:00:00+00:00,2023-12-26T23:59:59.999999+00:00,TRADE_EXIT_TIME,-0.7062817077664685097428571467,-0.6821500267421453714285714324,-70.62817077664685097428571467,-68.21500267421453714285714324,1,1,0,0,0E+26,-70.62817077664685097428571467,-70.62817077664685097428571467,0.7062817077664685097428571500,0.04629629629629629629629629630,0,2.413168102432313831428571428,0,0,0,0,False,False,1,1,0,0,0,"{""RANGING"": 2146, ""TRENDING_UP"": 14}",0,0,0,-70.62817077664685097428571467,-70.62817077664685097428571467,-70.62817077664685097428571467,,True,False,,,,,
FUTURES_LONG_SHORT_BASELINE_1X,ROLLING_365_90_90,5,ROLLING,2022-12-27T00:00:00+00:00,2023-12-26T23:59:59.999999+00:00,2023-12-27T00:00:00+00:00,2024-03-25T23:59:59.999999+00:00,365,90,90,ROLLING_365_90_90-5,2023-12-27T00:00:00+00:00,2024-03-25T23:59:59.999999+00:00,TRADE_EXIT_TIME,-3.517894135081988406457371438,-3.443568675130708628571428582,-351.7894135081988406457371438,-344.3568675130708628571428582,4,1,3,0,0E+25,-87.94735337704971016143428595,-96.5791436474311498869285717,3.517894135081988406457371450,2.129629629629629629629629630,4.583333333333333333333333333,9.270396829761528685714285715,1.120954750158460000000000,2.958805584792010897120000,1.837850834633550897120000,0,False,False,4,4,0,0,0,"{""RANGING"": 2125, ""TRENDING_DOWN"": 24, ""TRENDING_UP"": 11}",0,0,0,-351.7894135081988406457371438,-351.7894135081988406457371438,-351.7894135081988406457371438,,True,False,,,,,
FUTURES_LONG_SHORT_BASELINE_1X,ROLLING_365_90_90,6,ROLLING,2023-03-27T00:00:00+00:00,2024-03-25T23:59:59.999999+00:00,2024-03-26T00:00:00+00:00,2024-06-23T23:59:59.999999+00:00,365,90,90,ROLLING_365_90_90-6,2024-03-26T00:00:00+00:00,2024-06-23T23:59:59.999999+00:00,TRADE_EXIT_TIME,-1.088555101212369277977629442,-0.9248042756464572000000000,-108.8555101212369277977629442,-92.4804275646457200000000000,7,1,6,28.57142857142857142857142857,0.7461854610354090649308186936,-15.55078716017670397110899203,-77.94021699744582643714285681,3.415191644012830142777732183,2.777777777777777777777777778,2.777777777777777777777777778,15.22959416940765124714285714,2.279072166993642133403400,1.133583779810085582783313,-1.145488387183556550620087,0,False,False,7,5,2,0,0,"{""RANGING"": 2108, ""TRENDING_DOWN"": 25, ""TRENDING_UP"": 27}",53.31654405057925382942833440,100,100,-279.4805223188511173786452583,-428.8781508155571107272166870,-428.8781508155571107272166870,,True,False,,,,,
FUTURES_LONG_SHORT_BASELINE_1X,ROLLING_365_90_90,7,ROLLING,2023-06-25T00:00:00+00:00,2024-06-23T23:59:59.999999+00:00,2024-06-24T00:00:00+00:00,2024-09-21T23:59:59.999999+00:00,365,90,90,ROLLING_365_90_90-7,2024-06-24T00:00:00+00:00,2024-09-21T23:59:59.999999+00:00,TRADE_EXIT_TIME,-0.4674410573231234193007477551,-0.3526276533743517285714285607,-46.74410573231234193007477551,-35.26276533743517285714285607,6,0,6,33.33333333333333333333333333,0.8662338055699760382128574941,-7.790684288718723655012462585,-79.907566016218266847432788,1.869597840550126223776166786,0,3.148148148148148148148148148,12.24477683994320269642857143,0.115786292801428101637772,0.879222737867461725134424,0.763436445066033623496652,0,False,False,6,4,2,0,0,"{""HIGH_VOLATILITY"": 6, ""RANGING"": 2112, ""TRENDING_DOWN"": 42}",58.69441371305121071839670655,100,100,-224.4134016094329161015033473,-349.4463300797961451843604905,-349.4463300797961451843604905,,True,False,,,,,
FUTURES_LONG_SHORT_BASELINE_1X,ROLLING_365_90_90,8,ROLLING,2023-09-23T00:00:00+00:00,2024-09-21T23:59:59.999999+00:00,2024-09-22T00:00:00+00:00,2024-12-20T23:59:59.999999+00:00,365,90,90,ROLLING_365_90_90-8,2024-09-22T00:00:00+00:00,2024-12-20T23:59:59.999999+00:00,TRADE_EXIT_TIME,-0.4600003781812142683810783782,-0.3127744401488958714285714221,-46.00003781812142683810783782,-31.27744401488958714285714221,6,2,4,33.33333333333333333333333333,0.8405965300179089963564395835,-7.66667296968690447301797297,-54.9566954832972413010905930,1.380046949861335422003465360,2.592592592592592592592592593,2.453703703703703703703703704,13.54240363022026038357142857,2.139761332290934941475059,0.959571159279355629795792,-1.180190173011579311679267,0,False,False,6,4,2,0,0,"{""RANGING"": 2088, ""TRENDING_DOWN"": 30, ""TRENDING_UP"": 42}",51.42549571536084803277700169,100,100,-170.7460000394402763541978378,-288.5761384196312404593226144,-288.5761384196312404593226144,,True,False,,,,,
FUTURES_LONG_SHORT_BASELINE_1X,ROLLING_365_90_90,9,ROLLING,2023-12-22T00:00:00+00:00,2024-12-20T23:59:59.999999+00:00,2024-12-21T00:00:00+00:00,2025-03-20T23:59:59.999999+00:00,365,90,90,ROLLING_365_90_90-9,2024-12-21T00:00:00+00:00,2025-03-20T23:59:59.999999+00:00,TRADE_EXIT_TIME,2.984815545731945707809977187,3.154670371431226542857142846,298.4815545731945707809977187,315.4670371431226542857142846,10,0,10,50.0,1.597622519079185549319000490,29.84815545731945707809977187,9.036172693994477850482329885,4.625407945009284376987275482,0,9.398148148148148148148148148,20.38929163955585557285714286,0.088463675090449829158218,3.492272744718221897298795,3.403809069627772068140577,0,True,False,10,5,5,0,0,"{""HIGH_VOLATILITY"": 13, ""RANGING"": 2081, ""TRENDING_DOWN"": 61, ""TRENDING_UP"": 5}",23.52706119268190446866269709,68.31862182463150980332912072,100,110.7521080834833015695691475,-246.6531290594271349128400129,-499.4483056513562909123761014,RESULT_DEPENDS_ON_FEW_TRADES,True,False,,,,,
FUTURES_LONG_SHORT_BASELINE_1X,ROLLING_365_90_90,10,ROLLING,2024-03-21T00:00:00+00:00,2025-03-20T23:59:59.999999+00:00,2025-03-21T00:00:00+00:00,2025-06-18T23:59:59.999999+00:00,365,90,90,ROLLING_365_90_90-10,2025-03-21T00:00:00+00:00,2025-06-18T23:59:59.999999+00:00,TRADE_EXIT_TIME,2.178210275384054297361923468,2.421450928997331085714285714,217.8210275384054297361923468,242.1450928997331085714285714,9,6,3,44.44444444444444444444444444,1.482596654307372738151870516,24.20233639315615885957692742,-80.50727170268633901812703245,2.743246153624683143976712588,5.833333333333333333333333333,1.759259259259259259259259259,20.24089193716141956857142857,4.083173424166259266664796,0,-4.083173424166259266664796,0,True,False,9,5,4,0,0,"{""RANGING"": 2062, ""TRENDING_DOWN"": 30, ""TRENDING_UP"": 68}",27.50269426262960212570342281,79.07731567618034740940967801,100,33.7803801120359878201923465,-311.3431421538236018464076536,-451.3521293491439952409382397,RESULT_DEPENDS_ON_FEW_TRADES,True,False,,,,,
FUTURES_LONG_SHORT_BASELINE_1X,ROLLING_365_90_90,11,ROLLING,2024-06-19T00:00:00+00:00,2025-06-18T23:59:59.999999+00:00,2025-06-19T00:00:00+00:00,2025-09-16T23:59:59.999999+00:00,365,90,90,ROLLING_365_90_90-11,2025-06-19T00:00:00+00:00,2025-09-16T23:59:59.999999+00:00,TRADE_EXIT_TIME,0.5645887884307789817458593585,0.7799411605138119857142857131,56.45887884307789817458593585,77.99411605138119857142857131,6,5,1,50.0,1.229480104298060905181762418,9.409813140512983029097655975,11.22445139058036720895172909,1.008930842141488824938627020,12.36111111111111111111111111,1.898148148148148148148148148,14.66632002118155282642857143,6.958218520375240207979934,0.089301333253492637565870,-6.868917187121747570414064,0,True,False,6,3,3,0,0,"{""RANGING"": 2060, ""TRENDING_DOWN"": 15, ""TRENDING_UP"": 85}",36.32731359933283555211782286,100,100,-53.42702871727854849301406425,-246.0295153506907863686898448,-246.0295153506907863686898448,RESULT_DEPENDS_ON_FEW_TRADES,True,False,,,,,
FUTURES_LONG_SHORT_BASELINE_1X,ROLLING_365_90_90,12,ROLLING,2024-09-17T00:00:00+00:00,2025-09-16T23:59:59.999999+00:00,2025-09-17T00:00:00+00:00,2025-12-15T23:59:59.999999+00:00,365,90,90,ROLLING_365_90_90-12,2025-09-17T00:00:00+00:00,2025-12-15T23:59:59.999999+00:00,TRADE_EXIT_TIME,0.6405264211549124784059917735,0.7936970703958567428571428556,64.05264211549124784059917735,79.36970703958567428571428556,8,1,7,37.500,1.143679433187697219112690478,8.006580264436405980074897169,-67.97447838053398222142857155,2.328300413447617653552081905,0.7870370370370370370370370370,11.01851851851851851851851852,18.57802838399344120428571428,0.723229960713957886283414,3.984193420612972645454020,3.260963459899014759170606,0,True,False,8,5,3,0,0,"{""RANGING"": 2101, ""TRENDING_DOWN"": 53, ""TRENDING_UP"": 6}",37.45020573330083307471275726,100,100,-126.8891356586565289454735904,-445.8024415492742742668858832,-445.8024415492742742668858832,RESULT_DEPENDS_ON_FEW_TRADES,True,False,,,,,
FUTURES_LONG_SHORT_BASELINE_1X,EXPANDING_365_90_90,1,EXPANDING,2022-01-01T00:00:00+00:00,2022-12-31T23:59:59.999999+00:00,2023-01-01T00:00:00+00:00,2023-03-31T23:59:59.999999+00:00,365,90,90,EXPANDING_365_90_90-1,2023-01-01T00:00:00+00:00,2023-03-31T23:59:59.999999+00:00,TRADE_EXIT_TIME,-1.105856285731508882880091518,-0.9972249369899971714285714381,-110.5856285731508882880091518,-99.72249369899971714285714381,4,3,1,25.00,0.5000145788589213888823481072,-27.64640714328772207200228795,-66.3335468683084544485714290,1.548793360169342819061091520,1.2500,0.7870370370370370370370370370,9.921723595997852820000000000,0.998567645068360371900000,0.057156366915042046747992,-0.941411278153318325152008,0,False,False,4,3,1,0,0,"{""RANGING"": 2128, ""TRENDING_DOWN"": 7, ""TRENDING_UP"": 25}",100,100,100,-221.1777061834517864661091524,-221.1777061834517864661091524,-221.1777061834517864661091524,,True,False,,,,,
FUTURES_LONG_SHORT_BASELINE_1X,EXPANDING_365_90_90,2,EXPANDING,2022-01-01T00:00:00+00:00,2023-03-31T23:59:59.999999+00:00,2023-04-01T00:00:00+00:00,2023-06-29T23:59:59.999999+00:00,365,90,90,EXPANDING_365_90_90-2,2023-04-01T00:00:00+00:00,2023-06-29T23:59:59.999999+00:00,TRADE_EXIT_TIME,0,0,0,0,0,0,0,,,,,0,0,0,0,0,0,0,0,False,True,0,0,0,0,0,"{""RANGING"": 2154, ""TRENDING_UP"": 6}",0,0,0,0,0,0,,True,False,,,,,
FUTURES_LONG_SHORT_BASELINE_1X,EXPANDING_365_90_90,3,EXPANDING,2022-01-01T00:00:00+00:00,2023-06-29T23:59:59.999999+00:00,2023-06-30T00:00:00+00:00,2023-09-27T23:59:59.999999+00:00,365,90,90,EXPANDING_365_90_90-3,2023-06-30T00:00:00+00:00,2023-09-27T23:59:59.999999+00:00,TRADE_EXIT_TIME,-0.5222728854418780850428571492,-0.4922805334451981142857142921,-52.22728854418780850428571492,-49.22805334451981142857142921,1,0,1,0,0E+26,-52.22728854418780850428571492,-52.22728854418780850428571492,0.5222728854418780850428571500,0,1.018518518518518518518518519,2.484946445125072735714285714,0.514288754542924340000000,0,-0.514288754542924340000000,0,False,False,1,1,0,0,0,"{""RANGING"": 2155, ""TRENDING_DOWN"": 5}",0,0,0,-52.22728854418780850428571492,-52.22728854418780850428571492,-52.22728854418780850428571492,,True,False,,,,,
FUTURES_LONG_SHORT_BASELINE_1X,EXPANDING_365_90_90,4,EXPANDING,2022-01-01T00:00:00+00:00,2023-09-27T23:59:59.999999+00:00,2023-09-28T00:00:00+00:00,2023-12-26T23:59:59.999999+00:00,365,90,90,EXPANDING_365_90_90-4,2023-09-28T00:00:00+00:00,2023-12-26T23:59:59.999999+00:00,TRADE_EXIT_TIME,-0.7062817077664685097428571467,-0.6821500267421453714285714324,-70.62817077664685097428571467,-68.21500267421453714285714324,1,1,0,0,0E+26,-70.62817077664685097428571467,-70.62817077664685097428571467,0.7062817077664685097428571500,0.04629629629629629629629629630,0,2.413168102432313831428571428,0,0,0,0,False,False,1,1,0,0,0,"{""RANGING"": 2146, ""TRENDING_UP"": 14}",0,0,0,-70.62817077664685097428571467,-70.62817077664685097428571467,-70.62817077664685097428571467,,True,False,,,,,
FUTURES_LONG_SHORT_BASELINE_1X,EXPANDING_365_90_90,5,EXPANDING,2022-01-01T00:00:00+00:00,2023-12-26T23:59:59.999999+00:00,2023-12-27T00:00:00+00:00,2024-03-25T23:59:59.999999+00:00,365,90,90,EXPANDING_365_90_90-5,2023-12-27T00:00:00+00:00,2024-03-25T23:59:59.999999+00:00,TRADE_EXIT_TIME,-3.517894135081988406457371438,-3.443568675130708628571428582,-351.7894135081988406457371438,-344.3568675130708628571428582,4,1,3,0,0E+25,-87.94735337704971016143428595,-96.5791436474311498869285717,3.517894135081988406457371450,2.129629629629629629629629630,4.583333333333333333333333333,9.270396829761528685714285715,1.120954750158460000000000,2.958805584792010897120000,1.837850834633550897120000,0,False,False,4,4,0,0,0,"{""RANGING"": 2125, ""TRENDING_DOWN"": 24, ""TRENDING_UP"": 11}",0,0,0,-351.7894135081988406457371438,-351.7894135081988406457371438,-351.7894135081988406457371438,,True,False,,,,,
FUTURES_LONG_SHORT_BASELINE_1X,EXPANDING_365_90_90,6,EXPANDING,2022-01-01T00:00:00+00:00,2024-03-25T23:59:59.999999+00:00,2024-03-26T00:00:00+00:00,2024-06-23T23:59:59.999999+00:00,365,90,90,EXPANDING_365_90_90-6,2024-03-26T00:00:00+00:00,2024-06-23T23:59:59.999999+00:00,TRADE_EXIT_TIME,-1.088555101212369277977629442,-0.9248042756464572000000000,-108.8555101212369277977629442,-92.4804275646457200000000000,7,1,6,28.57142857142857142857142857,0.7461854610354090649308186936,-15.55078716017670397110899203,-77.94021699744582643714285681,3.415191644012830142777732183,2.777777777777777777777777778,2.777777777777777777777777778,15.22959416940765124714285714,2.279072166993642133403400,1.133583779810085582783313,-1.145488387183556550620087,0,False,False,7,5,2,0,0,"{""RANGING"": 2108, ""TRENDING_DOWN"": 25, ""TRENDING_UP"": 27}",53.31654405057925382942833440,100,100,-279.4805223188511173786452583,-428.8781508155571107272166870,-428.8781508155571107272166870,,True,False,,,,,
FUTURES_LONG_SHORT_BASELINE_1X,EXPANDING_365_90_90,7,EXPANDING,2022-01-01T00:00:00+00:00,2024-06-23T23:59:59.999999+00:00,2024-06-24T00:00:00+00:00,2024-09-21T23:59:59.999999+00:00,365,90,90,EXPANDING_365_90_90-7,2024-06-24T00:00:00+00:00,2024-09-21T23:59:59.999999+00:00,TRADE_EXIT_TIME,-0.4674410573231234193007477551,-0.3526276533743517285714285607,-46.74410573231234193007477551,-35.26276533743517285714285607,6,0,6,33.33333333333333333333333333,0.8662338055699760382128574941,-7.790684288718723655012462585,-79.907566016218266847432788,1.869597840550126223776166786,0,3.148148148148148148148148148,12.24477683994320269642857143,0.115786292801428101637772,0.879222737867461725134424,0.763436445066033623496652,0,False,False,6,4,2,0,0,"{""HIGH_VOLATILITY"": 6, ""RANGING"": 2112, ""TRENDING_DOWN"": 42}",58.69441371305121071839670655,100,100,-224.4134016094329161015033473,-349.4463300797961451843604905,-349.4463300797961451843604905,,True,False,,,,,
FUTURES_LONG_SHORT_BASELINE_1X,EXPANDING_365_90_90,8,EXPANDING,2022-01-01T00:00:00+00:00,2024-09-21T23:59:59.999999+00:00,2024-09-22T00:00:00+00:00,2024-12-20T23:59:59.999999+00:00,365,90,90,EXPANDING_365_90_90-8,2024-09-22T00:00:00+00:00,2024-12-20T23:59:59.999999+00:00,TRADE_EXIT_TIME,-0.4600003781812142683810783782,-0.3127744401488958714285714221,-46.00003781812142683810783782,-31.27744401488958714285714221,6,2,4,33.33333333333333333333333333,0.8405965300179089963564395835,-7.66667296968690447301797297,-54.9566954832972413010905930,1.380046949861335422003465360,2.592592592592592592592592593,2.453703703703703703703703704,13.54240363022026038357142857,2.139761332290934941475059,0.959571159279355629795792,-1.180190173011579311679267,0,False,False,6,4,2,0,0,"{""RANGING"": 2088, ""TRENDING_DOWN"": 30, ""TRENDING_UP"": 42}",51.42549571536084803277700169,100,100,-170.7460000394402763541978378,-288.5761384196312404593226144,-288.5761384196312404593226144,,True,False,,,,,
FUTURES_LONG_SHORT_BASELINE_1X,EXPANDING_365_90_90,9,EXPANDING,2022-01-01T00:00:00+00:00,2024-12-20T23:59:59.999999+00:00,2024-12-21T00:00:00+00:00,2025-03-20T23:59:59.999999+00:00,365,90,90,EXPANDING_365_90_90-9,2024-12-21T00:00:00+00:00,2025-03-20T23:59:59.999999+00:00,TRADE_EXIT_TIME,2.984815545731945707809977187,3.154670371431226542857142846,298.4815545731945707809977187,315.4670371431226542857142846,10,0,10,50.0,1.597622519079185549319000490,29.84815545731945707809977187,9.036172693994477850482329885,4.625407945009284376987275482,0,9.398148148148148148148148148,20.38929163955585557285714286,0.088463675090449829158218,3.492272744718221897298795,3.403809069627772068140577,0,True,False,10,5,5,0,0,"{""HIGH_VOLATILITY"": 13, ""RANGING"": 2081, ""TRENDING_DOWN"": 61, ""TRENDING_UP"": 5}",23.52706119268190446866269709,68.31862182463150980332912072,100,110.7521080834833015695691475,-246.6531290594271349128400129,-499.4483056513562909123761014,RESULT_DEPENDS_ON_FEW_TRADES,True,False,,,,,
FUTURES_LONG_SHORT_BASELINE_1X,EXPANDING_365_90_90,10,EXPANDING,2022-01-01T00:00:00+00:00,2025-03-20T23:59:59.999999+00:00,2025-03-21T00:00:00+00:00,2025-06-18T23:59:59.999999+00:00,365,90,90,EXPANDING_365_90_90-10,2025-03-21T00:00:00+00:00,2025-06-18T23:59:59.999999+00:00,TRADE_EXIT_TIME,2.178210275384054297361923468,2.421450928997331085714285714,217.8210275384054297361923468,242.1450928997331085714285714,9,6,3,44.44444444444444444444444444,1.482596654307372738151870516,24.20233639315615885957692742,-80.50727170268633901812703245,2.743246153624683143976712588,5.833333333333333333333333333,1.759259259259259259259259259,20.24089193716141956857142857,4.083173424166259266664796,0,-4.083173424166259266664796,0,True,False,9,5,4,0,0,"{""RANGING"": 2062, ""TRENDING_DOWN"": 30, ""TRENDING_UP"": 68}",27.50269426262960212570342281,79.07731567618034740940967801,100,33.7803801120359878201923465,-311.3431421538236018464076536,-451.3521293491439952409382397,RESULT_DEPENDS_ON_FEW_TRADES,True,False,,,,,
FUTURES_LONG_SHORT_BASELINE_1X,EXPANDING_365_90_90,11,EXPANDING,2022-01-01T00:00:00+00:00,2025-06-18T23:59:59.999999+00:00,2025-06-19T00:00:00+00:00,2025-09-16T23:59:59.999999+00:00,365,90,90,EXPANDING_365_90_90-11,2025-06-19T00:00:00+00:00,2025-09-16T23:59:59.999999+00:00,TRADE_EXIT_TIME,0.5645887884307789817458593585,0.7799411605138119857142857131,56.45887884307789817458593585,77.99411605138119857142857131,6,5,1,50.0,1.229480104298060905181762418,9.409813140512983029097655975,11.22445139058036720895172909,1.008930842141488824938627020,12.36111111111111111111111111,1.898148148148148148148148148,14.66632002118155282642857143,6.958218520375240207979934,0.089301333253492637565870,-6.868917187121747570414064,0,True,False,6,3,3,0,0,"{""RANGING"": 2060, ""TRENDING_DOWN"": 15, ""TRENDING_UP"": 85}",36.32731359933283555211782286,100,100,-53.42702871727854849301406425,-246.0295153506907863686898448,-246.0295153506907863686898448,RESULT_DEPENDS_ON_FEW_TRADES,True,False,,,,,
FUTURES_LONG_SHORT_BASELINE_1X,EXPANDING_365_90_90,12,EXPANDING,2022-01-01T00:00:00+00:00,2025-09-16T23:59:59.999999+00:00,2025-09-17T00:00:00+00:00,2025-12-15T23:59:59.999999+00:00,365,90,90,EXPANDING_365_90_90-12,2025-09-17T00:00:00+00:00,2025-12-15T23:59:59.999999+00:00,TRADE_EXIT_TIME,0.6405264211549124784059917735,0.7936970703958567428571428556,64.05264211549124784059917735,79.36970703958567428571428556,8,1,7,37.500,1.143679433187697219112690478,8.006580264436405980074897169,-67.97447838053398222142857155,2.328300413447617653552081905,0.7870370370370370370370370370,11.01851851851851851851851852,18.57802838399344120428571428,0.723229960713957886283414,3.984193420612972645454020,3.260963459899014759170606,0,True,False,8,5,3,0,0,"{""RANGING"": 2101, ""TRENDING_DOWN"": 53, ""TRENDING_UP"": 6}",37.45020573330083307471275726,100,100,-126.8891356586565289454735904,-445.8024415492742742668858832,-445.8024415492742742668858832,RESULT_DEPENDS_ON_FEW_TRADES,True,False,,,,,
FUTURES_LONG_SHORT_BASELINE_1X,ROLLING_730_90_90,1,ROLLING,2022-01-01T00:00:00+00:00,2023-12-31T23:59:59.999999+00:00,2024-01-01T00:00:00+00:00,2024-03-30T23:59:59.999999+00:00,730,90,90,ROLLING_730_90_90-1,2024-01-01T00:00:00+00:00,2024-03-30T23:59:59.999999+00:00,TRADE_EXIT_TIME,-3.517894135081988406457371438,-3.443568675130708628571428582,-351.7894135081988406457371438,-344.3568675130708628571428582,4,1,3,0,0E+25,-87.94735337704971016143428595,-96.5791436474311498869285717,3.517894135081988406457371450,2.129629629629629629629629630,4.583333333333333333333333333,9.270396829761528685714285715,1.120954750158460000000000,2.958805584792010897120000,1.837850834633550897120000,0,False,False,4,4,0,0,0,"{""RANGING"": 2125, ""TRENDING_DOWN"": 24, ""TRENDING_UP"": 11}",0,0,0,-351.7894135081988406457371438,-351.7894135081988406457371438,-351.7894135081988406457371438,,True,False,,,,,
FUTURES_LONG_SHORT_BASELINE_1X,ROLLING_730_90_90,2,ROLLING,2022-04-01T00:00:00+00:00,2024-03-30T23:59:59.999999+00:00,2024-03-31T00:00:00+00:00,2024-06-28T23:59:59.999999+00:00,730,90,90,ROLLING_730_90_90-2,2024-03-31T00:00:00+00:00,2024-06-28T23:59:59.999999+00:00,TRADE_EXIT_TIME,-1.088555101212369277977629442,-0.9248042756464572000000000,-108.8555101212369277977629442,-92.4804275646457200000000000,7,1,6,28.57142857142857142857142857,0.7461854610354090649308186936,-15.55078716017670397110899203,-77.94021699744582643714285681,3.415191644012830142777732183,2.777777777777777777777777778,2.777777777777777777777777778,15.22959416940765124714285714,2.279072166993642133403400,1.133583779810085582783313,-1.145488387183556550620087,0,False,False,7,5,2,0,0,"{""RANGING"": 2108, ""TRENDING_DOWN"": 25, ""TRENDING_UP"": 27}",53.31654405057925382942833440,100,100,-279.4805223188511173786452583,-428.8781508155571107272166870,-428.8781508155571107272166870,,True,False,,,,,
FUTURES_LONG_SHORT_BASELINE_1X,ROLLING_730_90_90,3,ROLLING,2022-06-30T00:00:00+00:00,2024-06-28T23:59:59.999999+00:00,2024-06-29T00:00:00+00:00,2024-09-26T23:59:59.999999+00:00,730,90,90,ROLLING_730_90_90-3,2024-06-29T00:00:00+00:00,2024-09-26T23:59:59.999999+00:00,TRADE_EXIT_TIME,-0.4674410573231234193007477551,-0.3526276533743517285714285607,-46.74410573231234193007477551,-35.26276533743517285714285607,6,0,6,33.33333333333333333333333333,0.8662338055699760382128574941,-7.790684288718723655012462585,-79.907566016218266847432788,1.869597840550126223776166786,0,3.148148148148148148148148148,12.24477683994320269642857143,0.115786292801428101637772,0.879222737867461725134424,0.763436445066033623496652,0,False,False,6,4,2,0,0,"{""HIGH_VOLATILITY"": 6, ""RANGING"": 2112, ""TRENDING_DOWN"": 42}",58.69441371305121071839670655,100,100,-224.4134016094329161015033473,-349.4463300797961451843604905,-349.4463300797961451843604905,,True,False,,,,,
FUTURES_LONG_SHORT_BASELINE_1X,ROLLING_730_90_90,4,ROLLING,2022-09-28T00:00:00+00:00,2024-09-26T23:59:59.999999+00:00,2024-09-27T00:00:00+00:00,2024-12-25T23:59:59.999999+00:00,730,90,90,ROLLING_730_90_90-4,2024-09-27T00:00:00+00:00,2024-12-25T23:59:59.999999+00:00,TRADE_EXIT_TIME,-0.4600003781812142683810783782,-0.3127744401488958714285714221,-46.00003781812142683810783782,-31.27744401488958714285714221,6,2,4,33.33333333333333333333333333,0.8405965300179089963564395835,-7.66667296968690447301797297,-54.9566954832972413010905930,1.380046949861335422003465360,2.592592592592592592592592593,2.453703703703703703703703704,13.54240363022026038357142857,2.139761332290934941475059,0.959571159279355629795792,-1.180190173011579311679267,0,False,False,6,4,2,0,0,"{""RANGING"": 2088, ""TRENDING_DOWN"": 30, ""TRENDING_UP"": 42}",51.42549571536084803277700169,100,100,-170.7460000394402763541978378,-288.5761384196312404593226144,-288.5761384196312404593226144,,True,False,,,,,
FUTURES_LONG_SHORT_BASELINE_1X,ROLLING_730_90_90,5,ROLLING,2022-12-27T00:00:00+00:00,2024-12-25T23:59:59.999999+00:00,2024-12-26T00:00:00+00:00,2025-03-25T23:59:59.999999+00:00,730,90,90,ROLLING_730_90_90-5,2024-12-26T00:00:00+00:00,2025-03-25T23:59:59.999999+00:00,TRADE_EXIT_TIME,2.984815545731945707809977187,3.154670371431226542857142846,298.4815545731945707809977187,315.4670371431226542857142846,10,0,10,50.0,1.597622519079185549319000490,29.84815545731945707809977187,9.036172693994477850482329885,4.625407945009284376987275482,0,9.398148148148148148148148148,20.38929163955585557285714286,0.088463675090449829158218,3.492272744718221897298795,3.403809069627772068140577,0,True,False,10,5,5,0,0,"{""HIGH_VOLATILITY"": 13, ""RANGING"": 2081, ""TRENDING_DOWN"": 61, ""TRENDING_UP"": 5}",23.52706119268190446866269709,68.31862182463150980332912072,100,110.7521080834833015695691475,-246.6531290594271349128400129,-499.4483056513562909123761014,RESULT_DEPENDS_ON_FEW_TRADES,True,False,,,,,
FUTURES_LONG_SHORT_BASELINE_1X,ROLLING_730_90_90,6,ROLLING,2023-03-27T00:00:00+00:00,2025-03-25T23:59:59.999999+00:00,2025-03-26T00:00:00+00:00,2025-06-23T23:59:59.999999+00:00,730,90,90,ROLLING_730_90_90-6,2025-03-26T00:00:00+00:00,2025-06-23T23:59:59.999999+00:00,TRADE_EXIT_TIME,1.169279433242565472423296449,1.435951959145993714285714281,116.9279433242565472423296449,143.5951959145993714285714281,10,6,4,40.0,1.211731927144816121190336071,11.69279433242565472423296449,-85.0421210927190833056349449,2.743246153624683143976712588,5.833333333333333333333333333,3.657407407407407407407407407,22.67338049943005755714285714,4.083173424166259266664796,0.089301333253492637565870,-3.993872090912766629098926,0,True,False,10,6,4,0,0,"{""RANGING"": 2047, ""TRENDING_DOWN"": 45, ""TRENDING_UP"": 68}",27.50269426262960212570342281,79.07731567618034740940967801,100,-67.1127041021128946736703554,-412.2362263679724843402703555,-552.2452135632928777348009416,RESULT_DEPENDS_ON_FEW_TRADES,True,False,,,,,
FUTURES_LONG_SHORT_BASELINE_1X,ROLLING_730_90_90,7,ROLLING,2023-06-25T00:00:00+00:00,2025-06-23T23:59:59.999999+00:00,2025-06-24T00:00:00+00:00,2025-09-21T23:59:59.999999+00:00,730,90,90,ROLLING_730_90_90-7,2025-06-24T00:00:00+00:00,2025-09-21T23:59:59.999999+00:00,TRADE_EXIT_TIME,1.573519630572267806684486376,1.765440130365149357142857146,157.3519630572267806684486376,176.5440130365149357142857146,5,5,0,60.0,2.084165855705744277357248698,31.47039261144535613368972752,85.13226524773796824800488653,0.8069902588241298729715642311,12.36111111111111111111111111,0,12.23383145891291483785714286,6.958218520375240207979934,0,-6.958218520375240207979934,0,True,False,5,2,3,0,0,"{""RANGING"": 2075, ""TRENDING_UP"": 85}",36.32731359933283555211782286,100,100,47.4660554968703340008486375,-145.1364311365419038748271430,-145.1364311365419038748271430,RESULT_DEPENDS_ON_FEW_TRADES,True,False,,,,,
FUTURES_LONG_SHORT_BASELINE_1X,ROLLING_730_90_90,8,ROLLING,2023-09-23T00:00:00+00:00,2025-09-21T23:59:59.999999+00:00,2025-09-22T00:00:00+00:00,2025-12-20T23:59:59.999999+00:00,730,90,90,ROLLING_730_90_90-8,2025-09-22T00:00:00+00:00,2025-12-20T23:59:59.999999+00:00,TRADE_EXIT_TIME,0.6405264211549124784059917735,0.7936970703958567428571428556,64.05264211549124784059917735,79.36970703958567428571428556,8,1,7,37.500,1.143679433187697219112690478,8.006580264436405980074897169,-67.97447838053398222142857155,2.328300413447617653552081905,0.7870370370370370370370370370,11.01851851851851851851851852,18.57802838399344120428571428,0.723229960713957886283414,3.984193420612972645454020,3.260963459899014759170606,0,True,False,8,5,3,0,0,"{""RANGING"": 2101, ""TRENDING_DOWN"": 53, ""TRENDING_UP"": 6}",37.45020573330083307471275726,100,100,-126.8891356586565289454735904,-445.8024415492742742668858832,-445.8024415492742742668858832,RESULT_DEPENDS_ON_FEW_TRADES,True,False,,,,,
FUTURES_LONG_SHORT_BASELINE_1X,ROLLING_365_180_90,1,ROLLING,2022-01-01T00:00:00+00:00,2022-12-31T23:59:59.999999+00:00,2023-01-01T00:00:00+00:00,2023-06-29T23:59:59.999999+00:00,365,180,90,ROLLING_365_180_90-1,2023-01-01T00:00:00+00:00,2023-06-29T23:59:59.999999+00:00,TRADE_EXIT_TIME,-1.105856285731508882880091518,-0.9972249369899971714285714381,-110.5856285731508882880091518,-99.72249369899971714285714381,4,3,1,25.00,0.5000145788589213888823481072,-27.64640714328772207200228795,-66.3335468683084544485714290,1.548793360169342819061091520,0.62500,0.3935185185185185185185185185,9.921723595997852820000000000,0.998567645068360371900000,0.057156366915042046747992,-0.941411278153318325152008,0,False,False,4,3,1,0,0,"{""RANGING"": 4282, ""TRENDING_DOWN"": 7, ""TRENDING_UP"": 31}",100,100,100,-221.1777061834517864661091524,-221.1777061834517864661091524,-221.1777061834517864661091524,,True,False,,,,,
FUTURES_LONG_SHORT_BASELINE_1X,ROLLING_365_180_90,2,ROLLING,2022-04-01T00:00:00+00:00,2023-03-31T23:59:59.999999+00:00,2023-04-01T00:00:00+00:00,2023-09-27T23:59:59.999999+00:00,365,180,90,ROLLING_365_180_90-2,2023-04-01T00:00:00+00:00,2023-09-27T23:59:59.999999+00:00,TRADE_EXIT_TIME,-0.5222728854418780850428571492,-0.4922805334451981142857142921,-52.22728854418780850428571492,-49.22805334451981142857142921,1,0,1,0,0E+26,-52.22728854418780850428571492,-52.22728854418780850428571492,0.5222728854418780850428571500,0,0.5092592592592592592592592593,2.484946445125072735714285714,0.514288754542924340000000,0,-0.514288754542924340000000,0,False,False,1,1,0,0,0,"{""RANGING"": 4309, ""TRENDING_DOWN"": 5, ""TRENDING_UP"": 6}",0,0,0,-52.22728854418780850428571492,-52.22728854418780850428571492,-52.22728854418780850428571492,,True,False,,,,,
FUTURES_LONG_SHORT_BASELINE_1X,ROLLING_365_180_90,3,ROLLING,2022-06-30T00:00:00+00:00,2023-06-29T23:59:59.999999+00:00,2023-06-30T00:00:00+00:00,2023-12-26T23:59:59.999999+00:00,365,180,90,ROLLING_365_180_90-3,2023-06-30T00:00:00+00:00,2023-12-26T23:59:59.999999+00:00,TRADE_EXIT_TIME,-1.228554593208346594785714296,-1.174430560187343485714285724,-122.8554593208346594785714296,-117.4430560187343485714285724,2,1,1,0,0E+25,-61.4277296604173297392857148,-61.4277296604173297392857148,1.228554593208346594785714300,0.02314814814814814814814814815,0.5092592592592592592592592593,4.898114547557386567142857142,0.514288754542924340000000,0,-0.514288754542924340000000,0,False,False,2,2,0,0,0,"{""RANGING"": 4301, ""TRENDING_DOWN"": 5, ""TRENDING_UP"": 14}",0,0,0,-122.8554593208346594785714296,-122.8554593208346594785714296,-122.8554593208346594785714296,,True,False,,,,,
FUTURES_LONG_SHORT_BASELINE_1X,ROLLING_365_180_90,4,ROLLING,2022-09-28T00:00:00+00:00,2023-09-27T23:59:59.999999+00:00,2023-09-28T00:00:00+00:00,2024-03-25T23:59:59.999999+00:00,365,180,90,ROLLING_365_180_90-4,2023-09-28T00:00:00+00:00,2024-03-25T23:59:59.999999+00:00,TRADE_EXIT_TIME,-4.224175842848456916200228585,-4.125718701872854000000000012,-422.4175842848456916200228585,-412.5718701872854000000000012,5,2,3,0,0E+25,-84.4835168569691383240045717,-94.90039099717291751242857174,4.224175842848456916200228600,1.087962962962962962962962963,2.291666666666666666666666667,11.68356493219384251714285714,1.120954750158460000000000,2.958805584792010897120000,1.837850834633550897120000,0,False,False,5,5,0,0,0,"{""RANGING"": 4271, ""TRENDING_DOWN"": 24, ""TRENDING_UP"": 25}",0,0,0,-422.4175842848456916200228585,-422.4175842848456916200228585,-422.4175842848456916200228585,,True,False,,,,,
FUTURES_LONG_SHORT_BASELINE_1X,ROLLING_365_180_90,5,ROLLING,2022-12-27T00:00:00+00:00,2023-12-26T23:59:59.999999+00:00,2023-12-27T00:00:00+00:00,2024-06-23T23:59:59.999999+00:00,365,180,90,ROLLING_365_180_90-5,2023-12-27T00:00:00+00:00,2024-06-23T23:59:59.999999+00:00,TRADE_EXIT_TIME,-4.606449236294357684435000880,-4.368372950777165828571428582,-460.6449236294357684435000880,-436.8372950777165828571428582,11,2,9,18.18181818181818181818181818,0.4099345935699736829177672239,-41.87681123903961531304546255,-85.16533033468743186020000031,6.312699358270499580243824030,2.453703703703703703703703704,3.680555555555555555555555556,24.49999099916917993285714286,3.400026917152102133403400,4.092389364602096479903313,0.692362447449994346499913,0,False,False,11,9,2,0,0,"{""RANGING"": 4233, ""TRENDING_DOWN"": 49, ""TRENDING_UP"": 38}",53.31654405057925382942833440,100,100,-631.2699358270499580243824021,-780.6675643237559513729538308,-780.6675643237559513729538308,,True,False,,,,,
FUTURES_LONG_SHORT_BASELINE_1X,ROLLING_365_180_90,6,ROLLING,2023-03-27T00:00:00+00:00,2024-03-25T23:59:59.999999+00:00,2024-03-26T00:00:00+00:00,2024-09-21T23:59:59.999999+00:00,365,180,90,ROLLING_365_180_90-6,2024-03-26T00:00:00+00:00,2024-09-21T23:59:59.999999+00:00,TRADE_EXIT_TIME,-1.555996158535492697278377197,-1.277431929020808928571428561,-155.5996158535492697278377197,-127.7431929020808928571428561,13,1,12,30.76923076923076923076923077,0.8000838728925065874673365291,-11.96920121950378997906443998,-77.94021699744582643714285681,3.415191644012830142777732183,1.388888888888888888888888889,2.962962962962962962962962963,27.47437100935085394357142857,2.394858459795070235041172,2.012806517677547307917737,-0.382051942117522927123435,0,False,False,13,9,4,0,0,"{""HIGH_VOLATILITY"": 6, ""RANGING"": 4220, ""TRENDING_DOWN"": 67, ""TRENDING_UP"": 27}",28.53094614508343124966557241,79.92164188562316761981211046,100,-333.2689117306698438992662915,-653.2915524249900268287200343,-778.3244808953532559115771775,,True,False,,,,,
FUTURES_LONG_SHORT_BASELINE_1X,ROLLING_365_180_90,7,ROLLING,2023-06-25T00:00:00+00:00,2024-06-23T23:59:59.999999+00:00,2024-06-24T00:00:00+00:00,2024-12-20T23:59:59.999999+00:00,365,180,90,ROLLING_365_180_90-7,2024-06-24T00:00:00+00:00,2024-12-20T23:59:59.999999+00:00,TRADE_EXIT_TIME,-0.9274414355043376876818261334,-0.6654020935232475999999999828,-92.74414355043376876818261334,-66.54020935232475999999999828,12,2,10,33.33333333333333333333333333,0.8546381230608385618855691649,-7.728678629202814064015217778,-62.34410615128143086579991775,2.608008268136602065193362901,1.296296296296296296296296296,2.800925925925925925925925926,25.78718047016346308000000000,2.255547625092363043112831,1.838793897146817354930216,-0.416753727945545688182615,0,False,False,12,8,4,0,0,"{""HIGH_VOLATILITY"": 6, ""RANGING"": 4200, ""TRENDING_DOWN"": 72, ""TRENDING_UP"": 42}",32.58323093875776224525187459,78.39082666797492421051310576,100,-270.4134394275543429396111851,-520.1923301192364215385583283,-638.0224684994273856436831049,,True,False,,,,,
FUTURES_LONG_SHORT_BASELINE_1X,ROLLING_365_180_90,8,ROLLING,2023-09-23T00:00:00+00:00,2024-09-21T23:59:59.999999+00:00,2024-09-22T00:00:00+00:00,2025-03-20T23:59:59.999999+00:00,365,180,90,ROLLING_365_180_90-8,2024-09-22T00:00:00+00:00,2025-03-20T23:59:59.999999+00:00,TRADE_EXIT_TIME,2.524815167550731439428898809,2.841895931282330671428571424,252.4815167550731439428898809,284.1895931282330671428571424,16,2,14,43.7500,1.320398077311836376713060370,15.78009479719207149643061756,-54.9566954832972413010905930,4.645196852108665517277929414,1.296296296296296296296296296,5.925925925925925925925925926,33.93169526977611595642857143,2.228225007381384770633277,4.451843903997577527094587,2.223618896616192756461310,0,True,False,16,9,7,0,0,"{""HIGH_VOLATILITY"": 13, ""RANGING"": 4169, ""TRENDING_DOWN"": 91, ""TRENDING_UP"": 47}",18.04213080535092001199160253,52.39130809013700529676017388,77.65539926503914551848461263,64.7520702653618747314613097,-292.6531668775485617509478507,-555.5275415009360770970378507,RESULT_DEPENDS_ON_FEW_TRADES,True,False,,,,,
FUTURES_LONG_SHORT_BASELINE_1X,ROLLING_365_180_90,9,ROLLING,2023-12-22T00:00:00+00:00,2024-12-20T23:59:59.999999+00:00,2024-12-21T00:00:00+00:00,2025-06-18T23:59:59.999999+00:00,365,180,90,ROLLING_365_180_90-9,2024-12-21T00:00:00+00:00,2025-06-18T23:59:59.999999+00:00,TRADE_EXIT_TIME,5.163025821116000005171900654,5.576121300428557628571428559,516.3025821116000005171900654,557.6121300428557628571428559,19,6,13,47.36842105263157894736842105,1.543018874524734873194790874,27.17382011113684213248368765,-80.50727170268633901812703245,5.536779615383505484767593588,2.916666666666666666666666667,5.578703703703703703703703704,40.63018357671727514142857144,4.171637099256709095823014,3.492272744718221897298795,-0.679364354538487198524219,0,True,False,19,10,9,0,0,"{""HIGH_VOLATILITY"": 13, ""RANGING"": 4143, ""TRENDING_DOWN"": 91, ""TRENDING_UP"": 73}",12.79592805004551341503894312,37.66929365547412536592772534,62.03058478323965154721209316,328.5731356218887313057614942,-36.3447616326778645552385059,-393.7499987755883010376476663,RESULT_DEPENDS_ON_FEW_TRADES,True,False,,,,,
FUTURES_LONG_SHORT_BASELINE_1X,ROLLING_365_180_90,10,ROLLING,2024-03-21T00:00:00+00:00,2025-03-20T23:59:59.999999+00:00,2025-03-21T00:00:00+00:00,2025-09-16T23:59:59.999999+00:00,365,180,90,ROLLING_365_180_90-10,2025-03-21T00:00:00+00:00,2025-09-16T23:59:59.999999+00:00,TRADE_EXIT_TIME,2.742799063814833279107782826,3.201392089511143071428571426,274.2799063814833279107782826,320.1392089511143071428571426,15,11,4,46.66666666666666666666666667,1.393299577736288401388643297,18.28532709209888852738521884,-62.68336246657723383010142835,2.743246153624683143976712588,9.097222222222222222222222222,1.828703703703703703703703704,34.90721195834297239500000000,11.041391944541499474644730,0.089301333253492637565870,-10.952090611288006837078860,0,True,False,15,8,7,0,0,"{""RANGING"": 4122, ""TRENDING_DOWN"": 45, ""TRENDING_UP"": 153}",18.94081815026630879505753294,54.45972099064187587915806133,80.17802737804396415086217549,90.2392589551138859947782823,-254.8842633107457036718217178,-504.7791580664225437339523040,RESULT_DEPENDS_ON_FEW_TRADES,True,False,,,,,
FUTURES_LONG_SHORT_BASELINE_1X,ROLLING_365_180_90,11,ROLLING,2024-06-19T00:00:00+00:00,2025-06-18T23:59:59.999999+00:00,2025-06-19T00:00:00+00:00,2025-12-15T23:59:59.999999+00:00,365,180,90,ROLLING_365_180_90-11,2025-06-19T00:00:00+00:00,2025-12-15T23:59:59.999999+00:00,TRADE_EXIT_TIME,1.205115209585691460151851132,1.573638230909668728571428569,120.5115209585691460151851132,157.3638230909668728571428569,14,6,8,42.85714285714285714285714286,1.174191896972452837801764732,8.607965782754939001084650943,-61.9718298908996171079078571,2.315612390378457464275274652,6.574074074074074074074074074,6.458333333333333333333333333,33.24434840517499403071428572,7.681448481089198094263348,4.073494753866465283019890,-3.607953727222732811243458,0,True,False,14,8,6,0,0,"{""RANGING"": 4161, ""TRENDING_DOWN"": 68, ""TRENDING_UP"": 91}",23.50505457094337485553486716,62.76348583592055198095742184,89.52016387548773407358527197,-70.4302568155786307708876545,-389.3435627061963760922999474,-606.6996916522270923875708415,RESULT_DEPENDS_ON_FEW_TRADES,True,False,,,,,
FUTURES_LONG_SHORT_BASELINE_1X,EXPANDING_365_90_90,CONSOLIDATED,,,,,,,,,,,,,,,,,62,,,,,,,,,,,,,,,,,,,,,,,,,,,,,,True,False,12,-0.4637207177521688438409130666,-0.1250133766697382820382400867,33.33333333333333333333333333,8.333333333333333333333333333
FUTURES_LONG_SHORT_BASELINE_1X,ROLLING_365_180_90,CONSOLIDATED,,,,,,,,,,,,,,,,,112,,,,,,,,,,,,,,,,,,,,,,,,,,,,,,True,False,11,-0.9274414355043376876818261334,-0.2304537432270111240403329398,36.36363636363636363636363636,0
FUTURES_LONG_SHORT_BASELINE_1X,ROLLING_365_90_90,CONSOLIDATED,,,,,,,,,,,,,,,,,62,,,,,,,,,,,,,,,,,,,,,,,,,,,,,,True,False,12,-0.4637207177521688438409130666,-0.1250133766697382820382400867,33.33333333333333333333333333,8.333333333333333333333333333
FUTURES_LONG_SHORT_BASELINE_1X,ROLLING_730_90_90,CONSOLIDATED,,,,,,,,,,,,,,,,,56,,,,,,,,,,,,,,,,,,,,,,,,,,,,,,True,False,8,0.09026302148684910501245669765,0.1042812948628745116508655966,50.0,0
FUTURES_LONG_SHORT_TIME_EXIT_12_1X,ROLLING_365_90_90,1,ROLLING,2022-01-01T00:00:00+00:00,2022-12-31T23:59:59.999999+00:00,2023-01-01T00:00:00+00:00,2023-03-31T23:59:59.999999+00:00,365,90,90,ROLLING_365_90_90-1,2023-01-01T00:00:00+00:00,2023-03-31T23:59:59.999999+00:00,TRADE_EXIT_TIME,-0.2584543104481368722730000020,-0.1310360311828329000000000019,-25.84543104481368722730000020,-13.10360311828329000000000019,5,4,1,40.0,0.8287731398935023004453292737,-5.16908620896273744546000004,-24.508006694848465407000000,0.8749225621974533754985714300,1.111111111111111111111111111,0.5092592592592592592592592593,11.77885408932435679500000000,0.962973837206040432300000,0,-0.962973837206040432300000,0,False,False,5,2,1,2,0,"{""RANGING"": 2128, ""TRENDING_DOWN"": 7, ""TRENDING_UP"": 25}",74.94499887604288156626516861,100,100,-119.5995186276603924441428579,-150.9426209692722586241428579,-150.9426209692722586241428579,,True,False,,,,,
FUTURES_LONG_SHORT_TIME_EXIT_12_1X,ROLLING_365_90_90,2,ROLLING,2022-04-01T00:00:00+00:00,2023-03-31T23:59:59.999999+00:00,2023-04-01T00:00:00+00:00,2023-06-29T23:59:59.999999+00:00,365,90,90,ROLLING_365_90_90-2,2023-04-01T00:00:00+00:00,2023-06-29T23:59:59.999999+00:00,TRADE_EXIT_TIME,0,0,0,0,0,0,0,,,,,0,0,0,0,0,0,0,0,False,True,0,0,0,0,0,"{""RANGING"": 2154, ""TRENDING_UP"": 6}",0,0,0,0,0,0,,True,False,,,,,
FUTURES_LONG_SHORT_TIME_EXIT_12_1X,ROLLING_365_90_90,3,ROLLING,2022-06-30T00:00:00+00:00,2023-06-29T23:59:59.999999+00:00,2023-06-30T00:00:00+00:00,2023-09-27T23:59:59.999999+00:00,365,90,90,ROLLING_365_90_90-3,2023-06-30T00:00:00+00:00,2023-09-27T23:59:59.999999+00:00,TRADE_EXIT_TIME,0.029414252671334135000000,0.05401244858765800,2.941425267133413500000000,5.40124485876580,1,0,1,100,,2.941425267133413500000000,2.941425267133413500000000,0,0,0.5092592592592592592592592593,2.35194232456406938,0.107877267068317120000000,0,-0.107877267068317120000000,0,True,False,1,0,0,1,0,"{""RANGING"": 2155, ""TRENDING_DOWN"": 5}",100,100,100,0E-24,0E-24,0E-24,RESULT_DEPENDS_ON_FEW_TRADES,True,False,,,,,
FUTURES_LONG_SHORT_TIME_EXIT_12_1X,ROLLING_365_90_90,4,ROLLING,2022-09-28T00:00:00+00:00,2023-09-27T23:59:59.999999+00:00,2023-09-28T00:00:00+00:00,2023-12-26T23:59:59.999999+00:00,365,90,90,ROLLING_365_90_90-4,2023-09-28T00:00:00+00:00,2023-12-26T23:59:59.999999+00:00,TRADE_EXIT_TIME,-0.6797602210734795121714285751,-0.6565347054646390857142857180,-67.97602210734795121714285751,-65.65347054646390857142857180,1,1,0,0,0E+26,-67.97602210734795121714285751,-67.97602210734795121714285751,0.6797602210734795121714285800,0.04629629629629629629629629630,0,2.322551560884042645714285714,0,0,0,0,False,False,1,1,0,0,0,"{""RANGING"": 2146, ""TRENDING_UP"": 14}",0,0,0,-67.97602210734795121714285751,-67.97602210734795121714285751,-67.97602210734795121714285751,,True,False,,,,,
FUTURES_LONG_SHORT_TIME_EXIT_12_1X,ROLLING_365_90_90,5,ROLLING,2022-12-27T00:00:00+00:00,2023-12-26T23:59:59.999999+00:00,2023-12-27T00:00:00+00:00,2024-03-25T23:59:59.999999+00:00,365,90,90,ROLLING_365_90_90-5,2023-12-27T00:00:00+00:00,2024-03-25T23:59:59.999999+00:00,TRADE_EXIT_TIME,-2.429903187871563064984628572,-2.2962693353868597000000000,-242.9903187871563064984628572,-229.6269335386859700000000000,6,3,3,16.66666666666666666666666667,0.1827540823686109466311474903,-40.49838646452605108307714287,-47.33156282797545397553714273,2.957213852500579428108938751,1.018518518518518518518518519,1.481481481481481481481481481,13.67905225200292461214285714,0.447542763446201515960000,0.763209766978789629640000,0.315667003532588113680000,0,False,False,6,2,0,4,0,"{""RANGING"": 2125, ""TRENDING_DOWN"": 24, ""TRENDING_UP"": 11}",100,100,100,-297.3282748128143765625028572,-297.3282748128143765625028572,-297.3282748128143765625028572,,True,False,,,,,
FUTURES_LONG_SHORT_TIME_EXIT_12_1X,ROLLING_365_90_90,6,ROLLING,2023-03-27T00:00:00+00:00,2024-03-25T23:59:59.999999+00:00,2024-03-26T00:00:00+00:00,2024-06-23T23:59:59.999999+00:00,365,90,90,ROLLING_365_90_90-6,2024-03-26T00:00:00+00:00,2024-06-23T23:59:59.999999+00:00,TRADE_EXIT_TIME,-0.9850635817820873731875751190,-0.7863756680186087999999999980,-98.5063581782087373187575119,-78.6375668018608799999999998,9,3,6,44.44444444444444444444444444,0.6880236891028981283500214055,-10.94515090868985970208416799,-14.239247648203226520000000,2.552407452054993747777721059,1.527777777777777777777777778,1.666666666666666666666666667,19.30875918819442875000000000,1.115188046779156166949144,0.555155858625727598191632,-0.560032188153428568757512,0,False,False,9,3,1,5,0,"{""RANGING"": 2108, ""TRENDING_DOWN"": 25, ""TRENDING_UP"": 27}",67.07119913081724366942378566,99.11677698303242735885321287,100,-244.2139255295582548216146548,-313.8307395082002435325655108,-315.7494807697074407596655108,,True,False,,,,,
FUTURES_LONG_SHORT_TIME_EXIT_12_1X,ROLLING_365_90_90,7,ROLLING,2023-06-25T00:00:00+00:00,2024-06-23T23:59:59.999999+00:00,2024-06-24T00:00:00+00:00,2024-09-21T23:59:59.999999+00:00,365,90,90,ROLLING_365_90_90-7,2024-06-24T00:00:00+00:00,2024-09-21T23:59:59.999999+00:00,TRADE_EXIT_TIME,0.7596808049679405970293846894,0.8754851679670937000000000091,75.96808049679405970293846894,87.54851679670937000000000091,6,0,6,33.33333333333333333333333333,1.345279578123846411885605877,12.66134674946567661715641149,-34.233608851396107218530766,1.158555063732954320850000,0,1.851851851851851851851851852,11.91989270710426812500000000,0.043042020825250367061532,0.382498428014208195000000,0.339456407188957827938468,0,True,False,6,1,2,3,0,"{""HIGH_VOLATILITY"": 6, ""RANGING"": 2112, ""TRENDING_DOWN"": 42}",58.69441357667281140792919394,100,100,-97.75982275819917257134724566,-220.0190376435918006834901032,-220.0190376435918006834901032,RESULT_DEPENDS_ON_FEW_TRADES,True,False,,,,,
FUTURES_LONG_SHORT_TIME_EXIT_12_1X,ROLLING_365_90_90,8,ROLLING,2023-09-23T00:00:00+00:00,2024-09-21T23:59:59.999999+00:00,2024-09-22T00:00:00+00:00,2024-12-20T23:59:59.999999+00:00,365,90,90,ROLLING_365_90_90-8,2024-09-22T00:00:00+00:00,2024-12-20T23:59:59.999999+00:00,TRADE_EXIT_TIME,-1.893659394779153810163327280,-1.682600279855837385714285714,-189.3659394779153810163327280,-168.2600279855837385714285714,9,5,4,33.33333333333333333333333333,0.3556403340820716103871093214,-21.04065994199059789070363644,-13.660617623669514242116415,1.893659394779153810163327280,1.759259259259259259259259259,1.481481481481481481481481481,19.99802452693919612071428571,1.626623872567194773279871,0.518736907174748449090000,-1.107886965392446324189871,0,False,False,9,4,0,5,0,"{""RANGING"": 2088, ""TRENDING_DOWN"": 30, ""TRENDING_UP"": 42}",70.12360446698000150305106791,100,100,-262.6566209919404599563327280,-293.8823602624978385711692720,-293.8823602624978385711692720,,True,False,,,,,
FUTURES_LONG_SHORT_TIME_EXIT_12_1X,ROLLING_365_90_90,9,ROLLING,2023-12-22T00:00:00+00:00,2024-12-20T23:59:59.999999+00:00,2024-12-21T00:00:00+00:00,2025-03-20T23:59:59.999999+00:00,365,90,90,ROLLING_365_90_90-9,2024-12-21T00:00:00+00:00,2025-03-20T23:59:59.999999+00:00,TRADE_EXIT_TIME,4.572143137194352402598744673,4.763305811423517414285714275,457.2143137194352402598744673,476.3305811423517414285714275,10,0,10,60.0,2.822321120950800042709360890,45.72143137194352402598744673,25.991946535811676142875141,1.982192570500746464121313172,0,3.101851851851851851851851852,19.58966724397099212928571428,0.128175325057546410000000,0.601575146112037370588754,0.473399821054490960588754,0,True,False,10,1,4,5,0,"{""HIGH_VOLATILITY"": 13, ""RANGING"": 2081, ""TRENDING_DOWN"": 61, ""TRENDING_UP"": 5}",25.45839830365986985445124449,73.92689894104737641929757014,98.22610264976570773090912990,276.9405972636680655227316104,-66.2701827988176075053852530,-238.3355149236857255247455350,RESULT_DEPENDS_ON_FEW_TRADES,True,False,,,,,
FUTURES_LONG_SHORT_TIME_EXIT_12_1X,ROLLING_365_90_90,10,ROLLING,2024-03-21T00:00:00+00:00,2025-03-20T23:59:59.999999+00:00,2025-03-21T00:00:00+00:00,2025-06-18T23:59:59.999999+00:00,365,90,90,ROLLING_365_90_90-10,2025-03-21T00:00:00+00:00,2025-06-18T23:59:59.999999+00:00,TRADE_EXIT_TIME,5.086159288536969389430251274,5.364579138907459828571428565,508.6159288536969389430251274,536.4579138907459828571428565,11,8,3,54.54545454545454545454545455,3.570160090327916719247762208,46.23781171397244899482046613,28.908918327420233600000000,0.9611162856220398357920351190,3.611111111111111111111111111,1.203703703703703703703703704,25.07278023490634343714285714,2.769204802142700476974872,0,-2.769204802142700476974872,0,True,False,11,1,4,6,0,"{""RANGING"": 2062, ""TRENDING_DOWN"": 30, ""TRENDING_UP"": 68}",25.31017797389603192600117561,68.70444677332205914236771094,95.90820026802655498658559063,329.7973365891771275263108419,23.2130815489872876945027332,-168.9837852312925673714686950,,True,False,,,,,
FUTURES_LONG_SHORT_TIME_EXIT_12_1X,ROLLING_365_90_90,11,ROLLING,2024-06-19T00:00:00+00:00,2025-06-18T23:59:59.999999+00:00,2025-06-19T00:00:00+00:00,2025-09-16T23:59:59.999999+00:00,365,90,90,ROLLING_365_90_90-11,2025-06-19T00:00:00+00:00,2025-09-16T23:59:59.999999+00:00,TRADE_EXIT_TIME,0.01965470636974276357171070850,0.3463013867925165571428571475,1.96547063697427635717107085,34.63013867925165571428571475,12,10,2,58.33333333333333333333333333,1.006936053640786811956357738,0.1637892197478563630975892375,7.134277874261200859530000,1.102945438619154758553924199,4.537037037037037037037037037,1.018518518518518518518518519,29.60601112146627240785714285,3.231867467511241508643568,0.173210546700134559386067,-3.058656920811106949257501,0,True,False,12,3,1,8,0,"{""RANGING"": 2060, ""TRENDING_DOWN"": 15, ""TRENDING_UP"": 85}",42.16621992653787609306790909,78.74705980440521454848208754,94.99937821782453287014485724,-118.3497793327044910528289294,-222.7279498605403804286889294,-269.1016052629944190205489294,RESULT_DEPENDS_ON_FEW_TRADES,True,False,,,,,
FUTURES_LONG_SHORT_TIME_EXIT_12_1X,ROLLING_365_90_90,12,ROLLING,2024-09-17T00:00:00+00:00,2025-09-16T23:59:59.999999+00:00,2025-09-17T00:00:00+00:00,2025-12-15T23:59:59.999999+00:00,365,90,90,ROLLING_365_90_90-12,2025-09-17T00:00:00+00:00,2025-12-15T23:59:59.999999+00:00,TRADE_EXIT_TIME,0.2938930311711219767389433360,0.5046561304589214714285714303,29.38930311711219767389433360,50.46561304589214714285714303,9,1,8,33.33333333333333333333333333,1.085666070383383473011836450,3.265478124123577519321592622,-33.428642304504187125000000,2.825759344124056265300212447,0.5092592592592592592592592593,3.055555555555555555555555556,21.40014592462921640642857143,0.472505806978097856410000,0.796341802827364793875762,0.323835995849266937465762,0,True,False,9,2,2,5,0,"{""RANGING"": 2101, ""TRENDING_DOWN"": 53, ""TRENDING_UP"": 6}",45.12971154347602898361153939,100,100,-138.6996860208874708003913809,-343.0681830692773249541420987,-343.0681830692773249541420987,RESULT_DEPENDS_ON_FEW_TRADES,True,False,,,,,
FUTURES_LONG_SHORT_TIME_EXIT_12_1X,EXPANDING_365_90_90,1,EXPANDING,2022-01-01T00:00:00+00:00,2022-12-31T23:59:59.999999+00:00,2023-01-01T00:00:00+00:00,2023-03-31T23:59:59.999999+00:00,365,90,90,EXPANDING_365_90_90-1,2023-01-01T00:00:00+00:00,2023-03-31T23:59:59.999999+00:00,TRADE_EXIT_TIME,-0.2584543104481368722730000020,-0.1310360311828329000000000019,-25.84543104481368722730000020,-13.10360311828329000000000019,5,4,1,40.0,0.8287731398935023004453292737,-5.16908620896273744546000004,-24.508006694848465407000000,0.8749225621974533754985714300,1.111111111111111111111111111,0.5092592592592592592592592593,11.77885408932435679500000000,0.962973837206040432300000,0,-0.962973837206040432300000,0,False,False,5,2,1,2,0,"{""RANGING"": 2128, ""TRENDING_DOWN"": 7, ""TRENDING_UP"": 25}",74.94499887604288156626516861,100,100,-119.5995186276603924441428579,-150.9426209692722586241428579,-150.9426209692722586241428579,,True,False,,,,,
FUTURES_LONG_SHORT_TIME_EXIT_12_1X,EXPANDING_365_90_90,2,EXPANDING,2022-01-01T00:00:00+00:00,2023-03-31T23:59:59.999999+00:00,2023-04-01T00:00:00+00:00,2023-06-29T23:59:59.999999+00:00,365,90,90,EXPANDING_365_90_90-2,2023-04-01T00:00:00+00:00,2023-06-29T23:59:59.999999+00:00,TRADE_EXIT_TIME,0,0,0,0,0,0,0,,,,,0,0,0,0,0,0,0,0,False,True,0,0,0,0,0,"{""RANGING"": 2154, ""TRENDING_UP"": 6}",0,0,0,0,0,0,,True,False,,,,,
FUTURES_LONG_SHORT_TIME_EXIT_12_1X,EXPANDING_365_90_90,3,EXPANDING,2022-01-01T00:00:00+00:00,2023-06-29T23:59:59.999999+00:00,2023-06-30T00:00:00+00:00,2023-09-27T23:59:59.999999+00:00,365,90,90,EXPANDING_365_90_90-3,2023-06-30T00:00:00+00:00,2023-09-27T23:59:59.999999+00:00,TRADE_EXIT_TIME,0.029414252671334135000000,0.05401244858765800,2.941425267133413500000000,5.40124485876580,1,0,1,100,,2.941425267133413500000000,2.941425267133413500000000,0,0,0.5092592592592592592592592593,2.35194232456406938,0.107877267068317120000000,0,-0.107877267068317120000000,0,True,False,1,0,0,1,0,"{""RANGING"": 2155, ""TRENDING_DOWN"": 5}",100,100,100,0E-24,0E-24,0E-24,RESULT_DEPENDS_ON_FEW_TRADES,True,False,,,,,
FUTURES_LONG_SHORT_TIME_EXIT_12_1X,EXPANDING_365_90_90,4,EXPANDING,2022-01-01T00:00:00+00:00,2023-09-27T23:59:59.999999+00:00,2023-09-28T00:00:00+00:00,2023-12-26T23:59:59.999999+00:00,365,90,90,EXPANDING_365_90_90-4,2023-09-28T00:00:00+00:00,2023-12-26T23:59:59.999999+00:00,TRADE_EXIT_TIME,-0.6797602210734795121714285751,-0.6565347054646390857142857180,-67.97602210734795121714285751,-65.65347054646390857142857180,1,1,0,0,0E+26,-67.97602210734795121714285751,-67.97602210734795121714285751,0.6797602210734795121714285800,0.04629629629629629629629629630,0,2.322551560884042645714285714,0,0,0,0,False,False,1,1,0,0,0,"{""RANGING"": 2146, ""TRENDING_UP"": 14}",0,0,0,-67.97602210734795121714285751,-67.97602210734795121714285751,-67.97602210734795121714285751,,True,False,,,,,
FUTURES_LONG_SHORT_TIME_EXIT_12_1X,EXPANDING_365_90_90,5,EXPANDING,2022-01-01T00:00:00+00:00,2023-12-26T23:59:59.999999+00:00,2023-12-27T00:00:00+00:00,2024-03-25T23:59:59.999999+00:00,365,90,90,EXPANDING_365_90_90-5,2023-12-27T00:00:00+00:00,2024-03-25T23:59:59.999999+00:00,TRADE_EXIT_TIME,-2.429903187871563064984628572,-2.2962693353868597000000000,-242.9903187871563064984628572,-229.6269335386859700000000000,6,3,3,16.66666666666666666666666667,0.1827540823686109466311474903,-40.49838646452605108307714287,-47.33156282797545397553714273,2.957213852500579428108938751,1.018518518518518518518518519,1.481481481481481481481481481,13.67905225200292461214285714,0.447542763446201515960000,0.763209766978789629640000,0.315667003532588113680000,0,False,False,6,2,0,4,0,"{""RANGING"": 2125, ""TRENDING_DOWN"": 24, ""TRENDING_UP"": 11}",100,100,100,-297.3282748128143765625028572,-297.3282748128143765625028572,-297.3282748128143765625028572,,True,False,,,,,
FUTURES_LONG_SHORT_TIME_EXIT_12_1X,EXPANDING_365_90_90,6,EXPANDING,2022-01-01T00:00:00+00:00,2024-03-25T23:59:59.999999+00:00,2024-03-26T00:00:00+00:00,2024-06-23T23:59:59.999999+00:00,365,90,90,EXPANDING_365_90_90-6,2024-03-26T00:00:00+00:00,2024-06-23T23:59:59.999999+00:00,TRADE_EXIT_TIME,-0.9850635817820873731875751190,-0.7863756680186087999999999980,-98.5063581782087373187575119,-78.6375668018608799999999998,9,3,6,44.44444444444444444444444444,0.6880236891028981283500214055,-10.94515090868985970208416799,-14.239247648203226520000000,2.552407452054993747777721059,1.527777777777777777777777778,1.666666666666666666666666667,19.30875918819442875000000000,1.115188046779156166949144,0.555155858625727598191632,-0.560032188153428568757512,0,False,False,9,3,1,5,0,"{""RANGING"": 2108, ""TRENDING_DOWN"": 25, ""TRENDING_UP"": 27}",67.07119913081724366942378566,99.11677698303242735885321287,100,-244.2139255295582548216146548,-313.8307395082002435325655108,-315.7494807697074407596655108,,True,False,,,,,
FUTURES_LONG_SHORT_TIME_EXIT_12_1X,EXPANDING_365_90_90,7,EXPANDING,2022-01-01T00:00:00+00:00,2024-06-23T23:59:59.999999+00:00,2024-06-24T00:00:00+00:00,2024-09-21T23:59:59.999999+00:00,365,90,90,EXPANDING_365_90_90-7,2024-06-24T00:00:00+00:00,2024-09-21T23:59:59.999999+00:00,TRADE_EXIT_TIME,0.7596808049679405970293846894,0.8754851679670937000000000091,75.96808049679405970293846894,87.54851679670937000000000091,6,0,6,33.33333333333333333333333333,1.345279578123846411885605877,12.66134674946567661715641149,-34.233608851396107218530766,1.158555063732954320850000,0,1.851851851851851851851851852,11.91989270710426812500000000,0.043042020825250367061532,0.382498428014208195000000,0.339456407188957827938468,0,True,False,6,1,2,3,0,"{""HIGH_VOLATILITY"": 6, ""RANGING"": 2112, ""TRENDING_DOWN"": 42}",58.69441357667281140792919394,100,100,-97.75982275819917257134724566,-220.0190376435918006834901032,-220.0190376435918006834901032,RESULT_DEPENDS_ON_FEW_TRADES,True,False,,,,,
FUTURES_LONG_SHORT_TIME_EXIT_12_1X,EXPANDING_365_90_90,8,EXPANDING,2022-01-01T00:00:00+00:00,2024-09-21T23:59:59.999999+00:00,2024-09-22T00:00:00+00:00,2024-12-20T23:59:59.999999+00:00,365,90,90,EXPANDING_365_90_90-8,2024-09-22T00:00:00+00:00,2024-12-20T23:59:59.999999+00:00,TRADE_EXIT_TIME,-1.893659394779153810163327280,-1.682600279855837385714285714,-189.3659394779153810163327280,-168.2600279855837385714285714,9,5,4,33.33333333333333333333333333,0.3556403340820716103871093214,-21.04065994199059789070363644,-13.660617623669514242116415,1.893659394779153810163327280,1.759259259259259259259259259,1.481481481481481481481481481,19.99802452693919612071428571,1.626623872567194773279871,0.518736907174748449090000,-1.107886965392446324189871,0,False,False,9,4,0,5,0,"{""RANGING"": 2088, ""TRENDING_DOWN"": 30, ""TRENDING_UP"": 42}",70.12360446698000150305106791,100,100,-262.6566209919404599563327280,-293.8823602624978385711692720,-293.8823602624978385711692720,,True,False,,,,,
FUTURES_LONG_SHORT_TIME_EXIT_12_1X,EXPANDING_365_90_90,9,EXPANDING,2022-01-01T00:00:00+00:00,2024-12-20T23:59:59.999999+00:00,2024-12-21T00:00:00+00:00,2025-03-20T23:59:59.999999+00:00,365,90,90,EXPANDING_365_90_90-9,2024-12-21T00:00:00+00:00,2025-03-20T23:59:59.999999+00:00,TRADE_EXIT_TIME,4.572143137194352402598744673,4.763305811423517414285714275,457.2143137194352402598744673,476.3305811423517414285714275,10,0,10,60.0,2.822321120950800042709360890,45.72143137194352402598744673,25.991946535811676142875141,1.982192570500746464121313172,0,3.101851851851851851851851852,19.58966724397099212928571428,0.128175325057546410000000,0.601575146112037370588754,0.473399821054490960588754,0,True,False,10,1,4,5,0,"{""HIGH_VOLATILITY"": 13, ""RANGING"": 2081, ""TRENDING_DOWN"": 61, ""TRENDING_UP"": 5}",25.45839830365986985445124449,73.92689894104737641929757014,98.22610264976570773090912990,276.9405972636680655227316104,-66.2701827988176075053852530,-238.3355149236857255247455350,RESULT_DEPENDS_ON_FEW_TRADES,True,False,,,,,
FUTURES_LONG_SHORT_TIME_EXIT_12_1X,EXPANDING_365_90_90,10,EXPANDING,2022-01-01T00:00:00+00:00,2025-03-20T23:59:59.999999+00:00,2025-03-21T00:00:00+00:00,2025-06-18T23:59:59.999999+00:00,365,90,90,EXPANDING_365_90_90-10,2025-03-21T00:00:00+00:00,2025-06-18T23:59:59.999999+00:00,TRADE_EXIT_TIME,5.086159288536969389430251274,5.364579138907459828571428565,508.6159288536969389430251274,536.4579138907459828571428565,11,8,3,54.54545454545454545454545455,3.570160090327916719247762208,46.23781171397244899482046613,28.908918327420233600000000,0.9611162856220398357920351190,3.611111111111111111111111111,1.203703703703703703703703704,25.07278023490634343714285714,2.769204802142700476974872,0,-2.769204802142700476974872,0,True,False,11,1,4,6,0,"{""RANGING"": 2062, ""TRENDING_DOWN"": 30, ""TRENDING_UP"": 68}",25.31017797389603192600117561,68.70444677332205914236771094,95.90820026802655498658559063,329.7973365891771275263108419,23.2130815489872876945027332,-168.9837852312925673714686950,,True,False,,,,,
FUTURES_LONG_SHORT_TIME_EXIT_12_1X,EXPANDING_365_90_90,11,EXPANDING,2022-01-01T00:00:00+00:00,2025-06-18T23:59:59.999999+00:00,2025-06-19T00:00:00+00:00,2025-09-16T23:59:59.999999+00:00,365,90,90,EXPANDING_365_90_90-11,2025-06-19T00:00:00+00:00,2025-09-16T23:59:59.999999+00:00,TRADE_EXIT_TIME,0.01965470636974276357171070850,0.3463013867925165571428571475,1.96547063697427635717107085,34.63013867925165571428571475,12,10,2,58.33333333333333333333333333,1.006936053640786811956357738,0.1637892197478563630975892375,7.134277874261200859530000,1.102945438619154758553924199,4.537037037037037037037037037,1.018518518518518518518518519,29.60601112146627240785714285,3.231867467511241508643568,0.173210546700134559386067,-3.058656920811106949257501,0,True,False,12,3,1,8,0,"{""RANGING"": 2060, ""TRENDING_DOWN"": 15, ""TRENDING_UP"": 85}",42.16621992653787609306790909,78.74705980440521454848208754,94.99937821782453287014485724,-118.3497793327044910528289294,-222.7279498605403804286889294,-269.1016052629944190205489294,RESULT_DEPENDS_ON_FEW_TRADES,True,False,,,,,
FUTURES_LONG_SHORT_TIME_EXIT_12_1X,EXPANDING_365_90_90,12,EXPANDING,2022-01-01T00:00:00+00:00,2025-09-16T23:59:59.999999+00:00,2025-09-17T00:00:00+00:00,2025-12-15T23:59:59.999999+00:00,365,90,90,EXPANDING_365_90_90-12,2025-09-17T00:00:00+00:00,2025-12-15T23:59:59.999999+00:00,TRADE_EXIT_TIME,0.2938930311711219767389433360,0.5046561304589214714285714303,29.38930311711219767389433360,50.46561304589214714285714303,9,1,8,33.33333333333333333333333333,1.085666070383383473011836450,3.265478124123577519321592622,-33.428642304504187125000000,2.825759344124056265300212447,0.5092592592592592592592592593,3.055555555555555555555555556,21.40014592462921640642857143,0.472505806978097856410000,0.796341802827364793875762,0.323835995849266937465762,0,True,False,9,2,2,5,0,"{""RANGING"": 2101, ""TRENDING_DOWN"": 53, ""TRENDING_UP"": 6}",45.12971154347602898361153939,100,100,-138.6996860208874708003913809,-343.0681830692773249541420987,-343.0681830692773249541420987,RESULT_DEPENDS_ON_FEW_TRADES,True,False,,,,,
FUTURES_LONG_SHORT_TIME_EXIT_12_1X,ROLLING_730_90_90,1,ROLLING,2022-01-01T00:00:00+00:00,2023-12-31T23:59:59.999999+00:00,2024-01-01T00:00:00+00:00,2024-03-30T23:59:59.999999+00:00,730,90,90,ROLLING_730_90_90-1,2024-01-01T00:00:00+00:00,2024-03-30T23:59:59.999999+00:00,TRADE_EXIT_TIME,-2.429903187871563064984628572,-2.2962693353868597000000000,-242.9903187871563064984628572,-229.6269335386859700000000000,6,3,3,16.66666666666666666666666667,0.1827540823686109466311474903,-40.49838646452605108307714287,-47.33156282797545397553714273,2.957213852500579428108938751,1.018518518518518518518518519,1.481481481481481481481481481,13.67905225200292461214285714,0.447542763446201515960000,0.763209766978789629640000,0.315667003532588113680000,0,False,False,6,2,0,4,0,"{""RANGING"": 2125, ""TRENDING_DOWN"": 24, ""TRENDING_UP"": 11}",100,100,100,-297.3282748128143765625028572,-297.3282748128143765625028572,-297.3282748128143765625028572,,True,False,,,,,
FUTURES_LONG_SHORT_TIME_EXIT_12_1X,ROLLING_730_90_90,2,ROLLING,2022-04-01T00:00:00+00:00,2024-03-30T23:59:59.999999+00:00,2024-03-31T00:00:00+00:00,2024-06-28T23:59:59.999999+00:00,730,90,90,ROLLING_730_90_90-2,2024-03-31T00:00:00+00:00,2024-06-28T23:59:59.999999+00:00,TRADE_EXIT_TIME,-0.9850635817820873731875751190,-0.7863756680186087999999999980,-98.5063581782087373187575119,-78.6375668018608799999999998,9,3,6,44.44444444444444444444444444,0.6880236891028981283500214055,-10.94515090868985970208416799,-14.239247648203226520000000,2.552407452054993747777721059,1.527777777777777777777777778,1.666666666666666666666666667,19.30875918819442875000000000,1.115188046779156166949144,0.555155858625727598191632,-0.560032188153428568757512,0,False,False,9,3,1,5,0,"{""RANGING"": 2108, ""TRENDING_DOWN"": 25, ""TRENDING_UP"": 27}",67.07119913081724366942378566,99.11677698303242735885321287,100,-244.2139255295582548216146548,-313.8307395082002435325655108,-315.7494807697074407596655108,,True,False,,,,,
FUTURES_LONG_SHORT_TIME_EXIT_12_1X,ROLLING_730_90_90,3,ROLLING,2022-06-30T00:00:00+00:00,2024-06-28T23:59:59.999999+00:00,2024-06-29T00:00:00+00:00,2024-09-26T23:59:59.999999+00:00,730,90,90,ROLLING_730_90_90-3,2024-06-29T00:00:00+00:00,2024-09-26T23:59:59.999999+00:00,TRADE_EXIT_TIME,0.7596808049679405970293846894,0.8754851679670937000000000091,75.96808049679405970293846894,87.54851679670937000000000091,6,0,6,33.33333333333333333333333333,1.345279578123846411885605877,12.66134674946567661715641149,-34.233608851396107218530766,1.158555063732954320850000,0,1.851851851851851851851851852,11.91989270710426812500000000,0.043042020825250367061532,0.382498428014208195000000,0.339456407188957827938468,0,True,False,6,1,2,3,0,"{""HIGH_VOLATILITY"": 6, ""RANGING"": 2112, ""TRENDING_DOWN"": 42}",58.69441357667281140792919394,100,100,-97.75982275819917257134724566,-220.0190376435918006834901032,-220.0190376435918006834901032,RESULT_DEPENDS_ON_FEW_TRADES,True,False,,,,,
FUTURES_LONG_SHORT_TIME_EXIT_12_1X,ROLLING_730_90_90,4,ROLLING,2022-09-28T00:00:00+00:00,2024-09-26T23:59:59.999999+00:00,2024-09-27T00:00:00+00:00,2024-12-25T23:59:59.999999+00:00,730,90,90,ROLLING_730_90_90-4,2024-09-27T00:00:00+00:00,2024-12-25T23:59:59.999999+00:00,TRADE_EXIT_TIME,-1.893659394779153810163327280,-1.682600279855837385714285714,-189.3659394779153810163327280,-168.2600279855837385714285714,9,5,4,33.33333333333333333333333333,0.3556403340820716103871093214,-21.04065994199059789070363644,-13.660617623669514242116415,1.893659394779153810163327280,1.759259259259259259259259259,1.481481481481481481481481481,19.99802452693919612071428571,1.626623872567194773279871,0.518736907174748449090000,-1.107886965392446324189871,0,False,False,9,4,0,5,0,"{""RANGING"": 2088, ""TRENDING_DOWN"": 30, ""TRENDING_UP"": 42}",70.12360446698000150305106791,100,100,-262.6566209919404599563327280,-293.8823602624978385711692720,-293.8823602624978385711692720,,True,False,,,,,
FUTURES_LONG_SHORT_TIME_EXIT_12_1X,ROLLING_730_90_90,5,ROLLING,2022-12-27T00:00:00+00:00,2024-12-25T23:59:59.999999+00:00,2024-12-26T00:00:00+00:00,2025-03-25T23:59:59.999999+00:00,730,90,90,ROLLING_730_90_90-5,2024-12-26T00:00:00+00:00,2025-03-25T23:59:59.999999+00:00,TRADE_EXIT_TIME,4.572143137194352402598744673,4.763305811423517414285714275,457.2143137194352402598744673,476.3305811423517414285714275,10,0,10,60.0,2.822321120950800042709360890,45.72143137194352402598744673,25.991946535811676142875141,1.982192570500746464121313172,0,3.101851851851851851851851852,19.58966724397099212928571428,0.128175325057546410000000,0.601575146112037370588754,0.473399821054490960588754,0,True,False,10,1,4,5,0,"{""HIGH_VOLATILITY"": 13, ""RANGING"": 2081, ""TRENDING_DOWN"": 61, ""TRENDING_UP"": 5}",25.45839830365986985445124449,73.92689894104737641929757014,98.22610264976570773090912990,276.9405972636680655227316104,-66.2701827988176075053852530,-238.3355149236857255247455350,RESULT_DEPENDS_ON_FEW_TRADES,True,False,,,,,
FUTURES_LONG_SHORT_TIME_EXIT_12_1X,ROLLING_730_90_90,6,ROLLING,2023-03-27T00:00:00+00:00,2025-03-25T23:59:59.999999+00:00,2025-03-26T00:00:00+00:00,2025-06-23T23:59:59.999999+00:00,730,90,90,ROLLING_730_90_90-6,2025-03-26T00:00:00+00:00,2025-06-23T23:59:59.999999+00:00,TRADE_EXIT_TIME,5.232513390008501194864111944,5.558633883323400728571428565,523.2513390008501194864111944,555.8633883323400728571428565,13,8,5,53.84615384615384615384615385,3.127136989788355620199511656,40.25010300006539380664701495,28.908918327420233600000000,0.9611162856220398357920351190,3.611111111111111111111111111,2.222222222222222222222222222,29.97316119787476240214285714,2.812098680315325527974872,0.173210546700134559386067,-2.638888133615190968588805,0,True,False,13,1,4,8,0,"{""RANGING"": 2047, ""TRENDING_DOWN"": 45, ""TRENDING_UP"": 68}",23.24614146282880297627806588,63.10162221953710544091032965,88.08691875558041233668537195,344.4327467363303080696969089,37.8484916961404682378888002,-154.3483750841393868280826280,,True,False,,,,,
FUTURES_LONG_SHORT_TIME_EXIT_12_1X,ROLLING_730_90_90,7,ROLLING,2023-06-25T00:00:00+00:00,2025-06-23T23:59:59.999999+00:00,2025-06-24T00:00:00+00:00,2025-09-21T23:59:59.999999+00:00,730,90,90,ROLLING_730_90_90-7,2025-06-24T00:00:00+00:00,2025-09-21T23:59:59.999999+00:00,TRADE_EXIT_TIME,-0.1266993951017890418621499615,0.1522466423765756571428571470,-12.66993951017890418621499615,15.22466423765756571428571470,10,10,0,60.0,0.9461482252637756115036619556,-1.266993951017890418621499615,7.134277874261200859530000,1.104546126870255282053291141,4.537037037037037037037037037,0,24.70563015849785344285714285,3.188973589338616457643568,0,-3.188973589338616457643568,0,False,False,10,3,1,6,0,"{""RANGING"": 2075, ""TRENDING_UP"": 85}",54.04891468353645376461970290,85.28321634749053288535254970,99.56989305626618634329782274,-132.9851894798576715962149964,-202.5141122034749346519749964,-234.3168799281692591640949964,,True,False,,,,,
FUTURES_LONG_SHORT_TIME_EXIT_12_1X,ROLLING_730_90_90,8,ROLLING,2023-09-23T00:00:00+00:00,2025-09-21T23:59:59.999999+00:00,2025-09-22T00:00:00+00:00,2025-12-20T23:59:59.999999+00:00,730,90,90,ROLLING_730_90_90-8,2025-09-22T00:00:00+00:00,2025-12-20T23:59:59.999999+00:00,TRADE_EXIT_TIME,0.2938930311711219767389433360,0.5046561304589214714285714303,29.38930311711219767389433360,50.46561304589214714285714303,9,1,8,33.33333333333333333333333333,1.085666070383383473011836450,3.265478124123577519321592622,-33.428642304504187125000000,2.825759344124056265300212447,0.5092592592592592592592592593,3.055555555555555555555555556,21.40014592462921640642857143,0.472505806978097856410000,0.796341802827364793875762,0.323835995849266937465762,0,True,False,9,2,2,5,0,"{""RANGING"": 2101, ""TRENDING_DOWN"": 53, ""TRENDING_UP"": 6}",45.12971154347602898361153939,100,100,-138.6996860208874708003913809,-343.0681830692773249541420987,-343.0681830692773249541420987,RESULT_DEPENDS_ON_FEW_TRADES,True,False,,,,,
FUTURES_LONG_SHORT_TIME_EXIT_12_1X,ROLLING_365_180_90,1,ROLLING,2022-01-01T00:00:00+00:00,2022-12-31T23:59:59.999999+00:00,2023-01-01T00:00:00+00:00,2023-06-29T23:59:59.999999+00:00,365,180,90,ROLLING_365_180_90-1,2023-01-01T00:00:00+00:00,2023-06-29T23:59:59.999999+00:00,TRADE_EXIT_TIME,-0.2584543104481368722730000020,-0.1310360311828329000000000019,-25.84543104481368722730000020,-13.10360311828329000000000019,5,4,1,40.0,0.8287731398935023004453292737,-5.16908620896273744546000004,-24.508006694848465407000000,0.8749225621974533754985714300,0.5555555555555555555555555556,0.2546296296296296296296296296,11.77885408932435679500000000,0.962973837206040432300000,0,-0.962973837206040432300000,0,False,False,5,2,1,2,0,"{""RANGING"": 4282, ""TRENDING_DOWN"": 7, ""TRENDING_UP"": 31}",74.94499887604288156626516861,100,100,-119.5995186276603924441428579,-150.9426209692722586241428579,-150.9426209692722586241428579,,True,False,,,,,
FUTURES_LONG_SHORT_TIME_EXIT_12_1X,ROLLING_365_180_90,2,ROLLING,2022-04-01T00:00:00+00:00,2023-03-31T23:59:59.999999+00:00,2023-04-01T00:00:00+00:00,2023-09-27T23:59:59.999999+00:00,365,180,90,ROLLING_365_180_90-2,2023-04-01T00:00:00+00:00,2023-09-27T23:59:59.999999+00:00,TRADE_EXIT_TIME,0.029414252671334135000000,0.05401244858765800,2.941425267133413500000000,5.40124485876580,1,0,1,100,,2.941425267133413500000000,2.941425267133413500000000,0,0,0.2546296296296296296296296296,2.35194232456406938,0.107877267068317120000000,0,-0.107877267068317120000000,0,True,False,1,0,0,1,0,"{""RANGING"": 4309, ""TRENDING_DOWN"": 5, ""TRENDING_UP"": 6}",100,100,100,0E-24,0E-24,0E-24,RESULT_DEPENDS_ON_FEW_TRADES,True,False,,,,,
FUTURES_LONG_SHORT_TIME_EXIT_12_1X,ROLLING_365_180_90,3,ROLLING,2022-06-30T00:00:00+00:00,2023-06-29T23:59:59.999999+00:00,2023-06-30T00:00:00+00:00,2023-12-26T23:59:59.999999+00:00,365,180,90,ROLLING_365_180_90-3,2023-06-30T00:00:00+00:00,2023-12-26T23:59:59.999999+00:00,TRADE_EXIT_TIME,-0.6503459684021453771714285751,-0.6025222568769810857142857180,-65.03459684021453771714285751,-60.25222568769810857142857180,2,1,1,50.0,0.04327151215892429427058545507,-32.51729842010726885857142876,-32.51729842010726885857142876,0.6795603334799355630688992342,0.02314814814814814814814814815,0.2546296296296296296296296296,4.674493885448112025714285714,0.107877267068317120000000,0,-0.107877267068317120000000,0,False,False,2,1,0,1,0,"{""RANGING"": 4301, ""TRENDING_DOWN"": 5, ""TRENDING_UP"": 14}",100,100,100,-67.97602210734795121714285751,-67.97602210734795121714285751,-67.97602210734795121714285751,,True,False,,,,,
FUTURES_LONG_SHORT_TIME_EXIT_12_1X,ROLLING_365_180_90,4,ROLLING,2022-09-28T00:00:00+00:00,2023-09-27T23:59:59.999999+00:00,2023-09-28T00:00:00+00:00,2024-03-25T23:59:59.999999+00:00,365,180,90,ROLLING_365_180_90-4,2023-09-28T00:00:00+00:00,2024-03-25T23:59:59.999999+00:00,TRADE_EXIT_TIME,-3.109663408945042577156057147,-2.952804040851498785714285719,-310.9663408945042577156057147,-295.2804040851498785714285719,7,4,3,14.28571428571428571428571429,0.1487471033978384671145649697,-44.42376298492917967365795924,-64.69989378806952343071428546,3.109663408945042577156057150,0.5324074074074074074074074074,0.7407407407407407407407407407,16.00160381288696725785714286,0.447542763446201515960000,0.763209766978789629640000,0.315667003532588113680000,0,False,False,7,3,0,4,0,"{""RANGING"": 4271, ""TRENDING_DOWN"": 24, ""TRENDING_UP"": 25}",100,100,100,-365.3042969201623277796457147,-365.3042969201623277796457147,-365.3042969201623277796457147,,True,False,,,,,
FUTURES_LONG_SHORT_TIME_EXIT_12_1X,ROLLING_365_180_90,5,ROLLING,2022-12-27T00:00:00+00:00,2023-12-26T23:59:59.999999+00:00,2023-12-27T00:00:00+00:00,2024-06-23T23:59:59.999999+00:00,365,180,90,ROLLING_365_180_90-5,2023-12-27T00:00:00+00:00,2024-06-23T23:59:59.999999+00:00,TRADE_EXIT_TIME,-3.414966769653650438172203690,-3.082645003405468499999999998,-341.4966769653650438172203690,-308.2645003405468499999999998,15,6,9,33.33333333333333333333333333,0.4429798278345808830687172450,-22.76644513102433625448135793,-29.963231867881384520360000,4.648443192135520046648668617,1.273148148148148148148148148,1.574074074074074074074074074,32.98781144019735336214285714,1.562730810225357682909144,1.318365625604517227831632,-0.244365184620840455077512,0,False,False,15,5,1,9,0,"{""RANGING"": 4233, ""TRENDING_DOWN"": 49, ""TRENDING_UP"": 38}",53.65159019666130587751965648,95.23283352970600118487494861,100,-487.2042443167145613200775119,-600.1310334630219347950683679,-613.0777555825218173221683679,,True,False,,,,,
FUTURES_LONG_SHORT_TIME_EXIT_12_1X,ROLLING_365_180_90,6,ROLLING,2023-03-27T00:00:00+00:00,2024-03-25T23:59:59.999999+00:00,2024-03-26T00:00:00+00:00,2024-09-21T23:59:59.999999+00:00,365,180,90,ROLLING_365_180_90-6,2024-03-26T00:00:00+00:00,2024-09-21T23:59:59.999999+00:00,TRADE_EXIT_TIME,-0.2253827768141467761581904296,0.08910949994848490000000001110,-22.53827768141467761581904296,8.91094999484849000000000111,15,3,12,40.0,0.9579328069738723643174612862,-1.502551845427645174387936197,-14.239247648203226520000000,2.991765636670565440732705470,0.7638888888888888888888888889,1.759259259259259259259259259,31.22865189529869687500000000,1.158230067604406534010676,0.937654286639935793191632,-0.220575780964470740819044,0,False,False,15,4,3,8,0,"{""HIGH_VOLATILITY"": 6, ""RANGING"": 4220, ""TRENDING_DOWN"": 67, ""TRENDING_UP"": 27}",33.84989610262463642586313563,86.06170300133972196485395408,99.62614415339770236554031238,-196.2661809364079098901047576,-464.2329631731500555051047580,-533.8497771517920442160556140,,True,False,,,,,
FUTURES_LONG_SHORT_TIME_EXIT_12_1X,ROLLING_365_180_90,7,ROLLING,2023-06-25T00:00:00+00:00,2024-06-23T23:59:59.999999+00:00,2024-06-24T00:00:00+00:00,2024-12-20T23:59:59.999999+00:00,365,180,90,ROLLING_365_180_90-7,2024-06-24T00:00:00+00:00,2024-12-20T23:59:59.999999+00:00,TRADE_EXIT_TIME,-1.133978589811213213133942591,-0.8071151118887436857142857042,-113.3978589811213213133942591,-80.71151118887436857142857042,15,5,10,33.33333333333333333333333333,0.7793392673318945703265294311,-7.559857265408088087559617273,-13.660617623669514242116415,2.883356344911342807581566889,0.8796296296296296296296296296,1.666666666666666666666666667,31.91791723404346424571428571,1.669665893392445140341403,0.901235335188956644090000,-0.768430558203488496251403,0,False,False,15,5,2,8,0,"{""HIGH_VOLATILITY"": 6, ""RANGING"": 4200, ""TRENDING_DOWN"": 72, ""TRENDING_UP"": 42}",43.37737032769141220097911321,92.20337993657346588586467519,100,-287.1257622361145535876799737,-482.6756586355322606398228312,-513.9013979060896392546593752,,True,False,,,,,
FUTURES_LONG_SHORT_TIME_EXIT_12_1X,ROLLING_365_180_90,8,ROLLING,2023-09-23T00:00:00+00:00,2024-09-21T23:59:59.999999+00:00,2024-09-22T00:00:00+00:00,2025-03-20T23:59:59.999999+00:00,365,180,90,ROLLING_365_180_90-8,2024-09-22T00:00:00+00:00,2025-03-20T23:59:59.999999+00:00,TRADE_EXIT_TIME,2.678483742415198592435417393,3.080705531567680028571428561,267.8483742415198592435417393,308.0705531567680028571428561,19,5,14,47.36842105263157894736842105,1.491664245333393406549732631,14.09728285481683469702851259,-3.154883431714490247000000,2.018011657543427664517989843,0.8796296296296296296296296296,2.291666666666666666666666667,39.58769177091018824999999999,1.754799197624741183279871,1.120312053286785819678754,-0.634487144337955363601117,0,True,False,19,5,4,10,0,"{""HIGH_VOLATILITY"": 13, ""RANGING"": 4169, ""TRENDING_DOWN"": 91, ""TRENDING_UP"": 47}",22.18405555831787237679029231,64.41875933438363280387134563,89.76042019237415239522220996,87.5746577857526845063988824,-255.6361222767329885217179810,-461.5694049455401205217179810,RESULT_DEPENDS_ON_FEW_TRADES,True,False,,,,,
FUTURES_LONG_SHORT_TIME_EXIT_12_1X,ROLLING_365_180_90,9,ROLLING,2023-12-22T00:00:00+00:00,2024-12-20T23:59:59.999999+00:00,2024-12-21T00:00:00+00:00,2025-06-18T23:59:59.999999+00:00,365,180,90,ROLLING_365_180_90-9,2024-12-21T00:00:00+00:00,2025-06-18T23:59:59.999999+00:00,TRADE_EXIT_TIME,9.658302425731321792028995950,10.12788495033097724285714284,965.830242573132179202899595,1012.788495033097724285714284,21,8,13,57.14285714285714285714285714,3.152079091792359532497219832,45.99191631300629424775712357,28.908918327420233600000000,1.982192570500746464121313172,1.805555555555555555555555556,2.152777777777777777777777778,44.66244747887733556642857141,2.897380127200246886974872,0.601575146112037370588754,-2.295804981088209516386118,0,True,False,21,2,8,11,0,"{""HIGH_VOLATILITY"": 13, ""RANGING"": 4143, ""TRENDING_DOWN"": 91, ""TRENDING_UP"": 73}",12.74361768384369641974677795,37.61805004094522960457761060,61.34558081116488902322897826,785.5565261173650044657567381,433.6779248448755103194970175,98.0236184787168116041941603,,True,False,,,,,
FUTURES_LONG_SHORT_TIME_EXIT_12_1X,ROLLING_365_180_90,10,ROLLING,2024-03-21T00:00:00+00:00,2025-03-20T23:59:59.999999+00:00,2025-03-21T00:00:00+00:00,2025-09-16T23:59:59.999999+00:00,365,180,90,ROLLING_365_180_90-10,2025-03-21T00:00:00+00:00,2025-09-16T23:59:59.999999+00:00,TRADE_EXIT_TIME,5.105813994906712153001961982,5.710880525699976385714285711,510.5813994906712153001961982,571.0880525699976385714285711,23,18,5,56.52173913043478260869565217,2.060920002515929015457595071,22.19919128220309631739983470,13.311118864691852624160000,1.050061627199714046534250099,4.074074074074074074074074074,1.111111111111111111111111111,54.67879135637261584499999999,6.001072269653941985618440,0.173210546700134559386067,-5.827861722953807426232373,0,True,False,23,4,5,14,0,"{""RANGING"": 4122, ""TRENDING_DOWN"": 45, ""TRENDING_UP"": 153}",18.02889815911059818700587792,48.93942173112220909973339683,71.64475319860909496467880052,331.7628072261514038834819127,25.1785521859615640516738040,-200.0229756103218752618976244,,True,False,,,,,
FUTURES_LONG_SHORT_TIME_EXIT_12_1X,ROLLING_365_180_90,11,ROLLING,2024-06-19T00:00:00+00:00,2025-06-18T23:59:59.999999+00:00,2025-06-19T00:00:00+00:00,2025-12-15T23:59:59.999999+00:00,365,180,90,ROLLING_365_180_90-11,2025-06-19T00:00:00+00:00,2025-12-15T23:59:59.999999+00:00,TRADE_EXIT_TIME,0.3135477375408647403106540450,0.8509575172514380285714285780,31.35477375408647403106540450,85.0957517251438028571428578,21,11,10,47.61904761904761904761904762,1.050052449774757927512231685,1.493084464480308287193590690,-30.842791902134812850000000,2.825221327490801373913841065,2.523148148148148148148148148,2.037037037037037037037037037,51.00615704609548881428571428,3.704373274489339365053568,0.969552349527499353261829,-2.734820924961840011791739,0,True,False,21,5,3,13,0,"{""RANGING"": 4161, ""TRENDING_DOWN"": 68, ""TRENDING_UP"": 91}",25.55347336123899753647888836,67.65091591846025721030628335,84.44965072471026110419645406,-136.7342153839131944432203100,-413.6482953098068163483810280,-524.1492167486520090309710280,RESULT_DEPENDS_ON_FEW_TRADES,True,False,,,,,
FUTURES_LONG_SHORT_TIME_EXIT_12_1X,EXPANDING_365_90_90,CONSOLIDATED,,,,,,,,,,,,,,,,,79,,,,,,,,,,,,,,,,,,,,,,,,,,,,,,True,False,12,0.00982735318487138178585535425,0.376175377079753385965756261,50.0,8.333333333333333333333333333
FUTURES_LONG_SHORT_TIME_EXIT_12_1X,ROLLING_365_180_90,CONSOLIDATED,,,,,,,,,,,,,,,,,144,,,,,,,,,,,,,,,,,,,,,,,,,,,,,,True,False,11,-0.2253827768141467761581904296,0.8175245753810087417011097214,45.45454545454545454545454545,0
FUTURES_LONG_SHORT_TIME_EXIT_12_1X,ROLLING_365_90_90,CONSOLIDATED,,,,,,,,,,,,,,,,,79,,,,,,,,,,,,,,,,,,,,,,,,,,,,,,True,False,12,0.00982735318487138178585535425,0.376175377079753385965756261,50.0,8.333333333333333333333333333
FUTURES_LONG_SHORT_TIME_EXIT_12_1X,ROLLING_730_90_90,CONSOLIDATED,,,,,,,,,,,,,,,,,72,,,,,,,,,,,,,,,,,,,,,,,,,,,,,,True,False,8,0.08359681803466646743839668725,0.6778631004759153601291879638,50.0,0
FUTURES_LONG_SHORT_TIME_EXIT_24_1X,ROLLING_365_90_90,1,ROLLING,2022-01-01T00:00:00+00:00,2022-12-31T23:59:59.999999+00:00,2023-01-01T00:00:00+00:00,2023-03-31T23:59:59.999999+00:00,365,90,90,ROLLING_365_90_90-1,2023-01-01T00:00:00+00:00,2023-03-31T23:59:59.999999+00:00,TRADE_EXIT_TIME,-1.072112286977384339543568391,-0.9667957054680905571428571522,-107.2112286977384339543568391,-96.67957054680905571428571522,4,3,1,25.00,0.5000145785833840023578869517,-26.80280717443460848858920978,-64.3094509785696001342857147,1.501533618584763343386711250,1.2500,0.7870370370370370370370370370,9.618973012277736404999999999,0.968097441322570881400000,0.055412302670929046328876,-0.912685138651641835071124,0,False,False,4,3,1,0,0,"{""RANGING"": 2128, ""TRENDING_DOWN"": 7, ""TRENDING_UP"": 25}",100,100,100,-214.4287095291204565158139826,-214.4287095291204565158139826,-214.4287095291204565158139826,,True,False,,,,,
FUTURES_LONG_SHORT_TIME_EXIT_24_1X,ROLLING_365_90_90,2,ROLLING,2022-04-01T00:00:00+00:00,2023-03-31T23:59:59.999999+00:00,2023-04-01T00:00:00+00:00,2023-06-29T23:59:59.999999+00:00,365,90,90,ROLLING_365_90_90-2,2023-04-01T00:00:00+00:00,2023-06-29T23:59:59.999999+00:00,TRADE_EXIT_TIME,0,0,0,0,0,0,0,,,,,0,0,0,0,0,0,0,0,False,True,0,0,0,0,0,"{""RANGING"": 2154, ""TRENDING_UP"": 6}",0,0,0,0,0,0,,True,False,,,,,
FUTURES_LONG_SHORT_TIME_EXIT_24_1X,ROLLING_365_90_90,3,ROLLING,2022-06-30T00:00:00+00:00,2023-06-29T23:59:59.999999+00:00,2023-06-30T00:00:00+00:00,2023-09-27T23:59:59.999999+00:00,365,90,90,ROLLING_365_90_90-3,2023-06-30T00:00:00+00:00,2023-09-27T23:59:59.999999+00:00,TRADE_EXIT_TIME,-0.5063362993560515310285714347,-0.4772591311891947428571428633,-50.63362993560515310285714347,-47.72591311891947428571428633,1,0,1,0,0E+26,-50.63362993560515310285714347,-50.63362993560515310285714347,0.5063362993560515310285714300,0,1.018518518518518518518518519,2.409121021203440657142857143,0.498595795482238160000000,0,-0.498595795482238160000000,0,False,False,1,1,0,0,0,"{""RANGING"": 2155, ""TRENDING_DOWN"": 5}",0,0,0,-50.63362993560515310285714347,-50.63362993560515310285714347,-50.63362993560515310285714347,,True,False,,,,,
FUTURES_LONG_SHORT_TIME_EXIT_24_1X,ROLLING_365_90_90,4,ROLLING,2022-09-28T00:00:00+00:00,2023-09-27T23:59:59.999999+00:00,2023-09-28T00:00:00+00:00,2023-12-26T23:59:59.999999+00:00,365,90,90,ROLLING_365_90_90-4,2023-09-28T00:00:00+00:00,2023-12-26T23:59:59.999999+00:00,TRADE_EXIT_TIME,-0.6847302878700697121142857180,-0.6613349589058980571428571466,-68.47302878700697121142857180,-66.13349589058980571428571466,1,1,0,0,0E+26,-68.47302878700697121142857180,-68.47302878700697121142857180,0.6847302878700697121142857200,0.04629629629629629629629629630,0,2.339532896417165497142857142,0,0,0,0,False,False,1,1,0,0,0,"{""RANGING"": 2146, ""TRENDING_UP"": 14}",0,0,0,-68.47302878700697121142857180,-68.47302878700697121142857180,-68.47302878700697121142857180,,True,False,,,,,
FUTURES_LONG_SHORT_TIME_EXIT_24_1X,ROLLING_365_90_90,5,ROLLING,2022-12-27T00:00:00+00:00,2023-12-26T23:59:59.999999+00:00,2023-12-27T00:00:00+00:00,2024-03-25T23:59:59.999999+00:00,365,90,90,ROLLING_365_90_90-5,2023-12-27T00:00:00+00:00,2024-03-25T23:59:59.999999+00:00,TRADE_EXIT_TIME,-2.000883299410620789447914291,-1.917705448204101728571428576,-200.0883299410620789447914291,-191.7705448204101728571428576,4,1,3,25.00,0.09757186270971204050973921140,-50.02208248526551973619785728,-62.4918761556699588528385716,2.212435407585618388210166686,1.064814814814814814814814815,2.129629629629629629629629630,9.135317493453689196428571429,0.432740570943124668400000,1.250272943744907777180000,0.817532372801783108780000,0,False,False,4,2,0,2,0,"{""RANGING"": 2125, ""TRENDING_DOWN"": 24, ""TRENDING_UP"": 11}",100,100,100,-221.7221756203938053963914291,-221.7221756203938053963914291,-221.7221756203938053963914291,,True,False,,,,,
FUTURES_LONG_SHORT_TIME_EXIT_24_1X,ROLLING_365_90_90,6,ROLLING,2023-03-27T00:00:00+00:00,2024-03-25T23:59:59.999999+00:00,2024-03-26T00:00:00+00:00,2024-06-23T23:59:59.999999+00:00,365,90,90,ROLLING_365_90_90-6,2024-03-26T00:00:00+00:00,2024-06-23T23:59:59.999999+00:00,TRADE_EXIT_TIME,-0.3055165093705838709145833840,-0.1284622706286945285714285750,-30.5516509370583870914583384,-12.8462270628694528571428575,8,2,6,37.500,0.9251578260534641019028966694,-3.8189563671322983864322923,-74.16547938216489527959014215,3.223276791417885174321836521,1.898148148148148148148148148,2.453703703703703703703703704,17.29942987025139225785714285,1.359200516252638588163768,0.953206512315096611705430,-0.405994003937541976458338,0,False,False,8,4,2,2,0,"{""RANGING"": 2108, ""TRENDING_DOWN"": 25, ""TRENDING_UP"": 27}",38.94674184465564936953262121,100,100,-177.6389754344246952143154813,-408.2143706686446842540088559,-408.2143706686446842540088559,,True,False,,,,,
FUTURES_LONG_SHORT_TIME_EXIT_24_1X,ROLLING_365_90_90,7,ROLLING,2023-06-25T00:00:00+00:00,2024-06-23T23:59:59.999999+00:00,2024-06-24T00:00:00+00:00,2024-09-21T23:59:59.999999+00:00,365,90,90,ROLLING_365_90_90-7,2024-06-24T00:00:00+00:00,2024-09-21T23:59:59.999999+00:00,TRADE_EXIT_TIME,-0.07197007402467236803476063530,0.04380082217794227142857143900,-7.19700740246723680347606353,4.38008221779422714285714390,6,0,6,33.33333333333333333333333333,0.9767096218316821279034950895,-1.199501233744539467246010588,-59.968316881499849022995672,1.856979669230563468413160355,0,2.592592592592592592592592593,12.17926655501881495642857143,0.115446936608120213913292,0.717623871365471224008656,0.602176934757351010095364,0,False,False,6,3,2,1,0,"{""HIGH_VOLATILITY"": 6, ""RANGING"": 2112, ""TRENDING_DOWN"": 42}",58.69441376150135028364659598,100,100,-184.3455747638819099920474924,-309.0120456806234240734760642,-309.0120456806234240734760642,,True,False,,,,,
FUTURES_LONG_SHORT_TIME_EXIT_24_1X,ROLLING_365_90_90,8,ROLLING,2023-09-23T00:00:00+00:00,2024-09-21T23:59:59.999999+00:00,2024-09-22T00:00:00+00:00,2024-12-20T23:59:59.999999+00:00,365,90,90,ROLLING_365_90_90-8,2024-09-22T00:00:00+00:00,2024-12-20T23:59:59.999999+00:00,TRADE_EXIT_TIME,-1.067485455087818032106072576,-0.9011065084601022142857142867,-106.7485455087818032106072576,-90.11065084601022142857142867,7,3,4,28.57142857142857142857142857,0.6567730026200333062737230115,-15.24979221554025760151532251,-49.66804672253359877020571440,1.862602540790955771798101955,1.944444444444444444444444444,2.175925925925925925925925926,15.70441428934908481785714286,1.885933367595414416497710,0.952452994172917452319024,-0.933480373422496964178686,0,False,False,7,4,1,2,0,"{""RANGING"": 2088, ""TRENDING_DOWN"": 30, ""TRENDING_UP"": 42}",60.48570957523887791560033282,100,100,-230.3002090977855423710372576,-311.0144199717677871147731476,-311.0144199717677871147731476,,True,False,,,,,
FUTURES_LONG_SHORT_TIME_EXIT_24_1X,ROLLING_365_90_90,9,ROLLING,2023-12-22T00:00:00+00:00,2024-12-20T23:59:59.999999+00:00,2024-12-21T00:00:00+00:00,2025-03-20T23:59:59.999999+00:00,365,90,90,ROLLING_365_90_90-9,2024-12-21T00:00:00+00:00,2025-03-20T23:59:59.999999+00:00,TRADE_EXIT_TIME,1.986501724417050714781793104,2.178338757002916571428571419,198.6501724417050714781793104,217.8338757002916571428571419,10,0,10,40.0,1.423577272783797561823699526,19.86501724417050714781793104,-39.862692831318099765458564,4.307700590691185031865595899,0,4.675925925925925925925925926,20.00859901106725545142857143,0.086710244281147821183454,0.911605996761817607934194,0.824895752480669786750740,0,True,False,10,4,4,2,0,"{""HIGH_VOLATILITY"": 13, ""RANGING"": 2081, ""TRENDING_DOWN"": 61, ""TRENDING_UP"": 5}",27.47542589222145055243383370,79.78400806334612200120287294,100,15.2153534121444493981793107,-334.0136391389646618830830247,-468.9821319641484916730830247,RESULT_DEPENDS_ON_FEW_TRADES,True,False,,,,,
FUTURES_LONG_SHORT_TIME_EXIT_24_1X,ROLLING_365_90_90,10,ROLLING,2024-03-21T00:00:00+00:00,2025-03-20T23:59:59.999999+00:00,2025-03-21T00:00:00+00:00,2025-06-18T23:59:59.999999+00:00,365,90,90,ROLLING_365_90_90-10,2025-03-21T00:00:00+00:00,2025-06-18T23:59:59.999999+00:00,TRADE_EXIT_TIME,3.787583980367695229503591667,4.046964578151002414285714278,378.7583980367695229503591667,404.6964578151002414285714278,10,7,3,60.0,2.498106591514135488123991702,37.87583980367695229503591667,25.239467816578433676185200,2.039222429261224827013092391,5.324074074074074074074074074,1.759259259259259259259259259,22.40281019095107961214285714,3.535249587379638866069404,0,-3.535249587379638866069404,0,True,False,10,2,4,4,0,"{""RANGING"": 2062, ""TRENDING_DOWN"": 30, ""TRENDING_UP"": 68}",28.07106299680167710525074088,75.63024616459968345632235439,96.21592949411164667300604053,201.4662996277085240606448812,-98.9094782115738816853948601,-228.9251813963600673939662883,RESULT_DEPENDS_ON_FEW_TRADES,True,False,,,,,
FUTURES_LONG_SHORT_TIME_EXIT_24_1X,ROLLING_365_90_90,11,ROLLING,2024-06-19T00:00:00+00:00,2025-06-18T23:59:59.999999+00:00,2025-06-19T00:00:00+00:00,2025-09-16T23:59:59.999999+00:00,365,90,90,ROLLING_365_90_90-11,2025-06-19T00:00:00+00:00,2025-09-16T23:59:59.999999+00:00,TRADE_EXIT_TIME,0.6491111995320014951211031898,0.8511856775089605000000000002,64.91111995320014951211031898,85.11856775089605000000000002,7,6,1,57.14285714285714285714285714,1.595912151882905103506122309,9.27301713617144993030147414,13.610317003560419989050000,0.8188941547281498447741174333,4.953703703703703703703703704,1.064814814814814814814814815,16.93921098584348917500000000,3.387449634643853616719488,0.119212822791442303829807,-3.268236811852411312889681,0,True,False,7,1,1,5,0,"{""RANGING"": 2060, ""TRENDING_DOWN"": 15, ""TRENDING_UP"": 85}",67.95454083164777475975179962,92.17070966559059211739163522,100,-53.22000088227259210931825262,-95.31701355699338460839805962,-108.9273305605538045974480596,RESULT_DEPENDS_ON_FEW_TRADES,True,False,,,,,
FUTURES_LONG_SHORT_TIME_EXIT_24_1X,ROLLING_365_90_90,12,ROLLING,2024-09-17T00:00:00+00:00,2025-09-16T23:59:59.999999+00:00,2025-09-17T00:00:00+00:00,2025-12-15T23:59:59.999999+00:00,365,90,90,ROLLING_365_90_90-12,2025-09-17T00:00:00+00:00,2025-12-15T23:59:59.999999+00:00,TRADE_EXIT_TIME,0.4104164008900512628310074090,0.6187250274851131857142857153,41.04164008900512628310074090,61.87250274851131857142857153,9,1,8,33.33333333333333333333333333,1.111460297603196290106230637,4.560182232111680698122304544,-36.988239712711313403000000,2.802708036548278377232638307,0.7870370370370370370370370370,4.675925925925925925925925926,21.09517094723181921357142857,0.687206934286971835509560,0.951515222012598760753158,0.264308287725626925243598,0,True,False,9,4,2,3,0,"{""RANGING"": 2101, ""TRENDING_DOWN"": 53, ""TRENDING_UP"": 6}",40.46051969439804910505945377,100,100,-124.5467637695087392968992594,-368.2175713823699327961510712,-368.2175713823699327961510712,RESULT_DEPENDS_ON_FEW_TRADES,True,False,,,,,
FUTURES_LONG_SHORT_TIME_EXIT_24_1X,EXPANDING_365_90_90,1,EXPANDING,2022-01-01T00:00:00+00:00,2022-12-31T23:59:59.999999+00:00,2023-01-01T00:00:00+00:00,2023-03-31T23:59:59.999999+00:00,365,90,90,EXPANDING_365_90_90-1,2023-01-01T00:00:00+00:00,2023-03-31T23:59:59.999999+00:00,TRADE_EXIT_TIME,-1.072112286977384339543568391,-0.9667957054680905571428571522,-107.2112286977384339543568391,-96.67957054680905571428571522,4,3,1,25.00,0.5000145785833840023578869517,-26.80280717443460848858920978,-64.3094509785696001342857147,1.501533618584763343386711250,1.2500,0.7870370370370370370370370370,9.618973012277736404999999999,0.968097441322570881400000,0.055412302670929046328876,-0.912685138651641835071124,0,False,False,4,3,1,0,0,"{""RANGING"": 2128, ""TRENDING_DOWN"": 7, ""TRENDING_UP"": 25}",100,100,100,-214.4287095291204565158139826,-214.4287095291204565158139826,-214.4287095291204565158139826,,True,False,,,,,
FUTURES_LONG_SHORT_TIME_EXIT_24_1X,EXPANDING_365_90_90,2,EXPANDING,2022-01-01T00:00:00+00:00,2023-03-31T23:59:59.999999+00:00,2023-04-01T00:00:00+00:00,2023-06-29T23:59:59.999999+00:00,365,90,90,EXPANDING_365_90_90-2,2023-04-01T00:00:00+00:00,2023-06-29T23:59:59.999999+00:00,TRADE_EXIT_TIME,0,0,0,0,0,0,0,,,,,0,0,0,0,0,0,0,0,False,True,0,0,0,0,0,"{""RANGING"": 2154, ""TRENDING_UP"": 6}",0,0,0,0,0,0,,True,False,,,,,
FUTURES_LONG_SHORT_TIME_EXIT_24_1X,EXPANDING_365_90_90,3,EXPANDING,2022-01-01T00:00:00+00:00,2023-06-29T23:59:59.999999+00:00,2023-06-30T00:00:00+00:00,2023-09-27T23:59:59.999999+00:00,365,90,90,EXPANDING_365_90_90-3,2023-06-30T00:00:00+00:00,2023-09-27T23:59:59.999999+00:00,TRADE_EXIT_TIME,-0.5063362993560515310285714347,-0.4772591311891947428571428633,-50.63362993560515310285714347,-47.72591311891947428571428633,1,0,1,0,0E+26,-50.63362993560515310285714347,-50.63362993560515310285714347,0.5063362993560515310285714300,0,1.018518518518518518518518519,2.409121021203440657142857143,0.498595795482238160000000,0,-0.498595795482238160000000,0,False,False,1,1,0,0,0,"{""RANGING"": 2155, ""TRENDING_DOWN"": 5}",0,0,0,-50.63362993560515310285714347,-50.63362993560515310285714347,-50.63362993560515310285714347,,True,False,,,,,
FUTURES_LONG_SHORT_TIME_EXIT_24_1X,EXPANDING_365_90_90,4,EXPANDING,2022-01-01T00:00:00+00:00,2023-09-27T23:59:59.999999+00:00,2023-09-28T00:00:00+00:00,2023-12-26T23:59:59.999999+00:00,365,90,90,EXPANDING_365_90_90-4,2023-09-28T00:00:00+00:00,2023-12-26T23:59:59.999999+00:00,TRADE_EXIT_TIME,-0.6847302878700697121142857180,-0.6613349589058980571428571466,-68.47302878700697121142857180,-66.13349589058980571428571466,1,1,0,0,0E+26,-68.47302878700697121142857180,-68.47302878700697121142857180,0.6847302878700697121142857200,0.04629629629629629629629629630,0,2.339532896417165497142857142,0,0,0,0,False,False,1,1,0,0,0,"{""RANGING"": 2146, ""TRENDING_UP"": 14}",0,0,0,-68.47302878700697121142857180,-68.47302878700697121142857180,-68.47302878700697121142857180,,True,False,,,,,
FUTURES_LONG_SHORT_TIME_EXIT_24_1X,EXPANDING_365_90_90,5,EXPANDING,2022-01-01T00:00:00+00:00,2023-12-26T23:59:59.999999+00:00,2023-12-27T00:00:00+00:00,2024-03-25T23:59:59.999999+00:00,365,90,90,EXPANDING_365_90_90-5,2023-12-27T00:00:00+00:00,2024-03-25T23:59:59.999999+00:00,TRADE_EXIT_TIME,-2.000883299410620789447914291,-1.917705448204101728571428576,-200.0883299410620789447914291,-191.7705448204101728571428576,4,1,3,25.00,0.09757186270971204050973921140,-50.02208248526551973619785728,-62.4918761556699588528385716,2.212435407585618388210166686,1.064814814814814814814814815,2.129629629629629629629629630,9.135317493453689196428571429,0.432740570943124668400000,1.250272943744907777180000,0.817532372801783108780000,0,False,False,4,2,0,2,0,"{""RANGING"": 2125, ""TRENDING_DOWN"": 24, ""TRENDING_UP"": 11}",100,100,100,-221.7221756203938053963914291,-221.7221756203938053963914291,-221.7221756203938053963914291,,True,False,,,,,
FUTURES_LONG_SHORT_TIME_EXIT_24_1X,EXPANDING_365_90_90,6,EXPANDING,2022-01-01T00:00:00+00:00,2024-03-25T23:59:59.999999+00:00,2024-03-26T00:00:00+00:00,2024-06-23T23:59:59.999999+00:00,365,90,90,EXPANDING_365_90_90-6,2024-03-26T00:00:00+00:00,2024-06-23T23:59:59.999999+00:00,TRADE_EXIT_TIME,-0.3055165093705838709145833840,-0.1284622706286945285714285750,-30.5516509370583870914583384,-12.8462270628694528571428575,8,2,6,37.500,0.9251578260534641019028966694,-3.8189563671322983864322923,-74.16547938216489527959014215,3.223276791417885174321836521,1.898148148148148148148148148,2.453703703703703703703703704,17.29942987025139225785714285,1.359200516252638588163768,0.953206512315096611705430,-0.405994003937541976458338,0,False,False,8,4,2,2,0,"{""RANGING"": 2108, ""TRENDING_DOWN"": 25, ""TRENDING_UP"": 27}",38.94674184465564936953262121,100,100,-177.6389754344246952143154813,-408.2143706686446842540088559,-408.2143706686446842540088559,,True,False,,,,,
FUTURES_LONG_SHORT_TIME_EXIT_24_1X,EXPANDING_365_90_90,7,EXPANDING,2022-01-01T00:00:00+00:00,2024-06-23T23:59:59.999999+00:00,2024-06-24T00:00:00+00:00,2024-09-21T23:59:59.999999+00:00,365,90,90,EXPANDING_365_90_90-7,2024-06-24T00:00:00+00:00,2024-09-21T23:59:59.999999+00:00,TRADE_EXIT_TIME,-0.07197007402467236803476063530,0.04380082217794227142857143900,-7.19700740246723680347606353,4.38008221779422714285714390,6,0,6,33.33333333333333333333333333,0.9767096218316821279034950895,-1.199501233744539467246010588,-59.968316881499849022995672,1.856979669230563468413160355,0,2.592592592592592592592592593,12.17926655501881495642857143,0.115446936608120213913292,0.717623871365471224008656,0.602176934757351010095364,0,False,False,6,3,2,1,0,"{""HIGH_VOLATILITY"": 6, ""RANGING"": 2112, ""TRENDING_DOWN"": 42}",58.69441376150135028364659598,100,100,-184.3455747638819099920474924,-309.0120456806234240734760642,-309.0120456806234240734760642,,True,False,,,,,
FUTURES_LONG_SHORT_TIME_EXIT_24_1X,EXPANDING_365_90_90,8,EXPANDING,2022-01-01T00:00:00+00:00,2024-09-21T23:59:59.999999+00:00,2024-09-22T00:00:00+00:00,2024-12-20T23:59:59.999999+00:00,365,90,90,EXPANDING_365_90_90-8,2024-09-22T00:00:00+00:00,2024-12-20T23:59:59.999999+00:00,TRADE_EXIT_TIME,-1.067485455087818032106072576,-0.9011065084601022142857142867,-106.7485455087818032106072576,-90.11065084601022142857142867,7,3,4,28.57142857142857142857142857,0.6567730026200333062737230115,-15.24979221554025760151532251,-49.66804672253359877020571440,1.862602540790955771798101955,1.944444444444444444444444444,2.175925925925925925925925926,15.70441428934908481785714286,1.885933367595414416497710,0.952452994172917452319024,-0.933480373422496964178686,0,False,False,7,4,1,2,0,"{""RANGING"": 2088, ""TRENDING_DOWN"": 30, ""TRENDING_UP"": 42}",60.48570957523887791560033282,100,100,-230.3002090977855423710372576,-311.0144199717677871147731476,-311.0144199717677871147731476,,True,False,,,,,
FUTURES_LONG_SHORT_TIME_EXIT_24_1X,EXPANDING_365_90_90,9,EXPANDING,2022-01-01T00:00:00+00:00,2024-12-20T23:59:59.999999+00:00,2024-12-21T00:00:00+00:00,2025-03-20T23:59:59.999999+00:00,365,90,90,EXPANDING_365_90_90-9,2024-12-21T00:00:00+00:00,2025-03-20T23:59:59.999999+00:00,TRADE_EXIT_TIME,1.986501724417050714781793104,2.178338757002916571428571419,198.6501724417050714781793104,217.8338757002916571428571419,10,0,10,40.0,1.423577272783797561823699526,19.86501724417050714781793104,-39.862692831318099765458564,4.307700590691185031865595899,0,4.675925925925925925925925926,20.00859901106725545142857143,0.086710244281147821183454,0.911605996761817607934194,0.824895752480669786750740,0,True,False,10,4,4,2,0,"{""HIGH_VOLATILITY"": 13, ""RANGING"": 2081, ""TRENDING_DOWN"": 61, ""TRENDING_UP"": 5}",27.47542589222145055243383370,79.78400806334612200120287294,100,15.2153534121444493981793107,-334.0136391389646618830830247,-468.9821319641484916730830247,RESULT_DEPENDS_ON_FEW_TRADES,True,False,,,,,
FUTURES_LONG_SHORT_TIME_EXIT_24_1X,EXPANDING_365_90_90,10,EXPANDING,2022-01-01T00:00:00+00:00,2025-03-20T23:59:59.999999+00:00,2025-03-21T00:00:00+00:00,2025-06-18T23:59:59.999999+00:00,365,90,90,EXPANDING_365_90_90-10,2025-03-21T00:00:00+00:00,2025-06-18T23:59:59.999999+00:00,TRADE_EXIT_TIME,3.787583980367695229503591667,4.046964578151002414285714278,378.7583980367695229503591667,404.6964578151002414285714278,10,7,3,60.0,2.498106591514135488123991702,37.87583980367695229503591667,25.239467816578433676185200,2.039222429261224827013092391,5.324074074074074074074074074,1.759259259259259259259259259,22.40281019095107961214285714,3.535249587379638866069404,0,-3.535249587379638866069404,0,True,False,10,2,4,4,0,"{""RANGING"": 2062, ""TRENDING_DOWN"": 30, ""TRENDING_UP"": 68}",28.07106299680167710525074088,75.63024616459968345632235439,96.21592949411164667300604053,201.4662996277085240606448812,-98.9094782115738816853948601,-228.9251813963600673939662883,RESULT_DEPENDS_ON_FEW_TRADES,True,False,,,,,
FUTURES_LONG_SHORT_TIME_EXIT_24_1X,EXPANDING_365_90_90,11,EXPANDING,2022-01-01T00:00:00+00:00,2025-06-18T23:59:59.999999+00:00,2025-06-19T00:00:00+00:00,2025-09-16T23:59:59.999999+00:00,365,90,90,EXPANDING_365_90_90-11,2025-06-19T00:00:00+00:00,2025-09-16T23:59:59.999999+00:00,TRADE_EXIT_TIME,0.6491111995320014951211031898,0.8511856775089605000000000002,64.91111995320014951211031898,85.11856775089605000000000002,7,6,1,57.14285714285714285714285714,1.595912151882905103506122309,9.27301713617144993030147414,13.610317003560419989050000,0.8188941547281498447741174333,4.953703703703703703703703704,1.064814814814814814814814815,16.93921098584348917500000000,3.387449634643853616719488,0.119212822791442303829807,-3.268236811852411312889681,0,True,False,7,1,1,5,0,"{""RANGING"": 2060, ""TRENDING_DOWN"": 15, ""TRENDING_UP"": 85}",67.95454083164777475975179962,92.17070966559059211739163522,100,-53.22000088227259210931825262,-95.31701355699338460839805962,-108.9273305605538045974480596,RESULT_DEPENDS_ON_FEW_TRADES,True,False,,,,,
FUTURES_LONG_SHORT_TIME_EXIT_24_1X,EXPANDING_365_90_90,12,EXPANDING,2022-01-01T00:00:00+00:00,2025-09-16T23:59:59.999999+00:00,2025-09-17T00:00:00+00:00,2025-12-15T23:59:59.999999+00:00,365,90,90,EXPANDING_365_90_90-12,2025-09-17T00:00:00+00:00,2025-12-15T23:59:59.999999+00:00,TRADE_EXIT_TIME,0.4104164008900512628310074090,0.6187250274851131857142857153,41.04164008900512628310074090,61.87250274851131857142857153,9,1,8,33.33333333333333333333333333,1.111460297603196290106230637,4.560182232111680698122304544,-36.988239712711313403000000,2.802708036548278377232638307,0.7870370370370370370370370370,4.675925925925925925925925926,21.09517094723181921357142857,0.687206934286971835509560,0.951515222012598760753158,0.264308287725626925243598,0,True,False,9,4,2,3,0,"{""RANGING"": 2101, ""TRENDING_DOWN"": 53, ""TRENDING_UP"": 6}",40.46051969439804910505945377,100,100,-124.5467637695087392968992594,-368.2175713823699327961510712,-368.2175713823699327961510712,RESULT_DEPENDS_ON_FEW_TRADES,True,False,,,,,
FUTURES_LONG_SHORT_TIME_EXIT_24_1X,ROLLING_730_90_90,1,ROLLING,2022-01-01T00:00:00+00:00,2023-12-31T23:59:59.999999+00:00,2024-01-01T00:00:00+00:00,2024-03-30T23:59:59.999999+00:00,730,90,90,ROLLING_730_90_90-1,2024-01-01T00:00:00+00:00,2024-03-30T23:59:59.999999+00:00,TRADE_EXIT_TIME,-2.000883299410620789447914291,-1.917705448204101728571428576,-200.0883299410620789447914291,-191.7705448204101728571428576,4,1,3,25.00,0.09757186270971204050973921140,-50.02208248526551973619785728,-62.4918761556699588528385716,2.212435407585618388210166686,1.064814814814814814814814815,2.129629629629629629629629630,9.135317493453689196428571429,0.432740570943124668400000,1.250272943744907777180000,0.817532372801783108780000,0,False,False,4,2,0,2,0,"{""RANGING"": 2125, ""TRENDING_DOWN"": 24, ""TRENDING_UP"": 11}",100,100,100,-221.7221756203938053963914291,-221.7221756203938053963914291,-221.7221756203938053963914291,,True,False,,,,,
FUTURES_LONG_SHORT_TIME_EXIT_24_1X,ROLLING_730_90_90,2,ROLLING,2022-04-01T00:00:00+00:00,2024-03-30T23:59:59.999999+00:00,2024-03-31T00:00:00+00:00,2024-06-28T23:59:59.999999+00:00,730,90,90,ROLLING_730_90_90-2,2024-03-31T00:00:00+00:00,2024-06-28T23:59:59.999999+00:00,TRADE_EXIT_TIME,-0.3055165093705838709145833840,-0.1284622706286945285714285750,-30.5516509370583870914583384,-12.8462270628694528571428575,8,2,6,37.500,0.9251578260534641019028966694,-3.8189563671322983864322923,-74.16547938216489527959014215,3.223276791417885174321836521,1.898148148148148148148148148,2.453703703703703703703703704,17.29942987025139225785714285,1.359200516252638588163768,0.953206512315096611705430,-0.405994003937541976458338,0,False,False,8,4,2,2,0,"{""RANGING"": 2108, ""TRENDING_DOWN"": 25, ""TRENDING_UP"": 27}",38.94674184465564936953262121,100,100,-177.6389754344246952143154813,-408.2143706686446842540088559,-408.2143706686446842540088559,,True,False,,,,,
FUTURES_LONG_SHORT_TIME_EXIT_24_1X,ROLLING_730_90_90,3,ROLLING,2022-06-30T00:00:00+00:00,2024-06-28T23:59:59.999999+00:00,2024-06-29T00:00:00+00:00,2024-09-26T23:59:59.999999+00:00,730,90,90,ROLLING_730_90_90-3,2024-06-29T00:00:00+00:00,2024-09-26T23:59:59.999999+00:00,TRADE_EXIT_TIME,-0.07197007402467236803476063530,0.04380082217794227142857143900,-7.19700740246723680347606353,4.38008221779422714285714390,6,0,6,33.33333333333333333333333333,0.9767096218316821279034950895,-1.199501233744539467246010588,-59.968316881499849022995672,1.856979669230563468413160355,0,2.592592592592592592592592593,12.17926655501881495642857143,0.115446936608120213913292,0.717623871365471224008656,0.602176934757351010095364,0,False,False,6,3,2,1,0,"{""HIGH_VOLATILITY"": 6, ""RANGING"": 2112, ""TRENDING_DOWN"": 42}",58.69441376150135028364659598,100,100,-184.3455747638819099920474924,-309.0120456806234240734760642,-309.0120456806234240734760642,,True,False,,,,,
FUTURES_LONG_SHORT_TIME_EXIT_24_1X,ROLLING_730_90_90,4,ROLLING,2022-09-28T00:00:00+00:00,2024-09-26T23:59:59.999999+00:00,2024-09-27T00:00:00+00:00,2024-12-25T23:59:59.999999+00:00,730,90,90,ROLLING_730_90_90-4,2024-09-27T00:00:00+00:00,2024-12-25T23:59:59.999999+00:00,TRADE_EXIT_TIME,-1.067485455087818032106072576,-0.9011065084601022142857142867,-106.7485455087818032106072576,-90.11065084601022142857142867,7,3,4,28.57142857142857142857142857,0.6567730026200333062737230115,-15.24979221554025760151532251,-49.66804672253359877020571440,1.862602540790955771798101955,1.944444444444444444444444444,2.175925925925925925925925926,15.70441428934908481785714286,1.885933367595414416497710,0.952452994172917452319024,-0.933480373422496964178686,0,False,False,7,4,1,2,0,"{""RANGING"": 2088, ""TRENDING_DOWN"": 30, ""TRENDING_UP"": 42}",60.48570957523887791560033282,100,100,-230.3002090977855423710372576,-311.0144199717677871147731476,-311.0144199717677871147731476,,True,False,,,,,
FUTURES_LONG_SHORT_TIME_EXIT_24_1X,ROLLING_730_90_90,5,ROLLING,2022-12-27T00:00:00+00:00,2024-12-25T23:59:59.999999+00:00,2024-12-26T00:00:00+00:00,2025-03-25T23:59:59.999999+00:00,730,90,90,ROLLING_730_90_90-5,2024-12-26T00:00:00+00:00,2025-03-25T23:59:59.999999+00:00,TRADE_EXIT_TIME,1.986501724417050714781793104,2.178338757002916571428571419,198.6501724417050714781793104,217.8338757002916571428571419,10,0,10,40.0,1.423577272783797561823699526,19.86501724417050714781793104,-39.862692831318099765458564,4.307700590691185031865595899,0,4.675925925925925925925925926,20.00859901106725545142857143,0.086710244281147821183454,0.911605996761817607934194,0.824895752480669786750740,0,True,False,10,4,4,2,0,"{""HIGH_VOLATILITY"": 13, ""RANGING"": 2081, ""TRENDING_DOWN"": 61, ""TRENDING_UP"": 5}",27.47542589222145055243383370,79.78400806334612200120287294,100,15.2153534121444493981793107,-334.0136391389646618830830247,-468.9821319641484916730830247,RESULT_DEPENDS_ON_FEW_TRADES,True,False,,,,,
FUTURES_LONG_SHORT_TIME_EXIT_24_1X,ROLLING_730_90_90,6,ROLLING,2023-03-27T00:00:00+00:00,2025-03-25T23:59:59.999999+00:00,2025-03-26T00:00:00+00:00,2025-06-23T23:59:59.999999+00:00,730,90,90,ROLLING_730_90_90-6,2025-03-26T00:00:00+00:00,2025-06-23T23:59:59.999999+00:00,TRADE_EXIT_TIME,4.009435731627471486391889737,4.291268609037044514285714278,400.9435731627471486391889737,429.1268609037044514285714278,11,7,4,63.63636363636363636363636364,2.585855819682789916075326401,36.44941574206792260356263397,23.899550957269472022370400,2.039222429261224827013092391,5.324074074074074074074074074,2.824074074074074074074074074,24.76725097636910622714285714,3.535249587379638866069404,0.119212822791442303829807,-3.416036764588196562239597,0,True,False,11,2,4,5,0,"{""RANGING"": 2047, ""TRENDING_DOWN"": 45, ""TRENDING_UP"": 68}",27.11849089549048018669875423,73.06378608719170714015258760,92.95090849550327581844509931,223.6514747536861497494746882,-76.7243030855962559965650531,-206.7400062703824417051364813,RESULT_DEPENDS_ON_FEW_TRADES,True,False,,,,,
FUTURES_LONG_SHORT_TIME_EXIT_24_1X,ROLLING_730_90_90,7,ROLLING,2023-06-25T00:00:00+00:00,2025-06-23T23:59:59.999999+00:00,2025-06-24T00:00:00+00:00,2025-09-21T23:59:59.999999+00:00,730,90,90,ROLLING_730_90_90-7,2025-06-24T00:00:00+00:00,2025-09-21T23:59:59.999999+00:00,TRADE_EXIT_TIME,0.4272594482722252382328051198,0.6068816466229184000000000002,42.72594482722252382328051198,60.68816466229184000000000002,6,6,0,50.0,1.392242650282067997831958357,7.12099080453708730388008533,5.258705771022578283915256,0.8206918746499709980637751843,4.953703703703703703703703704,0,14.57477020042546256000000000,3.387449634643853616719488,0,-3.387449634643853616719488,0,True,False,6,1,1,4,0,"{""RANGING"": 2075, ""TRENDING_UP"": 85}",77.89552881954729956282023015,100,100,-75.40517600825021779814805962,-108.9273305605538045974480596,-108.9273305605538045974480596,RESULT_DEPENDS_ON_FEW_TRADES,True,False,,,,,
FUTURES_LONG_SHORT_TIME_EXIT_24_1X,ROLLING_730_90_90,8,ROLLING,2023-09-23T00:00:00+00:00,2025-09-21T23:59:59.999999+00:00,2025-09-22T00:00:00+00:00,2025-12-20T23:59:59.999999+00:00,730,90,90,ROLLING_730_90_90-8,2025-09-22T00:00:00+00:00,2025-12-20T23:59:59.999999+00:00,TRADE_EXIT_TIME,0.4104164008900512628310074090,0.6187250274851131857142857153,41.04164008900512628310074090,61.87250274851131857142857153,9,1,8,33.33333333333333333333333333,1.111460297603196290106230637,4.560182232111680698122304544,-36.988239712711313403000000,2.802708036548278377232638307,0.7870370370370370370370370370,4.675925925925925925925925926,21.09517094723181921357142857,0.687206934286971835509560,0.951515222012598760753158,0.264308287725626925243598,0,True,False,9,4,2,3,0,"{""RANGING"": 2101, ""TRENDING_DOWN"": 53, ""TRENDING_UP"": 6}",40.46051969439804910505945377,100,100,-124.5467637695087392968992594,-368.2175713823699327961510712,-368.2175713823699327961510712,RESULT_DEPENDS_ON_FEW_TRADES,True,False,,,,,
FUTURES_LONG_SHORT_TIME_EXIT_24_1X,ROLLING_365_180_90,1,ROLLING,2022-01-01T00:00:00+00:00,2022-12-31T23:59:59.999999+00:00,2023-01-01T00:00:00+00:00,2023-06-29T23:59:59.999999+00:00,365,180,90,ROLLING_365_180_90-1,2023-01-01T00:00:00+00:00,2023-06-29T23:59:59.999999+00:00,TRADE_EXIT_TIME,-1.072112286977384339543568391,-0.9667957054680905571428571522,-107.2112286977384339543568391,-96.67957054680905571428571522,4,3,1,25.00,0.5000145785833840023578869517,-26.80280717443460848858920978,-64.3094509785696001342857147,1.501533618584763343386711250,0.62500,0.3935185185185185185185185185,9.618973012277736404999999999,0.968097441322570881400000,0.055412302670929046328876,-0.912685138651641835071124,0,False,False,4,3,1,0,0,"{""RANGING"": 4282, ""TRENDING_DOWN"": 7, ""TRENDING_UP"": 31}",100,100,100,-214.4287095291204565158139826,-214.4287095291204565158139826,-214.4287095291204565158139826,,True,False,,,,,
FUTURES_LONG_SHORT_TIME_EXIT_24_1X,ROLLING_365_180_90,2,ROLLING,2022-04-01T00:00:00+00:00,2023-03-31T23:59:59.999999+00:00,2023-04-01T00:00:00+00:00,2023-09-27T23:59:59.999999+00:00,365,180,90,ROLLING_365_180_90-2,2023-04-01T00:00:00+00:00,2023-09-27T23:59:59.999999+00:00,TRADE_EXIT_TIME,-0.5063362993560515310285714347,-0.4772591311891947428571428633,-50.63362993560515310285714347,-47.72591311891947428571428633,1,0,1,0,0E+26,-50.63362993560515310285714347,-50.63362993560515310285714347,0.5063362993560515310285714300,0,0.5092592592592592592592592593,2.409121021203440657142857143,0.498595795482238160000000,0,-0.498595795482238160000000,0,False,False,1,1,0,0,0,"{""RANGING"": 4309, ""TRENDING_DOWN"": 5, ""TRENDING_UP"": 6}",0,0,0,-50.63362993560515310285714347,-50.63362993560515310285714347,-50.63362993560515310285714347,,True,False,,,,,
FUTURES_LONG_SHORT_TIME_EXIT_24_1X,ROLLING_365_180_90,3,ROLLING,2022-06-30T00:00:00+00:00,2023-06-29T23:59:59.999999+00:00,2023-06-30T00:00:00+00:00,2023-12-26T23:59:59.999999+00:00,365,180,90,ROLLING_365_180_90-3,2023-06-30T00:00:00+00:00,2023-12-26T23:59:59.999999+00:00,TRADE_EXIT_TIME,-1.191066587226121243142857153,-1.138594090095092800000000010,-119.1066587226121243142857153,-113.8594090095092800000000010,2,1,1,0,0E+25,-59.55332936130606215714285765,-59.55332936130606215714285765,1.191066587226121243142857150,0.02314814814814814814814814815,0.5092592592592592592592592593,4.748653917620606154285714285,0.498595795482238160000000,0,-0.498595795482238160000000,0,False,False,2,2,0,0,0,"{""RANGING"": 4301, ""TRENDING_DOWN"": 5, ""TRENDING_UP"": 14}",0,0,0,-119.1066587226121243142857153,-119.1066587226121243142857153,-119.1066587226121243142857153,,True,False,,,,,
FUTURES_LONG_SHORT_TIME_EXIT_24_1X,ROLLING_365_180_90,4,ROLLING,2022-09-28T00:00:00+00:00,2023-09-27T23:59:59.999999+00:00,2023-09-28T00:00:00+00:00,2024-03-25T23:59:59.999999+00:00,365,180,90,ROLLING_365_180_90-4,2023-09-28T00:00:00+00:00,2024-03-25T23:59:59.999999+00:00,TRADE_EXIT_TIME,-2.685613587280690501562200009,-2.579040407109999785714285723,-268.5613587280690501562200009,-257.9040407109999785714285723,5,2,3,20.0,0.07454928734439142864654443021,-53.71227174561381003124400018,-68.47302878700697121142857180,2.685613587280690501562200010,0.5555555555555555555555555556,1.064814814814814814814814815,11.47485038987085469357142857,0.432740570943124668400000,1.250272943744907777180000,0.817532372801783108780000,0,False,False,5,3,0,2,0,"{""RANGING"": 4271, ""TRENDING_DOWN"": 24, ""TRENDING_UP"": 25}",100,100,100,-290.1952044074007766078200009,-290.1952044074007766078200009,-290.1952044074007766078200009,,True,False,,,,,
FUTURES_LONG_SHORT_TIME_EXIT_24_1X,ROLLING_365_180_90,5,ROLLING,2022-12-27T00:00:00+00:00,2023-12-26T23:59:59.999999+00:00,2023-12-27T00:00:00+00:00,2024-06-23T23:59:59.999999+00:00,365,180,90,ROLLING_365_180_90-5,2023-12-27T00:00:00+00:00,2024-06-23T23:59:59.999999+00:00,TRADE_EXIT_TIME,-2.306399808781204660362497676,-2.046167718832796257142857151,-230.6399808781204660362497676,-204.6167718832796257142857151,12,3,9,33.33333333333333333333333333,0.6338679153689009793028830367,-19.2199984065100388363541473,-74.16547938216489527959014215,4.818068882050055691387966434,1.481481481481481481481481481,2.291666666666666666666666667,26.43474736370508145428571429,1.791941087195763256563768,2.203479456060004388885430,0.411538368864241132321662,0,False,False,12,6,2,4,0,"{""RANGING"": 4233, ""TRENDING_DOWN"": 49, ""TRENDING_UP"": 38}",36.83661149100995452279334658,94.58201057725897757321081183,100,-377.7273053754867741591069105,-608.3027006097067631988002851,-629.9365462890384896504002851,,True,False,,,,,
FUTURES_LONG_SHORT_TIME_EXIT_24_1X,ROLLING_365_180_90,6,ROLLING,2023-03-27T00:00:00+00:00,2024-03-25T23:59:59.999999+00:00,2024-03-26T00:00:00+00:00,2024-09-21T23:59:59.999999+00:00,365,180,90,ROLLING_365_180_90-6,2024-03-26T00:00:00+00:00,2024-09-21T23:59:59.999999+00:00,TRADE_EXIT_TIME,-0.3774865833952562389493440193,-0.08466144845075225714285713600,-37.74865833952562389493440193,-8.46614484507522571428571360,14,2,12,35.71428571428571428571428571,0.9473685610582096284959173140,-2.696332738537544563923885852,-69.94392947326428474901871375,3.223276791417885174321836521,0.9490740740740740740740740741,2.523148148148148148148148148,29.47869642527020721428571428,1.474647452860758802077060,1.670830383680567835714086,0.196182930819809033637026,0,False,False,14,7,4,3,0,"{""HIGH_VOLATILITY"": 6, ""RANGING"": 4220, ""TRENDING_DOWN"": 67, ""TRENDING_UP"": 27}",26.07128272753185285683411671,66.06579207101670072401356616,100,-214.8972257009402970835058308,-486.6510211150481192877915455,-717.2264163492681083274849201,,True,False,,,,,
FUTURES_LONG_SHORT_TIME_EXIT_24_1X,ROLLING_365_180_90,7,ROLLING,2023-06-25T00:00:00+00:00,2024-06-23T23:59:59.999999+00:00,2024-06-24T00:00:00+00:00,2024-12-20T23:59:59.999999+00:00,365,180,90,ROLLING_365_180_90-7,2024-06-24T00:00:00+00:00,2024-12-20T23:59:59.999999+00:00,TRADE_EXIT_TIME,-1.139455529112490400140833211,-0.8573056862821599428571428477,-113.9455529112490400140833211,-85.73056862821599428571428477,13,3,10,30.76923076923076923076923077,0.8162246948743459747050187157,-8.765042531634541539544870854,-51.524446004568897709991344,3.186478922978732324468071016,0.9722222222222222222222222222,2.384259259259259259259259259,27.88368084436789977428571429,2.001380304203534630411002,1.670076865538388676327680,-0.331303438665145954083322,0,False,False,13,7,3,3,0,"{""HIGH_VOLATILITY"": 6, ""RANGING"": 4200, ""TRENDING_DOWN"": 72, ""TRENDING_UP"": 42}",35.00400092188919797833765815,84.05112525647313720622746638,100,-291.0941202726637132026547500,-539.3122547784089664445133218,-620.0264656523912111882492118,,True,False,,,,,
FUTURES_LONG_SHORT_TIME_EXIT_24_1X,ROLLING_365_180_90,8,ROLLING,2023-09-23T00:00:00+00:00,2024-09-21T23:59:59.999999+00:00,2024-09-22T00:00:00+00:00,2025-03-20T23:59:59.999999+00:00,365,180,90,ROLLING_365_180_90-8,2024-09-22T00:00:00+00:00,2025-03-20T23:59:59.999999+00:00,TRADE_EXIT_TIME,0.9190162693292326826757205285,1.277232248542814357142857132,91.90162693292326826757205285,127.7232248542814357142857132,17,3,14,35.29411764705882352941176471,1.117823119480243307804633831,5.405978054877839309857179579,-49.66804672253359877020571440,4.351283238872039921454462841,0.9722222222222222222222222222,3.425925925925925925925925926,35.71301330041634026928571429,1.972643611876562237681164,1.864058990934735060253218,-0.108584620941827177427946,0,True,False,17,8,5,4,0,"{""HIGH_VOLATILITY"": 13, ""RANGING"": 4169, ""TRENDING_DOWN"": 91, ""TRENDING_UP"": 47}",21.03855971663348230222082976,61.09243309485095797216114153,90.74270220650109208908934924,-91.53319209663735381242794685,-440.7621846477464650936902822,-699.2823410619340340441202822,RESULT_DEPENDS_ON_FEW_TRADES,True,False,,,,,
FUTURES_LONG_SHORT_TIME_EXIT_24_1X,ROLLING_365_180_90,9,ROLLING,2023-12-22T00:00:00+00:00,2024-12-20T23:59:59.999999+00:00,2024-12-21T00:00:00+00:00,2025-06-18T23:59:59.999999+00:00,365,180,90,ROLLING_365_180_90-9,2024-12-21T00:00:00+00:00,2025-06-18T23:59:59.999999+00:00,TRADE_EXIT_TIME,5.774085704784745944285384770,6.225303335153918985714285697,577.4085704784745944285384770,622.5303335153918985714285697,20,7,13,50.0,1.799948849231597808894588547,28.87042852392372972142692385,7.010782355446006086113065,4.591489500157716453482519288,2.662037037037037037037037037,3.217592592592592592592592593,42.41140920201833506357142857,3.621959831660786687252858,0.911605996761817607934194,-2.710353834898969079318664,0,True,False,20,6,8,6,0,"{""HIGH_VOLATILITY"": 13, ""RANGING"": 4143, ""TRENDING_DOWN"": 91, ""TRENDING_UP"": 73}",14.11889161079182322391002080,41.31890095154351379313198953,67.12573576705421068935056517,393.9737514489139723485384773,40.5870318278455683404189989,-294.6993493276424314377981439,,True,False,,,,,
FUTURES_LONG_SHORT_TIME_EXIT_24_1X,ROLLING_365_180_90,10,ROLLING,2024-03-21T00:00:00+00:00,2025-03-20T23:59:59.999999+00:00,2025-03-21T00:00:00+00:00,2025-09-16T23:59:59.999999+00:00,365,180,90,ROLLING_365_180_90-10,2025-03-21T00:00:00+00:00,2025-09-16T23:59:59.999999+00:00,TRADE_EXIT_TIME,4.436695179899696724624694857,4.898150255659962914285714278,443.6695179899696724624694857,489.8150255659962914285714278,17,13,4,58.82352941176470588235294118,2.226446407564009391443110092,26.09820694058645132132173445,19.911837548743166810250000,2.039222429261224827013092391,5.138888888888888888888888889,1.412037037037037037037037037,39.34202117679456878714285714,6.922699222023492482788892,0.119212822791442303829807,-6.803486399232050178959085,0,True,False,17,3,5,9,0,"{""RANGING"": 4122, ""TRENDING_DOWN"": 45, ""TRENDING_UP"": 153}",22.01233523070437297004575676,59.30656535328011760320734891,86.81606405526964831189107373,266.3774195809086735727552002,-33.9983582583737321732845411,-255.5657976027452641732845409,RESULT_DEPENDS_ON_FEW_TRADES,True,False,,,,,
FUTURES_LONG_SHORT_TIME_EXIT_24_1X,ROLLING_365_180_90,11,ROLLING,2024-06-19T00:00:00+00:00,2025-06-18T23:59:59.999999+00:00,2025-06-19T00:00:00+00:00,2025-12-15T23:59:59.999999+00:00,365,180,90,ROLLING_365_180_90-11,2025-06-19T00:00:00+00:00,2025-12-15T23:59:59.999999+00:00,TRADE_EXIT_TIME,1.059527600422052757952110599,1.469910704994073685714285715,105.9527600422052757952110599,146.9910704994073685714285715,16,7,9,43.7500,1.222055731101323570291036120,6.622047502637829737200691244,-7.898090099517903187595869,2.785207472311366201460497324,2.870370370370370370370370370,2.870370370370370370370370370,38.03438193307530838857142857,4.074656568930825452229048,1.070728044804041064582965,-3.003928524126784387646083,0,True,False,16,5,3,8,0,"{""RANGING"": 4161, ""TRENDING_DOWN"": 68, ""TRENDING_UP"": 91}",28.39805656136157459432144016,75.15186579584129221593944407,94.25102230076194054183466523,-59.6356438163085897847889404,-332.2560123515471682956572058,-443.6227473906201505942991308,RESULT_DEPENDS_ON_FEW_TRADES,True,False,,,,,
FUTURES_LONG_SHORT_TIME_EXIT_24_1X,EXPANDING_365_90_90,CONSOLIDATED,,,,,,,,,,,,,,,,,67,,,,,,,,,,,,,,,,,,,,,,,,,,,,,,True,False,12,-0.1887432916976281194746720096,0.093714924425799838253978245,33.33333333333333333333333333,8.333333333333333333333333333
FUTURES_LONG_SHORT_TIME_EXIT_24_1X,ROLLING_365_180_90,CONSOLIDATED,,,,,,,,,,,,,,,,,121,,,,,,,,,,,,,,,,,,,,,,,,,,,,,,True,False,11,-0.5063362993560515310285714347,0.2646230974824117449825489873,36.36363636363636363636363636,0
FUTURES_LONG_SHORT_TIME_EXIT_24_1X,ROLLING_365_90_90,CONSOLIDATED,,,,,,,,,,,,,,,,,67,,,,,,,,,,,,,,,,,,,,,,,,,,,,,,True,False,12,-0.1887432916976281194746720096,0.093714924425799838253978245,33.33333333333333333333333333,8.333333333333333333333333333
FUTURES_LONG_SHORT_TIME_EXIT_24_1X,ROLLING_730_90_90,CONSOLIDATED,,,,,,,,,,,,,,,,,61,,,,,,,,,,,,,,,,,,,,,,,,,,,,,,True,False,8,0.1692231634326894473981233868,0.4234697459141379552167705605,50.0,0
FUTURES_LONG_SHORT_TARGET_R_2_5_1X,ROLLING_365_90_90,1,ROLLING,2022-01-01T00:00:00+00:00,2022-12-31T23:59:59.999999+00:00,2023-01-01T00:00:00+00:00,2023-03-31T23:59:59.999999+00:00,365,90,90,ROLLING_365_90_90-1,2023-01-01T00:00:00+00:00,2023-03-31T23:59:59.999999+00:00,TRADE_EXIT_TIME,-0.7905917404658010553033778858,-0.6849617691981533714285714395,-79.05917404658010553033778858,-68.49617691981533714285714395,4,3,1,25.00,0.6319572663261185591187834862,-19.76479351164502638258444714,-64.4618102835101048350000004,1.502869433289217741135720740,1.296296296296296296296296296,0.7870370370370370370370370370,9.648774493823621818571428571,0.969684232298540832480000,0.055461599357394263570784,-0.914222632941146568909216,0,False,False,4,3,1,0,0,"{""RANGING"": 2128, ""TRENDING_DOWN"": 7, ""TRENDING_UP"": 25}",100,100,100,-214.8097674892110691378577890,-214.8097674892110691378577890,-214.8097674892110691378577890,,True,False,,,,,
FUTURES_LONG_SHORT_TARGET_R_2_5_1X,ROLLING_365_90_90,2,ROLLING,2022-04-01T00:00:00+00:00,2023-03-31T23:59:59.999999+00:00,2023-04-01T00:00:00+00:00,2023-06-29T23:59:59.999999+00:00,365,90,90,ROLLING_365_90_90-2,2023-04-01T00:00:00+00:00,2023-06-29T23:59:59.999999+00:00,TRADE_EXIT_TIME,0,0,0,0,0,0,0,,,,,0,0,0,0,0,0,0,0,False,True,0,0,0,0,0,"{""RANGING"": 2154, ""TRENDING_UP"": 6}",0,0,0,0,0,0,,True,False,,,,,
FUTURES_LONG_SHORT_TARGET_R_2_5_1X,ROLLING_365_90_90,3,ROLLING,2022-06-30T00:00:00+00:00,2023-06-29T23:59:59.999999+00:00,2023-06-30T00:00:00+00:00,2023-09-27T23:59:59.999999+00:00,365,90,90,ROLLING_365_90_90-3,2023-06-30T00:00:00+00:00,2023-09-27T23:59:59.999999+00:00,TRADE_EXIT_TIME,-0.5082858252310502515000000062,-0.4790967024368340000000000062,-50.82858252310502515000000062,-47.90967024368340000000000062,1,0,1,0,0E+26,-50.82858252310502515000000062,-50.82858252310502515000000062,0.5082858252310502515000000100,0,1.018518518518518518518518519,2.41839676100880825000000,0.500515518412816900000000,0,-0.500515518412816900000000,0,False,False,1,1,0,0,0,"{""RANGING"": 2155, ""TRENDING_DOWN"": 5}",0,0,0,-50.82858252310502515000000062,-50.82858252310502515000000062,-50.82858252310502515000000062,,True,False,,,,,
FUTURES_LONG_SHORT_TARGET_R_2_5_1X,ROLLING_365_90_90,4,ROLLING,2022-09-28T00:00:00+00:00,2023-09-27T23:59:59.999999+00:00,2023-09-28T00:00:00+00:00,2023-12-26T23:59:59.999999+00:00,365,90,90,ROLLING_365_90_90-4,2023-09-28T00:00:00+00:00,2023-12-26T23:59:59.999999+00:00,TRADE_EXIT_TIME,-0.6873666785228235088285714323,-0.6638812714246889142857142894,-68.73666785228235088285714323,-66.38812714246889142857142894,1,1,0,0,0E+26,-68.73666785228235088285714323,-68.73666785228235088285714323,0.6873666785228235088285714300,0.04629629629629629629629629630,0,2.348540709813459454285714286,0,0,0,0,False,False,1,1,0,0,0,"{""RANGING"": 2146, ""TRENDING_UP"": 14}",0,0,0,-68.73666785228235088285714323,-68.73666785228235088285714323,-68.73666785228235088285714323,,True,False,,,,,
FUTURES_LONG_SHORT_TARGET_R_2_5_1X,ROLLING_365_90_90,5,ROLLING,2022-12-27T00:00:00+00:00,2023-12-26T23:59:59.999999+00:00,2023-12-27T00:00:00+00:00,2024-03-25T23:59:59.999999+00:00,365,90,90,ROLLING_365_90_90-5,2023-12-27T00:00:00+00:00,2024-03-25T23:59:59.999999+00:00,TRADE_EXIT_TIME,-3.423680924697543554829942866,-3.351345985191870414285714294,-342.3680924697543554829942866,-335.1345985191870414285714294,4,1,3,0,0E+25,-85.59202311743858887074857165,-93.9926440878474276426428574,3.423680924697543554829942870,2.129629629629629629629629630,4.583333333333333333333333333,9.022125047936710482142857142,1.090934307551340000000000,2.879565404920736427720000,1.788631097369396427720000,0,False,False,4,4,0,0,0,"{""RANGING"": 2125, ""TRENDING_DOWN"": 24, ""TRENDING_UP"": 11}",0,0,0,-342.3680924697543554829942866,-342.3680924697543554829942866,-342.3680924697543554829942866,,True,False,,,,,
FUTURES_LONG_SHORT_TARGET_R_2_5_1X,ROLLING_365_90_90,6,ROLLING,2023-03-27T00:00:00+00:00,2024-03-25T23:59:59.999999+00:00,2024-03-26T00:00:00+00:00,2024-06-23T23:59:59.999999+00:00,365,90,90,ROLLING_365_90_90-6,2024-03-26T00:00:00+00:00,2024-06-23T23:59:59.999999+00:00,TRADE_EXIT_TIME,-0.2813642899127485986360589090,-0.09366712181142333571428571700,-28.1364289912748598636058909,-9.3667121811423335714285717,7,1,6,28.57142857142857142857142857,0.9328111719972769981850257331,-4.0194898558964085519436987,-76.16449655900073381214285682,3.325492604434427195173867421,7.407407407407407407407407407,2.777777777777777777777777778,14.86706821185595139750000001,5.008502312182270005361829,1.105853713905695110684510,-3.902648598276574894677319,0,False,False,7,5,2,0,0,"{""RANGING"": 2108, ""TRENDING_DOWN"": 25, ""TRENDING_UP"": 27}",53.12658939639181350824455874,100,100,-235.6648521962165534421726334,-418.7664798995237419350297758,-418.7664798995237419350297758,,True,False,,,,,
FUTURES_LONG_SHORT_TARGET_R_2_5_1X,ROLLING_365_90_90,7,ROLLING,2023-06-25T00:00:00+00:00,2024-06-23T23:59:59.999999+00:00,2024-06-24T00:00:00+00:00,2024-09-21T23:59:59.999999+00:00,365,90,90,ROLLING_365_90_90-7,2024-06-24T00:00:00+00:00,2024-09-21T23:59:59.999999+00:00,TRADE_EXIT_TIME,0.3005030965171681809271258555,0.4131860967027665428571428644,30.05030965171681809271258555,41.31860967027665428571428644,6,0,6,33.33333333333333333333333333,1.087206526969188460858439950,5.008384941952803015452097592,-78.439102706565946715992145,1.837091942106943384147068651,0,3.148148148148148148148148148,12.01706988383315802285714286,0.114295376726619028160268,0.863065241999940858015710,0.748769865273321829855442,0,True,False,6,4,2,0,0,"{""HIGH_VOLATILITY"": 6, ""RANGING"": 2112, ""TRENDING_DOWN"": 42}",58.68784894071549982229420231,100,100,-189.8167676763070475072874146,-344.5878501999523513515731292,-344.5878501999523513515731292,RESULT_DEPENDS_ON_FEW_TRADES,True,False,,,,,
FUTURES_LONG_SHORT_TARGET_R_2_5_1X,ROLLING_365_90_90,8,ROLLING,2023-09-23T00:00:00+00:00,2024-09-21T23:59:59.999999+00:00,2024-09-22T00:00:00+00:00,2024-12-20T23:59:59.999999+00:00,365,90,90,ROLLING_365_90_90-8,2024-09-22T00:00:00+00:00,2024-12-20T23:59:59.999999+00:00,TRADE_EXIT_TIME,0.1627002689771687915621894015,0.3135647608600006642857142888,16.27002689771687915621894015,31.35647608600006642857142888,6,2,4,33.33333333333333333333333333,1.056684886485886333396020401,2.711671149619479859369823358,-54.4923102356991229232938924,1.366548755429173442105113221,3.101851851851851851851851852,2.731481481481481481481481481,13.47973432099672777321428571,2.359156673220070477831515,0.752441805933610978693312,-1.606714867286459499138203,0,True,False,7,4,2,0,0,"{""RANGING"": 2088, ""TRENDING_DOWN"": 30, ""TRENDING_UP"": 42}",51.45490630390912453867487234,100,100,-139.7905748671325171197810598,-287.0258353920822634737306418,-287.0258353920822634737306418,RESULT_DEPENDS_ON_FEW_TRADES,True,False,,,,,
FUTURES_LONG_SHORT_TARGET_R_2_5_1X,ROLLING_365_90_90,9,ROLLING,2023-12-22T00:00:00+00:00,2024-12-20T23:59:59.999999+00:00,2024-12-21T00:00:00+00:00,2025-03-20T23:59:59.999999+00:00,365,90,90,ROLLING_365_90_90-9,2024-12-21T00:00:00+00:00,2025-03-20T23:59:59.999999+00:00,TRADE_EXIT_TIME,2.663141012800906998303565533,2.791931248255073642857142861,266.3141012800906998303565533,279.1931248255073642857142861,9,0,9,44.44444444444444444444444444,1.546716433603215034490482344,29.5904556977878555367062837,-94.09732306370161977180859406,2.813645482333703639668211423,0,12.12962962962962962962962963,17.10675789795605923785714285,0.287878070518448794594804,4.515612423057843577094214,4.227734352539394782499410,0,True,False,8,5,4,0,0,"{""HIGH_VOLATILITY"": 13, ""RANGING"": 2081, ""TRENDING_DOWN"": 61, ""TRENDING_UP"": 5}",30.25114488425639920921089135,81.16002369706052734493166148,100,38.3929920199103769925366846,-345.1696193986434193546781123,-487.1155957850186824694268019,RESULT_DEPENDS_ON_FEW_TRADES,True,False,,,,,
FUTURES_LONG_SHORT_TARGET_R_2_5_1X,ROLLING_365_90_90,10,ROLLING,2024-03-21T00:00:00+00:00,2025-03-20T23:59:59.999999+00:00,2025-03-21T00:00:00+00:00,2025-06-18T23:59:59.999999+00:00,365,90,90,ROLLING_365_90_90-10,2025-03-21T00:00:00+00:00,2025-06-18T23:59:59.999999+00:00,TRADE_EXIT_TIME,4.944861531018428737733188600,5.169014401456419107142857122,494.4861531018428737733188600,516.9014401456419107142857122,8,5,3,50.0,2.369605958848861009673775738,61.8107691377303592216648575,46.92579671660037583539434298,2.726011689565345783262563394,6.990740740740740740740740741,1.759259259259259259259259259,17.91406829009694778178571429,4.501218753702089159181138,0,-4.501218753702089159181138,0,True,False,8,4,4,0,0,"{""RANGING"": 2062, ""TRENDING_DOWN"": 30, ""TRENDING_UP"": 68}",27.20781108663175065912405146,79.41230183868781166084930056,100,261.7154948937257678503757039,-184.9089555291249964561671523,-361.0426414305711224375947707,RESULT_DEPENDS_ON_FEW_TRADES,True,False,,,,,
FUTURES_LONG_SHORT_TARGET_R_2_5_1X,ROLLING_365_90_90,11,ROLLING,2024-06-19T00:00:00+00:00,2025-06-18T23:59:59.999999+00:00,2025-06-19T00:00:00+00:00,2025-09-16T23:59:59.999999+00:00,365,90,90,ROLLING_365_90_90-11,2025-06-19T00:00:00+00:00,2025-09-16T23:59:59.999999+00:00,TRADE_EXIT_TIME,1.406825467984583638370495644,1.630747221771824792857142856,140.6825467984583638370495644,163.0747221771824792857142856,6,5,1,50.0,1.557182666581699317337418258,23.44709113307639397284159407,23.40978757016992816786105646,1.0311731922054913133598600,12.40740740740740740740740741,1.898148148148148148148148148,15.08922553749030221964285714,7.394219863947913893035864,0.091270022714100664014000,-7.302949841233813229021864,0,True,False,6,3,3,0,0,"{""RANGING"": 2060, ""TRENDING_DOWN"": 15, ""TRENDING_UP"": 85}",36.25348354580250468439968663,100,100,-1.8558693837334676315004359,-252.4890942166991786784202863,-252.4890942166991786784202863,RESULT_DEPENDS_ON_FEW_TRADES,True,False,,,,,
FUTURES_LONG_SHORT_TARGET_R_2_5_1X,ROLLING_365_90_90,12,ROLLING,2024-09-17T00:00:00+00:00,2025-09-16T23:59:59.999999+00:00,2025-09-17T00:00:00+00:00,2025-12-15T23:59:59.999999+00:00,365,90,90,ROLLING_365_90_90-12,2025-09-17T00:00:00+00:00,2025-12-15T23:59:59.999999+00:00,TRADE_EXIT_TIME,1.998661033756484756701198943,2.151898663750001828571428565,199.8661033756484756701198943,215.1898663750001828571428565,8,1,7,37.500,1.430697856266345328694696860,24.98326292195605945876498679,-70.98050310518990435000000015,2.397199437869762424140737740,0.7870370370370370370370370370,12.17592592592592592592592593,19.23751740730525801714285715,0.753013018984741474202567,4.666767426938292304322462,3.913754407953550830119895,0,True,False,8,5,3,0,0,"{""RANGING"": 2101, ""TRENDING_DOWN"": 53, ""TRENDING_UP"": 6}",37.54885768988168965235077536,100,100,-49.4274748082262735817921243,-464.0517719504284087697583778,-464.0517719504284087697583778,RESULT_DEPENDS_ON_FEW_TRADES,True,False,,,,,
FUTURES_LONG_SHORT_TARGET_R_2_5_1X,EXPANDING_365_90_90,1,EXPANDING,2022-01-01T00:00:00+00:00,2022-12-31T23:59:59.999999+00:00,2023-01-01T00:00:00+00:00,2023-03-31T23:59:59.999999+00:00,365,90,90,EXPANDING_365_90_90-1,2023-01-01T00:00:00+00:00,2023-03-31T23:59:59.999999+00:00,TRADE_EXIT_TIME,-0.7905917404658010553033778858,-0.6849617691981533714285714395,-79.05917404658010553033778858,-68.49617691981533714285714395,4,3,1,25.00,0.6319572663261185591187834862,-19.76479351164502638258444714,-64.4618102835101048350000004,1.502869433289217741135720740,1.296296296296296296296296296,0.7870370370370370370370370370,9.648774493823621818571428571,0.969684232298540832480000,0.055461599357394263570784,-0.914222632941146568909216,0,False,False,4,3,1,0,0,"{""RANGING"": 2128, ""TRENDING_DOWN"": 7, ""TRENDING_UP"": 25}",100,100,100,-214.8097674892110691378577890,-214.8097674892110691378577890,-214.8097674892110691378577890,,True,False,,,,,
FUTURES_LONG_SHORT_TARGET_R_2_5_1X,EXPANDING_365_90_90,2,EXPANDING,2022-01-01T00:00:00+00:00,2023-03-31T23:59:59.999999+00:00,2023-04-01T00:00:00+00:00,2023-06-29T23:59:59.999999+00:00,365,90,90,EXPANDING_365_90_90-2,2023-04-01T00:00:00+00:00,2023-06-29T23:59:59.999999+00:00,TRADE_EXIT_TIME,0,0,0,0,0,0,0,,,,,0,0,0,0,0,0,0,0,False,True,0,0,0,0,0,"{""RANGING"": 2154, ""TRENDING_UP"": 6}",0,0,0,0,0,0,,True,False,,,,,
FUTURES_LONG_SHORT_TARGET_R_2_5_1X,EXPANDING_365_90_90,3,EXPANDING,2022-01-01T00:00:00+00:00,2023-06-29T23:59:59.999999+00:00,2023-06-30T00:00:00+00:00,2023-09-27T23:59:59.999999+00:00,365,90,90,EXPANDING_365_90_90-3,2023-06-30T00:00:00+00:00,2023-09-27T23:59:59.999999+00:00,TRADE_EXIT_TIME,-0.5082858252310502515000000062,-0.4790967024368340000000000062,-50.82858252310502515000000062,-47.90967024368340000000000062,1,0,1,0,0E+26,-50.82858252310502515000000062,-50.82858252310502515000000062,0.5082858252310502515000000100,0,1.018518518518518518518518519,2.41839676100880825000000,0.500515518412816900000000,0,-0.500515518412816900000000,0,False,False,1,1,0,0,0,"{""RANGING"": 2155, ""TRENDING_DOWN"": 5}",0,0,0,-50.82858252310502515000000062,-50.82858252310502515000000062,-50.82858252310502515000000062,,True,False,,,,,
FUTURES_LONG_SHORT_TARGET_R_2_5_1X,EXPANDING_365_90_90,4,EXPANDING,2022-01-01T00:00:00+00:00,2023-09-27T23:59:59.999999+00:00,2023-09-28T00:00:00+00:00,2023-12-26T23:59:59.999999+00:00,365,90,90,EXPANDING_365_90_90-4,2023-09-28T00:00:00+00:00,2023-12-26T23:59:59.999999+00:00,TRADE_EXIT_TIME,-0.6873666785228235088285714323,-0.6638812714246889142857142894,-68.73666785228235088285714323,-66.38812714246889142857142894,1,1,0,0,0E+26,-68.73666785228235088285714323,-68.73666785228235088285714323,0.6873666785228235088285714300,0.04629629629629629629629629630,0,2.348540709813459454285714286,0,0,0,0,False,False,1,1,0,0,0,"{""RANGING"": 2146, ""TRENDING_UP"": 14}",0,0,0,-68.73666785228235088285714323,-68.73666785228235088285714323,-68.73666785228235088285714323,,True,False,,,,,
FUTURES_LONG_SHORT_TARGET_R_2_5_1X,EXPANDING_365_90_90,5,EXPANDING,2022-01-01T00:00:00+00:00,2023-12-26T23:59:59.999999+00:00,2023-12-27T00:00:00+00:00,2024-03-25T23:59:59.999999+00:00,365,90,90,EXPANDING_365_90_90-5,2023-12-27T00:00:00+00:00,2024-03-25T23:59:59.999999+00:00,TRADE_EXIT_TIME,-3.423680924697543554829942866,-3.351345985191870414285714294,-342.3680924697543554829942866,-335.1345985191870414285714294,4,1,3,0,0E+25,-85.59202311743858887074857165,-93.9926440878474276426428574,3.423680924697543554829942870,2.129629629629629629629629630,4.583333333333333333333333333,9.022125047936710482142857142,1.090934307551340000000000,2.879565404920736427720000,1.788631097369396427720000,0,False,False,4,4,0,0,0,"{""RANGING"": 2125, ""TRENDING_DOWN"": 24, ""TRENDING_UP"": 11}",0,0,0,-342.3680924697543554829942866,-342.3680924697543554829942866,-342.3680924697543554829942866,,True,False,,,,,
FUTURES_LONG_SHORT_TARGET_R_2_5_1X,EXPANDING_365_90_90,6,EXPANDING,2022-01-01T00:00:00+00:00,2024-03-25T23:59:59.999999+00:00,2024-03-26T00:00:00+00:00,2024-06-23T23:59:59.999999+00:00,365,90,90,EXPANDING_365_90_90-6,2024-03-26T00:00:00+00:00,2024-06-23T23:59:59.999999+00:00,TRADE_EXIT_TIME,-0.2813642899127485986360589090,-0.09366712181142333571428571700,-28.1364289912748598636058909,-9.3667121811423335714285717,7,1,6,28.57142857142857142857142857,0.9328111719972769981850257331,-4.0194898558964085519436987,-76.16449655900073381214285682,3.325492604434427195173867421,7.407407407407407407407407407,2.777777777777777777777777778,14.86706821185595139750000001,5.008502312182270005361829,1.105853713905695110684510,-3.902648598276574894677319,0,False,False,7,5,2,0,0,"{""RANGING"": 2108, ""TRENDING_DOWN"": 25, ""TRENDING_UP"": 27}",53.12658939639181350824455874,100,100,-235.6648521962165534421726334,-418.7664798995237419350297758,-418.7664798995237419350297758,,True,False,,,,,
FUTURES_LONG_SHORT_TARGET_R_2_5_1X,EXPANDING_365_90_90,7,EXPANDING,2022-01-01T00:00:00+00:00,2024-06-23T23:59:59.999999+00:00,2024-06-24T00:00:00+00:00,2024-09-21T23:59:59.999999+00:00,365,90,90,EXPANDING_365_90_90-7,2024-06-24T00:00:00+00:00,2024-09-21T23:59:59.999999+00:00,TRADE_EXIT_TIME,0.3005030965171681809271258555,0.4131860967027665428571428644,30.05030965171681809271258555,41.31860967027665428571428644,6,0,6,33.33333333333333333333333333,1.087206526969188460858439950,5.008384941952803015452097592,-78.439102706565946715992145,1.837091942106943384147068651,0,3.148148148148148148148148148,12.01706988383315802285714286,0.114295376726619028160268,0.863065241999940858015710,0.748769865273321829855442,0,True,False,6,4,2,0,0,"{""HIGH_VOLATILITY"": 6, ""RANGING"": 2112, ""TRENDING_DOWN"": 42}",58.68784894071549982229420231,100,100,-189.8167676763070475072874146,-344.5878501999523513515731292,-344.5878501999523513515731292,RESULT_DEPENDS_ON_FEW_TRADES,True,False,,,,,
FUTURES_LONG_SHORT_TARGET_R_2_5_1X,EXPANDING_365_90_90,8,EXPANDING,2022-01-01T00:00:00+00:00,2024-09-21T23:59:59.999999+00:00,2024-09-22T00:00:00+00:00,2024-12-20T23:59:59.999999+00:00,365,90,90,EXPANDING_365_90_90-8,2024-09-22T00:00:00+00:00,2024-12-20T23:59:59.999999+00:00,TRADE_EXIT_TIME,0.1627002689771687915621894015,0.3135647608600006642857142888,16.27002689771687915621894015,31.35647608600006642857142888,6,2,4,33.33333333333333333333333333,1.056684886485886333396020401,2.711671149619479859369823358,-54.4923102356991229232938924,1.366548755429173442105113221,3.101851851851851851851851852,2.731481481481481481481481481,13.47973432099672777321428571,2.359156673220070477831515,0.752441805933610978693312,-1.606714867286459499138203,0,True,False,7,4,2,0,0,"{""RANGING"": 2088, ""TRENDING_DOWN"": 30, ""TRENDING_UP"": 42}",51.45490630390912453867487234,100,100,-139.7905748671325171197810598,-287.0258353920822634737306418,-287.0258353920822634737306418,RESULT_DEPENDS_ON_FEW_TRADES,True,False,,,,,
FUTURES_LONG_SHORT_TARGET_R_2_5_1X,EXPANDING_365_90_90,9,EXPANDING,2022-01-01T00:00:00+00:00,2024-12-20T23:59:59.999999+00:00,2024-12-21T00:00:00+00:00,2025-03-20T23:59:59.999999+00:00,365,90,90,EXPANDING_365_90_90-9,2024-12-21T00:00:00+00:00,2025-03-20T23:59:59.999999+00:00,TRADE_EXIT_TIME,2.663141012800906998303565533,2.791931248255073642857142861,266.3141012800906998303565533,279.1931248255073642857142861,9,0,9,44.44444444444444444444444444,1.546716433603215034490482344,29.5904556977878555367062837,-94.09732306370161977180859406,2.813645482333703639668211423,0,12.12962962962962962962962963,17.10675789795605923785714285,0.287878070518448794594804,4.515612423057843577094214,4.227734352539394782499410,0,True,False,8,5,4,0,0,"{""HIGH_VOLATILITY"": 13, ""RANGING"": 2081, ""TRENDING_DOWN"": 61, ""TRENDING_UP"": 5}",30.25114488425639920921089135,81.16002369706052734493166148,100,38.3929920199103769925366846,-345.1696193986434193546781123,-487.1155957850186824694268019,RESULT_DEPENDS_ON_FEW_TRADES,True,False,,,,,
FUTURES_LONG_SHORT_TARGET_R_2_5_1X,EXPANDING_365_90_90,10,EXPANDING,2022-01-01T00:00:00+00:00,2025-03-20T23:59:59.999999+00:00,2025-03-21T00:00:00+00:00,2025-06-18T23:59:59.999999+00:00,365,90,90,EXPANDING_365_90_90-10,2025-03-21T00:00:00+00:00,2025-06-18T23:59:59.999999+00:00,TRADE_EXIT_TIME,4.944861531018428737733188600,5.169014401456419107142857122,494.4861531018428737733188600,516.9014401456419107142857122,8,5,3,50.0,2.369605958848861009673775738,61.8107691377303592216648575,46.92579671660037583539434298,2.726011689565345783262563394,6.990740740740740740740740741,1.759259259259259259259259259,17.91406829009694778178571429,4.501218753702089159181138,0,-4.501218753702089159181138,0,True,False,8,4,4,0,0,"{""RANGING"": 2062, ""TRENDING_DOWN"": 30, ""TRENDING_UP"": 68}",27.20781108663175065912405146,79.41230183868781166084930056,100,261.7154948937257678503757039,-184.9089555291249964561671523,-361.0426414305711224375947707,RESULT_DEPENDS_ON_FEW_TRADES,True,False,,,,,
FUTURES_LONG_SHORT_TARGET_R_2_5_1X,EXPANDING_365_90_90,11,EXPANDING,2022-01-01T00:00:00+00:00,2025-06-18T23:59:59.999999+00:00,2025-06-19T00:00:00+00:00,2025-09-16T23:59:59.999999+00:00,365,90,90,EXPANDING_365_90_90-11,2025-06-19T00:00:00+00:00,2025-09-16T23:59:59.999999+00:00,TRADE_EXIT_TIME,1.406825467984583638370495644,1.630747221771824792857142856,140.6825467984583638370495644,163.0747221771824792857142856,6,5,1,50.0,1.557182666581699317337418258,23.44709113307639397284159407,23.40978757016992816786105646,1.0311731922054913133598600,12.40740740740740740740740741,1.898148148148148148148148148,15.08922553749030221964285714,7.394219863947913893035864,0.091270022714100664014000,-7.302949841233813229021864,0,True,False,6,3,3,0,0,"{""RANGING"": 2060, ""TRENDING_DOWN"": 15, ""TRENDING_UP"": 85}",36.25348354580250468439968663,100,100,-1.8558693837334676315004359,-252.4890942166991786784202863,-252.4890942166991786784202863,RESULT_DEPENDS_ON_FEW_TRADES,True,False,,,,,
FUTURES_LONG_SHORT_TARGET_R_2_5_1X,EXPANDING_365_90_90,12,EXPANDING,2022-01-01T00:00:00+00:00,2025-09-16T23:59:59.999999+00:00,2025-09-17T00:00:00+00:00,2025-12-15T23:59:59.999999+00:00,365,90,90,EXPANDING_365_90_90-12,2025-09-17T00:00:00+00:00,2025-12-15T23:59:59.999999+00:00,TRADE_EXIT_TIME,1.998661033756484756701198943,2.151898663750001828571428565,199.8661033756484756701198943,215.1898663750001828571428565,8,1,7,37.500,1.430697856266345328694696860,24.98326292195605945876498679,-70.98050310518990435000000015,2.397199437869762424140737740,0.7870370370370370370370370370,12.17592592592592592592592593,19.23751740730525801714285715,0.753013018984741474202567,4.666767426938292304322462,3.913754407953550830119895,0,True,False,8,5,3,0,0,"{""RANGING"": 2101, ""TRENDING_DOWN"": 53, ""TRENDING_UP"": 6}",37.54885768988168965235077536,100,100,-49.4274748082262735817921243,-464.0517719504284087697583778,-464.0517719504284087697583778,RESULT_DEPENDS_ON_FEW_TRADES,True,False,,,,,
FUTURES_LONG_SHORT_TARGET_R_2_5_1X,ROLLING_730_90_90,1,ROLLING,2022-01-01T00:00:00+00:00,2023-12-31T23:59:59.999999+00:00,2024-01-01T00:00:00+00:00,2024-03-30T23:59:59.999999+00:00,730,90,90,ROLLING_730_90_90-1,2024-01-01T00:00:00+00:00,2024-03-30T23:59:59.999999+00:00,TRADE_EXIT_TIME,-3.423680924697543554829942866,-3.351345985191870414285714294,-342.3680924697543554829942866,-335.1345985191870414285714294,4,1,3,0,0E+25,-85.59202311743858887074857165,-93.9926440878474276426428574,3.423680924697543554829942870,2.129629629629629629629629630,4.583333333333333333333333333,9.022125047936710482142857142,1.090934307551340000000000,2.879565404920736427720000,1.788631097369396427720000,0,False,False,4,4,0,0,0,"{""RANGING"": 2125, ""TRENDING_DOWN"": 24, ""TRENDING_UP"": 11}",0,0,0,-342.3680924697543554829942866,-342.3680924697543554829942866,-342.3680924697543554829942866,,True,False,,,,,
FUTURES_LONG_SHORT_TARGET_R_2_5_1X,ROLLING_730_90_90,2,ROLLING,2022-04-01T00:00:00+00:00,2024-03-30T23:59:59.999999+00:00,2024-03-31T00:00:00+00:00,2024-06-28T23:59:59.999999+00:00,730,90,90,ROLLING_730_90_90-2,2024-03-31T00:00:00+00:00,2024-06-28T23:59:59.999999+00:00,TRADE_EXIT_TIME,-0.2813642899127485986360589090,-0.09366712181142333571428571700,-28.1364289912748598636058909,-9.3667121811423335714285717,7,1,6,28.57142857142857142857142857,0.9328111719972769981850257331,-4.0194898558964085519436987,-76.16449655900073381214285682,3.325492604434427195173867421,7.407407407407407407407407407,2.777777777777777777777777778,14.86706821185595139750000001,5.008502312182270005361829,1.105853713905695110684510,-3.902648598276574894677319,0,False,False,7,5,2,0,0,"{""RANGING"": 2108, ""TRENDING_DOWN"": 25, ""TRENDING_UP"": 27}",53.12658939639181350824455874,100,100,-235.6648521962165534421726334,-418.7664798995237419350297758,-418.7664798995237419350297758,,True,False,,,,,
FUTURES_LONG_SHORT_TARGET_R_2_5_1X,ROLLING_730_90_90,3,ROLLING,2022-06-30T00:00:00+00:00,2024-06-28T23:59:59.999999+00:00,2024-06-29T00:00:00+00:00,2024-09-26T23:59:59.999999+00:00,730,90,90,ROLLING_730_90_90-3,2024-06-29T00:00:00+00:00,2024-09-26T23:59:59.999999+00:00,TRADE_EXIT_TIME,0.3005030965171681809271258555,0.4131860967027665428571428644,30.05030965171681809271258555,41.31860967027665428571428644,6,0,6,33.33333333333333333333333333,1.087206526969188460858439950,5.008384941952803015452097592,-78.439102706565946715992145,1.837091942106943384147068651,0,3.148148148148148148148148148,12.01706988383315802285714286,0.114295376726619028160268,0.863065241999940858015710,0.748769865273321829855442,0,True,False,6,4,2,0,0,"{""HIGH_VOLATILITY"": 6, ""RANGING"": 2112, ""TRENDING_DOWN"": 42}",58.68784894071549982229420231,100,100,-189.8167676763070475072874146,-344.5878501999523513515731292,-344.5878501999523513515731292,RESULT_DEPENDS_ON_FEW_TRADES,True,False,,,,,
FUTURES_LONG_SHORT_TARGET_R_2_5_1X,ROLLING_730_90_90,4,ROLLING,2022-09-28T00:00:00+00:00,2024-09-26T23:59:59.999999+00:00,2024-09-27T00:00:00+00:00,2024-12-25T23:59:59.999999+00:00,730,90,90,ROLLING_730_90_90-4,2024-09-27T00:00:00+00:00,2024-12-25T23:59:59.999999+00:00,TRADE_EXIT_TIME,-0.7782729616598474061558965391,-0.6125687035284439499999999947,-77.82729616598474061558965391,-61.25687035284439499999999947,7,2,5,28.57142857142857142857142857,0.7957948908659301595210748963,-11.11818516656924865936995056,-55.69170736528838482642395439,1.877871778574149674639889684,3.101851851851851851851851852,2.962962962962962962962962963,15.25350616933229728392857142,2.359156673220070477831515,1.042237029412022146170432,-1.316919643808048331661083,0,False,False,7,5,2,0,0,"{""RANGING"": 2088, ""TRENDING_DOWN"": 30, ""TRENDING_UP"": 42}",51.45490630390912453867487234,100,100,-233.8878979308341368915896539,-381.1231584557838832455392359,-381.1231584557838832455392359,,True,False,,,,,
FUTURES_LONG_SHORT_TARGET_R_2_5_1X,ROLLING_730_90_90,5,ROLLING,2022-12-27T00:00:00+00:00,2024-12-25T23:59:59.999999+00:00,2024-12-26T00:00:00+00:00,2025-03-25T23:59:59.999999+00:00,730,90,90,ROLLING_730_90_90-5,2024-12-26T00:00:00+00:00,2025-03-25T23:59:59.999999+00:00,TRADE_EXIT_TIME,3.604114243437923196021651474,3.718064712643518257142857145,360.4114243437923196021651474,371.8064712643518257142857145,8,0,8,50.0,1.917034777666315441395903137,45.05142804297403995027064342,23.07405763068330569479926630,2.788803518188812052576255694,0,11.89814814814814814814814815,15.33298604962048972714285714,0.287878070518448794594804,4.225817199579432409617094,3.937939129060983615022290,0,True,False,8,4,4,0,0,"{""HIGH_VOLATILITY"": 13, ""RANGING"": 2081, ""TRENDING_DOWN"": 61, ""TRENDING_UP"": 5}",30.25114488425639920921089135,81.16002369706052734493166148,100,132.4903150836119967643452787,-251.0722963349417995828695182,-393.0182727213170626976182078,RESULT_DEPENDS_ON_FEW_TRADES,True,False,,,,,
FUTURES_LONG_SHORT_TARGET_R_2_5_1X,ROLLING_730_90_90,6,ROLLING,2023-03-27T00:00:00+00:00,2025-03-25T23:59:59.999999+00:00,2025-03-26T00:00:00+00:00,2025-06-23T23:59:59.999999+00:00,730,90,90,ROLLING_730_90_90-6,2025-03-26T00:00:00+00:00,2025-06-23T23:59:59.999999+00:00,TRADE_EXIT_TIME,3.913688338812937424373328595,4.161789648073059107142857117,391.3688338812937424373328595,416.1789648073059107142857117,9,5,4,44.44444444444444444444444444,1.843176635339860761921146208,43.48542598681041582637031772,-82.28209246824537431063893245,2.726011689565345783262563394,6.990740740740740740740740741,3.657407407407407407407407407,20.40018219502417978178571429,4.501218753702089159181138,0.091270022714100664014000,-4.409948730987988495167138,0,True,False,9,5,4,0,0,"{""RANGING"": 2047, ""TRENDING_DOWN"": 45, ""TRENDING_UP"": 68}",27.20781108663175065912405146,79.41230183868781166084930056,100,158.5981756731766365143897034,-288.0262747496741277921531528,-464.1599606511202537735807712,RESULT_DEPENDS_ON_FEW_TRADES,True,False,,,,,
FUTURES_LONG_SHORT_TARGET_R_2_5_1X,ROLLING_730_90_90,7,ROLLING,2023-06-25T00:00:00+00:00,2025-06-23T23:59:59.999999+00:00,2025-06-24T00:00:00+00:00,2025-09-21T23:59:59.999999+00:00,730,90,90,ROLLING_730_90_90-7,2025-06-24T00:00:00+00:00,2025-09-21T23:59:59.999999+00:00,TRADE_EXIT_TIME,2.437998660190074951730355649,2.637971975155184792857142861,243.7998660190074951730355649,263.7971975155184792857142861,5,5,0,60.0,2.632168232755426957993413790,48.75997320380149903460711298,111.4189652922640297293163984,0.8244935228250436763107194258,12.40740740740740740740740741,0,12.60311163256307021964285714,7.394219863947913893035864,0,-7.394219863947913893035864,0,True,False,5,2,3,0,0,"{""RANGING"": 2075, ""TRENDING_UP"": 85}",36.25348354580250468439968663,100,100,101.2614498368156637044855646,-149.3717749961500473424342858,-149.3717749961500473424342858,RESULT_DEPENDS_ON_FEW_TRADES,True,False,,,,,
FUTURES_LONG_SHORT_TARGET_R_2_5_1X,ROLLING_730_90_90,8,ROLLING,2023-09-23T00:00:00+00:00,2025-09-21T23:59:59.999999+00:00,2025-09-22T00:00:00+00:00,2025-12-20T23:59:59.999999+00:00,730,90,90,ROLLING_730_90_90-8,2025-09-22T00:00:00+00:00,2025-12-20T23:59:59.999999+00:00,TRADE_EXIT_TIME,1.998661033756484756701198943,2.151898663750001828571428565,199.8661033756484756701198943,215.1898663750001828571428565,8,1,7,37.500,1.430697856266345328694696860,24.98326292195605945876498679,-70.98050310518990435000000015,2.397199437869762424140737740,0.7870370370370370370370370370,12.17592592592592592592592593,19.23751740730525801714285715,0.753013018984741474202567,4.666767426938292304322462,3.913754407953550830119895,0,True,False,8,5,3,0,0,"{""RANGING"": 2101, ""TRENDING_DOWN"": 53, ""TRENDING_UP"": 6}",37.54885768988168965235077536,100,100,-49.4274748082262735817921243,-464.0517719504284087697583778,-464.0517719504284087697583778,RESULT_DEPENDS_ON_FEW_TRADES,True,False,,,,,
FUTURES_LONG_SHORT_TARGET_R_2_5_1X,ROLLING_365_180_90,1,ROLLING,2022-01-01T00:00:00+00:00,2022-12-31T23:59:59.999999+00:00,2023-01-01T00:00:00+00:00,2023-06-29T23:59:59.999999+00:00,365,180,90,ROLLING_365_180_90-1,2023-01-01T00:00:00+00:00,2023-06-29T23:59:59.999999+00:00,TRADE_EXIT_TIME,-0.7905917404658010553033778858,-0.6849617691981533714285714395,-79.05917404658010553033778858,-68.49617691981533714285714395,4,3,1,25.00,0.6319572663261185591187834862,-19.76479351164502638258444714,-64.4618102835101048350000004,1.502869433289217741135720740,0.6481481481481481481481481481,0.3935185185185185185185185185,9.648774493823621818571428571,0.969684232298540832480000,0.055461599357394263570784,-0.914222632941146568909216,0,False,False,4,3,1,0,0,"{""RANGING"": 4282, ""TRENDING_DOWN"": 7, ""TRENDING_UP"": 31}",100,100,100,-214.8097674892110691378577890,-214.8097674892110691378577890,-214.8097674892110691378577890,,True,False,,,,,
FUTURES_LONG_SHORT_TARGET_R_2_5_1X,ROLLING_365_180_90,2,ROLLING,2022-04-01T00:00:00+00:00,2023-03-31T23:59:59.999999+00:00,2023-04-01T00:00:00+00:00,2023-09-27T23:59:59.999999+00:00,365,180,90,ROLLING_365_180_90-2,2023-04-01T00:00:00+00:00,2023-09-27T23:59:59.999999+00:00,TRADE_EXIT_TIME,-0.5082858252310502515000000062,-0.4790967024368340000000000062,-50.82858252310502515000000062,-47.90967024368340000000000062,1,0,1,0,0E+26,-50.82858252310502515000000062,-50.82858252310502515000000062,0.5082858252310502515000000100,0,0.5092592592592592592592592593,2.41839676100880825000000,0.500515518412816900000000,0,-0.500515518412816900000000,0,False,False,1,1,0,0,0,"{""RANGING"": 4309, ""TRENDING_DOWN"": 5, ""TRENDING_UP"": 6}",0,0,0,-50.82858252310502515000000062,-50.82858252310502515000000062,-50.82858252310502515000000062,,True,False,,,,,
FUTURES_LONG_SHORT_TARGET_R_2_5_1X,ROLLING_365_180_90,3,ROLLING,2022-06-30T00:00:00+00:00,2023-06-29T23:59:59.999999+00:00,2023-06-30T00:00:00+00:00,2023-12-26T23:59:59.999999+00:00,365,180,90,ROLLING_365_180_90-3,2023-06-30T00:00:00+00:00,2023-12-26T23:59:59.999999+00:00,TRADE_EXIT_TIME,-1.195652503753873760328571438,-1.142977973861522914285714296,-119.5652503753873760328571438,-114.2977973861522914285714296,2,1,1,0,0E+25,-59.7826251876936880164285719,-59.7826251876936880164285719,1.195652503753873760328571440,0.02314814814814814814814814815,0.5092592592592592592592592593,4.766937470822267704285714286,0.500515518412816900000000,0,-0.500515518412816900000000,0,False,False,2,2,0,0,0,"{""RANGING"": 4301, ""TRENDING_DOWN"": 5, ""TRENDING_UP"": 14}",0,0,0,-119.5652503753873760328571438,-119.5652503753873760328571438,-119.5652503753873760328571438,,True,False,,,,,
FUTURES_LONG_SHORT_TARGET_R_2_5_1X,ROLLING_365_180_90,4,ROLLING,2022-09-28T00:00:00+00:00,2023-09-27T23:59:59.999999+00:00,2023-09-28T00:00:00+00:00,2024-03-25T23:59:59.999999+00:00,365,180,90,ROLLING_365_180_90-4,2023-09-28T00:00:00+00:00,2024-03-25T23:59:59.999999+00:00,TRADE_EXIT_TIME,-4.111047603220367063658514299,-4.015227256616559328571428584,-411.1047603220367063658514299,-401.5227256616559328571428584,5,2,3,0,0E+25,-82.22095206440734127317028598,-92.35885015270052475171428603,4.111047603220367063658514300,1.087962962962962962962962963,2.291666666666666666666666667,11.37066575775016993642857143,1.090934307551340000000000,2.879565404920736427720000,1.788631097369396427720000,0,False,False,5,5,0,0,0,"{""RANGING"": 4271, ""TRENDING_DOWN"": 24, ""TRENDING_UP"": 25}",0,0,0,-411.1047603220367063658514299,-411.1047603220367063658514299,-411.1047603220367063658514299,,True,False,,,,,
FUTURES_LONG_SHORT_TARGET_R_2_5_1X,ROLLING_365_180_90,5,ROLLING,2022-12-27T00:00:00+00:00,2023-12-26T23:59:59.999999+00:00,2023-12-27T00:00:00+00:00,2024-06-23T23:59:59.999999+00:00,365,180,90,ROLLING_365_180_90-5,2023-12-27T00:00:00+00:00,2024-06-23T23:59:59.999999+00:00,TRADE_EXIT_TIME,-3.705045214610292153466001774,-3.445013107003293750000000012,-370.5045214610292153466001774,-344.5013107003293750000000012,11,2,9,18.18181818181818181818181818,0.5132207432021990750753225598,-33.6822292237299286678727434,-82.88450650215977892045714316,5.780329446659709089251669200,4.768518518518518518518518519,3.680555555555555555555555556,23.88919325979266187964285715,6.099436619733610005361829,3.985419118826431538404510,-2.114017500907178466957319,0,False,False,11,9,2,0,0,"{""RANGING"": 4233, ""TRENDING_DOWN"": 49, ""TRENDING_UP"": 38}",53.12658939639181350824455874,100,100,-578.0329446659709089251669199,-761.1345723692780974180240623,-761.1345723692780974180240623,,True,False,,,,,
FUTURES_LONG_SHORT_TARGET_R_2_5_1X,ROLLING_365_180_90,6,ROLLING,2023-03-27T00:00:00+00:00,2024-03-25T23:59:59.999999+00:00,2024-03-26T00:00:00+00:00,2024-09-21T23:59:59.999999+00:00,365,180,90,ROLLING_365_180_90-6,2024-03-26T00:00:00+00:00,2024-09-21T23:59:59.999999+00:00,TRADE_EXIT_TIME,0.01913880660441958229106694700,0.3195189748913432071428571474,1.91388066044195822910669470,31.95189748913432071428571474,13,1,12,30.76923076923076923076923077,1.002507198276051636386879697,0.14722158926476601762359190,-76.16449655900073381214285682,3.325492604434427195173867421,3.703703703703703703703703704,2.962962962962962962962962963,26.88413809568910942035714288,5.122797688908889033522097,1.968918955905635968700220,-3.153878733003253064821877,0,True,False,13,9,4,0,0,"{""HIGH_VOLATILITY"": 6, ""RANGING"": 4220, ""TRENDING_DOWN"": 67, ""TRENDING_UP"": 27}",28.73072136495699038863918753,79.77557667396686186993106338,100,-217.9531966675819073708933055,-608.5832475758307894423171904,-763.3543300994760932866029049,RESULT_DEPENDS_ON_FEW_TRADES,True,False,,,,,
FUTURES_LONG_SHORT_TARGET_R_2_5_1X,ROLLING_365_180_90,7,ROLLING,2023-06-25T00:00:00+00:00,2024-06-23T23:59:59.999999+00:00,2024-06-24T00:00:00+00:00,2024-12-20T23:59:59.999999+00:00,365,180,90,ROLLING_365_180_90-7,2024-06-24T00:00:00+00:00,2024-12-20T23:59:59.999999+00:00,TRADE_EXIT_TIME,0.4632033654943369724893152565,0.7267508575627672071428571528,46.32033654943369724893152565,72.67508575627672071428571528,12,2,10,33.33333333333333333333333333,1.073336499202065185131637334,3.860028045786141437410960471,-61.5220422309061981852119772,2.358663336852420060210187375,1.550925925925925925925925926,2.939814814814814814814814815,25.49680420482988579607142858,2.473452049946689505991783,1.615507047933551836709022,-0.857945002013137669282761,0,True,False,13,8,4,0,0,"{""HIGH_VOLATILITY"": 6, ""RANGING"": 4200, ""TRENDING_DOWN"": 72, ""TRENDING_UP"": 42}",32.43192849851441203817158155,78.28177142373519425247497945,100,-173.5467407785901683510684746,-484.3784250670848684713541890,-631.6136855920346148253037710,RESULT_DEPENDS_ON_FEW_TRADES,True,False,,,,,
FUTURES_LONG_SHORT_TARGET_R_2_5_1X,ROLLING_365_180_90,8,ROLLING,2023-09-23T00:00:00+00:00,2024-09-21T23:59:59.999999+00:00,2024-09-22T00:00:00+00:00,2025-03-20T23:59:59.999999+00:00,365,180,90,ROLLING_365_180_90-8,2024-09-22T00:00:00+00:00,2025-03-20T23:59:59.999999+00:00,TRADE_EXIT_TIME,2.825841281778075789865754935,3.105496009115074307142857151,282.5841281778075789865754935,310.5496009115074307142857151,15,2,13,40.0,1.365029071946364520371628916,18.83894187852050526577169957,-55.69170736528838482642395439,2.809318551008450032956000526,1.550925925925925925925925926,7.430555555555555555555555556,30.58649221895278701107142857,2.647034743738519272426319,5.268054228991454555787526,2.621019485252935283361207,0,True,False,15,9,6,0,0,"{""HIGH_VOLATILITY"": 13, ""RANGING"": 4169, ""TRENDING_DOWN"": 91, ""TRENDING_UP"": 47}",21.56861895148231722380428825,57.86589670945615111559357771,86.56737549974394689155616224,54.6630189176272561487556248,-328.8995925009265401984591721,-632.1954547907256828284087541,RESULT_DEPENDS_ON_FEW_TRADES,True,False,,,,,
FUTURES_LONG_SHORT_TARGET_R_2_5_1X,ROLLING_365_180_90,9,ROLLING,2023-12-22T00:00:00+00:00,2024-12-20T23:59:59.999999+00:00,2024-12-21T00:00:00+00:00,2025-06-18T23:59:59.999999+00:00,365,180,90,ROLLING_365_180_90-9,2024-12-21T00:00:00+00:00,2025-06-18T23:59:59.999999+00:00,TRADE_EXIT_TIME,7.608002543819335736036754132,7.960945649711492749999999983,760.8002543819335736036754132,796.0945649711492749999999983,17,5,12,47.05882352941176470588235294,1.897002730150398728025894575,44.75295614011373962374561254,-82.28209246824537431063893245,3.313593120278220443710076135,3.495370370370370370370370370,6.944444444444444444444444444,35.02082618805300701964285713,4.789096824220537953775942,4.515612423057843577094214,-0.273484401162694376681728,0,True,False,16,9,8,0,0,"{""HIGH_VOLATILITY"": 13, ""RANGING"": 4143, ""TRENDING_DOWN"": 91, ""TRENDING_UP"": 73}",14.46716366044973504815868370,42.67606521460250235516923572,69.52256577150804572066297823,528.0295961738164676807322571,74.1600792318897733759838176,-357.7889711752183705923300008,,True,False,,,,,
FUTURES_LONG_SHORT_TARGET_R_2_5_1X,ROLLING_365_180_90,10,ROLLING,2024-03-21T00:00:00+00:00,2025-03-20T23:59:59.999999+00:00,2025-03-21T00:00:00+00:00,2025-09-16T23:59:59.999999+00:00,365,180,90,ROLLING_365_180_90-10,2025-03-21T00:00:00+00:00,2025-09-16T23:59:59.999999+00:00,TRADE_EXIT_TIME,6.351686999003012376103684244,6.799761623228243899999999978,635.1686999003012376103684244,679.9761623228243899999999978,14,10,4,50.0,2.035266251109576490806013142,45.36919285002151697216917317,23.40978757016992816786105646,2.726011689565345783262563394,9.699074074074074074074074074,1.828703703703703703703703704,33.00329382758725000142857143,11.895438617650003052217002,0.091270022714100664014000,-11.804168594935902388203002,0,True,False,14,7,7,0,0,"{""RANGING"": 4122, ""TRENDING_DOWN"": 45, ""TRENDING_UP"": 153}",18.64103283555307767557675069,54.40817423380205624614236537,79.92847462065152954948999828,402.3980416921841316874252683,-44.2264087306666326191175879,-362.8985108143045900690952066,RESULT_DEPENDS_ON_FEW_TRADES,True,False,,,,,
FUTURES_LONG_SHORT_TARGET_R_2_5_1X,ROLLING_365_180_90,11,ROLLING,2024-06-19T00:00:00+00:00,2025-06-18T23:59:59.999999+00:00,2025-06-19T00:00:00+00:00,2025-12-15T23:59:59.999999+00:00,365,180,90,ROLLING_365_180_90-11,2025-06-19T00:00:00+00:00,2025-12-15T23:59:59.999999+00:00,TRADE_EXIT_TIME,3.405486501741068395071694587,3.782645885521826621428571421,340.5486501741068395071694587,378.2645885521826621428571421,14,6,8,42.85714285714285714285714286,1.475267589405956524882197561,24.32490358386477425051210419,-64.2843960832505734753685714,2.365357114468236779743660247,6.597222222222222222222222222,7.037037037037037037037037037,34.32674294479556023678571429,8.147232882932655367238431,4.758037449652392968336462,-3.389195433280262398901969,0,True,False,14,8,6,0,0,"{""RANGING"": 4161, ""TRENDING_DOWN"": 68, ""TRENDING_UP"": 91}",23.58301490366889453537850840,62.80621130592694944462332378,89.45983631756145781438328819,91.2550719902320902552574401,-323.3692251519700449327088134,-605.1219008748635577188622657,RESULT_DEPENDS_ON_FEW_TRADES,True,False,,,,,
FUTURES_LONG_SHORT_TARGET_R_2_5_1X,EXPANDING_365_90_90,CONSOLIDATED,,,,,,,,,,,,,,,,,60,,,,,,,,,,,,,,,,,,,,,,,,,,,,,,True,False,12,0.08135013448858439578109470075,0.4821169126853978445416510732,50.0,8.333333333333333333333333333
FUTURES_LONG_SHORT_TARGET_R_2_5_1X,ROLLING_365_180_90,CONSOLIDATED,,,,,,,,,,,,,,,,,108,,,,,,,,,,,,,,,,,,,,,,,,,,,,,,True,False,11,0.01913880660441958229106694700,0.9420669646508058697819822455,54.54545454545454545454545455,0
FUTURES_LONG_SHORT_TARGET_R_2_5_1X,ROLLING_365_90_90,CONSOLIDATED,,,,,,,,,,,,,,,,,60,,,,,,,,,,,,,,,,,,,,,,,,,,,,,,True,False,12,0.08135013448858439578109470075,0.4821169126853978445416510732,50.0,8.333333333333333333333333333
FUTURES_LONG_SHORT_TARGET_R_2_5_1X,ROLLING_730_90_90,CONSOLIDATED,,,,,,,,,,,,,,,,,54,,,,,,,,,,,,,,,,,,,,,,,,,,,,,,True,False,8,1.149582065136826468814162399,0.9714558995555561187664702752,62.500,0
