configuration,period,start,end,attribution_policy,net_return_percent,gross_return_percent,net_pnl,gross_pnl,trades,long_trades,short_trades,win_rate_percent,profit_factor,expectancy,median_trade_pnl,maximum_drawdown_percent,exposure_long_percent,exposure_short_percent,trading_fees,funding_paid,funding_received,net_funding,liquidations,positive,zero_trade,signal_count,stop_count,target_count,time_exit_count,forced_end_count,regime_distribution,best_trade_concentration_percent,top_3_concentration_percent,top_5_concentration_percent,result_without_best_trade,result_without_top_3,result_without_top_5,warning,window_days,step_days
FUTURES_LONG_BASELINE_1X,90D-1,2022-01-05T04:00:00+00:00,2022-03-31T23:59:59.999999+00:00,TRADE_EXIT_TIME,-1.399698484949129778885542863,-1.332008023137168528571428577,-139.9698484949129778885542863,-133.2008023137168528571428577,2,2,0,0,0E+25,-69.98492424745648894427714315,-69.98492424745648894427714315,1.399698484949129778885542860,3.446601941747572815533980583,0,4.918727317097308813571428571,1.850318864098816217840000,0,-1.850318864098816217840000,0,False,False,2,2,0,0,0,"{""RANGING"": 1939, ""TRENDING_DOWN"": 101, ""TRENDING_UP"": 20}",0,0,0,-139.9698484949129778885542863,-139.9698484949129778885542863,-139.9698484949129778885542863,,90,30
FUTURES_LONG_BASELINE_1X,90D-2,2022-01-31T00:00:00+00:00,2022-04-30T23:59:59.999999+00:00,TRADE_EXIT_TIME,-1.399698484949129778885542863,-1.332008023137168528571428577,-139.9698484949129778885542863,-133.2008023137168528571428577,2,2,0,0,0E+25,-69.98492424745648894427714315,-69.98492424745648894427714315,1.399698484949129778885542860,3.287037037037037037037037037,0,4.918727317097308813571428571,1.850318864098816217840000,0,-1.850318864098816217840000,0,False,False,2,2,0,0,0,"{""RANGING"": 2103, ""TRENDING_DOWN"": 37, ""TRENDING_UP"": 20}",0,0,0,-139.9698484949129778885542863,-139.9698484949129778885542863,-139.9698484949129778885542863,,90,30
FUTURES_LONG_BASELINE_1X,90D-3,2022-03-02T00:00:00+00:00,2022-05-30T23:59:59.999999+00:00,TRADE_EXIT_TIME,-0.8128082207638347343843142894,-0.7759208541492031428571428608,-81.28082207638347343843142894,-77.59208541492031428571428608,1,1,0,0,0E+26,-81.28082207638347343843142894,-81.28082207638347343843142894,0.8128082207638347343843142900,1.805555555555555555555555556,0,2.446531680323948642857142857,1.242204981139210509860000,0,-1.242204981139210509860000,0,False,False,1,1,0,0,0,"{""HIGH_VOLATILITY"": 21, ""RANGING"": 2073, ""TRENDING_DOWN"": 65, ""TRENDING_UP"": 1}",0,0,0,-81.28082207638347343843142894,-81.28082207638347343843142894,-81.28082207638347343843142894,,90,30
FUTURES_LONG_BASELINE_1X,90D-4,2022-04-01T00:00:00+00:00,2022-06-29T23:59:59.999999+00:00,TRADE_EXIT_TIME,-2.764156186924468811534427150,-2.695097576015698642857142851,-276.4156186924468811534427150,-269.5097576015698642857142851,3,3,0,0,0E+25,-92.1385395641489603844809050,-97.73131817592134033488124886,2.764156186924468811534427150,6.064814814814814814814814815,0,6.442101913390004327857142858,0.770107257001591936418609,0.306348079514579396547322,-0.463759177487012539871287,0,False,False,3,3,0,0,0,"{""HIGH_VOLATILITY"": 31, ""RANGING"": 1967, ""TRENDING_DOWN"": 140, ""TRENDING_UP"": 22}",0,0,0,-276.4156186924468811534427150,-276.4156186924468811534427150,-276.4156186924468811534427150,,90,30
FUTURES_LONG_BASELINE_1X,90D-5,2022-05-01T00:00:00+00:00,2022-07-29T23:59:59.999999+00:00,TRADE_EXIT_TIME,0.9154719574452083695499903840,1.107256770470882900000000024,91.5471957445208369549990384,110.7256770470882900000000024,8,8,0,37.500,1.197821241732383531628676709,11.4433994680651046193748798,-80.0194896634220587274021016,3.586865312171900083233755710,13.56481481481481481481481481,0,17.71431783569670135500000000,1.770511546385331086548286,0.306348079514579396547322,-1.464163466870751690000964,0,True,False,9,5,3,0,0,"{""HIGH_VOLATILITY"": 31, ""RANGING"": 1849, ""TRENDING_DOWN"": 176, ""TRENDING_UP"": 104}",33.93497503588125116879388006,100,100,-96.5627102871979947323470577,-462.7773789245933697299118843,-462.7773789245933697299118843,RESULT_DEPENDS_ON_FEW_TRADES,90,30
FUTURES_LONG_BASELINE_1X,90D-6,2022-05-31T00:00:00+00:00,2022-08-28T23:59:59.999999+00:00,TRADE_EXIT_TIME,-0.8969568989288990494250520128,-0.6257914501967817142857142504,-89.69568989288990494250520128,-62.57914501967817142857142504,10,10,0,30.0,0.8607253609420324309135355002,-8.969568989288990494250520128,-80.0194896634220587274021016,3.586865312171900083233755710,17.40740740740740740740740741,0,22.44882835195849250428571428,4.974064600767820406195384,0.306348079514579396547322,-4.667716521253241009648062,0,False,False,9,7,3,0,0,"{""HIGH_VOLATILITY"": 10, ""RANGING"": 1868, ""TRENDING_DOWN"": 170, ""TRENDING_UP"": 112}",33.93497503588125116879388006,100,100,-277.8055959246087366298512974,-644.0202645620041116274161240,-644.0202645620041116274161240,,90,30
FUTURES_LONG_BASELINE_1X,90D-7,2022-06-30T00:00:00+00:00,2022-09-27T23:59:59.999999+00:00,TRADE_EXIT_TIME,1.867199287995569762109375137,2.069306125818916928571428601,186.7199287995569762109375137,206.9306125818916928571428601,7,7,0,42.85714285714285714285714286,1.507936803567530698761852868,26.67427554279385374441964481,-74.67495444013132673463983688,2.724716111571052425342765469,11.34259259259259259259259259,0,16.00672643856848817642857142,4.203957343766228469776775,0,-4.203957343766228469776775,0,True,False,7,4,3,0,0,"{""RANGING"": 1947, ""TRENDING_DOWN"": 122, ""TRENDING_UP"": 91}",33.93497503588125116879388006,100,100,-1.3899772321618554764085824,-367.6046458695572304739734090,-367.6046458695572304739734090,RESULT_DEPENDS_ON_FEW_TRADES,90,30
FUTURES_LONG_BASELINE_1X,90D-8,2022-07-30T00:00:00+00:00,2022-10-27T23:59:59.999999+00:00,TRADE_EXIT_TIME,-1.812428856374107418975042397,-1.733048220667664614285714274,-181.2428856374107418975042397,-173.3048220667664614285714274,2,2,0,0,0E+25,-90.62144281870537094875211985,-90.62144281870537094875211985,1.812428856374107418975042400,5.648148148148148148148148148,0,4.734510516261791149285714286,3.203553054382489319647098,0,-3.203553054382489319647098,0,False,False,2,2,0,0,0,"{""RANGING"": 2058, ""TRENDING_DOWN"": 75, ""TRENDING_UP"": 27}",0,0,0,-181.2428856374107418975042397,-181.2428856374107418975042397,-181.2428856374107418975042397,,90,30
FUTURES_LONG_BASELINE_1X,90D-9,2022-08-29T00:00:00+00:00,2022-11-26T23:59:59.999999+00:00,TRADE_EXIT_TIME,-0.850339087712780677497500,-0.819852750041110800,-85.033908771278067749750000,-81.985275004111080,1,1,0,0,0E+24,-85.033908771278067749750000,-85.033908771278067749750000,0.850339087712780677497500,2.175925925925925925925925926,0,2.40159097730235642,0.647042789864631329750000,0,-0.647042789864631329750000,0,False,False,1,1,0,0,0,"{""RANGING"": 2081, ""TRENDING_DOWN"": 61, ""TRENDING_UP"": 18}",0,0,0,-85.033908771278067749750000,-85.033908771278067749750000,-85.033908771278067749750000,,90,30
FUTURES_LONG_BASELINE_1X,90D-10,2022-09-28T00:00:00+00:00,2022-12-26T23:59:59.999999+00:00,TRADE_EXIT_TIME,-0.850339087712780677497500,-0.819852750041110800,-85.033908771278067749750000,-81.985275004111080,1,1,0,0,0E+24,-85.033908771278067749750000,-85.033908771278067749750000,0.850339087712780677497500,2.175925925925925925925925926,0,2.40159097730235642,0.647042789864631329750000,0,-0.647042789864631329750000,0,False,False,1,1,0,0,0,"{""RANGING"": 2110, ""TRENDING_DOWN"": 32, ""TRENDING_UP"": 18}",0,0,0,-85.033908771278067749750000,-85.033908771278067749750000,-85.033908771278067749750000,,90,30
FUTURES_LONG_BASELINE_1X,90D-11,2022-10-28T00:00:00+00:00,2023-01-25T23:59:59.999999+00:00,TRADE_EXIT_TIME,-0.850339087712780677497500,-0.819852750041110800,-85.033908771278067749750000,-81.985275004111080,1,1,0,0,0E+24,-85.033908771278067749750000,-85.033908771278067749750000,0.850339087712780677497500,0.3703703703703703703703703704,0,2.40159097730235642,0.647042789864631329750000,0,-0.647042789864631329750000,0,False,False,0,1,0,0,0,"{""RANGING"": 2124, ""TRENDING_DOWN"": 32, ""TRENDING_UP"": 4}",0,0,0,-85.033908771278067749750000,-85.033908771278067749750000,-85.033908771278067749750000,,90,30
FUTURES_LONG_BASELINE_1X,90D-12,2022-11-27T00:00:00+00:00,2023-02-24T23:59:59.999999+00:00,TRADE_EXIT_TIME,-0.6459068567828734681714285755,-0.6220046077717836857142857184,-64.59068567828734681714285755,-62.20046077717836857142857184,1,1,0,0,0E+26,-64.59068567828734681714285755,-64.59068567828734681714285755,0.6459068567828734681714285800,0.04629629629629629629629629630,0,2.390224901108978245714285714,0,0,0,0,False,False,1,1,0,0,0,"{""RANGING"": 2144, ""TRENDING_DOWN"": 6, ""TRENDING_UP"": 10}",0,0,0,-64.59068567828734681714285755,-64.59068567828734681714285755,-64.59068567828734681714285755,,90,30
FUTURES_LONG_BASELINE_1X,90D-13,2022-12-27T00:00:00+00:00,2023-03-26T23:59:59.999999+00:00,TRADE_EXIT_TIME,-0.2109417208151122509157571444,-0.1286117669483768714285714300,-21.09417208151122509157571444,-12.86117669483768714285714300,3,3,0,33.33333333333333333333333333,0.8373565819367581635773017048,-7.031390693837075030525238147,-64.59068567828734681714285755,0.6481985959760299357792323310,1.2500,0,7.252399870161249776428571428,0.980595516512288172290000,0,-0.980595516512288172290000,0,False,False,3,2,1,0,0,"{""RANGING"": 2128, ""TRENDING_DOWN"": 7, ""TRENDING_UP"": 25}",100,100,100,-129.6958237394459025814285722,-129.6958237394459025814285722,-129.6958237394459025814285722,,90,30
FUTURES_LONG_BASELINE_1X,90D-14,2023-01-26T00:00:00+00:00,2023-04-25T23:59:59.999999+00:00,TRADE_EXIT_TIME,-0.2109417208151122509157571444,-0.1286117669483768714285714300,-21.09417208151122509157571444,-12.86117669483768714285714300,3,3,0,33.33333333333333333333333333,0.8373565819367581635773017048,-7.031390693837075030525238147,-64.59068567828734681714285755,0.6481985959760299357792323310,1.2500,0,7.252399870161249776428571428,0.980595516512288172290000,0,-0.980595516512288172290000,0,False,False,3,2,1,0,0,"{""RANGING"": 2130, ""TRENDING_DOWN"": 7, ""TRENDING_UP"": 23}",100,100,100,-129.6958237394459025814285722,-129.6958237394459025814285722,-129.6958237394459025814285722,,90,30
FUTURES_LONG_BASELINE_1X,90D-15,2023-02-25T00:00:00+00:00,2023-05-25T23:59:59.999999+00:00,TRADE_EXIT_TIME,0.4349651359677612172556714311,0.4933928408234068142857142884,43.49651359677612172556714311,49.33928408234068142857142884,2,2,0,50.0,1.668096480433177268913425101,21.74825679838806086278357156,21.74825679838806086278357156,0.6440568172006314488530568400,1.203703703703703703703703704,0,4.862174969052271530714285714,0.980595516512288172290000,0,-0.980595516512288172290000,0,True,False,2,1,1,0,0,"{""RANGING"": 2136, ""TRENDING_DOWN"": 7, ""TRENDING_UP"": 17}",100,100,100,-65.10513806115855576428571469,-65.10513806115855576428571469,-65.10513806115855576428571469,RESULT_DEPENDS_ON_FEW_TRADES,90,30
FUTURES_LONG_BASELINE_1X,90D-16,2023-03-27T00:00:00+00:00,2023-06-24T23:59:59.999999+00:00,TRADE_EXIT_TIME,0,0,0,0,0,0,0,,,,,0,0,0,0,0,0,0,0,False,True,0,0,0,0,0,"{""RANGING"": 2154, ""TRENDING_UP"": 6}",0,0,0,0,0,0,,90,30
FUTURES_LONG_BASELINE_1X,90D-17,2023-04-26T00:00:00+00:00,2023-07-24T23:59:59.999999+00:00,TRADE_EXIT_TIME,0,0,0,0,0,0,0,,,,,0,0,0,0,0,0,0,0,False,True,0,0,0,0,0,"{""RANGING"": 2156, ""TRENDING_UP"": 4}",0,0,0,0,0,0,,90,30
FUTURES_LONG_BASELINE_1X,90D-18,2023-05-26T00:00:00+00:00,2023-08-23T23:59:59.999999+00:00,TRADE_EXIT_TIME,0,0,0,0,0,0,0,,,,,0,0,0,0,0,0,0,0,False,True,0,0,0,0,0,"{""RANGING"": 2151, ""TRENDING_DOWN"": 5, ""TRENDING_UP"": 4}",0,0,0,0,0,0,,90,30
FUTURES_LONG_BASELINE_1X,90D-19,2023-06-25T00:00:00+00:00,2023-09-22T23:59:59.999999+00:00,TRADE_EXIT_TIME,0,0,0,0,0,0,0,,,,,0,0,0,0,0,0,0,0,False,True,0,0,0,0,0,"{""RANGING"": 2155, ""TRENDING_DOWN"": 5}",0,0,0,0,0,0,,90,30
FUTURES_LONG_BASELINE_1X,90D-20,2023-07-25T00:00:00+00:00,2023-10-22T23:59:59.999999+00:00,TRADE_EXIT_TIME,0,0,0,0,0,0,0,,,,,0,0,0,0,0,0,0,0,False,True,0,0,0,0,0,"{""RANGING"": 2155, ""TRENDING_DOWN"": 5}",0,0,0,0,0,0,,90,30
FUTURES_LONG_BASELINE_1X,90D-21,2023-08-24T00:00:00+00:00,2023-11-21T23:59:59.999999+00:00,TRADE_EXIT_TIME,-0.6972704836279782051857142895,-0.6734466910625483428571428609,-69.72704836279782051857142895,-67.34466910625483428571428609,1,1,0,0,0E+26,-69.72704836279782051857142895,-69.72704836279782051857142895,0.6972704836279782051857142900,0.04629629629629629629629629630,0,2.382379256542986232857142857,0,0,0,0,False,False,1,1,0,0,0,"{""RANGING"": 2146, ""TRENDING_UP"": 14}",0,0,0,-69.72704836279782051857142895,-69.72704836279782051857142895,-69.72704836279782051857142895,,90,30
FUTURES_LONG_BASELINE_1X,90D-22,2023-09-23T00:00:00+00:00,2023-12-21T23:59:59.999999+00:00,TRADE_EXIT_TIME,-0.6972704836279782051857142895,-0.6734466910625483428571428609,-69.72704836279782051857142895,-67.34466910625483428571428609,1,1,0,0,0E+26,-69.72704836279782051857142895,-69.72704836279782051857142895,0.6972704836279782051857142900,0.04629629629629629629629629630,0,2.382379256542986232857142857,0,0,0,0,False,False,1,1,0,0,0,"{""RANGING"": 2146, ""TRENDING_UP"": 14}",0,0,0,-69.72704836279782051857142895,-69.72704836279782051857142895,-69.72704836279782051857142895,,90,30
FUTURES_LONG_BASELINE_1X,90D-23,2023-10-23T00:00:00+00:00,2024-01-20T23:59:59.999999+00:00,TRADE_EXIT_TIME,-1.703878442414116473000000006,-1.647562135468797800000000005,-170.3878442414116473000000006,-164.7562135468797800000000005,2,2,0,0,0E+25,-85.1939221207058236500000003,-85.1939221207058236500000003,1.703878442414116473000000010,2.175925925925925925925925926,0,4.524977853805462300000000000,1.106652840726405000000000,0,-1.106652840726405000000000,0,False,False,2,2,0,0,0,"{""RANGING"": 2135, ""TRENDING_UP"": 25}",0,0,0,-170.3878442414116473000000006,-170.3878442414116473000000006,-170.3878442414116473000000006,,90,30
FUTURES_LONG_BASELINE_1X,90D-24,2023-11-22T00:00:00+00:00,2024-02-19T23:59:59.999999+00:00,TRADE_EXIT_TIME,-1.006607958786138267814285716,-0.9741154444062494571428571441,-100.6607958786138267814285716,-97.41154444062494571428571441,1,1,0,0,0E+25,-100.6607958786138267814285716,-100.6607958786138267814285716,1.006607958786138267814285720,2.129629629629629629629629630,0,2.142598597262476067142857143,1.106652840726405000000000,0,-1.106652840726405000000000,0,False,False,1,1,0,0,0,"{""RANGING"": 2141, ""TRENDING_DOWN"": 8, ""TRENDING_UP"": 11}",0,0,0,-100.6607958786138267814285716,-100.6607958786138267814285716,-100.6607958786138267814285716,,90,30
FUTURES_LONG_BASELINE_1X,90D-25,2023-12-22T00:00:00+00:00,2024-03-20T23:59:59.999999+00:00,TRADE_EXIT_TIME,-1.006607958786138267814285716,-0.9741154444062494571428571441,-100.6607958786138267814285716,-97.41154444062494571428571441,1,1,0,0,0E+25,-100.6607958786138267814285716,-100.6607958786138267814285716,1.006607958786138267814285720,2.129629629629629629629629630,0,2.142598597262476067142857143,1.106652840726405000000000,0,-1.106652840726405000000000,0,False,False,1,1,0,0,0,"{""RANGING"": 2125, ""TRENDING_DOWN"": 24, ""TRENDING_UP"": 11}",0,0,0,-100.6607958786138267814285716,-100.6607958786138267814285716,-100.6607958786138267814285716,,90,30
FUTURES_LONG_BASELINE_1X,90D-26,2024-01-21T00:00:00+00:00,2024-04-19T23:59:59.999999+00:00,TRADE_EXIT_TIME,0,0,0,0,0,0,0,,,,,0,0,0,0,0,0,0,0,False,True,0,0,0,0,0,"{""RANGING"": 2112, ""TRENDING_DOWN"": 40, ""TRENDING_UP"": 8}",0,0,0,0,0,0,,90,30
FUTURES_LONG_BASELINE_1X,90D-27,2024-02-20T00:00:00+00:00,2024-05-19T23:59:59.999999+00:00,TRADE_EXIT_TIME,0,0,0,0,0,0,0,,,,,0,0,0,0,0,0,0,0,False,True,0,0,0,0,0,"{""RANGING"": 2111, ""TRENDING_DOWN"": 41, ""TRENDING_UP"": 8}",0,0,0,0,0,0,,90,30
FUTURES_LONG_BASELINE_1X,90D-28,2024-03-21T00:00:00+00:00,2024-06-18T23:59:59.999999+00:00,TRADE_EXIT_TIME,1.782597641695825112572548019,1.831055414506106285714285712,178.2597641695825112572548019,183.1055414506106285714285712,1,1,0,100,,178.2597641695825112572548019,178.2597641695825112572548019,0,2.777777777777777777777777778,0,2.464726215998937764285714286,2.381051065029179549888055,0,-2.381051065029179549888055,0,True,False,1,0,1,0,0,"{""RANGING"": 2108, ""TRENDING_DOWN"": 25, ""TRENDING_UP"": 27}",100,100,100,0E-25,0E-25,0E-25,RESULT_DEPENDS_ON_FEW_TRADES,90,30
FUTURES_LONG_BASELINE_1X,90D-29,2024-04-20T00:00:00+00:00,2024-07-18T23:59:59.999999+00:00,TRADE_EXIT_TIME,1.782597641695825112572548019,1.831055414506106285714285712,178.2597641695825112572548019,183.1055414506106285714285712,1,1,0,100,,178.2597641695825112572548019,178.2597641695825112572548019,0,2.777777777777777777777777778,0,2.464726215998937764285714286,2.381051065029179549888055,0,-2.381051065029179549888055,0,True,False,1,0,1,0,0,"{""RANGING"": 2126, ""TRENDING_DOWN"": 15, ""TRENDING_UP"": 19}",100,100,100,0E-25,0E-25,0E-25,RESULT_DEPENDS_ON_FEW_TRADES,90,30
FUTURES_LONG_BASELINE_1X,90D-30,2024-05-20T00:00:00+00:00,2024-08-17T23:59:59.999999+00:00,TRADE_EXIT_TIME,1.782597641695825112572548019,1.831055414506106285714285712,178.2597641695825112572548019,183.1055414506106285714285712,1,1,0,100,,178.2597641695825112572548019,178.2597641695825112572548019,0,2.777777777777777777777777778,0,2.464726215998937764285714286,2.381051065029179549888055,0,-2.381051065029179549888055,0,True,False,1,0,1,0,0,"{""HIGH_VOLATILITY"": 6, ""RANGING"": 2101, ""TRENDING_DOWN"": 34, ""TRENDING_UP"": 19}",100,100,100,0E-25,0E-25,0E-25,RESULT_DEPENDS_ON_FEW_TRADES,90,30
FUTURES_LONG_BASELINE_1X,90D-31,2024-06-19T00:00:00+00:00,2024-09-16T23:59:59.999999+00:00,TRADE_EXIT_TIME,0,0,0,0,0,0,0,,,,,0,0,0,0,0,0,0,0,False,True,0,0,0,0,0,"{""HIGH_VOLATILITY"": 6, ""RANGING"": 2112, ""TRENDING_DOWN"": 42}",0,0,0,0,0,0,,90,30
FUTURES_LONG_BASELINE_1X,90D-32,2024-07-19T00:00:00+00:00,2024-10-16T23:59:59.999999+00:00,TRADE_EXIT_TIME,0,0,0,0,0,0,0,,,,,0,0,0,0,0,0,0,0,False,True,0,0,0,0,0,"{""HIGH_VOLATILITY"": 6, ""RANGING"": 2109, ""TRENDING_DOWN"": 45}",0,0,0,0,0,0,,90,30
FUTURES_LONG_BASELINE_1X,90D-33,2024-08-18T00:00:00+00:00,2024-11-15T23:59:59.999999+00:00,TRADE_EXIT_TIME,0.6522716555855030040314154323,0.7239057492466301857142857152,65.22716555855030040314154323,72.39057492466301857142857152,2,2,0,50.0,2.101298153840610006168918622,32.61358277927515020157077162,32.61358277927515020157077162,0.5849947307993611015095269271,2.592592592592592592592592593,0,4.903348063222068819285714286,2.260061302890649349001314,0,-2.260061302890649349001314,0,True,False,2,1,1,0,0,"{""RANGING"": 2101, ""TRENDING_DOWN"": 17, ""TRENDING_UP"": 42}",100,100,100,-59.22752647053885416928696697,-59.22752647053885416928696697,-59.22752647053885416928696697,RESULT_DEPENDS_ON_FEW_TRADES,90,30
FUTURES_LONG_BASELINE_1X,90D-34,2024-09-17T00:00:00+00:00,2024-12-15T23:59:59.999999+00:00,TRADE_EXIT_TIME,0.6522716555855030040314154323,0.7239057492466301857142857152,65.22716555855030040314154323,72.39057492466301857142857152,2,2,0,50.0,2.101298153840610006168918622,32.61358277927515020157077162,32.61358277927515020157077162,0.5849947307993611015095269271,2.592592592592592592592592593,0,4.903348063222068819285714286,2.260061302890649349001314,0,-2.260061302890649349001314,0,True,False,2,1,1,0,0,"{""RANGING"": 2105, ""TRENDING_DOWN"": 13, ""TRENDING_UP"": 42}",100,100,100,-59.22752647053885416928696697,-59.22752647053885416928696697,-59.22752647053885416928696697,RESULT_DEPENDS_ON_FEW_TRADES,90,30
FUTURES_LONG_BASELINE_1X,90D-35,2024-10-17T00:00:00+00:00,2025-01-14T23:59:59.999999+00:00,TRADE_EXIT_TIME,0.6522716555855030040314154323,0.7239057492466301857142857152,65.22716555855030040314154323,72.39057492466301857142857152,2,2,0,50.0,2.101298153840610006168918622,32.61358277927515020157077162,32.61358277927515020157077162,0.5849947307993611015095269271,2.592592592592592592592592593,0,4.903348063222068819285714286,2.260061302890649349001314,0,-2.260061302890649349001314,0,True,False,2,1,1,0,0,"{""RANGING"": 2088, ""TRENDING_DOWN"": 30, ""TRENDING_UP"": 42}",100,100,100,-59.22752647053885416928696697,-59.22752647053885416928696697,-59.22752647053885416928696697,RESULT_DEPENDS_ON_FEW_TRADES,90,30
FUTURES_LONG_BASELINE_1X,90D-36,2024-11-16T00:00:00+00:00,2025-02-13T23:59:59.999999+00:00,TRADE_EXIT_TIME,0,0,0,0,0,0,0,,,,,0,0,0,0,0,0,0,0,False,True,0,0,0,0,0,"{""HIGH_VOLATILITY"": 13, ""RANGING"": 2109, ""TRENDING_DOWN"": 38}",0,0,0,0,0,0,,90,30
FUTURES_LONG_BASELINE_1X,90D-37,2024-12-16T00:00:00+00:00,2025-03-15T23:59:59.999999+00:00,TRADE_EXIT_TIME,0,0,0,0,0,0,0,,,,,0,0,0,0,0,0,0,0,False,True,0,0,0,0,0,"{""HIGH_VOLATILITY"": 13, ""RANGING"": 2064, ""TRENDING_DOWN"": 78, ""TRENDING_UP"": 5}",0,0,0,0,0,0,,90,30
FUTURES_LONG_BASELINE_1X,90D-38,2025-01-15T00:00:00+00:00,2025-04-14T23:59:59.999999+00:00,TRADE_EXIT_TIME,0,0,0,0,0,0,0,,,,,0,0,0,0,0,0,0,0,False,True,0,0,0,0,0,"{""HIGH_VOLATILITY"": 13, ""RANGING"": 2062, ""TRENDING_DOWN"": 80, ""TRENDING_UP"": 5}",0,0,0,0,0,0,,90,30
FUTURES_LONG_BASELINE_1X,90D-39,2025-02-14T00:00:00+00:00,2025-05-14T23:59:59.999999+00:00,TRADE_EXIT_TIME,3.149047563488356500219162014,3.298640102243151485714285717,314.9047563488356500219162014,329.8640102243151485714285717,5,5,0,60.0,2.675801763971656949543913347,62.98095126976713000438324028,144.1728031652184804703931838,0.9363164705293049127639412600,4.120370370370370370370370370,0,12.25159749200862280428571429,2.707656383470875745226656,0,-2.707656383470875745226656,0,True,False,5,2,3,0,0,"{""RANGING"": 2024, ""TRENDING_DOWN"": 72, ""TRENDING_UP"": 64}",37.69039335547817855209895446,100,100,125.3908067214366994976304869,-187.9128922758203246580655543,-187.9128922758203246580655543,RESULT_DEPENDS_ON_FEW_TRADES,90,30
FUTURES_LONG_BASELINE_1X,90D-40,2025-03-16T00:00:00+00:00,2025-06-13T23:59:59.999999+00:00,TRADE_EXIT_TIME,2.320032274459072870380630684,2.505901956373419700000000004,232.0032274459072870380630684,250.5901956373419700000000004,6,6,0,50.0,1.856687123366947981017933399,38.6672045743178811730105114,30.63563713114505874327002540,1.702177039578931974717501583,5.833333333333333333333333333,0,14.72501313767002775500000000,3.861955053764655206936932,0,-3.861955053764655206936932,0,True,False,6,3,3,0,0,"{""RANGING"": 2062, ""TRENDING_DOWN"": 30, ""TRENDING_UP"": 68}",37.69039335547817855209895446,100,100,42.4892778185083365137773539,-270.8144211787486876419186873,-270.8144211787486876419186873,RESULT_DEPENDS_ON_FEW_TRADES,90,30
FUTURES_LONG_BASELINE_1X,90D-41,2025-04-15T00:00:00+00:00,2025-07-13T23:59:59.999999+00:00,TRADE_EXIT_TIME,2.320032274459072870380630684,2.505901956373419700000000004,232.0032274459072870380630684,250.5901956373419700000000004,6,6,0,50.0,1.856687123366947981017933399,38.6672045743178811730105114,30.63563713114505874327002540,1.702177039578931974717501583,9.212962962962962962962962963,0,14.72501313767002775500000000,3.861955053764655206936932,0,-3.861955053764655206936932,0,True,False,7,3,3,0,0,"{""RANGING"": 2060, ""TRENDING_DOWN"": 17, ""TRENDING_UP"": 83}",37.69039335547817855209895446,100,100,42.4892778185083365137773539,-270.8144211787486876419186873,-270.8144211787486876419186873,RESULT_DEPENDS_ON_FEW_TRADES,90,30
FUTURES_LONG_BASELINE_1X,90D-42,2025-05-15T00:00:00+00:00,2025-08-12T23:59:59.999999+00:00,TRADE_EXIT_TIME,1.460636915775871702557172260,1.663772417442296828571428574,146.0636915775871702557172260,166.3772417442296828571428574,5,5,0,60.0,1.865814712025358812263584557,29.2127383155174340511434452,88.58726516047823525466904312,0.8458740444504499244518326014,12.87037037037037037037037037,0,12.68514653851733480142857142,7.628403628125177799997060,0,-7.628403628125177799997060,0,True,False,5,2,3,0,0,"{""RANGING"": 2076, ""TRENDING_DOWN"": 17, ""TRENDING_UP"": 67}",36.32731360557132700853011439,100,100,31.7181836845149349289100830,-168.7008658421931696976302761,-168.7008658421931696976302761,RESULT_DEPENDS_ON_FEW_TRADES,90,30
FUTURES_LONG_BASELINE_1X,90D-43,2025-06-14T00:00:00+00:00,2025-09-11T23:59:59.999999+00:00,TRADE_EXIT_TIME,1.637379212403073280935760734,1.837088597631771985714285717,163.7379212403073280935760734,183.7088597631771985714285717,5,5,0,60.0,2.084165849034264510876679784,32.74758424806146561871521468,88.58726516047823525466904312,0.8390167164832019490588981808,12.36111111111111111111111111,0,12.73032824764241461928571428,7.240610275227455858566784,0,-7.240610275227455858566784,0,True,False,5,2,3,0,0,"{""RANGING"": 2060, ""TRENDING_DOWN"": 15, ""TRENDING_UP"": 85}",36.32731360557132700853011439,100,100,49.3924133472350927667689304,-151.0266361794730118597714287,-151.0266361794730118597714287,RESULT_DEPENDS_ON_FEW_TRADES,90,30
FUTURES_LONG_BASELINE_1X,90D-44,2025-07-14T00:00:00+00:00,2025-10-11T23:59:59.999999+00:00,TRADE_EXIT_TIME,1.637379212403073280935760734,1.837088597631771985714285717,163.7379212403073280935760734,183.7088597631771985714285717,5,5,0,60.0,2.084165849034264510876679784,32.74758424806146561871521468,88.58726516047823525466904312,0.8390167164832019490588981808,8.981481481481481481481481481,0,12.73032824764241461928571428,7.240610275227455858566784,0,-7.240610275227455858566784,0,True,False,4,2,3,0,0,"{""RANGING"": 2079, ""TRENDING_DOWN"": 11, ""TRENDING_UP"": 70}",36.32731360557132700853011439,100,100,49.3924133472350927667689304,-151.0266361794730118597714287,-151.0266361794730118597714287,RESULT_DEPENDS_ON_FEW_TRADES,90,30
FUTURES_LONG_BASELINE_1X,90D-45,2025-08-13T00:00:00+00:00,2025-11-10T23:59:59.999999+00:00,TRADE_EXIT_TIME,-0.6522729924020820514599428548,-0.6194219656802566285714285691,-65.22729924020820514599428548,-61.94219656802566285714285691,1,1,0,0,0E+26,-65.22729924020820514599428548,-65.22729924020820514599428548,0.6522729924020820514599428500,1.203703703703703703703703704,0,2.518597354786484768571428572,0.766505317396057520280000,0,-0.766505317396057520280000,0,False,False,1,1,0,0,0,"{""RANGING"": 2108, ""TRENDING_DOWN"": 25, ""TRENDING_UP"": 27}",0,0,0,-65.22729924020820514599428548,-65.22729924020820514599428548,-65.22729924020820514599428548,,90,30
FUTURES_LONG_BASELINE_1X,90D-46,2025-09-12T00:00:00+00:00,2025-12-10T23:59:59.999999+00:00,TRADE_EXIT_TIME,-0.7662804900703131411428571440,-0.7363527485935021714285714297,-76.62804900703131411428571440,-73.63527485935021714285714297,1,1,0,0,0E+26,-76.62804900703131411428571440,-76.62804900703131411428571440,0.7662804900703131411428571400,0.7870370370370370370370370370,0,2.496444001534497651428571428,0.496330146146599320000000,0,-0.496330146146599320000000,0,False,False,1,1,0,0,0,"{""RANGING"": 2101, ""TRENDING_DOWN"": 53, ""TRENDING_UP"": 6}",0,0,0,-76.62804900703131411428571440,-76.62804900703131411428571440,-76.62804900703131411428571440,,90,30
FUTURES_LONG_BASELINE_1X,180D-1,2022-01-05T04:00:00+00:00,2022-06-29T23:59:59.999999+00:00,TRADE_EXIT_TIME,-4.163854671873598590419970013,-4.027105599152867171428571428,-416.3854671873598590419970013,-402.7105599152867171428571428,5,5,0,0,0E+25,-83.27709343747197180839940026,-81.28082207638347343843142894,4.163854671873598590419970010,4.786729857819905213270142180,0,11.36082923048731314142857143,2.620426121100408154258609,0.306348079514579396547322,-2.314078041585828757711287,0,False,False,5,5,0,0,0,"{""HIGH_VOLATILITY"": 31, ""RANGING"": 3906, ""TRENDING_DOWN"": 241, ""TRENDING_UP"": 42}",0,0,0,-416.3854671873598590419970013,-416.3854671873598590419970013,-416.3854671873598590419970013,,180,60
FUTURES_LONG_BASELINE_1X,180D-2,2022-03-02T00:00:00+00:00,2022-08-28T23:59:59.999999+00:00,TRADE_EXIT_TIME,-1.709765119692733783809366302,-1.401712304345984857142857111,-170.9765119692733783809366302,-140.1712304345984857142857111,11,11,0,27.27272727272727272727272727,0.7642682258181740260930575315,-15.54331926993394348917605729,-81.28082207638347343843142894,4.3996735329357348176180700,9.606481481481481481481481481,0,24.89536003228244114714285714,6.216269581907030916055384,0.306348079514579396547322,-5.909921502392451519508062,0,False,False,10,8,3,0,0,"{""HIGH_VOLATILITY"": 31, ""RANGING"": 3941, ""TRENDING_DOWN"": 235, ""TRENDING_UP"": 113}",33.93497503588125116879388006,100,100,-359.0864180009922100682827263,-725.3010866383875850658475529,-725.3010866383875850658475529,,180,60
FUTURES_LONG_BASELINE_1X,180D-3,2022-05-01T00:00:00+00:00,2022-10-27T23:59:59.999999+00:00,TRADE_EXIT_TIME,-0.8969568989288990494250520128,-0.6257914501967817142857142504,-89.69568989288990494250520128,-62.57914501967817142857142504,10,10,0,30.0,0.8607253609420324309135355002,-8.969568989288990494250520128,-80.0194896634220587274021016,3.586865312171900083233755710,9.606481481481481481481481481,0,22.44882835195849250428571428,4.974064600767820406195384,0.306348079514579396547322,-4.667716521253241009648062,0,False,False,11,7,3,0,0,"{""HIGH_VOLATILITY"": 31, ""RANGING"": 3907, ""TRENDING_DOWN"": 251, ""TRENDING_UP"": 131}",33.93497503588125116879388006,100,100,-277.8055959246087366298512974,-644.0202645620041116274161240,-644.0202645620041116274161240,,180,60
FUTURES_LONG_BASELINE_1X,180D-4,2022-06-30T00:00:00+00:00,2022-12-26T23:59:59.999999+00:00,TRADE_EXIT_TIME,1.016860200282789084611875137,1.249453375777806128571428601,101.6860200282789084611875137,124.9453375777806128571428601,8,8,0,37.500,1.224651698326860089711730970,12.71075250353486355764843921,-78.4729334824372269522863466,3.536724066406776634216726541,6.759259259259259259259259259,0,18.40831741587084459642857142,4.851000133630859799526775,0,-4.851000133630859799526775,0,True,False,8,5,3,0,0,"{""RANGING"": 4057, ""TRENDING_DOWN"": 154, ""TRENDING_UP"": 109}",33.93497503588125116879388006,100,100,-86.4238860034399232261585824,-452.6385546408352982237234090,-452.6385546408352982237234090,RESULT_DEPENDS_ON_FEW_TRADES,180,60
FUTURES_LONG_BASELINE_1X,180D-5,2022-08-29T00:00:00+00:00,2023-02-24T23:59:59.999999+00:00,TRADE_EXIT_TIME,-1.496245944495654145668928576,-1.441857357812894485714285718,-149.6245944495654145668928576,-144.1857357812894485714285718,2,2,0,0,0E+25,-74.8122972247827072834464288,-74.8122972247827072834464288,1.496245944495654145668928580,1.111111111111111111111111111,0,4.791815878411334665714285714,0.647042789864631329750000,0,-0.647042789864631329750000,0,False,False,2,2,0,0,0,"{""RANGING"": 4225, ""TRENDING_DOWN"": 67, ""TRENDING_UP"": 28}",0,0,0,-149.6245944495654145668928576,-149.6245944495654145668928576,-149.6245944495654145668928576,,180,60
FUTURES_LONG_BASELINE_1X,180D-6,2022-10-28T00:00:00+00:00,2023-04-25T23:59:59.999999+00:00,TRADE_EXIT_TIME,-1.061280808527892928413257145,-0.9484645169894876714285714296,-106.1280808527892928413257145,-94.84645169894876714285714296,4,4,0,25.00,0.5057597305604193641167883067,-26.53202021319732321033142862,-64.8479118697229512907142861,1.496245944495654145668928580,0.8101851851851851851851851852,0,9.653990847463606196428571428,1.627638306376919502040000,0,-1.627638306376919502040000,0,False,False,3,3,1,0,0,"{""RANGING"": 4254, ""TRENDING_DOWN"": 39, ""TRENDING_UP"": 27}",100,100,100,-214.7297325107239703311785723,-214.7297325107239703311785723,-214.7297325107239703311785723,,180,60
FUTURES_LONG_BASELINE_1X,180D-7,2022-12-27T00:00:00+00:00,2023-06-24T23:59:59.999999+00:00,TRADE_EXIT_TIME,-0.2109417208151122509157571444,-0.1286117669483768714285714300,-21.09417208151122509157571444,-12.86117669483768714285714300,3,3,0,33.33333333333333333333333333,0.8373565819367581635773017048,-7.031390693837075030525238147,-64.59068567828734681714285755,0.6481985959760299357792323310,0.62500,0,7.252399870161249776428571428,0.980595516512288172290000,0,-0.980595516512288172290000,0,False,False,3,2,1,0,0,"{""RANGING"": 4282, ""TRENDING_DOWN"": 7, ""TRENDING_UP"": 31}",100,100,100,-129.6958237394459025814285722,-129.6958237394459025814285722,-129.6958237394459025814285722,,180,60
FUTURES_LONG_BASELINE_1X,180D-8,2023-02-25T00:00:00+00:00,2023-08-23T23:59:59.999999+00:00,TRADE_EXIT_TIME,0.4349651359677612172556714311,0.4933928408234068142857142884,43.49651359677612172556714311,49.33928408234068142857142884,2,2,0,50.0,1.668096480433177268913425101,21.74825679838806086278357156,21.74825679838806086278357156,0.6440568172006314488530568400,0.6018518518518518518518518519,0,4.862174969052271530714285714,0.980595516512288172290000,0,-0.980595516512288172290000,0,True,False,2,1,1,0,0,"{""RANGING"": 4287, ""TRENDING_DOWN"": 12, ""TRENDING_UP"": 21}",100,100,100,-65.10513806115855576428571469,-65.10513806115855576428571469,-65.10513806115855576428571469,RESULT_DEPENDS_ON_FEW_TRADES,180,60
FUTURES_LONG_BASELINE_1X,180D-9,2023-04-26T00:00:00+00:00,2023-10-22T23:59:59.999999+00:00,TRADE_EXIT_TIME,0,0,0,0,0,0,0,,,,,0,0,0,0,0,0,0,0,False,True,0,0,0,0,0,"{""RANGING"": 4311, ""TRENDING_DOWN"": 5, ""TRENDING_UP"": 4}",0,0,0,0,0,0,,180,60
FUTURES_LONG_BASELINE_1X,180D-10,2023-06-25T00:00:00+00:00,2023-12-21T23:59:59.999999+00:00,TRADE_EXIT_TIME,-0.6972704836279782051857142895,-0.6734466910625483428571428609,-69.72704836279782051857142895,-67.34466910625483428571428609,1,1,0,0,0E+26,-69.72704836279782051857142895,-69.72704836279782051857142895,0.6972704836279782051857142900,0.02314814814814814814814814815,0,2.382379256542986232857142857,0,0,0,0,False,False,1,1,0,0,0,"{""RANGING"": 4301, ""TRENDING_DOWN"": 5, ""TRENDING_UP"": 14}",0,0,0,-69.72704836279782051857142895,-69.72704836279782051857142895,-69.72704836279782051857142895,,180,60
FUTURES_LONG_BASELINE_1X,180D-11,2023-08-24T00:00:00+00:00,2024-02-19T23:59:59.999999+00:00,TRADE_EXIT_TIME,-1.703878442414116473000000006,-1.647562135468797800000000005,-170.3878442414116473000000006,-164.7562135468797800000000005,2,2,0,0,0E+25,-85.1939221207058236500000003,-85.1939221207058236500000003,1.703878442414116473000000010,1.087962962962962962962962963,0,4.524977853805462300000000000,1.106652840726405000000000,0,-1.106652840726405000000000,0,False,False,2,2,0,0,0,"{""RANGING"": 4287, ""TRENDING_DOWN"": 8, ""TRENDING_UP"": 25}",0,0,0,-170.3878442414116473000000006,-170.3878442414116473000000006,-170.3878442414116473000000006,,180,60
FUTURES_LONG_BASELINE_1X,180D-12,2023-10-23T00:00:00+00:00,2024-04-19T23:59:59.999999+00:00,TRADE_EXIT_TIME,-1.703878442414116473000000006,-1.647562135468797800000000005,-170.3878442414116473000000006,-164.7562135468797800000000005,2,2,0,0,0E+25,-85.1939221207058236500000003,-85.1939221207058236500000003,1.703878442414116473000000010,1.087962962962962962962962963,0,4.524977853805462300000000000,1.106652840726405000000000,0,-1.106652840726405000000000,0,False,False,2,2,0,0,0,"{""RANGING"": 4247, ""TRENDING_DOWN"": 40, ""TRENDING_UP"": 33}",0,0,0,-170.3878442414116473000000006,-170.3878442414116473000000006,-170.3878442414116473000000006,,180,60
FUTURES_LONG_BASELINE_1X,180D-13,2023-12-22T00:00:00+00:00,2024-06-18T23:59:59.999999+00:00,TRADE_EXIT_TIME,0.7759896829096868447582623030,0.8569399700998568285714285679,77.5989682909686844758262303,85.69399700998568285714285679,2,2,0,50.0,1.770895636316493620010524932,38.79948414548434223791311515,38.79948414548434223791311515,1.006607958786138267814285720,2.453703703703703703703703704,0,4.607324813261413831428571429,3.487703905755584549888055,0,-3.487703905755584549888055,0,True,False,2,1,1,0,0,"{""RANGING"": 4233, ""TRENDING_DOWN"": 49, ""TRENDING_UP"": 38}",100,100,100,-100.6607958786138267814285716,-100.6607958786138267814285716,-100.6607958786138267814285716,RESULT_DEPENDS_ON_FEW_TRADES,180,60
FUTURES_LONG_BASELINE_1X,180D-14,2024-02-20T00:00:00+00:00,2024-08-17T23:59:59.999999+00:00,TRADE_EXIT_TIME,1.782597641695825112572548019,1.831055414506106285714285712,178.2597641695825112572548019,183.1055414506106285714285712,1,1,0,100,,178.2597641695825112572548019,178.2597641695825112572548019,0,1.388888888888888888888888889,0,2.464726215998937764285714286,2.381051065029179549888055,0,-2.381051065029179549888055,0,True,False,1,0,1,0,0,"{""HIGH_VOLATILITY"": 6, ""RANGING"": 4212, ""TRENDING_DOWN"": 75, ""TRENDING_UP"": 27}",100,100,100,0E-25,0E-25,0E-25,RESULT_DEPENDS_ON_FEW_TRADES,180,60
FUTURES_LONG_BASELINE_1X,180D-15,2024-04-20T00:00:00+00:00,2024-10-16T23:59:59.999999+00:00,TRADE_EXIT_TIME,1.782597641695825112572548019,1.831055414506106285714285712,178.2597641695825112572548019,183.1055414506106285714285712,1,1,0,100,,178.2597641695825112572548019,178.2597641695825112572548019,0,1.388888888888888888888888889,0,2.464726215998937764285714286,2.381051065029179549888055,0,-2.381051065029179549888055,0,True,False,1,0,1,0,0,"{""HIGH_VOLATILITY"": 6, ""RANGING"": 4235, ""TRENDING_DOWN"": 60, ""TRENDING_UP"": 19}",100,100,100,0E-25,0E-25,0E-25,RESULT_DEPENDS_ON_FEW_TRADES,180,60
FUTURES_LONG_BASELINE_1X,180D-16,2024-06-19T00:00:00+00:00,2024-12-15T23:59:59.999999+00:00,TRADE_EXIT_TIME,0.6522716555855030040314154323,0.7239057492466301857142857152,65.22716555855030040314154323,72.39057492466301857142857152,2,2,0,50.0,2.101298153840610006168918622,32.61358277927515020157077162,32.61358277927515020157077162,0.5849947307993611015095269271,1.296296296296296296296296296,0,4.903348063222068819285714286,2.260061302890649349001314,0,-2.260061302890649349001314,0,True,False,2,1,1,0,0,"{""HIGH_VOLATILITY"": 6, ""RANGING"": 4217, ""TRENDING_DOWN"": 55, ""TRENDING_UP"": 42}",100,100,100,-59.22752647053885416928696697,-59.22752647053885416928696697,-59.22752647053885416928696697,RESULT_DEPENDS_ON_FEW_TRADES,180,60
FUTURES_LONG_BASELINE_1X,180D-17,2024-08-18T00:00:00+00:00,2025-02-13T23:59:59.999999+00:00,TRADE_EXIT_TIME,0.6522716555855030040314154323,0.7239057492466301857142857152,65.22716555855030040314154323,72.39057492466301857142857152,2,2,0,50.0,2.101298153840610006168918622,32.61358277927515020157077162,32.61358277927515020157077162,0.5849947307993611015095269271,1.296296296296296296296296296,0,4.903348063222068819285714286,2.260061302890649349001314,0,-2.260061302890649349001314,0,True,False,2,1,1,0,0,"{""HIGH_VOLATILITY"": 13, ""RANGING"": 4210, ""TRENDING_DOWN"": 55, ""TRENDING_UP"": 42}",100,100,100,-59.22752647053885416928696697,-59.22752647053885416928696697,-59.22752647053885416928696697,RESULT_DEPENDS_ON_FEW_TRADES,180,60
FUTURES_LONG_BASELINE_1X,180D-18,2024-10-17T00:00:00+00:00,2025-04-14T23:59:59.999999+00:00,TRADE_EXIT_TIME,0.6522716555855030040314154323,0.7239057492466301857142857152,65.22716555855030040314154323,72.39057492466301857142857152,2,2,0,50.0,2.101298153840610006168918622,32.61358277927515020157077162,32.61358277927515020157077162,0.5849947307993611015095269271,1.296296296296296296296296296,0,4.903348063222068819285714286,2.260061302890649349001314,0,-2.260061302890649349001314,0,True,False,2,1,1,0,0,"{""HIGH_VOLATILITY"": 13, ""RANGING"": 4150, ""TRENDING_DOWN"": 110, ""TRENDING_UP"": 47}",100,100,100,-59.22752647053885416928696697,-59.22752647053885416928696697,-59.22752647053885416928696697,RESULT_DEPENDS_ON_FEW_TRADES,180,60
FUTURES_LONG_BASELINE_1X,180D-19,2024-12-16T00:00:00+00:00,2025-06-13T23:59:59.999999+00:00,TRADE_EXIT_TIME,2.320032274459072870380630684,2.505901956373419700000000004,232.0032274459072870380630684,250.5901956373419700000000004,6,6,0,50.0,1.856687123366947981017933399,38.6672045743178811730105114,30.63563713114505874327002540,1.702177039578931974717501583,2.916666666666666666666666667,0,14.72501313767002775500000000,3.861955053764655206936932,0,-3.861955053764655206936932,0,True,False,6,3,3,0,0,"{""HIGH_VOLATILITY"": 13, ""RANGING"": 4126, ""TRENDING_DOWN"": 108, ""TRENDING_UP"": 73}",37.69039335547817855209895446,100,100,42.4892778185083365137773539,-270.8144211787486876419186873,-270.8144211787486876419186873,RESULT_DEPENDS_ON_FEW_TRADES,180,60
FUTURES_LONG_BASELINE_1X,180D-20,2025-02-14T00:00:00+00:00,2025-08-12T23:59:59.999999+00:00,TRADE_EXIT_TIME,4.609684479264228202776334273,4.962412519685448314285714290,460.9684479264228202776334273,496.2412519685448314285714290,10,10,0,60.0,2.292626651195760743119508344,46.09684479264228202776334273,100.2095247633540523132701796,1.702177039578931974717501583,8.495370370370370370370370370,0,24.93674403052595760571428571,10.336060011596053545223716,0,-10.336060011596053545223716,0,True,False,10,4,6,0,0,"{""RANGING"": 4100, ""TRENDING_DOWN"": 89, ""TRENDING_UP"": 131}",23.17980359972495537229489949,61.50056164472437057983957877,89.16472686103647427091159081,271.4544982990238697533477128,-41.8492006982331544023483284,-268.0264929575352591010267874,RESULT_DEPENDS_ON_FEW_TRADES,180,60
FUTURES_LONG_BASELINE_1X,180D-21,2025-04-15T00:00:00+00:00,2025-10-11T23:59:59.999999+00:00,TRADE_EXIT_TIME,3.957411486862146151316391418,4.342990554005191685714285721,395.7411486862146151316391418,434.2990554005191685714285721,11,11,0,54.54545454545454545454545455,1.938128571847753083392363183,35.97646806238314683014901289,88.58726516047823525466904312,1.702177039578931974717501583,9.097222222222222222222222222,0,27.45534138531244237428571428,11.102565328992111065503716,0,-11.102565328992111065503716,0,True,False,11,5,6,0,0,"{""RANGING"": 4139, ""TRENDING_DOWN"": 28, ""TRENDING_UP"": 153}",23.17980359972495537229489949,61.50056164472437057983957877,89.16472686103647427091159081,206.2271990588156646073534273,-107.0764999384413595483426139,-333.2537921977434642470210729,RESULT_DEPENDS_ON_FEW_TRADES,180,60
FUTURES_LONG_BASELINE_1X,180D-22,2025-06-14T00:00:00+00:00,2025-12-10T23:59:59.999999+00:00,TRADE_EXIT_TIME,0.8710987223327601397929035900,1.100735849038269814285714287,87.10987223327601397929035900,110.0735849038269814285714287,6,6,0,50.0,1.382640366755078773306019903,14.51831203887933566321505983,11.67998296013501505433737882,1.386800572585930907036061846,6.574074074074074074074074074,0,15.22677224917691227071428571,7.736940421374055178566784,0,-7.736940421374055178566784,0,True,False,6,3,3,0,0,"{""RANGING"": 4161, ""TRENDING_DOWN"": 68, ""TRENDING_UP"": 91}",36.32731360557132700853011439,100,100,-27.23563565979622134751678400,-227.6546851865043259740571431,-227.6546851865043259740571431,RESULT_DEPENDS_ON_FEW_TRADES,180,60
FUTURES_LONG_BASELINE_1X,365D-1,2022-01-05T04:00:00+00:00,2022-12-31T23:59:59.999999+00:00,TRADE_EXIT_TIME,-3.146994471590809505808094876,-2.777652223375061042857142827,-314.6994471590809505808094876,-277.7652223375061042857142827,13,13,0,23.07692307692307692307692308,0.6378702553042928490903554412,-24.20764978146776542929303751,-81.28082207638347343843142894,4.986563797121029862119298570,5.704387990762124711316397229,0,29.76914664635815773785714285,7.471426254731267953785384,0.306348079514579396547322,-7.165078175216688557238062,0,False,False,13,10,3,0,0,"{""HIGH_VOLATILITY"": 31, ""RANGING"": 8083, ""TRENDING_DOWN"": 395, ""TRENDING_UP"": 151}",33.93497503588125116879388006,100,100,-502.8093531907997822681555837,-869.0240218281951572657204103,-869.0240218281951572657204103,,365,90
FUTURES_LONG_BASELINE_1X,365D-2,2022-04-01T00:00:00+00:00,2023-03-31T23:59:59.999999+00:00,TRADE_EXIT_TIME,-1.958237707456791977838309157,-1.574255967186269385714285680,-195.8237707456791977838309157,-157.4255967186269385714285680,14,14,0,28.57142857142857142857142857,0.7719664961709516507537800085,-13.98741219611994269884506541,-76.2215106211161585097555919,4.266121707544614150667186122,5.136986301369863013698630137,0,32.10281919942209870071428571,6.601702907144739908235384,0.306348079514579396547322,-6.295354827630160511688062,0,False,False,14,10,4,0,0,"{""HIGH_VOLATILITY"": 31, ""RANGING"": 8272, ""TRENDING_DOWN"": 301, ""TRENDING_UP"": 156}",28.37569228086572135492949653,83.61783749910702766087491986,100,-383.9336767773980294711770118,-750.1483454147934044687418384,-858.7499970727280819585946962,,365,90
FUTURES_LONG_BASELINE_1X,365D-3,2022-06-30T00:00:00+00:00,2023-06-29T23:59:59.999999+00:00,TRADE_EXIT_TIME,0.8059184794676768336961179931,1.120841608829429257142857171,80.59184794676768336961179931,112.0841608829429257142857171,11,11,0,36.36363636363636363636363636,1.138394453322381174060453857,7.326531631524334851782890846,-65.10513806115855576428571469,4.153515077627216262402166618,3.641552511415525114155251142,0,25.66071728603209437285714285,5.831595650143147971816775,0,-5.831595650143147971816775,0,True,False,11,7,4,0,0,"{""RANGING"": 8459, ""TRENDING_DOWN"": 161, ""TRENDING_UP"": 140}",28.37569228086572135492949653,83.61783749910702766087491986,100,-107.5180580849511483177342968,-473.7327267223465233152991234,-582.3343783802812008051519812,RESULT_DEPENDS_ON_FEW_TRADES,365,90
FUTURES_LONG_BASELINE_1X,365D-4,2022-09-28T00:00:00+00:00,2023-09-27T23:59:59.999999+00:00,TRADE_EXIT_TIME,-1.061280808527892928413257145,-0.9484645169894876714285714296,-106.1280808527892928413257145,-94.84645169894876714285714296,4,4,0,25.00,0.5057597305604193641167883067,-26.53202021319732321033142862,-64.8479118697229512907142861,1.496245944495654145668928580,0.8447488584474885844748858447,0,9.653990847463606196428571428,1.627638306376919502040000,0,-1.627638306376919502040000,0,False,False,4,3,1,0,0,"{""RANGING"": 8667, ""TRENDING_DOWN"": 44, ""TRENDING_UP"": 49}",100,100,100,-214.7297325107239703311785723,-214.7297325107239703311785723,-214.7297325107239703311785723,,365,90
FUTURES_LONG_BASELINE_1X,365D-5,2022-12-27T00:00:00+00:00,2023-12-26T23:59:59.999999+00:00,TRADE_EXIT_TIME,-0.9082122044430904561014714339,-0.8020584580109252142857142909,-90.82122044430904561014714339,-80.20584580109252142857142909,4,4,0,25.00,0.5445797190317007343636082382,-22.70530511107726140253678585,-64.8479118697229512907142861,1.342413771556505420473931029,0.3196347031963470319634703196,0,9.634779126704236009285714285,0.980595516512288172290000,0,-0.980595516512288172290000,0,False,False,4,3,1,0,0,"{""RANGING"": 8703, ""TRENDING_DOWN"": 12, ""TRENDING_UP"": 45}",100,100,100,-199.4228721022437231000000012,-199.4228721022437231000000012,-199.4228721022437231000000012,,365,90
FUTURES_LONG_BASELINE_1X,365D-6,2023-03-27T00:00:00+00:00,2024-03-25T23:59:59.999999+00:00,TRADE_EXIT_TIME,-1.703878442414116473000000006,-1.647562135468797800000000005,-170.3878442414116473000000006,-164.7562135468797800000000005,2,2,0,0,0E+25,-85.1939221207058236500000003,-85.1939221207058236500000003,1.703878442414116473000000010,0.5365296803652968036529680365,0,4.524977853805462300000000000,1.106652840726405000000000,0,-1.106652840726405000000000,0,False,False,2,2,0,0,0,"{""RANGING"": 8700, ""TRENDING_DOWN"": 29, ""TRENDING_UP"": 31}",0,0,0,-170.3878442414116473000000006,-170.3878442414116473000000006,-170.3878442414116473000000006,,365,90
FUTURES_LONG_BASELINE_1X,365D-7,2023-06-25T00:00:00+00:00,2024-06-23T23:59:59.999999+00:00,TRADE_EXIT_TIME,0.07871919928170863957254801300,0.1834932790373084857142857070,7.8719199281708639572548013,18.3493279037308485714285707,3,3,0,33.33333333333333333333333333,1.046200008945577383398478997,2.623973309390287985751600433,-69.72704836279782051857142895,1.703878442414116473000000010,1.221461187214611872146118721,0,6.989704069804400064285714286,3.487703905755584549888055,0,-3.487703905755584549888055,0,True,False,3,2,1,0,0,"{""RANGING"": 8654, ""TRENDING_DOWN"": 54, ""TRENDING_UP"": 52}",100,100,100,-170.3878442414116473000000006,-170.3878442414116473000000006,-170.3878442414116473000000006,RESULT_DEPENDS_ON_FEW_TRADES,365,90
FUTURES_LONG_BASELINE_1X,365D-8,2023-09-23T00:00:00+00:00,2024-09-21T23:59:59.999999+00:00,TRADE_EXIT_TIME,0.07871919928170863957254801300,0.1834932790373084857142857070,7.8719199281708639572548013,18.3493279037308485714285707,3,3,0,33.33333333333333333333333333,1.046200008945577383398478997,2.623973309390287985751600433,-69.72704836279782051857142895,1.703878442414116473000000010,1.221461187214611872146118721,0,6.989704069804400064285714286,3.487703905755584549888055,0,-3.487703905755584549888055,0,True,False,3,2,1,0,0,"{""HIGH_VOLATILITY"": 6, ""RANGING"": 8611, ""TRENDING_DOWN"": 91, ""TRENDING_UP"": 52}",100,100,100,-170.3878442414116473000000006,-170.3878442414116473000000006,-170.3878442414116473000000006,RESULT_DEPENDS_ON_FEW_TRADES,365,90
FUTURES_LONG_BASELINE_1X,365D-9,2023-12-22T00:00:00+00:00,2024-12-20T23:59:59.999999+00:00,TRADE_EXIT_TIME,1.428261338495189848789677735,1.580845719346487014285714283,142.8261338495189848789677735,158.0845719346487014285714283,4,4,0,50.0,1.893286837656758263140218764,35.70653346237974621974194338,32.61358277927515020157077162,1.006607958786138267814285720,1.849315068493150684931506849,0,9.510672876483482650714285715,5.747765208646233898889369,0,-5.747765208646233898889369,0,True,False,4,2,2,0,0,"{""HIGH_VOLATILITY"": 6, ""RANGING"": 8553, ""TRENDING_DOWN"": 121, ""TRENDING_UP"": 80}",58.88709987890057320852018007,100,100,-35.4336303200635263782870284,-159.8883223491526809507155386,-159.8883223491526809507155386,RESULT_DEPENDS_ON_FEW_TRADES,365,90
FUTURES_LONG_BASELINE_1X,365D-10,2024-03-21T00:00:00+00:00,2025-03-20T23:59:59.999999+00:00,TRADE_EXIT_TIME,2.434869297281328116603963451,2.554961163752736471428571427,243.4869297281328116603963451,255.4961163752736471428571427,3,3,0,66.66666666666666666666666667,5.111043365102354219639107255,81.1623099093776038867987817,124.4546920290891545724285102,0.5748730271264032045681439348,1.324200913242009132420091324,0,7.368074279221006583571428572,4.641112367919828898889369,0,-4.641112367919828898889369,0,True,False,3,1,2,0,0,"{""HIGH_VOLATILITY"": 19, ""RANGING"": 8509, ""TRENDING_DOWN"": 158, ""TRENDING_UP"": 74}",58.88709987890057320852018007,100,100,65.2271655585503004031415432,-59.2275264705388541692869670,-59.2275264705388541692869670,RESULT_DEPENDS_ON_FEW_TRADES,365,90
FUTURES_LONG_BASELINE_1X,365D-11,2024-06-19T00:00:00+00:00,2025-06-18T23:59:59.999999+00:00,TRADE_EXIT_TIME,2.972303930044575874412046116,3.229807705620049885714285719,297.2303930044575874412046116,322.9807705620049885714285719,8,8,0,50.0,1.900583683745265935020558601,37.15379912555719843015057645,32.61358277927515020157077162,1.691577096479590120453290905,2.077625570776255707762557078,0,19.62836120089209657428571428,6.122016356655304555938246,0,-6.122016356655304555938246,0,True,False,8,4,4,0,0,"{""HIGH_VOLATILITY"": 19, ""RANGING"": 8463, ""TRENDING_DOWN"": 163, ""TRENDING_UP"": 115}",30.21238740255738670849060714,80.15938469415340418218533469,100,107.7164433770586369169188971,-205.5872556201983872387771441,-330.0419476492875418112056543,RESULT_DEPENDS_ON_FEW_TRADES,365,90
FUTURES_LONG_BASELINE_1X,365D-12,2024-09-17T00:00:00+00:00,2025-09-16T23:59:59.999999+00:00,TRADE_EXIT_TIME,4.609683142447649155347806850,5.066896303251821871428571436,460.9683142447649155347806850,506.6896303251821871428571436,13,13,0,53.84615384615384615384615385,1.958217455349047573747939505,35.45910109575114734882928346,88.58726516047823525466904312,1.691577096479590120453290905,5.125570776255707762557077626,0,32.35868944853451119357142856,13.362626631882760414505030,0,-13.362626631882760414505030,0,True,False,13,6,7,0,0,"{""HIGH_VOLATILITY"": 13, ""RANGING"": 8411, ""TRENDING_DOWN"": 136, ""TRENDING_UP"": 200}",20.11746567623378691622411936,53.37557898771512130175333752,78.72492575008824054995567828,271.4543646173659650104949705,-41.8493343798910591452010707,-280.6495343020524490444367239,RESULT_DEPENDS_ON_FEW_TRADES,365,90
FUTURES_LONG_BASELINE_1X,365D-13,2024-12-16T00:00:00+00:00,2025-12-15T23:59:59.999999+00:00,TRADE_EXIT_TIME,3.191130996791833010173534274,3.606637805411689514285714291,319.1130996791833010173534274,360.6637805411689514285714291,12,12,0,50.0,1.640186313663646229413471970,26.59275830659860841811278562,11.67998296013501505433737882,1.702177039578931974717501583,4.680365296803652968036529680,0,29.95178538684694002571428571,11.598895475138710385503716,0,-11.598895475138710385503716,0,True,False,12,6,6,0,0,"{""HIGH_VOLATILITY"": 13, ""RANGING"": 8407, ""TRENDING_DOWN"": 176, ""TRENDING_UP"": 164}",23.17980359972495537229489949,61.50056164472437057983957877,89.16472686103647427091159081,129.5991500517843504930677129,-183.7045489454726736626283283,-409.8818412047747783613067873,RESULT_DEPENDS_ON_FEW_TRADES,365,90
FUTURES_SHORT_MIRRORED_1X,90D-1,2022-01-05T04:00:00+00:00,2022-03-31T23:59:59.999999+00:00,TRADE_EXIT_TIME,4.258523200890749290175545125,4.460388676014184428571428572,425.8523200890749290175545125,446.0388676014184428571428572,10,0,10,50.0,1.885614038630505949680369762,42.58523200890749290175545125,34.37862375305112072038369984,4.467410238590205266083861155,0,14.61165048543689320388349515,22.37239802143851310857142858,0.273073915664193557357580,2.458924424759192826340664,2.185850509094999268983084,0,True,False,10,5,5,0,0,"{""RANGING"": 1939, ""TRENDING_DOWN"": 101, ""TRENDING_UP"": 20}",22.65729578189614100857044488,65.65294955449237548682998549,100,220.4168630874185469636463170,-169.4280622242771361634066984,-480.8554308235713839793213512,RESULT_DEPENDS_ON_FEW_TRADES,90,30
FUTURES_SHORT_MIRRORED_1X,90D-2,2022-01-31T00:00:00+00:00,2022-04-30T23:59:59.999999+00:00,TRADE_EXIT_TIME,-3.026714283413663374684728281,-2.878013753389984614285714294,-302.6714283413663374684728281,-287.8013753389984614285714294,6,0,6,16.66666666666666666666666667,0.3209853000087431137982093300,-50.44523805689438957807880468,-84.59057685043020976300000005,3.026714283413663374684728290,0,5.925925925925925925925925926,15.35201293594776626071428571,0.448537283305783011383085,0.930497216885673232195972,0.481959933579890220812887,0,False,False,6,5,1,0,0,"{""RANGING"": 2103, ""TRENDING_DOWN"": 37, ""TRENDING_UP"": 20}",100,100,100,-445.7509216593743677452011425,-445.7509216593743677452011425,-445.7509216593743677452011425,,90,30
FUTURES_SHORT_MIRRORED_1X,90D-3,2022-03-02T00:00:00+00:00,2022-05-30T23:59:59.999999+00:00,TRADE_EXIT_TIME,-1.110123038572427750799981889,-0.9707543648024020857142857250,-111.0123038572427750799981889,-97.0754364802402085714285725,6,0,6,33.33333333333333333333333333,0.7222892722402812054664337866,-18.50205064287379584666636482,-92.65855756442067235176297115,2.505075478730495483950461180,0,6.574074074074074074074074074,14.92010306975731574428571428,0.372894934750149116005722,1.356130627504898351721820,0.983235692754749235716098,0,False,False,7,4,2,0,0,"{""HIGH_VOLATILITY"": 21, ""RANGING"": 2073, ""TRENDING_DOWN"": 65, ""TRENDING_UP"": 1}",50.44496699003656680952290386,100,100,-256.6612900243372188977776129,-399.7407833423452491745059273,-399.7407833423452491745059273,,90,30
FUTURES_SHORT_MIRRORED_1X,90D-4,2022-04-01T00:00:00+00:00,2022-06-29T23:59:59.999999+00:00,TRADE_EXIT_TIME,1.241096227629112469648274794,1.563070540006212214285714279,124.1096227629112469648274794,156.3070540006212214285714279,15,0,15,40.0,1.131666840495035066421112119,8.273974850860749797655165293,-94.40504177956247291324022762,2.540917971752508053567265040,0,9.675925925925925925925925926,30.34509395962050274928571430,2.550900984215115012308882,0.698563706125643297850648,-1.852337278089471714458234,0,True,False,17,9,6,0,0,"{""HIGH_VOLATILITY"": 31, ""RANGING"": 1967, ""TRENDING_DOWN"": 140, ""TRENDING_UP"": 22}",19.00597120315616985442035411,56.68413613996230894723408349,88.85428692052051237321553522,-78.6295633958130608111725207,-480.5474876939271972107601072,-823.7107029875891336575395312,RESULT_DEPENDS_ON_FEW_TRADES,90,30
FUTURES_SHORT_MIRRORED_1X,90D-5,2022-05-01T00:00:00+00:00,2022-07-29T23:59:59.999999+00:00,TRADE_EXIT_TIME,1.998923777526147660644601863,2.382315149064663185714285722,199.8923777526147660644601863,238.2315149064663185714285722,17,0,17,41.17647058823529411764705882,1.192910228036623460945630897,11.75837516191851565085059919,-98.81760099339496746428571540,3.137161979170221622018961052,0,11.66666666666666666666666667,35.47731029632772699071428572,4.175673405678367306318045,1.313846548154541790063945,-2.861826857523825516254100,0,True,False,18,10,7,0,0,"{""HIGH_VOLATILITY"": 31, ""RANGING"": 1849, ""TRENDING_DOWN"": 176, ""TRENDING_UP"": 104}",16.40170350820816743177174189,48.91706846489268571734834280,78.59843606915493581953680984,-2.8468084061095417115398138,-404.7647327042236781111274003,-771.6520081115971291643885135,RESULT_DEPENDS_ON_FEW_TRADES,90,30
FUTURES_SHORT_MIRRORED_1X,90D-6,2022-05-31T00:00:00+00:00,2022-08-28T23:59:59.999999+00:00,TRADE_EXIT_TIME,2.523591272702349016557211395,2.936498790972029928571428593,252.3591272702349016557211395,293.6498790972029928571428593,17,0,17,41.17647058823529411764705882,1.250709151219948669977175354,14.84465454530793539151300821,-74.44889978734324317895885689,3.270668305509046815715839372,0,15.13888888888888888888888889,36.22503553461166683357142859,5.680999134385322860063588,0.615282842028898492213297,-5.065716292356424367850291,0,True,False,17,10,7,0,0,"{""HIGH_VOLATILITY"": 10, ""RANGING"": 1868, ""TRENDING_DOWN"": 170, ""TRENDING_UP"": 112}",16.10395473051517470920147139,48.02905111130150282932498213,77.17159718888496987742036982,49.6199411115105938797211394,-352.2979831866035425198664471,-719.1852585939769935731275603,RESULT_DEPENDS_ON_FEW_TRADES,90,30
FUTURES_SHORT_MIRRORED_1X,90D-7,2022-06-30T00:00:00+00:00,2022-09-27T23:59:59.999999+00:00,TRADE_EXIT_TIME,-0.9003113774191822679007112392,-0.6423487147685959571428571199,-90.03113774191822679007112392,-64.23487147685959571428571199,9,0,9,33.33333333333333333333333333,0.8389450618720228282490375804,-10.00345974910202519889679155,-74.44889978734324317895885689,2.902984654070692601567500101,0,12.31481481481481481481481481,23.52643774914539454785714285,4.045677699207070470231634,1.775849183293833942303365,-2.269828515913236527928269,0,False,False,8,6,3,0,0,"{""RANGING"": 1947, ""TRENDING_DOWN"": 122, ""TRENDING_UP"": 91}",36.11537123970853197047103917,100,100,-259.4041840227241852143322371,-559.0088623695465556001365899,-559.0088623695465556001365899,,90,30
FUTURES_SHORT_MIRRORED_1X,90D-8,2022-07-30T00:00:00+00:00,2022-10-27T23:59:59.999999+00:00,TRADE_EXIT_TIME,0.1950322239721959881382211148,0.3350930033517150285714285811,19.50322239721959881382211148,33.50930033517150285714285811,5,0,5,40.0,1.069629136096774571178726027,3.900644479443919762764422296,-74.44889978734324317895885689,1.817486052880731899642199170,0,8.472222222222222222222222222,13.11506222141666984857142857,2.051582057800169644839386,1.160566341264935450090068,-0.891015716535234194749318,0,True,False,5,3,2,0,0,"{""RANGING"": 2058, ""TRENDING_DOWN"": 75, ""TRENDING_UP"": 27}",56.24184367001331763751077054,100,100,-148.9999724266464794161778883,-280.1014559496027715719822413,-280.1014559496027715719822413,RESULT_DEPENDS_ON_FEW_TRADES,90,30
FUTURES_SHORT_MIRRORED_1X,90D-9,2022-08-29T00:00:00+00:00,2022-11-26T23:59:59.999999+00:00,TRADE_EXIT_TIME,-0.7099744360152429026168255268,-0.5601703685605282000000000079,-70.99744360152429026168255268,-56.01703685605282000000000079,6,0,6,33.33333333333333333333333333,0.8226270657135023589627735398,-11.83290726692071504361375878,-91.38817873304147574052916655,2.014220709911495597418173613,0,5.370370370370370370370370370,13.30349187772459229000000000,3.037013843603792636772620,1.360098975856914665090068,-1.676914867746877971682552,0,False,False,6,4,2,0,0,"{""RANGING"": 2081, ""TRENDING_DOWN"": 61, ""TRENDING_UP"": 18}",60.18476797107021994426276926,100,100,-269.1706543154315364971111237,-400.2721378383878286529154767,-400.2721378383878286529154767,,90,30
FUTURES_SHORT_MIRRORED_1X,90D-10,2022-09-28T00:00:00+00:00,2022-12-26T23:59:59.999999+00:00,TRADE_EXIT_TIME,-1.846530179250227744713859380,-1.723932005382316042857142869,-184.6530179250227744713859380,-172.3932005382316042857142869,5,0,5,20.0,0.5176583940407545896043279893,-36.9306035850045548942771876,-87.48602886913558320101569938,2.716254598053443862713637538,0,5.370370370370370370370370370,10.70512532645426642214285714,2.494329229317079130301414,0.939637168980175366772620,-1.554692060336903763528794,0,False,False,5,4,1,0,0,"{""RANGING"": 2110, ""TRENDING_DOWN"": 32, ""TRENDING_UP"": 18}",100,100,100,-382.8262286389300207068145090,-382.8262286389300207068145090,-382.8262286389300207068145090,,90,30
FUTURES_SHORT_MIRRORED_1X,90D-11,2022-10-28T00:00:00+00:00,2023-01-25T23:59:59.999999+00:00,TRADE_EXIT_TIME,-1.846530179250227744713859380,-1.723932005382316042857142869,-184.6530179250227744713859380,-172.3932005382316042857142869,5,0,5,20.0,0.5176583940407545896043279893,-36.9306035850045548942771876,-87.48602886913558320101569938,2.716254598053443862713637538,0,5.370370370370370370370370370,10.70512532645426642214285714,2.494329229317079130301414,0.939637168980175366772620,-1.554692060336903763528794,0,False,False,5,4,1,0,0,"{""RANGING"": 2124, ""TRENDING_DOWN"": 32, ""TRENDING_UP"": 4}",100,100,100,-382.8262286389300207068145090,-382.8262286389300207068145090,-382.8262286389300207068145090,,90,30
FUTURES_SHORT_MIRRORED_1X,90D-12,2022-11-27T00:00:00+00:00,2023-02-24T23:59:59.999999+00:00,TRADE_EXIT_TIME,-0.7784441939748956033394166603,-0.7595826425301982857142857174,-77.84441939748956033394166603,-75.95826425301982857142857174,1,0,1,0,0E+26,-77.84441939748956033394166603,-77.84441939748956033394166603,0.7784441939748956033394166600,0,3.564814814814814814814814815,2.626259678857927914285714286,0,0.740104534388196151772620,0.740104534388196151772620,0,False,False,1,1,0,0,0,"{""RANGING"": 2144, ""TRENDING_DOWN"": 6, ""TRENDING_UP"": 10}",0,0,0,-77.84441939748956033394166603,-77.84441939748956033394166603,-77.84441939748956033394166603,,90,30
FUTURES_SHORT_MIRRORED_1X,90D-13,2022-12-27T00:00:00+00:00,2023-03-26T23:59:59.999999+00:00,TRADE_EXIT_TIME,-0.9200008485714502112286970706,-0.8944595216602631142857142935,-92.00008485714502112286970706,-89.44595216602631142857142935,1,0,1,0,0E+26,-92.00008485714502112286970706,-92.00008485714502112286970706,0.9200008485714502112286970700,0,0.7870370370370370370370370370,2.613542410032003955714285714,0,0.059409718913294261416008,0.059409718913294261416008,0,False,False,1,1,0,0,0,"{""RANGING"": 2128, ""TRENDING_DOWN"": 7, ""TRENDING_UP"": 25}",0,0,0,-92.00008485714502112286970706,-92.00008485714502112286970706,-92.00008485714502112286970706,,90,30
FUTURES_SHORT_MIRRORED_1X,90D-14,2023-01-26T00:00:00+00:00,2023-04-25T23:59:59.999999+00:00,TRADE_EXIT_TIME,-0.9200008485714502112286970706,-0.8944595216602631142857142935,-92.00008485714502112286970706,-89.44595216602631142857142935,1,0,1,0,0E+26,-92.00008485714502112286970706,-92.00008485714502112286970706,0.9200008485714502112286970700,0,0.7870370370370370370370370370,2.613542410032003955714285714,0,0.059409718913294261416008,0.059409718913294261416008,0,False,False,1,1,0,0,0,"{""RANGING"": 2130, ""TRENDING_DOWN"": 7, ""TRENDING_UP"": 23}",0,0,0,-92.00008485714502112286970706,-92.00008485714502112286970706,-92.00008485714502112286970706,,90,30
FUTURES_SHORT_MIRRORED_1X,90D-15,2023-02-25T00:00:00+00:00,2023-05-25T23:59:59.999999+00:00,TRADE_EXIT_TIME,-0.9200008485714502112286970706,-0.8944595216602631142857142935,-92.00008485714502112286970706,-89.44595216602631142857142935,1,0,1,0,0E+26,-92.00008485714502112286970706,-92.00008485714502112286970706,0.9200008485714502112286970700,0,0.7870370370370370370370370370,2.613542410032003955714285714,0,0.059409718913294261416008,0.059409718913294261416008,0,False,False,1,1,0,0,0,"{""RANGING"": 2136, ""TRENDING_DOWN"": 7, ""TRENDING_UP"": 17}",0,0,0,-92.00008485714502112286970706,-92.00008485714502112286970706,-92.00008485714502112286970706,,90,30
FUTURES_SHORT_MIRRORED_1X,90D-16,2023-03-27T00:00:00+00:00,2023-06-24T23:59:59.999999+00:00,TRADE_EXIT_TIME,0,0,0,0,0,0,0,,,,,0,0,0,0,0,0,0,0,False,True,0,0,0,0,0,"{""RANGING"": 2154, ""TRENDING_UP"": 6}",0,0,0,0,0,0,,90,30
FUTURES_SHORT_MIRRORED_1X,90D-17,2023-04-26T00:00:00+00:00,2023-07-24T23:59:59.999999+00:00,TRADE_EXIT_TIME,0,0,0,0,0,0,0,,,,,0,0,0,0,0,0,0,0,False,True,0,0,0,0,0,"{""RANGING"": 2156, ""TRENDING_UP"": 4}",0,0,0,0,0,0,,90,30
FUTURES_SHORT_MIRRORED_1X,90D-18,2023-05-26T00:00:00+00:00,2023-08-23T23:59:59.999999+00:00,TRADE_EXIT_TIME,-0.5404198403974956929714285780,-0.5093853706193492571428571494,-54.04198403974956929714285780,-50.93853706193492571428571494,1,0,1,0,0E+26,-54.04198403974956929714285780,-54.04198403974956929714285780,0.5404198403974956929714285800,0,1.018518518518518518518518519,2.571288685865091342857142858,0.532158291949552240000000,0,-0.532158291949552240000000,0,False,False,1,1,0,0,0,"{""RANGING"": 2151, ""TRENDING_DOWN"": 5, ""TRENDING_UP"": 4}",0,0,0,-54.04198403974956929714285780,-54.04198403974956929714285780,-54.04198403974956929714285780,,90,30
FUTURES_SHORT_MIRRORED_1X,90D-19,2023-06-25T00:00:00+00:00,2023-09-22T23:59:59.999999+00:00,TRADE_EXIT_TIME,-0.5404198403974956929714285780,-0.5093853706193492571428571494,-54.04198403974956929714285780,-50.93853706193492571428571494,1,0,1,0,0E+26,-54.04198403974956929714285780,-54.04198403974956929714285780,0.5404198403974956929714285800,0,1.018518518518518518518518519,2.571288685865091342857142858,0.532158291949552240000000,0,-0.532158291949552240000000,0,False,False,1,1,0,0,0,"{""RANGING"": 2155, ""TRENDING_DOWN"": 5}",0,0,0,-54.04198403974956929714285780,-54.04198403974956929714285780,-54.04198403974956929714285780,,90,30
FUTURES_SHORT_MIRRORED_1X,90D-20,2023-07-25T00:00:00+00:00,2023-10-22T23:59:59.999999+00:00,TRADE_EXIT_TIME,-0.5404198403974956929714285780,-0.5093853706193492571428571494,-54.04198403974956929714285780,-50.93853706193492571428571494,1,0,1,0,0E+26,-54.04198403974956929714285780,-54.04198403974956929714285780,0.5404198403974956929714285800,0,1.018518518518518518518518519,2.571288685865091342857142858,0.532158291949552240000000,0,-0.532158291949552240000000,0,False,False,1,1,0,0,0,"{""RANGING"": 2155, ""TRENDING_DOWN"": 5}",0,0,0,-54.04198403974956929714285780,-54.04198403974956929714285780,-54.04198403974956929714285780,,90,30
FUTURES_SHORT_MIRRORED_1X,90D-21,2023-08-24T00:00:00+00:00,2023-11-21T23:59:59.999999+00:00,TRADE_EXIT_TIME,0,0,0,0,0,0,0,,,,,0,0,0,0,0,0,0,0,False,True,0,0,0,0,0,"{""RANGING"": 2146, ""TRENDING_UP"": 14}",0,0,0,0,0,0,,90,30
FUTURES_SHORT_MIRRORED_1X,90D-22,2023-09-23T00:00:00+00:00,2023-12-21T23:59:59.999999+00:00,TRADE_EXIT_TIME,0,0,0,0,0,0,0,,,,,0,0,0,0,0,0,0,0,False,True,0,0,0,0,0,"{""RANGING"": 2146, ""TRENDING_UP"": 14}",0,0,0,0,0,0,,90,30
FUTURES_SHORT_MIRRORED_1X,90D-23,2023-10-23T00:00:00+00:00,2024-01-20T23:59:59.999999+00:00,TRADE_EXIT_TIME,0,0,0,0,0,0,0,,,,,0,0,0,0,0,0,0,0,False,True,0,0,0,0,0,"{""RANGING"": 2135, ""TRENDING_UP"": 25}",0,0,0,0,0,0,,90,30
FUTURES_SHORT_MIRRORED_1X,90D-24,2023-11-22T00:00:00+00:00,2024-02-19T23:59:59.999999+00:00,TRADE_EXIT_TIME,-0.5969087466430463002497142890,-0.5967050913957754285714285747,-59.69087466430463002497142890,-59.67050913957754285714285747,1,0,1,0,0E+26,-59.69087466430463002497142890,-59.69087466430463002497142890,0.5969087466430463002497142900,0,3.518518518518518518518518519,2.562144166894603971428571428,0,2.541778642167516803600000,2.541778642167516803600000,0,False,False,1,1,0,0,0,"{""RANGING"": 2141, ""TRENDING_DOWN"": 8, ""TRENDING_UP"": 11}",0,0,0,-59.69087466430463002497142890,-59.69087466430463002497142890,-59.69087466430463002497142890,,90,30
FUTURES_SHORT_MIRRORED_1X,90D-25,2023-12-22T00:00:00+00:00,2024-03-20T23:59:59.999999+00:00,TRADE_EXIT_TIME,-2.631477727280961561988285723,-2.587856684860786771428571437,-263.1477727280961561988285723,-258.7856684860786771428571437,3,0,3,0,0E+25,-87.71592424269871873294285743,-99.9601903158243064481428575,2.631477727280961561988285720,0,4.583333333333333333333333333,7.478664324720908578571428572,0,3.116560082703429522600000,3.116560082703429522600000,0,False,False,3,3,0,0,0,"{""RANGING"": 2125, ""TRENDING_DOWN"": 24, ""TRENDING_UP"": 11}",0,0,0,-263.1477727280961561988285723,-263.1477727280961561988285723,-263.1477727280961561988285723,,90,30
FUTURES_SHORT_MIRRORED_1X,90D-26,2024-01-21T00:00:00+00:00,2024-04-19T23:59:59.999999+00:00,TRADE_EXIT_TIME,-3.990842728070235251490285722,-3.871026203086037071428571436,-399.0842728070235251490285722,-387.1026203086037071428571436,7,0,7,14.28571428571428571428571429,0.2827995511101529345444912483,-57.01203897243193216414693889,-99.9601903158243064481428575,3.990842728070235251490285720,0,6.805555555555555555555555556,16.11390431185283581357142857,0,4.132251813433017807400000,4.132251813433017807400000,0,False,False,7,6,1,0,0,"{""RANGING"": 2112, ""TRENDING_DOWN"": 40, ""TRENDING_UP"": 8}",100,100,100,-556.4473271381315478690285723,-556.4473271381315478690285723,-556.4473271381315478690285723,,90,30
FUTURES_SHORT_MIRRORED_1X,90D-27,2024-02-20T00:00:00+00:00,2024-05-19T23:59:59.999999+00:00,TRADE_EXIT_TIME,-4.978384704431383688826565073,-4.811341120042573342857142861,-497.8384704431383688826565073,-481.1341120042573342857142861,8,0,8,12.500,0.2401750429157325378710213638,-62.22980880539229611033206341,-94.83313827771138793881428605,4.978384704431383688826565080,0,3.842592592592592592592592593,18.47316289143290667714285714,0,1.768804452551872080200636,1.768804452551872080200636,0,False,False,8,7,1,0,0,"{""RANGING"": 2111, ""TRENDING_DOWN"": 41, ""TRENDING_UP"": 8}",100,100,100,-655.2015247742463916026565074,-655.2015247742463916026565074,-655.2015247742463916026565074,,90,30
FUTURES_SHORT_MIRRORED_1X,90D-28,2024-03-21T00:00:00+00:00,2024-06-18T23:59:59.999999+00:00,TRADE_EXIT_TIME,-2.943815723793468427087993639,-2.820189526577561999999999999,-294.3815723793468427087993639,-282.0189526577561999999999999,6,0,6,16.66666666666666666666666667,0.3483451601339569866941948394,-49.06359539655780711813322732,-85.9009190452367614708142857,3.596055582925634515910731229,0,2.777777777777777777777777778,13.55664273360660207000000000,0,1.194023012015959361200636,1.194023012015959361200636,0,False,False,6,5,1,0,0,"{""RANGING"": 2108, ""TRENDING_DOWN"": 25, ""TRENDING_UP"": 27}",100,100,100,-451.7446267104548654287993640,-451.7446267104548654287993640,-451.7446267104548654287993640,,90,30
FUTURES_SHORT_MIRRORED_1X,90D-29,2024-04-20T00:00:00+00:00,2024-07-18T23:59:59.999999+00:00,TRADE_EXIT_TIME,-2.527390225312139057826766260,-2.4628576298243022000000000,-252.7390225312139057826766260,-246.2857629824302200000000000,3,0,3,0,0E+25,-84.2463408437379685942255420,-82.09575185087505351214285679,2.527390225312139057826766260,0,2.175925925925925925925925926,7.360621208660422350000000000,0,0.907361659876736567323374,0.907361659876736567323374,0,False,False,3,3,0,0,0,"{""RANGING"": 2126, ""TRENDING_DOWN"": 15, ""TRENDING_UP"": 19}",0,0,0,-252.7390225312139057826766260,-252.7390225312139057826766260,-252.7390225312139057826766260,,90,30
FUTURES_SHORT_MIRRORED_1X,90D-30,2024-05-20T00:00:00+00:00,2024-08-17T23:59:59.999999+00:00,TRADE_EXIT_TIME,-0.4832891651232156980065267650,-0.3645831325867394714285714185,-48.32891651232156980065267650,-36.45831325867394714285714185,6,0,6,33.33333333333333333333333333,0.8662338036310063641696018454,-8.05481941872026163344211275,-82.616748871439059152038631,1.932061807109538672526262074,0,3.148148148148148148148148148,12.65992321835839792357142857,0.119711905213007120146844,0.909031869923782385922738,0.789319964710775265775894,0,False,False,6,4,2,0,0,"{""HIGH_VOLATILITY"": 6, ""RANGING"": 2101, ""TRENDING_DOWN"": 34, ""TRENDING_UP"": 19}",58.69441361114813273069164681,100,100,-232.0219035560530119035098196,-361.2939428957552490170812485,-361.2939428957552490170812485,,90,30
FUTURES_SHORT_MIRRORED_1X,90D-31,2024-06-19T00:00:00+00:00,2024-09-16T23:59:59.999999+00:00,TRADE_EXIT_TIME,-0.4832891651232156980065267650,-0.3645831325867394714285714185,-48.32891651232156980065267650,-36.45831325867394714285714185,6,0,6,33.33333333333333333333333333,0.8662338036310063641696018454,-8.05481941872026163344211275,-82.616748871439059152038631,1.932061807109538672526262074,0,3.148148148148148148148148148,12.65992321835839792357142857,0.119711905213007120146844,0.909031869923782385922738,0.789319964710775265775894,0,False,False,6,4,2,0,0,"{""HIGH_VOLATILITY"": 6, ""RANGING"": 2112, ""TRENDING_DOWN"": 42}",58.69441361114813273069164681,100,100,-232.0219035560530119035098196,-361.2939428957552490170812485,-361.2939428957552490170812485,,90,30
FUTURES_SHORT_MIRRORED_1X,90D-32,2024-07-19T00:00:00+00:00,2024-10-16T23:59:59.999999+00:00,TRADE_EXIT_TIME,-0.09698767170447556254506714600,0.02547323107337400000000001490,-9.69876717044755625450671460,2.54732310733740000000000149,6,0,6,33.33333333333333333333333333,0.9699415696331358885792589007,-1.616461195074592709084452433,-63.30167420050205237896565005,2.457758443982479137930723680,0,2.870370370370370370370370370,12.62833816530674250000000000,0.119711905213007120146844,0.501959792734793365640128,0.382247887521786245493284,0,False,False,6,4,2,0,0,"{""HIGH_VOLATILITY"": 6, ""RANGING"": 2109, ""TRENDING_DOWN"": 45}",58.69441361114813273069164681,100,100,-193.3917542141789983573638577,-322.6637935538812354709352866,-322.6637935538812354709352866,,90,30
FUTURES_SHORT_MIRRORED_1X,90D-33,2024-08-18T00:00:00+00:00,2024-11-15T23:59:59.999999+00:00,TRADE_EXIT_TIME,-0.5566380088892041847793130014,-0.5357812578118770285714285671,-55.66380088892041847793130014,-53.57812578118770285714285671,1,0,1,0,0E+26,-55.66380088892041847793130014,-55.66380088892041847793130014,0.55663800888920418477931300,0,1.342592592592592592592592593,2.407633409134092091428571428,0,0.321958301401376470640128,0.321958301401376470640128,0,False,False,1,1,0,0,0,"{""RANGING"": 2101, ""TRENDING_DOWN"": 17, ""TRENDING_UP"": 42}",0,0,0,-55.66380088892041847793130014,-55.66380088892041847793130014,-55.66380088892041847793130014,,90,30
FUTURES_SHORT_MIRRORED_1X,90D-34,2024-09-17T00:00:00+00:00,2024-12-15T23:59:59.999999+00:00,TRADE_EXIT_TIME,-1.407108229068704947736455856,-1.362169000150798314285714278,-140.7108229068704947736455856,-136.2169000150798314285714278,2,0,2,0,0E+25,-70.3554114534352473868227928,-70.3554114534352473868227928,1.407108229068704947736455850,0,1.435185185185185185185185185,4.815881193192039815714285714,0,0.321958301401376470640128,0.321958301401376470640128,0,False,False,2,2,0,0,0,"{""RANGING"": 2105, ""TRENDING_DOWN"": 13, ""TRENDING_UP"": 42}",0,0,0,-140.7108229068704947736455856,-140.7108229068704947736455856,-140.7108229068704947736455856,,90,30
FUTURES_SHORT_MIRRORED_1X,90D-35,2024-10-17T00:00:00+00:00,2025-01-14T23:59:59.999999+00:00,TRADE_EXIT_TIME,0.6238890233751112949624619991,0.6749618275940064999999999991,62.38890233751112949624619991,67.49618275940064999999999991,4,0,4,50.0,1.340026004636498399365955171,15.59722558437778237406154998,16.35661980220038570134595718,0.9801362664957327501631035733,0,6.759259259259259259259259259,9.043348950866551375000000000,0,3.936068528977030871246200,3.936068528977030871246200,0,True,False,4,2,2,0,0,"{""RANGING"": 2088, ""TRENDING_DOWN"": 30, ""TRENDING_UP"": 42}",52.10498395068332498664994405,100,100,-65.72247642354478450374380009,-183.4827380458956322021499999,-183.4827380458956322021499999,RESULT_DEPENDS_ON_FEW_TRADES,90,30
FUTURES_SHORT_MIRRORED_1X,90D-36,2024-11-16T00:00:00+00:00,2025-02-13T23:59:59.999999+00:00,TRADE_EXIT_TIME,5.821171333933843764439256142,5.927231539751656042857142850,582.1171333933843764439256142,592.7231539751656042857142850,7,0,7,71.42857142857142857142857143,4.172598902724985192228355720,83.15959048476919663484651631,128.111378761055913999990000,0.9801362664957327501631035733,0,6.944444444444444444444444444,14.61471014145448545785714286,0,4.008689559673257616068472,4.008689559673257616068472,0,True,False,7,2,5,0,0,"{""HIGH_VOLATILITY"": 13, ""RANGING"": 2109, ""TRENDING_DOWN"": 38}",25.18208886925036413039352861,67.88509905034552676536757015,100,389.3230933846783478324970430,62.3889023375111294962461999,-183.4827380458956322021499999,,90,30
FUTURES_SHORT_MIRRORED_1X,90D-37,2024-12-16T00:00:00+00:00,2025-03-15T23:59:59.999999+00:00,TRADE_EXIT_TIME,3.362096970403929109728781033,3.573281674574666628571428559,336.2096970403929109728781033,357.3281674574666628571428559,12,0,12,50.0,1.549938952891840530078133919,28.01747475336607591440650861,9.66227279720264589598524267,4.727774447484222522118218999,0,10.41666666666666666666666667,25.27976498241096844857142857,0.090850261897699769313522,4.252144827234916333620198,4.161294565337216564306676,0,True,False,12,6,6,0,0,"{""HIGH_VOLATILITY"": 13, ""RANGING"": 2064, ""TRENDING_DOWN"": 78, ""TRENDING_UP"": 5}",20.34619760711744808686036338,59.08192995467689312924406923,87.57236710675286359967084950,143.4156570316868823614495321,-223.6317134985916272119441679,-493.5979541804077023519341679,RESULT_DEPENDS_ON_FEW_TRADES,90,30
FUTURES_SHORT_MIRRORED_1X,90D-38,2025-01-15T00:00:00+00:00,2025-04-14T23:59:59.999999+00:00,TRADE_EXIT_TIME,1.810901492708090928839176174,2.059527477938399042857142843,181.0901492708090928839176174,205.9527477938399042857142843,12,0,12,41.66666666666666666666666667,1.256369772908892131647493977,15.09084577256742440699313478,-95.5969749133938683120000002,4.864706584214020532073974277,0,5.509259259259259259259259259,24.74609299115845117785714286,0.432581830130245686313522,0.316076298257885462373998,-0.116505531872360223939524,0,True,False,12,7,5,0,0,"{""HIGH_VOLATILITY"": 13, ""RANGING"": 2062, ""TRENDING_DOWN"": 80, ""TRENDING_UP"": 5}",21.72441632265672711363032080,63.51099045220462204728427824,100,-11.7038907378969357275109538,-382.5402034335287169657617967,-706.3631067581603304829046536,RESULT_DEPENDS_ON_FEW_TRADES,90,30
FUTURES_SHORT_MIRRORED_1X,90D-39,2025-02-14T00:00:00+00:00,2025-05-14T23:59:59.999999+00:00,TRADE_EXIT_TIME,-3.386380817850641540637617969,-3.192742234219250500000000008,-338.6380817850641540637617969,-319.2742234219250500000000008,9,0,9,22.22222222222222222222222222,0.5205892287619082906846694997,-37.62645353167379489597353299,-101.3562606551327865404563796,5.113020597510688807055898754,0,5.324074074074074074074074074,19.17473180057051709500000000,0.432581830130245686313522,0.243455267561658717551726,-0.189126562568586968761796,0,False,False,9,7,2,0,0,"{""RANGING"": 2024, ""TRENDING_DOWN"": 72, ""TRENDING_UP"": 64}",50.51518687987450427169098173,100,100,-524.3950653542888781057617967,-706.3631067581603304829046536,-706.3631067581603304829046536,,90,30
FUTURES_SHORT_MIRRORED_1X,90D-40,2025-03-16T00:00:00+00:00,2025-06-13T23:59:59.999999+00:00,TRADE_EXIT_TIME,-0.07683623414122612297000000620,-0.01240462670333980000000000610,-7.68362341412261229700000062,-1.24046267033398000000000061,3,0,3,33.33333333333333333333333333,0.9602791599243478899592565641,-2.56120780470753743233333354,-91.99359212880502257828571452,1.899128432922451039763767197,0,1.759259259259259259259259259,6.101429175556086380000000000,0.341731568232545917000000,0,-0.341731568232545917000000,0,False,False,3,2,1,0,0,"{""RANGING"": 2062, ""TRENDING_DOWN"": 30, ""TRENDING_UP"": 68}",100,100,100,-193.4406069833473363390000004,-193.4406069833473363390000004,-193.4406069833473363390000004,,90,30
FUTURES_SHORT_MIRRORED_1X,90D-41,2025-04-15T00:00:00+00:00,2025-07-13T23:59:59.999999+00:00,TRADE_EXIT_TIME,-1.012036913941427374228469319,-0.9885329048162221714285714331,-101.2036913941427374228469319,-98.85329048162221714285714331,1,0,1,0,0E+25,-101.2036913941427374228469319,-101.2036913941427374228469319,1.012036913941427374228469320,0,1.898148148148148148148148148,2.439977166850195748571428572,0,0.089576254329675468581640,0.089576254329675468581640,0,False,False,1,1,0,0,0,"{""RANGING"": 2060, ""TRENDING_DOWN"": 17, ""TRENDING_UP"": 83}",0,0,0,-101.2036913941427374228469319,-101.2036913941427374228469319,-101.2036913941427374228469319,,90,30
FUTURES_SHORT_MIRRORED_1X,90D-42,2025-05-15T00:00:00+00:00,2025-08-12T23:59:59.999999+00:00,TRADE_EXIT_TIME,-1.012036913941427374228469319,-0.9885329048162221714285714331,-101.2036913941427374228469319,-98.85329048162221714285714331,1,0,1,0,0E+25,-101.2036913941427374228469319,-101.2036913941427374228469319,1.012036913941427374228469320,0,1.898148148148148148148148148,2.439977166850195748571428572,0,0.089576254329675468581640,0.089576254329675468581640,0,False,False,1,1,0,0,0,"{""RANGING"": 2076, ""TRENDING_DOWN"": 17, ""TRENDING_UP"": 67}",0,0,0,-101.2036913941427374228469319,-101.2036913941427374228469319,-101.2036913941427374228469319,,90,30
FUTURES_SHORT_MIRRORED_1X,90D-43,2025-06-14T00:00:00+00:00,2025-09-11T23:59:59.999999+00:00,TRADE_EXIT_TIME,-1.012036913941427374228469319,-0.9885329048162221714285714331,-101.2036913941427374228469319,-98.85329048162221714285714331,1,0,1,0,0E+25,-101.2036913941427374228469319,-101.2036913941427374228469319,1.012036913941427374228469320,0,1.898148148148148148148148148,2.439977166850195748571428572,0,0.089576254329675468581640,0.089576254329675468581640,0,False,False,1,1,0,0,0,"{""RANGING"": 2060, ""TRENDING_DOWN"": 15, ""TRENDING_UP"": 85}",0,0,0,-101.2036913941427374228469319,-101.2036913941427374228469319,-101.2036913941427374228469319,,90,30
FUTURES_SHORT_MIRRORED_1X,90D-44,2025-07-14T00:00:00+00:00,2025-10-11T23:59:59.999999+00:00,TRADE_EXIT_TIME,1.637200043770318429371428575,1.660394818715877257142857146,163.7200043770318429371428575,166.0394818715877257142857146,1,0,1,100,,163.7200043770318429371428575,163.7200043770318429371428575,0,0,1.203703703703703703703703704,2.319477494555882777142857142,0,0,0,0,True,False,2,0,1,0,0,"{""RANGING"": 2079, ""TRENDING_DOWN"": 11, ""TRENDING_UP"": 70}",100,100,100,0E-25,0E-25,0E-25,RESULT_DEPENDS_ON_FEW_TRADES,90,30
FUTURES_SHORT_MIRRORED_1X,90D-45,2025-08-13T00:00:00+00:00,2025-11-10T23:59:59.999999+00:00,TRADE_EXIT_TIME,1.115340784898432673933237833,1.201520954407909857142857145,111.5340784898432673933237833,120.1520954407909857142857145,4,0,4,50.0,1.548910054293075343716832338,27.88351962246081684833094582,24.9627579532541299780904629,0.9997550981274130695118179778,0,2.777777777777777777777777778,8.744264112571117827142857142,0.236317375367718179681506,0.362564536991117685862432,0.126247161623399506180926,0,True,False,4,2,2,0,0,"{""RANGING"": 2108, ""TRENDING_DOWN"": 25, ""TRENDING_UP"": 27}",52.01985664446465066178702414,100,100,-52.1859258871885755438190742,-203.1919029675720433982529348,-203.1919029675720433982529348,RESULT_DEPENDS_ON_FEW_TRADES,90,30
FUTURES_SHORT_MIRRORED_1X,90D-46,2025-09-12T00:00:00+00:00,2025-12-10T23:59:59.999999+00:00,TRADE_EXIT_TIME,1.369196315921345922546240209,1.4915685472363143000000000,136.9196315921345922546240209,149.1568547236314300000000000,7,0,7,42.85714285714285714285714286,1.373851115779810839323155876,19.55994737030494175066057441,-60.45595118046409555714285727,1.583006389619167077345562657,0,11.01851851851851851851851852,15.93278681748345028500000000,0.236317375367718179681506,3.931881061354330719305527,3.695563685986612539624021,0,True,False,7,4,3,0,0,"{""RANGING"": 2101, ""TRENDING_DOWN"": 53, ""TRENDING_UP"": 6}",37.45020581799864391879885955,100,100,-51.5150856757824551128443333,-366.2410671331977659044210514,-366.2410671331977659044210514,RESULT_DEPENDS_ON_FEW_TRADES,90,30
FUTURES_SHORT_MIRRORED_1X,180D-1,2022-01-05T04:00:00+00:00,2022-06-29T23:59:59.999999+00:00,TRADE_EXIT_TIME,5.499619428519861759823819919,6.023459216020396642857142851,549.9619428519861759823819919,602.3459216020396642857142851,25,0,25,44.00,1.386356034994688263694475391,21.99847771407944703929527968,-78.26908035158154773571428543,5.498775324790709518995095377,0,12.08530805687203791469194313,52.71749198105901585785714287,2.823974899879308569666462,3.157488130884836124191312,0.333513231005527554524850,0,True,False,27,14,11,0,0,"{""HIGH_VOLATILITY"": 31, ""RANGING"": 3906, ""TRENDING_DOWN"": 241, ""TRENDING_UP"": 42}",10.41011885814109045964365365,30.90170555681432108260482651,51.12599018311157138893681798,344.5264858503297939284737964,-59.8587604179067548543693027,-458.9690118331205510436852191,RESULT_DEPENDS_ON_FEW_TRADES,180,60
FUTURES_SHORT_MIRRORED_1X,180D-2,2022-03-02T00:00:00+00:00,2022-08-28T23:59:59.999999+00:00,TRADE_EXIT_TIME,1.413468234129921265757229506,1.965744426169627842857142868,141.3468234129921265757229506,196.5744426169627842857142868,23,0,23,39.13043478260869565217391304,1.100508149261311787904379990,6.145514061434440285900997852,-90.91207334927887179028571466,3.305287320758098126983673683,0,10.85648148148148148148148148,51.14513860436898257785714287,6.053894069135471976069310,1.971413469533796843935117,-4.082480599601675132134193,0,True,False,24,14,9,0,0,"{""HIGH_VOLATILITY"": 31, ""RANGING"": 3941, ""TRENDING_DOWN"": 235, ""TRENDING_UP"": 113}",13.09964900626538931693749236,39.06889470260594911053997218,62.77469437440165807324518977,-61.3923627457321812002770495,-463.3102870438463175998646360,-830.1975624512197686531257492,RESULT_DEPENDS_ON_FEW_TRADES,180,60
FUTURES_SHORT_MIRRORED_1X,180D-3,2022-05-01T00:00:00+00:00,2022-10-27T23:59:59.999999+00:00,TRADE_EXIT_TIME,2.193956001498343648782822978,2.717408152416378214285714303,219.3956001498343648782822978,271.7408152416378214285714303,22,0,22,40.90909090909090909090909091,1.166676589497952573406796123,9.972527279537925676285558991,-84.8696141921453057295007453,3.292029557031742986196637950,0,10.06944444444444444444444444,48.59237251774439683928571429,6.227255463478536951157431,2.474412889419477240154013,-3.752842574059059711003418,0,True,False,23,13,9,0,0,"{""HIGH_VOLATILITY"": 31, ""RANGING"": 3907, ""TRENDING_DOWN"": 251, ""TRENDING_UP"": 131}",13.20182303814596914739543956,39.37362244691221554140800005,63.26432151030706025013579272,16.6564139911100571022822977,-385.2615103070040792973052888,-752.1487857143775303505664020,RESULT_DEPENDS_ON_FEW_TRADES,180,60
FUTURES_SHORT_MIRRORED_1X,180D-4,2022-06-30T00:00:00+00:00,2022-12-26T23:59:59.999999+00:00,TRADE_EXIT_TIME,-2.746841556669410012614570619,-2.366280720150911999999999989,-274.6841556669410012614570619,-236.6280720150911999999999989,14,0,14,28.57142857142857142857142857,0.7083521751426558110486695867,-19.62029683335292866153264728,-82.6652241333125717674786827,4.366613358825987640858789748,0,8.842592592592592592592592593,34.23156307559966097000000000,6.540006928524149600533048,2.715486352274009309075985,-3.824520576250140291457063,0,False,False,13,10,4,0,0,"{""RANGING"": 4057, ""TRENDING_DOWN"": 154, ""TRENDING_UP"": 109}",29.70440423836865917096827086,80.34905197939334165337948985,100,-472.8573663808482474968856329,-810.7336074855202841511467459,-941.8350910084765763069510989,,180,60
FUTURES_SHORT_MIRRORED_1X,180D-5,2022-08-29T00:00:00+00:00,2023-02-24T23:59:59.999999+00:00,TRADE_EXIT_TIME,-1.488418629990138505956242187,-1.319753011090726485714285725,-148.8418629990138505956242187,-131.9753011090726485714285725,7,0,7,28.57142857142857142857142857,0.6886912600151114243065205367,-21.26312328557340722794631696,-87.48602886913558320101569938,2.763207406196305848962048033,0,4.467592592592592592592592593,15.92975155658252020428571429,3.037013843603792636772620,2.100203510245110816862688,-0.936810333358681819909932,0,False,False,7,5,2,0,0,"{""RANGING"": 4225, ""TRENDING_DOWN"": 67, ""TRENDING_UP"": 28}",60.18476797107021994426276926,100,100,-347.0150737129210968310527897,-478.1165572358773889868571427,-478.1165572358773889868571427,,180,60
FUTURES_SHORT_MIRRORED_1X,180D-6,2022-10-28T00:00:00+00:00,2023-04-25T23:59:59.999999+00:00,TRADE_EXIT_TIME,-2.766531027821677955942556451,-2.618391527042579157142857162,-276.6531027821677955942556451,-261.8391527042579157142857162,6,0,6,16.66666666666666666666666667,0.4173593692708130934319121115,-46.10885046369463259904260752,-89.7430568631403021619427032,3.628103445429383428751763348,0,3.078703703703703703703703704,13.31866773648627037785714285,2.494329229317079130301414,0.999046887893469628188628,-1.495282341423609502112786,0,False,False,6,5,1,0,0,"{""RANGING"": 4254, ""TRENDING_DOWN"": 39, ""TRENDING_UP"": 27}",100,100,100,-474.8263134960750418296842161,-474.8263134960750418296842161,-474.8263134960750418296842161,,180,60
FUTURES_SHORT_MIRRORED_1X,180D-7,2022-12-27T00:00:00+00:00,2023-06-24T23:59:59.999999+00:00,TRADE_EXIT_TIME,-0.9200008485714502112286970706,-0.8944595216602631142857142935,-92.00008485714502112286970706,-89.44595216602631142857142935,1,0,1,0,0E+26,-92.00008485714502112286970706,-92.00008485714502112286970706,0.9200008485714502112286970700,0,0.3935185185185185185185185185,2.613542410032003955714285714,0,0.059409718913294261416008,0.059409718913294261416008,0,False,False,1,1,0,0,0,"{""RANGING"": 4282, ""TRENDING_DOWN"": 7, ""TRENDING_UP"": 31}",0,0,0,-92.00008485714502112286970706,-92.00008485714502112286970706,-92.00008485714502112286970706,,180,60
FUTURES_SHORT_MIRRORED_1X,180D-8,2023-02-25T00:00:00+00:00,2023-08-23T23:59:59.999999+00:00,TRADE_EXIT_TIME,-1.460420688968945904200125649,-1.403844892279612371428571443,-146.0420688968945904200125649,-140.3844892279612371428571443,2,0,2,0,0E+25,-73.02103444844729521000628245,-73.02103444844729521000628245,1.460420688968945904200125650,0,0.9027777777777777777777777778,5.184831095897095298571428572,0.532158291949552240000000,0.059409718913294261416008,-0.472748573036257978583992,0,False,False,2,2,0,0,0,"{""RANGING"": 4287, ""TRENDING_DOWN"": 12, ""TRENDING_UP"": 21}",0,0,0,-146.0420688968945904200125649,-146.0420688968945904200125649,-146.0420688968945904200125649,,180,60
FUTURES_SHORT_MIRRORED_1X,180D-9,2023-04-26T00:00:00+00:00,2023-10-22T23:59:59.999999+00:00,TRADE_EXIT_TIME,-0.5404198403974956929714285780,-0.5093853706193492571428571494,-54.04198403974956929714285780,-50.93853706193492571428571494,1,0,1,0,0E+26,-54.04198403974956929714285780,-54.04198403974956929714285780,0.5404198403974956929714285800,0,0.5092592592592592592592592593,2.571288685865091342857142858,0.532158291949552240000000,0,-0.532158291949552240000000,0,False,False,1,1,0,0,0,"{""RANGING"": 4311, ""TRENDING_DOWN"": 5, ""TRENDING_UP"": 4}",0,0,0,-54.04198403974956929714285780,-54.04198403974956929714285780,-54.04198403974956929714285780,,180,60
FUTURES_SHORT_MIRRORED_1X,180D-10,2023-06-25T00:00:00+00:00,2023-12-21T23:59:59.999999+00:00,TRADE_EXIT_TIME,-0.5404198403974956929714285780,-0.5093853706193492571428571494,-54.04198403974956929714285780,-50.93853706193492571428571494,1,0,1,0,0E+26,-54.04198403974956929714285780,-54.04198403974956929714285780,0.5404198403974956929714285800,0,0.5092592592592592592592592593,2.571288685865091342857142858,0.532158291949552240000000,0,-0.532158291949552240000000,0,False,False,1,1,0,0,0,"{""RANGING"": 4301, ""TRENDING_DOWN"": 5, ""TRENDING_UP"": 14}",0,0,0,-54.04198403974956929714285780,-54.04198403974956929714285780,-54.04198403974956929714285780,,180,60
FUTURES_SHORT_MIRRORED_1X,180D-11,2023-08-24T00:00:00+00:00,2024-02-19T23:59:59.999999+00:00,TRADE_EXIT_TIME,-0.5969087466430463002497142890,-0.5967050913957754285714285747,-59.69087466430463002497142890,-59.67050913957754285714285747,1,0,1,0,0E+26,-59.69087466430463002497142890,-59.69087466430463002497142890,0.5969087466430463002497142900,0,1.759259259259259259259259259,2.562144166894603971428571428,0,2.541778642167516803600000,2.541778642167516803600000,0,False,False,1,1,0,0,0,"{""RANGING"": 4287, ""TRENDING_DOWN"": 8, ""TRENDING_UP"": 25}",0,0,0,-59.69087466430463002497142890,-59.69087466430463002497142890,-59.69087466430463002497142890,,180,60
FUTURES_SHORT_MIRRORED_1X,180D-12,2023-10-23T00:00:00+00:00,2024-04-19T23:59:59.999999+00:00,TRADE_EXIT_TIME,-3.990842728070235251490285722,-3.871026203086037071428571436,-399.0842728070235251490285722,-387.1026203086037071428571436,7,0,7,14.28571428571428571428571429,0.2827995511101529345444912483,-57.01203897243193216414693889,-99.9601903158243064481428575,3.990842728070235251490285720,0,3.402777777777777777777777778,16.11390431185283581357142857,0,4.132251813433017807400000,4.132251813433017807400000,0,False,False,7,6,1,0,0,"{""RANGING"": 4247, ""TRENDING_DOWN"": 40, ""TRENDING_UP"": 33}",100,100,100,-556.4473271381315478690285723,-556.4473271381315478690285723,-556.4473271381315478690285723,,180,60
FUTURES_SHORT_MIRRORED_1X,180D-13,2023-12-22T00:00:00+00:00,2024-06-18T23:59:59.999999+00:00,TRADE_EXIT_TIME,-5.575293451074429989076279362,-5.408046211438348771428571436,-557.5293451074429989076279362,-540.8046211438348771428571436,9,0,9,11.11111111111111111111111111,0.2201213139973161130007498393,-61.94770501193811098973643736,-89.70608623959846942948571461,5.575293451074429989076279360,0,3.680555555555555555555555556,21.03530705832751064857142857,0,4.310583094719388883800636,4.310583094719388883800636,0,False,False,9,8,1,0,0,"{""RANGING"": 4233, ""TRENDING_DOWN"": 49, ""TRENDING_UP"": 38}",100,100,100,-714.8923994385510216276279363,-714.8923994385510216276279363,-714.8923994385510216276279363,,180,60
FUTURES_SHORT_MIRRORED_1X,180D-14,2024-02-20T00:00:00+00:00,2024-08-17T23:59:59.999999+00:00,TRADE_EXIT_TIME,-5.461673869554599386833091838,-5.175924252629312814285714280,-546.1673869554599386833091838,-517.5924252629312814285714280,14,0,14,21.42857142857142857142857143,0.4626956987743604218649320405,-39.01195621110428133452208456,-92.0000182351964507267814883,6.630719681860164871867337700,0,3.495370370370370370370370370,31.13308610979130460071428572,0.119711905213007120146844,2.677836322475654466123374,2.558124417262647345976530,0,False,False,14,11,3,0,0,"{""HIGH_VOLATILITY"": 6, ""RANGING"": 4212, ""TRENDING_DOWN"": 75, ""TRENDING_UP"": 27}",39.05635121012921989512743934,100,100,-729.8603739991913807861663269,-1016.495467670001640619737756,-1016.495467670001640619737756,,180,60
FUTURES_SHORT_MIRRORED_1X,180D-15,2024-04-20T00:00:00+00:00,2024-10-16T23:59:59.999999+00:00,TRADE_EXIT_TIME,-2.624377897016614620371833406,-2.437384398750928199999999985,-262.4377897016614620371833406,-243.7384398750928199999999985,9,0,9,22.22222222222222222222222222,0.5439059692352112575265456726,-29.15975441129571800413148229,-76.34932044954442024645650721,3.236785700432975920626766260,0,2.523148148148148148148148148,19.98895937396716485000000001,0.119711905213007120146844,1.409321452611529932963502,1.289609547398522812816658,0,False,False,9,7,2,0,0,"{""HIGH_VOLATILITY"": 6, ""RANGING"": 4235, ""TRENDING_DOWN"": 60, ""TRENDING_UP"": 19}",58.69441361114813273069164681,100,100,-446.1307767453929041400404837,-575.4028160850951412536119126,-575.4028160850951412536119126,,180,60
FUTURES_SHORT_MIRRORED_1X,180D-16,2024-06-19T00:00:00+00:00,2024-12-15T23:59:59.999999+00:00,TRADE_EXIT_TIME,-1.890397394191920645742982620,-1.726752132737537785714285697,-189.0397394191920645742982620,-172.6752132737537785714285697,8,0,8,25.00,0.6234303889188231103916236108,-23.62996742739900807178728275,-77.9932847650168812878571427,3.318685236294020358087571771,0,2.291666666666666666666666667,17.47580441155043773928571429,0.119711905213007120146844,1.230990171325158856562866,1.111278266112151736416022,0,False,False,8,6,2,0,0,"{""HIGH_VOLATILITY"": 6, ""RANGING"": 4217, ""TRENDING_DOWN"": 55, ""TRENDING_UP"": 42}",58.69441361114813273069164681,100,100,-372.7327264629235066771554051,-502.0047658026257437907268340,-502.0047658026257437907268340,,180,60
FUTURES_SHORT_MIRRORED_1X,180D-17,2024-08-18T00:00:00+00:00,2025-02-13T23:59:59.999999+00:00,TRADE_EXIT_TIME,5.264533325044639579659943140,5.391450281939779014285714283,526.4533325044639579659943140,539.1450281939779014285714283,8,0,8,62.500,3.201383866349656234597720800,65.80666656305799474574928925,122.9358201917033808491980999,1.407108229068704947736455850,0,4.143518518518518518518518519,17.02234355058857754928571429,0,4.330647861074634086708600,4.330647861074634086708600,0,True,False,8,3,5,0,0,"{""HIGH_VOLATILITY"": 13, ""RANGING"": 4210, ""TRENDING_DOWN"": 55, ""TRENDING_UP"": 42}",25.18208886925036413039352861,67.88509905034552676536757015,100,333.6592924957579293545657428,6.7251014485907110183148997,-239.1465389348160506800813001,,180,60
FUTURES_SHORT_MIRRORED_1X,180D-18,2024-10-17T00:00:00+00:00,2025-04-14T23:59:59.999999+00:00,TRADE_EXIT_TIME,2.434790516083202223801638173,2.734489305532405542857142842,243.4790516083202223801638173,273.4489305532405542857142842,16,0,16,43.7500,1.273619361184896362243809386,15.21744072552001389876023858,-88.5203070733775494370000000,4.836510625239839295697770442,0,6.134259259259259259259259259,33.78944194202500255285714286,0.432581830130245686313522,4.252144827234916333620198,3.819562997104670647306676,0,True,False,16,9,7,0,0,"{""HIGH_VOLATILITY"": 13, ""RANGING"": 4150, ""TRENDING_DOWN"": 110, ""TRENDING_UP"": 47}",17.01136546272033970113723547,49.73246016994344646089794914,78.30528199268086040358575623,50.6850115996141937687352461,-320.1513010960175874695155968,-643.9742044206492009866584537,RESULT_DEPENDS_ON_FEW_TRADES,180,60
FUTURES_SHORT_MIRRORED_1X,180D-19,2024-12-16T00:00:00+00:00,2025-06-13T23:59:59.999999+00:00,TRADE_EXIT_TIME,3.285260736262702986758781027,3.560877047871326828571428553,328.5260736262702986758781027,356.0877047871326828571428553,15,0,15,46.66666666666666666666666667,1.408208939084872130670828006,21.90173824175135324505854018,-91.99359212880502257828571452,4.798596917657257764005319003,0,6.087962962962962962962962963,31.38119415796705482857142857,0.432581830130245686313522,4.252144827234916333620198,3.819562997104670647306676,0,True,False,15,8,7,0,0,"{""HIGH_VOLATILITY"": 13, ""RANGING"": 4126, ""TRENDING_DOWN"": 108, ""TRENDING_UP"": 73}",17.01136546272033970113723547,49.73246016994344646089794914,78.30528199268086040358575623,135.7320336175642700644495315,-235.1042790780675111738013114,-558.9271824026991246909441683,RESULT_DEPENDS_ON_FEW_TRADES,180,60
FUTURES_SHORT_MIRRORED_1X,180D-20,2025-02-14T00:00:00+00:00,2025-08-12T23:59:59.999999+00:00,TRADE_EXIT_TIME,-4.398417731792068914866087288,-4.181275139035472671428571441,-439.8417731792068914866087288,-418.1275139035472671428571441,10,0,10,20.0,0.4553493603432481282742688846,-43.98417731792068914866087288,-101.2799760246377619816516558,6.106970794394128978981187075,0,3.611111111111111111111111111,21.61470896742071284357142857,0.432581830130245686313522,0.333031521891334186133366,-0.099550308238911500180156,0,False,False,10,8,2,0,0,"{""RANGING"": 4100, ""TRENDING_DOWN"": 89, ""TRENDING_UP"": 131}",50.51518687987450427169098173,100,100,-625.5987567484316155286087286,-807.5667981523030679057515855,-807.5667981523030679057515855,,180,60
FUTURES_SHORT_MIRRORED_1X,180D-21,2025-04-15T00:00:00+00:00,2025-10-11T23:59:59.999999+00:00,TRADE_EXIT_TIME,0.6251631298288910551429592560,0.6718619138996550857142857129,62.5163129828891055142959256,67.18619138996550857142857129,2,0,2,50.0,1.617727595917586245720071984,31.2581564914445527571479628,31.2581564914445527571479628,1.012036913941427374228469320,0,1.550925925925925925925925926,4.759454661406078525714285714,0,0.089576254329675468581640,0.089576254329675468581640,0,True,False,3,1,1,0,0,"{""RANGING"": 4139, ""TRENDING_DOWN"": 28, ""TRENDING_UP"": 153}",100,100,100,-101.2036913941427374228469319,-101.2036913941427374228469319,-101.2036913941427374228469319,RESULT_DEPENDS_ON_FEW_TRADES,180,60
FUTURES_SHORT_MIRRORED_1X,180D-22,2025-06-14T00:00:00+00:00,2025-12-10T23:59:59.999999+00:00,TRADE_EXIT_TIME,0.3571594019799185483177708903,0.5030356424200921285714285669,35.71594019799185483177708903,50.30356424200921285714285669,8,0,8,37.500,1.076406761540150750270232896,4.464492524748981853972136129,-80.76820617716965172769789605,1.598714770829106788181357050,0,6.458333333333333333333333333,18.37276398433364603357142857,0.236317375367718179681506,4.021457315684006187887167,3.785139940316288008205661,0,True,False,8,5,3,0,0,"{""RANGING"": 4161, ""TRENDING_DOWN"": 68, ""TRENDING_UP"": 91}",37.45020581799864391879885955,100,100,-152.7187770699251925356912652,-467.4447585273405033272679833,-467.4447585273405033272679833,RESULT_DEPENDS_ON_FEW_TRADES,180,60
FUTURES_SHORT_MIRRORED_1X,365D-1,2022-01-05T04:00:00+00:00,2022-12-31T23:59:59.999999+00:00,TRADE_EXIT_TIME,2.752777871850451747209249300,3.657178495869484642857142862,275.2777871850451747209249300,365.7178495869484642857142862,39,0,39,38.46153846153846153846153846,1.116382059203954674078426191,7.058404799616542941562177692,-78.26908035158154773571428543,5.498775324790709518995095377,0,10.30023094688221709006928406,86.94905505665867682785714288,9.363981828403458170199510,5.872974483158845433267297,-3.491007345244612736932213,0,True,False,40,24,15,0,0,"{""HIGH_VOLATILITY"": 31, ""RANGING"": 8083, ""TRENDING_DOWN"": 395, ""TRENDING_UP"": 151}",7.779961046149148863974386836,23.09426710373951153934769357,38.20880601755574286159616915,69.8423301833887926670167345,-334.5429160848477561158263646,-733.6531675000615523051422810,RESULT_DEPENDS_ON_FEW_TRADES,365,90
FUTURES_SHORT_MIRRORED_1X,365D-2,2022-04-01T00:00:00+00:00,2023-03-31T23:59:59.999999+00:00,TRADE_EXIT_TIME,-2.425746177611747754194992896,-1.697669701804962900000000004,-242.5746177611747754194992896,-169.7669701804962900000000004,30,0,30,33.33333333333333333333333333,0.8772668120116603213523485184,-8.08582059203915918064997632,-91.45607910321194645657771085,5.679119043492546363221383784,0,6.940639269406392694063926941,67.19019944525216767500000001,9.090907912739264612841930,3.473459777312946868342641,-5.617448135426317744499289,0,False,False,31,20,10,0,0,"{""HIGH_VOLATILITY"": 31, ""RANGING"": 8272, ""TRENDING_DOWN"": 301, ""TRENDING_UP"": 156}",11.69291138585144339795032715,34.87338656800933371073352344,57.69452074641540855334485544,-445.3138039198990831954992897,-847.2317282180132195950868762,-1242.919168058487958459515448,,365,90
FUTURES_SHORT_MIRRORED_1X,365D-3,2022-06-30T00:00:00+00:00,2023-06-29T23:59:59.999999+00:00,TRADE_EXIT_TIME,-3.666842405240860223843267690,-3.260740241811175114285714282,-366.6842405240860223843267690,-326.0740241811175114285714282,15,0,15,26.66666666666666666666666667,0.6453165368289346931804209487,-24.44561603493906815895511793,-87.48602886913558320101569938,5.271291399826674039310967246,0,4.554794520547945205479452055,36.84510548563166492571428571,6.540006928524149600533048,2.774896071187303570491993,-3.765110857336846030041055,0,False,False,14,11,4,0,0,"{""RANGING"": 8459, ""TRENDING_DOWN"": 161, ""TRENDING_UP"": 140}",29.70440423836865917096827086,80.34905197939334165337948985,100,-564.8574512379932686197553400,-902.7336923426653052740164530,-1033.835175865621597429820806,,365,90
FUTURES_SHORT_MIRRORED_1X,365D-4,2022-09-28T00:00:00+00:00,2023-09-27T23:59:59.999999+00:00,TRADE_EXIT_TIME,-3.306950868219173648913985029,-3.127776897661928414285714311,-330.6950868219173648913985029,-312.7776897661928414285714311,7,0,7,14.28571428571428571428571429,0.3747118358904531244473651656,-47.24215526027390927019978613,-87.48602886913558320101569938,4.163734699825204459707711981,0,1.769406392694063926940639269,15.88995642235136172071428571,3.026487521266631370301414,0.999046887893469628188628,-2.027440633373161742112786,0,False,False,7,6,1,0,0,"{""RANGING"": 8667, ""TRENDING_DOWN"": 44, ""TRENDING_UP"": 49}",100,100,100,-528.8682975358246111268270739,-528.8682975358246111268270739,-528.8682975358246111268270739,,365,90
FUTURES_SHORT_MIRRORED_1X,365D-5,2022-12-27T00:00:00+00:00,2023-12-26T23:59:59.999999+00:00,TRADE_EXIT_TIME,-1.460420688968945904200125649,-1.403844892279612371428571443,-146.0420688968945904200125649,-140.3844892279612371428571443,2,0,2,0,0E+25,-73.02103444844729521000628245,-73.02103444844729521000628245,1.460420688968945904200125650,0,0.4452054794520547945205479452,5.184831095897095298571428572,0.532158291949552240000000,0.059409718913294261416008,-0.472748573036257978583992,0,False,False,2,2,0,0,0,"{""RANGING"": 8703, ""TRENDING_DOWN"": 12, ""TRENDING_UP"": 45}",0,0,0,-146.0420688968945904200125649,-146.0420688968945904200125649,-146.0420688968945904200125649,,365,90
FUTURES_SHORT_MIRRORED_1X,365D-6,2023-03-27T00:00:00+00:00,2024-03-25T23:59:59.999999+00:00,TRADE_EXIT_TIME,-3.171897567678457254959714301,-3.097242055480136028571428586,-317.1897567678457254959714301,-309.7242055480136028571428586,4,0,4,0,0E+25,-79.29743919196143137399285752,-79.8255324900644682365571432,3.171897567678457254959714300,0,1.381278538812785388127853881,10.04995301058599992142857143,0.532158291949552240000000,3.116560082703429522600000,2.584401790753877282600000,0,False,False,4,4,0,0,0,"{""RANGING"": 8700, ""TRENDING_DOWN"": 29, ""TRENDING_UP"": 31}",0,0,0,-317.1897567678457254959714301,-317.1897567678457254959714301,-317.1897567678457254959714301,,365,90
FUTURES_SHORT_MIRRORED_1X,365D-7,2023-06-25T00:00:00+00:00,2024-06-23T23:59:59.999999+00:00,TRADE_EXIT_TIME,-6.115713291471925682047707940,-5.917431582057698028571428585,-611.5713291471925682047707940,-591.7431582057698028571428585,10,0,10,10.0,0.2046508228950186159071416944,-61.1571329147192568204770794,-85.9009190452367614708142857,6.115713291471925682047707940,0,2.066210045662100456621004566,23.60659574419260199142857142,0.532158291949552240000000,4.310583094719388883800636,3.778424802769836643800636,0,False,False,10,9,1,0,0,"{""RANGING"": 8654, ""TRENDING_DOWN"": 54, ""TRENDING_UP"": 52}",100,100,100,-768.9343834783005909247707941,-768.9343834783005909247707941,-768.9343834783005909247707941,,365,90
FUTURES_SHORT_MIRRORED_1X,365D-8,2023-09-23T00:00:00+00:00,2024-09-21T23:59:59.999999+00:00,TRADE_EXIT_TIME,-6.058582616197645687082806127,-5.772629344025088242857142854,-605.8582616197645687082806127,-577.2629344025088242857142854,15,0,15,20.0,0.4370321962034704007347266170,-40.39055077465097124721870751,-89.70608623959846942948571461,7.227628428503211172117051980,0,2.591324200913242009132420091,33.69523027668590857214285715,0.119711905213007120146844,5.219614964643171269723374,5.099903059430164149576530,0,False,False,15,12,3,0,0,"{""HIGH_VOLATILITY"": 6, ""RANGING"": 8611, ""TRENDING_DOWN"": 91, ""TRENDING_UP"": 52}",39.05635121012921989512743934,100,100,-789.5512486634960108111377558,-1076.186342334306270644709185,-1076.186342334306270644709185,,365,90
FUTURES_SHORT_MIRRORED_1X,365D-9,2023-12-22T00:00:00+00:00,2024-12-20T23:59:59.999999+00:00,TRADE_EXIT_TIME,-7.168934217935247053883719127,-6.801294208134858771428571420,-716.8934217935247053883719127,-680.1294208134858771428571420,19,0,19,21.05263157894736842105263158,0.4549718690968803739557601909,-37.73123272597498449412483751,-85.04702201795007629571428543,7.465690845266350634819261980,0,3.196347031963470319634703196,42.85151935654702503857142858,0.119711905213007120146844,6.207230281721203913203502,6.087518376508196793056658,0,False,False,19,15,4,0,0,"{""HIGH_VOLATILITY"": 6, ""RANGING"": 8553, ""TRENDING_DOWN"": 121, ""TRENDING_UP"": 80}",30.69533335998573724381179385,78.59242455814699284915521022,100,-900.5864088372561474912290558,-1187.221502508066407324800485,-1315.332881269122321324790485,,365,90
FUTURES_SHORT_MIRRORED_1X,365D-10,2024-03-21T00:00:00+00:00,2025-03-20T23:59:59.999999+00:00,TRADE_EXIT_TIME,-1.472116147581459963102195226,-0.9736599847404331571428571370,-147.2116147581459963102195226,-97.36599847404331571428571370,26,0,26,34.61538461538461538461538462,0.9059415378367781528933881593,-5.661985183005615242700750869,-83.5713869344125649039285711,5.473749072268147001582818127,0,4.383561643835616438356164384,56.31221212756800825785714287,0.210562167110706889460366,6.677158010576034551383700,6.466595843465327661923334,0,False,False,26,17,9,0,0,"{""HIGH_VOLATILITY"": 19, ""RANGING"": 8509, ""TRENDING_DOWN"": 158, ""TRENDING_UP"": 74}",13.59719195799119651699394464,39.60560991288214672865110520,63.53762589125809085386522690,-340.0056547668520249216480938,-708.7779709369905242207560800,-1048.109066671969999317898937,,365,90
FUTURES_SHORT_MIRRORED_1X,365D-11,2024-06-19T00:00:00+00:00,2025-06-18T23:59:59.999999+00:00,TRADE_EXIT_TIME,1.394863342070782341015798407,1.834124915133789042857142857,139.4863342070782341015798407,183.4124915133789042857142857,23,0,23,39.13043478260869565217391304,1.106738560733304221106858131,6.064623226394705830503471335,-85.04702201795007629571428543,4.883692381370829874793433119,0,4.132420091324200913242009132,48.85699856951749256785714286,0.552293735343252806460366,5.483134998560075190183064,4.930841263216822383722698,0,True,False,23,14,9,0,0,"{""HIGH_VOLATILITY"": 19, ""RANGING"": 8463, ""TRENDING_DOWN"": 163, ""TRENDING_UP"": 115}",13.33024844949604762004887395,38.97077230648120077600607655,64.25346443371022094583286131,-53.3077058016277945098487305,-424.1440184972595757480995734,-789.8050469448624702280995734,RESULT_DEPENDS_ON_FEW_TRADES,365,90
FUTURES_SHORT_MIRRORED_1X,365D-12,2024-09-17T00:00:00+00:00,2025-09-16T23:59:59.999999+00:00,TRADE_EXIT_TIME,0.8661155932525706647938558520,1.210175142904306342857142842,86.6115593252570664793855852,121.0175142904306342857142842,18,0,18,38.88888888888888888888888889,1.082746207826382448958163031,4.811753295847614804410310289,-88.5203070733775494370000000,5.806736519522406543906207258,0,3.824200913242009132420091324,38.63705251800929039285714286,0.432581830130245686313522,4.663679382965968272841966,4.231097552835722586528444,0,True,False,18,11,7,0,0,"{""HIGH_VOLATILITY"": 13, ""RANGING"": 8411, ""TRENDING_DOWN"": 136, ""TRENDING_UP"": 200}",17.01136546272033970113723547,49.73246016994344646089794914,78.30528199268086040358575623,-106.1824806834489621320429860,-477.0187933790807433702938289,-800.8416967037123568874366858,RESULT_DEPENDS_ON_FEW_TRADES,365,90
FUTURES_SHORT_MIRRORED_1X,365D-13,2024-12-16T00:00:00+00:00,2025-12-15T23:59:59.999999+00:00,TRADE_EXIT_TIME,3.642420138242621535076551917,4.063912690291418957142857120,364.2420138242621535076551917,406.3912690291418957142857120,23,0,23,43.47826086956521739130434783,1.286298959707247112617027904,15.83660929670705015250674747,-91.99359212880502257828571452,5.731424443013169395037220796,0,6.187214611872146118721461187,49.75395814230070086214285714,0.668899205497963865995028,8.273602142918922521507365,7.604702937420958655512337,0,True,False,23,13,10,0,0,"{""HIGH_VOLATILITY"": 13, ""RANGING"": 8407, ""TRENDING_DOWN"": 176, ""TRENDING_UP"": 164}",11.78097995983170342120866050,34.64654638760425787389887757,57.07554738955880664179356941,171.4479738155561248962266205,-202.7437270215856465132417335,-569.7910975518641560866354335,RESULT_DEPENDS_ON_FEW_TRADES,365,90
FUTURES_LONG_SHORT_BASELINE_1X,90D-1,2022-01-05T04:00:00+00:00,2022-03-31T23:59:59.999999+00:00,TRADE_EXIT_TIME,2.799218224439256124634907358,3.070799664180957228571428565,279.9218224439256124634907358,307.0799664180957228571428565,12,2,10,41.66666666666666666666666667,1.448030295974628918417718671,23.32681853699380103862422798,-67.8815545055974723707924232,5.804578443650561972555966266,3.446601941747572815533980583,14.61165048543689320388349515,27.41517542806041871857142857,2.191087208585386205847580,2.448118662475694530766888,0.257031453890308324919308,0,True,False,12,7,5,0,0,"{""RANGING"": 1939, ""TRENDING_DOWN"": 101, ""TRENDING_UP"": 20}",22.70745066643232988868197154,65.79828093631583462676096236,100,74.4863654422692304095825403,-315.3585598694264527174704751,-624.7832455950189563937981405,RESULT_DEPENDS_ON_FEW_TRADES,90,30
FUTURES_LONG_SHORT_BASELINE_1X,90D-2,2022-01-31T00:00:00+00:00,2022-04-30T23:59:59.999999+00:00,TRADE_EXIT_TIME,-4.460080446285885762038387675,-4.242454569031040557142857156,-446.0080446285885762038387675,-424.2454569031040557142857156,8,2,6,12.500,0.2403005446747380513036974177,-55.75100557857357202547984594,-80.69447466274202744478357145,4.460080446285885762038387680,3.287037037037037037037037037,5.925925925925925925925925926,20.32089801651617421785714286,2.361381163570521208318105,0.919691454602174936622196,-1.441689708968346271695909,0,False,False,8,7,1,0,0,"{""RANGING"": 2103, ""TRENDING_DOWN"": 37, ""TRENDING_UP"": 20}",100,100,100,-587.0848550728948623409800945,-587.0848550728948623409800945,-587.0848550728948623409800945,,90,30
FUTURES_LONG_SHORT_BASELINE_1X,90D-3,2022-03-02T00:00:00+00:00,2022-05-30T23:59:59.999999+00:00,TRADE_EXIT_TIME,-1.930376907076426184094761378,-1.755028533669827728571428586,-193.0376907076426184094761378,-175.5028533669827728571428586,7,1,6,28.57142857142857142857142857,0.5959228528380993712477885503,-27.5768129582346597727823054,-89.63957762694231952571428609,2.491029962236671549606076126,1.805555555555555555555555556,6.574074074074074074074074074,17.22697953253726291214285715,1.645006690379148100073435,1.337148882256565459883013,-0.307857808122582640190422,0,False,False,8,5,2,0,0,"{""HIGH_VOLATILITY"": 21, ""RANGING"": 2073, ""TRENDING_DOWN"": 65, ""TRENDING_UP"": 1}",50.44496721739028348316628528,100,100,-336.6480301300077726332862818,-477.7248405743140587704276088,-477.7248405743140587704276088,,90,30
FUTURES_LONG_SHORT_BASELINE_1X,90D-4,2022-04-01T00:00:00+00:00,2022-06-29T23:59:59.999999+00:00,TRADE_EXIT_TIME,-1.692449649182384721858854308,-1.304770958274384657142857143,-169.2449649182384721858854308,-130.4770958274384657142857143,18,3,15,33.33333333333333333333333333,0.8605734137121923111009676505,-9.402498051013248454771412822,-98.0949123570416795000256392,4.149443141855540736298500971,6.064814814814814814814814815,9.675925925925925925925925926,36.48555123788003540428571430,3.294299831833476360546799,1.011981978913505293232797,-2.282317852919971067314002,0,False,False,20,12,6,0,0,"{""HIGH_VOLATILITY"": 31, ""RANGING"": 1967, ""TRENDING_DOWN"": 140, ""TRENDING_UP"": 22}",18.98536298153607974962468501,56.62267326498400753931064384,88.86637221437141038303773050,-367.5697501940155718507425737,-760.7363958663688051043002693,-1097.560331065982665917110413,,90,30
FUTURES_LONG_SHORT_BASELINE_1X,90D-5,2022-05-01T00:00:00+00:00,2022-07-29T23:59:59.999999+00:00,TRADE_EXIT_TIME,2.926736727503053660856212958,3.501710014077360042857142887,292.6736727503053660856212958,350.1710014077360042857142887,25,8,17,40.0,1.195239313832125524316083650,11.70694691001221464342485183,-87.37596563233887724275428485,4.912485779210394750817399032,13.56481481481481481481481481,11.66666666666666666666666667,53.23429816559179166357142858,5.887315952275991123934984,1.624285460437144587413420,-4.263030491838846536521564,0,True,False,27,15,10,0,0,"{""HIGH_VOLATILITY"": 31, ""RANGING"": 1849, ""TRENDING_DOWN"": 176, ""TRENDING_UP"": 104}",11.07572591768822943870742826,33.15390955447708579947294359,54.98687582560837556965594468,94.2271678105837277764683951,-301.3530777371132483953370325,-692.5397034420192017412582365,RESULT_DEPENDS_ON_FEW_TRADES,90,30
FUTURES_LONG_SHORT_BASELINE_1X,90D-6,2022-05-31T00:00:00+00:00,2022-08-28T23:59:59.999999+00:00,TRADE_EXIT_TIME,1.553269982793556862721224570,2.239379977473231857142857198,155.3269982793556862721224570,223.9379977473231857142857198,27,10,17,37.03703703703703703703703704,1.093716107215343740929162677,5.752851788124284676745276185,-79.10381552647070642923791975,4.880780269519303753681549026,17.40740740740740740740740741,15.13888888888888888888888889,58.84381513288676810142857143,10.702683874092340193977854,0.935499539011608853243163,-9.767184335080731340734691,0,True,False,26,17,10,0,0,"{""HIGH_VOLATILITY"": 10, ""RANGING"": 1868, ""TRENDING_DOWN"": 170, ""TRENDING_UP"": 112}",10.94727776259138110566806419,32.76941480007734725944588197,54.34917832326596520689147478,-43.1195066603659520370304437,-438.6997522080629282088358713,-829.8863779129688815547570753,RESULT_DEPENDS_ON_FEW_TRADES,90,30
FUTURES_LONG_SHORT_BASELINE_1X,90D-7,2022-06-30T00:00:00+00:00,2022-09-27T23:59:59.999999+00:00,TRADE_EXIT_TIME,1.090253815817676899698815235,1.552963462338127428571428621,109.0253815817676899698815235,155.2963462338127428571428621,16,7,9,37.500,1.117130382469262008211295197,6.814086348860480623117595219,-75.3514555234705516823772479,4.034384329936863275562666629,11.34259259259259259259259259,12.31481481481481481481481481,39.71089968021923550142857144,8.306280588387081320211964,1.746215616561263934379197,-6.560064971825817385832767,0,True,False,15,10,6,0,0,"{""RANGING"": 1947, ""TRENDING_DOWN"": 122, ""TRENDING_UP"": 91}",19.08453299546301740225451036,56.23853543005407875559995360,87.68157678227260337709346698,-89.4211233579539483392713772,-475.7592082049509380269009025,-802.7130646344632108705182849,RESULT_DEPENDS_ON_FEW_TRADES,90,30
FUTURES_LONG_SHORT_BASELINE_1X,90D-8,2022-07-30T00:00:00+00:00,2022-10-27T23:59:59.999999+00:00,TRADE_EXIT_TIME,-1.701700223158618814167970979,-1.481979379027026571428571408,-170.1700223158618814167970979,-148.1979379027026571428571408,7,2,5,28.57142857142857142857142857,0.6323778430435916673249455575,-24.31000318798026877382815684,-77.96384581284512429993163885,2.051587190596771588800067700,5.648148148148148148148148148,8.472222222222222222222222222,17.75688588753947643714285715,5.349110660657372476995674,1.133912135037624640198574,-4.215198525619747836797100,0,False,False,7,5,2,0,0,"{""RANGING"": 2058, ""TRENDING_DOWN"": 75, ""TRENDING_UP"": 27}",56.24184358426494469426490013,100,100,-334.8032793250349753082256691,-462.8938139222119698298528138,-462.8938139222119698298528138,,90,30
FUTURES_LONG_SHORT_BASELINE_1X,90D-9,2022-08-29T00:00:00+00:00,2022-11-26T23:59:59.999999+00:00,TRADE_EXIT_TIME,-1.574035204708101534544957584,-1.396665235254184485714285722,-157.4035204708101534544957584,-139.6665235254184485714285722,7,1,6,28.57142857142857142857142857,0.6703113173129953789856439765,-22.48621721011573620778510834,-88.944879875283720540000000,2.837613565388491069992538794,2.175925925925925925925925926,5.370370370370370370370370370,15.44130630009697792428571428,3.622856132983409768980046,1.327165487688682810198574,-2.295690645294726958781472,0,False,False,7,5,2,0,0,"{""RANGING"": 2081, ""TRENDING_DOWN"": 61, ""TRENDING_UP"": 18}",59.97511580666115845702578569,100,100,-349.3402318699988810430671865,-477.4307664671758755646943312,-477.4307664671758755646943312,,90,30
FUTURES_LONG_SHORT_BASELINE_1X,90D-10,2022-09-28T00:00:00+00:00,2022-12-26T23:59:59.999999+00:00,TRADE_EXIT_TIME,-2.677868771193088046658684251,-2.527240256772646300000000011,-267.7868771193088046658684251,-252.7240256772646300000000011,6,1,5,16.66666666666666666666666667,0.4175045966593161291428682621,-44.63114618655146744431140418,-86.83886416942177110370985725,2.677868771193088046658684260,2.175925925925925925925925926,5.370370370370370370370370370,12.88028316537093564500000000,3.092635115711628465562572,0.910066839038389444694148,-2.182568276673239020868424,0,False,False,6,5,1,0,0,"{""RANGING"": 2110, ""TRENDING_DOWN"": 32, ""TRENDING_UP"": 18}",100,100,100,-459.7235885184975322544398532,-459.7235885184975322544398532,-459.7235885184975322544398532,,90,30
FUTURES_LONG_SHORT_BASELINE_1X,90D-11,2022-10-28T00:00:00+00:00,2023-01-25T23:59:59.999999+00:00,TRADE_EXIT_TIME,-2.677868771193088046658684251,-2.527240256772646300000000011,-267.7868771193088046658684251,-252.7240256772646300000000011,6,1,5,16.66666666666666666666666667,0.4175045966593161291428682621,-44.63114618655146744431140418,-86.83886416942177110370985725,2.677868771193088046658684260,0.3703703703703703703703703704,5.370370370370370370370370370,12.88028316537093564500000000,3.092635115711628465562572,0.910066839038389444694148,-2.182568276673239020868424,0,False,False,5,5,1,0,0,"{""RANGING"": 2124, ""TRENDING_DOWN"": 32, ""TRENDING_UP"": 4}",100,100,100,-459.7235885184975322544398532,-459.7235885184975322544398532,-459.7235885184975322544398532,,90,30
FUTURES_LONG_SHORT_BASELINE_1X,90D-12,2022-11-27T00:00:00+00:00,2023-02-24T23:59:59.999999+00:00,TRADE_EXIT_TIME,-1.417633834747827780853058527,-1.374805630509737228571428579,-141.7633834747827780853058527,-137.4805630509737228571428579,2,1,1,0,0E+25,-70.88169173739138904265292635,-70.88169173739138904265292635,1.417633834747827780853058530,0.04629629629629629629629629630,3.564814814814814814814814815,4.999633910196386502857142857,0,0.716813486387331274694148,0.716813486387331274694148,0,False,False,2,2,0,0,0,"{""RANGING"": 2144, ""TRENDING_DOWN"": 6, ""TRENDING_UP"": 10}",0,0,0,-141.7633834747827780853058527,-141.7633834747827780853058527,-141.7633834747827780853058527,,90,30
FUTURES_LONG_SHORT_BASELINE_1X,90D-13,2022-12-27T00:00:00+00:00,2023-03-26T23:59:59.999999+00:00,TRADE_EXIT_TIME,-1.105856285731508882880091518,-0.9972249369899971714285714381,-110.5856285731508882880091518,-99.72249369899971714285714381,4,3,1,25.00,0.5000145788589213888823481072,-27.64640714328772207200228795,-66.3335468683084544485714290,1.548793360169342819061091520,1.2500,0.7870370370370370370370370370,9.921723595997852820000000000,0.998567645068360371900000,0.057156366915042046747992,-0.941411278153318325152008,0,False,False,4,3,1,0,0,"{""RANGING"": 2128, ""TRENDING_DOWN"": 7, ""TRENDING_UP"": 25}",100,100,100,-221.1777061834517864661091524,-221.1777061834517864661091524,-221.1777061834517864661091524,,90,30
FUTURES_LONG_SHORT_BASELINE_1X,90D-14,2023-01-26T00:00:00+00:00,2023-04-25T23:59:59.999999+00:00,TRADE_EXIT_TIME,-1.105856285731508882880091518,-0.9972249369899971714285714381,-110.5856285731508882880091518,-99.72249369899971714285714381,4,3,1,25.00,0.5000145788589213888823481072,-27.64640714328772207200228795,-66.3335468683084544485714290,1.548793360169342819061091520,1.2500,0.7870370370370370370370370370,9.921723595997852820000000000,0.998567645068360371900000,0.057156366915042046747992,-0.941411278153318325152008,0,False,False,4,3,1,0,0,"{""RANGING"": 2130, ""TRENDING_DOWN"": 7, ""TRENDING_UP"": 23}",100,100,100,-221.1777061834517864661091524,-221.1777061834517864661091524,-221.1777061834517864661091524,,90,30
FUTURES_LONG_SHORT_BASELINE_1X,90D-15,2023-02-25T00:00:00+00:00,2023-05-25T23:59:59.999999+00:00,TRADE_EXIT_TIME,-0.4421690500305148395086629428,-0.3580979260437306857142857199,-44.21690500305148395086629428,-35.80979260437306857142857199,3,2,1,33.33333333333333333333333333,0.7143776526618827787281420056,-14.73896833435049465028876476,-66.29837016651750456000000041,0.8851061244683487756896629400,1.203703703703703703703703704,0.7870370370370370370370370370,7.465701120525097054285714286,0.998567645068360371900000,0.057156366915042046747992,-0.941411278153318325152008,0,False,False,3,2,1,0,0,"{""RANGING"": 2136, ""TRENDING_DOWN"": 7, ""TRENDING_UP"": 17}",100,100,100,-154.8089826133523821289662949,-154.8089826133523821289662949,-154.8089826133523821289662949,,90,30
FUTURES_LONG_SHORT_BASELINE_1X,90D-16,2023-03-27T00:00:00+00:00,2023-06-24T23:59:59.999999+00:00,TRADE_EXIT_TIME,0,0,0,0,0,0,0,,,,,0,0,0,0,0,0,0,0,False,True,0,0,0,0,0,"{""RANGING"": 2154, ""TRENDING_UP"": 6}",0,0,0,0,0,0,,90,30
FUTURES_LONG_SHORT_BASELINE_1X,90D-17,2023-04-26T00:00:00+00:00,2023-07-24T23:59:59.999999+00:00,TRADE_EXIT_TIME,0,0,0,0,0,0,0,,,,,0,0,0,0,0,0,0,0,False,True,0,0,0,0,0,"{""RANGING"": 2156, ""TRENDING_UP"": 4}",0,0,0,0,0,0,,90,30
FUTURES_LONG_SHORT_BASELINE_1X,90D-18,2023-05-26T00:00:00+00:00,2023-08-23T23:59:59.999999+00:00,TRADE_EXIT_TIME,-0.5222728854418780850428571492,-0.4922805334451981142857142921,-52.22728854418780850428571492,-49.22805334451981142857142921,1,0,1,0,0E+26,-52.22728854418780850428571492,-52.22728854418780850428571492,0.5222728854418780850428571500,0,1.018518518518518518518518519,2.484946445125072735714285714,0.514288754542924340000000,0,-0.514288754542924340000000,0,False,False,1,1,0,0,0,"{""RANGING"": 2151, ""TRENDING_DOWN"": 5, ""TRENDING_UP"": 4}",0,0,0,-52.22728854418780850428571492,-52.22728854418780850428571492,-52.22728854418780850428571492,,90,30
FUTURES_LONG_SHORT_BASELINE_1X,90D-19,2023-06-25T00:00:00+00:00,2023-09-22T23:59:59.999999+00:00,TRADE_EXIT_TIME,-0.5222728854418780850428571492,-0.4922805334451981142857142921,-52.22728854418780850428571492,-49.22805334451981142857142921,1,0,1,0,0E+26,-52.22728854418780850428571492,-52.22728854418780850428571492,0.5222728854418780850428571500,0,1.018518518518518518518518519,2.484946445125072735714285714,0.514288754542924340000000,0,-0.514288754542924340000000,0,False,False,1,1,0,0,0,"{""RANGING"": 2155, ""TRENDING_DOWN"": 5}",0,0,0,-52.22728854418780850428571492,-52.22728854418780850428571492,-52.22728854418780850428571492,,90,30
FUTURES_LONG_SHORT_BASELINE_1X,90D-20,2023-07-25T00:00:00+00:00,2023-10-22T23:59:59.999999+00:00,TRADE_EXIT_TIME,-0.5222728854418780850428571492,-0.4922805334451981142857142921,-52.22728854418780850428571492,-49.22805334451981142857142921,1,0,1,0,0E+26,-52.22728854418780850428571492,-52.22728854418780850428571492,0.5222728854418780850428571500,0,1.018518518518518518518518519,2.484946445125072735714285714,0.514288754542924340000000,0,-0.514288754542924340000000,0,False,False,1,1,0,0,0,"{""RANGING"": 2155, ""TRENDING_DOWN"": 5}",0,0,0,-52.22728854418780850428571492,-52.22728854418780850428571492,-52.22728854418780850428571492,,90,30
FUTURES_LONG_SHORT_BASELINE_1X,90D-21,2023-08-24T00:00:00+00:00,2023-11-21T23:59:59.999999+00:00,TRADE_EXIT_TIME,-0.7062817077664685097428571467,-0.6821500267421453714285714324,-70.62817077664685097428571467,-68.21500267421453714285714324,1,1,0,0,0E+26,-70.62817077664685097428571467,-70.62817077664685097428571467,0.7062817077664685097428571500,0.04629629629629629629629629630,0,2.413168102432313831428571428,0,0,0,0,False,False,1,1,0,0,0,"{""RANGING"": 2146, ""TRENDING_UP"": 14}",0,0,0,-70.62817077664685097428571467,-70.62817077664685097428571467,-70.62817077664685097428571467,,90,30
FUTURES_LONG_SHORT_BASELINE_1X,90D-22,2023-09-23T00:00:00+00:00,2023-12-21T23:59:59.999999+00:00,TRADE_EXIT_TIME,-0.7062817077664685097428571467,-0.6821500267421453714285714324,-70.62817077664685097428571467,-68.21500267421453714285714324,1,1,0,0,0E+26,-70.62817077664685097428571467,-70.62817077664685097428571467,0.7062817077664685097428571500,0.04629629629629629629629629630,0,2.413168102432313831428571428,0,0,0,0,False,False,1,1,0,0,0,"{""RANGING"": 2146, ""TRENDING_UP"": 14}",0,0,0,-70.62817077664685097428571467,-70.62817077664685097428571467,-70.62817077664685097428571467,,90,30
FUTURES_LONG_SHORT_BASELINE_1X,90D-23,2023-10-23T00:00:00+00:00,2024-01-20T23:59:59.999999+00:00,TRADE_EXIT_TIME,-1.725898638590030292657142863,-1.668854523784919428571428576,-172.5898638590030292657142863,-166.8854523784919428571428576,2,2,0,0,0E+25,-86.29493192950151463285714315,-86.29493192950151463285714315,1.725898638590030292657142870,2.175925925925925925925925926,0,4.583456730352626408571428571,1.120954750158460000000000,0,-1.120954750158460000000000,0,False,False,2,2,0,0,0,"{""RANGING"": 2135, ""TRENDING_UP"": 25}",0,0,0,-172.5898638590030292657142863,-172.5898638590030292657142863,-172.5898638590030292657142863,,90,30
FUTURES_LONG_SHORT_BASELINE_1X,90D-24,2023-11-22T00:00:00+00:00,2024-02-19T23:59:59.999999+00:00,TRADE_EXIT_TIME,-1.586311262133365408718800005,-1.553205481756772285714285719,-158.6311262133365408718800005,-155.3205481756772285714285719,2,1,1,0,0E+25,-79.31556310666827043594000025,-79.31556310666827043594000025,1.586311262133365408718800010,2.129629629629629629629629630,3.518518518518518518518518519,4.602741801949482328571428571,1.120954750158460000000000,2.413118514448630028120000,1.292163764290170028120000,0,False,False,2,2,0,0,0,"{""RANGING"": 2141, ""TRENDING_DOWN"": 8, ""TRENDING_UP"": 11}",0,0,0,-158.6311262133365408718800005,-158.6311262133365408718800005,-158.6311262133365408718800005,,90,30
FUTURES_LONG_SHORT_BASELINE_1X,90D-25,2023-12-22T00:00:00+00:00,2024-03-20T23:59:59.999999+00:00,TRADE_EXIT_TIME,-3.517894135081988406457371438,-3.443568675130708628571428582,-351.7894135081988406457371438,-344.3568675130708628571428582,4,1,3,0,0E+25,-87.94735337704971016143428595,-96.5791436474311498869285717,3.517894135081988406457371450,2.129629629629629629629629630,4.583333333333333333333333333,9.270396829761528685714285715,1.120954750158460000000000,2.958805584792010897120000,1.837850834633550897120000,0,False,False,4,4,0,0,0,"{""RANGING"": 2125, ""TRENDING_DOWN"": 24, ""TRENDING_UP"": 11}",0,0,0,-351.7894135081988406457371438,-351.7894135081988406457371438,-351.7894135081988406457371438,,90,30
FUTURES_LONG_SHORT_BASELINE_1X,90D-26,2024-01-21T00:00:00+00:00,2024-04-19T23:59:59.999999+00:00,TRADE_EXIT_TIME,-3.788833663947163322095085721,-3.675082029295435071428571434,-378.8833663947163322095085721,-367.5082029295435071428571434,7,0,7,14.28571428571428571428571429,0.2827995516427989445260361762,-54.12619519924519031564408173,-94.90039099717291751242857174,3.788833663947163322095085720,0,6.805555555555555555555555556,15.29824834743201110357142857,0,3.923084882259186036920000,3.923084882259186036920000,0,False,False,7,6,1,0,0,"{""RANGING"": 2112, ""TRENDING_DOWN"": 40, ""TRENDING_UP"": 8}",100,100,100,-528.2809948914223255580800008,-528.2809948914223255580800008,-528.2809948914223255580800008,,90,30
FUTURES_LONG_SHORT_BASELINE_1X,90D-27,2024-02-20T00:00:00+00:00,2024-05-19T23:59:59.999999+00:00,TRADE_EXIT_TIME,-4.726388096137134171525024017,-4.567799948312782114285714289,-472.6388096137134171525024017,-456.7799948312782114285714289,8,0,8,12.500,0.2401750433632732085115067751,-59.07985120171417714406280021,-90.0328606659301746863142860,4.726388096137134171525024020,0,3.842592592592592592592592593,17.53808563258867217571428571,0,1.679270850153466451783313,1.679270850153466451783313,0,False,False,8,7,1,0,0,"{""RANGING"": 2111, ""TRENDING_DOWN"": 41, ""TRENDING_UP"": 8}",100,100,100,-622.0364381104194105010738304,-622.0364381104194105010738304,-622.0364381104194105010738304,,90,30
FUTURES_LONG_SHORT_BASELINE_1X,90D-28,2024-03-21T00:00:00+00:00,2024-06-18T23:59:59.999999+00:00,TRADE_EXIT_TIME,-1.088555101212369277977629442,-0.9248042756464572000000000,-108.8555101212369277977629442,-92.4804275646457200000000000,7,1,6,28.57142857142857142857142857,0.7461854610354090649308186936,-15.55078716017670397110899203,-77.94021699744582643714285681,3.415191644012830142777732183,2.777777777777777777777777778,2.777777777777777777777777778,15.22959416940765124714285714,2.279072166993642133403400,1.133583779810085582783313,-1.145488387183556550620087,0,False,False,7,5,2,0,0,"{""RANGING"": 2108, ""TRENDING_DOWN"": 25, ""TRENDING_UP"": 27}",53.31654405057925382942833440,100,100,-279.4805223188511173786452583,-428.8781508155571107272166870,-428.8781508155571107272166870,,90,30
FUTURES_LONG_SHORT_BASELINE_1X,90D-29,2024-04-20T00:00:00+00:00,2024-07-18T23:59:59.999999+00:00,TRADE_EXIT_TIME,-0.7100171065456503931742852030,-0.6020638164962507000000000020,-71.0017106545650393174285203,-60.2063816496250700000000002,4,1,3,25.00,0.7061512492639235593221061416,-17.75042766364125982935713008,-75.2124381749887237617226292,1.504248763499774475234452590,2.777777777777777777777777778,2.175925925925925925925925926,9.390685207038089472142857143,2.279072166993642133403400,0.874428369091762288117737,-1.404643797901879845285663,0,False,False,4,3,1,0,0,"{""RANGING"": 2126, ""TRENDING_DOWN"": 15, ""TRENDING_UP"": 19}",100,100,100,-241.6267228521792288983108344,-241.6267228521792288983108344,-241.6267228521792288983108344,,90,30
FUTURES_LONG_SHORT_BASELINE_1X,90D-30,2024-05-20T00:00:00+00:00,2024-08-17T23:59:59.999999+00:00,TRADE_EXIT_TIME,1.238809064653018476508075386,1.400004825918036842857142867,123.8809064653018476508075386,140.0004825918036842857142867,7,1,6,42.85714285714285714285714286,1.354506245456959344284890542,17.69727235218597823582964837,-68.613285530234752320000000,1.838667527857816452245471678,2.777777777777777777777777778,3.148148148148148148148148148,14.60394040457422812500000000,2.394858459795070235041172,0.879222737867461725134424,-1.515635721927608509906748,0,True,False,7,4,3,0,0,"{""HIGH_VOLATILITY"": 6, ""RANGING"": 2101, ""TRENDING_DOWN"": 34, ""TRENDING_UP"": 19}",37.53625022172001689487533539,100,100,-53.7883894118187265206210332,-349.4463300797961451843604905,-349.4463300797961451843604905,RESULT_DEPENDS_ON_FEW_TRADES,90,30
FUTURES_LONG_SHORT_BASELINE_1X,90D-31,2024-06-19T00:00:00+00:00,2024-09-16T23:59:59.999999+00:00,TRADE_EXIT_TIME,-0.4674410573231234193007477551,-0.3526276533743517285714285607,-46.74410573231234193007477551,-35.26276533743517285714285607,6,0,6,33.33333333333333333333333333,0.8662338055699760382128574941,-7.790684288718723655012462585,-79.907566016218266847432788,1.869597840550126223776166786,0,3.148148148148148148148148148,12.24477683994320269642857143,0.115786292801428101637772,0.879222737867461725134424,0.763436445066033623496652,0,False,False,6,4,2,0,0,"{""HIGH_VOLATILITY"": 6, ""RANGING"": 2112, ""TRENDING_DOWN"": 42}",58.69441371305121071839670655,100,100,-224.4134016094329161015033473,-349.4463300797961451843604905,-349.4463300797961451843604905,,90,30
FUTURES_LONG_SHORT_BASELINE_1X,90D-32,2024-07-19T00:00:00+00:00,2024-10-16T23:59:59.999999+00:00,TRADE_EXIT_TIME,-0.09380723424376933745790549960,0.02463790973819422857142858680,-9.38072342437693374579054996,2.46379097381942285714285868,6,0,6,33.33333333333333333333333333,0.9699415700494009631001849925,-1.56345390406282229096509166,-61.2258748622505627552906752,2.379006706871200096136084339,0,2.870370370370370370370370370,12.21422754729667723857142857,0.115786292801428101637772,0.485499441901748737275792,0.369713149100320635638020,0,False,False,6,4,2,0,0,"{""HIGH_VOLATILITY"": 6, ""RANGING"": 2109, ""TRENDING_DOWN"": 45}",58.69441371305121071839670655,100,100,-187.0500193014975079172191218,-312.0829477718607370000762650,-312.0829477718607370000762650,,90,30
FUTURES_LONG_SHORT_BASELINE_1X,90D-33,2024-08-18T00:00:00+00:00,2024-11-15T23:59:59.999999+00:00,TRADE_EXIT_TIME,0.07916747413596481502943590640,0.1671613960734080571428571482,7.91674741359648150294359064,16.71613960734080571428571482,3,2,1,33.33333333333333333333333333,1.072027141952181108183099746,2.63891580453216050098119688,-53.83846419426637319058135043,0.5571837555883511335402949841,2.592592592592592592592592593,1.342592592592592592592592593,6.971031452236528127142857143,2.139761332290934941475059,0.311400590783138857275792,-1.828360741507796084199267,0,True,False,3,2,1,0,0,"{""RANGING"": 2101, ""TRENDING_DOWN"": 17, ""TRENDING_UP"": 42}",100,100,100,-109.9133909665944826021811860,-109.9133909665944826021811860,-109.9133909665944826021811860,RESULT_DEPENDS_ON_FEW_TRADES,90,30
FUTURES_LONG_SHORT_BASELINE_1X,90D-34,2024-09-17T00:00:00+00:00,2024-12-15T23:59:59.999999+00:00,TRADE_EXIT_TIME,-0.7489613594797700714705640908,-0.6375175931956469428571428490,-74.89613594797700714705640908,-63.75175931956469428571428490,4,2,2,25.00,0.6113859606892710110384892874,-18.72403398699425178676410227,-54.9566954832972413010905930,1.380046949861335422003465360,2.592592592592592592592592593,1.435185185185185185185185185,9.316015886904516777142857143,2.139761332290934941475059,0.311400590783138857275792,-1.828360741507796084199267,0,False,False,4,3,1,0,0,"{""RANGING"": 2105, ""TRENDING_DOWN"": 13, ""TRENDING_UP"": 42}",100,100,100,-192.7262743281679712521811857,-192.7262743281679712521811857,-192.7262743281679712521811857,,90,30
FUTURES_LONG_SHORT_BASELINE_1X,90D-35,2024-10-17T00:00:00+00:00,2025-01-14T23:59:59.999999+00:00,TRADE_EXIT_TIME,1.225051905660054365220096012,1.342604164186839957142857143,122.5051905660054365220096012,134.2604164186839957142857143,6,2,4,50.0,1.521881248803682608507583383,20.4175317610009060870016002,29.29591870876619037896812648,1.372703516805005125959290319,2.592592592592592592592592593,6.759259259259259259259259259,13.44813468690649516214285714,2.139761332290934941475059,3.832670166518870911341803,1.692908834227935969866744,0,True,False,6,3,3,0,0,"{""RANGING"": 2088, ""TRENDING_DOWN"": 30, ""TRENDING_UP"": 42}",34.91909132857571380017002421,100,100,-2.2407716553134129940803988,-234.7376742253648672687412639,-234.7376742253648672687412639,RESULT_DEPENDS_ON_FEW_TRADES,90,30
FUTURES_LONG_SHORT_BASELINE_1X,90D-36,2024-11-16T00:00:00+00:00,2025-02-13T23:59:59.999999+00:00,TRADE_EXIT_TIME,5.668252348390894334394652491,5.771526410726560142857142850,566.8252348390894334394652491,577.1526410726560142857142850,7,0,7,71.42857142857142857142857143,4.172598893275639139527585114,80.9750335484413476342093213,124.745962221318849516090000,0.9544961447039134797488823841,0,6.944444444444444444444444444,14.23078971626462220285714286,0,3.903383482698041356608107,3.903383482698041356608107,0,True,False,7,2,5,0,0,"{""HIGH_VOLATILITY"": 13, ""RANGING"": 2109, ""TRENDING_DOWN"": 38}",25.18208890671932951419518572,67.88509914337380921393811473,100,379.0957883493781642280366779,60.7499789581425818284846600,-178.6627474530367578571414285,,90,30
FUTURES_LONG_SHORT_BASELINE_1X,90D-37,2024-12-16T00:00:00+00:00,2025-03-15T23:59:59.999999+00:00,TRADE_EXIT_TIME,3.273776527030501510899462900,3.479413524477977614285714273,327.3776527030501510899462900,347.9413524477977614285714273,12,0,12,50.0,1.549938953859850926723048895,27.2814710585875125908288575,9.40845004919861048119732988,4.613063030407007290316933014,0,10.41666666666666666666666667,24.61567938287159917928571429,0.088463675090449829158218,4.140443313214438669818795,4.051979638123988840660577,0,True,False,12,6,6,0,0,"{""HIGH_VOLATILITY"": 13, ""RANGING"": 2064, ""TRENDING_DOWN"": 78, ""TRENDING_UP"": 5}",20.34619764849476423301988802,59.08193000956226150935435872,87.57236708707758474346186571,139.6482062133388818785177188,-217.7570309295715546038914416,-480.6314055529590699499814416,RESULT_DEPENDS_ON_FEW_TRADES,90,30
FUTURES_LONG_SHORT_BASELINE_1X,90D-38,2025-01-15T00:00:00+00:00,2025-04-14T23:59:59.999999+00:00,TRADE_EXIT_TIME,1.763330131788795625026044868,2.005424848237676314285714271,176.3330131788795625026044868,200.5424848237676314285714271,12,0,12,41.66666666666666666666666667,1.256369777988235509089871194,14.6944177649066302085503739,-93.08569464231168103085714305,4.745086574194434880362488327,0,5.509259259259259259259259259,24.09602665022346027428571429,0.421218141360176410158218,0.307773146695567758476992,-0.113444994664608651681226,0,True,False,12,7,5,0,0,"{""HIGH_VOLATILITY"": 13, ""RANGING"": 2062, ""TRENDING_DOWN"": 80, ""TRENDING_UP"": 5}",21.72441633913690149950148373,63.51099053927946450189689704,100,-11.3964333108317067088240844,-372.4910801281957772233761021,-687.8073326840079629662332446,RESULT_DEPENDS_ON_FEW_TRADES,90,30
FUTURES_LONG_SHORT_BASELINE_1X,90D-39,2025-02-14T00:00:00+00:00,2025-05-14T23:59:59.999999+00:00,TRADE_EXIT_TIME,-0.2393216625652100224519957970,0.09450233795455819999999999510,-23.93216625652100224519957970,9.45023379545581999999999951,14,5,9,35.71428571428571428571428571,0.9725010292326846359255722884,-1.709440446894357303228541407,-91.2429153069029920844770320,5.874487027010498171749518945,4.120370370370370370370370370,5.324074074074074074074074074,30.56878445795066976714285715,3.050675424542549791267410,0.237059830516397313210688,-2.813615594026152478056722,0,False,False,14,9,5,0,0,"{""RANGING"": 2024, ""TRENDING_DOWN"": 72, ""TRENDING_UP"": 64}",21.74493485282738258682521200,64.05136097993672345266694363,100,-207.9728136828904441611995800,-566.0379036648311180190567223,-870.2931632978139471351873087,,90,30
FUTURES_LONG_SHORT_BASELINE_1X,90D-40,2025-03-16T00:00:00+00:00,2025-06-13T23:59:59.999999+00:00,TRADE_EXIT_TIME,2.178210275384054297361923468,2.421450928997331085714285714,217.8210275384054297361923468,242.1450928997331085714285714,9,6,3,44.44444444444444444444444444,1.482596654307372738151870516,24.20233639315615885957692742,-80.50727170268633901812703245,2.743246153624683143976712588,5.833333333333333333333333333,1.759259259259259259259259259,20.24089193716141956857142857,4.083173424166259266664796,0,-4.083173424166259266664796,0,True,False,9,5,4,0,0,"{""RANGING"": 2062, ""TRENDING_DOWN"": 30, ""TRENDING_UP"": 68}",27.50269426262960212570342281,79.07731567618034740940967801,100,33.7803801120359878201923465,-311.3431421538236018464076536,-451.3521293491439952409382397,RESULT_DEPENDS_ON_FEW_TRADES,90,30
FUTURES_LONG_SHORT_BASELINE_1X,90D-41,2025-04-15T00:00:00+00:00,2025-07-13T23:59:59.999999+00:00,TRADE_EXIT_TIME,1.244097205287110653511867883,1.448030706948556157142857143,124.4097205287110653511867883,144.8030706948556157142857143,7,6,1,42.85714285714285714285714286,1.341891847324177245009790551,17.77281721838729505016954119,-80.50727170268633901812703245,2.625267079366618585844666888,9.212962962962962962962962963,1.898148148148148148148148148,16.73223254150151031500000000,3.750418957896532685664796,0.089301333253492637565870,-3.661117624643040048098926,0,True,False,8,4,3,0,0,"{""RANGING"": 2060, ""TRENDING_DOWN"": 17, ""TRENDING_UP"": 83}",37.69039321560386079205841840,100,100,-59.6309268976583765648132120,-363.8861865306412056809437984,-363.8861865306412056809437984,RESULT_DEPENDS_ON_FEW_TRADES,90,30
FUTURES_LONG_SHORT_BASELINE_1X,90D-42,2025-05-15T00:00:00+00:00,2025-08-12T23:59:59.999999+00:00,TRADE_EXIT_TIME,0.3863496960696879298656033165,0.6053617003390771857142857115,38.63496960696879298656033165,60.53617003390771857142857115,6,5,1,50.0,1.146425878941961742752750621,6.439161601161465497760055275,2.31249677252581461493892704,1.814003559168352215119897340,12.87037037037037037037037037,1.898148148148148148148148148,14.64793232781382714642857143,7.342569432378591076005538,0.089301333253492637565870,-7.253268099125098438439668,0,True,False,6,3,3,0,0,"{""RANGING"": 2076, ""TRENDING_DOWN"": 17, ""TRENDING_UP"": 67}",36.32731359933283555211782286,100,100,-71.25093795338765368103966845,-263.8534245867998915567154490,-263.8534245867998915567154490,RESULT_DEPENDS_ON_FEW_TRADES,90,30
FUTURES_LONG_SHORT_BASELINE_1X,90D-43,2025-06-14T00:00:00+00:00,2025-09-11T23:59:59.999999+00:00,TRADE_EXIT_TIME,0.5645887884307789817458593585,0.7799411605138119857142857131,56.45887884307789817458593585,77.99411605138119857142857131,6,5,1,50.0,1.229480104298060905181762418,9.409813140512983029097655975,11.22445139058036720895172909,1.008930842141488824938627020,12.36111111111111111111111111,1.898148148148148148148148148,14.66632002118155282642857143,6.958218520375240207979934,0.089301333253492637565870,-6.868917187121747570414064,0,True,False,6,3,3,0,0,"{""RANGING"": 2060, ""TRENDING_DOWN"": 15, ""TRENDING_UP"": 85}",36.32731359933283555211782286,100,100,-53.42702871727854849301406425,-246.0295153506907863686898448,-246.0295153506907863686898448,RESULT_DEPENDS_ON_FEW_TRADES,90,30
FUTURES_LONG_SHORT_BASELINE_1X,90D-44,2025-07-14T00:00:00+00:00,2025-10-11T23:59:59.999999+00:00,TRADE_EXIT_TIME,3.232502065947995828427343521,3.447925939304537871428571434,323.2502065947995828427343521,344.7925939304537871428571434,6,5,1,66.66666666666666666666666667,3.227216172145581052335315878,53.87503443246659714045572535,96.30124331670611893783789025,0.8069902588241298729715642311,8.981481481481481481481481481,1.203703703703703703703703704,14.58416881527896409214285715,6.958218520375240207979934,0,-6.958218520375240207979934,0,True,False,6,2,4,0,0,"{""RANGING"": 2079, ""TRENDING_DOWN"": 11, ""TRENDING_UP"": 70}",35.41908119777088498808044277,81.82436081864308642975875258,100,157.3519630572267806684486376,-60.0041658888039356268222565,-145.1364311365419038748271430,RESULT_DEPENDS_ON_FEW_TRADES,90,30
FUTURES_LONG_SHORT_BASELINE_1X,90D-45,2025-08-13T00:00:00+00:00,2025-11-10T23:59:59.999999+00:00,TRADE_EXIT_TIME,0.5033464004053095543502745040,0.6222429686836253857142857180,50.3346400405309554350274504,62.2242968683625385714285718,5,1,4,40.0,1.187411162689393819704650181,10.06692800810619108700549008,-62.68336246657723383010142835,1.019026890976237255527182699,1.203703703703703703703703704,2.777777777777777777777777778,11.28097290388377170642857143,0.976072263459815562813414,0.367388339512004132840864,-0.608683923947811429972550,0,True,False,5,3,2,0,0,"{""RANGING"": 2108, ""TRENDING_DOWN"": 25, ""TRENDING_UP"": 27}",52.01985632875201949310847312,100,100,-115.5636034970418467392582641,-268.5786658500867898863848425,-268.5786658500867898863848425,RESULT_DEPENDS_ON_FEW_TRADES,90,30
FUTURES_LONG_SHORT_BASELINE_1X,90D-46,2025-09-12T00:00:00+00:00,2025-12-10T23:59:59.999999+00:00,TRADE_EXIT_TIME,0.6405264211549124784059917735,0.7936970703958567428571428556,64.05264211549124784059917735,79.36970703958567428571428556,8,1,7,37.500,1.143679433187697219112690478,8.006580264436405980074897169,-67.97447838053398222142857155,2.328300413447617653552081905,0.7870370370370370370370370370,11.01851851851851851851851852,18.57802838399344120428571428,0.723229960713957886283414,3.984193420612972645454020,3.260963459899014759170606,0,True,False,8,5,3,0,0,"{""RANGING"": 2101, ""TRENDING_DOWN"": 53, ""TRENDING_UP"": 6}",37.45020573330083307471275726,100,100,-126.8891356586565289454735904,-445.8024415492742742668858832,-445.8024415492742742668858832,RESULT_DEPENDS_ON_FEW_TRADES,90,30
FUTURES_LONG_SHORT_BASELINE_1X,180D-1,2022-01-05T04:00:00+00:00,2022-06-29T23:59:59.999999+00:00,TRADE_EXIT_TIME,1.106768575256871402776053050,1.766028705906572571428571422,110.6768575256871402776053050,176.6028705906572571428571422,30,5,25,36.66666666666666666666666667,1.060194708742869962671778430,3.6892285841895713425868435,-81.34151915938893251225967435,7.556425301690830449015809934,4.786729857819905213270142180,12.08530805687203791469194313,63.90072666594045412285714287,5.485387040418862566394379,3.460100641389199823999685,-2.025286399029662742394694,0,True,False,32,19,11,0,0,"{""HIGH_VOLATILITY"": 31, ""RANGING"": 3906, ""TRENDING_DOWN"": 241, ""TRENDING_UP"": 42}",10.53880255146067720439286360,30.91320294369991213103261907,51.08258221753979303390370832,-94.7585994759692417763028905,-491.9217719783582422377314622,-885.0884176507114754912891578,RESULT_DEPENDS_ON_FEW_TRADES,180,60
FUTURES_LONG_SHORT_BASELINE_1X,180D-2,2022-03-02T00:00:00+00:00,2022-08-28T23:59:59.999999+00:00,TRADE_EXIT_TIME,-0.3771069242828693213735368080,0.4843514438034041285714286116,-37.71069242828693213735368080,48.43514438034041285714286116,34,11,23,35.29411764705882352941176471,0.9823381146364501663372098288,-1.109138012596674474628049435,-85.4775942123230179190178569,4.972130838331430998401356262,9.606481481481481481481481481,10.85648148148148148148148148,76.07079466542403101357142859,12.347690564471488294051289,2.272648421268174313126176,-10.075042143203313980925113,0,False,False,34,22,12,0,0,"{""HIGH_VOLATILITY"": 31, ""RANGING"": 3941, ""TRENDING_DOWN"": 235, ""TRENDING_UP"": 113}",9.461391519640521353242311423,28.32158551347859307765043361,46.97230362093744050064709552,-236.1571973680085704465065815,-631.7374429157055466183120091,-1022.924068620611499964233213,,180,60
FUTURES_LONG_SHORT_BASELINE_1X,180D-3,2022-05-01T00:00:00+00:00,2022-10-27T23:59:59.999999+00:00,TRADE_EXIT_TIME,1.225036504344434846688241979,2.019730635050333471428571479,122.5036504344434846688241979,201.9730635050333471428571479,32,10,22,37.500,1.062439908934571153802563443,3.828239076076358895900756184,-83.2398905794047918359961023,4.912485779210394750817399032,9.606481481481481481481481481,10.06944444444444444444444444,70.99118405313126810071428572,11.236426612933363600930658,2.758197595474769227611994,-8.478229017458594373318664,0,True,False,34,20,12,0,0,"{""HIGH_VOLATILITY"": 31, ""RANGING"": 3907, ""TRENDING_DOWN"": 251, ""TRENDING_UP"": 131}",9.520336726043966670897236100,28.49803119805885141215046369,47.26494473259990952503032392,-75.9428545052781536403287028,-471.5231000529751298121341304,-862.7097257578810831580553344,RESULT_DEPENDS_ON_FEW_TRADES,180,60
FUTURES_LONG_SHORT_BASELINE_1X,180D-4,2022-06-30T00:00:00+00:00,2022-12-26T23:59:59.999999+00:00,TRADE_EXIT_TIME,-1.587614955375411146959869016,-0.9742767944345188714285713900,-158.7614955375411146959869016,-97.42767944345188714285713900,22,8,14,31.81818181818181818181818182,0.8858263995582740171468036144,-7.216431615342777940726677345,-81.3483471382024729836756767,6.252027704238711968045673923,6.759259259259259259259259259,8.842592592592592592592592593,52.59118284559017114642857143,11.398915704098709785774536,2.656282455599653379073345,-8.742633248499056406701191,0,False,False,21,15,7,0,0,"{""RANGING"": 4057, ""TRENDING_DOWN"": 154, ""TRENDING_UP"": 109}",16.11073487387492198757963712,47.54627120612328237941256786,76.42318373912035712844660932,-357.2080004772627530051398023,-744.4201521809240771930230235,-1100.116053732621564172769327,,180,60
FUTURES_LONG_SHORT_BASELINE_1X,180D-5,2022-08-29T00:00:00+00:00,2023-02-24T23:59:59.999999+00:00,TRADE_EXIT_TIME,-2.991669039455929315398016112,-2.771470865763921714285714300,-299.1669039455929315398016112,-277.1470865763921714285714300,9,2,7,22.22222222222222222222222222,0.5168447505945656742536037080,-33.24076710506588128220017902,-84.73284846355982166741971452,4.218538895197219632933863224,1.111111111111111111111111111,4.467592592592592592592592593,20.44094021029336442714285713,3.622856132983409768980046,2.043978974076014084892722,-1.578877158907395684087324,0,False,False,9,7,2,0,0,"{""RANGING"": 4225, ""TRENDING_DOWN"": 67, ""TRENDING_UP"": 28}",59.97511580666115845702578569,100,100,-491.1036153447816591283730393,-619.1941499419586536500001840,-619.1941499419586536500001840,,180,60
FUTURES_LONG_SHORT_BASELINE_1X,180D-6,2022-10-28T00:00:00+00:00,2023-04-25T23:59:59.999999+00:00,TRADE_EXIT_TIME,-3.783725056924596929538775770,-3.524465193762643471428571450,-378.3725056924596929538775770,-352.4465193762643471428571450,10,4,6,20.0,0.4443063794465473073560847263,-37.8372505692459692953877577,-80.06375418412159770779135485,4.226662131362430865719775780,0.8101851851851851851851851852,3.078703703703703703703703704,22.80200676136878846500000000,4.091202760779988837462572,0.967223205953431491442140,-3.123979554826557346020432,0,False,False,9,8,2,0,0,"{""RANGING"": 4254, ""TRENDING_DOWN"": 39, ""TRENDING_UP"": 27}",63.44411453455694709050105611,100,100,-570.3092170916484205424490051,-680.9012947019493187205490057,-680.9012947019493187205490057,,180,60
FUTURES_LONG_SHORT_BASELINE_1X,180D-7,2022-12-27T00:00:00+00:00,2023-06-24T23:59:59.999999+00:00,TRADE_EXIT_TIME,-1.105856285731508882880091518,-0.9972249369899971714285714381,-110.5856285731508882880091518,-99.72249369899971714285714381,4,3,1,25.00,0.5000145788589213888823481072,-27.64640714328772207200228795,-66.3335468683084544485714290,1.548793360169342819061091520,0.62500,0.3935185185185185185185185185,9.921723595997852820000000000,0.998567645068360371900000,0.057156366915042046747992,-0.941411278153318325152008,0,False,False,4,3,1,0,0,"{""RANGING"": 4282, ""TRENDING_DOWN"": 7, ""TRENDING_UP"": 31}",100,100,100,-221.1777061834517864661091524,-221.1777061834517864661091524,-221.1777061834517864661091524,,180,60
FUTURES_LONG_SHORT_BASELINE_1X,180D-8,2023-02-25T00:00:00+00:00,2023-08-23T23:59:59.999999+00:00,TRADE_EXIT_TIME,-0.9644419354723929245515200920,-0.8503784594889288000000000120,-96.44419354723929245515200920,-85.03784594889288000000000120,4,2,2,25.00,0.5341676460456922806050064271,-24.11104838680982311378800230,-59.26282935535265653214285765,1.182645133375715282382499087,0.6018518518518518518518518519,0.9027777777777777777777777778,9.950647565650169790000000000,1.512856399611284711900000,0.057156366915042046747992,-1.455700032696242665152008,0,False,False,4,3,1,0,0,"{""RANGING"": 4287, ""TRENDING_DOWN"": 12, ""TRENDING_UP"": 21}",100,100,100,-207.0362711575401906332520098,-207.0362711575401906332520098,-207.0362711575401906332520098,,180,60
FUTURES_LONG_SHORT_BASELINE_1X,180D-9,2023-04-26T00:00:00+00:00,2023-10-22T23:59:59.999999+00:00,TRADE_EXIT_TIME,-0.5222728854418780850428571492,-0.4922805334451981142857142921,-52.22728854418780850428571492,-49.22805334451981142857142921,1,0,1,0,0E+26,-52.22728854418780850428571492,-52.22728854418780850428571492,0.5222728854418780850428571500,0,0.5092592592592592592592592593,2.484946445125072735714285714,0.514288754542924340000000,0,-0.514288754542924340000000,0,False,False,1,1,0,0,0,"{""RANGING"": 4311, ""TRENDING_DOWN"": 5, ""TRENDING_UP"": 4}",0,0,0,-52.22728854418780850428571492,-52.22728854418780850428571492,-52.22728854418780850428571492,,180,60
FUTURES_LONG_SHORT_BASELINE_1X,180D-10,2023-06-25T00:00:00+00:00,2023-12-21T23:59:59.999999+00:00,TRADE_EXIT_TIME,-1.228554593208346594785714296,-1.174430560187343485714285724,-122.8554593208346594785714296,-117.4430560187343485714285724,2,1,1,0,0E+25,-61.4277296604173297392857148,-61.4277296604173297392857148,1.228554593208346594785714300,0.02314814814814814814814814815,0.5092592592592592592592592593,4.898114547557386567142857142,0.514288754542924340000000,0,-0.514288754542924340000000,0,False,False,2,2,0,0,0,"{""RANGING"": 4301, ""TRENDING_DOWN"": 5, ""TRENDING_UP"": 14}",0,0,0,-122.8554593208346594785714296,-122.8554593208346594785714296,-122.8554593208346594785714296,,180,60
FUTURES_LONG_SHORT_BASELINE_1X,180D-11,2023-08-24T00:00:00+00:00,2024-02-19T23:59:59.999999+00:00,TRADE_EXIT_TIME,-2.292592969899833918461657152,-2.235355508498917657142857150,-229.2592969899833918461657152,-223.5355508498917657142857150,3,2,1,0,0E+25,-76.4197656633277972820552384,-70.62817077664685097428571467,2.292592969899833918461657160,1.087962962962962962962962963,1.759259259259259259259259259,7.015909904381796159999999999,1.120954750158460000000000,2.413118514448630028120000,1.292163764290170028120000,0,False,False,3,3,0,0,0,"{""RANGING"": 4287, ""TRENDING_DOWN"": 8, ""TRENDING_UP"": 25}",0,0,0,-229.2592969899833918461657152,-229.2592969899833918461657152,-229.2592969899833918461657152,,180,60
FUTURES_LONG_SHORT_BASELINE_1X,180D-12,2023-10-23T00:00:00+00:00,2024-04-19T23:59:59.999999+00:00,TRADE_EXIT_TIME,-5.514732302537193614752228584,-5.343936553080354500000000010,-551.4732302537193614752228584,-534.3936553080354500000000010,9,2,7,11.11111111111111111111111111,0.2131599946430435387489422362,-61.27480336152437349724698427,-94.90039099717291751242857174,5.514732302537193614752228590,1.087962962962962962962962963,3.402777777777777777777777778,19.88170507778463751214285714,1.120954750158460000000000,3.923084882259186036920000,2.802130132100726036920000,0,False,False,9,8,1,0,0,"{""RANGING"": 4247, ""TRENDING_DOWN"": 40, ""TRENDING_UP"": 33}",100,100,100,-700.8708587504253548237942871,-700.8708587504253548237942871,-700.8708587504253548237942871,,180,60
FUTURES_LONG_SHORT_BASELINE_1X,180D-13,2023-12-22T00:00:00+00:00,2024-06-18T23:59:59.999999+00:00,TRADE_EXIT_TIME,-4.606449236294357684435000880,-4.368372950777165828571428582,-460.6449236294357684435000880,-436.8372950777165828571428582,11,2,9,18.18181818181818181818181818,0.4099345935699736829177672239,-41.87681123903961531304546255,-85.16533033468743186020000031,6.312699358270499580243824030,2.453703703703703703703703704,3.680555555555555555555555556,24.49999099916917993285714286,3.400026917152102133403400,4.092389364602096479903313,0.692362447449994346499913,0,False,False,11,9,2,0,0,"{""RANGING"": 4233, ""TRENDING_DOWN"": 49, ""TRENDING_UP"": 38}",53.31654405057925382942833440,100,100,-631.2699358270499580243824021,-780.6675643237559513729538308,-780.6675643237559513729538308,,180,60
FUTURES_LONG_SHORT_BASELINE_1X,180D-14,2024-02-20T00:00:00+00:00,2024-08-17T23:59:59.999999+00:00,TRADE_EXIT_TIME,-3.487579031484115695016948631,-3.167795122394745271428571422,-348.7579031484115695016948631,-316.7795122394745271428571422,15,1,14,26.66666666666666666666666667,0.6410045401030468420940145115,-23.25052687656077130011299087,-85.16533033468743186020000031,4.726388096137134171525024020,1.388888888888888888888888889,3.495370370370370370370370370,32.14202603716290030071428571,2.394858459795070235041172,2.558493588020928176917737,0.163635128225857941876565,0,False,False,15,11,4,0,0,"{""HIGH_VOLATILITY"": 6, ""RANGING"": 4212, ""TRENDING_DOWN"": 75, ""TRENDING_UP"": 27}",28.53094614508343124966557241,79.92164188562316761981211046,100,-526.4271990255321436731234349,-846.4498397198523266025771777,-971.4827681902155556854343209,,180,60
FUTURES_LONG_SHORT_BASELINE_1X,180D-15,2024-04-20T00:00:00+00:00,2024-10-16T23:59:59.999999+00:00,TRADE_EXIT_TIME,-0.8038243407894197306321907024,-0.5774259067580564714285714156,-80.38243407894197306321907024,-57.74259067580564714285714156,10,1,9,30.0,0.8548292754425805150541025079,-8.038243407894197306321907024,-70.5489724413831867031512008,2.395627005610589673903487233,1.388888888888888888888888889,2.523148148148148148148148148,21.60491275433476671071428571,2.394858459795070235041172,1.359927810993511025393529,-1.034930648801559209647643,0,False,False,10,7,3,0,0,"{""HIGH_VOLATILITY"": 6, ""RANGING"": 4235, ""TRENDING_DOWN"": 60, ""TRENDING_UP"": 19}",37.53625022172001689487533539,100,100,-258.0517299560625472346476420,-553.7096706240399658983870993,-553.7096706240399658983870993,,180,60
FUTURES_LONG_SHORT_BASELINE_1X,180D-16,2024-06-19T00:00:00+00:00,2024-12-15T23:59:59.999999+00:00,TRADE_EXIT_TIME,-1.216402416802893490771311846,-0.9901452465699986714285714097,-121.6402416802893490771311846,-99.01452465699986714285714097,10,2,8,30.0,0.7756429581809712267477187395,-12.16402416802893490771311846,-62.34410615128143086579991775,2.608008268136602065193362901,1.296296296296296296296296296,2.291666666666666666666666667,21.56079272684771947357142857,2.255547625092363043112831,1.190623328650600582410216,-1.064924296441762460702615,0,False,False,10,7,3,0,0,"{""HIGH_VOLATILITY"": 6, ""RANGING"": 4217, ""TRENDING_DOWN"": 55, ""TRENDING_UP"": 42}",42.24866184488501324404553841,100,100,-299.3095375574099232485597564,-542.1726044079641164365416762,-542.1726044079641164365416762,,180,60
FUTURES_LONG_SHORT_BASELINE_1X,180D-17,2024-08-18T00:00:00+00:00,2025-02-13T23:59:59.999999+00:00,TRADE_EXIT_TIME,5.747419822526859149424088398,5.938687806799968199999999998,574.7419822526859149424088398,593.8687806799968199999999998,10,2,8,60.0,2.991647630328077747266709805,57.47419822526859149424088398,116.2484512850257271373304326,1.380046949861335422003465360,1.296296296296296296296296296,4.143518518518518518518518519,21.20182116850115033000000000,2.139761332290934941475059,4.214784073481180213883899,2.075022741190245272408840,0,True,False,10,4,6,0,0,"{""HIGH_VOLATILITY"": 13, ""RANGING"": 4210, ""TRENDING_DOWN"": 55, ""TRENDING_UP"": 42}",21.74510669873524563754325154,58.61978843752705636310351077,86.71790138025104088495359619,387.0125357629746457309802686,68.6667263717390633314282507,-173.9093742297707502897865259,,180,60
FUTURES_LONG_SHORT_BASELINE_1X,180D-18,2024-10-17T00:00:00+00:00,2025-04-14T23:59:59.999999+00:00,TRADE_EXIT_TIME,2.988382037448849990246140880,3.348029012424516271428571414,298.8382037448849990246140880,334.8029012424516271428571414,18,2,16,44.44444444444444444444444444,1.323928048503590981191015692,16.60212243027138883470078267,-69.4439050669507990307999176,4.691291441853433224607330778,1.296296296296296296296296296,6.134259259259259259259259259,37.54416133712995543642857144,2.560979473651111351633277,4.140443313214438669818795,1.579463839563327318185518,0,True,False,18,10,8,0,0,"{""HIGH_VOLATILITY"": 13, ""RANGING"": 4150, ""TRENDING_DOWN"": 110, ""TRENDING_UP"": 47}",15.37023309737083382670958162,44.93463546245137667838392116,70.75095992190639585617452748,111.1087572551737298131855168,-249.9858895621903407013665009,-565.3021421180025264442236434,RESULT_DEPENDS_ON_FEW_TRADES,180,60
FUTURES_LONG_SHORT_BASELINE_1X,180D-19,2024-12-16T00:00:00+00:00,2025-06-13T23:59:59.999999+00:00,TRADE_EXIT_TIME,5.451986802414555808261386368,5.900864453475308699999999986,545.1986802414555808261386368,590.0864453475308699999999986,21,6,15,47.61904761904761904761904762,1.520898604542940939980632184,25.96184191625978956314945890,-80.50727170268633901812703245,5.522002308746739038336622857,2.916666666666666666666666667,6.087962962962962962962962963,44.85657132003301874785714287,4.171637099256709095823014,4.140443313214438669818795,-0.031193786042270426004219,0,True,False,21,11,10,0,0,"{""HIGH_VOLATILITY"": 13, ""RANGING"": 4126, ""TRENDING_DOWN"": 108, ""TRENDING_UP"": 73}",11.79316938522159806707397542,34.71732249221888455988751917,57.16953006862934000965165893,357.4692337517443116147100656,-7.4486635028222842462899345,-364.8539006457327207286990949,RESULT_DEPENDS_ON_FEW_TRADES,180,60
FUTURES_LONG_SHORT_BASELINE_1X,180D-20,2025-02-14T00:00:00+00:00,2025-08-12T23:59:59.999999+00:00,TRADE_EXIT_TIME,0.1470280335044779074136075195,0.6998640382936353857142857065,14.70280335044779074136075195,69.98640382936353857142857065,20,10,10,40.0,1.012963759277247527336814223,0.7351401675223895370680375975,-86.0150195763582488189342860,5.874487027010498171749518945,8.495370370370370370370370370,3.611111111111111111111111111,45.21671678576449691357142858,10.393244856921140867272948,0.326361163769889950776558,-10.066883693151250916496390,0,True,False,20,12,8,0,0,"{""RANGING"": 4100, ""TRENDING_DOWN"": 89, ""TRENDING_UP"": 131}",16.01956260154500939599023584,47.18684115987767086394032225,73.67031775430712619562598314,-169.3378440759216511746392484,-527.4029340578623250324963906,-831.6581936908451541486269770,RESULT_DEPENDS_ON_FEW_TRADES,180,60
FUTURES_LONG_SHORT_BASELINE_1X,180D-21,2025-04-15T00:00:00+00:00,2025-10-11T23:59:59.999999+00:00,TRADE_EXIT_TIME,4.476599271235106481939211405,4.895956646253094028571428576,447.6599271235106481939211405,489.5956646253094028571428576,13,11,2,53.84615384615384615384615385,1.879449972527952487470678482,34.43537900950081909184008773,85.13226524773796824800488653,2.625267079366618585844666888,9.097222222222222222222222222,1.550925925925925925925925926,31.31640135678047440714285715,10.708637478271772893644730,0.089301333253492637565870,-10.619336145018280256078860,0,True,False,14,6,7,0,0,"{""RANGING"": 4139, ""TRENDING_DOWN"": 28, ""TRENDING_UP"": 153}",19.23737904788829162850285377,53.74668600377775771172506640,79.86767003514729526056715986,263.6192796971412062779211402,-66.5252362780940316179645746,-316.4201310337708716800951608,RESULT_DEPENDS_ON_FEW_TRADES,180,60
FUTURES_LONG_SHORT_BASELINE_1X,180D-22,2025-06-14T00:00:00+00:00,2025-12-10T23:59:59.999999+00:00,TRADE_EXIT_TIME,1.205115209585691460151851132,1.573638230909668728571428569,120.5115209585691460151851132,157.3638230909668728571428569,14,6,8,42.85714285714285714285714286,1.174191896972452837801764732,8.607965782754939001084650943,-61.9718298908996171079078571,2.315612390378457464275274652,6.574074074074074074074074074,6.458333333333333333333333333,33.24434840517499403071428572,7.681448481089198094263348,4.073494753866465283019890,-3.607953727222732811243458,0,True,False,14,8,6,0,0,"{""RANGING"": 4161, ""TRENDING_DOWN"": 68, ""TRENDING_UP"": 91}",23.50505457094337485553486716,62.76348583592055198095742184,89.52016387548773407358527197,-70.4302568155786307708876545,-389.3435627061963760922999474,-606.6996916522270923875708415,RESULT_DEPENDS_ON_FEW_TRADES,180,60
FUTURES_LONG_SHORT_BASELINE_1X,365D-1,2022-01-05T04:00:00+00:00,2022-12-31T23:59:59.999999+00:00,TRADE_EXIT_TIME,-0.4808463801185397441838159658,0.7917519114720537000000000318,-48.08463801185397441838159658,79.17519114720537000000000318,52,13,39,34.61538461538461538461538462,0.9851093108971562499677787660,-0.9247045771510379695842614727,-81.34151915938893251225967435,7.556425301690830449015809934,5.704387990762124711316397229,10.30023094688221709006928406,116.4919095115306252692857142,16.884302744517572352168915,6.116383096988853203073030,-10.767919647528719149095885,0,False,False,53,34,18,0,0,"{""HIGH_VOLATILITY"": 31, ""RANGING"": 8083, ""TRENDING_DOWN"": 395, ""TRENDING_UP"": 151}",6.458020568831280424905095434,18.94697472865488257513659559,31.38234201946173629434450931,-253.5200950135103564722897921,-650.8049871798438955780141216,-1046.385232727540871749819549,,365,90
FUTURES_LONG_SHORT_BASELINE_1X,365D-2,2022-04-01T00:00:00+00:00,2023-03-31T23:59:59.999999+00:00,TRADE_EXIT_TIME,-4.385920890289304751698814841,-3.276272689698900699999999972,-438.5920890289304751698814841,-327.6272689698900699999999972,44,14,30,31.81818181818181818181818182,0.8447774418129994225626951755,-9.968002023384783526588215548,-86.0544070479493494550869997,7.854038950489698091717167826,5.136986301369863013698630137,6.940639269406392694063926941,98.99845767946805937071428573,15.691783181000546518221335,3.725420801428200719054134,-11.966362379572345799167201,0,False,False,45,30,14,0,0,"{""HIGH_VOLATILITY"": 31, ""RANGING"": 8272, ""TRENDING_DOWN"": 301, ""TRENDING_UP"": 156}",8.313716078600112539141753866,24.88615129878919158874335394,41.27452024912200162312102336,-637.0385939686521134790343848,-1032.618839516349089650839812,-1423.805465221255042996761016,,365,90
FUTURES_LONG_SHORT_BASELINE_1X,365D-3,2022-06-30T00:00:00+00:00,2023-06-29T23:59:59.999999+00:00,TRADE_EXIT_TIME,-2.693471241106920029839960535,-1.971501731424516042857142828,-269.3471241106920029839960535,-197.1501731424516042857142828,26,11,15,30.76923076923076923076923077,0.8328806190733137523119482540,-10.35950477348815396092292513,-76.6792528587642490240473170,7.727413520314362400831960582,3.641552511415525114155251142,4.554794520547945205479452055,62.51290644158802396642857143,12.397483349167070157674536,2.713438822514695425821337,-9.684044526652374731853199,0,False,False,25,18,8,0,0,"{""RANGING"": 8459, ""TRENDING_DOWN"": 161, ""TRENDING_UP"": 140}",14.78342878485394077536443751,43.62910319509315208603920479,70.12694971172081909080550857,-467.7936290504136412931489542,-855.0057807540749654810321754,-1210.701682305772452460778479,,365,90
FUTURES_LONG_SHORT_BASELINE_1X,365D-4,2022-09-28T00:00:00+00:00,2023-09-27T23:59:59.999999+00:00,TRADE_EXIT_TIME,-4.305997942366475014581632919,-4.016745727207841585714285742,-430.5997942366475014581632919,-401.6745727207841585714285742,11,4,7,18.18181818181818181818181818,0.4126544727937855333853902419,-39.14543583969522740528757199,-75.39465990468337374816299516,4.305997942366475014581632920,0.8447488584474885844748858447,1.769406392694063926940639269,25.28695320649386120071428571,4.605491515322913177462572,0.967223205953431491442140,-3.638268309369481686020432,0,False,False,11,9,2,0,0,"{""RANGING"": 8667, ""TRENDING_DOWN"": 44, ""TRENDING_UP"": 49}",63.44411453455694709050105611,100,100,-622.5365056358362290467347200,-733.1285832461371272248347206,-733.1285832461371272248347206,,365,90
FUTURES_LONG_SHORT_BASELINE_1X,365D-5,2022-12-27T00:00:00+00:00,2023-12-26T23:59:59.999999+00:00,TRADE_EXIT_TIME,-2.334410878939855477665805814,-2.171655497177340657142857162,-233.4410878939855477665805814,-217.1655497177340657142857162,6,4,2,16.66666666666666666666666667,0.3214576055427510448216788134,-38.90684798233092462776343023,-66.3335468683084544485714290,2.334410878939855477665805810,0.3196347031963470319634703196,0.4452054794520547945205479452,14.81983814355523938714285714,1.512856399611284711900000,0.057156366915042046747992,-1.455700032696242665152008,0,False,False,6,5,1,0,0,"{""RANGING"": 8703, ""TRENDING_DOWN"": 12, ""TRENDING_UP"": 45}",100,100,100,-344.0331655042864459446805820,-344.0331655042864459446805820,-344.0331655042864459446805820,,365,90
FUTURES_LONG_SHORT_BASELINE_1X,365D-6,2023-03-27T00:00:00+00:00,2024-03-25T23:59:59.999999+00:00,TRADE_EXIT_TIME,-4.746448728290335001243085734,-4.617999235318052114285714304,-474.6448728290335001243085734,-461.7999235318052114285714304,6,2,4,0,0E+25,-79.10747880483891668738476223,-82.7642808869098842433571432,4.746448728290335001243085750,0.5365296803652968036529680365,1.381278538812785388127853881,14.16851137731891525285714285,1.635243504701384340000000,2.958805584792010897120000,1.323562080090626557120000,0,False,False,6,6,0,0,0,"{""RANGING"": 8700, ""TRENDING_DOWN"": 29, ""TRENDING_UP"": 31}",0,0,0,-474.6448728290335001243085734,-474.6448728290335001243085734,-474.6448728290335001243085734,,365,90
FUTURES_LONG_SHORT_BASELINE_1X,365D-7,2023-06-25T00:00:00+00:00,2024-06-23T23:59:59.999999+00:00,TRADE_EXIT_TIME,-5.835003829502704279220715176,-5.542803510964509314285714304,-583.5003829502704279220715176,-554.2803510964509314285714304,13,3,10,15.38461538461538461538461538,0.3541942289455195305337297629,-44.88464484232849445554396289,-77.94021699744582643714285681,7.541253951478846175029538330,1.221461187214611872146118721,2.066210045662100456621004566,29.39810554672656649999999999,3.914315671695026473403400,4.092389364602096479903313,0.178073692907070006499913,0,False,False,13,11,2,0,0,"{""RANGING"": 8654, ""TRENDING_DOWN"": 54, ""TRENDING_UP"": 52}",53.31654405057925382942833440,100,100,-754.1253951478846175029538317,-903.5230236445906108515252604,-903.5230236445906108515252604,,365,90
FUTURES_LONG_SHORT_BASELINE_1X,365D-8,2023-09-23T00:00:00+00:00,2024-09-21T23:59:59.999999+00:00,TRADE_EXIT_TIME,-5.780172001383949613478605782,-5.403150630893662928571428572,-578.0172001383949613478605782,-540.3150630893662928571428572,18,3,15,22.22222222222222222222222222,0.5186166813838988859160436999,-32.11206667435527563043669879,-81.55277366606662914867142855,7.018981066036968089986681180,1.221461187214611872146118721,2.591324200913242009132420091,39.15793594154469646071428571,3.515813209953530235041172,4.971612102469558205037737,1.455798892516027969996565,0,False,False,18,14,4,0,0,"{""HIGH_VOLATILITY"": 6, ""RANGING"": 8611, ""TRENDING_DOWN"": 91, ""TRENDING_UP"": 52}",28.53094614508343124966557241,79.92164188562316761981211046,100,-755.6864960155155355192891500,-1075.709136709835718448742893,-1200.742065180198947531600036,,365,90
FUTURES_LONG_SHORT_BASELINE_1X,365D-9,2023-12-22T00:00:00+00:00,2024-12-20T23:59:59.999999+00:00,TRADE_EXIT_TIME,-5.533890671798695372116827012,-5.033775044300413428571428564,-553.3890671798695372116827012,-503.3775044300413428571428564,23,4,19,26.08695652173913043478260870,0.6099295445964125600757316561,-24.06039422521171900920359570,-77.94021699744582643714285681,6.312699358270499580243824030,1.849315068493150684931506849,3.196347031963470319634703196,50.28717146933264301285714286,5.655574542244465176516231,5.931183261748913834833529,0.275608719504448658317298,0,False,False,23,17,6,0,0,"{""HIGH_VOLATILITY"": 6, ""RANGING"": 8553, ""TRENDING_DOWN"": 121, ""TRENDING_UP"": 80}",20.53265891654600730676472841,57.51662789390606454216990150,86.38275662935504083845087797,-731.0583630569901113831112730,-1051.081003751310294312565016,-1300.859894442992372911512159,,365,90
FUTURES_LONG_SHORT_BASELINE_1X,365D-10,2024-03-21T00:00:00+00:00,2025-03-20T23:59:59.999999+00:00,TRADE_EXIT_TIME,0.9688190090152387421505216130,1.564464002261521742857142863,96.88190090152387421505216130,156.4464002261521742857142863,29,3,26,37.93103448275862068965517241,1.061852055667357620023090584,3.340755203500823248794902114,-72.48465935253162108630240162,4.713408283015683056320462121,1.324200913242009132420091324,4.383561643835616438356164384,61.40606627912696990000000000,4.623083467176455005674449,6.464650421675124835012324,1.841566954498669829337875,0,True,False,29,18,11,0,0,"{""HIGH_VOLATILITY"": 19, ""RANGING"": 8509, ""TRENDING_DOWN"": 158, ""TRENDING_UP"": 74}",11.28703506272228213249572487,32.80459518126711432411123591,53.71647625886023093597736327,-90.84754558818739499637640990,-448.7342384544748857373569996,-796.5470908058325952310964562,RESULT_DEPENDS_ON_FEW_TRADES,365,90
FUTURES_LONG_SHORT_BASELINE_1X,365D-11,2024-06-19T00:00:00+00:00,2025-06-18T23:59:59.999999+00:00,TRADE_EXIT_TIME,4.235584385611662317490074522,4.910719206905310028571428576,423.5584385611662317490074522,491.0719206905310028571428576,31,8,23,41.93548387096774193548387097,1.266586312186294281638238585,13.66317543745697521770991781,-68.613285530234752320000000,5.584747385121159180374466650,2.077625570776255707762557078,4.132420091324200913242009132,66.41736404688073822142857144,6.427184724349072138935845,5.331066641865039252229011,-1.096118082484032886706834,0,True,False,31,18,13,0,0,"{""HIGH_VOLATILITY"": 19, ""RANGING"": 8463, ""TRENDING_DOWN"": 163, ""TRENDING_UP"": 115}",9.328721279906002489194573562,27.46235677072283446541035448,45.24659504535012950237100348,235.8289920714549625375788810,-129.0889051831116333234211191,-486.9755980493991240644017088,RESULT_DEPENDS_ON_FEW_TRADES,365,90
FUTURES_LONG_SHORT_BASELINE_1X,365D-12,2024-09-17T00:00:00+00:00,2025-09-16T23:59:59.999999+00:00,TRADE_EXIT_TIME,5.267614231365564718536681634,6.043288020793473742857142850,526.7614231365564718536681634,604.3288020793473742857142850,31,13,18,45.16129032258064516129032258,1.354624521279869682425068443,16.99230397214698296302155366,-56.07492677232810941159983553,5.560467648685906772197312455,5.125570776255707762557077626,3.824200913242009132420091324,68.83890722811908835142857144,13.269616951922884245278007,4.541145237251070164660457,-8.728471714671814080617550,0,True,False,31,17,14,0,0,"{""HIGH_VOLATILITY"": 13, ""RANGING"": 8411, ""TRENDING_DOWN"": 136, ""TRENDING_UP"": 200}",9.329712629728243143430983732,27.46527515596407942950103319,45.22747611726068557671390414,339.0319766468452026422395922,-25.8859206077213932187604079,-383.2911577506318297011695683,RESULT_DEPENDS_ON_FEW_TRADES,365,90
FUTURES_LONG_SHORT_BASELINE_1X,365D-13,2024-12-16T00:00:00+00:00,2025-12-15T23:59:59.999999+00:00,TRADE_EXIT_TIME,6.657102012000247268413237500,7.474502684384977428571428554,665.7102012000247268413237500,747.4502684384977428571428554,35,12,23,45.71428571428571428571428571,1.382926083315236017171576272,19.02029146285784933832353571,-62.68336246657723383010142835,5.522002308746739038336622857,4.680365296803652968036529680,6.187214611872146118721461187,78.10091972520801277857142859,11.853085580345907190086362,8.213938067080903952838685,-3.639147513265003237247677,0,True,False,35,19,16,0,0,"{""HIGH_VOLATILITY"": 13, ""RANGING"": 8407, ""TRENDING_DOWN"": 176, ""TRENDING_UP"": 164}",7.942033808606312310761069441,23.40544202303438803045989777,38.42481560675800924001449734,474.7684234258769500552509823,102.9983295097962389278224108,-258.0963173075678315867296069,,365,90
FUTURES_LONG_SHORT_TIME_EXIT_12_1X,90D-1,2022-01-05T04:00:00+00:00,2022-03-31T23:59:59.999999+00:00,TRADE_EXIT_TIME,-1.450711949224481465478745813,-1.123084325285086942857142852,-145.0711949224481465478745813,-112.3084325285086942857142852,15,2,13,33.33333333333333333333333333,0.7620383289430283234230721546,-9.671412994829876436524972087,-24.530214422815433208000000,4.398064663880948909414472781,1.067961165048543689320388350,5.291262135922330097087378641,34.00344154186396899714285714,0.685410577909017633520000,1.926089725833534368502561,1.240679147924516734982561,0,False,False,15,6,2,7,0,"{""RANGING"": 1939, ""TRENDING_DOWN"": 101, ""TRENDING_UP"": 20}",41.29645245830389089229846600,81.60462416257105044003013316,100,-336.9220502370996069250174387,-524.1816514205543736981204781,-609.6410160429402756792984021,,90,30
FUTURES_LONG_SHORT_TIME_EXIT_12_1X,90D-2,2022-01-31T00:00:00+00:00,2022-04-30T23:59:59.999999+00:00,TRADE_EXIT_TIME,-3.532680110848196814770667356,-3.330623960515394871428571430,-353.2680110848196814770667356,-333.0623960515394871428571430,8,2,6,12.500,0.1249637120785074826555173926,-44.15850138560246018463334195,-63.632254522535050039629482,3.532680110848196814770667350,1.018518518518518518518518519,2.314814814814814814814814815,19.69624699979900072357142857,0.898770799084547517778964,0.389402765603353907140800,-0.509368033481193610638164,0,False,False,8,3,0,5,0,"{""RANGING"": 2103, ""TRENDING_DOWN"": 37, ""TRENDING_UP"": 20}",100,100,100,-403.7181268492885352411867356,-403.7181268492885352411867356,-403.7181268492885352411867356,,90,30
FUTURES_LONG_SHORT_TIME_EXIT_12_1X,90D-3,2022-03-02T00:00:00+00:00,2022-05-30T23:59:59.999999+00:00,TRADE_EXIT_TIME,-1.666748869553456111501489841,-1.502817998568410428571428577,-166.6748869553456111501489841,-150.2817998568410428571428577,7,1,6,28.57142857142857142857142857,0.5311266291842068456663285832,-23.81069813647794445002128344,-56.861471390050369445000000,2.160351031236368204674134378,0.1388888888888888888888888889,2.962962962962962962962962963,16.72068685107508014142857143,0.464494673918457529860581,0.792094426488969378283026,0.327599752570511848422445,0,False,False,8,2,1,4,0,"{""HIGH_VOLATILITY"": 21, ""RANGING"": 2073, ""TRENDING_DOWN"": 65, ""TRENDING_UP"": 1}",73.27919795076189126180325512,100,100,-305.0294173669347094534293681,-355.4795331314035632175493681,-355.4795331314035632175493681,,90,30
FUTURES_LONG_SHORT_TIME_EXIT_12_1X,90D-4,2022-04-01T00:00:00+00:00,2022-06-29T23:59:59.999999+00:00,TRADE_EXIT_TIME,-4.147657440237467799667545852,-3.729565920475149200000000015,-414.7657440237467799667545852,-372.9565920475149200000000015,20,4,16,30.0,0.5934948774861004457734628123,-20.73828720118733899833772926,-47.702587976146471426000000,4.344524272513407845240485988,1.712962962962962962962962963,6.851851851851851851851851852,39.39688443104186259571428572,3.093550075263188149664332,0.681282530073190778624034,-2.412267545189997371040298,0,False,False,23,8,3,9,0,"{""HIGH_VOLATILITY"": 31, ""RANGING"": 1967, ""TRENDING_DOWN"": 140, ""TRENDING_UP"": 22}",30.77205431302855765471279706,83.62705743738777579836655992,98.50080247815284733793786619,-601.1075596907053049047545852,-921.1738493535914201187934519,-1011.242605520127805353793452,,90,30
FUTURES_LONG_SHORT_TIME_EXIT_12_1X,90D-5,2022-05-01T00:00:00+00:00,2022-07-29T23:59:59.999999+00:00,TRADE_EXIT_TIME,-2.114004569631357637634505689,-1.386491856759024028571428577,-211.4004569631357637634505689,-138.6491856759024028571428577,33,14,19,39.39393939393939393939393939,0.8347901701487432867873141396,-6.406074453428356477680320270,-16.914869023166067184000000,4.289988425802061597899587589,6.203703703703703703703703704,7.824074074074074074074074074,67.99990639844348860428571429,5.688536187553150017366695,0.937171298763277715344698,-4.751364888789872302021997,0,False,False,35,11,3,19,0,"{""HIGH_VOLATILITY"": 31, ""RANGING"": 1849, ""TRENDING_DOWN"": 176, ""TRENDING_UP"": 104}",17.44467804044058131778381952,47.40818008523407288595863759,66.88602316394495880817757307,-397.7422726300942887014505689,-717.8085622929804039154894356,-925.8683863922860830632100996,,90,30
FUTURES_LONG_SHORT_TIME_EXIT_12_1X,90D-6,2022-05-31T00:00:00+00:00,2022-08-28T23:59:59.999999+00:00,TRADE_EXIT_TIME,-1.476260151992084753072508304,-0.6530294290011784857142857108,-147.6260151992084753072508304,-65.30294290011784857142857108,36,15,21,38.88888888888888888888888889,0.8882568645600407590008972956,-4.100722644422457647423634178,-19.410188721587183528842388,3.582489588165638198284049864,6.620370370370370370370370370,8.009259259259259259259259259,75.47470933237724872142857144,7.121956328572464943455360,0.273593361859086929061672,-6.848362966713378014393688,0,False,False,36,12,4,20,0,"{""HIGH_VOLATILITY"": 10, ""RANGING"": 1868, ""TRENDING_DOWN"": 170, ""TRENDING_UP"": 112}",15.87923976845444881671599263,44.35272554176377873200222930,62.08267961154778319056764479,-333.9678308661670002452508304,-668.1022802940438020417235986,-876.1621043933494811894442626,,90,30
FUTURES_LONG_SHORT_TIME_EXIT_12_1X,90D-7,2022-06-30T00:00:00+00:00,2022-09-27T23:59:59.999999+00:00,TRADE_EXIT_TIME,1.332197460780684402949608886,1.897910908022024285714285726,133.2197460780684402949608886,189.7910908022024285714285726,23,11,12,47.82608695652173913043478261,1.210874966171462269189712242,5.792162872959497404128734287,-4.300445429189800120000000,2.566906648681031352702336221,4.907407407407407407407407407,4.629629629629629629629629630,52.56363895758210314714285714,4.501746975530302066045491,0.494041208978416936720664,-4.007705766551885129324827,0,True,False,22,6,2,15,0,"{""RANGING"": 1947, ""TRENDING_DOWN"": 122, ""TRENDING_UP"": 91}",19.92538612719728462965907741,47.12391101829258665121713295,69.40139481598937988470530239,-19.2029440985113445907533969,-227.2627681978170237384740609,-397.6782366426305636489539462,RESULT_DEPENDS_ON_FEW_TRADES,90,30
FUTURES_LONG_SHORT_TIME_EXIT_12_1X,90D-8,2022-07-30T00:00:00+00:00,2022-10-27T23:59:59.999999+00:00,TRADE_EXIT_TIME,0.06935338064393661380987265330,0.3231377787036269571428571503,6.93533806439366138098726533,32.31377787036269571428571503,10,3,7,50.0,1.022025828975095616367968752,0.693533806439366138098726533,-10.721966076230949624445640,1.327014663308154481866564529,1.2500,2.638888888888888888888888889,23.75864777775165229071428571,1.937337618518435242584164,0.317545590301053200000000,-1.619792028217382042584164,0,True,False,10,4,2,4,0,"{""RANGING"": 2058, ""TRENDING_DOWN"": 75, ""TRENDING_UP"": 27}",47.36443683214893160672114723,88.62713977063720027765782295,100,-145.4873521121861235047270202,-278.2741560201445894193102815,-314.8729644743622809208102815,RESULT_DEPENDS_ON_FEW_TRADES,90,30
FUTURES_LONG_SHORT_TIME_EXIT_12_1X,90D-9,2022-08-29T00:00:00+00:00,2022-11-26T23:59:59.999999+00:00,TRADE_EXIT_TIME,-0.5333576009725866926145130795,-0.3434557316971983714285714310,-53.33576009725866926145130795,-34.34557316971983714285714310,8,2,6,50.0,0.8084177518755594792458506710,-6.666970012157333657681413494,3.006908144802300657018430,1.673798235973727724433494427,0.8333333333333333333333333333,2.546296296296296296296296296,16.81053120277573124285714286,2.678864946923060905737022,0.499209222159960030000000,-2.179655724763100875737022,0,False,False,8,3,0,5,0,"{""RANGING"": 2081, ""TRENDING_DOWN"": 61, ""TRENDING_UP"": 18}",65.27702896768350139969439397,92.39050441596357434470844762,100,-200.2484953651181706664513080,-261.2701886578197432696774260,-278.3961490138423863896774260,,90,30
FUTURES_LONG_SHORT_TIME_EXIT_12_1X,90D-10,2022-09-28T00:00:00+00:00,2022-12-26T23:59:59.999999+00:00,TRADE_EXIT_TIME,-1.289655466129988149615210400,-1.124020675665171071428571431,-128.9655466129988149615210400,-112.4020675665171071428571431,7,2,5,28.57142857142857142857142857,0.5633483893488228841988165811,-18.42364951614268785164586286,-16.954980965210978358343614,1.683600127501905126934905534,0.8333333333333333333333333333,2.037037037037037037037037037,14.45326702712021886785714286,2.422277280509186452463140,0.312065261147697501656386,-2.110212019361488950806754,0,False,False,7,3,0,4,0,"{""RANGING"": 2110, ""TRENDING_DOWN"": 32, ""TRENDING_UP"": 18}",88.29655328048822043500712928,100,100,-275.8782818808583163665210400,-295.3511299790533647480210400,-295.3511299790533647480210400,,90,30
FUTURES_LONG_SHORT_TIME_EXIT_12_1X,90D-11,2022-10-28T00:00:00+00:00,2023-01-25T23:59:59.999999+00:00,TRADE_EXIT_TIME,-0.7878191661486495217159246896,-0.6715191592218796142857142925,-78.78191661486495217159246896,-67.15191592218796142857142925,5,0,5,20.0,0.6509358287506004192261511544,-15.75638332297299043431849379,-16.954980965210978358343614,1.260596814883418624714032846,0,2.037037037037037037037037037,9.684332499756403520714285714,2.178340304055561523963140,0.232672111134974301656386,-1.945668192920587222306754,0,False,False,5,2,0,3,0,"{""RANGING"": 2124, ""TRENDING_DOWN"": 32, ""TRENDING_UP"": 4}",100,100,100,-225.6946518827244535765924690,-225.6946518827244535765924690,-225.6946518827244535765924690,,90,30
FUTURES_LONG_SHORT_TIME_EXIT_12_1X,90D-12,2022-11-27T00:00:00+00:00,2023-02-24T23:59:59.999999+00:00,TRADE_EXIT_TIME,-0.7993923049010785050120075726,-0.7528680168265613142857142897,-79.93923049010785050120075726,-75.28680168265613142857142897,2,1,1,0,0E+26,-39.96961524505392525060037863,-39.96961524505392525060037863,0.7993923049010785050120075700,0.04629629629629629629629629630,0.5092592592592592592592592593,4.703437286727786544285714286,0,0.051008479276067471656386,0.051008479276067471656386,0,False,False,2,1,0,1,0,"{""RANGING"": 2144, ""TRENDING_DOWN"": 6, ""TRENDING_UP"": 10}",0,0,0,-79.93923049010785050120075726,-79.93923049010785050120075726,-79.93923049010785050120075726,,90,30
FUTURES_LONG_SHORT_TIME_EXIT_12_1X,90D-13,2022-12-27T00:00:00+00:00,2023-03-26T23:59:59.999999+00:00,TRADE_EXIT_TIME,-0.2584543104481368722730000020,-0.1310360311828329000000000019,-25.84543104481368722730000020,-13.10360311828329000000000019,5,4,1,40.0,0.8287731398935023004453292737,-5.16908620896273744546000004,-24.508006694848465407000000,0.8749225621974533754985714300,1.111111111111111111111111111,0.5092592592592592592592592593,11.77885408932435679500000000,0.962973837206040432300000,0,-0.962973837206040432300000,0,False,False,5,2,1,2,0,"{""RANGING"": 2128, ""TRENDING_DOWN"": 7, ""TRENDING_UP"": 25}",74.94499887604288156626516861,100,100,-119.5995186276603924441428579,-150.9426209692722586241428579,-150.9426209692722586241428579,,90,30
FUTURES_LONG_SHORT_TIME_EXIT_12_1X,90D-14,2023-01-26T00:00:00+00:00,2023-04-25T23:59:59.999999+00:00,TRADE_EXIT_TIME,-0.2584543104481368722730000020,-0.1310360311828329000000000019,-25.84543104481368722730000020,-13.10360311828329000000000019,5,4,1,40.0,0.8287731398935023004453292737,-5.16908620896273744546000004,-24.508006694848465407000000,0.8749225621974533754985714300,1.111111111111111111111111111,0.5092592592592592592592592593,11.77885408932435679500000000,0.962973837206040432300000,0,-0.962973837206040432300000,0,False,False,5,2,1,2,0,"{""RANGING"": 2130, ""TRENDING_DOWN"": 7, ""TRENDING_UP"": 23}",74.94499887604288156626516861,100,100,-119.5995186276603924441428579,-150.9426209692722586241428579,-150.9426209692722586241428579,,90,30
FUTURES_LONG_SHORT_TIME_EXIT_12_1X,90D-15,2023-02-25T00:00:00+00:00,2023-05-25T23:59:59.999999+00:00,TRADE_EXIT_TIME,0.3713881848008318491555714302,0.4754986883379278142857142875,37.13881848008318491555714302,47.54986883379278142857142875,4,3,1,50.0,1.422231765666212495715254901,9.284704620020796228889285755,3.417547823381700386500000,0.6281847880208409949019801383,1.064814814814814814814814815,0.5092592592592592592592592593,9.448076516503556080714285714,0.962973837206040432300000,0,-0.962973837206040432300000,0,True,False,4,1,1,2,0,"{""RANGING"": 2136, ""TRENDING_DOWN"": 7, ""TRENDING_UP"": 17}",74.94499887604288156626516861,100,100,-56.61526910276352030128571472,-87.95837144437538648128571468,-87.95837144437538648128571468,RESULT_DEPENDS_ON_FEW_TRADES,90,30
FUTURES_LONG_SHORT_TIME_EXIT_12_1X,90D-16,2023-03-27T00:00:00+00:00,2023-06-24T23:59:59.999999+00:00,TRADE_EXIT_TIME,0,0,0,0,0,0,0,,,,,0,0,0,0,0,0,0,0,False,True,0,0,0,0,0,"{""RANGING"": 2154, ""TRENDING_UP"": 6}",0,0,0,0,0,0,,90,30
FUTURES_LONG_SHORT_TIME_EXIT_12_1X,90D-17,2023-04-26T00:00:00+00:00,2023-07-24T23:59:59.999999+00:00,TRADE_EXIT_TIME,0,0,0,0,0,0,0,,,,,0,0,0,0,0,0,0,0,False,True,0,0,0,0,0,"{""RANGING"": 2156, ""TRENDING_UP"": 4}",0,0,0,0,0,0,,90,30
FUTURES_LONG_SHORT_TIME_EXIT_12_1X,90D-18,2023-05-26T00:00:00+00:00,2023-08-23T23:59:59.999999+00:00,TRADE_EXIT_TIME,0.029414252671334135000000,0.05401244858765800,2.941425267133413500000000,5.40124485876580,1,0,1,100,,2.941425267133413500000000,2.941425267133413500000000,0,0,0.5092592592592592592592592593,2.35194232456406938,0.107877267068317120000000,0,-0.107877267068317120000000,0,True,False,1,0,0,1,0,"{""RANGING"": 2151, ""TRENDING_DOWN"": 5, ""TRENDING_UP"": 4}",100,100,100,0E-24,0E-24,0E-24,RESULT_DEPENDS_ON_FEW_TRADES,90,30
FUTURES_LONG_SHORT_TIME_EXIT_12_1X,90D-19,2023-06-25T00:00:00+00:00,2023-09-22T23:59:59.999999+00:00,TRADE_EXIT_TIME,0.029414252671334135000000,0.05401244858765800,2.941425267133413500000000,5.40124485876580,1,0,1,100,,2.941425267133413500000000,2.941425267133413500000000,0,0,0.5092592592592592592592592593,2.35194232456406938,0.107877267068317120000000,0,-0.107877267068317120000000,0,True,False,1,0,0,1,0,"{""RANGING"": 2155, ""TRENDING_DOWN"": 5}",100,100,100,0E-24,0E-24,0E-24,RESULT_DEPENDS_ON_FEW_TRADES,90,30
FUTURES_LONG_SHORT_TIME_EXIT_12_1X,90D-20,2023-07-25T00:00:00+00:00,2023-10-22T23:59:59.999999+00:00,TRADE_EXIT_TIME,0.029414252671334135000000,0.05401244858765800,2.941425267133413500000000,5.40124485876580,1,0,1,100,,2.941425267133413500000000,2.941425267133413500000000,0,0,0.5092592592592592592592592593,2.35194232456406938,0.107877267068317120000000,0,-0.107877267068317120000000,0,True,False,1,0,0,1,0,"{""RANGING"": 2155, ""TRENDING_DOWN"": 5}",100,100,100,0E-24,0E-24,0E-24,RESULT_DEPENDS_ON_FEW_TRADES,90,30
FUTURES_LONG_SHORT_TIME_EXIT_12_1X,90D-21,2023-08-24T00:00:00+00:00,2023-11-21T23:59:59.999999+00:00,TRADE_EXIT_TIME,-0.6797602210734795121714285751,-0.6565347054646390857142857180,-67.97602210734795121714285751,-65.65347054646390857142857180,1,1,0,0,0E+26,-67.97602210734795121714285751,-67.97602210734795121714285751,0.6797602210734795121714285800,0.04629629629629629629629629630,0,2.322551560884042645714285714,0,0,0,0,False,False,1,1,0,0,0,"{""RANGING"": 2146, ""TRENDING_UP"": 14}",0,0,0,-67.97602210734795121714285751,-67.97602210734795121714285751,-67.97602210734795121714285751,,90,30
FUTURES_LONG_SHORT_TIME_EXIT_12_1X,90D-22,2023-09-23T00:00:00+00:00,2023-12-21T23:59:59.999999+00:00,TRADE_EXIT_TIME,-0.6797602210734795121714285751,-0.6565347054646390857142857180,-67.97602210734795121714285751,-65.65347054646390857142857180,1,1,0,0,0E+26,-67.97602210734795121714285751,-67.97602210734795121714285751,0.6797602210734795121714285800,0.04629629629629629629629629630,0,2.322551560884042645714285714,0,0,0,0,False,False,1,1,0,0,0,"{""RANGING"": 2146, ""TRENDING_UP"": 14}",0,0,0,-67.97602210734795121714285751,-67.97602210734795121714285751,-67.97602210734795121714285751,,90,30
FUTURES_LONG_SHORT_TIME_EXIT_12_1X,90D-23,2023-10-23T00:00:00+00:00,2024-01-20T23:59:59.999999+00:00,TRADE_EXIT_TIME,-1.059032874861245272588171430,-0.9632449101841567142857142869,-105.9032874861245272588171430,-96.32449101841567142857142869,4,4,0,25.00,0.3391009382778696438193131461,-26.47582187153113181470428575,-46.13261070221732305285714273,1.059032874861245272588171430,1.064814814814814814814814815,0,9.131253704262654314285714286,0.447542763446201515960000,0,-0.447542763446201515960000,0,False,False,4,2,0,2,0,"{""RANGING"": 2135, ""TRENDING_UP"": 25}",100,100,100,-160.2412435117825973228571430,-160.2412435117825973228571430,-160.2412435117825973228571430,,90,30
FUTURES_LONG_SHORT_TIME_EXIT_12_1X,90D-24,2023-11-22T00:00:00+00:00,2024-02-19T23:59:59.999999+00:00,TRADE_EXIT_TIME,-0.6789049724665796056203428546,-0.5852459721393141285714285689,-67.89049724665796056203428546,-58.52459721393141285714285689,4,3,1,25.00,0.4445606122871986995801449161,-16.97262431166449014050857136,-28.764279742123253597680000,1.215678782699594695345205426,1.018518518518518518518518519,0.5092592592592592592592592593,9.151531421348089533571428572,0.447542763446201515960000,0.233174152067743344640000,-0.214368611378458171320000,0,False,False,4,1,0,3,0,"{""RANGING"": 2141, ""TRENDING_DOWN"": 8, ""TRENDING_UP"": 11}",100,100,100,-122.2284532723160306260742855,-122.2284532723160306260742855,-122.2284532723160306260742855,,90,30
FUTURES_LONG_SHORT_TIME_EXIT_12_1X,90D-25,2023-12-22T00:00:00+00:00,2024-03-20T23:59:59.999999+00:00,TRADE_EXIT_TIME,-2.429903187871563064984628572,-2.2962693353868597000000000,-242.9903187871563064984628572,-229.6269335386859700000000000,6,3,3,16.66666666666666666666666667,0.1827540823686109466311474903,-40.49838646452605108307714287,-47.33156282797545397553714273,2.957213852500579428108938751,1.018518518518518518518518519,1.481481481481481481481481481,13.67905225200292461214285714,0.447542763446201515960000,0.763209766978789629640000,0.315667003532588113680000,0,False,False,6,2,0,4,0,"{""RANGING"": 2125, ""TRENDING_DOWN"": 24, ""TRENDING_UP"": 11}",100,100,100,-297.3282748128143765625028572,-297.3282748128143765625028572,-297.3282748128143765625028572,,90,30
FUTURES_LONG_SHORT_TIME_EXIT_12_1X,90D-26,2024-01-21T00:00:00+00:00,2024-04-19T23:59:59.999999+00:00,TRADE_EXIT_TIME,-2.271084756562050922656800001,-2.134526246668878800000000002,-227.1084756562050922656800001,-213.4526246668878800000000002,7,0,7,14.28571428571428571428571429,0.3908296600540791425522923266,-32.44406795088644175224000001,-58.277155209332838175320000,2.633402086177125686321085720,0,2.592592592592592592592592593,14.80764530033968807000000000,0,1.151794311022475804320000,1.151794311022475804320000,0,False,False,7,2,1,4,0,"{""RANGING"": 2112, ""TRENDING_DOWN"": 40, ""TRENDING_UP"": 8}",100,100,100,-372.8160430075546097685371430,-372.8160430075546097685371430,-372.8160430075546097685371430,,90,30
FUTURES_LONG_SHORT_TIME_EXIT_12_1X,90D-27,2024-02-20T00:00:00+00:00,2024-05-19T23:59:59.999999+00:00,TRADE_EXIT_TIME,-3.451417349588562691932369395,-3.291652471083586471428571430,-345.1417349588562691932369395,-329.1652471083586471428571430,8,0,8,12.500,0.2968478648448105403633982943,-43.14271686985703364915461744,-73.9982455852662807239584697,3.451417349588562691932369390,0,2.638888888888888888888888889,17.06167932403439593357142857,0,1.085191473536773883191632,1.085191473536773883191632,0,False,False,8,4,1,3,0,"{""RANGING"": 2111, ""TRENDING_DOWN"": 41, ""TRENDING_UP"": 8}",100,100,100,-490.8493023102057866960940824,-490.8493023102057866960940824,-490.8493023102057866960940824,,90,30
FUTURES_LONG_SHORT_TIME_EXIT_12_1X,90D-28,2024-03-21T00:00:00+00:00,2024-06-18T23:59:59.999999+00:00,TRADE_EXIT_TIME,-0.9850635817820873731875751190,-0.7863756680186087999999999980,-98.5063581782087373187575119,-78.6375668018608799999999998,9,3,6,44.44444444444444444444444444,0.6880236891028981283500214055,-10.94515090868985970208416799,-14.239247648203226520000000,2.552407452054993747777721059,1.527777777777777777777777778,1.666666666666666666666666667,19.30875918819442875000000000,1.115188046779156166949144,0.555155858625727598191632,-0.560032188153428568757512,0,False,False,9,3,1,5,0,"{""RANGING"": 2108, ""TRENDING_DOWN"": 25, ""TRENDING_UP"": 27}",67.07119913081724366942378566,99.11677698303242735885321287,100,-244.2139255295582548216146548,-313.8307395082002435325655108,-315.7494807697074407596655108,,90,30
FUTURES_LONG_SHORT_TIME_EXIT_12_1X,90D-29,2024-04-20T00:00:00+00:00,2024-07-18T23:59:59.999999+00:00,TRADE_EXIT_TIME,-1.358284949070470865148660834,-1.214392180263192771428571429,-135.8284949070470865148660834,-121.4392180263192771428571429,6,3,3,50.0,0.3449756849818956131587133972,-22.63808248450784775247768057,-28.724408857578256888950000,1.479964911705325614479169390,1.527777777777777777777777778,1.064814814814814814814814815,13.65312329598231432857142857,1.115188046779156166949144,0.379034462033661123511632,-0.736153584745495043437512,0,False,False,6,2,0,4,0,"{""RANGING"": 2126, ""TRENDING_DOWN"": 15, ""TRENDING_UP"": 19}",81.90169619004570068842059376,100,100,-194.4173280276963899258169394,-207.3640501471962724529169394,-207.3640501471962724529169394,,90,30
FUTURES_LONG_SHORT_TIME_EXIT_12_1X,90D-30,2024-05-20T00:00:00+00:00,2024-08-17T23:59:59.999999+00:00,TRADE_EXIT_TIME,1.475036357369432456409893249,1.669738607784525800000000009,147.5036357369432456409893249,166.9738607784525800000000009,9,3,6,55.55555555555555555555555556,1.670413057509523136203487349,16.38929285966036062677659166,1.918741261507197227100000,1.150326141806813422105010372,1.527777777777777777777777778,1.851851851851851851851851852,18.69449340191913602000000000,1.158230067604406534010676,0.382498428014208195000000,-0.775731639590198339010676,0,True,False,9,1,2,6,0,"{""HIGH_VOLATILITY"": 6, ""RANGING"": 2101, ""TRENDING_DOWN"": 34, ""TRENDING_UP"": 19}",47.26998246312667153752806246,96.47729975394068449380111225,100,-26.2242675180499866332963897,-207.0723155240919181563901032,-220.0190376435918006834901032,RESULT_DEPENDS_ON_FEW_TRADES,90,30
FUTURES_LONG_SHORT_TIME_EXIT_12_1X,90D-31,2024-06-19T00:00:00+00:00,2024-09-16T23:59:59.999999+00:00,TRADE_EXIT_TIME,0.7596808049679405970293846894,0.8754851679670937000000000091,75.96808049679405970293846894,87.54851679670937000000000091,6,0,6,33.33333333333333333333333333,1.345279578123846411885605877,12.66134674946567661715641149,-34.233608851396107218530766,1.158555063732954320850000,0,1.851851851851851851851851852,11.91989270710426812500000000,0.043042020825250367061532,0.382498428014208195000000,0.339456407188957827938468,0,True,False,6,1,2,3,0,"{""HIGH_VOLATILITY"": 6, ""RANGING"": 2112, ""TRENDING_DOWN"": 42}",58.69441357667281140792919394,100,100,-97.75982275819917257134724566,-220.0190376435918006834901032,-220.0190376435918006834901032,RESULT_DEPENDS_ON_FEW_TRADES,90,30
FUTURES_LONG_SHORT_TIME_EXIT_12_1X,90D-32,2024-07-19T00:00:00+00:00,2024-10-16T23:59:59.999999+00:00,TRADE_EXIT_TIME,1.321807560417432804609384689,1.438599731778631100000000009,132.1807560417432804609384689,143.8599731778631100000000009,6,0,6,33.33333333333333333333333333,1.806932980796834554009402552,22.03012600695721341015641148,-7.567076868937491802030766,1.048082654361069699860398108,0,1.851851851851851851851851852,11.91072901975098630500000000,0.043042020825250367061532,0.274553904456407133000000,0.231511883631156765938468,0,True,False,6,1,2,3,0,"{""HIGH_VOLATILITY"": 6, ""RANGING"": 2109, ""TRENDING_DOWN"": 45}",58.69441357667281140792919394,100,100,-41.5471472132499518133472457,-163.8063620986425799254901032,-163.8063620986425799254901032,RESULT_DEPENDS_ON_FEW_TRADES,90,30
FUTURES_LONG_SHORT_TIME_EXIT_12_1X,90D-33,2024-08-18T00:00:00+00:00,2024-11-15T23:59:59.999999+00:00,TRADE_EXIT_TIME,-0.8875433087734707054742272815,-0.7366255611255927857142857144,-88.75433087734707054742272815,-73.66255611255927857142857144,6,5,1,33.33333333333333333333333333,0.2602577180698769735964049596,-14.79238847955784509123712136,-8.4077505276920022445582075,0.8875433087734707054742272800,1.759259259259259259259259259,0.5092592592592592592592592593,13.56966951611441584071428571,1.626623872567194773279871,0.104518623893818638000000,-1.522105248673376135279871,0,False,False,6,2,0,4,0,"{""RANGING"": 2101, ""TRENDING_DOWN"": 17, ""TRENDING_UP"": 42}",50.48055642354691989113376768,100,100,-104.5172578084904364648992722,-119.9800701479044491622592722,-119.9800701479044491622592722,,90,30
FUTURES_LONG_SHORT_TIME_EXIT_12_1X,90D-34,2024-09-17T00:00:00+00:00,2024-12-15T23:59:59.999999+00:00,TRADE_EXIT_TIME,-1.695932542297849028002798707,-1.522123909888826928571428569,-169.5932542297849028002798707,-152.2123909888826928571428569,7,5,2,28.57142857142857142857142857,0.1554919618223470311641849929,-24.22760774711212897146855296,-13.660617623669514242116415,1.695932542297849028002798710,1.759259259259259259259259259,0.6018518518518518518518518519,15.85875799222883380785714285,1.626623872567194773279871,0.104518623893818638000000,-1.522105248673376135279871,0,False,False,7,3,0,4,0,"{""RANGING"": 2105, ""TRENDING_DOWN"": 13, ""TRENDING_UP"": 42}",50.48055642354691989113376768,100,100,-185.3561811609282687177564147,-200.8189935003422814151164147,-200.8189935003422814151164147,,90,30
FUTURES_LONG_SHORT_TIME_EXIT_12_1X,90D-35,2024-10-17T00:00:00+00:00,2025-01-14T23:59:59.999999+00:00,TRADE_EXIT_TIME,-1.736498939446636034429427280,-1.529453791189334485714285714,-173.6498939446636034429427280,-152.9453791189334485714285714,9,5,4,44.44444444444444444444444444,0.4027055996302139617225069082,-19.29443266051817816032696978,-13.660617623669514242116415,1.879793732186370301697508978,1.759259259259259259259259259,1.481481481481481481481481481,19.94302571765154608571428572,1.626623872567194773279871,0.865134764488585987480000,-0.761489108078608785799871,0,False,False,9,4,0,5,0,"{""RANGING"": 2088, ""TRENDING_DOWN"": 30, ""TRENDING_UP"": 42}",62.60009790714096834511359677,89.27107838077302070896106213,100,-246.9405754586886823829427280,-278.1663147292460609977792720,-290.7274768307833483241692720,,90,30
FUTURES_LONG_SHORT_TIME_EXIT_12_1X,90D-36,2024-11-16T00:00:00+00:00,2025-02-13T23:59:59.999999+00:00,TRADE_EXIT_TIME,3.979258801194878873841682921,4.108482411679785128571428566,397.9258801194878873841682921,410.8482411679785128571428566,7,0,7,71.42857142857142857142857143,3.288215295251566503258706730,56.84655430278398391202404173,73.290681514025078940000000,1.006116086005683104689100,0,1.666666666666666666666666667,13.85540072859446843357142857,0,0.933039680103842960596864,0.933039680103842960596864,0,True,False,7,2,3,2,0,"{""HIGH_VOLATILITY"": 13, ""RANGING"": 2109, ""TRENDING_DOWN"": 38}",31.52585441566669445491347635,84.98642632796170197025912467,100,217.6521636637207126470254352,-88.0504464990310231425199999,-173.9022901145933894089099999,RESULT_DEPENDS_ON_FEW_TRADES,90,30
FUTURES_LONG_SHORT_TIME_EXIT_12_1X,90D-37,2024-12-16T00:00:00+00:00,2025-03-15T23:59:59.999999+00:00,TRADE_EXIT_TIME,4.374416284713047620438216100,4.602829441456506957142857131,437.4416284713047620438216100,460.2829441456506957142857131,12,0,12,58.33333333333333333333333333,2.271780360458706421497391043,36.45346903927539683698513417,25.991946535811676142875141,1.985873064493153467589948370,0,3.981481481481481481481481481,23.72893377868135444214285713,0.128175325057546410000000,1.015793429392967181678754,0.887618104335420771678754,0,True,False,12,2,4,6,0,"{""HIGH_VOLATILITY"": 13, ""RANGING"": 2064, ""TRENDING_DOWN"": 78, ""TRENDING_UP"": 5}",23.07055677711520045779747850,66.99300949857106250895077017,93.34735323494239157907566730,257.1679120155375873066787531,-86.0428680469480857214381103,-291.9761507157552177214381103,RESULT_DEPENDS_ON_FEW_TRADES,90,30
FUTURES_LONG_SHORT_TIME_EXIT_12_1X,90D-38,2025-01-15T00:00:00+00:00,2025-04-14T23:59:59.999999+00:00,TRADE_EXIT_TIME,5.547228945230667710823416098,5.780980845465990257142857129,554.7228945230667710823416098,578.0980845465990257142857129,12,0,12,58.33333333333333333333333333,2.591495684358369596003619744,46.22690787692223092352846748,34.165824648753149279680141,1.984529126921883730705545629,0,3.796296296296296296296296296,23.18705444727706129714285714,0.338794241159574529000000,0.150658664904381194198754,-0.188135576255193334801246,0,True,False,12,2,5,5,0,"{""HIGH_VOLATILITY"": 13, ""RANGING"": 2062, ""TRENDING_DOWN"": 80, ""TRENDING_UP"": 5}",19.95773707867305594244972935,58.91350248849473178641068860,92.43514186292187425764065879,374.4491780672995963451987529,22.5705767948101021989390323,-280.2227954144879411596323960,,90,30
FUTURES_LONG_SHORT_TIME_EXIT_12_1X,90D-39,2025-02-14T00:00:00+00:00,2025-05-14T23:59:59.999999+00:00,TRADE_EXIT_TIME,5.019057182417713211298213027,5.390021188627250314285714275,501.9057182417713211298213027,539.0021188627250314285714275,16,7,9,50.0,2.211816266248186711951717281,31.36910739011070757061383142,8.872382347240357446944224,2.079359006722078070728320087,3.101851851851851851851851852,3.611111111111111111111111111,34.77645995676618763285714285,2.402694413476646886974872,0.082753749289124221081890,-2.319940664187522665892982,0,True,False,16,2,5,9,0,"{""RANGING"": 2024, ""TRENDING_DOWN"": 72, ""TRENDING_UP"": 64}",19.51993009605134537942617856,56.16012792857852273104208610,83.01001270515627878788031059,323.0871259772515097131070172,-12.5671803889071890021958400,-258.5341779440589923208439480,RESULT_DEPENDS_ON_FEW_TRADES,90,30
FUTURES_LONG_SHORT_TIME_EXIT_12_1X,90D-40,2025-03-16T00:00:00+00:00,2025-06-13T23:59:59.999999+00:00,TRADE_EXIT_TIME,5.086159288536969389430251274,5.364579138907459828571428565,508.6159288536969389430251274,536.4579138907459828571428565,11,8,3,54.54545454545454545454545455,3.570160090327916719247762208,46.23781171397244899482046613,28.908918327420233600000000,0.9611162856220398357920351190,3.611111111111111111111111111,1.203703703703703703703703704,25.07278023490634343714285714,2.769204802142700476974872,0,-2.769204802142700476974872,0,True,False,11,1,4,6,0,"{""RANGING"": 2062, ""TRENDING_DOWN"": 30, ""TRENDING_UP"": 68}",25.31017797389603192600117561,68.70444677332205914236771094,95.90820026802655498658559063,329.7973365891771275263108419,23.2130815489872876945027332,-168.9837852312925673714686950,,90,30
FUTURES_LONG_SHORT_TIME_EXIT_12_1X,90D-41,2025-04-15T00:00:00+00:00,2025-07-13T23:59:59.999999+00:00,TRADE_EXIT_TIME,3.687055574978959941580854807,4.009512620355628828571428570,368.7055574978959941580854807,400.9512620355628828571428570,12,10,2,50.0,2.744951403619917439124116667,30.72546312482466617984045672,3.663747613531476590924224,0.8849003702045981555410101046,4.490740740740740740740740741,1.018518518518518518518518519,29.08304581535742058142857142,3.335869269009602677014872,0.173210546700134559386067,-3.162658722309468117628805,0,True,False,12,1,3,8,0,"{""RANGING"": 2060, ""TRENDING_DOWN"": 17, ""TRENDING_UP"": 83}",28.53489427144883429770095666,70.94270300064538138820493193,96.81180680442051742323922944,203.2020221862532857413540518,-42.7649753688985175772940562,-192.8068186692438937636940562,RESULT_DEPENDS_ON_FEW_TRADES,90,30
FUTURES_LONG_SHORT_TIME_EXIT_12_1X,90D-42,2025-05-15T00:00:00+00:00,2025-08-12T23:59:59.999999+00:00,TRADE_EXIT_TIME,-0.4691604950024346514188892915,-0.1697315961868601428571428530,-46.91604950024346514188892915,-16.97315961868601428571428530,11,9,2,45.45454545454545454545454545,0.8524574238296603570893004692,-4.265095409113042285626266286,-33.037233132224857935420000,1.106738604688115781650392807,4.027777777777777777777777778,1.018518518518518518518518519,27.12865670141783729285714285,2.987443726839748122703568,0.173210546700134559386067,-2.814233180139613563317501,0,False,False,11,3,1,7,0,"{""RANGING"": 2076, ""TRENDING_DOWN"": 17, ""TRENDING_UP"": 67}",44.38578516782999030845885240,82.89218443498198590007994848,100,-167.2312994699222325518889294,-271.6094699977581219277489294,-317.9831254002121605196089294,,90,30
FUTURES_LONG_SHORT_TIME_EXIT_12_1X,90D-43,2025-06-14T00:00:00+00:00,2025-09-11T23:59:59.999999+00:00,TRADE_EXIT_TIME,0.01965470636974276357171070850,0.3463013867925165571428571475,1.96547063697427635717107085,34.63013867925165571428571475,12,10,2,58.33333333333333333333333333,1.006936053640786811956357738,0.1637892197478563630975892375,7.134277874261200859530000,1.102945438619154758553924199,4.537037037037037037037037037,1.018518518518518518518518519,29.60601112146627240785714285,3.231867467511241508643568,0.173210546700134559386067,-3.058656920811106949257501,0,True,False,12,3,1,8,0,"{""RANGING"": 2060, ""TRENDING_DOWN"": 15, ""TRENDING_UP"": 85}",42.16621992653787609306790909,78.74705980440521454848208754,94.99937821782453287014485724,-118.3497793327044910528289294,-222.7279498605403804286889294,-269.1016052629944190205489294,RESULT_DEPENDS_ON_FEW_TRADES,90,30
FUTURES_LONG_SHORT_TIME_EXIT_12_1X,90D-44,2025-07-14T00:00:00+00:00,2025-10-11T23:59:59.999999+00:00,TRADE_EXIT_TIME,2.476647553177810711261292895,2.741124105580634328571428576,247.6647553177810711261292895,274.1124105580634328571428576,10,8,2,70.0,2.437348964726451572991864665,24.76647553177810711261292895,20.596562703571709664030000,1.099696072545973181596779024,3.657407407407407407407407407,0.6944444444444444444444444444,23.94266359605103367500000000,2.504991644231328056013568,0,-2.504991644231328056013568,0,True,False,11,2,2,6,0,"{""RANGING"": 2079, ""TRENDING_DOWN"": 11, ""TRENDING_UP"": 70}",40.02391478868991764859284445,80.04685996937926121358771498,96.60249334376282375317463941,79.5757661797814026518435750,-88.5091508820723644167464252,-158.0380736056896274725064252,RESULT_DEPENDS_ON_FEW_TRADES,90,30
FUTURES_LONG_SHORT_TIME_EXIT_12_1X,90D-45,2025-08-13T00:00:00+00:00,2025-11-10T23:59:59.999999+00:00,TRADE_EXIT_TIME,2.294121524413286924700964323,2.464317130065676900000000003,229.4121524413286924700964323,246.4317130065676900000000003,7,2,5,71.42857142857142857142857143,2.458308310727301156404739184,32.77316463447552749572806176,13.311118864691852624160000,1.024579029089575915031746780,1.018518518518518518518518519,1.851851851851851851851851852,16.43098476062335685500000000,0.964568751122271242350000,0.375992946506630567446432,-0.588575804615640674903568,0,True,False,7,1,2,4,0,"{""RANGING"": 2108, ""TRENDING_DOWN"": 25, ""TRENDING_UP"": 27}",43.46461601008239073415494919,96.31042283133239925490339090,100,61.3231633033290239958107178,-143.0453337450608301579400000,-157.3138894935832318770000000,RESULT_DEPENDS_ON_FEW_TRADES,90,30
FUTURES_LONG_SHORT_TIME_EXIT_12_1X,90D-46,2025-09-12T00:00:00+00:00,2025-12-10T23:59:59.999999+00:00,TRADE_EXIT_TIME,0.2938930311711219767389433360,0.5046561304589214714285714303,29.38930311711219767389433360,50.46561304589214714285714303,9,1,8,33.33333333333333333333333333,1.085666070383383473011836450,3.265478124123577519321592622,-33.428642304504187125000000,2.825759344124056265300212447,0.5092592592592592592592592593,3.055555555555555555555555556,21.40014592462921640642857143,0.472505806978097856410000,0.796341802827364793875762,0.323835995849266937465762,0,True,False,9,2,2,5,0,"{""RANGING"": 2101, ""TRENDING_DOWN"": 53, ""TRENDING_UP"": 6}",45.12971154347602898361153939,100,100,-138.6996860208874708003913809,-343.0681830692773249541420987,-343.0681830692773249541420987,RESULT_DEPENDS_ON_FEW_TRADES,90,30
FUTURES_LONG_SHORT_TIME_EXIT_12_1X,180D-1,2022-01-05T04:00:00+00:00,2022-06-29T23:59:59.999999+00:00,TRADE_EXIT_TIME,-5.598369389461949265146291664,-4.852650245760236142857142867,-559.8369389461949265146291664,-485.2650245760236142857142867,35,6,29,31.42857142857142857142857143,0.6565337674651716939660271296,-15.99534111274842647184654761,-38.543704562242573407000000,8.268478744595083443794392525,1.398104265402843601895734597,6.090047393364928909952606635,73.40032597290583159285714286,3.778960653172205783184332,2.607372255906725147126595,-1.171588397265480636057737,0,False,False,38,14,5,16,0,"{""HIGH_VOLATILITY"": 31, ""RANGING"": 3906, ""TRENDING_DOWN"": 241, ""TRENDING_UP"": 42}",17.92788953238541295229753529,52.32139704274837971466257016,77.23444289706577959436973793,-751.6877942608463868917720238,-1119.741369179101928740530506,-1386.342139281458306809296605,,180,60
FUTURES_LONG_SHORT_TIME_EXIT_12_1X,180D-2,2022-03-02T00:00:00+00:00,2022-08-28T23:59:59.999999+00:00,TRADE_EXIT_TIME,-3.143009021545540864573998146,-2.155847427569588914285714288,-314.3009021545540864573998146,-215.5847427569588914285714288,43,16,27,37.20930232558139534883720930,0.8125366115973309153607878611,-7.309323305919862475753484060,-24.530214422815433208000000,4.461237295973860877044577990,3.379629629629629629629629630,5.486111111111111111111111111,92.19539618345232886285714286,7.586451002490922473315941,1.065687788348056307344698,-6.520763214142866165971243,0,False,False,44,14,5,24,0,"{""HIGH_VOLATILITY"": 31, ""RANGING"": 3941, ""TRENDING_DOWN"": 235, ""TRENDING_UP"": 113}",13.67849194962075153248685701,38.20575846911615014965758684,56.92240145265295569399715251,-500.6427178215126113953998146,-834.7771672493894131918725828,-1089.753611260031060436337967,,180,60
FUTURES_LONG_SHORT_TIME_EXIT_12_1X,180D-3,2022-05-01T00:00:00+00:00,2022-10-27T23:59:59.999999+00:00,TRADE_EXIT_TIME,-2.044651188987421023824633036,-1.063354078055397071428571428,-204.4651188987421023824633036,-106.3354078055397071428571428,43,17,26,41.86046511627906976744186047,0.8717653369434363112780629332,-4.755002765087025636801472177,-16.914869023166067184000000,4.289988425802061597899587589,3.726851851851851851851851852,5.231481481481481481481481481,91.75855417619514089500000000,7.625873806071585259950859,1.254716889064330915344698,-6.371156917007254344606161,0,False,False,45,15,5,23,0,"{""HIGH_VOLATILITY"": 31, ""RANGING"": 3907, ""TRENDING_DOWN"": 251, ""TRENDING_UP"": 131}",13.40592951917727600493096060,37.44445711925737283758338515,55.78814570693498739721181058,-390.8069345657006273204633036,-724.9413839935774291169360718,-979.9178280042190763614014558,,180,60
FUTURES_LONG_SHORT_TIME_EXIT_12_1X,180D-4,2022-06-30T00:00:00+00:00,2022-12-26T23:59:59.999999+00:00,TRADE_EXIT_TIME,0.04254199465069625333439848600,0.7738902323568532142857142960,4.2541994650696253334398486,77.3890232356853214285714296,30,13,17,43.33333333333333333333333333,1.004588723395984982813009938,0.1418066488356541777813282867,-13.489688116835042662016570,2.760865132527695283747843469,2.870370370370370370370370370,3.333333333333333333333333333,67.01690598470232201499999999,6.924024256039488518508631,0.806106470126114438377050,-6.117917785913374080131581,0,True,False,29,9,2,19,0,"{""RANGING"": 4057, ""TRENDING_DOWN"": 154, ""TRENDING_UP"": 109}",16.36572896636178421293307339,44.66162527684364890901313623,64.27565886188671666842789639,-148.1684907115101595522744369,-411.7031395784222098984594369,-594.3790087921272817978522442,RESULT_DEPENDS_ON_FEW_TRADES,180,60
FUTURES_LONG_SHORT_TIME_EXIT_12_1X,180D-5,2022-08-29T00:00:00+00:00,2023-02-24T23:59:59.999999+00:00,TRADE_EXIT_TIME,-1.332749905873665197626520652,-1.096323748523759685714285721,-133.2749905873665197626520652,-109.6323748523759685714285721,10,3,7,40.0,0.6280719175096208558149224405,-13.32749905873665197626520652,-14.033562515814510082153377,2.097832374578741338735417970,0.4398148148148148148148148148,1.527777777777777777777777778,21.51396848950351778714285715,2.678864946923060905737022,0.550217701436027501656386,-2.128647245487033404080636,0,False,False,10,4,0,6,0,"{""RANGING"": 4225, ""TRENDING_DOWN"": 67, ""TRENDING_UP"": 28}",65.27702896768350139969439397,92.39050441596357434470844762,100,-280.1877258552260211676520652,-341.2094191479275937708781832,-358.3353795039502368908781832,,180,60
FUTURES_LONG_SHORT_TIME_EXIT_12_1X,180D-6,2022-10-28T00:00:00+00:00,2023-04-25T23:59:59.999999+00:00,TRADE_EXIT_TIME,-1.046273476596786393988924691,-0.8025551904047125142857142942,-104.6273476596786393988924691,-80.25551904047125142857142942,10,4,6,30.0,0.7222066024761363022046083937,-10.46273476596786393988924691,-20.731493830029721882671807,2.131350092338775333533667326,0.5555555555555555555555555556,1.273148148148148148148148148,21.46318658908076031571428572,3.141314141261601956263140,0.232672111134974301656386,-2.908642030126627654606754,0,False,False,10,4,1,5,0,"{""RANGING"": 4254, ""TRENDING_DOWN"": 39, ""TRENDING_UP"": 27}",54.01006421511582225812219011,100,100,-251.5400829275381408038924691,-376.6372728519967122007353268,-376.6372728519967122007353268,,180,60
FUTURES_LONG_SHORT_TIME_EXIT_12_1X,180D-7,2022-12-27T00:00:00+00:00,2023-06-24T23:59:59.999999+00:00,TRADE_EXIT_TIME,-0.2584543104481368722730000020,-0.1310360311828329000000000019,-25.84543104481368722730000020,-13.10360311828329000000000019,5,4,1,40.0,0.8287731398935023004453292737,-5.16908620896273744546000004,-24.508006694848465407000000,0.8749225621974533754985714300,0.5555555555555555555555555556,0.2546296296296296296296296296,11.77885408932435679500000000,0.962973837206040432300000,0,-0.962973837206040432300000,0,False,False,5,2,1,2,0,"{""RANGING"": 4282, ""TRENDING_DOWN"": 7, ""TRENDING_UP"": 31}",74.94499887604288156626516861,100,100,-119.5995186276603924441428579,-150.9426209692722586241428579,-150.9426209692722586241428579,,180,60
FUTURES_LONG_SHORT_TIME_EXIT_12_1X,180D-8,2023-02-25T00:00:00+00:00,2023-08-23T23:59:59.999999+00:00,TRADE_EXIT_TIME,0.4008024374721659841555714302,0.5295111369255858142857142875,40.08024374721659841555714302,52.95111369255858142857142875,5,3,2,60.0,1.455672872167298206752561412,8.016048749443319683111428604,2.941425267133413500000000,0.6281847880208409949019801383,0.5324074074074074074074074074,0.5092592592592592592592592593,11.80001884106762546071428571,1.070851104274357552300000,0,-1.070851104274357552300000,0,True,False,5,1,1,3,0,"{""RANGING"": 4287, ""TRENDING_DOWN"": 12, ""TRENDING_UP"": 21}",73.22329083500063547178881918,100,100,-53.67384383563010680128571472,-87.95837144437538648128571468,-87.95837144437538648128571468,RESULT_DEPENDS_ON_FEW_TRADES,180,60
FUTURES_LONG_SHORT_TIME_EXIT_12_1X,180D-9,2023-04-26T00:00:00+00:00,2023-10-22T23:59:59.999999+00:00,TRADE_EXIT_TIME,0.029414252671334135000000,0.05401244858765800,2.941425267133413500000000,5.40124485876580,1,0,1,100,,2.941425267133413500000000,2.941425267133413500000000,0,0,0.2546296296296296296296296296,2.35194232456406938,0.107877267068317120000000,0,-0.107877267068317120000000,0,True,False,1,0,0,1,0,"{""RANGING"": 4311, ""TRENDING_DOWN"": 5, ""TRENDING_UP"": 4}",100,100,100,0E-24,0E-24,0E-24,RESULT_DEPENDS_ON_FEW_TRADES,180,60
FUTURES_LONG_SHORT_TIME_EXIT_12_1X,180D-10,2023-06-25T00:00:00+00:00,2023-12-21T23:59:59.999999+00:00,TRADE_EXIT_TIME,-0.6503459684021453771714285751,-0.6025222568769810857142857180,-65.03459684021453771714285751,-60.25222568769810857142857180,2,1,1,50.0,0.04327151215892429427058545507,-32.51729842010726885857142876,-32.51729842010726885857142876,0.6795603334799355630688992342,0.02314814814814814814814814815,0.2546296296296296296296296296,4.674493885448112025714285714,0.107877267068317120000000,0,-0.107877267068317120000000,0,False,False,2,1,0,1,0,"{""RANGING"": 4301, ""TRENDING_DOWN"": 5, ""TRENDING_UP"": 14}",100,100,100,-67.97602210734795121714285751,-67.97602210734795121714285751,-67.97602210734795121714285751,,180,60
FUTURES_LONG_SHORT_TIME_EXIT_12_1X,180D-11,2023-08-24T00:00:00+00:00,2024-02-19T23:59:59.999999+00:00,TRADE_EXIT_TIME,-1.358665193540059117791771430,-1.241780677603953214285714287,-135.8665193540059117791771430,-124.1780677603953214285714287,5,4,1,20.0,0.2856817954319685804985366759,-27.1733038708011823558354286,-29.963231867881384520360000,1.358665193540059117791771430,0.5324074074074074074074074074,0.2546296296296296296296296296,11.47408298223213217928571429,0.447542763446201515960000,0.233174152067743344640000,-0.214368611378458171320000,0,False,False,5,2,0,3,0,"{""RANGING"": 4287, ""TRENDING_DOWN"": 8, ""TRENDING_UP"": 25}",100,100,100,-190.2044753796639818432171430,-190.2044753796639818432171430,-190.2044753796639818432171430,,180,60
FUTURES_LONG_SHORT_TIME_EXIT_12_1X,180D-12,2023-10-23T00:00:00+00:00,2024-04-19T23:59:59.999999+00:00,TRADE_EXIT_TIME,-3.330117631423296195244971431,-3.097771156853035514285714289,-333.0117631423296195244971431,-309.7771156853035514285714289,11,4,7,18.18181818181818181818181818,0.3752795964636921406999730586,-30.27379664930269268404519483,-58.277155209332838175320000,3.692434961038370958909257150,0.5324074074074074074074074074,1.296296296296296296296296296,23.93889900460234238428571429,0.447542763446201515960000,1.151794311022475804320000,0.704251547576274288360000,0,False,False,11,4,1,6,0,"{""RANGING"": 4247, ""TRENDING_DOWN"": 40, ""TRENDING_UP"": 33}",72.83720469802652330273078812,100,100,-478.7193304936791370273542860,-533.0572865193372070913942860,-533.0572865193372070913942860,,180,60
FUTURES_LONG_SHORT_TIME_EXIT_12_1X,180D-13,2023-12-22T00:00:00+00:00,2024-06-18T23:59:59.999999+00:00,TRADE_EXIT_TIME,-3.414966769653650438172203690,-3.082645003405468499999999998,-341.4966769653650438172203690,-308.2645003405468499999999998,15,6,9,33.33333333333333333333333333,0.4429798278345808830687172450,-22.76644513102433625448135793,-29.963231867881384520360000,4.648443192135520046648668617,1.273148148148148148148148148,1.574074074074074074074074074,32.98781144019735336214285714,1.562730810225357682909144,1.318365625604517227831632,-0.244365184620840455077512,0,False,False,15,5,1,9,0,"{""RANGING"": 4233, ""TRENDING_DOWN"": 49, ""TRENDING_UP"": 38}",53.65159019666130587751965648,95.23283352970600118487494861,100,-487.2042443167145613200775119,-600.1310334630219347950683679,-613.0777555825218173221683679,,180,60
FUTURES_LONG_SHORT_TIME_EXIT_12_1X,180D-14,2024-02-20T00:00:00+00:00,2024-08-17T23:59:59.999999+00:00,TRADE_EXIT_TIME,-1.976380992219130235522476146,-1.621913863299060671428571421,-197.6380992219130235522476146,-162.1913863299060671428571421,17,3,14,35.29411764705882352941176471,0.7219765065992974455543816634,-11.62577054246547197366162439,-56.487947396631721080000000,3.894616860920025153401860830,0.7638888888888888888888888889,2.245370370370370370370370370,35.75617272595353195357142857,1.158230067604406534010676,1.467689901550982078191632,0.309459833946575544180956,0,False,False,17,5,3,9,0,"{""HIGH_VOLATILITY"": 6, ""RANGING"": 4212, ""TRENDING_DOWN"": 75, ""TRENDING_UP"": 27}",33.84989610262463642586313563,86.06170300133972196485395408,99.62614415339770236554031238,-371.3660024769062558265333292,-639.3327847136484014415333296,-708.9495986922903901524841856,,180,60
FUTURES_LONG_SHORT_TIME_EXIT_12_1X,180D-15,2024-04-20T00:00:00+00:00,2024-10-16T23:59:59.999999+00:00,TRADE_EXIT_TIME,-0.03647738865303806053927614460,0.2242075515154383285714285801,-3.64773886530380605392761446,22.42075515154383285714285801,12,3,9,41.66666666666666666666666667,0.9901723339335362111067464535,-0.3039782387753171711606345383,-7.567076868937491802030766,1.923164423036788075948660830,0.7638888888888888888888888889,1.458333333333333333333333333,25.56385231573330063357142857,1.158230067604406534010676,0.653588366490068256511632,-0.504641701114338277499044,0,False,False,12,3,2,7,0,"{""HIGH_VOLATILITY"": 6, ""RANGING"": 4235, ""TRENDING_DOWN"": 60, ""TRENDING_UP"": 19}",47.26998246312667153752806246,96.47729975394068449380111225,100,-177.3756421202970383282133291,-358.2236901263389698513070426,-371.1704122458388523784070426,,180,60
FUTURES_LONG_SHORT_TIME_EXIT_12_1X,180D-16,2024-06-19T00:00:00+00:00,2024-12-15T23:59:59.999999+00:00,TRADE_EXIT_TIME,-0.9362517373299084309734140179,-0.6466387419217332285714285597,-93.62517373299084309734140179,-64.66387419217332285714285597,13,5,8,30.76923076923076923076923077,0.7775268231378799256046058180,-7.201936440999295622872415522,-13.660617623669514242116415,2.689128156100154241007552650,0.8796296296296296296296296296,1.226851851851851851851851852,27.77865069933310193285714285,1.669665893392445140341403,0.487017051908026833000000,-1.182648841484418307341403,0,False,False,13,4,2,7,0,"{""HIGH_VOLATILITY"": 6, ""RANGING"": 4217, ""TRENDING_DOWN"": 55, ""TRENDING_UP"": 42}",53.09323864276218147046938192,95.27438730196520767721521695,100,-267.3530769879840753716271164,-405.3752188045200694012465179,-420.8380311439340820986065179,,180,60
FUTURES_LONG_SHORT_TIME_EXIT_12_1X,180D-17,2024-08-18T00:00:00+00:00,2025-02-13T23:59:59.999999+00:00,TRADE_EXIT_TIME,3.091715492421408168367455640,3.371856850554192342857142851,309.1715492421408168367455640,337.1856850554192342857142851,13,5,8,53.84615384615384615384615385,2.052024861124657378783770755,23.78242686478006283359581262,12.561162101537287326390000,1.893659394779153810163327280,0.8796296296296296296296296296,1.087962962962962962962962963,27.42507024470888427428571428,1.626623872567194773279871,1.037558303997661598596864,-0.589065568569533174683007,0,True,False,13,4,3,6,0,"{""HIGH_VOLATILITY"": 13, ""RANGING"": 4210, ""TRENDING_DOWN"": 55, ""TRENDING_UP"": 42}",29.89346617516298845116689632,80.58588443903965919652839570,95.35299017230967122167848102,128.8978327863736420996027071,-176.8047773763780936899427280,-265.8583858215465385474192720,RESULT_DEPENDS_ON_FEW_TRADES,180,60
FUTURES_LONG_SHORT_TIME_EXIT_12_1X,180D-18,2024-10-17T00:00:00+00:00,2025-04-14T23:59:59.999999+00:00,TRADE_EXIT_TIME,3.810730005784031676393988818,4.251527054276655771428571415,381.0730005784031676393988818,425.1527054276655771428571415,21,5,16,52.38095238095238095238095238,1.596095380984277755768229987,18.14633336087634131616185151,12.561162101537287326390000,2.017404301913679573250772438,0.8796296296296296296296296296,2.638888888888888888888888889,43.13008016492860738285714285,1.965418113726769302279871,1.015793429392967181678754,-0.949624684333802120601117,0,True,False,21,6,5,10,0,"{""HIGH_VOLATILITY"": 13, ""RANGING"": 4150, ""TRENDING_DOWN"": 110, ""TRENDING_UP"": 47}",17.66774605065875955669460427,52.15364832287803515194037167,81.82894714731368500438085578,200.7992841226359929022560249,-151.0793171498535012440036957,-453.8726893591515446025751240,RESULT_DEPENDS_ON_FEW_TRADES,180,60
FUTURES_LONG_SHORT_TIME_EXIT_12_1X,180D-19,2024-12-16T00:00:00+00:00,2025-06-13T23:59:59.999999+00:00,TRADE_EXIT_TIME,9.460575573250017009868467374,9.967408580363966785714285700,946.0575573250017009868467374,996.740858036396678571428570,23,8,15,56.52173913043478260869565217,2.745967999532421383745070697,41.13293727500007395594985815,28.908918327420233600000000,1.985873064493153467589948370,1.805555555555555555555555556,2.592592592592592592592592593,48.80171401358769787928571426,2.897380127200246886974872,1.015793429392967181678754,-1.881586697807279705296118,0,True,False,23,3,8,12,0,"{""HIGH_VOLATILITY"": 13, ""RANGING"": 4126, ""TRENDING_DOWN"": 108, ""TRENDING_UP"": 73}",12.11589945239455865115217037,35.76508046604936285815637287,58.32385335124394894002877788,765.7838408692345262497038805,413.9052395967450321034441599,78.2509332305863333881413027,,180,60
FUTURES_LONG_SHORT_TIME_EXIT_12_1X,180D-20,2025-02-14T00:00:00+00:00,2025-08-12T23:59:59.999999+00:00,TRADE_EXIT_TIME,4.549896687415278559879323735,5.220289592440390171428571421,454.9896687415278559879323735,522.0289592440390171428571421,27,16,11,48.14814814814814814814814815,1.621435142059417161155466286,16.85146921264917985140490272,-11.164153632939518706111552,2.079359006722078070728320087,3.564814814814814814814814815,2.314814814814814814814814815,61.90511665818402492571428570,5.390138140316395009678440,0.255964295989258780467957,-5.134173844327136229210483,0,True,False,27,5,6,16,0,"{""RANGING"": 4100, ""TRENDING_DOWN"": 89, ""TRENDING_UP"": 131}",15.06285736514628357262484410,43.33683534899895437609326231,65.35563192672879594370918173,276.1710764770080445712180880,-59.4832298891506541440847692,-320.8791995873765529691614492,RESULT_DEPENDS_ON_FEW_TRADES,180,60
FUTURES_LONG_SHORT_TIME_EXIT_12_1X,180D-21,2025-04-15T00:00:00+00:00,2025-10-11T23:59:59.999999+00:00,TRADE_EXIT_TIME,6.163703128156770652842147702,6.750636725936263157142857145,616.3703128156770652842147702,675.0636725936263157142857145,22,18,4,59.09090909090909090909090909,2.606783428643895691505079454,28.01683240071259387655521683,15.901383862347162256060000,1.061071732141478753161082771,4.074074074074074074074074074,0.8564814814814814814814814815,53.02570941140845425642857142,5.840860913240930733028440,0.173210546700134559386067,-5.667650366540796173642373,0,True,False,23,3,5,14,0,"{""RANGING"": 4139, ""TRENDING_DOWN"": 28, ""TRENDING_UP"": 153}",16.80931225984576245336005643,47.46849168231100476665976189,69.98919825288960124566649856,448.2813236776773968099290557,141.6970686374875569781209470,-83.5044591587958823354504814,,180,60
FUTURES_LONG_SHORT_TIME_EXIT_12_1X,180D-22,2025-06-14T00:00:00+00:00,2025-12-10T23:59:59.999999+00:00,TRADE_EXIT_TIME,0.3135477375408647403106540450,0.8509575172514380285714285780,31.35477375408647403106540450,85.0957517251438028571428578,21,11,10,47.61904761904761904761904762,1.050052449774757927512231685,1.493084464480308287193590690,-30.842791902134812850000000,2.825221327490801373913841065,2.523148148148148148148148148,2.037037037037037037037037037,51.00615704609548881428571428,3.704373274489339365053568,0.969552349527499353261829,-2.734820924961840011791739,0,True,False,21,5,3,13,0,"{""RANGING"": 4161, ""TRENDING_DOWN"": 68, ""TRENDING_UP"": 91}",25.55347336123899753647888836,67.65091591846025721030628335,84.44965072471026110419645406,-136.7342153839131944432203100,-413.6482953098068163483810280,-524.1492167486520090309710280,RESULT_DEPENDS_ON_FEW_TRADES,180,60
FUTURES_LONG_SHORT_TIME_EXIT_12_1X,365D-1,2022-01-05T04:00:00+00:00,2022-12-31T23:59:59.999999+00:00,TRADE_EXIT_TIME,-5.555827394811253011811893178,-4.078760013403382928571428570,-555.5827394811253011811893178,-407.8760013403382928571428570,65,19,46,36.92307692307692307692307692,0.7827260334913860998853554128,-8.547426761248081556633681812,-21.905508420008299873684776,8.335754987569748680164420450,2.113163972286374133949191686,4.630484988452655889145496536,140.4172319576081536078571428,10.702984909211694301692963,3.413478726032839585503645,-7.289506183178854716189318,0,False,False,67,23,7,35,0,"{""HIGH_VOLATILITY"": 31, ""RANGING"": 8083, ""TRENDING_DOWN"": 395, ""TRENDING_UP"": 151}",9.585458890793580885229829897,27.97454767646722433750649189,42.93026632807313412106182149,-747.4335947957767615583321752,-1115.487169714032303407090658,-1414.822595158471589697804943,,365,90
FUTURES_LONG_SHORT_TIME_EXIT_12_1X,365D-2,2022-04-01T00:00:00+00:00,2023-03-31T23:59:59.999999+00:00,TRADE_EXIT_TIME,-4.363569756034908418606147369,-3.086711719301128885714285720,-436.3569756034908418606147369,-308.6711719301128885714285720,55,21,34,38.18181818181818181818181818,0.7920488007300601648652229680,-7.933763192790742579283904307,-21.905508420008299873684776,5.085298614420509613245033135,2.111872146118721461187214612,3.458904109589041095890410959,118.1926445050685414057142857,10.980548168508717100472963,1.487389000199305217001084,-9.493159168309411883471879,0,False,False,57,19,6,30,0,"{""HIGH_VOLATILITY"": 31, ""RANGING"": 8272, ""TRENDING_DOWN"": 301, ""TRENDING_UP"": 156}",11.21186573755395015754670519,31.31615940812990191681051052,48.48019889475509749575675061,-622.6987912704493667986147369,-956.8332406983261685950875051,-1242.100506377774768303367889,,365,90
FUTURES_LONG_SHORT_TIME_EXIT_12_1X,365D-3,2022-06-30T00:00:00+00:00,2023-06-29T23:59:59.999999+00:00,TRADE_EXIT_TIME,-0.2159123157974406189386015160,0.6428542011740203142857142945,-21.59123157974406189386015160,64.28542011740203142857142945,35,17,18,42.85714285714285714285714286,0.9799717958015706416997871958,-0.61689233084983033982457576,-15.867232167252043518070000,3.415775783883292229265163073,1.689497716894977168949771689,1.769406392694063926940639269,78.79576007402667881000000000,7.886998093245528950808631,0.806106470126114438377050,-7.080891623119414512431581,0,False,False,34,11,3,21,0,"{""RANGING"": 8459, ""TRENDING_DOWN"": 161, ""TRENDING_UP"": 140}",14.42781752313113376590691646,39.37311812417293569051525774,56.90276775830308638059727871,-174.0139217563238467795744371,-437.5485706232358971257594371,-622.7405687063357325491379588,,365,90
FUTURES_LONG_SHORT_TIME_EXIT_12_1X,365D-4,2022-09-28T00:00:00+00:00,2023-09-27T23:59:59.999999+00:00,TRADE_EXIT_TIME,-1.518695523906790886888210402,-1.201044258260345971428571433,-151.8695523906790886888210402,-120.1044258260345971428571433,13,6,7,38.46153846153846153846153846,0.6597094356172972910937493062,-11.68227326082146836067854155,-16.954980965210978358343614,2.354721196492102927396778019,0.4794520547945205479452054795,0.7534246575342465753424657534,28.58406344100864504285714287,3.493128384783544004763140,0.312065261147697501656386,-3.181063123635846503106754,0,False,False,13,5,1,7,0,"{""RANGING"": 8667, ""TRENDING_DOWN"": 44, ""TRENDING_UP"": 49}",49.89832221249804906384627178,92.38708181082477215025429194,100,-298.7822876585385900938210402,-423.8794775829971614906638979,-446.2937509483256233721638979,,365,90
FUTURES_LONG_SHORT_TIME_EXIT_12_1X,365D-5,2022-12-27T00:00:00+00:00,2023-12-26T23:59:59.999999+00:00,TRADE_EXIT_TIME,-0.9088002788502822494444285771,-0.7335582880598139857142857199,-90.88002788502822494444285771,-73.35582880598139857142857199,7,5,2,42.85714285714285714285714286,0.5848684853522467651126394467,-12.98286112643260356349183682,-24.508006694848465407000000,1.280036048821855692349043490,0.2853881278538812785388127854,0.2511415525114155251141552511,16.45334797477246882071428571,1.070851104274357552300000,0,-1.070851104274357552300000,0,False,False,7,3,1,3,0,"{""RANGING"": 8703, ""TRENDING_DOWN"": 12, ""TRENDING_UP"": 45}",73.22329083500063547178881918,100,100,-184.6341154678749301612857154,-218.9186430766202098412857154,-218.9186430766202098412857154,,365,90
FUTURES_LONG_SHORT_TIME_EXIT_12_1X,365D-6,2023-03-27T00:00:00+00:00,2024-03-25T23:59:59.999999+00:00,TRADE_EXIT_TIME,-3.080249156273708442156057147,-2.898791592263840785714285719,-308.0249156273708442156057147,-289.8791592263840785714285719,8,4,4,25.00,0.1567990898976749728945576554,-38.50311445342135552695071434,-47.33156282797545397553714273,3.108748993661129535322574790,0.2625570776255707762557077626,0.4908675799086757990867579909,18.35354613745103663785714286,0.555420030514518635960000,0.763209766978789629640000,0.207789736464270993680000,0,False,False,8,3,0,5,0,"{""RANGING"": 8700, ""TRENDING_DOWN"": 29, ""TRENDING_UP"": 31}",94.86477472216763092345741015,100,100,-362.3628716530289142796457147,-365.3042969201623277796457147,-365.3042969201623277796457147,,365,90
FUTURES_LONG_SHORT_TIME_EXIT_12_1X,365D-7,2023-06-25T00:00:00+00:00,2024-06-23T23:59:59.999999+00:00,TRADE_EXIT_TIME,-4.065312738055795815343632265,-3.685167260282449585714285717,-406.5312738055795815343632265,-368.5167260282449585714285717,17,7,10,35.29411764705882352941176471,0.4030849146971459938047445593,-23.91360434150468126672724862,-29.963231867881384520360000,4.808668109340814436570051714,0.6392694063926940639269406393,0.9018264840182648401826484018,37.66230532564546538785714286,1.670608077293674802909144,1.318365625604517227831632,-0.352242451689157575077512,0,False,False,17,6,1,10,0,"{""RANGING"": 8654, ""TRENDING_DOWN"": 54, ""TRENDING_UP"": 52}",53.07672969964039894601874759,94.21244263700506395322592445,99.30106230478069050135496741,-552.2388411569290990372203694,-665.1656303032364725122112254,-679.1350364283625713122112254,,365,90
FUTURES_LONG_SHORT_TIME_EXIT_12_1X,365D-8,2023-09-23T00:00:00+00:00,2024-09-21T23:59:59.999999+00:00,TRADE_EXIT_TIME,-3.335046185759189353314247576,-2.863694540903013885714285708,-333.5046185759189353314247576,-286.3694540903013885714285708,22,7,15,31.81818181818181818181818182,0.6298805014414974814858329141,-15.15930084435995160597385262,-43.225589632256552800180000,5.253282054460084271193632260,0.6392694063926940639269406393,1.232876712328767123287671233,47.23025570818566413285714286,1.605772831050608049970676,1.700864053618725422831632,0.095091222568117372860956,0,False,False,22,7,3,12,0,"{""HIGH_VOLATILITY"": 6, ""RANGING"": 8611, ""TRENDING_DOWN"": 91, ""TRENDING_UP"": 52}",30.60916806957867918796513459,77.82231069589357253000185342,97.71891339341014115487969304,-507.2325218309121676057104722,-775.1993040676543132207104726,-888.1260932139616866957013286,,365,90
FUTURES_LONG_SHORT_TIME_EXIT_12_1X,365D-9,2023-12-22T00:00:00+00:00,2024-12-20T23:59:59.999999+00:00,TRADE_EXIT_TIME,-4.548945359464863651306146281,-3.889760115294212185714285702,-454.8945359464863651306146281,-388.9760115294212185714285702,30,11,19,33.33333333333333333333333333,0.5963594051067039159984674797,-15.16315119821621217102048760,-28.764279742123253597680000,5.089247463157510987553192165,1.061643835616438356164383562,1.598173515981735159817351598,64.90572867424081760785714285,3.232396703617802823250547,2.219600960793473871921632,-1.012795742824328951328915,0,False,False,30,10,3,17,0,"{""HIGH_VOLATILITY"": 6, ""RANGING"": 8553, ""TRENDING_DOWN"": 121, ""TRENDING_UP"": 80}",25.84911166250643585789569708,65.72010041042945392108296941,85.34255734404740038802029820,-628.6224392014795974049003427,-896.5892214382217430199003431,-1028.468736072896125370851199,,365,90
FUTURES_LONG_SHORT_TIME_EXIT_12_1X,365D-10,2024-03-21T00:00:00+00:00,2025-03-20T23:59:59.999999+00:00,TRADE_EXIT_TIME,2.453100965601051816277226963,3.169815031516164928571428573,245.3100965601051816277226963,316.9815031516164928571428573,34,8,26,44.11764705882352941176470588,1.227023878093877026563329790,7.215002840003093577285961656,-11.913461026221281918530766,2.991765636670565440732705470,0.8105022831050228310502283105,1.997716894977168949771689498,70.81634366620888512499999999,2.913029265229147717290547,2.057966339926721612870386,-0.855062925302426104420161,0,True,False,34,9,7,18,0,"{""HIGH_VOLATILITY"": 19, ""RANGING"": 8509, ""TRENDING_DOWN"": 158, ""TRENDING_UP"": 74}",13.59676252939577191202663736,39.75250494047201472102302867,63.57544987480933809525810629,65.0363801043380068905798394,-281.7515321586249081132513103,-597.6098705644904159146798815,RESULT_DEPENDS_ON_FEW_TRADES,365,90
FUTURES_LONG_SHORT_TIME_EXIT_12_1X,365D-11,2024-06-19T00:00:00+00:00,2025-06-18T23:59:59.999999+00:00,TRADE_EXIT_TIME,8.524323835920108578895053356,9.320769838442233557142857136,852.4323835920108578895053356,932.0769838442233557142857136,36,13,23,47.22222222222222222222222222,1.885468524928685608304092311,23.67867732200030160804181488,-7.159518532327004476555776,2.883356344911342807581566889,1.324200913242009132420091324,1.883561643835616438356164384,76.58036471292079981214285712,4.567046020592692027316275,1.502810481300994014678754,-3.064235539291698012637521,0,True,False,36,7,10,19,0,"{""HIGH_VOLATILITY"": 19, ""RANGING"": 8463, ""TRENDING_DOWN"": 163, ""TRENDING_UP"": 115}",9.931762219869657715158973359,29.35449357409493928307759243,48.26289534165355951488952271,672.1586671362436831523624787,319.6121716167306394613624786,-23.5986084457550335667543848,,365,90
FUTURES_LONG_SHORT_TIME_EXIT_12_1X,365D-12,2024-09-17T00:00:00+00:00,2025-09-16T23:59:59.999999+00:00,TRADE_EXIT_TIME,7.784297737321910745437379375,8.791586057267656414285714273,778.4297737321910745437379375,879.1586057267656414285714273,42,23,19,52.38095238095238095238095238,1.758672498971645452418740086,18.53404223171883510818423661,6.759299492683918210645000,2.018011657543427664517989843,2.442922374429223744292237443,1.678082191780821917808219178,94.26648312728280409499999997,7.755871467278683168898311,1.293522599986920379064821,-6.462348867291762789833490,0,True,False,42,9,9,24,0,"{""HIGH_VOLATILITY"": 13, ""RANGING"": 8411, ""TRENDING_DOWN"": 136, ""TRENDING_UP"": 200}",9.990387707072750039353150356,29.49075482463416733541364442,48.09200586706934371058004438,598.1560572764238998065950806,246.2774560039344056603353600,-89.3768503622242930549674972,,365,90
FUTURES_LONG_SHORT_TIME_EXIT_12_1X,365D-13,2024-12-16T00:00:00+00:00,2025-12-15T23:59:59.999999+00:00,TRADE_EXIT_TIME,9.774123310790881750179121410,10.81836609761540481428571429,977.412331079088175017912141,1081.836609761540481428571429,44,19,25,52.27272727272727272727272727,1.836617122437637797966515359,22.21391661543382215949800320,6.759299492683918210645000,2.588038990317758485595662730,2.134703196347031963470319635,2.283105022831050228310502283,99.80787105968318669357142854,6.601753401689586252028440,1.985345778920466534940583,-4.616407622769119717087857,0,True,False,44,8,11,25,0,"{""HIGH_VOLATILITY"": 13, ""RANGING"": 8407, ""TRENDING_DOWN"": 176, ""TRENDING_UP"": 164}",8.401613874727614562830174151,24.80083277803389641545911008,40.56441672187103641837614813,797.1386146233210002807692841,445.2600133508315061345095635,107.0202531583158473616524207,,365,90
FUTURES_LONG_SHORT_TIME_EXIT_24_1X,90D-1,2022-01-05T04:00:00+00:00,2022-03-31T23:59:59.999999+00:00,TRADE_EXIT_TIME,-1.481467480260082920355106334,-1.178878053343545799999999993,-148.1467480260082920355106334,-117.8878053343545799999999993,13,2,11,23.07692307692307692307692308,0.7685660755767994408502371960,-11.39590369430833015657774103,-55.585759966998485037000000,5.347312772703330139634900220,2.233009708737864077669902913,6.504854368932038834951456311,31.07514689674734424000000001,1.196023550694664957580000,2.012227755788297162069366,0.816204205093632204489366,0,False,False,13,6,2,5,0,"{""RANGING"": 1939, ""TRENDING_DOWN"": 101, ""TRENDING_UP"": 20}",39.43328149705567635669837747,100,100,-342.1500996084924004555106336,-640.1254630030247344664551542,-640.1254630030247344664551542,,90,30
FUTURES_LONG_SHORT_TIME_EXIT_24_1X,90D-2,2022-01-31T00:00:00+00:00,2022-04-30T23:59:59.999999+00:00,TRADE_EXIT_TIME,-4.914070929543081087428710606,-4.708254514578571857142857147,-491.4070929543081087428710606,-470.8254514578571857142857147,8,2,6,0,0E+25,-61.42588661928851359285888258,-63.61209789866636669227186305,4.914070929543081087428710610,2.129629629629629629629629630,3.564814814814814814814814815,19.79269712937876837285714286,1.378514598362123053580000,0.589570231289968397851797,-0.788944367072154655728203,0,False,False,8,4,0,4,0,"{""RANGING"": 2103, ""TRENDING_DOWN"": 37, ""TRENDING_UP"": 20}",0,0,0,-491.4070929543081087428710606,-491.4070929543081087428710606,-491.4070929543081087428710606,,90,30
FUTURES_LONG_SHORT_TIME_EXIT_24_1X,90D-3,2022-03-02T00:00:00+00:00,2022-05-30T23:59:59.999999+00:00,TRADE_EXIT_TIME,-2.624085152836301468349246839,-2.459768882236018900000000009,-262.4085152836301468349246839,-245.9768882236018900000000009,7,1,6,14.28571428571428571428571429,0.3449168140213866579367724833,-37.48693075480430669070352627,-55.585759966998485037000000,2.624085152836301468349246840,0.6944444444444444444444444444,4.212962962962962962962962963,16.73586157687822236500000000,0.684926600161220747890986,0.989161117011186277966303,0.304234516849965530075317,0,False,False,8,3,1,3,0,"{""HIGH_VOLATILITY"": 21, ""RANGING"": 2073, ""TRENDING_DOWN"": 65, ""TRENDING_UP"": 1}",100,100,100,-400.5728141100496213759738679,-400.5728141100496213759738679,-400.5728141100496213759738679,,90,30
FUTURES_LONG_SHORT_TIME_EXIT_24_1X,90D-4,2022-04-01T00:00:00+00:00,2022-06-29T23:59:59.999999+00:00,TRADE_EXIT_TIME,-2.811588769879098316491033935,-2.420779427913229771428571445,-281.1588769879098316491033935,-242.0779427913229771428571445,18,4,14,33.33333333333333333333333333,0.7078071272156801417620861168,-15.61993761043943509161685519,-63.7139175909918794602894418,3.072694132550620111488844589,2.916666666666666666666666667,8.287037037037037037037037037,36.49998458616322533714285715,3.329649830990211824014431,0.748700220566582654911039,-2.580949610423629169103392,0,False,False,20,9,4,5,0,"{""HIGH_VOLATILITY"": 31, ""RANGING"": 1967, ""TRENDING_DOWN"": 140, ""TRENDING_UP"": 22}",27.29296383269222966468216280,74.65279187363199754230516153,97.00550414495169848562679344,-467.0453609172133536081033935,-789.6029243974244151143767156,-941.8424215758864555852391663,,90,30
FUTURES_LONG_SHORT_TIME_EXIT_24_1X,90D-5,2022-05-01T00:00:00+00:00,2022-07-29T23:59:59.999999+00:00,TRADE_EXIT_TIME,1.120495104568096824522017375,1.739052510298251585714285704,112.0495104568096824522017375,173.9052510298251585714285704,27,11,16,40.74074074074074074074074074,1.096274402785212973738730033,4.149981868770728979711175463,-15.518350523343517058524392,3.285271677008992229703527807,7.870370370370370370370370370,9.722222222222222222222222222,56.68339918442901187785714287,6.243010156306608598661659,1.070668767720144357291969,-5.172341388586464241369690,0,True,False,28,11,7,9,0,"{""HIGH_VOLATILITY"": 31, ""RANGING"": 1849, ""TRENDING_DOWN"": 176, ""TRENDING_UP"": 104}",14.56898877875437816264205060,43.42632813346814850592307502,69.72856947962784703433460670,-73.8369734724938395067982625,-442.0292639370821233638819751,-777.6209263060881991081878388,RESULT_DEPENDS_ON_FEW_TRADES,90,30
FUTURES_LONG_SHORT_TIME_EXIT_24_1X,90D-6,2022-05-31T00:00:00+00:00,2022-08-28T23:59:59.999999+00:00,TRADE_EXIT_TIME,2.350173996914728622587470516,3.019419664135292971428571430,235.0173996914728622587470516,301.9419664135292971428571430,28,12,16,42.85714285714285714285714286,1.212574600377482783229494594,8.393478560409745080669537557,-11.324806506076188463621972,3.264319770639573295015025184,8.287037037037037037037037037,10.09259259259259259259259259,59.66171477687223531142857144,7.670855167912314323688423,0.408003222728114751006903,-7.262851945184199572681520,0,True,False,27,11,7,10,0,"{""HIGH_VOLATILITY"": 10, ""RANGING"": 1868, ""TRENDING_DOWN"": 170, ""TRENDING_UP"": 112}",13.86598418064837110767181839,41.33085611270525455931619854,66.64272916491390858637029997,49.1309157621693402997470516,-319.0613747024189435573366610,-658.3907019279995169725514216,RESULT_DEPENDS_ON_FEW_TRADES,90,30
FUTURES_LONG_SHORT_TIME_EXIT_24_1X,90D-7,2022-06-30T00:00:00+00:00,2022-09-27T23:59:59.999999+00:00,TRADE_EXIT_TIME,2.487523763947827039258822696,2.926575370169703028571428586,248.7523763947827039258822696,292.6575370169703028571428586,17,8,9,47.05882352941176470588235294,1.433545419688846612643817190,14.63249272910486493681660409,-7.112884752427530336666714,1.767697949198633819694914953,5.370370370370370370370370370,6.990740740740740740740740741,39.89484441681911027000000000,5.036539422110319133298888,1.026223216741830472038299,-4.010316205368488661260589,0,True,False,16,6,4,7,0,"{""RANGING"": 1947, ""TRENDING_DOWN"": 122, ""TRENDING_UP"": 91}",22.34596487150077831291003306,63.60103242478809119103582350,90.54630713543152039232970737,64.9533505839860070340226951,-274.3759766415945663811920655,-496.0050390025049660307174541,RESULT_DEPENDS_ON_FEW_TRADES,90,30
FUTURES_LONG_SHORT_TIME_EXIT_24_1X,90D-8,2022-07-30T00:00:00+00:00,2022-10-27T23:59:59.999999+00:00,TRADE_EXIT_TIME,-0.5745978668753355137099695471,-0.3601531271383260999999999818,-57.45978668753355137099695471,-36.01531271383260999999999818,8,3,5,50.0,0.8122438771894395339793492496,-7.182473335941693921374619339,-24.85310041393385031757442845,1.834253678374198505543567119,1.805555555555555555555555556,3.842592592592592592592592593,19.62444894247565425357142857,2.522752618776958343401660,0.702727587551671225976132,-1.820025031225287117425528,0,False,False,8,4,1,3,0,"{""RANGING"": 2058, ""TRENDING_DOWN"": 75, ""TRENDING_UP"": 27}",63.31673793510758221270990389,91.59782829831816345102635716,100,-214.8489690477858453467112402,-285.1485112175677316950091662,-306.0341565825180538892591662,,90,30
FUTURES_LONG_SHORT_TIME_EXIT_24_1X,90D-9,2022-08-29T00:00:00+00:00,2022-11-26T23:59:59.999999+00:00,TRADE_EXIT_TIME,-2.149393415476220072265869093,-1.949917638881791599999999995,-214.9393415476220072265869093,-194.9917638881791599999999995,8,2,6,37.500,0.5177939320104736941784699653,-26.86741769345275090332336366,-76.57980174401054426006527975,2.410109453070650488849210471,1.388888888888888888888888889,3.842592592592592592592592593,17.41559858448842836571428572,3.421056857490507291848756,0.889077782536088430976132,-2.531979074954418860872624,0,False,False,8,5,1,2,0,"{""RANGING"": 2081, ""TRENDING_DOWN"": 61, ""TRENDING_UP"": 18}",80.19008282664872119510166223,100,100,-400.0199257495233319854440517,-445.7416772952980949156701837,-445.7416772952980949156701837,,90,30
FUTURES_LONG_SHORT_TIME_EXIT_24_1X,90D-10,2022-09-28T00:00:00+00:00,2022-12-26T23:59:59.999999+00:00,TRADE_EXIT_TIME,-1.712032551072523157296617948,-1.538301700120305585714285718,-171.2032551072523157296617948,-153.8301700120305585714285718,7,2,5,28.57142857142857142857142857,0.5460840230614580766285685917,-24.45760787246461653280882783,-71.45347756732548254357142813,2.034598900443033187424711907,1.388888888888888888888888889,2.870370370370370370370370370,14.86405739202214514500000000,2.911601989614359670594846,0.402574286414747657361623,-2.509027703199612013233223,0,False,False,7,4,1,2,0,"{""RANGING"": 2110, ""TRENDING_DOWN"": 32, ""TRENDING_UP"": 18}",89.85967485598344274730974878,100,100,-356.2838393091536404885189372,-377.1694846741039626827689372,-377.1694846741039626827689372,,90,30
FUTURES_LONG_SHORT_TIME_EXIT_24_1X,90D-11,2022-10-28T00:00:00+00:00,2023-01-25T23:59:59.999999+00:00,TRADE_EXIT_TIME,-1.206354229048771553803403667,-1.086553183875731642857142865,-120.6354229048771553803403667,-108.6553183875731642857142865,5,0,5,20.0,0.6054003712578176949702259363,-24.12708458097543107606807334,-81.70612592069560597655913140,2.024395566974297047304361365,0,2.870370370370370370370370370,9.971700047378545482142857144,2.329537419963865589844846,0.321132950038419977361623,-2.008404469925445612483223,0,False,False,5,3,1,1,0,"{""RANGING"": 2124, ""TRENDING_DOWN"": 32, ""TRENDING_UP"": 4}",100,100,100,-305.7160071067784801391975091,-305.7160071067784801391975091,-305.7160071067784801391975091,,90,30
FUTURES_LONG_SHORT_TIME_EXIT_24_1X,90D-12,2022-11-27T00:00:00+00:00,2023-02-24T23:59:59.999999+00:00,TRADE_EXIT_TIME,-0.8522685844410664401906694883,-0.8055398412513416571428571469,-85.22685844410664401906694883,-80.55398412513416571428571469,2,1,1,0,0E+26,-42.61342922205332200953347442,-42.61342922205332200953347442,0.8522685844410664401906694900,0.04629629629629629629629629630,1.064814814814814814814814815,4.807657074026481077142857142,0,0.134782755054002772361623,0.134782755054002772361623,0,False,False,2,1,0,1,0,"{""RANGING"": 2144, ""TRENDING_DOWN"": 6, ""TRENDING_UP"": 10}",0,0,0,-85.22685844410664401906694883,-85.22685844410664401906694883,-85.22685844410664401906694883,,90,30
FUTURES_LONG_SHORT_TIME_EXIT_24_1X,90D-13,2022-12-27T00:00:00+00:00,2023-03-26T23:59:59.999999+00:00,TRADE_EXIT_TIME,-1.072112286977384339543568391,-0.9667957054680905571428571522,-107.2112286977384339543568391,-96.67957054680905571428571522,4,3,1,25.00,0.5000145785833840023578869517,-26.80280717443460848858920978,-64.3094509785696001342857147,1.501533618584763343386711250,1.2500,0.7870370370370370370370370370,9.618973012277736404999999999,0.968097441322570881400000,0.055412302670929046328876,-0.912685138651641835071124,0,False,False,4,3,1,0,0,"{""RANGING"": 2128, ""TRENDING_DOWN"": 7, ""TRENDING_UP"": 25}",100,100,100,-214.4287095291204565158139826,-214.4287095291204565158139826,-214.4287095291204565158139826,,90,30
FUTURES_LONG_SHORT_TIME_EXIT_24_1X,90D-14,2023-01-26T00:00:00+00:00,2023-04-25T23:59:59.999999+00:00,TRADE_EXIT_TIME,-1.072112286977384339543568391,-0.9667957054680905571428571522,-107.2112286977384339543568391,-96.67957054680905571428571522,4,3,1,25.00,0.5000145785833840023578869517,-26.80280717443460848858920978,-64.3094509785696001342857147,1.501533618584763343386711250,1.2500,0.7870370370370370370370370370,9.618973012277736404999999999,0.968097441322570881400000,0.055412302670929046328876,-0.912685138651641835071124,0,False,False,4,3,1,0,0,"{""RANGING"": 2130, ""TRENDING_DOWN"": 7, ""TRENDING_UP"": 23}",100,100,100,-214.4287095291204565158139826,-214.4287095291204565158139826,-214.4287095291204565158139826,,90,30
FUTURES_LONG_SHORT_TIME_EXIT_24_1X,90D-15,2023-02-25T00:00:00+00:00,2023-05-25T23:59:59.999999+00:00,TRADE_EXIT_TIME,-0.4286767441124335586292826733,-0.3471709588605849000000000049,-42.86767441124335586292826733,-34.71709588605849000000000049,3,2,1,33.33333333333333333333333333,0.7143776521938886917896104846,-14.28922480374778528764275578,-64.27534767064412217714285753,0.8580980757198125624724255300,1.203703703703703703703703704,0.7870370370370370370370370370,7.237893386533224027857142857,0.968097441322570881400000,0.055412302670929046328876,-0.912685138651641835071124,0,False,False,3,2,1,0,0,"{""RANGING"": 2136, ""TRENDING_DOWN"": 7, ""TRENDING_UP"": 17}",100,100,100,-150.0851552426253784243854108,-150.0851552426253784243854108,-150.0851552426253784243854108,,90,30
FUTURES_LONG_SHORT_TIME_EXIT_24_1X,90D-16,2023-03-27T00:00:00+00:00,2023-06-24T23:59:59.999999+00:00,TRADE_EXIT_TIME,0,0,0,0,0,0,0,,,,,0,0,0,0,0,0,0,0,False,True,0,0,0,0,0,"{""RANGING"": 2154, ""TRENDING_UP"": 6}",0,0,0,0,0,0,,90,30
FUTURES_LONG_SHORT_TIME_EXIT_24_1X,90D-17,2023-04-26T00:00:00+00:00,2023-07-24T23:59:59.999999+00:00,TRADE_EXIT_TIME,0,0,0,0,0,0,0,,,,,0,0,0,0,0,0,0,0,False,True,0,0,0,0,0,"{""RANGING"": 2156, ""TRENDING_UP"": 4}",0,0,0,0,0,0,,90,30
FUTURES_LONG_SHORT_TIME_EXIT_24_1X,90D-18,2023-05-26T00:00:00+00:00,2023-08-23T23:59:59.999999+00:00,TRADE_EXIT_TIME,-0.5063362993560515310285714347,-0.4772591311891947428571428633,-50.63362993560515310285714347,-47.72591311891947428571428633,1,0,1,0,0E+26,-50.63362993560515310285714347,-50.63362993560515310285714347,0.5063362993560515310285714300,0,1.018518518518518518518518519,2.409121021203440657142857143,0.498595795482238160000000,0,-0.498595795482238160000000,0,False,False,1,1,0,0,0,"{""RANGING"": 2151, ""TRENDING_DOWN"": 5, ""TRENDING_UP"": 4}",0,0,0,-50.63362993560515310285714347,-50.63362993560515310285714347,-50.63362993560515310285714347,,90,30
FUTURES_LONG_SHORT_TIME_EXIT_24_1X,90D-19,2023-06-25T00:00:00+00:00,2023-09-22T23:59:59.999999+00:00,TRADE_EXIT_TIME,-0.5063362993560515310285714347,-0.4772591311891947428571428633,-50.63362993560515310285714347,-47.72591311891947428571428633,1,0,1,0,0E+26,-50.63362993560515310285714347,-50.63362993560515310285714347,0.5063362993560515310285714300,0,1.018518518518518518518518519,2.409121021203440657142857143,0.498595795482238160000000,0,-0.498595795482238160000000,0,False,False,1,1,0,0,0,"{""RANGING"": 2155, ""TRENDING_DOWN"": 5}",0,0,0,-50.63362993560515310285714347,-50.63362993560515310285714347,-50.63362993560515310285714347,,90,30
FUTURES_LONG_SHORT_TIME_EXIT_24_1X,90D-20,2023-07-25T00:00:00+00:00,2023-10-22T23:59:59.999999+00:00,TRADE_EXIT_TIME,-0.5063362993560515310285714347,-0.4772591311891947428571428633,-50.63362993560515310285714347,-47.72591311891947428571428633,1,0,1,0,0E+26,-50.63362993560515310285714347,-50.63362993560515310285714347,0.5063362993560515310285714300,0,1.018518518518518518518518519,2.409121021203440657142857143,0.498595795482238160000000,0,-0.498595795482238160000000,0,False,False,1,1,0,0,0,"{""RANGING"": 2155, ""TRENDING_DOWN"": 5}",0,0,0,-50.63362993560515310285714347,-50.63362993560515310285714347,-50.63362993560515310285714347,,90,30
FUTURES_LONG_SHORT_TIME_EXIT_24_1X,90D-21,2023-08-24T00:00:00+00:00,2023-11-21T23:59:59.999999+00:00,TRADE_EXIT_TIME,-0.6847302878700697121142857180,-0.6613349589058980571428571466,-68.47302878700697121142857180,-66.13349589058980571428571466,1,1,0,0,0E+26,-68.47302878700697121142857180,-68.47302878700697121142857180,0.6847302878700697121142857200,0.04629629629629629629629629630,0,2.339532896417165497142857142,0,0,0,0,False,False,1,1,0,0,0,"{""RANGING"": 2146, ""TRENDING_UP"": 14}",0,0,0,-68.47302878700697121142857180,-68.47302878700697121142857180,-68.47302878700697121142857180,,90,30
FUTURES_LONG_SHORT_TIME_EXIT_24_1X,90D-22,2023-09-23T00:00:00+00:00,2023-12-21T23:59:59.999999+00:00,TRADE_EXIT_TIME,-0.6847302878700697121142857180,-0.6613349589058980571428571466,-68.47302878700697121142857180,-66.13349589058980571428571466,1,1,0,0,0E+26,-68.47302878700697121142857180,-68.47302878700697121142857180,0.6847302878700697121142857200,0.04629629629629629629629629630,0,2.339532896417165497142857142,0,0,0,0,False,False,1,1,0,0,0,"{""RANGING"": 2146, ""TRENDING_UP"": 14}",0,0,0,-68.47302878700697121142857180,-68.47302878700697121142857180,-68.47302878700697121142857180,,90,30
FUTURES_LONG_SHORT_TIME_EXIT_24_1X,90D-23,2023-10-23T00:00:00+00:00,2024-01-20T23:59:59.999999+00:00,TRADE_EXIT_TIME,-0.4683918310767524475982857180,-0.4190289989222500571428571466,-46.83918310767524475982857180,-41.90289989222500571428571466,2,2,0,50.0,0.3159469657261142576030051832,-23.41959155383762237991428590,-23.41959155383762237991428590,0.6847302878700697121142857200,1.111111111111111111111111111,0,4.503542644507114377142857142,0.432740570943124668400000,0,-0.432740570943124668400000,0,False,False,2,1,0,1,0,"{""RANGING"": 2135, ""TRENDING_UP"": 25}",100,100,100,-68.47302878700697121142857180,-68.47302878700697121142857180,-68.47302878700697121142857180,,90,30
FUTURES_LONG_SHORT_TIME_EXIT_24_1X,90D-24,2023-11-22T00:00:00+00:00,2024-02-19T23:59:59.999999+00:00,TRADE_EXIT_TIME,-0.099170664640492968062200,-0.05657506675965700,-9.917066464049296806220000,-5.65750667596570,2,1,1,50.0,0.6856805147508304234970194670,-4.958533232024648403110000,-4.958533232024648403110000,0.3148280273379145452539912657,1.064814814814814814814814815,1.064814814814814814814814815,4.53984366257932217,0.432740570943124668400000,0.713024445438850032180000,0.280283874495725363780000,0,False,False,2,0,0,2,0,"{""RANGING"": 2141, ""TRENDING_DOWN"": 8, ""TRENDING_UP"": 11}",100,100,100,-31.550912143381023257820000,-31.550912143381023257820000,-31.550912143381023257820000,,90,30
FUTURES_LONG_SHORT_TIME_EXIT_24_1X,90D-25,2023-12-22T00:00:00+00:00,2024-03-20T23:59:59.999999+00:00,TRADE_EXIT_TIME,-2.000883299410620789447914291,-1.917705448204101728571428576,-200.0883299410620789447914291,-191.7705448204101728571428576,4,1,3,25.00,0.09757186270971204050973921140,-50.02208248526551973619785728,-62.4918761556699588528385716,2.212435407585618388210166686,1.064814814814814814814814815,2.129629629629629629629629630,9.135317493453689196428571429,0.432740570943124668400000,1.250272943744907777180000,0.817532372801783108780000,0,False,False,4,2,0,2,0,"{""RANGING"": 2125, ""TRENDING_DOWN"": 24, ""TRENDING_UP"": 11}",100,100,100,-221.7221756203938053963914291,-221.7221756203938053963914291,-221.7221756203938053963914291,,90,30
FUTURES_LONG_SHORT_TIME_EXIT_24_1X,90D-26,2024-01-21T00:00:00+00:00,2024-04-19T23:59:59.999999+00:00,TRADE_EXIT_TIME,-3.345182630273423909683628579,-3.215193337715039357142857148,-334.5182630273423909683628579,-321.5193337715039357142857148,7,0,7,14.28571428571428571428571429,0.3054103363985992293360505901,-47.7883232896203415669089797,-83.84832348407006787625714316,3.345182630273423909683628570,0,4.027777777777777777777777778,15.03546095193509129785714286,0,2.036531696096636043780000,2.036531696096636043780000,0,False,False,7,4,1,2,0,"{""RANGING"": 2112, ""TRENDING_DOWN"": 40, ""TRENDING_UP"": 8}",100,100,100,-481.6055875247086990912200008,-481.6055875247086990912200008,-481.6055875247086990912200008,,90,30
FUTURES_LONG_SHORT_TIME_EXIT_24_1X,90D-27,2024-02-20T00:00:00+00:00,2024-05-19T23:59:59.999999+00:00,TRADE_EXIT_TIME,-4.512983096482911582697231422,-4.355218855484068671428571434,-451.2983096482911582697231422,-435.5218855484068671428571434,8,0,8,12.500,0.2458069113028918341323217872,-56.41228870603639478371539278,-81.8724980337849786856285716,4.512983096482911582697231410,0,3.518518518518518518518518519,17.26687911050544548357142858,0,1.490455010621154356705430,1.490455010621154356705430,0,False,False,8,6,1,1,0,"{""RANGING"": 2111, ""TRENDING_DOWN"": 41, ""TRENDING_UP"": 8}",100,100,100,-598.3856341456574663925802851,-598.3856341456574663925802851,-598.3856341456574663925802851,,90,30
FUTURES_LONG_SHORT_TIME_EXIT_24_1X,90D-28,2024-03-21T00:00:00+00:00,2024-06-18T23:59:59.999999+00:00,TRADE_EXIT_TIME,-0.3055165093705838709145833840,-0.1284622706286945285714285750,-30.5516509370583870914583384,-12.8462270628694528571428575,8,2,6,37.500,0.9251578260534641019028966694,-3.8189563671322983864322923,-74.16547938216489527959014215,3.223276791417885174321836521,1.898148148148148148148148148,2.453703703703703703703703704,17.29942987025139225785714285,1.359200516252638588163768,0.953206512315096611705430,-0.405994003937541976458338,0,False,False,8,4,2,2,0,"{""RANGING"": 2108, ""TRENDING_DOWN"": 25, ""TRENDING_UP"": 27}",38.94674184465564936953262121,100,100,-177.6389754344246952143154813,-408.2143706686446842540088559,-408.2143706686446842540088559,,90,30
FUTURES_LONG_SHORT_TIME_EXIT_24_1X,90D-29,2024-04-20T00:00:00+00:00,2024-07-18T23:59:59.999999+00:00,TRADE_EXIT_TIME,0.3071999046532130077052174630,0.4292617888657022999999999970,30.7199904653213007705217463,42.9261788865702299999999997,5,2,3,40.0,1.153711081773565910794143661,6.14399809306426015410434926,-51.524446004568897709991344,1.483309587643297905591802840,1.898148148148148148148148148,1.620370370370370370370370370,11.55797094922846623642857143,1.359200516252638588163768,0.710983044232175595114086,-0.648217472020462993049682,0,True,False,5,2,1,2,0,"{""RANGING"": 2126, ""TRENDING_DOWN"": 15, ""TRENDING_UP"": 19}",51.44275866208791381242044764,100,100,-87.8943536391738454497844857,-199.8554047688986882691716283,-199.8554047688986882691716283,RESULT_DEPENDS_ON_FEW_TRADES,90,30
FUTURES_LONG_SHORT_TIME_EXIT_24_1X,90D-30,2024-05-20T00:00:00+00:00,2024-08-17T23:59:59.999999+00:00,TRADE_EXIT_TIME,2.233783878317527522362173110,2.409427025588871685714285722,223.3783878317527522362173110,240.9427025588871685714285722,8,2,6,50.0,1.722879224140742538077981221,27.92229847896909402952716388,30.2183025625779725546978993,1.815858351488432958787559900,1.898148148148148148148148148,2.592592592592592592592592593,16.80729114563912875714285714,1.474647452860758802077060,0.717623871365471224008656,-0.757023581495287578068404,0,True,False,8,3,3,2,0,"{""HIGH_VOLATILITY"": 6, ""RANGING"": 2101, ""TRENDING_DOWN"": 34, ""TRENDING_UP"": 19}",33.27418304508219560810383278,78.97012341279754640534050114,100,46.2298204703380790476458821,-197.0509945508985812540889217,-309.0120456806234240734760643,RESULT_DEPENDS_ON_FEW_TRADES,90,30
FUTURES_LONG_SHORT_TIME_EXIT_24_1X,90D-31,2024-06-19T00:00:00+00:00,2024-09-16T23:59:59.999999+00:00,TRADE_EXIT_TIME,-0.07197007402467236803476063530,0.04380082217794227142857143900,-7.19700740246723680347606353,4.38008221779422714285714390,6,0,6,33.33333333333333333333333333,0.9767096218316821279034950895,-1.199501233744539467246010588,-59.968316881499849022995672,1.856979669230563468413160355,0,2.592592592592592592592592593,12.17926655501881495642857143,0.115446936608120213913292,0.717623871365471224008656,0.602176934757351010095364,0,False,False,6,3,2,1,0,"{""HIGH_VOLATILITY"": 6, ""RANGING"": 2112, ""TRENDING_DOWN"": 42}",58.69441376150135028364659598,100,100,-184.3455747638819099920474924,-309.0120456806234240734760642,-309.0120456806234240734760642,,90,30
FUTURES_LONG_SHORT_TIME_EXIT_24_1X,90D-32,2024-07-19T00:00:00+00:00,2024-10-16T23:59:59.999999+00:00,TRADE_EXIT_TIME,0.1547139596074862631446430445,0.2726878935329682714285714394,15.47139596074862631446430445,27.26878935329682714285714394,6,0,6,33.33333333333333333333333333,1.054030869466970109364769472,2.578565993458104385744050742,-48.634115199891917464025488,2.129608867571441719333557252,0,2.592592592592592592592592593,12.16602295509775925642857143,0.115446936608120213913292,0.484076499157678641949024,0.368629562549558428035732,0,True,False,6,3,2,1,0,"{""HIGH_VOLATILITY"": 6, ""RANGING"": 2109, ""TRENDING_DOWN"": 45}",58.69441376150135028364659598,100,100,-161.6771714006660468741071244,-286.3436423174075609555356962,-286.3436423174075609555356962,RESULT_DEPENDS_ON_FEW_TRADES,90,30
FUTURES_LONG_SHORT_TIME_EXIT_24_1X,90D-33,2024-08-18T00:00:00+00:00,2024-11-15T23:59:59.999999+00:00,TRADE_EXIT_TIME,-0.5334795186408109046426297193,-0.4257655097938784285714285736,-53.34795186408109046426297193,-42.57655097938784285714285736,4,3,1,25.00,0.6020655584356436879696030550,-13.33698796602027261606574298,-39.26204468194331668112834520,1.046633551090068715868738704,1.944444444444444444444444444,1.064814814814814814814814815,9.195955429158847858571428571,1.885933367595414416497710,0.310487912061014667949024,-1.575445455534399748548686,0,False,False,4,2,0,2,0,"{""RANGING"": 2101, ""TRENDING_DOWN"": 17, ""TRENDING_UP"": 42}",100,100,100,-134.0621627380633352079988619,-134.0621627380633352079988619,-134.0621627380633352079988619,,90,30
FUTURES_LONG_SHORT_TIME_EXIT_24_1X,90D-34,2024-09-17T00:00:00+00:00,2024-12-15T23:59:59.999999+00:00,TRADE_EXIT_TIME,-1.353679974055749669799772574,-1.222740626068553714285714285,-135.3679974055749669799772574,-122.2740626068553714285714285,5,3,2,20.0,0.3735347371568783448483130559,-27.07359948111499339599545148,-49.66804672253359877020571440,1.862602540790955771798101955,1.944444444444444444444444444,1.157407407407407407407407407,11.51848934318519580285714286,1.885933367595414416497710,0.310487912061014667949024,-1.575445455534399748548686,0,False,False,5,3,0,2,0,"{""RANGING"": 2105, ""TRENDING_DOWN"": 13, ""TRENDING_UP"": 42}",100,100,100,-216.0822082795572117237131474,-216.0822082795572117237131474,-216.0822082795572117237131474,,90,30
FUTURES_LONG_SHORT_TIME_EXIT_24_1X,90D-35,2024-10-17T00:00:00+00:00,2025-01-14T23:59:59.999999+00:00,TRADE_EXIT_TIME,-0.8777048911380622846870055157,-0.7146898819064804142857142868,-87.77048911380622846870055157,-71.46898819064804142857142868,7,3,4,28.57142857142857142857142857,0.6994535610606361953902354017,-12.53864130197231835267150737,-49.66804672253359877020571440,1.857270841348174275257789733,1.944444444444444444444444444,2.175925925925925925925925926,15.66840631614917390785714286,1.885933367595414416497710,1.252838760586401284225730,-0.633094607009013132271980,0,False,False,7,4,1,2,0,"{""RANGING"": 2088, ""TRENDING_DOWN"": 30, ""TRENDING_UP"": 42}",60.48570957523887791560033282,100,100,-211.3221527028099676291305516,-292.0363635767922123728664416,-292.0363635767922123728664416,,90,30
FUTURES_LONG_SHORT_TIME_EXIT_24_1X,90D-36,2024-11-16T00:00:00+00:00,2025-02-13T23:59:59.999999+00:00,TRADE_EXIT_TIME,4.312193531756736843919166370,4.439802188467057571428571424,431.2193531756736843919166370,443.9802188467057571428571424,7,0,7,57.14285714285714285714285714,3.308081096204567368870914963,61.60276473938195491313094814,123.551663589003739160430000,1.043767045957551681448472738,0,2.361111111111111111111111111,14.08280006186977798142857143,0,1.321934390837705230488066,1.321934390837705230488066,0,True,False,7,2,4,1,0,"{""HIGH_VOLATILITY"": 13, ""RANGING"": 2109, ""TRENDING_DOWN"": 38}",29.67962765805849710419419625,80.00942573904466564169928813,100,247.7845341461130623119166373,-63.2785798910781725964885556,-186.8302434800819117569185556,RESULT_DEPENDS_ON_FEW_TRADES,90,30
FUTURES_LONG_SHORT_TIME_EXIT_24_1X,90D-37,2024-12-16T00:00:00+00:00,2025-03-15T23:59:59.999999+00:00,TRADE_EXIT_TIME,2.272696243384982352475493102,2.499972874611368071428571417,227.2696243384982352475493102,249.9972874611368071428571417,12,0,12,41.66666666666666666666666667,1.403021534910615665235630766,18.93913536154151960396244252,-39.862692831318099765458564,4.296164027167034152995997223,0,5.694444444444444444444444444,24.19452395723114446642857143,0.086710244281147821183454,1.553571078873720392304194,1.466860834592572571120740,0,True,False,12,5,5,2,0,"{""HIGH_VOLATILITY"": 13, ""RANGING"": 2064, ""TRENDING_DOWN"": 78, ""TRENDING_UP"": 5}",23.18485035717419249366741318,67.32489953387579883484777888,100,43.8348053089376131675493105,-305.3941872421714981137130249,-563.9143436563590670641430249,RESULT_DEPENDS_ON_FEW_TRADES,90,30
FUTURES_LONG_SHORT_TIME_EXIT_24_1X,90D-38,2025-01-15T00:00:00+00:00,2025-04-14T23:59:59.999999+00:00,TRADE_EXIT_TIME,2.011946769634808994650378655,2.248653591685925057142857128,201.1946769634808994650378655,224.8653591685925057142857128,12,0,12,41.66666666666666666666666667,1.312545263771017162228632309,16.76622308029007495541982212,-78.8244364889715291329578577,4.372456925139129649723003795,0,5.370370370370370370370370370,23.55854530862271178714285714,0.412869214776213570183454,0.300732318287319108078464,-0.112136896488894462104990,0,True,False,12,6,5,1,0,"{""HIGH_VOLATILITY"": 13, ""RANGING"": 2062, ""TRENDING_DOWN"": 80, ""TRENDING_UP"": 5}",21.71020489151892206447126527,63.53486026231186986574382474,100,17.7598579339202773850378658,-335.6268616871481266230816126,-643.7297258514336625759387551,RESULT_DEPENDS_ON_FEW_TRADES,90,30
FUTURES_LONG_SHORT_TIME_EXIT_24_1X,90D-39,2025-02-14T00:00:00+00:00,2025-05-14T23:59:59.999999+00:00,TRADE_EXIT_TIME,1.380757328495417989702775544,1.731668163540031228571428560,138.0757328495417989702775544,173.1668163540031228571428560,15,6,9,46.66666666666666666666666667,1.207121334568528749656161748,9.20504885663611993135183696,-22.912043028525306983336688,4.810215343754319200359087835,4.259259259259259259259259259,5.185185185185185185185185185,32.43313446323663236142857142,2.889585729260706687252858,0.231636688036015161816128,-2.657949041224691525436730,0,True,False,15,6,5,4,0,"{""RANGING"": 2024, ""TRENDING_DOWN"": 72, ""TRENDING_UP"": 64}",22.03159469354455437411824660,63.69669833984151100882253338,93.72712342844943488385761452,-39.2163655595191999194367311,-374.5027467150071996976538739,-616.1628332468021022069050431,RESULT_DEPENDS_ON_FEW_TRADES,90,30
FUTURES_LONG_SHORT_TIME_EXIT_24_1X,90D-40,2025-03-16T00:00:00+00:00,2025-06-13T23:59:59.999999+00:00,TRADE_EXIT_TIME,3.787583980367695229503591667,4.046964578151002414285714278,378.7583980367695229503591667,404.6964578151002414285714278,10,7,3,60.0,2.498106591514135488123991702,37.87583980367695229503591667,25.239467816578433676185200,2.039222429261224827013092391,5.324074074074074074074074074,1.759259259259259259259259259,22.40281019095107961214285714,3.535249587379638866069404,0,-3.535249587379638866069404,0,True,False,10,2,4,4,0,"{""RANGING"": 2062, ""TRENDING_DOWN"": 30, ""TRENDING_UP"": 68}",28.07106299680167710525074088,75.63024616459968345632235439,96.21592949411164667300604053,201.4662996277085240606448812,-98.9094782115738816853948601,-228.9251813963600673939662883,RESULT_DEPENDS_ON_FEW_TRADES,90,30
FUTURES_LONG_SHORT_TIME_EXIT_24_1X,90D-41,2025-04-15T00:00:00+00:00,2025-07-13T23:59:59.999999+00:00,TRADE_EXIT_TIME,3.822868031837515651971946885,4.074495477370986428571428569,382.2868031837515651971946885,407.4495477370986428571428569,9,8,1,66.66666666666666666666666667,5.058702861035006378546436135,42.47631146486128502191052094,23.899550957269472022370400,0.4706202873182107144455255703,6.388888888888888888888888889,1.064814814814814814814814815,21.35166478666647095142857143,3.930292589472049012349404,0.119212822791442303829807,-3.811079766680606708519597,0,True,False,9,0,3,6,0,"{""RANGING"": 2060, ""TRENDING_DOWN"": 17, ""TRENDING_UP"": 83}",34.03150197169554632996779164,84.74968746072802014230684700,95.34390704193527391753229069,220.1347933673652715818346882,-21.5252931644296309274164810,-72.0042287975864982797868810,RESULT_DEPENDS_ON_FEW_TRADES,90,30
FUTURES_LONG_SHORT_TIME_EXIT_24_1X,90D-42,2025-05-15T00:00:00+00:00,2025-08-12T23:59:59.999999+00:00,TRADE_EXIT_TIME,-0.002878267869846189781396810200,0.1989041708117044000000000002,-0.28782678698461897813968102,19.89041708117044000000000002,7,6,1,42.85714285714285714285714286,0.9981335937967449981318274188,-0.04111811242637413973424014571,-3.092905461515263421219488,0.8225722901144217969422008352,4.953703703703703703703703704,1.064814814814814814814814815,16.90666890481418773000000000,3.390787786132313551969488,0.119212822791442303829807,-3.271574963340871248139681,0,False,False,7,1,1,5,0,"{""RANGING"": 2076, ""TRENDING_DOWN"": 17, ""TRENDING_UP"": 67}",76.74509206690934278016049982,100,100,-118.4189476224573605995682526,-154.2144397519954062774480596,-154.2144397519954062774480596,,90,30
FUTURES_LONG_SHORT_TIME_EXIT_24_1X,90D-43,2025-06-14T00:00:00+00:00,2025-09-11T23:59:59.999999+00:00,TRADE_EXIT_TIME,0.6491111995320014951211031898,0.8511856775089605000000000002,64.91111995320014951211031898,85.11856775089605000000000002,7,6,1,57.14285714285714285714285714,1.595912151882905103506122309,9.27301713617144993030147414,13.610317003560419989050000,0.8188941547281498447741174333,4.953703703703703703703703704,1.064814814814814814814814815,16.93921098584348917500000000,3.387449634643853616719488,0.119212822791442303829807,-3.268236811852411312889681,0,True,False,7,1,1,5,0,"{""RANGING"": 2060, ""TRENDING_DOWN"": 15, ""TRENDING_UP"": 85}",67.95454083164777475975179962,92.17070966559059211739163522,100,-53.22000088227259210931825262,-95.31701355699338460839805962,-108.9273305605538045974480596,RESULT_DEPENDS_ON_FEW_TRADES,90,30
FUTURES_LONG_SHORT_TIME_EXIT_24_1X,90D-44,2025-07-14T00:00:00+00:00,2025-10-11T23:59:59.999999+00:00,TRADE_EXIT_TIME,3.234861603024289613183726303,3.424508557367588300000000003,323.4861603024289613183726303,342.4508557367588300000000003,7,5,2,71.42857142857142857142857143,4.900380442146421419316182162,46.21230861463270875976751861,19.911837548743166810250000,0.8185866108585374095010238515,3.888888888888888888888888889,1.157407407407407407407407407,16.24580394308047905500000000,2.718891491249389626627370,0,-2.718891491249389626627370,0,True,False,8,1,2,4,0,"{""RANGING"": 2079, ""TRENDING_DOWN"": 11, ""TRENDING_UP"": 70}",40.74284831768088252808961823,91.75190999864126294811074426,100,157.8977564439150957383726300,-49.4149243046530024928680596,-82.9370788569565892921680596,RESULT_DEPENDS_ON_FEW_TRADES,90,30
FUTURES_LONG_SHORT_TIME_EXIT_24_1X,90D-45,2025-08-13T00:00:00+00:00,2025-11-10T23:59:59.999999+00:00,TRADE_EXIT_TIME,2.460225476376079048074658483,2.603565078827788000000000003,246.0225476376079048074658483,260.3565078827788000000000003,6,1,5,66.66666666666666666666666667,2.343295444846603101005753598,41.00375793960131746791097472,54.546698730919261710031059,1.009293895424948219821661668,1.064814814814814814814814815,2.361111111111111111111111111,13.77038036484590482000000000,0.934507731466219980259560,0.370927851141229607725408,-0.563579880324990372534152,0,True,False,6,2,2,2,0,"{""RANGING"": 2108, ""TRENDING_DOWN"": 25, ""TRENDING_UP"": 27}",38.58331176732090979487287034,95.36039590876276447557012980,100,80.4341437790940392274658480,-163.2366638337671542717859638,-183.1485013825103210820359638,RESULT_DEPENDS_ON_FEW_TRADES,90,30
FUTURES_LONG_SHORT_TIME_EXIT_24_1X,90D-46,2025-09-12T00:00:00+00:00,2025-12-10T23:59:59.999999+00:00,TRADE_EXIT_TIME,0.4104164008900512628310074090,0.6187250274851131857142857153,41.04164008900512628310074090,61.87250274851131857142857153,9,1,8,33.33333333333333333333333333,1.111460297603196290106230637,4.560182232111680698122304544,-36.988239712711313403000000,2.802708036548278377232638307,0.7870370370370370370370370370,4.675925925925925925925925926,21.09517094723181921357142857,0.687206934286971835509560,0.951515222012598760753158,0.264308287725626925243598,0,True,False,9,4,2,3,0,"{""RANGING"": 2101, ""TRENDING_DOWN"": 53, ""TRENDING_UP"": 6}",40.46051969439804910505945377,100,100,-124.5467637695087392968992594,-368.2175713823699327961510712,-368.2175713823699327961510712,RESULT_DEPENDS_ON_FEW_TRADES,90,30
FUTURES_LONG_SHORT_TIME_EXIT_24_1X,180D-1,2022-01-05T04:00:00+00:00,2022-06-29T23:59:59.999999+00:00,TRADE_EXIT_TIME,-4.293056250139181236846140269,-3.599657481256775571428571438,-429.3056250139181236846140269,-359.9657481256775571428571438,31,6,25,29.03225806451612903225806452,0.7320796272896155085154672809,-13.84856854883606850595529119,-55.585759966998485037000000,8.048575424923848999253495553,2.582938388625592417061611374,7.417061611374407582938388626,67.57513148291056957714285716,4.525673381684876781594431,2.760927976354879816980405,-1.764745405329996964614026,0,False,False,33,15,6,10,0,"{""HIGH_VOLATILITY"": 31, ""RANGING"": 3906, ""TRENDING_DOWN"": 241, ""TRENDING_UP"": 42}",16.53826975373815130042522518,48.66739750092228333919718003,76.16457191791254024027683985,-623.3089765964022321046140271,-1000.201998610789536394095614,-1322.759562091000597900368936,,180,60
FUTURES_LONG_SHORT_TIME_EXIT_24_1X,180D-2,2022-03-02T00:00:00+00:00,2022-08-28T23:59:59.999999+00:00,TRADE_EXIT_TIME,-0.2739111559215728457617763230,0.5596507818992740714285714196,-27.39111559215728457617763230,55.96507818992740714285714196,35,13,22,37.14285714285714285714285714,0.9818138066160539895197882028,-0.7826033026330652736050752086,-25.360668417430532015055264,3.66597254724931923874394700,4.490740740740740740740740741,7.152777777777777777777777778,76.39757635375045767642857144,8.355781768073535071579409,1.397164339739301028973206,-6.958617428334234042606203,0,False,False,35,14,8,13,0,"{""HIGH_VOLATILITY"": 31, ""RANGING"": 3941, ""TRENDING_DOWN"": 235, ""TRENDING_UP"": 113}",12.57044817650914065830005766,37.46920363435922280318866588,60.41612065862839469299299841,-213.2775995214608065351776323,-581.4698899860490903922613449,-920.7992172116296638074761055,,180,60
FUTURES_LONG_SHORT_TIME_EXIT_24_1X,180D-3,2022-05-01T00:00:00+00:00,2022-10-27T23:59:59.999999+00:00,TRADE_EXIT_TIME,0.5458972376927613108120478277,1.378899383159925485714285722,54.58972376927613108120478277,137.8899383159925485714285722,35,14,21,42.85714285714285714285714286,1.037138649737616818300045605,1.559706393407889459462993793,-15.518350523343517058524392,3.285271677008992229703527807,4.837962962962962962962962963,6.782407407407407407407407407,76.30784812690466613142857144,8.765762775083566942063319,1.773396355271815583268101,-6.992366419811751358795218,0,True,False,36,15,8,12,0,"{""HIGH_VOLATILITY"": 31, ""RANGING"": 3907, ""TRENDING_DOWN"": 251, ""TRENDING_UP"": 131}",12.19343891804397112588545252,36.34543807889808781952005099,58.60413778188285940927788340,-131.2967601600273908777952172,-499.4890506246156747348789298,-838.8183778501962481500936904,RESULT_DEPENDS_ON_FEW_TRADES,180,60
FUTURES_LONG_SHORT_TIME_EXIT_24_1X,180D-4,2022-06-30T00:00:00+00:00,2022-12-26T23:59:59.999999+00:00,TRADE_EXIT_TIME,0.7754912128753038819622047480,1.388273670049397442857142868,77.54912128753038819622047480,138.8273670049397442857142868,24,10,14,41.66666666666666666666666667,1.081550595914246515770175161,3.23121338698043284150918645,-14.0072833232102128981789645,2.950843274421394705294750038,3.379629629629629629629629630,4.930555555555555555555555556,54.75890180884125541500000001,7.948141411724678803893734,1.428797503156578129399922,-6.519343908568100674493812,0,True,False,23,10,5,9,0,"{""RANGING"": 4057, ""TRENDING_DOWN"": 154, ""TRENDING_UP"": 109}",17.99551494020110256384771688,53.55659088179819443028502298,83.79929616365487329328080637,-107.5314629143709365626366676,-473.2706335904959128939967172,-784.3113334544260031745163913,RESULT_DEPENDS_ON_FEW_TRADES,180,60
FUTURES_LONG_SHORT_TIME_EXIT_24_1X,180D-5,2022-08-29T00:00:00+00:00,2023-02-24T23:59:59.999999+00:00,TRADE_EXIT_TIME,-3.001661999917286512456538581,-2.755457480133133257142857142,-300.1661999917286512456538581,-275.5457480133133257142857142,10,3,7,30.0,0.4346817564740824746303871657,-30.01661999917286512456538581,-67.8985159269102803175000000,3.241971267462143740391844484,0.7175925925925925925925925926,2.453703703703703703703703704,22.22325565851490944285714286,3.421056857490507291848756,1.023860537590091203337755,-2.397196319900416088511001,0,False,False,10,6,1,3,0,"{""RANGING"": 4225, ""TRENDING_DOWN"": 67, ""TRENDING_UP"": 28}",80.19008282664872119510166223,100,100,-485.2467841936299760045110005,-530.9685357394047389347371325,-530.9685357394047389347371325,,180,60
FUTURES_LONG_SHORT_TIME_EXIT_24_1X,180D-6,2022-10-28T00:00:00+00:00,2023-04-25T23:59:59.999999+00:00,TRADE_EXIT_TIME,-2.278466516026155893346972058,-2.053348889343822200000000017,-227.8466516026155893346972058,-205.3348889343822200000000017,9,3,6,22.22222222222222222222222222,0.5619552706865075377274139088,-25.31629462251284325941080064,-64.34355428649507809142857183,3.513496031982209567208770371,0.62500,1.828703703703703703703703704,19.59067305965628188714285714,3.297634861286436471244846,0.376545252709349023690499,-2.921089608577087447554347,0,False,False,9,6,2,1,0,"{""RANGING"": 4254, ""TRENDING_DOWN"": 39, ""TRENDING_UP"": 27}",63.31912740538552647084077349,100,100,-412.9272358045169140935543482,-520.1447166358989366550114917,-520.1447166358989366550114917,,180,60
FUTURES_LONG_SHORT_TIME_EXIT_24_1X,180D-7,2022-12-27T00:00:00+00:00,2023-06-24T23:59:59.999999+00:00,TRADE_EXIT_TIME,-1.072112286977384339543568391,-0.9667957054680905571428571522,-107.2112286977384339543568391,-96.67957054680905571428571522,4,3,1,25.00,0.5000145785833840023578869517,-26.80280717443460848858920978,-64.3094509785696001342857147,1.501533618584763343386711250,0.62500,0.3935185185185185185185185185,9.618973012277736404999999999,0.968097441322570881400000,0.055412302670929046328876,-0.912685138651641835071124,0,False,False,4,3,1,0,0,"{""RANGING"": 4282, ""TRENDING_DOWN"": 7, ""TRENDING_UP"": 31}",100,100,100,-214.4287095291204565158139826,-214.4287095291204565158139826,-214.4287095291204565158139826,,180,60
FUTURES_LONG_SHORT_TIME_EXIT_24_1X,180D-8,2023-02-25T00:00:00+00:00,2023-08-23T23:59:59.999999+00:00,TRADE_EXIT_TIME,-0.9350130434684850896578541080,-0.8244300900497796428571428682,-93.50130434684850896578541080,-82.44300900497796428571428682,4,2,2,25.00,0.5341676452265144950338352042,-23.37532608671212724144635270,-57.4544888031246376400000005,1.146635097111819642578312683,0.6018518518518518518518518519,0.9027777777777777777777777778,9.647014407736664685000000000,1.466693236804809041400000,0.055412302670929046328876,-1.411280934133879995071124,0,False,False,4,3,1,0,0,"{""RANGING"": 4287, ""TRENDING_DOWN"": 12, ""TRENDING_UP"": 21}",100,100,100,-200.7187851782305315272425543,-200.7187851782305315272425543,-200.7187851782305315272425543,,180,60
FUTURES_LONG_SHORT_TIME_EXIT_24_1X,180D-9,2023-04-26T00:00:00+00:00,2023-10-22T23:59:59.999999+00:00,TRADE_EXIT_TIME,-0.5063362993560515310285714347,-0.4772591311891947428571428633,-50.63362993560515310285714347,-47.72591311891947428571428633,1,0,1,0,0E+26,-50.63362993560515310285714347,-50.63362993560515310285714347,0.5063362993560515310285714300,0,0.5092592592592592592592592593,2.409121021203440657142857143,0.498595795482238160000000,0,-0.498595795482238160000000,0,False,False,1,1,0,0,0,"{""RANGING"": 4311, ""TRENDING_DOWN"": 5, ""TRENDING_UP"": 4}",0,0,0,-50.63362993560515310285714347,-50.63362993560515310285714347,-50.63362993560515310285714347,,180,60
FUTURES_LONG_SHORT_TIME_EXIT_24_1X,180D-10,2023-06-25T00:00:00+00:00,2023-12-21T23:59:59.999999+00:00,TRADE_EXIT_TIME,-1.191066587226121243142857153,-1.138594090095092800000000010,-119.1066587226121243142857153,-113.8594090095092800000000010,2,1,1,0,0E+25,-59.55332936130606215714285765,-59.55332936130606215714285765,1.191066587226121243142857150,0.02314814814814814814814814815,0.5092592592592592592592592593,4.748653917620606154285714285,0.498595795482238160000000,0,-0.498595795482238160000000,0,False,False,2,2,0,0,0,"{""RANGING"": 4301, ""TRENDING_DOWN"": 5, ""TRENDING_UP"": 14}",0,0,0,-119.1066587226121243142857153,-119.1066587226121243142857153,-119.1066587226121243142857153,,180,60
FUTURES_LONG_SHORT_TIME_EXIT_24_1X,180D-11,2023-08-24T00:00:00+00:00,2024-02-19T23:59:59.999999+00:00,TRADE_EXIT_TIME,-0.7839009525105626801764857180,-0.7179100256655550571428571466,-78.39009525105626801764857180,-71.79100256655550571428571466,3,2,1,33.33333333333333333333333333,0.2162866757508372492561068295,-26.13003175035208933921619060,-31.550912143381023257820000,0.7839009525105626801764857200,0.5555555555555555555555555556,0.5324074074074074074074074074,6.879376558996487667142857142,0.432740570943124668400000,0.713024445438850032180000,0.280283874495725363780000,0,False,False,3,1,0,2,0,"{""RANGING"": 4287, ""TRENDING_DOWN"": 8, ""TRENDING_UP"": 25}",100,100,100,-100.0239409303879944692485718,-100.0239409303879944692485718,-100.0239409303879944692485718,,180,60
FUTURES_LONG_SHORT_TIME_EXIT_24_1X,180D-12,2023-10-23T00:00:00+00:00,2024-04-19T23:59:59.999999+00:00,TRADE_EXIT_TIME,-3.813574461350176357281914297,-3.634222336637289414285714296,-381.3574461350176357281914297,-363.4222336637289414285714296,9,2,7,22.22222222222222222222222222,0.3067219215100119529359188970,-42.37304957055751508091015886,-79.896672583499889495000000,3.813574461350176357281914290,0.5555555555555555555555555556,2.013888888888888888888888889,19.53900359644220567500000000,0.432740570943124668400000,2.036531696096636043780000,1.603791125153511375380000,0,False,False,9,5,1,3,0,"{""RANGING"": 4247, ""TRENDING_DOWN"": 40, ""TRENDING_UP"": 33}",87.17775270484725331575841737,100,100,-528.4447706323839438510485726,-550.0786163117156703026485726,-550.0786163117156703026485726,,180,60
FUTURES_LONG_SHORT_TIME_EXIT_24_1X,180D-13,2023-12-22T00:00:00+00:00,2024-06-18T23:59:59.999999+00:00,TRADE_EXIT_TIME,-2.306399808781204660362497676,-2.046167718832796257142857151,-230.6399808781204660362497676,-204.6167718832796257142857151,12,3,9,33.33333333333333333333333333,0.6338679153689009793028830367,-19.2199984065100388363541473,-74.16547938216489527959014215,4.818068882050055691387966434,1.481481481481481481481481481,2.291666666666666666666666667,26.43474736370508145428571429,1.791941087195763256563768,2.203479456060004388885430,0.411538368864241132321662,0,False,False,12,6,2,4,0,"{""RANGING"": 4233, ""TRENDING_DOWN"": 49, ""TRENDING_UP"": 38}",36.83661149100995452279334658,94.58201057725897757321081183,100,-377.7273053754867741591069105,-608.3027006097067631988002851,-629.9365462890384896504002851,,180,60
FUTURES_LONG_SHORT_TIME_EXIT_24_1X,180D-14,2024-02-20T00:00:00+00:00,2024-08-17T23:59:59.999999+00:00,TRADE_EXIT_TIME,-2.279199218165384060335058312,-1.945791829895196985714285712,-227.9199218165384060335058312,-194.5791829895196985714285712,16,2,14,31.2500,0.7488202506092222668779240606,-14.24499511353365037709411445,-74.16547938216489527959014215,4.512983096482911582697231410,0.9490740740740740740740740741,3.055555555555555555555555556,34.07417025614457424071428572,1.474647452860758802077060,2.208078881986625580714086,0.733431429125866778637026,0,False,False,16,9,4,3,0,"{""HIGH_VOLATILITY"": 6, ""RANGING"": 4212, ""TRENDING_DOWN"": 75, ""TRENDING_UP"": 27}",26.07128272753185285683411671,66.06579207101670072401356616,100,-405.0684891779530792220772601,-676.8222845920609014263629748,-907.3976798262808904660563494,,180,60
FUTURES_LONG_SHORT_TIME_EXIT_24_1X,180D-15,2024-04-20T00:00:00+00:00,2024-10-16T23:59:59.999999+00:00,TRADE_EXIT_TIME,0.4619138642606992708498605075,0.7019496823986705714285714364,46.19138642606992708498605075,70.19496823986705714285714364,11,2,9,36.36363636363636363636363636,1.095005094524322244752061429,4.199216947824538825907822795,-51.524446004568897709991344,2.123235058029195449576653059,0.9490740740740740740740740741,2.106481481481481481481481481,23.72399390432622549285714286,1.474647452860758802077060,1.195059543389854237063110,-0.279587909470904565013950,0,True,False,11,5,3,3,0,"{""HIGH_VOLATILITY"": 6, ""RANGING"": 4235, ""TRENDING_DOWN"": 60, ""TRENDING_UP"": 19}",33.27418304508219560810383278,78.97012341279754640534050114,100,-130.9571809353447461035853782,-374.2379959565814064053201820,-486.1990470863062492247073246,RESULT_DEPENDS_ON_FEW_TRADES,180,60
FUTURES_LONG_SHORT_TIME_EXIT_24_1X,180D-16,2024-06-19T00:00:00+00:00,2024-12-15T23:59:59.999999+00:00,TRADE_EXIT_TIME,-1.425650048080422037834533209,-1.178939803890611442857142846,-142.5650048080422037834533209,-117.8939803890611442857142846,11,3,8,27.27272727272727272727272727,0.7284963533064040986943710088,-12.96045498254929125304121099,-51.524446004568897709991344,3.186478922978732324468071016,0.9722222222222222222222222222,1.87500,23.69775589820401075928571429,2.001380304203534630411002,1.028111783426485891957680,-0.973268520777048738453322,0,False,False,11,6,2,3,0,"{""HIGH_VOLATILITY"": 6, ""RANGING"": 4217, ""TRENDING_DOWN"": 55, ""TRENDING_UP"": 42}",46.30980970842301651804717678,100,100,-319.7135721694568769720247498,-525.0942539601806357971892116,-525.0942539601806357971892116,,180,60
FUTURES_LONG_SHORT_TIME_EXIT_24_1X,180D-17,2024-08-18T00:00:00+00:00,2025-02-13T23:59:59.999999+00:00,TRADE_EXIT_TIME,3.778714013115925939276536650,4.014036678673179142857142850,377.8714013115925939276536650,401.4036678673179142857142850,11,3,8,45.45454545454545454545454545,2.177564174126054470562592546,34.35194557378114490251396955,-9.877986246377459850144270,1.862602540790955771798101955,0.9722222222222222222222222222,1.712962962962962962962962963,23.27875549102862584000000000,1.885933367595414416497710,1.632422302898719898437090,-0.253511064696694518060620,0,True,False,11,4,4,3,0,"{""HIGH_VOLATILITY"": 13, ""RANGING"": 4210, ""TRENDING_DOWN"": 55, ""TRENDING_UP"": 42}",26.25133372005018193878818131,70.76753657504036076712911935,100,194.4365822820319718476536653,-116.6265317551592630607515276,-320.8924062181452469649174176,RESULT_DEPENDS_ON_FEW_TRADES,180,60
FUTURES_LONG_SHORT_TIME_EXIT_24_1X,180D-18,2024-10-17T00:00:00+00:00,2025-04-14T23:59:59.999999+00:00,TRADE_EXIT_TIME,1.134241878496746709963373139,1.533963709779444642857142841,113.4241878496746709963373139,153.3963709779444642857142841,19,3,16,36.84210526315789473684210526,1.121209978787518791758146262,5.969694097351298473491437574,-55.53807337417670184574217153,4.408730809396654514471582609,0.9722222222222222222222222222,3.773148148148148148148148148,39.22695162477188569500000000,2.298802582371627986681164,1.553571078873720392304194,-0.745231503497907594376970,0,True,False,19,10,6,3,0,"{""HIGH_VOLATILITY"": 13, ""RANGING"": 4150, ""TRENDING_DOWN"": 110, ""TRENDING_UP"": 47}",17.48346539251945205588846582,51.16531770036983757372592045,80.53109346448110609469464674,-70.0106311798859510836626858,-423.3973508009543550917821642,-731.5002149652398910446393067,RESULT_DEPENDS_ON_FEW_TRADES,180,60
FUTURES_LONG_SHORT_TIME_EXIT_24_1X,180D-19,2024-12-16T00:00:00+00:00,2025-06-13T23:59:59.999999+00:00,TRADE_EXIT_TIME,6.060280223752677581979084768,6.546937452762370485714285695,606.0280223752677581979084768,654.6937452762370485714285695,22,7,15,50.0,1.742009339550512848120784357,27.54672828978489809990493076,7.010782355446006086113065,4.579192914270687093690878190,2.662037037037037037037037037,3.726851851851851851851851852,46.59733414818222407857142857,3.621959831660786687252858,1.553571078873720392304194,-2.068388752787066294948664,0,True,False,22,7,9,6,0,"{""HIGH_VOLATILITY"": 13, ""RANGING"": 4126, ""TRENDING_DOWN"": 108, ""TRENDING_UP"": 73}",12.89282126623160128526067419,37.73080915772404812550222692,61.29660439828135216620147621,422.5932033457071361179084771,69.2064837246387321097889987,-266.0798974308492676684281441,,180,60
FUTURES_LONG_SHORT_TIME_EXIT_24_1X,180D-20,2025-02-14T00:00:00+00:00,2025-08-12T23:59:59.999999+00:00,TRADE_EXIT_TIME,1.377879060625571799921378734,1.930572334351735628571428560,137.7879060625571799921378734,193.0572334351735628571428560,22,12,10,45.45454545454545454545454545,1.167858760905513065834507960,6.263086639207144545097176064,-13.002474245020285202278088,4.810215343754319200359087835,4.606481481481481481481481481,3.12500,49.33980336805082009142857142,6.280373515393020239222346,0.350849510827457465645935,-5.929524004565562773576411,0,True,False,22,7,6,9,0,"{""RANGING"": 4100, ""TRENDING_DOWN"": 89, ""TRENDING_UP"": 131}",18.49404755022756041382208211,53.46911035153967976875331110,80.21051364488392051678891124,-39.5041923465038188975764121,-374.7905735019918186757935549,-631.1454623603606724279018675,RESULT_DEPENDS_ON_FEW_TRADES,180,60
FUTURES_LONG_SHORT_TIME_EXIT_24_1X,180D-21,2025-04-15T00:00:00+00:00,2025-10-11T23:59:59.999999+00:00,TRADE_EXIT_TIME,7.057729634861805265155673188,7.499004034738574728571428572,705.7729634861805265155673188,749.9004034738574728571428572,16,13,3,68.7500,4.984570530656961243600447901,44.11081021788628290722295742,23.0423630416235488556001035,0.7888230557852166046308744964,5.138888888888888888888888889,1.111111111111111111111111111,37.59746872974695000642857143,6.649184080721438638976774,0.119212822791442303829807,-6.529971257929996335146967,0,True,False,17,1,5,10,0,"{""RANGING"": 4139, ""TRENDING_DOWN"": 28, ""TRENDING_UP"": 153}",18.75506939761901979669323172,52.77658556340746229404755980,77.87201860295222840960924468,540.1845596276666609355673185,239.8087817883842551895275772,18.2413424440127231895275774,,180,60
FUTURES_LONG_SHORT_TIME_EXIT_24_1X,180D-22,2025-06-14T00:00:00+00:00,2025-12-10T23:59:59.999999+00:00,TRADE_EXIT_TIME,1.059527600422052757952110599,1.469910704994073685714285715,105.9527600422052757952110599,146.9910704994073685714285715,16,7,9,43.7500,1.222055731101323570291036120,6.622047502637829737200691244,-7.898090099517903187595869,2.785207472311366201460497324,2.870370370370370370370370370,2.870370370370370370370370370,38.03438193307530838857142857,4.074656568930825452229048,1.070728044804041064582965,-3.003928524126784387646083,0,True,False,16,5,3,8,0,"{""RANGING"": 4161, ""TRENDING_DOWN"": 68, ""TRENDING_UP"": 91}",28.39805656136157459432144016,75.15186579584129221593944407,94.25102230076194054183466523,-59.6356438163085897847889404,-332.2560123515471682956572058,-443.6227473906201505942991308,RESULT_DEPENDS_ON_FEW_TRADES,180,60
FUTURES_LONG_SHORT_TIME_EXIT_24_1X,365D-1,2022-01-05T04:00:00+00:00,2022-12-31T23:59:59.999999+00:00,TRADE_EXIT_TIME,-3.517565037263877354883935520,-2.211383811207378128571428570,-351.7565037263877354883935520,-221.1383811207378128571428570,55,16,39,34.54545454545454545454545455,0.8622343075231417185871651813,-6.395572795025231554334428218,-49.797997758145285997705110,8.296781796186236643230034883,2.944572748267898383371824480,6.073903002309468822170900693,122.3340332917518249921428572,12.473814793409555585488165,4.189725479511457946380327,-8.284089313898097639107838,0,False,False,56,25,11,19,0,"{""HIGH_VOLATILITY"": 31, ""RANGING"": 8083, ""TRENDING_DOWN"": 395, ""TRENDING_UP"": 151}",8.812170214512619676381211167,25.93169642661903272005720505,42.71422321994189377524680299,-545.7598553088718439083935522,-922.6528773232591481978751388,-1292.126726178952059921956419,,365,90
FUTURES_LONG_SHORT_TIME_EXIT_24_1X,365D-2,2022-04-01T00:00:00+00:00,2023-03-31T23:59:59.999999+00:00,TRADE_EXIT_TIME,-3.108209843981178774072397577,-1.999301463331922885714285727,-310.8209843981178774072397577,-199.9301463331922885714285727,46,17,29,36.95652173913043478260869565,0.8539099513108123265491203976,-6.756977921698214726244342559,-50.5609095852817680020119365,4.519218827625915754293685655,2.694063926940639269406392694,4.668949771689497716894977169,100.8778594072822171571428572,12.245888684037461509308165,2.232910026394089830639837,-10.012978657643371678668328,0,False,False,47,22,10,14,0,"{""HIGH_VOLATILITY"": 31, ""RANGING"": 8272, ""TRENDING_DOWN"": 301, ""TRENDING_UP"": 156}",10.23165859152679478085354026,30.56842649460123595551778054,50.69962833781574286923222597,-496.7074683274213993662397577,-866.1813171831143110903210382,-1231.920487859239287421681088,,365,90
FUTURES_LONG_SHORT_TIME_EXIT_24_1X,365D-3,2022-06-30T00:00:00+00:00,2023-06-29T23:59:59.999999+00:00,TRADE_EXIT_TIME,-0.2966210741020804575813636436,0.4214779645813068857142857158,-29.66210741020804575813636436,42.14779645813068857142857158,28,13,15,39.28571428571428571428571429,0.9745468578460904975940205184,-1.05936097893600163421915587,-35.3406509578784259626717435,4.396855293067253923435955910,1.974885844748858447488584475,2.625570776255707762557077626,64.37787482111899182000000000,8.916238853047249685293734,1.484209805827507175728798,-7.432029047219742509564936,0,False,False,27,13,6,9,0,"{""RANGING"": 8459, ""TRENDING_DOWN"": 161, ""TRENDING_UP"": 140}",16.29661988772116838083104187,48.50049620603438355776289366,75.88809105911547356740278834,-214.7426916121093705169935068,-580.4818622882343468483535564,-891.5225621521644371288732305,,365,90
FUTURES_LONG_SHORT_TIME_EXIT_24_1X,365D-4,2022-09-28T00:00:00+00:00,2023-09-27T23:59:59.999999+00:00,TRADE_EXIT_TIME,-3.290481137405959027868757774,-2.982356536777590885714285733,-329.0481137405959027868757774,-298.2356536777590885714285733,12,5,7,25.00,0.4876490055879472684548360393,-27.42067614504965856557298145,-64.3094509785696001342857147,3.607867255550025330610314431,0.6506849315068493150684931507,1.152968036529680365296803653,26.89215142550332220714285713,4.378295226419168711994846,0.457986589085676703690499,-3.920308637333492008304347,0,False,False,12,8,2,2,0,"{""RANGING"": 8667, ""TRENDING_DOWN"": 44, ""TRENDING_UP"": 49}",59.09649131066210271857748414,100,100,-514.1286979424972275457329198,-642.2318241388295723014400633,-642.2318241388295723014400633,,365,90
FUTURES_LONG_SHORT_TIME_EXIT_24_1X,365D-5,2022-12-27T00:00:00+00:00,2023-12-26T23:59:59.999999+00:00,TRADE_EXIT_TIME,-2.263178874203505582686425544,-2.105389795563183357142857163,-226.3178874203505582686425544,-210.5389795563183357142857163,6,4,2,16.66666666666666666666666667,0.3214576055108514605825743377,-37.71964790339175971144042573,-64.3094509785696001342857147,2.263178874203505582686425550,0.3196347031963470319634703196,0.4452054794520547945205479452,14.36762692989834255928571428,1.466693236804809041400000,0.055412302670929046328876,-1.411280934133879995071124,0,False,False,6,5,1,0,0,"{""RANGING"": 8703, ""TRENDING_DOWN"": 12, ""TRENDING_UP"": 45}",100,100,100,-333.5353682517325808300996979,-333.5353682517325808300996979,-333.5353682517325808300996979,,365,90
FUTURES_LONG_SHORT_TIME_EXIT_24_1X,365D-6,2023-03-27T00:00:00+00:00,2024-03-25T23:59:59.999999+00:00,TRADE_EXIT_TIME,-3.191949886636742032590771444,-3.056299538299194528571428586,-319.1949886636742032590771444,-305.6299538299194528571428586,6,2,4,16.66666666666666666666666667,0.06347422371418168022090995461,-53.1991647772790338765128574,-59.55332936130606215714285765,3.191949886636742032590771440,0.2739726027397260273972602740,0.7762557077625570776255707763,13.88397141107429535071428572,0.931336366425362828400000,1.250272943744907777180000,0.318936577319544948780000,0,False,False,6,4,0,2,0,"{""RANGING"": 8700, ""TRENDING_DOWN"": 29, ""TRENDING_UP"": 31}",100,100,100,-340.8288343430059297106771444,-340.8288343430059297106771444,-340.8288343430059297106771444,,365,90
FUTURES_LONG_SHORT_TIME_EXIT_24_1X,365D-7,2023-06-25T00:00:00+00:00,2024-06-23T23:59:59.999999+00:00,TRADE_EXIT_TIME,-3.497466396007325903505354829,-3.184761808927889057142857161,-349.7466396007325903505354829,-318.4761808927889057142857161,14,4,10,28.57142857142857142857142857,0.5330754791436995506722569505,-24.98190282862375645360967735,-69.97434998755237018673299965,5.803220348349525793902288560,0.7420091324200913242009132420,1.381278538812785388127853881,31.18340128132568760857142858,2.290536882678001416563768,2.203479456060004388885430,-0.087057426617997027678338,0,False,False,14,8,2,4,0,"{""RANGING"": 8654, ""TRENDING_DOWN"": 54, ""TRENDING_UP"": 52}",36.83661149100995452279334658,94.58201057725897757321081183,100,-496.8339640980988984733926258,-727.4093593323188875130860004,-749.0432050116506139646860004,,365,90
FUTURES_LONG_SHORT_TIME_EXIT_24_1X,365D-8,2023-09-23T00:00:00+00:00,2024-09-21T23:59:59.999999+00:00,TRADE_EXIT_TIME,-3.063100170675946740511544030,-2.663701855560752042857142860,-306.3100170675946740511544030,-266.3701855560752042857142860,19,4,15,31.57894736842105263157894737,0.6959465523109114028865921409,-16.12157984566287758163970542,-68.47302878700697121142857180,5.296884048993474262873717130,0.7420091324200913242009132420,1.769406392694063926940639269,40.95354681514106190785714286,1.907388023803883470477060,2.921103327425475612894086,1.013715303621592142417026,0,False,False,19,10,4,5,0,"{""HIGH_VOLATILITY"": 6, ""RANGING"": 8611, ""TRENDING_DOWN"": 91, ""TRENDING_UP"": 52}",25.26681436012514137795204708,64.02723338388786331380661324,96.91435064467627809238364786,-483.4585844290093472397258319,-755.2123798431171694440115466,-985.7877750773371584837049212,,365,90
FUTURES_LONG_SHORT_TIME_EXIT_24_1X,365D-9,2023-12-22T00:00:00+00:00,2024-12-20T23:59:59.999999+00:00,TRADE_EXIT_TIME,-3.445855337893695060503330887,-2.9034734051149562000000000,-344.5855337893695060503330887,-290.3473405114956200000000000,25,6,19,32.00,0.7243234155751834630512459580,-13.78342135157478024201332355,-55.53807337417670184574217153,4.818068882050055691387966434,1.210045662100456621004566210,2.305936073059360730593607306,54.31842820807298122857142858,3.793321391399297886974770,3.873556321598393065213110,0.080234930199095178238340,0,False,False,25,13,5,7,0,"{""HIGH_VOLATILITY"": 6, ""RANGING"": 8553, ""TRENDING_DOWN"": 121, ""TRENDING_UP"": 80}",19.56626618578888160874489616,49.58179031488215664014040526,76.32930872982847550339006720,-521.7341011507841792389045176,-793.4878965648920014431902323,-1035.653904258390886823926464,,365,90
FUTURES_LONG_SHORT_TIME_EXIT_24_1X,365D-10,2024-03-21T00:00:00+00:00,2025-03-20T23:59:59.999999+00:00,TRADE_EXIT_TIME,0.5415296859339764437263765095,1.192570800092062099999999996,54.15296859339764437263765095,119.2570800092062099999999996,31,5,26,35.48387096774193548387096774,1.036168940592342574334058208,1.746869954625730463633472611,-55.53807337417670184574217153,4.366906856038131377220601388,0.9474885844748858447488584475,2.933789954337899543378995434,65.19170972568654748357142857,3.447291064737321039758224,3.534889374615302895967304,0.087598309877981856209080,0,True,False,31,15,9,7,0,"{""HIGH_VOLATILITY"": 19, ""RANGING"": 8509, ""TRENDING_DOWN"": 158, ""TRENDING_UP"": 74}",11.82400826705081817409589951,34.59367873674745815931206124,55.23481981830659984043275067,-129.2818504361629777073623488,-482.5250390095850560143389706,-802.7467348460530703000532560,RESULT_DEPENDS_ON_FEW_TRADES,365,90
FUTURES_LONG_SHORT_TIME_EXIT_24_1X,365D-11,2024-06-19T00:00:00+00:00,2025-06-18T23:59:59.999999+00:00,TRADE_EXIT_TIME,4.634630175672255544144551559,5.367997648871759042857142849,463.4630175672255544144551559,536.7997648871759042857142849,33,10,23,42.42424242424242424242424242,1.345395368571988713361846063,14.04433386567350164892288351,-28.856042641353034592050976,4.641109122575948785150829947,1.792237442922374429223744292,2.762557077625570776255707763,70.29509004638623483785714286,5.623340135864321317663860,2.581682862300206284261874,-3.041657273564115033401986,0,True,False,33,13,11,9,0,"{""HIGH_VOLATILITY"": 19, ""RANGING"": 8463, ""TRENDING_DOWN"": 163, ""TRENDING_UP"": 115}",10.16092561643876945824789392,29.79430416140554312461960192,49.13899474516994657898061317,280.0281985376649323344551562,-74.4124672328107397438305582,-423.6414597839198510250928936,RESULT_DEPENDS_ON_FEW_TRADES,365,90
FUTURES_LONG_SHORT_TIME_EXIT_24_1X,365D-12,2024-09-17T00:00:00+00:00,2025-09-16T23:59:59.999999+00:00,TRADE_EXIT_TIME,5.355711449228929407300415385,6.175382504202777271428571410,535.5711449228929407300415385,617.5382504202777271428571410,34,16,18,47.05882352941176470588235294,1.469079741334486463022501470,15.75209249773214531558945701,-6.485445853946361635681879,4.637943348863890069503763351,3.013698630136986301369863014,2.385844748858447488584474886,75.05503447721090905642857143,8.895342833900054720470056,1.983271813726177364083025,-6.912071020173877356387031,0,True,False,34,11,10,13,0,"{""HIGH_VOLATILITY"": 13, ""RANGING"": 8411, ""TRENDING_DOWN"": 136, ""TRENDING_UP"": 200}",10.93618661324222275650723189,32.00472274429546616315646235,51.99413616424262368951226150,352.1363258933323186500415388,-1.2503937277360853580779396,-336.5367748832240851362950824,RESULT_DEPENDS_ON_FEW_TRADES,365,90
FUTURES_LONG_SHORT_TIME_EXIT_24_1X,365D-13,2024-12-16T00:00:00+00:00,2025-12-15T23:59:59.999999+00:00,TRADE_EXIT_TIME,7.119807824174730339931195366,8.016848157756444171428571412,711.9807824174730339931195366,801.6848157756444171428571412,38,14,24,47.36842105263157894736842105,1.550266325690125970100613088,18.73633637940718510508209307,-6.485445853946361635681879,4.579192914270687093690878190,2.728310502283105022831050228,3.253424657534246575342465753,84.63171608125753246714285714,7.696616400591612139481906,2.624299123677761456887159,-5.072317276913850682594747,0,True,False,38,12,12,14,0,"{""HIGH_VOLATILITY"": 13, ""RANGING"": 8407, ""TRENDING_DOWN"": 176, ""TRENDING_UP"": 164}",9.144924555915183369984691006,26.76259881805313102608129080,43.64921958579970620412261568,528.5459633879124119131195369,175.1592437668440079050000585,-163.5635314307715638378570843,,365,90
FUTURES_LONG_SHORT_TARGET_R_2_5_1X,90D-1,2022-01-05T04:00:00+00:00,2022-03-31T23:59:59.999999+00:00,TRADE_EXIT_TIME,-1.971615230367743356078296651,-1.746930238131294857142857152,-197.1615230367743356078296651,-174.6930238131294857142857152,10,2,8,20.0,0.7109411408015363828548984504,-19.71615230367743356078296651,-76.0361839344871493491221607,5.561543825966385952054783529,3.446601941747572815533980583,25.19417475728155339805825243,22.82406614094411962571428572,2.430271621084003543306926,2.785838538383273275477262,0.355566917299269732170336,0,False,False,10,8,2,0,0,"{""RANGING"": 1939, ""TRENDING_DOWN"": 101, ""TRENDING_UP"": 20}",50.41873377046796516447383446,100,100,-441.6517260841599443424010935,-682.0808868598145805871741085,-682.0808868598145805871741085,,90,30
FUTURES_LONG_SHORT_TARGET_R_2_5_1X,90D-2,2022-01-31T00:00:00+00:00,2022-04-30T23:59:59.999999+00:00,TRADE_EXIT_TIME,-7.515388999781984823389406874,-7.286573687700963357142857158,-751.5388999781984823389406874,-728.6573687700963357142857158,9,2,7,0,0E+25,-83.50432221979983137099340971,-81.43797904205562831032428607,7.515388999781984823389406880,3.287037037037037037037037037,8.657407407407407407407407407,21.39673187200174398071428572,2.777525328003750244022536,1.292725991903347600081850,-1.484799336100402643940686,0,False,False,8,9,0,0,0,"{""RANGING"": 2103, ""TRENDING_DOWN"": 37, ""TRENDING_UP"": 20}",0,0,0,-751.5388999781984823389406874,-751.5388999781984823389406874,-751.5388999781984823389406874,,90,30
FUTURES_LONG_SHORT_TARGET_R_2_5_1X,90D-3,2022-03-02T00:00:00+00:00,2022-05-30T23:59:59.999999+00:00,TRADE_EXIT_TIME,-3.617661437733399587402499514,-3.452206406388248700000000014,-361.7661437733399587402499514,-345.2206406388248700000000014,7,1,6,14.28571428571428571428571429,0.3228929177138787510998986097,-51.68087768190570839146427877,-85.47947353615299197657142892,3.617661437733399587402499510,1.805555555555555555555555556,8.055555555555555555555555556,16.63617597464239989214285714,1.595231012454890292578916,1.685903852582201444471823,0.090672840127311151892907,0,False,False,8,6,1,0,0,"{""HIGH_VOLATILITY"": 21, ""RANGING"": 2073, ""TRENDING_DOWN"": 65, ""TRENDING_UP"": 1}",100,100,100,-534.2820260451367102719787194,-534.2820260451367102719787194,-534.2820260451367102719787194,,90,30
FUTURES_LONG_SHORT_TARGET_R_2_5_1X,90D-4,2022-04-01T00:00:00+00:00,2022-06-29T23:59:59.999999+00:00,TRADE_EXIT_TIME,-0.7373604975820476333321774516,-0.4442606814642997357142857185,-73.73604975820476333321774516,-44.42606814642997357142857185,13,3,10,30.76923076923076923076923077,0.9140672170079907099219910823,-5.672003827554212564093672705,-88.76371432206230590985846692,2.984683955960688085927300699,6.064814814814814814814814815,11.34259259259259259259259259,27.27134794981338777678571429,3.007187481956226098734418,0.968553819994824113730959,-2.038633661961401985003459,0,False,False,15,9,4,0,0,"{""HIGH_VOLATILITY"": 31, ""RANGING"": 1967, ""TRENDING_DOWN"": 140, ""TRENDING_UP"": 22}",30.33110173084179415802279323,82.01854635700165774218583435,100,-311.6321427203761672423156795,-717.0325545115092806930444475,-858.0665863580994987507669657,,90,30
FUTURES_LONG_SHORT_TARGET_R_2_5_1X,90D-5,2022-05-01T00:00:00+00:00,2022-07-29T23:59:59.999999+00:00,TRADE_EXIT_TIME,5.381198403991142490123907977,5.864080893234055050000000005,538.1198403991142490123907977,586.4080893234055050000000005,20,8,12,40.0,1.467580316366917739187850644,26.90599201995571245061953988,-80.01190063482509702039619415,3.479078291305118902757321372,14.53703703703703703703703704,13.33333333333333333333333333,43.68624624047166015321428571,6.169708726130848074096865,1.567706042311252239701948,-4.602002683819595834394917,0,True,False,22,12,8,0,0,"{""HIGH_VOLATILITY"": 31, ""RANGING"": 1849, ""TRENDING_DOWN"": 176, ""TRENDING_UP"": 104}",14.11361870654337876479329519,42.29344967523399338737238104,69.78783075187193692585564684,299.7435577841302920181710837,-176.2083217944740000675114219,-640.5830856394213870759497483,RESULT_DEPENDS_ON_FEW_TRADES,90,30
FUTURES_LONG_SHORT_TARGET_R_2_5_1X,90D-6,2022-05-31T00:00:00+00:00,2022-08-28T23:59:59.999999+00:00,TRADE_EXIT_TIME,4.437732953524648861288592560,5.029814672670836907142857156,443.7732953524648861288592560,502.9814672670836907142857156,22,10,12,36.36363636363636363636363636,1.347893293653246111554889008,20.17151342511204027858451164,-73.71554403264107022387062305,3.699112501490453311215436933,18.37962962962962962962962963,13.84259259259259259259259259,49.34419488800470605892857144,10.814660243063608381924223,0.950683216449509855426335,-9.863977026614098526497888,0,True,False,21,14,8,0,0,"{""HIGH_VOLATILITY"": 10, ""RANGING"": 1868, ""TRENDING_DOWN"": 170, ""TRENDING_UP"": 112}",13.86412364184239088520499103,41.54580251382539295210938531,68.55414861047276259529176412,205.3970127374809291346395420,-270.5548668411233629510429636,-734.9296306860707499594812900,RESULT_DEPENDS_ON_FEW_TRADES,90,30
FUTURES_LONG_SHORT_TARGET_R_2_5_1X,90D-7,2022-06-30T00:00:00+00:00,2022-09-27T23:59:59.999999+00:00,TRADE_EXIT_TIME,3.804449094574482205581080148,4.261456698312816985714285728,380.4449094574482205581080148,426.1456698312816985714285728,16,7,9,37.500,1.429288756134463150623813787,23.77780684109051378488175092,-70.9623478924881194502251431,3.744377284588110743425815677,12.31481481481481481481481481,9.537037037037037037037037037,38.77592520143676622500000002,8.682602916419520071221167,1.757767744022808282900609,-6.924835172396711788320558,0,True,False,15,10,6,0,0,"{""RANGING"": 1947, ""TRENDING_DOWN"": 122, ""TRENDING_UP"": 91}",18.81918457943739642503359464,55.88861589916741914471223024,87.43899881899208711392232657,142.0686268424642635638883008,-327.4773940995796497021345974,-727.1154848872478576767067912,RESULT_DEPENDS_ON_FEW_TRADES,90,30
FUTURES_LONG_SHORT_TARGET_R_2_5_1X,90D-8,2022-07-30T00:00:00+00:00,2022-10-27T23:59:59.999999+00:00,TRADE_EXIT_TIME,-0.5716779284165549390107063243,-0.3575624788745245142857142809,-57.16779284165549390107063243,-35.75624788745245142857142809,7,2,5,28.57142857142857142857142857,0.8636212745677950939481954829,-8.16682754880792770015294749,-71.72366185311757628230742833,1.851610780141696510032018050,5.648148148148148148148148148,5.694444444444444444444444444,17.39733251058427123428571429,5.172827965325151395143110,1.158615521706380156929620,-4.014212443618771238213490,0,False,False,7,5,2,0,0,"{""RANGING"": 2058, ""TRENDING_DOWN"": 75, ""TRENDING_UP"": 27}",56.05005182006659963690135380,100,100,-260.0781188017318913733683060,-419.1840967898920504615716798,-419.1840967898920504615716798,,90,30
FUTURES_LONG_SHORT_TARGET_R_2_5_1X,90D-9,2022-08-29T00:00:00+00:00,2022-11-26T23:59:59.999999+00:00,TRADE_EXIT_TIME,-3.125536886632488735654301345,-2.953289946977264428571428570,-312.5536886632488735654301345,-295.3289946977264428571428570,6,1,5,16.66666666666666666666666667,0.3373321681663976281999433705,-52.09228144387481226090502242,-90.0422471366078232324597940,4.642728087228924508352330463,2.175925925925925925925925926,5.833333333333333333333333333,14.26845813327181056142857143,4.265489416707484965776366,1.309253584456864818917660,-2.956235832250620146858706,0,False,False,6,5,1,0,0,"{""RANGING"": 2081, ""TRENDING_DOWN"": 61, ""TRENDING_UP"": 18}",100,100,100,-471.6596666514090326536335083,-471.6596666514090326536335083,-471.6596666514090326536335083,,90,30
FUTURES_LONG_SHORT_TARGET_R_2_5_1X,90D-10,2022-09-28T00:00:00+00:00,2022-12-26T23:59:59.999999+00:00,TRADE_EXIT_TIME,-4.527204443954018686056976002,-4.381548689486075628571428576,-452.7204443954018686056976002,-438.1548689486075628571428576,5,1,4,0,0E+25,-90.54408887908037372113952004,-87.986171282469485907000000,4.52720444395401868605697600,2.175925925925925925925925926,5.648148148148148148148148148,11.71132124655078148142857143,3.740983481796821195713920,0.886729281553296928587749,-2.854254200243524267126171,0,False,False,5,5,0,0,0,"{""RANGING"": 2110, ""TRENDING_DOWN"": 32, ""TRENDING_UP"": 18}",0,0,0,-452.7204443954018686056976002,-452.7204443954018686056976002,-452.7204443954018686056976002,,90,30
FUTURES_LONG_SHORT_TARGET_R_2_5_1X,90D-11,2022-10-28T00:00:00+00:00,2023-01-25T23:59:59.999999+00:00,TRADE_EXIT_TIME,-4.527204443954018686056976002,-4.381548689486075628571428576,-452.7204443954018686056976002,-438.1548689486075628571428576,5,1,4,0,0E+25,-90.54408887908037372113952004,-87.986171282469485907000000,4.52720444395401868605697600,0.3703703703703703703703703704,5.648148148148148148148148148,11.71132124655078148142857143,3.740983481796821195713920,0.886729281553296928587749,-2.854254200243524267126171,0,False,False,4,5,0,0,0,"{""RANGING"": 2124, ""TRENDING_DOWN"": 32, ""TRENDING_UP"": 4}",0,0,0,-452.7204443954018686056976002,-452.7204443954018686056976002,-452.7204443954018686056976002,,90,30
FUTURES_LONG_SHORT_TARGET_R_2_5_1X,90D-12,2022-11-27T00:00:00+00:00,2023-02-24T23:59:59.999999+00:00,TRADE_EXIT_TIME,-1.375598971414699111556979660,-1.334040684454150057142857150,-137.5598971414699111556979660,-133.4040684454150057142857150,2,1,1,0,0E+25,-68.7799485707349555778489830,-68.7799485707349555778489830,1.375598971414699111556979660,0.04629629629629629629629629630,3.564814814814814814814814815,4.851387640480526049999999999,0,0.695558944425620608587749,0.695558944425620608587749,0,False,False,2,2,0,0,0,"{""RANGING"": 2144, ""TRENDING_DOWN"": 6, ""TRENDING_UP"": 10}",0,0,0,-137.5598971414699111556979660,-137.5598971414699111556979660,-137.5598971414699111556979660,,90,30
FUTURES_LONG_SHORT_TARGET_R_2_5_1X,90D-13,2022-12-27T00:00:00+00:00,2023-03-26T23:59:59.999999+00:00,TRADE_EXIT_TIME,-0.7905917404658010553033778858,-0.6849617691981533714285714395,-79.05917404658010553033778858,-68.49617691981533714285714395,4,3,1,25.00,0.6319572663261185591187834862,-19.76479351164502638258444714,-64.4618102835101048350000004,1.502869433289217741135720740,1.296296296296296296296296296,0.7870370370370370370370370370,9.648774493823621818571428571,0.969684232298540832480000,0.055461599357394263570784,-0.914222632941146568909216,0,False,False,4,3,1,0,0,"{""RANGING"": 2128, ""TRENDING_DOWN"": 7, ""TRENDING_UP"": 25}",100,100,100,-214.8097674892110691378577890,-214.8097674892110691378577890,-214.8097674892110691378577890,,90,30
FUTURES_LONG_SHORT_TARGET_R_2_5_1X,90D-14,2023-01-26T00:00:00+00:00,2023-04-25T23:59:59.999999+00:00,TRADE_EXIT_TIME,-0.7905917404658010553033778858,-0.6849617691981533714285714395,-79.05917404658010553033778858,-68.49617691981533714285714395,4,3,1,25.00,0.6319572663261185591187834862,-19.76479351164502638258444714,-64.4618102835101048350000004,1.502869433289217741135720740,1.296296296296296296296296296,0.7870370370370370370370370370,9.648774493823621818571428571,0.969684232298540832480000,0.055461599357394263570784,-0.914222632941146568909216,0,False,False,4,3,1,0,0,"{""RANGING"": 2130, ""TRENDING_DOWN"": 7, ""TRENDING_UP"": 23}",100,100,100,-214.8097674892110691378577890,-214.8097674892110691378577890,-214.8097674892110691378577890,,90,30
FUTURES_LONG_SHORT_TARGET_R_2_5_1X,90D-15,2023-02-25T00:00:00+00:00,2023-05-25T23:59:59.999999+00:00,TRADE_EXIT_TIME,-0.1465837763984919088462350244,-0.06478578424766654285714286440,-14.65837763984919088462350244,-6.47857842476665428571428644,3,2,1,33.33333333333333333333333333,0.9025431958323088413352567858,-4.886125879949730294874500813,-64.52282416028929502428571468,0.8588614692219085946785778800,1.2500,0.7870370370370370370370370370,7.265576582141390030000000000,0.969684232298540832480000,0.055461599357394263570784,-0.914222632941146568909216,0,False,False,3,2,1,0,0,"{""RANGING"": 2136, ""TRENDING_DOWN"": 7, ""TRENDING_UP"": 17}",100,100,100,-150.4089710824801544921435028,-150.4089710824801544921435028,-150.4089710824801544921435028,,90,30
FUTURES_LONG_SHORT_TARGET_R_2_5_1X,90D-16,2023-03-27T00:00:00+00:00,2023-06-24T23:59:59.999999+00:00,TRADE_EXIT_TIME,0,0,0,0,0,0,0,,,,,0,0,0,0,0,0,0,0,False,True,0,0,0,0,0,"{""RANGING"": 2154, ""TRENDING_UP"": 6}",0,0,0,0,0,0,,90,30
FUTURES_LONG_SHORT_TARGET_R_2_5_1X,90D-17,2023-04-26T00:00:00+00:00,2023-07-24T23:59:59.999999+00:00,TRADE_EXIT_TIME,0,0,0,0,0,0,0,,,,,0,0,0,0,0,0,0,0,False,True,0,0,0,0,0,"{""RANGING"": 2156, ""TRENDING_UP"": 4}",0,0,0,0,0,0,,90,30
FUTURES_LONG_SHORT_TARGET_R_2_5_1X,90D-18,2023-05-26T00:00:00+00:00,2023-08-23T23:59:59.999999+00:00,TRADE_EXIT_TIME,-0.5082858252310502515000000062,-0.4790967024368340000000000062,-50.82858252310502515000000062,-47.90967024368340000000000062,1,0,1,0,0E+26,-50.82858252310502515000000062,-50.82858252310502515000000062,0.5082858252310502515000000100,0,1.018518518518518518518518519,2.41839676100880825000000,0.500515518412816900000000,0,-0.500515518412816900000000,0,False,False,1,1,0,0,0,"{""RANGING"": 2151, ""TRENDING_DOWN"": 5, ""TRENDING_UP"": 4}",0,0,0,-50.82858252310502515000000062,-50.82858252310502515000000062,-50.82858252310502515000000062,,90,30
FUTURES_LONG_SHORT_TARGET_R_2_5_1X,90D-19,2023-06-25T00:00:00+00:00,2023-09-22T23:59:59.999999+00:00,TRADE_EXIT_TIME,-0.5082858252310502515000000062,-0.4790967024368340000000000062,-50.82858252310502515000000062,-47.90967024368340000000000062,1,0,1,0,0E+26,-50.82858252310502515000000062,-50.82858252310502515000000062,0.5082858252310502515000000100,0,1.018518518518518518518518519,2.41839676100880825000000,0.500515518412816900000000,0,-0.500515518412816900000000,0,False,False,1,1,0,0,0,"{""RANGING"": 2155, ""TRENDING_DOWN"": 5}",0,0,0,-50.82858252310502515000000062,-50.82858252310502515000000062,-50.82858252310502515000000062,,90,30
FUTURES_LONG_SHORT_TARGET_R_2_5_1X,90D-20,2023-07-25T00:00:00+00:00,2023-10-22T23:59:59.999999+00:00,TRADE_EXIT_TIME,-0.5082858252310502515000000062,-0.4790967024368340000000000062,-50.82858252310502515000000062,-47.90967024368340000000000062,1,0,1,0,0E+26,-50.82858252310502515000000062,-50.82858252310502515000000062,0.5082858252310502515000000100,0,1.018518518518518518518518519,2.41839676100880825000000,0.500515518412816900000000,0,-0.500515518412816900000000,0,False,False,1,1,0,0,0,"{""RANGING"": 2155, ""TRENDING_DOWN"": 5}",0,0,0,-50.82858252310502515000000062,-50.82858252310502515000000062,-50.82858252310502515000000062,,90,30
FUTURES_LONG_SHORT_TARGET_R_2_5_1X,90D-21,2023-08-24T00:00:00+00:00,2023-11-21T23:59:59.999999+00:00,TRADE_EXIT_TIME,-0.6873666785228235088285714323,-0.6638812714246889142857142894,-68.73666785228235088285714323,-66.38812714246889142857142894,1,1,0,0,0E+26,-68.73666785228235088285714323,-68.73666785228235088285714323,0.6873666785228235088285714300,0.04629629629629629629629629630,0,2.348540709813459454285714286,0,0,0,0,False,False,1,1,0,0,0,"{""RANGING"": 2146, ""TRENDING_UP"": 14}",0,0,0,-68.73666785228235088285714323,-68.73666785228235088285714323,-68.73666785228235088285714323,,90,30
FUTURES_LONG_SHORT_TARGET_R_2_5_1X,90D-22,2023-09-23T00:00:00+00:00,2023-12-21T23:59:59.999999+00:00,TRADE_EXIT_TIME,-0.6873666785228235088285714323,-0.6638812714246889142857142894,-68.73666785228235088285714323,-66.38812714246889142857142894,1,1,0,0,0E+26,-68.73666785228235088285714323,-68.73666785228235088285714323,0.6873666785228235088285714300,0.04629629629629629629629629630,0,2.348540709813459454285714286,0,0,0,0,False,False,1,1,0,0,0,"{""RANGING"": 2146, ""TRENDING_UP"": 14}",0,0,0,-68.73666785228235088285714323,-68.73666785228235088285714323,-68.73666785228235088285714323,,90,30
FUTURES_LONG_SHORT_TARGET_R_2_5_1X,90D-23,2023-10-23T00:00:00+00:00,2024-01-20T23:59:59.999999+00:00,TRADE_EXIT_TIME,-1.679677108750612276200000005,-1.624160700266028000000000005,-167.9677108750612276200000005,-162.4160700266028000000000005,2,2,0,0,0E+25,-83.98385543753061381000000025,-83.98385543753061381000000025,1.679677108750612276200000,2.175925925925925925925925926,0,4.460706540907087620000000000,1.090934307551340000000000,0,-1.090934307551340000000000,0,False,False,2,2,0,0,0,"{""RANGING"": 2135, ""TRENDING_UP"": 25}",0,0,0,-167.9677108750612276200000005,-167.9677108750612276200000005,-167.9677108750612276200000005,,90,30
FUTURES_LONG_SHORT_TARGET_R_2_5_1X,90D-24,2023-11-22T00:00:00+00:00,2024-02-19T23:59:59.999999+00:00,TRADE_EXIT_TIME,-1.543828042940595001977085718,-1.511608873000035600000000004,-154.3828042940595001977085718,-151.1608873000035600000000004,2,1,1,0,0E+25,-77.1914021470297500988542859,-77.1914021470297500988542859,1.543828042940595001977085720,2.129629629629629629629629630,3.518518518518518518518518519,4.479475143109412031428571428,1.090934307551340000000000,2.348492456604811833720000,1.257558149053471833720000,0,False,False,2,2,0,0,0,"{""RANGING"": 2141, ""TRENDING_DOWN"": 8, ""TRENDING_UP"": 11}",0,0,0,-154.3828042940595001977085718,-154.3828042940595001977085718,-154.3828042940595001977085718,,90,30
FUTURES_LONG_SHORT_TARGET_R_2_5_1X,90D-25,2023-12-22T00:00:00+00:00,2024-03-20T23:59:59.999999+00:00,TRADE_EXIT_TIME,-3.423680924697543554829942866,-3.351345985191870414285714294,-342.3680924697543554829942866,-335.1345985191870414285714294,4,1,3,0,0E+25,-85.59202311743858887074857165,-93.9926440878474276426428574,3.423680924697543554829942870,2.129629629629629629629629630,4.583333333333333333333333333,9.022125047936710482142857142,1.090934307551340000000000,2.879565404920736427720000,1.788631097369396427720000,0,False,False,4,4,0,0,0,"{""RANGING"": 2125, ""TRENDING_DOWN"": 24, ""TRENDING_UP"": 11}",0,0,0,-342.3680924697543554829942866,-342.3680924697543554829942866,-342.3680924697543554829942866,,90,30
FUTURES_LONG_SHORT_TARGET_R_2_5_1X,90D-26,2024-01-21T00:00:00+00:00,2024-04-19T23:59:59.999999+00:00,TRADE_EXIT_TIME,-3.318041713859842277855942870,-3.207401684880656085714285726,-331.8041713859842277855942870,-320.7401684880656085714285726,7,0,7,14.28571428571428571428571429,0.3556021859282943629842602089,-47.40059591228346111222775529,-92.35885015270052475171428603,3.318041713859842277855942880,0,6.805555555555555555555555556,14.88397481631572986428571429,0,3.819971918397110650120000,3.819971918397110650120000,0,False,False,7,6,1,0,0,"{""RANGING"": 2112, ""TRENDING_DOWN"": 40, ""TRENDING_UP"": 8}",100,100,100,-514.9057990892914162784514294,-514.9057990892914162784514294,-514.9057990892914162784514294,,90,30
FUTURES_LONG_SHORT_TARGET_R_2_5_1X,90D-27,2024-02-20T00:00:00+00:00,2024-05-19T23:59:59.999999+00:00,TRADE_EXIT_TIME,-4.236501403719114087274583481,-4.082045603651138557142857153,-423.6501403719114087274583481,-408.2045603651138557142857153,8,0,8,12.500,0.3017735379398321032841412605,-52.95626754648892609093229351,-87.6216783274301518360857146,4.236501403719114087274583480,0,3.842592592592592592592592593,17.08250666901917271785714287,0,1.636926662221619704684510,1.636926662221619704684510,0,False,False,8,7,1,0,0,"{""RANGING"": 2111, ""TRENDING_DOWN"": 41, ""TRENDING_UP"": 8}",100,100,100,-606.7517680752185972203154905,-606.7517680752185972203154905,-606.7517680752185972203154905,,90,30
FUTURES_LONG_SHORT_TARGET_R_2_5_1X,90D-28,2024-03-21T00:00:00+00:00,2024-06-18T23:59:59.999999+00:00,TRADE_EXIT_TIME,-0.2813642899127485986360589090,-0.09366712181142333571428571700,-28.1364289912748598636058909,-9.3667121811423335714285717,7,1,6,28.57142857142857142857142857,0.9328111719972769981850257331,-4.0194898558964085519436987,-76.16449655900073381214285682,3.325492604434427195173867421,7.407407407407407407407407407,2.777777777777777777777777778,14.86706821185595139750000001,5.008502312182270005361829,1.105853713905695110684510,-3.902648598276574894677319,0,False,False,7,5,2,0,0,"{""RANGING"": 2108, ""TRENDING_DOWN"": 25, ""TRENDING_UP"": 27}",53.12658939639181350824455874,100,100,-235.6648521962165534421726334,-418.7664798995237419350297758,-418.7664798995237419350297758,,90,30
FUTURES_LONG_SHORT_TARGET_R_2_5_1X,90D-29,2024-04-20T00:00:00+00:00,2024-07-18T23:59:59.999999+00:00,TRADE_EXIT_TIME,-0.2899513536887399271184732320,-0.1563531791164960785714285700,-28.9951353688739927118473232,-15.6353179116496078571428570,4,1,3,25.00,0.8774112162707673049432542405,-7.2487838422184981779618308,-73.49886512860390220121488785,1.469977302572078044024297760,7.407407407407407407407407407,2.175925925925925925925925926,9.208928156231560774642857142,5.008502312182270005361829,0.857613011189445925300220,-4.150889300992824080061609,0,False,False,4,3,1,0,0,"{""RANGING"": 2126, ""TRENDING_DOWN"": 15, ""TRENDING_UP"": 19}",100,100,100,-236.5235585738156862904140657,-236.5235585738156862904140657,-236.5235585738156862904140657,,90,30
FUTURES_LONG_SHORT_TARGET_R_2_5_1X,90D-30,2024-05-20T00:00:00+00:00,2024-08-17T23:59:59.999999+00:00,TRADE_EXIT_TIME,2.375787328566585116712793282,2.561827466350646950000000008,237.5787328566585116712793282,256.1827466350646950000000008,7,1,6,42.85714285714285714285714286,1.689457659980756232121282622,33.93981897952264452446847546,-67.352377096524011544000000,1.800522325975697807876062050,7.407407407407407407407407407,3.148148148148148148148148148,14.34428133149723515321428572,5.122797688908889033522097,0.863065241999940858015710,-4.259732446908948175506387,0,True,False,7,4,3,0,0,"{""HIGH_VOLATILITY"": 6, ""RANGING"": 2101, ""TRENDING_DOWN"": 34, ""TRENDING_UP"": 19}",37.76703846064685907766286228,100,100,17.7116555286346460712793280,-344.5878501999523513515731290,-344.5878501999523513515731290,RESULT_DEPENDS_ON_FEW_TRADES,90,30
FUTURES_LONG_SHORT_TARGET_R_2_5_1X,90D-31,2024-06-19T00:00:00+00:00,2024-09-16T23:59:59.999999+00:00,TRADE_EXIT_TIME,0.3005030965171681809271258555,0.4131860967027665428571428644,30.05030965171681809271258555,41.31860967027665428571428644,6,0,6,33.33333333333333333333333333,1.087206526969188460858439950,5.008384941952803015452097592,-78.439102706565946715992145,1.837091942106943384147068651,0,3.148148148148148148148148148,12.01706988383315802285714286,0.114295376726619028160268,0.863065241999940858015710,0.748769865273321829855442,0,True,False,6,4,2,0,0,"{""HIGH_VOLATILITY"": 6, ""RANGING"": 2112, ""TRENDING_DOWN"": 42}",58.68784894071549982229420231,100,100,-189.8167676763070475072874146,-344.5878501999523513515731292,-344.5878501999523513515731292,RESULT_DEPENDS_ON_FEW_TRADES,90,30
FUTURES_LONG_SHORT_TARGET_R_2_5_1X,90D-32,2024-07-19T00:00:00+00:00,2024-10-16T23:59:59.999999+00:00,TRADE_EXIT_TIME,0.6628322486221483896053304516,0.7792465511385745000000000110,66.28322486221483896053304516,77.92465511385745000000000110,6,0,6,33.33333333333333333333333333,1.214957561371546430293959223,11.04720414370247316008884086,-60.3226451013169362820819152,2.338176732192149967919192779,0,2.870370370370370370370370370,12.00627944045078753500000000,0.114295376726619028160268,0.479144565534795523693312,0.364849188808176495533044,0,True,False,6,4,2,0,0,"{""HIGH_VOLATILITY"": 6, ""RANGING"": 2109, ""TRENDING_DOWN"": 45}",58.68784894071549982229420231,100,100,-153.5838524658090266394669550,-308.3549349894543304837526695,-308.3549349894543304837526695,RESULT_DEPENDS_ON_FEW_TRADES,90,30
FUTURES_LONG_SHORT_TARGET_R_2_5_1X,90D-33,2024-08-18T00:00:00+00:00,2024-11-15T23:59:59.999999+00:00,TRADE_EXIT_TIME,0.3825064005355150050736179717,0.4722493363120369214285714304,38.25064005355150050736179717,47.22493363120369214285714304,3,2,1,33.33333333333333333333333333,1.350972824313224442001863741,12.75021335118383350245393239,-53.29291310610986102016383044,0.5517339553611530347335134821,3.101851851851851851851851852,1.342592592592592592592592593,6.923382038727100860357142856,2.359156673220070477831515,0.308245134294979702693312,-2.050911538925090775138203,0,True,False,3,2,1,0,0,"{""RANGING"": 2101, ""TRENDING_DOWN"": 17, ""TRENDING_UP"": 42}",100,100,100,-108.9846204713982458465877848,-108.9846204713982458465877848,-108.9846204713982458465877848,RESULT_DEPENDS_ON_FEW_TRADES,90,30
FUTURES_LONG_SHORT_TARGET_R_2_5_1X,90D-34,2024-09-17T00:00:00+00:00,2024-12-15T23:59:59.999999+00:00,TRADE_EXIT_TIME,-0.4399629610355056557120963112,-0.3269304382697895071428571382,-43.99629610355056557120963112,-32.69304382697895071428571382,4,2,2,25.00,0.7699318204629750386587038441,-10.99907402588764139280240778,-54.4923102356991229232938924,1.366548755429173442105113221,3.101851851851851851851851852,1.435185185185185185185185185,9.252340737646524081785714284,2.359156673220070477831515,0.308245134294979702693312,-2.050911538925090775138203,0,False,False,4,3,1,0,0,"{""RANGING"": 2105, ""TRENDING_DOWN"": 13, ""TRENDING_UP"": 42}",100,100,100,-191.2315566285003119251592131,-191.2315566285003119251592131,-191.2315566285003119251592131,,90,30
FUTURES_LONG_SHORT_TARGET_R_2_5_1X,90D-35,2024-10-17T00:00:00+00:00,2025-01-14T23:59:59.999999+00:00,TRADE_EXIT_TIME,1.174115933265003835193228661,1.310336521313019464285714288,117.4115933265003835193228661,131.0336521313019464285714288,7,2,5,42.85714285714285714285714286,1.358147532120672683548753759,16.77308476092862621704612373,-55.69170736528838482642395439,1.868026845890898341288942146,3.101851851851851851851851852,7.361111111111111111111111111,15.13790407082024173321428571,2.359156673220070477831515,3.875001939238749301797238,1.515845266018678823965723,0,True,False,7,4,3,0,0,"{""RANGING"": 2088, ""TRENDING_DOWN"": 30, ""TRENDING_UP"": 42}",35.05074954969645031410492059,100,100,-38.6490084383490127566771339,-327.8302453496740222253754055,-327.8302453496740222253754055,RESULT_DEPENDS_ON_FEW_TRADES,90,30
FUTURES_LONG_SHORT_TARGET_R_2_5_1X,90D-36,2024-11-16T00:00:00+00:00,2025-02-13T23:59:59.999999+00:00,TRADE_EXIT_TIME,1.023597827943804154851623455,1.125310428929987242857142864,102.3597827943804154851623455,112.5310428929987242857142864,7,0,7,42.85714285714285714285714286,1.278199664513069719289152272,14.62282611348291649788033507,-82.24693615710206607857142829,1.885002126608498482900538355,0,8.194444444444444444444444444,13.91836342210497687785714286,0.200005498992183368007300,3.947108822478851445312502,3.747103323486668077305202,0,True,False,7,4,3,0,0,"{""HIGH_VOLATILITY"": 13, ""RANGING"": 2109, ""TRENDING_DOWN"": 38}",36.63427652232173256647412369,100,100,-69.9298209581696297333529185,-367.9363991093942891241016081,-367.9363991093942891241016081,RESULT_DEPENDS_ON_FEW_TRADES,90,30
FUTURES_LONG_SHORT_TARGET_R_2_5_1X,90D-37,2024-12-16T00:00:00+00:00,2025-03-15T23:59:59.999999+00:00,TRADE_EXIT_TIME,3.265804242813581445577851246,3.432426447384863814285714289,326.5804242813581445577851246,343.2426447384863814285714289,11,0,11,45.45454545454545454545454545,1.560258864261406861002621669,29.68912948012346768707137496,-94.09732306370161977180859406,2.797684333393794004130172718,0,13.42592592592592592592592593,21.33415148130626292928571429,0.287878070518448794594804,4.959809094696474853094214,4.671931024178026058499410,0,True,False,11,6,5,0,0,"{""HIGH_VOLATILITY"": 13, ""RANGING"": 2064, ""TRENDING_DOWN"": 78, ""TRENDING_UP"": 5}",25.06031230386913494412568682,67.23367159225291259196246637,100,98.6593150211778217199652559,-284.9032963973759746272495410,-582.9098745486006340179982306,RESULT_DEPENDS_ON_FEW_TRADES,90,30
FUTURES_LONG_SHORT_TARGET_R_2_5_1X,90D-38,2025-01-15T00:00:00+00:00,2025-04-14T23:59:59.999999+00:00,TRADE_EXIT_TIME,2.564095610621215575446307425,2.749843010926081021428571419,256.4095610621215575446307425,274.9843010926081021428571419,10,0,10,40.0,1.441307404382545353355764515,25.64095610621215575446307425,-92.60306643305837966028936435,2.826448180042173011199479382,0,7.916666666666666666666666667,19.03995260221236474892857142,0.619594583731905400594804,1.084807155457725551296976,0.465212571725820150702172,0,True,False,10,6,4,0,0,"{""HIGH_VOLATILITY"": 13, ""RANGING"": 2062, ""TRENDING_DOWN"": 80, ""TRENDING_UP"": 5}",27.21666646661895804645358707,79.42643971758552184805953374,100,28.4884518019412347068108738,-408.7329635458088878888172299,-581.0225672983589331073324939,RESULT_DEPENDS_ON_FEW_TRADES,90,30
FUTURES_LONG_SHORT_TARGET_R_2_5_1X,90D-39,2025-02-14T00:00:00+00:00,2025-05-14T23:59:59.999999+00:00,TRADE_EXIT_TIME,7.187419508999639110780091432,7.463765488007896392857142835,718.7419508999639110780091432,746.3765488007896392857142835,12,4,8,50.0,2.247857134379699443776038965,59.89516257499699258983409527,43.36270708016900919299952337,3.353061059659217377346052552,5.277777777777777777777777778,7.083333333333333333333333333,25.20388065120525625178571428,3.443417521838095363701138,1.012700272217623407781712,-2.430717249620471955919426,0,True,False,12,6,6,0,0,"{""RANGING"": 2024, ""TRENDING_DOWN"": 72, ""TRENDING_UP"": 64}",17.97841500664294969396649305,53.03375487319479618265517151,86.39603236008089819635576563,485.9712926918468051550659871,32.1017757499201108503175476,-399.8472746571880331179962708,,90,30
FUTURES_LONG_SHORT_TARGET_R_2_5_1X,90D-40,2025-03-16T00:00:00+00:00,2025-06-13T23:59:59.999999+00:00,TRADE_EXIT_TIME,4.944861531018428737733188600,5.169014401456419107142857122,494.4861531018428737733188600,516.9014401456419107142857122,8,5,3,50.0,2.369605958848861009673775738,61.8107691377303592216648575,46.92579671660037583539434298,2.726011689565345783262563394,6.990740740740740740740740741,1.759259259259259259259259259,17.91406829009694778178571429,4.501218753702089159181138,0,-4.501218753702089159181138,0,True,False,8,4,4,0,0,"{""RANGING"": 2062, ""TRENDING_DOWN"": 30, ""TRENDING_UP"": 68}",27.20781108663175065912405146,79.41230183868781166084930056,100,261.7154948937257678503757039,-184.9089555291249964561671523,-361.0426414305711224375947707,RESULT_DEPENDS_ON_FEW_TRADES,90,30
FUTURES_LONG_SHORT_TARGET_R_2_5_1X,90D-41,2025-04-15T00:00:00+00:00,2025-07-13T23:59:59.999999+00:00,TRADE_EXIT_TIME,3.534247207765892413801185747,3.720066856348422471428571413,353.4247207765892413801185747,372.0066856348422471428571413,6,5,1,50.0,2.279802532394115494104618991,58.90412012943154023001976245,46.92579671660037583539434298,1.759203962021362406869387007,10.37037037037037037037037037,1.898148148148148148148148148,14.50373264047847387357142857,4.169502240488632553181138,0.091270022714100664014000,-4.078232217774531889167138,0,True,False,7,3,3,0,0,"{""RANGING"": 2060, ""TRENDING_DOWN"": 17, ""TRENDING_UP"": 83}",36.97234905497918456514566828,100,100,120.6540625684721354571754186,-276.1556660740783833638664852,-276.1556660740783833638664852,RESULT_DEPENDS_ON_FEW_TRADES,90,30
FUTURES_LONG_SHORT_TARGET_R_2_5_1X,90D-42,2025-05-15T00:00:00+00:00,2025-08-12T23:59:59.999999+00:00,TRADE_EXIT_TIME,1.229998444821371629200049174,1.457391493540138278571428569,122.9998444821371629200049174,145.7391493540138278571428569,6,5,1,50.0,1.455265301784022929419476180,20.49997408035619382000081957,14.56843641200932770933873298,1.853994116887945056466249320,12.91666666666666666666666667,1.898148148148148148148148148,15.04980779892995045392857143,7.780767095660815147223368,0.091270022714100664014000,-7.689497072946714483209368,0,True,False,6,3,3,0,0,"{""RANGING"": 2076, ""TRENDING_DOWN"": 17, ""TRENDING_UP"": 67}",36.25348354580250468439968663,100,100,-19.5385717000546685485450829,-270.1717965330203795954649333,-270.1717965330203795954649333,RESULT_DEPENDS_ON_FEW_TRADES,90,30
FUTURES_LONG_SHORT_TARGET_R_2_5_1X,90D-43,2025-06-14T00:00:00+00:00,2025-09-11T23:59:59.999999+00:00,TRADE_EXIT_TIME,1.406825467984583638370495644,1.630747221771824792857142856,140.6825467984583638370495644,163.0747221771824792857142856,6,5,1,50.0,1.557182666581699317337418258,23.44709113307639397284159407,23.40978757016992816786105646,1.0311731922054913133598600,12.40740740740740740740740741,1.898148148148148148148148148,15.08922553749030221964285714,7.394219863947913893035864,0.091270022714100664014000,-7.302949841233813229021864,0,True,False,6,3,3,0,0,"{""RANGING"": 2060, ""TRENDING_DOWN"": 15, ""TRENDING_UP"": 85}",36.25348354580250468439968663,100,100,-1.8558693837334676315004359,-252.4890942166991786784202863,-252.4890942166991786784202863,RESULT_DEPENDS_ON_FEW_TRADES,90,30
FUTURES_LONG_SHORT_TARGET_R_2_5_1X,90D-44,2025-07-14T00:00:00+00:00,2025-10-11T23:59:59.999999+00:00,TRADE_EXIT_TIME,4.590177648875840467051784223,4.814151626542351550000000006,459.0177648875840467051784223,481.4151626542351550000000006,6,5,1,66.66666666666666666666666667,4.072988621173008805806402497,76.50296081459734111752973705,125.3166124164828555234599252,0.8244935228250436763107194258,9.027777777777777777777777778,1.203703703703703703703703704,15.00317790270319440178571428,7.394219863947913893035864,0,-7.394219863947913893035864,0,True,False,6,2,4,0,0,"{""RANGING"": 2079, ""TRENDING_DOWN"": 11, ""TRENDING_UP"": 70}",35.37501629461046202534585604,81.68624573763107728046186180,100,243.7998660190074951730355649,-37.9528097038860176131178874,-149.3717749961500473424342858,RESULT_DEPENDS_ON_FEW_TRADES,90,30
FUTURES_LONG_SHORT_TARGET_R_2_5_1X,90D-45,2025-08-13T00:00:00+00:00,2025-11-10T23:59:59.999999+00:00,TRADE_EXIT_TIME,1.364896483830737374851694008,1.487380222899086057142857141,136.4896483830737374851694008,148.7380222899086057142857141,5,1,4,40.0,1.490732272990831884377769791,27.29792967661474749703388016,-64.59939015192417339359428548,1.049603731524884880687164994,1.203703703703703703703703704,2.870370370370370370370370370,11.62176775157318700428571429,1.006977514760120042082567,0.380371359498438817251968,-0.626606155261681224830599,0,True,False,5,3,2,0,0,"{""RANGING"": 2108, ""TRENDING_DOWN"": 25, ""TRENDING_UP"": 27}",51.90672624637915961389479392,100,100,-78.7282504855028140469734566,-278.1346487591283977027968527,-278.1346487591283977027968527,RESULT_DEPENDS_ON_FEW_TRADES,90,30
FUTURES_LONG_SHORT_TARGET_R_2_5_1X,90D-46,2025-09-12T00:00:00+00:00,2025-12-10T23:59:59.999999+00:00,TRADE_EXIT_TIME,1.998661033756484756701198943,2.151898663750001828571428565,199.8661033756484756701198943,215.1898663750001828571428565,8,1,7,37.500,1.430697856266345328694696860,24.98326292195605945876498679,-70.98050310518990435000000015,2.397199437869762424140737740,0.7870370370370370370370370370,12.17592592592592592592592593,19.23751740730525801714285715,0.753013018984741474202567,4.666767426938292304322462,3.913754407953550830119895,0,True,False,8,5,3,0,0,"{""RANGING"": 2101, ""TRENDING_DOWN"": 53, ""TRENDING_UP"": 6}",37.54885768988168965235077536,100,100,-49.4274748082262735817921243,-464.0517719504284087697583778,-464.0517719504284087697583778,RESULT_DEPENDS_ON_FEW_TRADES,90,30
FUTURES_LONG_SHORT_TARGET_R_2_5_1X,180D-1,2022-01-05T04:00:00+00:00,2022-06-29T23:59:59.999999+00:00,TRADE_EXIT_TIME,-2.708975727949790989410474102,-2.191190919595594592857142870,-270.8975727949790989410474102,-219.1190919595594592857142870,23,5,18,26.08695652173913043478260870,0.8241093288105858903911120995,-11.77815533891213473656727870,-81.43797904205562831032428607,8.256880049625654422379623304,4.786729857819905213270142180,18.10426540284360189573459716,50.09541409075750740250000001,5.437459103040229642041344,3.754392358378097389208221,-1.683066744662132252833123,0,False,False,25,17,6,0,0,"{""HIGH_VOLATILITY"": 31, ""RANGING"": 3906, ""TRENDING_DOWN"": 241, ""TRENDING_UP"": 42}",19.26257413657605524224239688,56.94823821095890011687588445,88.88839527979514870849752920,-515.3877758423647076756188386,-993.7130295801907478294897879,-1399.113441371323861280218556,,180,60
FUTURES_LONG_SHORT_TARGET_R_2_5_1X,180D-2,2022-03-02T00:00:00+00:00,2022-08-28T23:59:59.999999+00:00,TRADE_EXIT_TIME,0.8200715157912492738860930457,1.577608266282588207142857142,82.00715157912492738860930457,157.7608266282588207142857142,29,11,18,31.03448275862068965517241379,1.045310727967226785137572566,2.827832813073273358227907054,-76.28931201300810399736071544,4.374735699855045229056837690,10.09259259259259259259259259,10.94907407407407407407407407,65.98037086264710595107142858,12.409891255518498674503139,2.636587069031711299898158,-9.773304186486787374604981,0,True,False,29,20,9,0,0,"{""HIGH_VOLATILITY"": 31, ""RANGING"": 3941, ""TRENDING_DOWN"": 235, ""TRENDING_UP"": 113}",12.59989562379087574578651175,37.75736489401826398172980541,62.30290059321909009024261295,-156.3691310358590296056104094,-632.3210106144633216912929150,-1096.695774459410708699731241,RESULT_DEPENDS_ON_FEW_TRADES,180,60
FUTURES_LONG_SHORT_TARGET_R_2_5_1X,180D-3,2022-05-01T00:00:00+00:00,2022-10-27T23:59:59.999999+00:00,TRADE_EXIT_TIME,4.809520475574587551113201654,5.506518414359530535714285724,480.9520475574587551113201654,550.6518414359530535714285724,27,10,17,37.03703703703703703703703704,1.306330130679301297392691558,17.81303879842439833745630242,-75.70742621216456416543381775,3.709375029133558588149707925,10.09259259259259259259259259,9.513888888888888888888888889,61.08357875105593138750000001,11.342536691455999469239975,2.726321564017632396631568,-8.616215127438367072608407,0,True,False,29,17,10,0,0,"{""HIGH_VOLATILITY"": 31, ""RANGING"": 3907, ""TRENDING_DOWN"": 251, ""TRENDING_UP"": 131}",11.62245937947437188802408455,34.82833928624950299525389589,57.46975633677971029029917604,242.5757649424747981171004514,-233.3761146361294939685820542,-697.7508784810768809770203806,RESULT_DEPENDS_ON_FEW_TRADES,180,60
FUTURES_LONG_SHORT_TARGET_R_2_5_1X,180D-4,2022-06-30T00:00:00+00:00,2022-12-26T23:59:59.999999+00:00,TRADE_EXIT_TIME,-0.7227553493795364804758958538,-0.1200919911732586428571428488,-72.27553493795364804758958538,-12.00919911732586428571428488,21,8,13,28.57142857142857142857142857,0.9460204101869705378353127835,-3.441692139902554668932837399,-76.28931201300810399736071544,6.793093442347674603265442769,7.245370370370370370370370370,7.592592592592592592592592593,50.48724644798754770642857145,12.423586398216341266935087,2.644497025576105211488358,-9.779089372640236055446729,0,False,False,20,15,6,0,0,"{""RANGING"": 4057, ""TRENDING_DOWN"": 154, ""TRENDING_UP"": 109}",18.81918457943739642503359464,55.88861589916741914471223024,87.43899881899208711392232657,-310.6518175529376050418092994,-780.1978384949815183078321976,-1179.835929282649726282404391,,180,60
FUTURES_LONG_SHORT_TARGET_R_2_5_1X,180D-5,2022-08-29T00:00:00+00:00,2023-02-24T23:59:59.999999+00:00,TRADE_EXIT_TIME,-4.501135858047187847211281005,-4.287330631431414485714285720,-450.1135858047187847211281005,-428.7330631431414485714285720,8,2,6,12.500,0.2611636057739154301923569129,-56.26419822558984809014101256,-85.10328494578573978507124555,5.996783231840294455128939923,1.111111111111111111111111111,4.699074074074074074074074074,19.11984577375233661142857143,4.265489416707484965776366,2.004812528882485427505409,-2.260676887824999538270957,0,False,False,8,7,1,0,0,"{""RANGING"": 4225, ""TRENDING_DOWN"": 67, ""TRENDING_UP"": 28}",100,100,100,-609.2195637928789438093314743,-609.2195637928789438093314743,-609.2195637928789438093314743,,180,60
FUTURES_LONG_SHORT_TARGET_R_2_5_1X,180D-6,2022-10-28T00:00:00+00:00,2023-04-25T23:59:59.999999+00:00,TRADE_EXIT_TIME,-5.317796184419819741360353888,-5.066510458684229000000000016,-531.7796184419819741360353888,-506.6510458684229000000000016,9,4,5,11.11111111111111111111111111,0.2033624711297656767696900771,-59.08662427133133045955948764,-82.22039860910199366314249111,6.030073877243236427192696740,0.8333333333333333333333333333,3.217592592592592592592592593,21.36009574037440330000000000,4.710667714095362028193920,0.942190880910691192158533,-3.768476833184670836035387,0,False,False,8,8,1,0,0,"{""RANGING"": 4254, ""TRENDING_DOWN"": 39, ""TRENDING_UP"": 27}",100,100,100,-667.5302118846129377435553892,-667.5302118846129377435553892,-667.5302118846129377435553892,,180,60
FUTURES_LONG_SHORT_TARGET_R_2_5_1X,180D-7,2022-12-27T00:00:00+00:00,2023-06-24T23:59:59.999999+00:00,TRADE_EXIT_TIME,-0.7905917404658010553033778858,-0.6849617691981533714285714395,-79.05917404658010553033778858,-68.49617691981533714285714395,4,3,1,25.00,0.6319572663261185591187834862,-19.76479351164502638258444714,-64.4618102835101048350000004,1.502869433289217741135720740,0.6481481481481481481481481481,0.3935185185185185185185185185,9.648774493823621818571428571,0.969684232298540832480000,0.055461599357394263570784,-0.914222632941146568909216,0,False,False,4,3,1,0,0,"{""RANGING"": 4282, ""TRENDING_DOWN"": 7, ""TRENDING_UP"": 31}",100,100,100,-214.8097674892110691378577890,-214.8097674892110691378577890,-214.8097674892110691378577890,,180,60
FUTURES_LONG_SHORT_TARGET_R_2_5_1X,180D-8,2023-02-25T00:00:00+00:00,2023-08-23T23:59:59.999999+00:00,TRADE_EXIT_TIME,-0.6548696016295421603462350306,-0.5438824866845005428571428706,-65.48696016295421603462350306,-54.38824866845005428571428706,4,2,2,25.00,0.6745788298972012530953226945,-16.37174004073855400865587576,-57.67570334169716008714285765,1.147790672175010122566510530,0.62500,0.9027777777777777777777777778,9.683973343150198280000000000,1.470199750711357732480000,0.055461599357394263570784,-1.414738151353963468909216,0,False,False,4,3,1,0,0,"{""RANGING"": 4287, ""TRENDING_DOWN"": 12, ""TRENDING_UP"": 21}",100,100,100,-201.2375536055851796421435035,-201.2375536055851796421435035,-201.2375536055851796421435035,,180,60
FUTURES_LONG_SHORT_TARGET_R_2_5_1X,180D-9,2023-04-26T00:00:00+00:00,2023-10-22T23:59:59.999999+00:00,TRADE_EXIT_TIME,-0.5082858252310502515000000062,-0.4790967024368340000000000062,-50.82858252310502515000000062,-47.90967024368340000000000062,1,0,1,0,0E+26,-50.82858252310502515000000062,-50.82858252310502515000000062,0.5082858252310502515000000100,0,0.5092592592592592592592592593,2.41839676100880825000000,0.500515518412816900000000,0,-0.500515518412816900000000,0,False,False,1,1,0,0,0,"{""RANGING"": 4311, ""TRENDING_DOWN"": 5, ""TRENDING_UP"": 4}",0,0,0,-50.82858252310502515000000062,-50.82858252310502515000000062,-50.82858252310502515000000062,,180,60
FUTURES_LONG_SHORT_TARGET_R_2_5_1X,180D-10,2023-06-25T00:00:00+00:00,2023-12-21T23:59:59.999999+00:00,TRADE_EXIT_TIME,-1.195652503753873760328571438,-1.142977973861522914285714296,-119.5652503753873760328571438,-114.2977973861522914285714296,2,1,1,0,0E+25,-59.7826251876936880164285719,-59.7826251876936880164285719,1.195652503753873760328571440,0.02314814814814814814814814815,0.5092592592592592592592592593,4.766937470822267704285714286,0.500515518412816900000000,0,-0.500515518412816900000000,0,False,False,2,2,0,0,0,"{""RANGING"": 4301, ""TRENDING_DOWN"": 5, ""TRENDING_UP"": 14}",0,0,0,-119.5652503753873760328571438,-119.5652503753873760328571438,-119.5652503753873760328571438,,180,60
FUTURES_LONG_SHORT_TARGET_R_2_5_1X,180D-11,2023-08-24T00:00:00+00:00,2024-02-19T23:59:59.999999+00:00,TRADE_EXIT_TIME,-2.231194721463418510805657151,-2.175490144424724514285714294,-223.1194721463418510805657151,-217.5490144424724514285714294,3,2,1,0,0E+25,-74.3731573821139503601885717,-68.73666785228235088285714323,2.231194721463418510805657150,1.087962962962962962962962963,1.759259259259259259259259259,6.828015852922871485714285714,1.090934307551340000000000,2.348492456604811833720000,1.257558149053471833720000,0,False,False,3,3,0,0,0,"{""RANGING"": 4287, ""TRENDING_DOWN"": 8, ""TRENDING_UP"": 25}",0,0,0,-223.1194721463418510805657151,-223.1194721463418510805657151,-223.1194721463418510805657151,,180,60
FUTURES_LONG_SHORT_TARGET_R_2_5_1X,180D-12,2023-10-23T00:00:00+00:00,2024-04-19T23:59:59.999999+00:00,TRADE_EXIT_TIME,-4.997718822610454554055942875,-4.831562385146684085714285731,-499.7718822610454554055942875,-483.1562385146684085714285731,9,2,7,11.11111111111111111111111111,0.2681340321912113091358915644,-55.53020914011616171173269861,-92.35885015270052475171428603,4.997718822610454554055942880,1.087962962962962962962962963,3.402777777777777777777777778,19.34468135722281748428571429,1.090934307551340000000000,3.819971918397110650120000,2.729037610845770650120000,0,False,False,9,8,1,0,0,"{""RANGING"": 4247, ""TRENDING_DOWN"": 40, ""TRENDING_UP"": 33}",100,100,100,-682.8735099643526438984514299,-682.8735099643526438984514299,-682.8735099643526438984514299,,180,60
FUTURES_LONG_SHORT_TARGET_R_2_5_1X,180D-13,2023-12-22T00:00:00+00:00,2024-06-18T23:59:59.999999+00:00,TRADE_EXIT_TIME,-3.705045214610292153466001774,-3.445013107003293750000000012,-370.5045214610292153466001774,-344.5013107003293750000000012,11,2,9,18.18181818181818181818181818,0.5132207432021990750753225598,-33.6822292237299286678727434,-82.88450650215977892045714316,5.780329446659709089251669200,4.768518518518518518518518519,3.680555555555555555555555556,23.88919325979266187964285715,6.099436619733610005361829,3.985419118826431538404510,-2.114017500907178466957319,0,False,False,11,9,2,0,0,"{""RANGING"": 4233, ""TRENDING_DOWN"": 49, ""TRENDING_UP"": 38}",53.12658939639181350824455874,100,100,-578.0329446659709089251669199,-761.1345723692780974180240623,-761.1345723692780974180240623,,180,60
FUTURES_LONG_SHORT_TARGET_R_2_5_1X,180D-14,2024-02-20T00:00:00+00:00,2024-08-17T23:59:59.999999+00:00,TRADE_EXIT_TIME,-1.860714075152528970561790200,-1.520218137300491607142857144,-186.0714075152528970561790200,-152.0218137300491607142857144,15,1,14,26.66666666666666666666666667,0.8044111651182884598087788678,-12.4047605010168598037452680,-82.88450650215977892045714316,4.236501403719114087274583480,3.703703703703703703703703704,3.495370370370370370370370370,31.42678800051640787107142860,5.122797688908889033522097,2.499991904221560562700220,-2.622805784687328470821877,0,False,False,15,11,4,0,0,"{""HIGH_VOLATILITY"": 6, ""RANGING"": 4212, ""TRENDING_DOWN"": 75, ""TRENDING_UP"": 27}",28.73072136495699038863918753,79.77557667396686186993106338,100,-405.9384848432767626561790202,-796.5685357515256447276029051,-951.3396182751709485718886196,,180,60
FUTURES_LONG_SHORT_TARGET_R_2_5_1X,180D-15,2024-04-20T00:00:00+00:00,2024-10-16T23:59:59.999999+00:00,TRADE_EXIT_TIME,0.3728808949334084624868572191,0.6228933720220784214285714410,37.28808949334084624868572191,62.28933720220784214285714410,10,1,9,30.0,1.068433769975931414651052058,3.728808949334084624868572191,-69.09280539736554106714345945,2.344772746373117210131723597,3.703703703703703703703703704,2.523148148148148148148148148,21.21520759668234830964285715,5.122797688908889033522097,1.336757576724241448993532,-3.786040112184647584528565,0,True,False,10,7,3,0,0,"{""HIGH_VOLATILITY"": 6, ""RANGING"": 4235, ""TRENDING_DOWN"": 60, ""TRENDING_UP"": 19}",37.76703846064685907766286228,100,100,-182.5789878346830193513142783,-544.8784935632700167741667353,-544.8784935632700167741667353,RESULT_DEPENDS_ON_FEW_TRADES,180,60
FUTURES_LONG_SHORT_TARGET_R_2_5_1X,180D-16,2024-06-19T00:00:00+00:00,2024-12-15T23:59:59.999999+00:00,TRADE_EXIT_TIME,-0.1394598645183374747849704558,0.08625565843297703571428572580,-13.94598645183374747849704558,8.62556584329770357142857258,10,2,8,30.0,0.9739725992114005703313199443,-1.394598645183374747849704558,-61.5220422309061981852119772,2.358663336852420060210187375,1.550925925925925925925925926,2.291666666666666666666666667,21.26941062147968210464285715,2.473452049946689505991783,1.171310376294920560709022,-1.302141673651768945282761,0,False,False,10,7,3,0,0,"{""HIGH_VOLATILITY"": 6, ""RANGING"": 4217, ""TRENDING_DOWN"": 55, ""TRENDING_UP"": 42}",42.13034593127065439194096608,100,100,-233.8130637798576130784970458,-535.8194068284526632767323423,-535.8194068284526632767323423,,180,60
FUTURES_LONG_SHORT_TARGET_R_2_5_1X,180D-17,2024-08-18T00:00:00+00:00,2025-02-13T23:59:59.999999+00:00,TRADE_EXIT_TIME,1.406104228479319159925241427,1.597559765242024164285714294,140.6104228479319159925241427,159.7559765242024164285714294,10,2,8,40.0,1.294829577802057615155202472,14.06104228479319159925241427,-54.4923102356991229232938924,1.877871778574149674639889684,1.550925925925925925925925926,4.768518518518518518518518519,20.84174546083207773821428571,2.559162172212253845838815,4.255353956773831148005814,1.696191784561577302166999,0,True,False,10,6,4,0,0,"{""HIGH_VOLATILITY"": 13, ""RANGING"": 4210, ""TRENDING_DOWN"": 55, ""TRENDING_UP"": 42}",27.89972978136019864283421802,77.01396777010934406171942487,100,-31.6791809046181292259911213,-334.9750431944172718559407033,-476.9210195807925349706893929,RESULT_DEPENDS_ON_FEW_TRADES,180,60
FUTURES_LONG_SHORT_TARGET_R_2_5_1X,180D-18,2024-10-17T00:00:00+00:00,2025-04-14T23:59:59.999999+00:00,TRADE_EXIT_TIME,3.738211543886219410639536086,4.060179532239100485714285707,373.8211543886219410639536086,406.0179532239100485714285707,17,2,15,41.17647058823529411764705882,1.411310994680708389138128620,21.98947966991893770964432992,-82.24693615710206607857142829,2.795238291696454217096987132,1.550925925925925925925925926,7.638888888888888888888888889,34.17785667303260648214285714,2.978751256951975878426319,4.959809094696474853094214,1.981057837744498974667895,0,True,False,17,10,7,0,0,"{""HIGH_VOLATILITY"": 13, ""RANGING"": 4150, ""TRENDING_DOWN"": 110, ""TRENDING_UP"": 47}",17.76921611551402407780989311,51.85593079000430884451304979,77.45481358919159425433460588,145.9000451284416182261337399,-291.3213702193085043694943638,-619.6715757367079458640096278,RESULT_DEPENDS_ON_FEW_TRADES,180,60
FUTURES_LONG_SHORT_TARGET_R_2_5_1X,180D-19,2024-12-16T00:00:00+00:00,2025-06-13T23:59:59.999999+00:00,TRADE_EXIT_TIME,8.210665773832010183311039846,8.601440848841282921428571411,821.0665773832010183311039846,860.1440848841282921428571411,19,5,14,47.36842105263157894736842105,1.869817669304583740933223299,43.21403038858952728058442024,-82.28209246824537431063893245,3.294795885995828404176999481,3.495370370370370370370370370,7.592592592592592592592592593,39.24821977140321071107142857,4.789096824220537953775942,4.959809094696474853094214,0.170712270475936899318272,0,True,False,19,10,9,0,0,"{""HIGH_VOLATILITY"": 13, ""RANGING"": 4126, ""TRENDING_DOWN"": 108, ""TRENDING_UP"": 73}",13.18799661054586658040942512,38.90270523034341973644625306,63.37547450697727260737547726,588.2959191750839124081608285,134.4264022331572181034123890,-297.5226481739509258649014294,,180,60
FUTURES_LONG_SHORT_TARGET_R_2_5_1X,180D-20,2025-02-14T00:00:00+00:00,2025-08-12T23:59:59.999999+00:00,TRADE_EXIT_TIME,8.417417953821010739980140607,8.921156981548034671428571404,841.7417953821010739980140607,892.1156981548034671428571404,18,9,9,50.0,1.994787038542881361646041037,46.76343307678339299988967004,14.56843641200932770933873298,3.353061059659217377346052552,9.097222222222222222222222222,4.490740740740740740740740741,40.25368845013520670571428571,11.224184617498910510924506,1.103970294931724071795712,-10.120214322567186439128794,0,True,False,18,9,9,0,0,"{""RANGING"": 4100, ""TRENDING_DOWN"": 89, ""TRENDING_UP"": 131}",13.79059241982691110139984336,40.68027674736630738755046602,66.27127410997106313883753104,608.9711371739839680750709046,155.1016202320572737703224651,-276.8474301750508701979913533,,180,60
FUTURES_LONG_SHORT_TARGET_R_2_5_1X,180D-21,2025-04-15T00:00:00+00:00,2025-10-11T23:59:59.999999+00:00,TRADE_EXIT_TIME,8.124424856641732880852969970,8.534218482890774021428571419,812.4424856641732880852969970,853.4218482890774021428571419,12,10,2,58.33333333333333333333333333,2.909259914286206892341240026,67.70354047201444067377474975,125.3166124164828555234599252,1.759203962021362406869387007,9.699074074074074074074074074,1.550925925925925925925925926,29.50691054318166827535714285,11.563722104436546446217002,0.091270022714100664014000,-11.472452081722445782203002,0,True,False,13,5,7,0,0,"{""RANGING"": 4139, ""TRENDING_DOWN"": 28, ""TRENDING_UP"": 153}",18.80261007810866758742497253,54.01299218807724956758679341,79.75449811659783428073122291,579.6718274560561821623538409,143.7778858463752377905966981,-174.8942162372627196593809206,,180,60
FUTURES_LONG_SHORT_TARGET_R_2_5_1X,180D-22,2025-06-14T00:00:00+00:00,2025-12-10T23:59:59.999999+00:00,TRADE_EXIT_TIME,3.405486501741068395071694587,3.782645885521826621428571421,340.5486501741068395071694587,378.2645885521826621428571421,14,6,8,42.85714285714285714285714286,1.475267589405956524882197561,24.32490358386477425051210419,-64.2843960832505734753685714,2.365357114468236779743660247,6.597222222222222222222222222,7.037037037037037037037037037,34.32674294479556023678571429,8.147232882932655367238431,4.758037449652392968336462,-3.389195433280262398901969,0,True,False,14,8,6,0,0,"{""RANGING"": 4161, ""TRENDING_DOWN"": 68, ""TRENDING_UP"": 91}",23.58301490366889453537850840,62.80621130592694944462332378,89.45983631756145781438328819,91.2550719902320902552574401,-323.3692251519700449327088134,-605.1219008748635577188622657,RESULT_DEPENDS_ON_FEW_TRADES,180,60
FUTURES_LONG_SHORT_TARGET_R_2_5_1X,365D-1,2022-01-05T04:00:00+00:00,2022-12-31T23:59:59.999999+00:00,TRADE_EXIT_TIME,-3.431731077329327469886369956,-2.311282910768853235714285718,-343.1731077329327469886369956,-231.1282910768853235714285718,44,13,31,27.27272727272727272727272727,0.8808049829718453250335929996,-7.799388812112107886105386264,-78.86364552753186615384250075,8.256880049625654422379623304,5.946882217090069284064665127,12.60969976905311778290993072,100.5826605387450551089285714,17.861045501256570908976431,6.398889383954202600696579,-11.462156117302368308279852,0,False,False,45,32,12,0,0,"{""HIGH_VOLATILITY"": 31, ""RANGING"": 8083, ""TRENDING_DOWN"": 395, ""TRENDING_UP"": 151}",9.641099182730392126283455190,28.52206337443529570431632361,47.29050161870687487782196586,-587.6633107803183557232084240,-1066.468754170956948962201153,-1542.420633749561241047883659,,365,90
FUTURES_LONG_SHORT_TARGET_R_2_5_1X,365D-2,2022-04-01T00:00:00+00:00,2023-03-31T23:59:59.999999+00:00,TRADE_EXIT_TIME,-2.250707587427385169111451192,-1.249314441835711750000000008,-225.0707587427385169111451192,-124.9314441835711750000000008,38,14,24,28.94736842105263157894736842,0.9066800503291671850568604765,-5.9229147037562767608196084,-79.2548553110550488302516033,8.261260040397266587839768792,5.388127853881278538812785388,6.735159817351598173515981735,87.40736889162455730178571430,16.400458112471108198149505,3.668512444928323588790101,-12.731945667542784609359404,0,False,False,39,27,11,0,0,"{""HIGH_VOLATILITY"": 31, ""RANGING"": 8272, ""TRENDING_DOWN"": 301, ""TRENDING_UP"": 156}",10.90095140641728075125732824,32.66623885097114834381255905,53.90210459864043654517880461,-463.4470413577224739053648332,-939.3989209363267659910473388,-1403.773684781274152999485665,,365,90
FUTURES_LONG_SHORT_TARGET_R_2_5_1X,365D-3,2022-06-30T00:00:00+00:00,2023-06-29T23:59:59.999999+00:00,TRADE_EXIT_TIME,-1.513347089845337535779273740,-0.8050537603714120142857142885,-151.3347089845337535779273740,-80.50537603714120142857142885,25,11,14,28.00,0.9026004531850898221211072596,-6.05338835938135014311709496,-73.15910073473899650998367987,8.204069455329362083146520034,3.892694063926940639269406393,3.938356164383561643835616438,60.13602094181116952500000002,13.393270630514882099415087,2.699958624933499475059142,-10.693312005581382624355945,0,False,False,24,18,7,0,0,"{""RANGING"": 8459, ""TRENDING_DOWN"": 161, ""TRENDING_UP"": 140}",16.99753271903483186144458098,50.47873213410333804456369476,78.97511377668296953155498988,-389.7109915995177105721470880,-859.2570125415616238381699862,-1258.895103329229831812742180,,365,90
FUTURES_LONG_SHORT_TARGET_R_2_5_1X,365D-4,2022-09-28T00:00:00+00:00,2023-09-27T23:59:59.999999+00:00,TRADE_EXIT_TIME,-5.826082009650869992860353894,-5.545607161121063000000000022,-582.6082009650869992860353894,-554.5607161121063000000000022,10,4,6,10.0,0.1889732463769117254703554238,-58.26082009650869992860353894,-77.6897496719204950865630855,6.030073877243236427192696740,0.8561643835616438356164383562,1.837899543378995433789954338,23.77849250138321155000000000,5.211183232508178928193920,0.942190880910691192158533,-4.268992351597487736035387,0,False,False,10,9,1,0,0,"{""RANGING"": 8667, ""TRENDING_DOWN"": 44, ""TRENDING_UP"": 49}",100,100,100,-718.3587944077179628935553898,-718.3587944077179628935553898,-718.3587944077179628935553898,,365,90
FUTURES_LONG_SHORT_TARGET_R_2_5_1X,365D-5,2022-12-27T00:00:00+00:00,2023-12-26T23:59:59.999999+00:00,TRADE_EXIT_TIME,-1.986244244219674815631949324,-1.827939743059676285714285735,-198.6244244219674815631949324,-182.7939743059676285714285735,6,4,2,16.66666666666666666666666667,0.4059830615025243942396290764,-33.10407073699458026053248873,-64.4618102835101048350000004,1.986244244219674815631949330,0.3310502283105022831050228311,0.4452054794520547945205479452,14.41571196464588952285714286,1.470199750711357732480000,0.055461599357394263570784,-1.414738151353963468909216,0,False,False,6,5,1,0,0,"{""RANGING"": 8703, ""TRENDING_DOWN"": 12, ""TRENDING_UP"": 45}",100,100,100,-334.3750178645984451707149328,-334.3750178645984451707149328,-334.3750178645984451707149328,,365,90
FUTURES_LONG_SHORT_TARGET_R_2_5_1X,365D-6,2023-03-27T00:00:00+00:00,2024-03-25T23:59:59.999999+00:00,TRADE_EXIT_TIME,-4.619333428451417315158514305,-4.494323959053393328571428591,-461.9333428451417315158514305,-449.4323959053393328571428591,6,2,4,0,0E+25,-76.98889047419028858597523842,-80.54775900249143781728571465,4.619333428451417315158514310,0.5365296803652968036529680365,1.381278538812785388127853881,13.78906251875897818642857143,1.591449825964156900000000,2.879565404920736427720000,1.288115578956579527720000,0,False,False,6,6,0,0,0,"{""RANGING"": 8700, ""TRENDING_DOWN"": 29, ""TRENDING_UP"": 31}",0,0,0,-461.9333428451417315158514305,-461.9333428451417315158514305,-461.9333428451417315158514305,,365,90
FUTURES_LONG_SHORT_TARGET_R_2_5_1X,365D-7,2023-06-25T00:00:00+00:00,2024-06-23T23:59:59.999999+00:00,TRADE_EXIT_TIME,-4.900697718364165913794573213,-4.587991080864816664285714309,-490.0697718364165913794573213,-458.7991080864816664285714309,13,3,10,15.38461538461538461538461538,0.4435450545350015910861850961,-37.69767475664743010611210164,-76.16449655900073381214285682,6.975981950413582849580240640,2.363013698630136986301369863,2.066210045662100456621004566,28.65613073061492958392857144,6.599952138146426905361829,3.985419118826431538404510,-2.614533019319995366957319,0,False,False,13,11,2,0,0,"{""RANGING"": 8654, ""TRENDING_DOWN"": 54, ""TRENDING_UP"": 52}",53.12658939639181350824455874,100,100,-697.5981950413582849580240638,-880.6998227446654734508812062,-880.6998227446654734508812062,,365,90
FUTURES_LONG_SHORT_TARGET_R_2_5_1X,365D-8,2023-09-23T00:00:00+00:00,2024-09-21T23:59:59.999999+00:00,TRADE_EXIT_TIME,-4.091908796615947481367447350,-3.695708281725216121428571438,-409.1908796615947481367447350,-369.5708281725216121428571438,18,3,15,22.22222222222222222222222222,0.6515920537387672317415409927,-22.73282664786637489648581861,-79.5245015305802563663000000,6.467696125182532598080240640,2.363013698630136986301369863,2.591324200913242009132420091,38.25480385343927935678571431,6.213731996460229033522097,4.848484360826372396420220,-1.365247635633856637101877,0,False,False,18,14,4,0,0,"{""HIGH_VOLATILITY"": 6, ""RANGING"": 8611, ""TRENDING_DOWN"": 91, ""TRENDING_UP"": 52}",28.73072136495699038863918753,79.77557667396686186993106338,100,-629.0579569896186137367447352,-1019.688007897867495808168620,-1174.459090421512799652454335,,365,90
FUTURES_LONG_SHORT_TARGET_R_2_5_1X,365D-9,2023-12-22T00:00:00+00:00,2024-12-20T23:59:59.999999+00:00,TRADE_EXIT_TIME,-3.241841849115955180976686516,-2.718262249440526542857142860,-324.1841849115955180976686516,-271.8262249440526542857142860,23,4,19,26.08695652173913043478260870,0.7672341838817790169472601804,-14.09496456137371817815950659,-76.16449655900073381214285682,5.780329446659709089251669200,3.116438356164383561643835616,3.264840182648401826484018265,49.38599746462254767571428574,8.572888669680299511353612,5.600926166759983375113532,-2.971962502920316136240080,0,False,False,24,17,6,0,0,"{""HIGH_VOLATILITY"": 6, ""RANGING"": 8553, ""TRENDING_DOWN"": 121, ""TRENDING_UP"": 80}",20.57593764129800447966081906,57.13247746519249509990115029,86.22120430226187140899960032,-544.0512622396193836976686518,-934.6813131478682657690925367,-1245.512997436362965889378251,,365,90
FUTURES_LONG_SHORT_TARGET_R_2_5_1X,365D-10,2024-03-21T00:00:00+00:00,2025-03-20T23:59:59.999999+00:00,TRADE_EXIT_TIME,2.844980088382495372156821882,3.425014984006417514285714297,284.4980088382495372156821882,342.5014984006417514285714297,28,3,25,35.71428571428571428571428571,1.185039865477113181505902753,10.16064317279462632913150672,-73.49886512860390220121488785,3.325492604434427195173867421,2.591324200913242009132420091,5.125570776255707762557077626,57.47063031464189643142857146,7.769832432647408305948416,7.236973184897090524487746,-0.532859247750317781460670,0,True,False,28,18,10,0,0,"{""HIGH_VOLATILITY"": 19, ""RANGING"": 8509, ""TRENDING_DOWN"": 158, ""TRENDING_UP"": 74}",12.50943406056850391828556850,36.17252731949090390313220404,57.61223020517258245506934172,56.5768995780692143778623195,-374.5631854159584023508372136,-765.1932363242072844222610988,RESULT_DEPENDS_ON_FEW_TRADES,365,90
FUTURES_LONG_SHORT_TARGET_R_2_5_1X,365D-11,2024-06-19T00:00:00+00:00,2025-06-18T23:59:59.999999+00:00,TRADE_EXIT_TIME,8.071205909313672708526069390,8.687696507274259957142857137,807.1205909313672708526069390,868.7696507274259957142857137,29,7,22,41.37931034482758620689655172,1.545435805674693694312000250,27.83174451487473347767610134,-67.352377096524011544000000,3.299126687824860211869858199,2.488584474885844748858447489,4.874429223744292237442922374,60.51763039288289281571428572,7.262548874167227459767725,6.131119470991395413803236,-1.131429403175832045964489,0,True,False,29,17,12,0,0,"{""HIGH_VOLATILITY"": 19, ""RANGING"": 8463, ""TRENDING_DOWN"": 163, ""TRENDING_UP"": 115}",10.17846955244717536497707640,30.02503051739018569293763840,49.28886200148801939308440405,574.3499327232501649296637829,120.4804157813234706249153434,-320.0627042878047878146989420,,365,90
FUTURES_LONG_SHORT_TARGET_R_2_5_1X,365D-12,2024-09-17T00:00:00+00:00,2025-09-16T23:59:59.999999+00:00,TRADE_EXIT_TIME,9.177528280781088165969439178,9.905257632343318207142857131,917.7528280781088165969439178,990.5257632343318207142857131,29,12,17,44.82758620689655172413793103,1.661360938597916128392407775,31.64664924407271781368772130,-55.69170736528838482642395439,3.308497350409095120387717284,5.547945205479452054794520548,4.566210045662100456621004566,63.58978604654003701249999999,14.542473361388522324643321,5.359324251705555219801526,-9.183149109682967104841795,0,True,False,29,16,13,0,0,"{""HIGH_VOLATILITY"": 13, ""RANGING"": 8411, ""TRENDING_DOWN"": 136, ""TRENDING_UP"": 200}",10.09664412229217302825940186,29.78365719256535075908007317,48.51984960829195780141100468,684.9821698699917106740007617,231.1126529280650163692523222,-200.8363974790431275990614962,,365,90
FUTURES_LONG_SHORT_TARGET_R_2_5_1X,365D-13,2024-12-16T00:00:00+00:00,2025-12-15T23:59:59.999999+00:00,TRADE_EXIT_TIME,11.61615227557307857838273444,12.38408673436310954285714284,1161.615227557307857838273444,1238.408673436310954285714284,33,11,22,45.45454545454545454545454545,1.699560287350162198224172590,35.20046144113054114661434679,-64.59939015192417339359428548,3.294795885995828404176999481,4.977168949771689497716894977,7.214611872146118721461187215,73.57496271619877094785714286,12.936329707153193321014373,9.717846544348867821430676,-3.218483162804325499583697,0,True,False,33,18,15,0,0,"{""HIGH_VOLATILITY"": 13, ""RANGING"": 8407, ""TRENDING_DOWN"": 176, ""TRENDING_UP"": 164}",8.833592630939065156583779099,25.15797383597999088526009257,40.98388673271140443603167894,912.3216493734331085863614254,451.6298819051356798255984006,5.005431482284915519055544,,365,90
