configuration,period_type,period,scenario,net_return_percent,net_pnl,gross_pnl,trades,costs,funding,warning
FUTURES_LONG_BASELINE_1X,YEAR,2022,LOW_COST,-2.770660177818623138648347551,-277.0660177818623138648347551,-254.8865105296620492857142827,13,14.96398233611029625517857142,-7.215524916089968323941901,
FUTURES_LONG_BASELINE_1X,YEAR,2022,BASE_COST,-3.146994471590809505808094876,-314.6994471590809505808094876,-277.7652223375061042857142827,13,29.76914664635815773785714285,-7.165078175216688557238062,
FUTURES_LONG_BASELINE_1X,YEAR,2022,HIGH_COST,-3.887149471496006317536469816,-388.7149471496006317536469816,-322.7304695388772142857142829,13,58.91762475998027490571428572,-7.066852850743142562218413,
FUTURES_LONG_BASELINE_1X,YEAR,2022,STRESS_COST,-5.296024048085618805339219326,-529.6024048085618805339219326,-407.4330801157141142857142830,13,115.2813023795176133714285715,-6.888022313330152876779078,
FUTURES_LONG_BASELINE_1X,YEAR,2023,LOW_COST,-0.7966028345659191121082428621,-79.66028345659191121082428621,-73.83520149024430642857142910,4,4.839963736767959290892857143,-0.985118229579645491360000,
FUTURES_LONG_BASELINE_1X,YEAR,2023,BASE_COST,-0.9082122044430904561014714339,-90.82122044430904561014714339,-80.20584580109252142857142909,4,9.634779126704236009285714285,-0.980595516512288172290000,
FUTURES_LONG_BASELINE_1X,YEAR,2023,HIGH_COST,-1.128360457687287112670114291,-112.8360457687287112670114291,-92.77248153009914571428571480,4,19.09186872108185925428571428,-0.971695517547706298440000,
FUTURES_LONG_BASELINE_1X,YEAR,2023,STRESS_COST,-1.557207921385109578864100005,-155.7207921385109578864100005,-117.2615499367117600000000005,4,37.50455226834129535999999999,-0.954689933457902526410000,
FUTURES_LONG_BASELINE_1X,YEAR,2024,LOW_COST,1.543924321326283425077933388,154.3924321326283425077933388,164.9736669292935549999999998,4,4.791494708277376708749999999,-5.789740088387835783456661,
FUTURES_LONG_BASELINE_1X,YEAR,2024,BASE_COST,1.428261338495189848789677735,142.8261338495189848789677735,158.0845719346487014285714283,4,9.510672876483482650714285715,-5.747765208646233898889369,
FUTURES_LONG_BASELINE_1X,YEAR,2024,HIGH_COST,1.173877395172883646430247856,117.3877395172883646430247856,141.6707239428061485714285713,4,18.65631977754307202857142857,-5.626664647974711899832357,
FUTURES_LONG_BASELINE_1X,YEAR,2024,STRESS_COST,0.6937908386650346995898818555,69.37908386650346995898818555,110.7155301261017714285714285,4,35.93736100985601218285714286,-5.399085249742289286726100,
FUTURES_LONG_BASELINE_1X,YEAR,2025,LOW_COST,3.590177323912740530294283529,359.0177323912740530294283529,385.8335886204562000000000007,12,15.10969272943627395999999999,-11.706163499745873010571648,
FUTURES_LONG_BASELINE_1X,YEAR,2025,BASE_COST,3.191130996791833010173534274,319.1130996791833010173534274,360.6637805411689514285714291,12,29.95178538684694002571428571,-11.598895475138710385503716,
FUTURES_LONG_BASELINE_1X,YEAR,2025,HIGH_COST,2.413359535586644971064181507,241.3359535586644971064181507,311.5600930165717400000000007,12,58.83849227314986446000000000,-11.385647184757378433581850,
FUTURES_LONG_BASELINE_1X,YEAR,2025,STRESS_COST,0.9394046005060423524048795844,93.94046005060423524048795844,218.5496393871412914285714293,12,113.6285540579240944228571429,-10.980625278612961765226328,
FUTURES_LONG_BASELINE_1X,ROLLING,90D-1,LOW_COST,-1.341375363528823038989571434,-134.1375363528823038989571434,-129.8256258812754357142857149,2,2.460575838723900441071428571,-1.851334632882967743600000,
FUTURES_LONG_BASELINE_1X,ROLLING,90D-1,BASE_COST,-1.399698484949129778885542863,-139.9698484949129778885542863,-133.2008023137168528571428577,2,4.918727317097308813571428571,-1.850318864098816217840000,
FUTURES_LONG_BASELINE_1X,ROLLING,90D-1,HIGH_COST,-1.516171433629951971136357149,-151.6171433629951971136357149,-139.9410828565329828571428577,2,9.827770282915232137142857143,-1.848290223546982119350000,
FUTURES_LONG_BASELINE_1X,ROLLING,90D-1,STRESS_COST,-1.748426373117090200559714292,-174.8426373117090200559714292,-153.3814846626491371428571434,2,19.61690814085853980571428571,-1.844244508201343107400000,
FUTURES_LONG_BASELINE_1X,ROLLING,90D-2,LOW_COST,-1.341375363528823038989571434,-134.1375363528823038989571434,-129.8256258812754357142857149,2,2.460575838723900441071428571,-1.851334632882967743600000,
FUTURES_LONG_BASELINE_1X,ROLLING,90D-2,BASE_COST,-1.399698484949129778885542863,-139.9698484949129778885542863,-133.2008023137168528571428577,2,4.918727317097308813571428571,-1.850318864098816217840000,
FUTURES_LONG_BASELINE_1X,ROLLING,90D-2,HIGH_COST,-1.516171433629951971136357149,-151.6171433629951971136357149,-139.9410828565329828571428577,2,9.827770282915232137142857143,-1.848290223546982119350000,
FUTURES_LONG_BASELINE_1X,ROLLING,90D-2,STRESS_COST,-1.748426373117090200559714292,-174.8426373117090200559714292,-153.3814846626491371428571434,2,19.61690814085853980571428571,-1.844244508201343107400000,
FUTURES_LONG_BASELINE_1X,ROLLING,90D-3,LOW_COST,-0.7839564089380553306248571465,-78.39564089380553306248571465,-75.92858279322242857142857179,1,1.224050111413508392857142857,-1.243007989169596098200000,
FUTURES_LONG_BASELINE_1X,ROLLING,90D-3,BASE_COST,-0.8128082207638347343843142894,-81.28082207638347343843142894,-77.59208541492031428571428608,1,2.446531680323948642857142857,-1.242204981139210509860000,
FUTURES_LONG_BASELINE_1X,ROLLING,90D-3,HIGH_COST,-0.8704000918802921777499000036,-87.04000918802921777499000036,-80.91260896614780000000000036,1,4.88679879340716900000000,-1.240601428474248774990000,
FUTURES_LONG_BASELINE_1X,ROLLING,90D-3,STRESS_COST,-0.9851383883957181352034000036,-98.51383883957181352034000036,-87.52781917474960000000000036,1,9.74861556184901600000000,-1.237404102973197520340000,
FUTURES_LONG_BASELINE_1X,ROLLING,90D-4,LOW_COST,-2.695767471686809190790877102,-269.5767471686809190790877102,-265.8811230447980357142857137,3,3.229534362042929948571428572,-0.466089761839953416230568,
FUTURES_LONG_BASELINE_1X,ROLLING,90D-4,BASE_COST,-2.764156186924468811534427150,-276.4156186924468811534427150,-269.5097576015698642857142851,3,6.442101913390004327857142858,-0.463759177487012539871287,
FUTURES_LONG_BASELINE_1X,ROLLING,90D-4,HIGH_COST,-2.899991563892851717015461497,-289.9991563892851717015461497,-276.7227323147459228571428566,3,12.81724297487394259714285714,-0.459181099665306247260436,
FUTURES_LONG_BASELINE_1X,ROLLING,90D-4,STRESS_COST,-3.143879917267325844779557776,-314.3879917267325844779557776,-288.7569642031685142857142851,3,25.17424849279510553142857143,-0.456779030768964660812921,
FUTURES_LONG_BASELINE_1X,ROLLING,90D-5,LOW_COST,1.165629031423484088590282455,116.5629031423484088590282455,126.9504379339611142857142881,8,8.912959036515275733571428572,-1.474575755097429693114614,STRESS_COLLAPSE
FUTURES_LONG_BASELINE_1X,ROLLING,90D-5,BASE_COST,0.9154719574452083695499903840,91.5471957445208369549990384,110.7256770470882900000000024,8,17.71431783569670135500000000,-1.464163466870751690000964,STRESS_COLLAPSE
FUTURES_LONG_BASELINE_1X,ROLLING,90D-5,HIGH_COST,0.4252331478052017327249130380,42.5233147805201732724913038,78.9596688127631457142857165,8,34.99253734949017806571428572,-1.443816682752794376080127,STRESS_COLLAPSE
FUTURES_LONG_BASELINE_1X,ROLLING,90D-5,STRESS_COST,-0.4923230887293312903275421830,-49.2323088729331290327542183,20.3093837251567771428571451,8,68.13008327808036523428571430,-1.411609320009540941325649,STRESS_COLLAPSE
FUTURES_LONG_BASELINE_1X,ROLLING,90D-6,LOW_COST,-0.6045269950222704410687761171,-60.45269950222704410687761171,-44.44021662359165357142856784,10,11.29788545075702579410714286,-4.714597427878364741341901,
FUTURES_LONG_BASELINE_1X,ROLLING,90D-6,BASE_COST,-0.8969568989288990494250520128,-89.69568989288990494250520128,-62.57914501967817142857142504,10,22.44882835195849250428571428,-4.667716521253241009648062,
FUTURES_LONG_BASELINE_1X,ROLLING,90D-6,HIGH_COST,-1.470038997710018673652612667,-147.0038997710018673652612667,-98.10351334895567142857142517,10,44.32385088357494988857142858,-4.576535538471246048118413,
FUTURES_LONG_BASELINE_1X,ROLLING,90D-6,STRESS_COST,-2.547378152627066021684505034,-254.7378152627066021684505034,-164.0525407151651371428571396,10,86.27397284469651292571428573,-4.411301702844952099879078,
FUTURES_LONG_BASELINE_1X,ROLLING,90D-7,LOW_COST,2.091240476664538749722100986,209.1240476664538749722100986,221.4409064212063821428571459,7,8.068351088714095845535714286,-4.248507666038411325111333,
FUTURES_LONG_BASELINE_1X,ROLLING,90D-7,BASE_COST,1.867199287995569762109375137,186.7199287995569762109375137,206.9306125818916928571428601,7,16.00672643856848817642857142,-4.203957343766228469776775,
FUTURES_LONG_BASELINE_1X,ROLLING,90D-7,HIGH_COST,1.429952566182833043362848830,142.9952566182833043362848830,178.6192189657902514285714314,7,31.50660790870100729142857144,-4.117354438805939800857977,
FUTURES_LONG_BASELINE_1X,ROLLING,90D-7,STRESS_COST,0.5965017646402598230950527418,59.65017646402598230950527418,124.7044234880033771428571456,7,61.09972435190140739428571430,-3.954522672075987439066157,
FUTURES_LONG_BASELINE_1X,ROLLING,90D-8,LOW_COST,-1.770156026445754529659058572,-177.0156026445754529659058572,-171.3906545575527678571428559,2,2.384926414241750060535714286,-3.240021672780935048227287,
FUTURES_LONG_BASELINE_1X,ROLLING,90D-8,BASE_COST,-1.812428856374107418975042397,-181.2428856374107418975042397,-173.3048220667664614285714274,2,4.734510516261791149285714286,-3.203553054382489319647098,
FUTURES_LONG_BASELINE_1X,ROLLING,90D-8,HIGH_COST,-1.895272145515220406377525705,-189.5272145515220406377525705,-177.0631821617188171428571417,2,9.331313534084771822857142858,-3.132718855718451672038286,
FUTURES_LONG_BASELINE_1X,ROLLING,90D-8,STRESS_COST,-2.055055063897734731356962851,-205.5055063897734731356962851,-184.3619244403219142857142846,2,18.14388956661614769142857143,-2.999692382835411158553429,
FUTURES_LONG_BASELINE_1X,ROLLING,90D-9,LOW_COST,-0.824757819267529658590000,-82.475781926752965859000000,-80.6206680247949600,1,1.20552104662937002,-0.649592855328635839000000,
FUTURES_LONG_BASELINE_1X,ROLLING,90D-9,BASE_COST,-0.850339087712780677497500,-85.033908771278067749750000,-81.985275004111080,1,2.40159097730235642,-0.647042789864631329750000,
FUTURES_LONG_BASELINE_1X,ROLLING,90D-9,HIGH_COST,-0.900939040156035672747500,-90.093904015603567274750000,-84.685873333388560,1,4.76600359349009288,-0.642027088724914394750000,
FUTURES_LONG_BASELINE_1X,ROLLING,90D-9,STRESS_COST,-1.000219522341462583095000,-100.021952234146258309500000,-89.999054737899840,1,9.39042139396256064,-0.632476102283857669500000,
FUTURES_LONG_BASELINE_1X,ROLLING,90D-10,LOW_COST,-0.824757819267529658590000,-82.475781926752965859000000,-80.6206680247949600,1,1.20552104662937002,-0.649592855328635839000000,
FUTURES_LONG_BASELINE_1X,ROLLING,90D-10,BASE_COST,-0.850339087712780677497500,-85.033908771278067749750000,-81.985275004111080,1,2.40159097730235642,-0.647042789864631329750000,
FUTURES_LONG_BASELINE_1X,ROLLING,90D-10,HIGH_COST,-0.900939040156035672747500,-90.093904015603567274750000,-84.685873333388560,1,4.76600359349009288,-0.642027088724914394750000,
FUTURES_LONG_BASELINE_1X,ROLLING,90D-10,STRESS_COST,-1.000219522341462583095000,-100.021952234146258309500000,-89.999054737899840,1,9.39042139396256064,-0.632476102283857669500000,
FUTURES_LONG_BASELINE_1X,ROLLING,90D-11,LOW_COST,-0.824757819267529658590000,-82.475781926752965859000000,-80.6206680247949600,1,1.20552104662937002,-0.649592855328635839000000,
FUTURES_LONG_BASELINE_1X,ROLLING,90D-11,BASE_COST,-0.850339087712780677497500,-85.033908771278067749750000,-81.985275004111080,1,2.40159097730235642,-0.647042789864631329750000,
FUTURES_LONG_BASELINE_1X,ROLLING,90D-11,HIGH_COST,-0.900939040156035672747500,-90.093904015603567274750000,-84.685873333388560,1,4.76600359349009288,-0.642027088724914394750000,
FUTURES_LONG_BASELINE_1X,ROLLING,90D-11,STRESS_COST,-1.000219522341462583095000,-100.021952234146258309500000,-89.999054737899840,1,9.39042139396256064,-0.632476102283857669500000,
FUTURES_LONG_BASELINE_1X,ROLLING,90D-12,LOW_COST,-0.6198393419641853334428571470,-61.98393419641853334428571470,-60.78376339607281857142857184,1,1.200170800345714772857142857,0,
FUTURES_LONG_BASELINE_1X,ROLLING,90D-12,BASE_COST,-0.6459068567828734681714285755,-64.59068567828734681714285755,-62.20046077717836857142857184,1,2.390224901108978245714285714,0,
FUTURES_LONG_BASELINE_1X,ROLLING,90D-12,HIGH_COST,-0.6974100937036998390857142898,-69.74100937036998390857142898,-65.00036722283764571428571469,1,4.740642147532338194285714285,0,
FUTURES_LONG_BASELINE_1X,ROLLING,90D-12,STRESS_COST,-0.7981792984301879972571428611,-79.81792984301879972571428611,-70.48850930847161142857142897,1,9.329420534547188297142857142,0,
FUTURES_LONG_BASELINE_1X,ROLLING,90D-13,LOW_COST,-0.1244835894937298089403857154,-12.44835894937298089403857154,-7.82058402781743785714285729,3,3.642656691975897545535714286,-0.985118229579645491360000,
FUTURES_LONG_BASELINE_1X,ROLLING,90D-13,BASE_COST,-0.2109417208151122509157571444,-21.09417208151122509157571444,-12.86117669483768714285714300,3,7.252399870161249776428571428,-0.980595516512288172290000,
FUTURES_LONG_BASELINE_1X,ROLLING,90D-13,HIGH_COST,-0.3815450873344044867844000019,-38.15450873344044867844000019,-22.80754481120342000000000014,3,14.37526840468932238000000000,-0.971695517547706298440000,
FUTURES_LONG_BASELINE_1X,ROLLING,90D-13,STRESS_COST,-0.7140160255922912440069571445,-71.40160255922912440069571445,-42.19121566603678857142857160,3,28.25569695973443330285714285,-0.954689933457902526410000,
FUTURES_LONG_BASELINE_1X,ROLLING,90D-14,LOW_COST,-0.1244835894937298089403857154,-12.44835894937298089403857154,-7.82058402781743785714285729,3,3.642656691975897545535714286,-0.985118229579645491360000,
FUTURES_LONG_BASELINE_1X,ROLLING,90D-14,BASE_COST,-0.2109417208151122509157571444,-21.09417208151122509157571444,-12.86117669483768714285714300,3,7.252399870161249776428571428,-0.980595516512288172290000,
FUTURES_LONG_BASELINE_1X,ROLLING,90D-14,HIGH_COST,-0.3815450873344044867844000019,-38.15450873344044867844000019,-22.80754481120342000000000014,3,14.37526840468932238000000000,-0.971695517547706298440000,
FUTURES_LONG_BASELINE_1X,ROLLING,90D-14,STRESS_COST,-0.7140160255922912440069571445,-71.40160255922912440069571445,-42.19121566603678857142857160,3,28.25569695973443330285714285,-0.954689933457902526410000,
FUTURES_LONG_BASELINE_1X,ROLLING,90D-15,LOW_COST,0.4953557524704555245024714316,49.53557524704555245024714316,52.96317936825538071428571455,2,2.442485891630182772678571429,-0.985118229579645491360000,
FUTURES_LONG_BASELINE_1X,ROLLING,90D-15,BASE_COST,0.4349651359677612172556714311,43.49651359677612172556714311,49.33928408234068142857142884,2,4.862174969052271530714285714,-0.980595516512288172290000,
FUTURES_LONG_BASELINE_1X,ROLLING,90D-15,HIGH_COST,0.3158650063692953523013142879,31.58650063692953523013142879,42.19282241163422571428571455,2,9.634626257156984185714285715,-0.971695517547706298440000,
FUTURES_LONG_BASELINE_1X,ROLLING,90D-15,STRESS_COST,0.08416327283789675325018571660,8.41632728378967532501857166,28.29729364243482285714285737,2,18.92627642518724500571428571,-0.954689933457902526410000,
FUTURES_LONG_BASELINE_1X,ROLLING,90D-16,LOW_COST,0,0,0,0,0,0,
FUTURES_LONG_BASELINE_1X,ROLLING,90D-16,BASE_COST,0,0,0,0,0,0,
FUTURES_LONG_BASELINE_1X,ROLLING,90D-16,HIGH_COST,0,0,0,0,0,0,
FUTURES_LONG_BASELINE_1X,ROLLING,90D-16,STRESS_COST,0,0,0,0,0,0,
FUTURES_LONG_BASELINE_1X,ROLLING,90D-17,LOW_COST,0,0,0,0,0,0,
FUTURES_LONG_BASELINE_1X,ROLLING,90D-17,BASE_COST,0,0,0,0,0,0,
FUTURES_LONG_BASELINE_1X,ROLLING,90D-17,HIGH_COST,0,0,0,0,0,0,
FUTURES_LONG_BASELINE_1X,ROLLING,90D-17,STRESS_COST,0,0,0,0,0,0,
FUTURES_LONG_BASELINE_1X,ROLLING,90D-18,LOW_COST,0,0,0,0,0,0,
FUTURES_LONG_BASELINE_1X,ROLLING,90D-18,BASE_COST,0,0,0,0,0,0,
FUTURES_LONG_BASELINE_1X,ROLLING,90D-18,HIGH_COST,0,0,0,0,0,0,
FUTURES_LONG_BASELINE_1X,ROLLING,90D-18,STRESS_COST,0,0,0,0,0,0,
FUTURES_LONG_BASELINE_1X,ROLLING,90D-19,LOW_COST,0,0,0,0,0,0,
FUTURES_LONG_BASELINE_1X,ROLLING,90D-19,BASE_COST,0,0,0,0,0,0,
FUTURES_LONG_BASELINE_1X,ROLLING,90D-19,HIGH_COST,0,0,0,0,0,0,
FUTURES_LONG_BASELINE_1X,ROLLING,90D-19,STRESS_COST,0,0,0,0,0,0,
FUTURES_LONG_BASELINE_1X,ROLLING,90D-20,LOW_COST,0,0,0,0,0,0,
FUTURES_LONG_BASELINE_1X,ROLLING,90D-20,BASE_COST,0,0,0,0,0,0,
FUTURES_LONG_BASELINE_1X,ROLLING,90D-20,HIGH_COST,0,0,0,0,0,0,
FUTURES_LONG_BASELINE_1X,ROLLING,90D-20,STRESS_COST,0,0,0,0,0,0,
FUTURES_LONG_BASELINE_1X,ROLLING,90D-21,LOW_COST,-0.6721192450721893031678571467,-67.21192450721893031678571467,-66.01461746242686857142857181,1,1.197307044792061745357142857,0,
FUTURES_LONG_BASELINE_1X,ROLLING,90D-21,BASE_COST,-0.6972704836279782051857142895,-69.72704836279782051857142895,-67.34466910625483428571428609,1,2.382379256542986232857142857,0,
FUTURES_LONG_BASELINE_1X,ROLLING,90D-21,HIGH_COST,-0.7468153703528826258857142894,-74.68153703528826258857142894,-69.96493671889572571428571466,1,4.716600316392536874285714285,0,
FUTURES_LONG_BASELINE_1X,ROLLING,90D-21,STRESS_COST,-0.8431918957928183348571428608,-84.31918957928183348571428608,-75.07033427067497142857142894,1,9.248855308606862057142857142,0,
FUTURES_LONG_BASELINE_1X,ROLLING,90D-22,LOW_COST,-0.6721192450721893031678571467,-67.21192450721893031678571467,-66.01461746242686857142857181,1,1.197307044792061745357142857,0,
FUTURES_LONG_BASELINE_1X,ROLLING,90D-22,BASE_COST,-0.6972704836279782051857142895,-69.72704836279782051857142895,-67.34466910625483428571428609,1,2.382379256542986232857142857,0,
FUTURES_LONG_BASELINE_1X,ROLLING,90D-22,HIGH_COST,-0.7468153703528826258857142894,-74.68153703528826258857142894,-69.96493671889572571428571466,1,4.716600316392536874285714285,0,
FUTURES_LONG_BASELINE_1X,ROLLING,90D-22,STRESS_COST,-0.8431918957928183348571428608,-84.31918957928183348571428608,-75.07033427067497142857142894,1,9.248855308606862057142857142,0,
FUTURES_LONG_BASELINE_1X,ROLLING,90D-23,LOW_COST,-1.665943496005742145514285719,-166.5943496005742145514285719,-163.1903953640358128571428576,2,2.282716720941846694285714285,-1.121237515596555000000000,
FUTURES_LONG_BASELINE_1X,ROLLING,90D-23,BASE_COST,-1.703878442414116473000000006,-170.3878442414116473000000006,-164.7562135468797800000000005,2,4.524977853805462300000000000,-1.106652840726405000000000,
FUTURES_LONG_BASELINE_1X,ROLLING,90D-23,HIGH_COST,-1.777785106958521756857142862,-177.7785106958521756857142862,-167.8079009507158171428571434,2,8.892261283064778542857142856,-1.078348462071580000000000,
FUTURES_LONG_BASELINE_1X,ROLLING,90D-23,STRESS_COST,-1.918668681926543336600000005,-191.8668681926543336600000005,-173.6524976591284400000000005,2,17.18912945351412616000000000,-1.025241080011767500000000,
FUTURES_LONG_BASELINE_1X,ROLLING,90D-24,LOW_COST,-0.9938242509335528423464285727,-99.38242509335528423464285727,-97.17577790160894428571428584,1,1.085409676149784948928571428,-1.121237515596555000000000,
FUTURES_LONG_BASELINE_1X,ROLLING,90D-24,BASE_COST,-1.006607958786138267814285716,-100.6607958786138267814285716,-97.41154444062494571428571441,1,2.142598597262476067142857143,-1.106652840726405000000000,
FUTURES_LONG_BASELINE_1X,ROLLING,90D-24,HIGH_COST,-1.030969736605639130971428573,-103.0969736605639130971428573,-97.84296423182009142857142869,1,4.175660966672241668571428571,-1.078348462071580000000000,
FUTURES_LONG_BASELINE_1X,ROLLING,90D-24,STRESS_COST,-1.075476786133725001742857144,-107.5476786133725001742857144,-98.58216338845346857142857154,1,7.940274144907264102857142856,-1.025241080011767500000000,
FUTURES_LONG_BASELINE_1X,ROLLING,90D-25,LOW_COST,-0.9938242509335528423464285727,-99.38242509335528423464285727,-97.17577790160894428571428584,1,1.085409676149784948928571428,-1.121237515596555000000000,
FUTURES_LONG_BASELINE_1X,ROLLING,90D-25,BASE_COST,-1.006607958786138267814285716,-100.6607958786138267814285716,-97.41154444062494571428571441,1,2.142598597262476067142857143,-1.106652840726405000000000,
FUTURES_LONG_BASELINE_1X,ROLLING,90D-25,HIGH_COST,-1.030969736605639130971428573,-103.0969736605639130971428573,-97.84296423182009142857142869,1,4.175660966672241668571428571,-1.078348462071580000000000,
FUTURES_LONG_BASELINE_1X,ROLLING,90D-25,STRESS_COST,-1.075476786133725001742857144,-107.5476786133725001742857144,-98.58216338845346857142857154,1,7.940274144907264102857142856,-1.025241080011767500000000,
FUTURES_LONG_BASELINE_1X,ROLLING,90D-26,LOW_COST,0,0,0,0,0,0,
FUTURES_LONG_BASELINE_1X,ROLLING,90D-26,BASE_COST,0,0,0,0,0,0,
FUTURES_LONG_BASELINE_1X,ROLLING,90D-26,HIGH_COST,0,0,0,0,0,0,
FUTURES_LONG_BASELINE_1X,ROLLING,90D-26,STRESS_COST,0,0,0,0,0,0,
FUTURES_LONG_BASELINE_1X,ROLLING,90D-27,LOW_COST,0,0,0,0,0,0,
FUTURES_LONG_BASELINE_1X,ROLLING,90D-27,BASE_COST,0,0,0,0,0,0,
FUTURES_LONG_BASELINE_1X,ROLLING,90D-27,HIGH_COST,0,0,0,0,0,0,
FUTURES_LONG_BASELINE_1X,ROLLING,90D-27,STRESS_COST,0,0,0,0,0,0,
FUTURES_LONG_BASELINE_1X,ROLLING,90D-28,LOW_COST,1.822585801356484611744637357,182.2585801356484611744637357,185.8927702050553257142857141,1,1.239459592874624363928571428,-2.394730476532240175893407,
FUTURES_LONG_BASELINE_1X,ROLLING,90D-28,BASE_COST,1.782597641695825112572548019,178.2597641695825112572548019,183.1055414506106285714285712,1,2.464726215998937764285714286,-2.381051065029179549888055,
FUTURES_LONG_BASELINE_1X,ROLLING,90D-28,HIGH_COST,1.676259104883648506962095182,167.6259104883648506962095182,174.7361356247663542857142855,1,4.794363914615643434285714286,-2.315861221785860155219053,
FUTURES_LONG_BASELINE_1X,ROLLING,90D-28,STRESS_COST,1.479082858013413138322816124,147.9082858013413138322816124,159.1862568716350171428571427,1,9.083915445736989074285714286,-2.194055624556714236289816,
FUTURES_LONG_BASELINE_1X,ROLLING,90D-29,LOW_COST,1.822585801356484611744637357,182.2585801356484611744637357,185.8927702050553257142857141,1,1.239459592874624363928571428,-2.394730476532240175893407,
FUTURES_LONG_BASELINE_1X,ROLLING,90D-29,BASE_COST,1.782597641695825112572548019,178.2597641695825112572548019,183.1055414506106285714285712,1,2.464726215998937764285714286,-2.381051065029179549888055,
FUTURES_LONG_BASELINE_1X,ROLLING,90D-29,HIGH_COST,1.676259104883648506962095182,167.6259104883648506962095182,174.7361356247663542857142855,1,4.794363914615643434285714286,-2.315861221785860155219053,
FUTURES_LONG_BASELINE_1X,ROLLING,90D-29,STRESS_COST,1.479082858013413138322816124,147.9082858013413138322816124,159.1862568716350171428571427,1,9.083915445736989074285714286,-2.194055624556714236289816,
FUTURES_LONG_BASELINE_1X,ROLLING,90D-30,LOW_COST,1.822585801356484611744637357,182.2585801356484611744637357,185.8927702050553257142857141,1,1.239459592874624363928571428,-2.394730476532240175893407,
FUTURES_LONG_BASELINE_1X,ROLLING,90D-30,BASE_COST,1.782597641695825112572548019,178.2597641695825112572548019,183.1055414506106285714285712,1,2.464726215998937764285714286,-2.381051065029179549888055,
FUTURES_LONG_BASELINE_1X,ROLLING,90D-30,HIGH_COST,1.676259104883648506962095182,167.6259104883648506962095182,174.7361356247663542857142855,1,4.794363914615643434285714286,-2.315861221785860155219053,
FUTURES_LONG_BASELINE_1X,ROLLING,90D-30,STRESS_COST,1.479082858013413138322816124,147.9082858013413138322816124,159.1862568716350171428571427,1,9.083915445736989074285714286,-2.194055624556714236289816,
FUTURES_LONG_BASELINE_1X,ROLLING,90D-31,LOW_COST,0,0,0,0,0,0,
FUTURES_LONG_BASELINE_1X,ROLLING,90D-31,BASE_COST,0,0,0,0,0,0,
FUTURES_LONG_BASELINE_1X,ROLLING,90D-31,HIGH_COST,0,0,0,0,0,0,
FUTURES_LONG_BASELINE_1X,ROLLING,90D-31,STRESS_COST,0,0,0,0,0,0,
FUTURES_LONG_BASELINE_1X,ROLLING,90D-32,LOW_COST,0,0,0,0,0,0,
FUTURES_LONG_BASELINE_1X,ROLLING,90D-32,BASE_COST,0,0,0,0,0,0,
FUTURES_LONG_BASELINE_1X,ROLLING,90D-32,HIGH_COST,0,0,0,0,0,0,
FUTURES_LONG_BASELINE_1X,ROLLING,90D-32,STRESS_COST,0,0,0,0,0,0,
FUTURES_LONG_BASELINE_1X,ROLLING,90D-33,LOW_COST,0.7151627709033516556797246038,71.51627709033516556797246038,76.25667462584717357142857152,2,2.466625439252967395892857143,-2.273772096259040607563254,
FUTURES_LONG_BASELINE_1X,ROLLING,90D-33,BASE_COST,0.6522716555855030040314154323,65.22716555855030040314154323,72.39057492466301857142857152,2,4.903348063222068819285714286,-2.260061302890649349001314,
FUTURES_LONG_BASELINE_1X,ROLLING,90D-33,HIGH_COST,0.5285880268948742704395812473,52.85880268948742704395812473,64.77755254985988571428571446,2,9.686294896255186925714285714,-2.232454964117271744613304,
FUTURES_LONG_BASELINE_1X,ROLLING,90D-33,STRESS_COST,0.2901847667853465630099228755,29.01847667853465630099228755,50.11143664292022285714285728,2,18.91317141921175900571428571,-2.179788545173807550436284,
FUTURES_LONG_BASELINE_1X,ROLLING,90D-34,LOW_COST,0.7151627709033516556797246038,71.51627709033516556797246038,76.25667462584717357142857152,2,2.466625439252967395892857143,-2.273772096259040607563254,
FUTURES_LONG_BASELINE_1X,ROLLING,90D-34,BASE_COST,0.6522716555855030040314154323,65.22716555855030040314154323,72.39057492466301857142857152,2,4.903348063222068819285714286,-2.260061302890649349001314,
FUTURES_LONG_BASELINE_1X,ROLLING,90D-34,HIGH_COST,0.5285880268948742704395812473,52.85880268948742704395812473,64.77755254985988571428571446,2,9.686294896255186925714285714,-2.232454964117271744613304,
FUTURES_LONG_BASELINE_1X,ROLLING,90D-34,STRESS_COST,0.2901847667853465630099228755,29.01847667853465630099228755,50.11143664292022285714285728,2,18.91317141921175900571428571,-2.179788545173807550436284,
FUTURES_LONG_BASELINE_1X,ROLLING,90D-35,LOW_COST,0.7151627709033516556797246038,71.51627709033516556797246038,76.25667462584717357142857152,2,2.466625439252967395892857143,-2.273772096259040607563254,
FUTURES_LONG_BASELINE_1X,ROLLING,90D-35,BASE_COST,0.6522716555855030040314154323,65.22716555855030040314154323,72.39057492466301857142857152,2,4.903348063222068819285714286,-2.260061302890649349001314,
FUTURES_LONG_BASELINE_1X,ROLLING,90D-35,HIGH_COST,0.5285880268948742704395812473,52.85880268948742704395812473,64.77755254985988571428571446,2,9.686294896255186925714285714,-2.232454964117271744613304,
FUTURES_LONG_BASELINE_1X,ROLLING,90D-35,STRESS_COST,0.2901847667853465630099228755,29.01847667853465630099228755,50.11143664292022285714285728,2,18.91317141921175900571428571,-2.179788545173807550436284,
FUTURES_LONG_BASELINE_1X,ROLLING,90D-36,LOW_COST,0,0,0,0,0,0,
FUTURES_LONG_BASELINE_1X,ROLLING,90D-36,BASE_COST,0,0,0,0,0,0,
FUTURES_LONG_BASELINE_1X,ROLLING,90D-36,HIGH_COST,0,0,0,0,0,0,
FUTURES_LONG_BASELINE_1X,ROLLING,90D-36,STRESS_COST,0,0,0,0,0,0,
FUTURES_LONG_BASELINE_1X,ROLLING,90D-37,LOW_COST,0,0,0,0,0,0,
FUTURES_LONG_BASELINE_1X,ROLLING,90D-37,BASE_COST,0,0,0,0,0,0,
FUTURES_LONG_BASELINE_1X,ROLLING,90D-37,HIGH_COST,0,0,0,0,0,0,
FUTURES_LONG_BASELINE_1X,ROLLING,90D-37,STRESS_COST,0,0,0,0,0,0,
FUTURES_LONG_BASELINE_1X,ROLLING,90D-38,LOW_COST,0,0,0,0,0,0,
FUTURES_LONG_BASELINE_1X,ROLLING,90D-38,BASE_COST,0,0,0,0,0,0,
FUTURES_LONG_BASELINE_1X,ROLLING,90D-38,HIGH_COST,0,0,0,0,0,0,
FUTURES_LONG_BASELINE_1X,ROLLING,90D-38,STRESS_COST,0,0,0,0,0,0,
FUTURES_LONG_BASELINE_1X,ROLLING,90D-39,LOW_COST,3.334485483715195655721970924,333.4485483715195655721970924,342.3629365577976050000000004,5,6.178931449107611251250000000,-2.735456737170428176552908,
FUTURES_LONG_BASELINE_1X,ROLLING,90D-39,BASE_COST,3.149047563488356500219162014,314.9047563488356500219162014,329.8640102243151485714285717,5,12.25159749200862280428571429,-2.707656383470875745226656,
FUTURES_LONG_BASELINE_1X,ROLLING,90D-39,HIGH_COST,2.786971891727165326070779313,278.6971891727165326070779313,305.4305576741010885714285719,5,24.08064363634878896857142857,-2.652724865035766995779212,
FUTURES_LONG_BASELINE_1X,ROLLING,90D-39,STRESS_COST,2.100532944953220896411461233,210.0532944953220896411461233,259.1625030973837657142857146,5,46.55998345806535249142857142,-2.549225143996323581711020,
FUTURES_LONG_BASELINE_1X,ROLLING,90D-40,LOW_COST,2.528594853655204517514168320,252.8594853655204517514168320,264.1844845970767478571428577,6,7.425776167540213356964285714,-3.899223064016082748761740,
FUTURES_LONG_BASELINE_1X,ROLLING,90D-40,BASE_COST,2.320032274459072870380630684,232.0032274459072870380630684,250.5901956373419700000000004,6,14.72501313767002775500000000,-3.861955053764655206936932,
FUTURES_LONG_BASELINE_1X,ROLLING,90D-40,HIGH_COST,1.913140574264956484374542314,191.3140574264956484374542314,224.0487094614635885714285720,6,28.94652874481859346857142857,-3.788123290149346665402912,
FUTURES_LONG_BASELINE_1X,ROLLING,90D-40,STRESS_COST,1.141338442758409589208407417,114.1338442758409589208407417,173.7657562234331942857142862,6,55.98329912931020078857142856,-3.648612818282034576302116,
FUTURES_LONG_BASELINE_1X,ROLLING,90D-41,LOW_COST,2.528594853655204517514168320,252.8594853655204517514168320,264.1844845970767478571428577,6,7.425776167540213356964285714,-3.899223064016082748761740,
FUTURES_LONG_BASELINE_1X,ROLLING,90D-41,BASE_COST,2.320032274459072870380630684,232.0032274459072870380630684,250.5901956373419700000000004,6,14.72501313767002775500000000,-3.861955053764655206936932,
FUTURES_LONG_BASELINE_1X,ROLLING,90D-41,HIGH_COST,1.913140574264956484374542314,191.3140574264956484374542314,224.0487094614635885714285720,6,28.94652874481859346857142857,-3.788123290149346665402912,
FUTURES_LONG_BASELINE_1X,ROLLING,90D-41,STRESS_COST,1.141338442758409589208407417,114.1338442758409589208407417,173.7657562234331942857142862,6,55.98329912931020078857142856,-3.648612818282034576302116,
FUTURES_LONG_BASELINE_1X,ROLLING,90D-42,LOW_COST,1.627497215434444014949426888,162.7497215434444014949426888,176.8436513406247471428571431,5,6.398489694876464226785714284,-7.695440102303881421128740,
FUTURES_LONG_BASELINE_1X,ROLLING,90D-42,BASE_COST,1.460636915775871702557172260,146.0636915775871702557172260,166.3772417442296828571428574,5,12.68514653851733480142857142,-7.628403628125177799997060,
FUTURES_LONG_BASELINE_1X,ROLLING,90D-42,HIGH_COST,1.135061183952575190959545050,113.5061183952575190959545050,145.9254672463621085714285716,5,24.92455140702129814857142857,-7.494797444083291326902638,
FUTURES_LONG_BASELINE_1X,ROLLING,90D-42,STRESS_COST,0.5169967692175234150425040645,51.69967692175234150425040645,107.0910251653121085714285716,5,48.15104116540586325714285714,-7.240307078153903810035308,
FUTURES_LONG_BASELINE_1X,ROLLING,90D-43,LOW_COST,1.805287644023038660837258067,180.5287644023038660837258067,194.2575856995030635714285718,5,6.423186892881796185892857142,-7.305634404317401301809908,
FUTURES_LONG_BASELINE_1X,ROLLING,90D-43,BASE_COST,1.637379212403073280935760734,163.7379212403073280935760734,183.7088597631771985714285717,5,12.73032824764241461928571428,-7.240610275227455858566784,
FUTURES_LONG_BASELINE_1X,ROLLING,90D-43,HIGH_COST,1.309956704288883017546782051,130.9956704288883017546782051,163.1052350817934085714285717,5,24.99848416401119944857142857,-7.111080488893907368178938,
FUTURES_LONG_BASELINE_1X,ROLLING,90D-43,STRESS_COST,0.6893876571246852286250435965,68.93876571246852286250435965,124.0397871398505428571428575,5,48.23663835104125628571428571,-6.864383076340763708924212,
FUTURES_LONG_BASELINE_1X,ROLLING,90D-44,LOW_COST,1.805287644023038660837258067,180.5287644023038660837258067,194.2575856995030635714285718,5,6.423186892881796185892857142,-7.305634404317401301809908,
FUTURES_LONG_BASELINE_1X,ROLLING,90D-44,BASE_COST,1.637379212403073280935760734,163.7379212403073280935760734,183.7088597631771985714285717,5,12.73032824764241461928571428,-7.240610275227455858566784,
FUTURES_LONG_BASELINE_1X,ROLLING,90D-44,HIGH_COST,1.309956704288883017546782051,130.9956704288883017546782051,163.1052350817934085714285717,5,24.99848416401119944857142857,-7.111080488893907368178938,
FUTURES_LONG_BASELINE_1X,ROLLING,90D-44,STRESS_COST,0.6893876571246852286250435965,68.93876571246852286250435965,124.0397871398505428571428575,5,48.23663835104125628571428571,-6.864383076340763708924212,
FUTURES_LONG_BASELINE_1X,ROLLING,90D-45,LOW_COST,-0.6281002014713964923199714262,-62.81002014713964923199714262,-60.76451760184254071428571405,1,1.271541916437934064821428572,-0.773960628859174452890000,
FUTURES_LONG_BASELINE_1X,ROLLING,90D-45,BASE_COST,-0.6522729924020820514599428548,-65.22729924020820514599428548,-61.94219656802566285714285691,1,2.518597354786484768571428572,-0.766505317396057520280000,
FUTURES_LONG_BASELINE_1X,ROLLING,90D-45,HIGH_COST,-0.6989357971259010151089999977,-69.89357971259010151089999977,-64.20208037720619999999999977,1,4.93981786545970580000000,-0.751681469924195710900000,
FUTURES_LONG_BASELINE_1X,ROLLING,90D-45,STRESS_COST,-0.7868036142876494936205142835,-78.68036142876494936205142835,-68.44798489941213714285714264,1,9.508912856880241325714285714,-0.723463672472570893480000,
FUTURES_LONG_BASELINE_1X,ROLLING,90D-46,LOW_COST,-0.7437051737655026480571428583,-74.37051737655026480571428583,-72.60848167612361142857142869,1,1.260729669014264417142857143,-0.501306031412388960000000,
FUTURES_LONG_BASELINE_1X,ROLLING,90D-46,BASE_COST,-0.7662804900703131411428571440,-76.62804900703131411428571440,-73.63527485935021714285714297,1,2.496444001534497651428571428,-0.496330146146599320000000,
FUTURES_LONG_BASELINE_1X,ROLLING,90D-46,HIGH_COST,-0.8097377429671945308571428583,-80.97377429671945308571428583,-75.59385152668525714285714297,1,4.893479364320071542857142857,-0.486443405714124400000000,
FUTURES_LONG_BASELINE_1X,ROLLING,90D-46,STRESS_COST,-0.8913214993770524654285714296,-89.13214993770524654285714296,-79.25590397614244571428571439,1,9.408616577572637348571428572,-0.467629383990163480000000,
FUTURES_LONG_BASELINE_1X,ROLLING,180D-1,LOW_COST,-4.037142835215632229780448536,-403.7142835215632229780448536,-395.7067489260734714285714286,5,5.690110200766830389642857143,-2.317424394722921159830568,
FUTURES_LONG_BASELINE_1X,ROLLING,180D-1,BASE_COST,-4.163854671873598590419970013,-416.3854671873598590419970013,-402.7105599152867171428571428,5,11.36082923048731314142857143,-2.314078041585828757711287,
FUTURES_LONG_BASELINE_1X,ROLLING,180D-1,HIGH_COST,-4.416162997522803688151818646,-441.6162997522803688151818646,-416.6638151712789057142857143,5,22.64501325778917473428571429,-2.307471323212288366610436,
FUTURES_LONG_BASELINE_1X,ROLLING,180D-1,STRESS_COST,-4.892306290384416045339272068,-489.2306290384416045339272068,-442.1384488658176514285714285,5,44.79115663365364533714285715,-2.301023538970307768212921,
FUTURES_LONG_BASELINE_1X,ROLLING,180D-2,LOW_COST,-1.388483403960325771693633263,-138.8483403960325771693633263,-120.3687994168140821428571396,11,12.52193556217053418696428571,-5.957605417047960839541901,
FUTURES_LONG_BASELINE_1X,ROLLING,180D-2,BASE_COST,-1.709765119692733783809366302,-170.9765119692733783809366302,-140.1712304345984857142857111,11,24.89536003228244114714285714,-5.909921502392451519508062,
FUTURES_LONG_BASELINE_1X,ROLLING,180D-2,HIGH_COST,-2.340439089590310851402512671,-234.0439089590310851402512671,-179.0161223151034714285714255,11,49.21064967698211888857142858,-5.817136966945494823108413,
FUTURES_LONG_BASELINE_1X,ROLLING,180D-2,STRESS_COST,-3.532516541022784156887905037,-353.2516541022784156887905037,-251.5803598899147371428571400,11,96.02258840654552892571428574,-5.648705805818149620219078,
FUTURES_LONG_BASELINE_1X,ROLLING,180D-3,LOW_COST,-0.6045269950222704410687761171,-60.45269950222704410687761171,-44.44021662359165357142856784,10,11.29788545075702579410714286,-4.714597427878364741341901,
FUTURES_LONG_BASELINE_1X,ROLLING,180D-3,BASE_COST,-0.8969568989288990494250520128,-89.69568989288990494250520128,-62.57914501967817142857142504,10,22.44882835195849250428571428,-4.667716521253241009648062,
FUTURES_LONG_BASELINE_1X,ROLLING,180D-3,HIGH_COST,-1.470038997710018673652612667,-147.0038997710018673652612667,-98.10351334895567142857142517,10,44.32385088357494988857142858,-4.576535538471246048118413,
FUTURES_LONG_BASELINE_1X,ROLLING,180D-3,STRESS_COST,-2.547378152627066021684505034,-254.7378152627066021684505034,-164.0525407151651371428571396,10,86.27397284469651292571428573,-4.411301702844952099879078,
FUTURES_LONG_BASELINE_1X,ROLLING,180D-4,LOW_COST,1.266482657397009091132100986,126.6482657397009091132100986,140.8202383964114221428571459,8,9.273872135343465865535714286,-4.898100521367047164111333,STRESS_COLLAPSE
FUTURES_LONG_BASELINE_1X,ROLLING,180D-4,BASE_COST,1.016860200282789084611875137,101.6860200282789084611875137,124.9453375777806128571428601,8,18.40831741587084459642857142,-4.851000133630859799526775,STRESS_COLLAPSE
FUTURES_LONG_BASELINE_1X,ROLLING,180D-4,HIGH_COST,0.5290135260267973706153488300,52.9013526026797370615348830,93.9333456324016914285714314,8,36.27261150219110017142857144,-4.759381527530854195607977,STRESS_COLLAPSE
FUTURES_LONG_BASELINE_1X,ROLLING,180D-4,STRESS_COST,-0.4037177577012027599999472582,-40.37177577012027599999472582,34.7053687501035371428571456,8,70.49014574586396803428571430,-4.586998774359845108566157,STRESS_COLLAPSE
FUTURES_LONG_BASELINE_1X,ROLLING,180D-5,LOW_COST,-1.444597161231714992032857147,-144.4597161231714992032857147,-141.4044314208677785714285718,2,2.405691846975084792857142857,-0.649592855328635839000000,
FUTURES_LONG_BASELINE_1X,ROLLING,180D-5,BASE_COST,-1.496245944495654145668928576,-149.6245944495654145668928576,-144.1857357812894485714285718,2,4.791815878411334665714285714,-0.647042789864631329750000,
FUTURES_LONG_BASELINE_1X,ROLLING,180D-5,HIGH_COST,-1.598349133859735511833214290,-159.8349133859735511833214290,-149.6862405562262057142857147,2,9.506645741022431074285714285,-0.642027088724914394750000,
FUTURES_LONG_BASELINE_1X,ROLLING,180D-5,STRESS_COST,-1.798398820771650580352142861,-179.8398820771650580352142861,-160.4875640463714514285714290,2,18.71984192850974893714285714,-0.632476102283857669500000,
FUTURES_LONG_BASELINE_1X,ROLLING,180D-6,LOW_COST,-0.9492414087612594675303857154,-94.92414087612594675303857154,-88.44125205261239785714285725,4,4.848177738605267565535714286,-1.634711084908281330360000,
FUTURES_LONG_BASELINE_1X,ROLLING,180D-6,BASE_COST,-1.061280808527892928413257145,-106.1280808527892928413257145,-94.84645169894876714285714296,4,9.653990847463606196428571428,-1.627638306376919502040000,
FUTURES_LONG_BASELINE_1X,ROLLING,180D-6,HIGH_COST,-1.282484127490440159531900002,-128.2484127490440159531900002,-107.4934181445919800000000002,4,19.14127199817941526000000000,-1.613722606272620693190000,
FUTURES_LONG_BASELINE_1X,ROLLING,180D-6,STRESS_COST,-1.714235547933753827101957144,-171.4235547933753827101957144,-132.1902704039366285714285716,4,37.64611835369699394285714285,-1.587166035741760195910000,
FUTURES_LONG_BASELINE_1X,ROLLING,180D-7,LOW_COST,-0.1244835894937298089403857154,-12.44835894937298089403857154,-7.82058402781743785714285729,3,3.642656691975897545535714286,-0.985118229579645491360000,
FUTURES_LONG_BASELINE_1X,ROLLING,180D-7,BASE_COST,-0.2109417208151122509157571444,-21.09417208151122509157571444,-12.86117669483768714285714300,3,7.252399870161249776428571428,-0.980595516512288172290000,
FUTURES_LONG_BASELINE_1X,ROLLING,180D-7,HIGH_COST,-0.3815450873344044867844000019,-38.15450873344044867844000019,-22.80754481120342000000000014,3,14.37526840468932238000000000,-0.971695517547706298440000,
FUTURES_LONG_BASELINE_1X,ROLLING,180D-7,STRESS_COST,-0.7140160255922912440069571445,-71.40160255922912440069571445,-42.19121566603678857142857160,3,28.25569695973443330285714285,-0.954689933457902526410000,
FUTURES_LONG_BASELINE_1X,ROLLING,180D-8,LOW_COST,0.4953557524704555245024714316,49.53557524704555245024714316,52.96317936825538071428571455,2,2.442485891630182772678571429,-0.985118229579645491360000,
FUTURES_LONG_BASELINE_1X,ROLLING,180D-8,BASE_COST,0.4349651359677612172556714311,43.49651359677612172556714311,49.33928408234068142857142884,2,4.862174969052271530714285714,-0.980595516512288172290000,
FUTURES_LONG_BASELINE_1X,ROLLING,180D-8,HIGH_COST,0.3158650063692953523013142879,31.58650063692953523013142879,42.19282241163422571428571455,2,9.634626257156984185714285715,-0.971695517547706298440000,
FUTURES_LONG_BASELINE_1X,ROLLING,180D-8,STRESS_COST,0.08416327283789675325018571660,8.41632728378967532501857166,28.29729364243482285714285737,2,18.92627642518724500571428571,-0.954689933457902526410000,
FUTURES_LONG_BASELINE_1X,ROLLING,180D-9,LOW_COST,0,0,0,0,0,0,
FUTURES_LONG_BASELINE_1X,ROLLING,180D-9,BASE_COST,0,0,0,0,0,0,
FUTURES_LONG_BASELINE_1X,ROLLING,180D-9,HIGH_COST,0,0,0,0,0,0,
FUTURES_LONG_BASELINE_1X,ROLLING,180D-9,STRESS_COST,0,0,0,0,0,0,
FUTURES_LONG_BASELINE_1X,ROLLING,180D-10,LOW_COST,-0.6721192450721893031678571467,-67.21192450721893031678571467,-66.01461746242686857142857181,1,1.197307044792061745357142857,0,
FUTURES_LONG_BASELINE_1X,ROLLING,180D-10,BASE_COST,-0.6972704836279782051857142895,-69.72704836279782051857142895,-67.34466910625483428571428609,1,2.382379256542986232857142857,0,
FUTURES_LONG_BASELINE_1X,ROLLING,180D-10,HIGH_COST,-0.7468153703528826258857142894,-74.68153703528826258857142894,-69.96493671889572571428571466,1,4.716600316392536874285714285,0,
FUTURES_LONG_BASELINE_1X,ROLLING,180D-10,STRESS_COST,-0.8431918957928183348571428608,-84.31918957928183348571428608,-75.07033427067497142857142894,1,9.248855308606862057142857142,0,
FUTURES_LONG_BASELINE_1X,ROLLING,180D-11,LOW_COST,-1.665943496005742145514285719,-166.5943496005742145514285719,-163.1903953640358128571428576,2,2.282716720941846694285714285,-1.121237515596555000000000,
FUTURES_LONG_BASELINE_1X,ROLLING,180D-11,BASE_COST,-1.703878442414116473000000006,-170.3878442414116473000000006,-164.7562135468797800000000005,2,4.524977853805462300000000000,-1.106652840726405000000000,
FUTURES_LONG_BASELINE_1X,ROLLING,180D-11,HIGH_COST,-1.777785106958521756857142862,-177.7785106958521756857142862,-167.8079009507158171428571434,2,8.892261283064778542857142856,-1.078348462071580000000000,
FUTURES_LONG_BASELINE_1X,ROLLING,180D-11,STRESS_COST,-1.918668681926543336600000005,-191.8668681926543336600000005,-173.6524976591284400000000005,2,17.18912945351412616000000000,-1.025241080011767500000000,
FUTURES_LONG_BASELINE_1X,ROLLING,180D-12,LOW_COST,-1.665943496005742145514285719,-166.5943496005742145514285719,-163.1903953640358128571428576,2,2.282716720941846694285714285,-1.121237515596555000000000,
FUTURES_LONG_BASELINE_1X,ROLLING,180D-12,BASE_COST,-1.703878442414116473000000006,-170.3878442414116473000000006,-164.7562135468797800000000005,2,4.524977853805462300000000000,-1.106652840726405000000000,
FUTURES_LONG_BASELINE_1X,ROLLING,180D-12,HIGH_COST,-1.777785106958521756857142862,-177.7785106958521756857142862,-167.8079009507158171428571434,2,8.892261283064778542857142856,-1.078348462071580000000000,
FUTURES_LONG_BASELINE_1X,ROLLING,180D-12,STRESS_COST,-1.918668681926543336600000005,-191.8668681926543336600000005,-173.6524976591284400000000005,2,17.18912945351412616000000000,-1.025241080011767500000000,
FUTURES_LONG_BASELINE_1X,ROLLING,180D-13,LOW_COST,0.8287615504229317693982087843,82.87615504229317693982087843,88.71699230344638142857142826,2,2.324869269024409312857142856,-3.515967992128795175893407,
FUTURES_LONG_BASELINE_1X,ROLLING,180D-13,BASE_COST,0.7759896829096868447582623030,77.5989682909686844758262303,85.69399700998568285714285679,2,4.607324813261413831428571429,-3.487703905755584549888055,
FUTURES_LONG_BASELINE_1X,ROLLING,180D-13,HIGH_COST,0.6452893682780093759906666090,64.5289368278009375990666609,76.89317139294626285714285681,2,8.970024881287885102857142857,-3.394209683857440155219053,
FUTURES_LONG_BASELINE_1X,ROLLING,180D-13,STRESS_COST,0.4036060718796881365799589800,40.3606071879688136579958980,60.60409348318154857142857116,2,17.02418959064425317714285714,-3.219296704568481736289816,
FUTURES_LONG_BASELINE_1X,ROLLING,180D-14,LOW_COST,1.822585801356484611744637357,182.2585801356484611744637357,185.8927702050553257142857141,1,1.239459592874624363928571428,-2.394730476532240175893407,
FUTURES_LONG_BASELINE_1X,ROLLING,180D-14,BASE_COST,1.782597641695825112572548019,178.2597641695825112572548019,183.1055414506106285714285712,1,2.464726215998937764285714286,-2.381051065029179549888055,
FUTURES_LONG_BASELINE_1X,ROLLING,180D-14,HIGH_COST,1.676259104883648506962095182,167.6259104883648506962095182,174.7361356247663542857142855,1,4.794363914615643434285714286,-2.315861221785860155219053,
FUTURES_LONG_BASELINE_1X,ROLLING,180D-14,STRESS_COST,1.479082858013413138322816124,147.9082858013413138322816124,159.1862568716350171428571427,1,9.083915445736989074285714286,-2.194055624556714236289816,
FUTURES_LONG_BASELINE_1X,ROLLING,180D-15,LOW_COST,1.822585801356484611744637357,182.2585801356484611744637357,185.8927702050553257142857141,1,1.239459592874624363928571428,-2.394730476532240175893407,
FUTURES_LONG_BASELINE_1X,ROLLING,180D-15,BASE_COST,1.782597641695825112572548019,178.2597641695825112572548019,183.1055414506106285714285712,1,2.464726215998937764285714286,-2.381051065029179549888055,
FUTURES_LONG_BASELINE_1X,ROLLING,180D-15,HIGH_COST,1.676259104883648506962095182,167.6259104883648506962095182,174.7361356247663542857142855,1,4.794363914615643434285714286,-2.315861221785860155219053,
FUTURES_LONG_BASELINE_1X,ROLLING,180D-15,STRESS_COST,1.479082858013413138322816124,147.9082858013413138322816124,159.1862568716350171428571427,1,9.083915445736989074285714286,-2.194055624556714236289816,
FUTURES_LONG_BASELINE_1X,ROLLING,180D-16,LOW_COST,0.7151627709033516556797246038,71.51627709033516556797246038,76.25667462584717357142857152,2,2.466625439252967395892857143,-2.273772096259040607563254,
FUTURES_LONG_BASELINE_1X,ROLLING,180D-16,BASE_COST,0.6522716555855030040314154323,65.22716555855030040314154323,72.39057492466301857142857152,2,4.903348063222068819285714286,-2.260061302890649349001314,
FUTURES_LONG_BASELINE_1X,ROLLING,180D-16,HIGH_COST,0.5285880268948742704395812473,52.85880268948742704395812473,64.77755254985988571428571446,2,9.686294896255186925714285714,-2.232454964117271744613304,
FUTURES_LONG_BASELINE_1X,ROLLING,180D-16,STRESS_COST,0.2901847667853465630099228755,29.01847667853465630099228755,50.11143664292022285714285728,2,18.91317141921175900571428571,-2.179788545173807550436284,
FUTURES_LONG_BASELINE_1X,ROLLING,180D-17,LOW_COST,0.7151627709033516556797246038,71.51627709033516556797246038,76.25667462584717357142857152,2,2.466625439252967395892857143,-2.273772096259040607563254,
FUTURES_LONG_BASELINE_1X,ROLLING,180D-17,BASE_COST,0.6522716555855030040314154323,65.22716555855030040314154323,72.39057492466301857142857152,2,4.903348063222068819285714286,-2.260061302890649349001314,
FUTURES_LONG_BASELINE_1X,ROLLING,180D-17,HIGH_COST,0.5285880268948742704395812473,52.85880268948742704395812473,64.77755254985988571428571446,2,9.686294896255186925714285714,-2.232454964117271744613304,
FUTURES_LONG_BASELINE_1X,ROLLING,180D-17,STRESS_COST,0.2901847667853465630099228755,29.01847667853465630099228755,50.11143664292022285714285728,2,18.91317141921175900571428571,-2.179788545173807550436284,
FUTURES_LONG_BASELINE_1X,ROLLING,180D-18,LOW_COST,0.7151627709033516556797246038,71.51627709033516556797246038,76.25667462584717357142857152,2,2.466625439252967395892857143,-2.273772096259040607563254,
FUTURES_LONG_BASELINE_1X,ROLLING,180D-18,BASE_COST,0.6522716555855030040314154323,65.22716555855030040314154323,72.39057492466301857142857152,2,4.903348063222068819285714286,-2.260061302890649349001314,
FUTURES_LONG_BASELINE_1X,ROLLING,180D-18,HIGH_COST,0.5285880268948742704395812473,52.85880268948742704395812473,64.77755254985988571428571446,2,9.686294896255186925714285714,-2.232454964117271744613304,
FUTURES_LONG_BASELINE_1X,ROLLING,180D-18,STRESS_COST,0.2901847667853465630099228755,29.01847667853465630099228755,50.11143664292022285714285728,2,18.91317141921175900571428571,-2.179788545173807550436284,
FUTURES_LONG_BASELINE_1X,ROLLING,180D-19,LOW_COST,2.528594853655204517514168320,252.8594853655204517514168320,264.1844845970767478571428577,6,7.425776167540213356964285714,-3.899223064016082748761740,
FUTURES_LONG_BASELINE_1X,ROLLING,180D-19,BASE_COST,2.320032274459072870380630684,232.0032274459072870380630684,250.5901956373419700000000004,6,14.72501313767002775500000000,-3.861955053764655206936932,
FUTURES_LONG_BASELINE_1X,ROLLING,180D-19,HIGH_COST,1.913140574264956484374542314,191.3140574264956484374542314,224.0487094614635885714285720,6,28.94652874481859346857142857,-3.788123290149346665402912,
FUTURES_LONG_BASELINE_1X,ROLLING,180D-19,STRESS_COST,1.141338442758409589208407417,114.1338442758409589208407417,173.7657562234331942857142862,6,55.98329912931020078857142856,-3.648612818282034576302116,
FUTURES_LONG_BASELINE_1X,ROLLING,180D-20,LOW_COST,4.961982699149639670671397813,496.1982699149639670671397813,519.2065878984223521428571435,10,12.57742114398407547803571428,-10.430896839474309597681648,
FUTURES_LONG_BASELINE_1X,ROLLING,180D-20,BASE_COST,4.609684479264228202776334273,460.9684479264228202776334273,496.2412519685448314285714290,10,24.93674403052595760571428571,-10.336060011596053545223716,
FUTURES_LONG_BASELINE_1X,ROLLING,180D-20,HIGH_COST,3.922033075679740517030324363,392.2033075679740517030324363,451.3560249204631971428571435,10,49.00519504337008711714285714,-10.147522309119058322681850,
FUTURES_LONG_BASELINE_1X,ROLLING,180D-20,STRESS_COST,2.617529714170744311453965297,261.7529714170744311453965297,366.2535282626958742857142863,10,94.71102462347121574857142856,-9.789532222150227391746328,
FUTURES_LONG_BASELINE_1X,ROLLING,180D-21,LOW_COST,4.333882497678243178351426387,433.3882497678243178351426387,458.4420702965798114285714294,11,13.84896306042200954285714285,-11.204857468333484050571648,
FUTURES_LONG_BASELINE_1X,ROLLING,180D-21,BASE_COST,3.957411486862146151316391418,395.7411486862146151316391418,434.2990554005191685714285721,11,27.45534138531244237428571428,-11.102565328992111065503716,
FUTURES_LONG_BASELINE_1X,ROLLING,180D-21,HIGH_COST,3.223097278553839501921324365,322.3097278553839501921324365,387.1539445432569971428571437,11,53.94501290882979291714285714,-10.899203779043254033581850,
FUTURES_LONG_BASELINE_1X,ROLLING,180D-21,STRESS_COST,1.830726099883094817833451014,183.0726099883094817833451014,297.8055433632837371428571437,11,104.2199374803514570742857143,-10.512995894622798285226328,
FUTURES_LONG_BASELINE_1X,ROLLING,180D-22,LOW_COST,1.061582470257536012780115209,106.1582470257536012780115209,121.6491040233794521428571431,6,7.683916561896060603035714285,-7.806940435729790261809908,STRESS_COLLAPSE
FUTURES_LONG_BASELINE_1X,ROLLING,180D-22,BASE_COST,0.8710987223327601397929035900,87.10987223327601397929035900,110.0735849038269814285714287,6,15.22677224917691227071428571,-7.736940421374055178566784,STRESS_COLLAPSE
FUTURES_LONG_BASELINE_1X,ROLLING,180D-22,HIGH_COST,0.5002189613216884866896391927,50.02189613216884866896391927,87.51138355510815142857142873,6,29.89196352833127099142857143,-7.597523894608031768178938,STRESS_COLLAPSE
FUTURES_LONG_BASELINE_1X,ROLLING,180D-22,STRESS_COST,-0.2019338422523672368035278331,-20.19338422523672368035278331,44.78388316370809714285714311,6,57.64525492861389363428571428,-7.332012460330927188924212,STRESS_COLLAPSE
FUTURES_LONG_BASELINE_1X,ROLLING,365D-1,LOW_COST,-2.770660177818623138648347551,-277.0660177818623138648347551,-254.8865105296620492857142827,13,14.96398233611029625517857142,-7.215524916089968323941901,
FUTURES_LONG_BASELINE_1X,ROLLING,365D-1,BASE_COST,-3.146994471590809505808094876,-314.6994471590809505808094876,-277.7652223375061042857142827,13,29.76914664635815773785714285,-7.165078175216688557238062,
FUTURES_LONG_BASELINE_1X,ROLLING,365D-1,HIGH_COST,-3.887149471496006317536469816,-388.7149471496006317536469816,-322.7304695388772142857142829,13,58.91762475998027490571428572,-7.066852850743142562218413,
FUTURES_LONG_BASELINE_1X,ROLLING,365D-1,STRESS_COST,-5.296024048085618805339219326,-529.6024048085618805339219326,-407.4330801157141142857142830,13,115.2813023795176133714285715,-6.888022313330152876779078,
FUTURES_LONG_BASELINE_1X,ROLLING,365D-2,LOW_COST,-1.553768403783529908599161832,-155.3768403783529908599161832,-132.8814686762040514285714250,14,16.14606318936229335964285715,-6.349308512786646071701901,
FUTURES_LONG_BASELINE_1X,ROLLING,365D-2,BASE_COST,-1.958237707456791977838309157,-195.8237707456791977838309157,-157.4255967186269385714285680,14,32.10281919942209870071428571,-6.295354827630160511688062,
FUTURES_LONG_BASELINE_1X,ROLLING,365D-2,HIGH_COST,-2.752523125200458833184512669,-275.2523125200458833184512669,-205.5969314935476514285714254,14,63.46512288175436514857142858,-6.190258144743866741308413,
FUTURES_LONG_BASELINE_1X,ROLLING,365D-2,STRESS_COST,-4.261613700560819848786462178,-426.1613700560819848786462178,-296.2428111191017657142857112,14,123.9200911983935068685714286,-5.998467738586712295789078,
FUTURES_LONG_BASELINE_1X,ROLLING,365D-3,LOW_COST,1.141999067903279282191715271,114.1999067903279282191715271,132.9996543685939842857142886,11,12.91652882731936341107142857,-5.883218750946692655471333,STRESS_COLLAPSE
FUTURES_LONG_BASELINE_1X,ROLLING,365D-3,BASE_COST,0.8059184794676768336961179931,80.59184794676768336961179931,112.0841608829429257142857171,11,25.66071728603209437285714285,-5.831595650143147971816775,STRESS_COLLAPSE
FUTURES_LONG_BASELINE_1X,ROLLING,365D-3,HIGH_COST,0.1474684386923928838309488281,14.74684386923928838309488281,71.12580082119827142857143125,11,50.64787990688042255142857144,-5.731077045078560494047977,STRESS_COLLAPSE
FUTURES_LONG_BASELINE_1X,ROLLING,365D-3,STRESS_COST,-1.117733783293494004006904402,-111.7733783293494004006904402,-7.48584691593325142857142600,11,98.74584270559840133714285715,-5.541688707817747634976157,STRESS_COLLAPSE
FUTURES_LONG_BASELINE_1X,ROLLING,365D-4,LOW_COST,-0.9492414087612594675303857154,-94.92414087612594675303857154,-88.44125205261239785714285725,4,4.848177738605267565535714286,-1.634711084908281330360000,
FUTURES_LONG_BASELINE_1X,ROLLING,365D-4,BASE_COST,-1.061280808527892928413257145,-106.1280808527892928413257145,-94.84645169894876714285714296,4,9.653990847463606196428571428,-1.627638306376919502040000,
FUTURES_LONG_BASELINE_1X,ROLLING,365D-4,HIGH_COST,-1.282484127490440159531900002,-128.2484127490440159531900002,-107.4934181445919800000000002,4,19.14127199817941526000000000,-1.613722606272620693190000,
FUTURES_LONG_BASELINE_1X,ROLLING,365D-4,STRESS_COST,-1.714235547933753827101957144,-171.4235547933753827101957144,-132.1902704039366285714285716,4,37.64611835369699394285714285,-1.587166035741760195910000,
FUTURES_LONG_BASELINE_1X,ROLLING,365D-5,LOW_COST,-0.7966028345659191121082428621,-79.66028345659191121082428621,-73.83520149024430642857142910,4,4.839963736767959290892857143,-0.985118229579645491360000,
FUTURES_LONG_BASELINE_1X,ROLLING,365D-5,BASE_COST,-0.9082122044430904561014714339,-90.82122044430904561014714339,-80.20584580109252142857142909,4,9.634779126704236009285714285,-0.980595516512288172290000,
FUTURES_LONG_BASELINE_1X,ROLLING,365D-5,HIGH_COST,-1.128360457687287112670114291,-112.8360457687287112670114291,-92.77248153009914571428571480,4,19.09186872108185925428571428,-0.971695517547706298440000,
FUTURES_LONG_BASELINE_1X,ROLLING,365D-5,STRESS_COST,-1.557207921385109578864100005,-155.7207921385109578864100005,-117.2615499367117600000000005,4,37.50455226834129535999999999,-0.954689933457902526410000,
FUTURES_LONG_BASELINE_1X,ROLLING,365D-6,LOW_COST,-1.665943496005742145514285719,-166.5943496005742145514285719,-163.1903953640358128571428576,2,2.282716720941846694285714285,-1.121237515596555000000000,
FUTURES_LONG_BASELINE_1X,ROLLING,365D-6,BASE_COST,-1.703878442414116473000000006,-170.3878442414116473000000006,-164.7562135468797800000000005,2,4.524977853805462300000000000,-1.106652840726405000000000,
FUTURES_LONG_BASELINE_1X,ROLLING,365D-6,HIGH_COST,-1.777785106958521756857142862,-177.7785106958521756857142862,-167.8079009507158171428571434,2,8.892261283064778542857142856,-1.078348462071580000000000,
FUTURES_LONG_BASELINE_1X,ROLLING,365D-6,STRESS_COST,-1.918668681926543336600000005,-191.8668681926543336600000005,-173.6524976591284400000000005,2,17.18912945351412616000000000,-1.025241080011767500000000,
FUTURES_LONG_BASELINE_1X,ROLLING,365D-7,LOW_COST,0.1566423053507424662303516380,15.6642305350742466230351638,22.7023748410195128571428565,3,3.522176313816471058214285713,-3.515967992128795175893407,STRESS_COLLAPSE
FUTURES_LONG_BASELINE_1X,ROLLING,365D-7,BASE_COST,0.07871919928170863957254801300,7.8719199281708639572548013,18.3493279037308485714285707,3,6.989704069804400064285714286,-3.487703905755584549888055,STRESS_COLLAPSE
FUTURES_LONG_BASELINE_1X,ROLLING,365D-7,HIGH_COST,-0.1015260020748732498950476800,-10.1526002074873249895047680,6.9282346740505371428571421,3,13.68662519768042197714285714,-3.394209683857440155219053,STRESS_COLLAPSE
FUTURES_LONG_BASELINE_1X,ROLLING,365D-7,STRESS_COST,-0.4395858239131301982771838810,-43.9585823913130198277183881,-14.4662407874934228571428578,3,26.27304489925111523428571429,-3.219296704568481736289816,STRESS_COLLAPSE
FUTURES_LONG_BASELINE_1X,ROLLING,365D-8,LOW_COST,0.1566423053507424662303516380,15.6642305350742466230351638,22.7023748410195128571428565,3,3.522176313816471058214285713,-3.515967992128795175893407,STRESS_COLLAPSE
FUTURES_LONG_BASELINE_1X,ROLLING,365D-8,BASE_COST,0.07871919928170863957254801300,7.8719199281708639572548013,18.3493279037308485714285707,3,6.989704069804400064285714286,-3.487703905755584549888055,STRESS_COLLAPSE
FUTURES_LONG_BASELINE_1X,ROLLING,365D-8,HIGH_COST,-0.1015260020748732498950476800,-10.1526002074873249895047680,6.9282346740505371428571421,3,13.68662519768042197714285714,-3.394209683857440155219053,STRESS_COLLAPSE
FUTURES_LONG_BASELINE_1X,ROLLING,365D-8,STRESS_COST,-0.4395858239131301982771838810,-43.9585823913130198277183881,-14.4662407874934228571428578,3,26.27304489925111523428571429,-3.219296704568481736289816,STRESS_COLLAPSE
FUTURES_LONG_BASELINE_1X,ROLLING,365D-9,LOW_COST,1.543924321326283425077933388,154.3924321326283425077933388,164.9736669292935549999999998,4,4.791494708277376708749999999,-5.789740088387835783456661,
FUTURES_LONG_BASELINE_1X,ROLLING,365D-9,BASE_COST,1.428261338495189848789677735,142.8261338495189848789677735,158.0845719346487014285714283,4,9.510672876483482650714285715,-5.747765208646233898889369,
FUTURES_LONG_BASELINE_1X,ROLLING,365D-9,HIGH_COST,1.173877395172883646430247856,117.3877395172883646430247856,141.6707239428061485714285713,4,18.65631977754307202857142857,-5.626664647974711899832357,
FUTURES_LONG_BASELINE_1X,ROLLING,365D-9,STRESS_COST,0.6937908386650346995898818555,69.37908386650346995898818555,110.7155301261017714285714285,4,35.93736100985601218285714286,-5.399085249742289286726100,
FUTURES_LONG_BASELINE_1X,ROLLING,365D-10,LOW_COST,2.537748572259836267424361961,253.7748572259836267424361961,262.1494448309024992857142856,3,3.706085032127591759821428571,-4.668502572791280783456661,
FUTURES_LONG_BASELINE_1X,ROLLING,365D-10,BASE_COST,2.434869297281328116603963451,243.4869297281328116603963451,255.4961163752736471428571427,3,7.368074279221006583571428572,-4.641112367919828898889369,
FUTURES_LONG_BASELINE_1X,ROLLING,365D-10,HIGH_COST,2.204847131778522777401676429,220.4847131778522777401676429,239.5136881746262400000000000,3,14.48065881087083036000000000,-4.548316185903131899832357,
FUTURES_LONG_BASELINE_1X,ROLLING,365D-10,STRESS_COST,1.76926762479875970133273900,176.9267624798759701332739000,209.2976935145552400000000000,3,27.99708686494874808000000000,-4.373844169730521786726100,
FUTURES_LONG_BASELINE_1X,ROLLING,365D-11,LOW_COST,3.243757624558556173193892923,324.3757624558556173193892923,340.4411592229239214285714292,8,9.892401606793180752857142857,-6.172995160275123356324994,
FUTURES_LONG_BASELINE_1X,ROLLING,365D-11,BASE_COST,2.972303930044575874412046116,297.2303930044575874412046116,322.9807705620049885714285719,8,19.62836120089209657428571428,-6.122016356655304555938246,
FUTURES_LONG_BASELINE_1X,ROLLING,365D-11,HIGH_COST,2.441728601159830754814123561,244.1728601159830754814123561,288.8262620113234742857142865,8,38.63282364107378039428571429,-6.020578254266618410016216,
FUTURES_LONG_BASELINE_1X,ROLLING,365D-11,STRESS_COST,1.431523209543756152218330292,143.1523209543756152218330292,223.8771928663534171428571434,8,74.89647054852195979428571427,-5.828401363455842126738400,
FUTURES_LONG_BASELINE_1X,ROLLING,365D-12,LOW_COST,5.049045268581594834031150989,504.9045268581594834031150989,534.6987449224269850000000010,13,16.31558849967497693875000000,-13.478629564592524658134902,
FUTURES_LONG_BASELINE_1X,ROLLING,365D-12,BASE_COST,4.609683142447649155347806850,460.9683142447649155347806850,506.6896303251821871428571436,13,32.35868944853451119357142856,-13.362626631882760414505030,
FUTURES_LONG_BASELINE_1X,ROLLING,365D-12,HIGH_COST,3.751685305448713772360905612,375.1685305448713772360905612,451.9314970931168828571428582,13,63.63130780508497984285714286,-13.131658743160525778195154,
FUTURES_LONG_BASELINE_1X,ROLLING,365D-12,STRESS_COST,2.120910866668441380843373888,212.0910866668441380843373888,347.9169800062039600000000009,13,123.1331088995632160799999999,-12.692784439796605835662612,
FUTURES_LONG_BASELINE_1X,ROLLING,365D-13,LOW_COST,3.590177323912740530294283529,359.0177323912740530294283529,385.8335886204562000000000007,12,15.10969272943627395999999999,-11.706163499745873010571648,
FUTURES_LONG_BASELINE_1X,ROLLING,365D-13,BASE_COST,3.191130996791833010173534274,319.1130996791833010173534274,360.6637805411689514285714291,12,29.95178538684694002571428571,-11.598895475138710385503716,
FUTURES_LONG_BASELINE_1X,ROLLING,365D-13,HIGH_COST,2.413359535586644971064181507,241.3359535586644971064181507,311.5600930165717400000000007,12,58.83849227314986446000000000,-11.385647184757378433581850,
FUTURES_LONG_BASELINE_1X,ROLLING,365D-13,STRESS_COST,0.9394046005060423524048795844,93.94046005060423524048795844,218.5496393871412914285714293,12,113.6285540579240944228571429,-10.980625278612961765226328,
FUTURES_SHORT_MIRRORED_1X,YEAR,2022,LOW_COST,3.801708412262599104627023647,380.1708412262599104627023647,427.5310688963444214285714290,39,43.82387980537534803714285718,-3.536347864709162928726207,STRESS_COLLAPSE
FUTURES_SHORT_MIRRORED_1X,YEAR,2022,BASE_COST,2.752777871850451747209249300,275.2777871850451747209249300,365.7178495869484642857142862,39,86.94905505665867682785714288,-3.491007345244612736932213,STRESS_COLLAPSE
FUTURES_SHORT_MIRRORED_1X,YEAR,2022,HIGH_COST,0.7190206408523700144949874330,71.90206408523700144949874330,246.4109883087227057142857143,39,171.1076450217926292942857142,-3.401279201693074970501257,STRESS_COLLAPSE
FUTURES_SHORT_MIRRORED_1X,YEAR,2022,STRESS_COST,-3.151739908751481345901813125,-315.1739908751481345901813125,19.58692533430746285714285763,39,331.5312665493859873142857141,-3.229649660069610133038456,STRESS_COLLAPSE
FUTURES_SHORT_MIRRORED_1X,YEAR,2023,LOW_COST,-1.412141707375332467813249003,-141.2141707375332467813249003,-138.1182414482677978571428586,2,2.618354817678142006964285715,-0.477574471587306917217756,
FUTURES_SHORT_MIRRORED_1X,YEAR,2023,BASE_COST,-1.460420688968945904200125649,-146.0420688968945904200125649,-140.3844892279612371428571443,2,5.184831095897095298571428572,-0.472748573036257978583992,
FUTURES_SHORT_MIRRORED_1X,YEAR,2023,HIGH_COST,-1.554209452004145405718144014,-155.4209452004145405718144014,-144.7890602564516114285714300,2,10.16849358124020697142857143,-0.463391362722722171814400,
FUTURES_SHORT_MIRRORED_1X,YEAR,2023,STRESS_COST,-1.730717462656586831405429145,-173.0717462656586831405429145,-153.0550730786466171428571442,2,19.57109231506500027428571429,-0.445580871947065723400056,
FUTURES_SHORT_MIRRORED_1X,YEAR,2024,LOW_COST,-6.756560529331001242007697845,-675.6560529331001242007697845,-660.0790749720595592857142849,19,21.74299163246208044982142858,6.166013671421515534765929,
FUTURES_SHORT_MIRRORED_1X,YEAR,2024,BASE_COST,-7.168934217935247053883719127,-716.8934217935247053883719127,-680.1294208134858771428571420,19,42.85151935654702503857142858,6.087518376508196793056658,
FUTURES_SHORT_MIRRORED_1X,YEAR,2024,HIGH_COST,-7.957017477546636617425977913,-795.7017477546636617425977913,-718.3828209711648371428571420,19,83.25470639674907927714285716,5.935779613250254677402208,
FUTURES_SHORT_MIRRORED_1X,YEAR,2024,STRESS_COST,-9.367634495770759861563349829,-936.7634495770759861563349829,-785.3143606016121257142857135,19,157.0940420608793970514285713,5.644953085415536609379302,
FUTURES_SHORT_MIRRORED_1X,YEAR,2025,LOW_COST,3.941550396180022067180042646,394.1550396180022067180042646,410.2839749588701428571428551,21,23.22419543260279007928571428,7.095260091734853940147124,
FUTURES_SHORT_MIRRORED_1X,YEAR,2025,BASE_COST,3.345663510911517954141009062,334.5663510911517954141009062,373.0408554250391171428571408,21,45.41355025563162421142857143,6.939045921744302482672337,
FUTURES_SHORT_MIRRORED_1X,YEAR,2025,HIGH_COST,2.231321000308722436612879161,223.1321000308722436612879161,303.3361108961933514285714265,21,86.83958711149891868857142855,6.635576246177810921287918,
FUTURES_SHORT_MIRRORED_1X,YEAR,2025,STRESS_COST,0.2609052840635093536544202353,26.09052840635093536544202353,179.0310333082728514285714269,21,159.0225797194506810171428572,6.082074817528764954013454,
FUTURES_SHORT_MIRRORED_1X,ROLLING,90D-1,LOW_COST,4.550362059540375664968816501,455.0362059540375664968816501,464.0868096465875250000000000,10,11.24301287692456035375000000,2.192409184374601850631650,
FUTURES_SHORT_MIRRORED_1X,ROLLING,90D-1,BASE_COST,4.258523200890749290175545125,425.8523200890749290175545125,446.0388676014184428571428572,10,22.37239802143851310857142858,2.185850509094999268983084,
FUTURES_SHORT_MIRRORED_1X,ROLLING,90D-1,HIGH_COST,3.683954745001295533575082790,368.3954745001295533575082790,410.5233656778054599999999999,10,44.30092847066768346000000001,2.173037292991776817508279,
FUTURES_SHORT_MIRRORED_1X,ROLLING,90D-1,STRESS_COST,2.569316789279293344456118207,256.9316789279293344456118207,341.6900384922151599999999999,10,86.90692140423772936000000002,2.148561839951903805611821,
FUTURES_SHORT_MIRRORED_1X,ROLLING,90D-2,LOW_COST,-2.856508615956317010473368833,-285.6508615956317010473368833,-278.4323271897098685714285722,6,7.700605706749041769642857143,0.482071300827209293734546,
FUTURES_SHORT_MIRRORED_1X,ROLLING,90D-2,BASE_COST,-3.026714283413663374684728281,-302.6714283413663374684728281,-287.8013753389984614285714294,6,15.35201293594776626071428571,0.481959933579890220812887,
FUTURES_SHORT_MIRRORED_1X,ROLLING,90D-2,HIGH_COST,-3.364315048994150785142676218,-336.4315048994150785142676218,-306.4017767612377771428571436,6,30.51146463766527381714285715,0.481736499487972445732379,
FUTURES_SHORT_MIRRORED_1X,ROLLING,90D-2,STRESS_COST,-4.028798093371240601010823583,-402.8798093371240601010823583,-343.0764315522833485714285722,6,60.28466520367852237714285716,0.481287418837810847489071,
FUTURES_SHORT_MIRRORED_1X,ROLLING,90D-3,LOW_COST,-0.9522458017447708804430015760,-95.2245801744770880443001576,-88.7116945292603764285714297,6,7.500467003275333876607142857,0.987581358058622260878415,
FUTURES_SHORT_MIRRORED_1X,ROLLING,90D-3,BASE_COST,-1.110123038572427750799981889,-111.0123038572427750799981889,-97.0754364802402085714285725,6,14.92010306975731574428571428,0.983235692754749235716098,
FUTURES_SHORT_MIRRORED_1X,ROLLING,90D-3,HIGH_COST,-1.421423487947173629869410872,-142.1423487947173629869410872,-113.5925464801199857142857154,6,29.52454018102580850571428572,0.974737866428431233058914,
FUTURES_SHORT_MIRRORED_1X,ROLLING,90D-3,STRESS_COST,-2.027122157829316574048210433,-202.7122157829316574048210433,-145.8265972212584971428571440,6,57.84409064541763619428571430,0.958472083744475932321815,
FUTURES_SHORT_MIRRORED_1X,ROLLING,90D-4,LOW_COST,1.618246531954577188843647676,161.8246531954577188843647676,178.9980268068115492857142851,15,15.30290674618883329267857143,-1.870466865164997108670946,STRESS_COLLAPSE
FUTURES_SHORT_MIRRORED_1X,ROLLING,90D-4,BASE_COST,1.241096227629112469648274794,124.1096227629112469648274794,156.3070540006212214285714279,15,30.34509395962050274928571430,-1.852337278089471714458234,STRESS_COLLAPSE
FUTURES_SHORT_MIRRORED_1X,ROLLING,90D-4,HIGH_COST,0.5056913594782658550777908420,50.5691359478265855077790842,112.0600346390673257142857135,15,59.67391482143240391428571429,-1.816983869808336292220915,STRESS_COLLAPSE
FUTURES_SHORT_MIRRORED_1X,ROLLING,90D-4,STRESS_COST,-0.8938858872347198130861166480,-89.3885887234719813086116648,27.8441913337400285714285710,15,115.4830847699170183428571428,-1.749695287294991537183093,STRESS_COLLAPSE
FUTURES_SHORT_MIRRORED_1X,ROLLING,90D-5,LOW_COST,2.425946258472038164762069620,242.5946258472038164762069620,263.3829918039243321428571438,17,17.90589126416953474446428572,-2.882474692550980922185896,STRESS_COLLAPSE
FUTURES_SHORT_MIRRORED_1X,ROLLING,90D-5,BASE_COST,1.998923777526147660644601863,199.8923777526147660644601863,238.2315149064663185714285722,17,35.47731029632772699071428572,-2.861826857523825516254100,STRESS_COLLAPSE
FUTURES_SHORT_MIRRORED_1X,ROLLING,90D-5,HIGH_COST,1.168013158904920770477411467,116.8013158904920770477411467,189.2742173835686942857142864,17,69.65158102936491622571428573,-2.821320463711701012258854,STRESS_COLLAPSE
FUTURES_SHORT_MIRRORED_1X,ROLLING,90D-5,STRESS_COST,-0.4066567518501588031748745774,-40.66567518501588031748745774,96.4307337814968171428571438,17,134.3530919712621969257142856,-2.743316995250500534630316,STRESS_COLLAPSE
FUTURES_SHORT_MIRRORED_1X,ROLLING,90D-6,LOW_COST,2.978044735242673574945127431,297.8044735242673574945127431,321.1843712490070750000000022,17,18.27807843636556527625000002,-5.101819288374152229237259,
FUTURES_SHORT_MIRRORED_1X,ROLLING,90D-6,BASE_COST,2.523591272702349016557211395,252.3591272702349016557211395,293.6498790972029928571428593,17,36.22503553461166683357142859,-5.065716292356424367850291,
FUTURES_SHORT_MIRRORED_1X,ROLLING,90D-6,HIGH_COST,1.654165881204252215651012111,165.4165881204252215651012111,241.4980156975107457142857162,17,71.08783635232839521428571430,-4.993591224757128934898791,
FUTURES_SHORT_MIRRORED_1X,ROLLING,90D-6,STRESS_COST,0.01877828007588848042674986360,1.87782800758884804267498636,143.6479585673953600000000021,17,136.9158046485187307200000000,-4.854325911287781237325016,
FUTURES_SHORT_MIRRORED_1X,ROLLING,90D-7,LOW_COST,-0.6324729334204099868883669989,-63.24729334204099868883669989,-49.10978990519672999999999781,9,11.85741295228582851000000001,-2.280090484558440178836702,
FUTURES_SHORT_MIRRORED_1X,ROLLING,90D-7,BASE_COST,-0.9003113774191822679007112392,-90.03113774191822679007112392,-64.23487147685959571428571199,9,23.52643774914539454785714285,-2.269828515913236527928269,
FUTURES_SHORT_MIRRORED_1X,ROLLING,90D-7,HIGH_COST,-1.408280665134708099584621319,-140.8280665134708099584621319,-92.33262826802558285714285507,9,46.24739425483998978285714285,-2.248043990605237318462134,
FUTURES_SHORT_MIRRORED_1X,ROLLING,90D-7,STRESS_COST,-2.365181628318439272970093055,-236.5181628318439272970093055,-144.9673467318084857142857124,9,89.34614928362868161142857142,-2.204666816406759971295022,
FUTURES_SHORT_MIRRORED_1X,ROLLING,90D-8,LOW_COST,0.3543042180911277715917453731,35.43042180911277715917453731,42.93620946697531857142857220,5,6.607992359313555382857142858,-0.897795298548986029396892,STRESS_COLLAPSE
FUTURES_SHORT_MIRRORED_1X,ROLLING,90D-8,BASE_COST,0.1950322239721959881382211148,19.50322239721959881382211148,33.50930033517150285714285811,5,13.11506222141666984857142857,-0.891015716535234194749318,STRESS_COLLAPSE
FUTURES_SHORT_MIRRORED_1X,ROLLING,90D-8,HIGH_COST,-0.1008646991404060363800468914,-10.08646991404060363800468914,16.55518473183845714285714363,5,25.76537332525410710285714285,-0.876281320624953678004690,STRESS_COLLAPSE
FUTURES_SHORT_MIRRORED_1X,ROLLING,90D-8,STRESS_COST,-0.6527187036502605240784498034,-65.27187036502605240784498034,-14.74801014778573714285714212,5,49.67656472535694443428571428,-0.847295491883370830702124,STRESS_COLLAPSE
FUTURES_SHORT_MIRRORED_1X,ROLLING,90D-9,LOW_COST,-0.5564596122987457019622162100,-55.64596122987457019622162100,-47.21476431674444214285714371,6,6.728501331123430480535714287,-1.702695582006697572828763,
FUTURES_SHORT_MIRRORED_1X,ROLLING,90D-9,BASE_COST,-0.7099744360152429026168255268,-70.99744360152429026168255268,-56.01703685605282000000000079,6,13.30349187772459229000000000,-1.676914867746877971682552,
FUTURES_SHORT_MIRRORED_1X,ROLLING,90D-9,HIGH_COST,-1.006756432034030068330517057,-100.6756432034030068330517057,-73.03448055811894285714285786,6,26.01405734715070930285714286,-1.627105298133354673051705,
FUTURES_SHORT_MIRRORED_1X,ROLLING,90D-9,STRESS_COST,-1.561800122651620934226033862,-156.1800122651620934226033862,-104.8553603415724457142857148,6,49.79132606532051737142857143,-1.533325858269130336889100,
FUTURES_SHORT_MIRRORED_1X,ROLLING,90D-10,LOW_COST,-1.734427245811943762297073531,-173.4427245811943762297073531,-166.4439776518579228571428584,5,5.420547229976125880714285715,-1.578199699360327491850209,
FUTURES_SHORT_MIRRORED_1X,ROLLING,90D-10,BASE_COST,-1.846530179250227744713859380,-184.6530179250227744713859380,-172.3932005382316042857142869,5,10.70512532645426642214285714,-1.554692060336903763528794,
FUTURES_SHORT_MIRRORED_1X,ROLLING,90D-10,HIGH_COST,-2.062344798492483274573264881,-206.2344798492483274573264881,-183.8397837401244971428571440,5,20.88540747485255213714285714,-1.509288634271278177326487,
FUTURES_SHORT_MIRRORED_1X,ROLLING,90D-10,STRESS_COST,-2.461989182477615604301721629,-246.1989182477615604301721629,-204.9799577598392400000000010,5,39.79511109160255800000000000,-1.423849396319762430172162,
FUTURES_SHORT_MIRRORED_1X,ROLLING,90D-11,LOW_COST,-1.734427245811943762297073531,-173.4427245811943762297073531,-166.4439776518579228571428584,5,5.420547229976125880714285715,-1.578199699360327491850209,
FUTURES_SHORT_MIRRORED_1X,ROLLING,90D-11,BASE_COST,-1.846530179250227744713859380,-184.6530179250227744713859380,-172.3932005382316042857142869,5,10.70512532645426642214285714,-1.554692060336903763528794,
FUTURES_SHORT_MIRRORED_1X,ROLLING,90D-11,HIGH_COST,-2.062344798492483274573264881,-206.2344798492483274573264881,-183.8397837401244971428571440,5,20.88540747485255213714285714,-1.509288634271278177326487,
FUTURES_SHORT_MIRRORED_1X,ROLLING,90D-11,STRESS_COST,-2.461989182477615604301721629,-246.1989182477615604301721629,-204.9799577598392400000000010,5,39.79511109160255800000000000,-1.423849396319762430172162,
FUTURES_SHORT_MIRRORED_1X,ROLLING,90D-12,LOW_COST,-0.7540566831621519547890819289,-75.40566831621519547890819289,-74.82718136380818857142857175,1,1.325653854727097147142857143,0.747166902320090239663236,
FUTURES_SHORT_MIRRORED_1X,ROLLING,90D-12,BASE_COST,-0.7784441939748956033394166603,-77.84441939748956033394166603,-75.95826425301982857142857174,1,2.626259678857927914285714286,0.740104534388196151772620,
FUTURES_SHORT_MIRRORED_1X,ROLLING,90D-12,HIGH_COST,-0.8259090551950437605079839030,-82.59090551950437605079839030,-78.16191128825468571428571459,1,5.155408376941770685714285715,0.726414145692080349201610,
FUTURES_SHORT_MIRRORED_1X,ROLLING,90D-12,STRESS_COST,-0.9155624467425491682788300173,-91.55624467425491682788300173,-82.31557869949817142857142887,1,9.941013365605764342857142858,0.700347390849018943545570,
FUTURES_SHORT_MIRRORED_1X,ROLLING,90D-13,LOW_COST,-0.8973956492022587954311061394,-89.73956492022587954311061394,-88.47991876915589214285714365,1,1.319641328847068823035714286,0.059995177777081422782244,
FUTURES_SHORT_MIRRORED_1X,ROLLING,90D-13,BASE_COST,-0.9200008485714502112286970706,-92.00008485714502112286970706,-89.44595216602631142857142935,1,2.613542410032003955714285714,0.059409718913294261416008,
FUTURES_SHORT_MIRRORED_1X,ROLLING,90D-13,HIGH_COST,-0.9639504635276025585181440077,-96.39504635276025585181440077,-91.32604394599314285714285791,1,5.127277066612233142857142858,0.058274659845120148185600,
FUTURES_SHORT_MIRRORED_1X,ROLLING,90D-13,STRESS_COST,-1.046698231499606172634000567,-104.6698231499606172634000567,-94.85140809290328000000000074,1,9.874528816782036960000000002,0.056113759724699696599944,
FUTURES_SHORT_MIRRORED_1X,ROLLING,90D-14,LOW_COST,-0.8973956492022587954311061394,-89.73956492022587954311061394,-88.47991876915589214285714365,1,1.319641328847068823035714286,0.059995177777081422782244,
FUTURES_SHORT_MIRRORED_1X,ROLLING,90D-14,BASE_COST,-0.9200008485714502112286970706,-92.00008485714502112286970706,-89.44595216602631142857142935,1,2.613542410032003955714285714,0.059409718913294261416008,
FUTURES_SHORT_MIRRORED_1X,ROLLING,90D-14,HIGH_COST,-0.9639504635276025585181440077,-96.39504635276025585181440077,-91.32604394599314285714285791,1,5.127277066612233142857142858,0.058274659845120148185600,
FUTURES_SHORT_MIRRORED_1X,ROLLING,90D-14,STRESS_COST,-1.046698231499606172634000567,-104.6698231499606172634000567,-94.85140809290328000000000074,1,9.874528816782036960000000002,0.056113759724699696599944,
FUTURES_SHORT_MIRRORED_1X,ROLLING,90D-15,LOW_COST,-0.8973956492022587954311061394,-89.73956492022587954311061394,-88.47991876915589214285714365,1,1.319641328847068823035714286,0.059995177777081422782244,
FUTURES_SHORT_MIRRORED_1X,ROLLING,90D-15,BASE_COST,-0.9200008485714502112286970706,-92.00008485714502112286970706,-89.44595216602631142857142935,1,2.613542410032003955714285714,0.059409718913294261416008,
FUTURES_SHORT_MIRRORED_1X,ROLLING,90D-15,HIGH_COST,-0.9639504635276025585181440077,-96.39504635276025585181440077,-91.32604394599314285714285791,1,5.127277066612233142857142858,0.058274659845120148185600,
FUTURES_SHORT_MIRRORED_1X,ROLLING,90D-15,STRESS_COST,-1.046698231499606172634000567,-104.6698231499606172634000567,-94.85140809290328000000000074,1,9.874528816782036960000000002,0.056113759724699696599944,
FUTURES_SHORT_MIRRORED_1X,ROLLING,90D-16,LOW_COST,0,0,0,0,0,0,
FUTURES_SHORT_MIRRORED_1X,ROLLING,90D-16,BASE_COST,0,0,0,0,0,0,
FUTURES_SHORT_MIRRORED_1X,ROLLING,90D-16,HIGH_COST,0,0,0,0,0,0,
FUTURES_SHORT_MIRRORED_1X,ROLLING,90D-16,STRESS_COST,0,0,0,0,0,0,
FUTURES_SHORT_MIRRORED_1X,ROLLING,90D-17,LOW_COST,0,0,0,0,0,0,
FUTURES_SHORT_MIRRORED_1X,ROLLING,90D-17,BASE_COST,0,0,0,0,0,0,
FUTURES_SHORT_MIRRORED_1X,ROLLING,90D-17,HIGH_COST,0,0,0,0,0,0,
FUTURES_SHORT_MIRRORED_1X,ROLLING,90D-17,STRESS_COST,0,0,0,0,0,0,
FUTURES_SHORT_MIRRORED_1X,ROLLING,90D-18,LOW_COST,-0.5147460581730736723821428638,-51.47460581730736723821428638,-49.63832267911190571428571495,1,1.298713488831073183928571429,-0.537569649364388340000000,
FUTURES_SHORT_MIRRORED_1X,ROLLING,90D-18,BASE_COST,-0.5404198403974956929714285780,-54.04198403974956929714285780,-50.93853706193492571428571494,1,2.571288685865091342857142858,-0.532158291949552240000000,
FUTURES_SHORT_MIRRORED_1X,ROLLING,90D-18,HIGH_COST,-0.5902589884765428472000000064,-59.02589884765428472000000064,-53.46301631045846857142857207,1,5.041216514627973828571428572,-0.521666022567842320000000,
FUTURES_SHORT_MIRRORED_1X,ROLLING,90D-18,STRESS_COST,-0.6840192311569806587714285777,-68.40192311569806587714285777,-58.20366498574333714285714348,1,9.696563498282963314285714286,-0.501694631671765420000000,
FUTURES_SHORT_MIRRORED_1X,ROLLING,90D-19,LOW_COST,-0.5147460581730736723821428638,-51.47460581730736723821428638,-49.63832267911190571428571495,1,1.298713488831073183928571429,-0.537569649364388340000000,
FUTURES_SHORT_MIRRORED_1X,ROLLING,90D-19,BASE_COST,-0.5404198403974956929714285780,-54.04198403974956929714285780,-50.93853706193492571428571494,1,2.571288685865091342857142858,-0.532158291949552240000000,
FUTURES_SHORT_MIRRORED_1X,ROLLING,90D-19,HIGH_COST,-0.5902589884765428472000000064,-59.02589884765428472000000064,-53.46301631045846857142857207,1,5.041216514627973828571428572,-0.521666022567842320000000,
FUTURES_SHORT_MIRRORED_1X,ROLLING,90D-19,STRESS_COST,-0.6840192311569806587714285777,-68.40192311569806587714285777,-58.20366498574333714285714348,1,9.696563498282963314285714286,-0.501694631671765420000000,
FUTURES_SHORT_MIRRORED_1X,ROLLING,90D-20,LOW_COST,-0.5147460581730736723821428638,-51.47460581730736723821428638,-49.63832267911190571428571495,1,1.298713488831073183928571429,-0.537569649364388340000000,
FUTURES_SHORT_MIRRORED_1X,ROLLING,90D-20,BASE_COST,-0.5404198403974956929714285780,-54.04198403974956929714285780,-50.93853706193492571428571494,1,2.571288685865091342857142858,-0.532158291949552240000000,
FUTURES_SHORT_MIRRORED_1X,ROLLING,90D-20,HIGH_COST,-0.5902589884765428472000000064,-59.02589884765428472000000064,-53.46301631045846857142857207,1,5.041216514627973828571428572,-0.521666022567842320000000,
FUTURES_SHORT_MIRRORED_1X,ROLLING,90D-20,STRESS_COST,-0.6840192311569806587714285777,-68.40192311569806587714285777,-58.20366498574333714285714348,1,9.696563498282963314285714286,-0.501694631671765420000000,
FUTURES_SHORT_MIRRORED_1X,ROLLING,90D-21,LOW_COST,0,0,0,0,0,0,
FUTURES_SHORT_MIRRORED_1X,ROLLING,90D-21,BASE_COST,0,0,0,0,0,0,
FUTURES_SHORT_MIRRORED_1X,ROLLING,90D-21,HIGH_COST,0,0,0,0,0,0,
FUTURES_SHORT_MIRRORED_1X,ROLLING,90D-21,STRESS_COST,0,0,0,0,0,0,
FUTURES_SHORT_MIRRORED_1X,ROLLING,90D-22,LOW_COST,0,0,0,0,0,0,
FUTURES_SHORT_MIRRORED_1X,ROLLING,90D-22,BASE_COST,0,0,0,0,0,0,
FUTURES_SHORT_MIRRORED_1X,ROLLING,90D-22,HIGH_COST,0,0,0,0,0,0,
FUTURES_SHORT_MIRRORED_1X,ROLLING,90D-22,STRESS_COST,0,0,0,0,0,0,
FUTURES_SHORT_MIRRORED_1X,ROLLING,90D-23,LOW_COST,0,0,0,0,0,0,
FUTURES_SHORT_MIRRORED_1X,ROLLING,90D-23,BASE_COST,0,0,0,0,0,0,
FUTURES_SHORT_MIRRORED_1X,ROLLING,90D-23,HIGH_COST,0,0,0,0,0,0,
FUTURES_SHORT_MIRRORED_1X,ROLLING,90D-23,STRESS_COST,0,0,0,0,0,0,
FUTURES_SHORT_MIRRORED_1X,ROLLING,90D-24,LOW_COST,-0.5720954720617965765945142890,-57.20954720617965765945142890,-58.48346865206351857142857176,1,1.294490447080527589642857143,2.568411892964388501620000,
FUTURES_SHORT_MIRRORED_1X,ROLLING,90D-24,BASE_COST,-0.5969087466430463002497142890,-59.69087466430463002497142890,-59.67050913957754285714285747,1,2.562144166894603971428571428,2.541778642167516803600000,
FUTURES_SHORT_MIRRORED_1X,ROLLING,90D-24,HIGH_COST,-0.6450231066777479270234000032,-64.50231066777479270234000032,-61.97223331947490857142857175,1,5.020212749877195388571428572,2.490135401577311257660000,
FUTURES_SHORT_MIRRORED_1X,ROLLING,90D-24,STRESS_COST,-0.7352964065406167988936285745,-73.52964065406167988936285745,-66.27718946043253714285714316,1,9.644308626833888434285714286,2.391857433204745687780000,
FUTURES_SHORT_MIRRORED_1X,ROLLING,90D-25,LOW_COST,-2.577948285310230466113800008,-257.7948285310230466113800008,-257.1565393350748800000000008,3,3.789722576298075750000000000,3.151433380349909138620000,
FUTURES_SHORT_MIRRORED_1X,ROLLING,90D-25,BASE_COST,-2.631477727280961561988285723,-263.1477727280961561988285723,-258.7856684860786771428571437,3,7.478664324720908578571428572,3.116560082703429522600000,
FUTURES_SHORT_MIRRORED_1X,ROLLING,90D-25,HIGH_COST,-2.734172199553791080893400008,-273.4172199553791080893400008,-261.8977645615485057142857151,3,14.56849186124203486571428572,3.049036467411432490660000,
FUTURES_SHORT_MIRRORED_1X,ROLLING,90D-25,STRESS_COST,-2.914451721209567493782200009,-291.4451721209567493782200009,-266.7562203414263600000000009,3,27.60764977282191592000000000,2.918697993291526541780000,
FUTURES_SHORT_MIRRORED_1X,ROLLING,90D-26,LOW_COST,-3.862624414696128907583871436,-386.2624414696128907583871436,-382.2737377599063478571428579,7,8.170998718400975154464285714,4.182295008694432253220000,
FUTURES_SHORT_MIRRORED_1X,ROLLING,90D-26,BASE_COST,-3.990842728070235251490285722,-399.0842728070235251490285722,-387.1026203086037071428571436,7,16.11390431185283581357142857,4.132251813433017807400000,
FUTURES_SHORT_MIRRORED_1X,ROLLING,90D-26,HIGH_COST,-4.236499760968144110883400007,-423.6499760968144110883400007,-396.3375551844258400000000007,7,31.34789059855441112000000001,4.035469686165840031660000,
FUTURES_SHORT_MIRRORED_1X,ROLLING,90D-26,STRESS_COST,-4.678467931932689658907057150,-467.8467931932689658907057150,-412.3716298561233542857142865,7,59.32545393826789246857142858,3.850290601122280863580000,
FUTURES_SHORT_MIRRORED_1X,ROLLING,90D-27,LOW_COST,-4.834823916943640971979707263,-483.4823916943640971979707263,-475.9091454643300928571428576,8,9.367699358706981550714285713,1.794453128672977209886417,
FUTURES_SHORT_MIRRORED_1X,ROLLING,90D-27,BASE_COST,-4.978384704431383688826565073,-497.8384704431383688826565073,-481.1341120042573342857142861,8,18.47316289143290667714285714,1.768804452551872080200636,
FUTURES_SHORT_MIRRORED_1X,ROLLING,90D-27,HIGH_COST,-5.253180976511322729307091464,-525.3180976511322729307091464,-491.1031519502295685714285718,8,35.93427550084096440857142858,1.719329799938260049290854,
FUTURES_SHORT_MIRRORED_1X,ROLLING,90D-27,STRESS_COST,-5.747389427802414338196667881,-574.7389427802414338196667881,-508.3627192140907657142857147,8,68.00044971339608505142857143,1.624226147245416946047498,
FUTURES_SHORT_MIRRORED_1X,ROLLING,90D-28,LOW_COST,-2.828971103695207082460421544,-282.8971103695207082460421544,-277.2360747813187314285714285,6,6.872467229489433390357142856,1.211431641287456572886417,
FUTURES_SHORT_MIRRORED_1X,ROLLING,90D-28,BASE_COST,-2.943815723793468427087993639,-294.3815723793468427087993639,-282.0189526577561999999999999,6,13.55664273360660207000000000,1.194023012015959361200636,
FUTURES_SHORT_MIRRORED_1X,ROLLING,90D-28,HIGH_COST,-3.164031883635279575437091460,-316.4031883635279575437091460,-291.1776207081559714285714285,6,26.38599638947612493142857144,1.160428734104138816290854,
FUTURES_SHORT_MIRRORED_1X,ROLLING,90D-28,STRESS_COST,-3.568234113133463643308096447,-356.8234113133463643308096447,-307.8836883330969428571428571,6,50.03710856740805756571428572,1.097385587158636092047498,
FUTURES_SHORT_MIRRORED_1X,ROLLING,90D-29,LOW_COST,-2.469720521415056613498706916,-246.9720521415056613498706916,-244.1645476530332635714285714,3,3.726485590450163885892857142,0.918981101977766107450737,
FUTURES_SHORT_MIRRORED_1X,ROLLING,90D-29,BASE_COST,-2.527390225312139057826766260,-252.7390225312139057826766260,-246.2857629824302200000000000,3,7.360621208660422350000000000,0.907361659876736567323374,
FUTURES_SHORT_MIRRORED_1X,ROLLING,90D-29,HIGH_COST,-2.638230341373126198226453860,-263.8230341373126198226453860,-250.3443595522906371428571429,3,14.36353449152737987714285714,0.884859906505397197354614,
FUTURES_SHORT_MIRRORED_1X,ROLLING,90D-29,STRESS_COST,-2.838326489465415586069785466,-283.8326489465415586069785466,-257.3325933530215485714285714,3,27.33983365723739333714285714,0.839778063717383301592882,
FUTURES_SHORT_MIRRORED_1X,ROLLING,90D-30,LOW_COST,-0.3266502515613214047083871779,-32.66502515613214047083871779,-27.03832960917319285714285610,6,6.425716344215246313214285713,0.799020797256298699518424,
FUTURES_SHORT_MIRRORED_1X,ROLLING,90D-30,BASE_COST,-0.4832891651232156980065267650,-48.32891651232156980065267650,-36.45831325867394714285714185,6,12.65992321835839792357142857,0.789319964710775265775894,
FUTURES_SHORT_MIRRORED_1X,ROLLING,90D-30,HIGH_COST,-0.7824193209933368217252885305,-78.24193209933368217252885305,-54.43193862758859714285714185,6,24.58050863893332203714285714,0.770515167188237007471146,
FUTURES_SHORT_MIRRORED_1X,ROLLING,90D-30,STRESS_COST,-1.308546915209008673769527229,-130.8546915209008673769527229,-85.36889489837863999999999902,6,46.21814506658892591999999999,0.732348444066698543047276,
FUTURES_SHORT_MIRRORED_1X,ROLLING,90D-31,LOW_COST,-0.3266502515613214047083871779,-32.66502515613214047083871779,-27.03832960917319285714285610,6,6.425716344215246313214285713,0.799020797256298699518424,
FUTURES_SHORT_MIRRORED_1X,ROLLING,90D-31,BASE_COST,-0.4832891651232156980065267650,-48.32891651232156980065267650,-36.45831325867394714285714185,6,12.65992321835839792357142857,0.789319964710775265775894,
FUTURES_SHORT_MIRRORED_1X,ROLLING,90D-31,HIGH_COST,-0.7824193209933368217252885305,-78.24193209933368217252885305,-54.43193862758859714285714185,6,24.58050863893332203714285714,0.770515167188237007471146,
FUTURES_SHORT_MIRRORED_1X,ROLLING,90D-31,STRESS_COST,-1.308546915209008673769527229,-130.8546915209008673769527229,-85.36889489837863999999999902,6,46.21814506658892591999999999,0.732348444066698543047276,
FUTURES_SHORT_MIRRORED_1X,ROLLING,90D-32,LOW_COST,0.06333496918347758918758050690,6.33349691834775891875805069,12.35801931558980214285714435,6,6.411784129124564674464285713,0.387261731882521450365192,LOW_COST_ONLY_EDGE;COST_DOMINATED_PERIOD
FUTURES_SHORT_MIRRORED_1X,ROLLING,90D-32,BASE_COST,-0.09698767170447556254506714600,-9.69876717044755625450671460,2.54732310733740000000000149,6,12.62833816530674250000000000,0.382247887521786245493284,LOW_COST_ONLY_EDGE;COST_DOMINATED_PERIOD
FUTURES_SHORT_MIRRORED_1X,ROLLING,90D-32,HIGH_COST,-0.4029933254531878960733240460,-40.29933254531878960733240460,-16.16874074354555999999999853,6,24.50312447873869836000000000,0.372532676965468752667594,LOW_COST_ONLY_EDGE;COST_DOMINATED_PERIOD
FUTURES_SHORT_MIRRORED_1X,ROLLING,90D-32,STRESS_COST,-0.9452243980065688608917500706,-94.52243980065688608917500706,-48.82935401350270857142857007,6,46.04729627341550877714285713,0.354210486261331259396420,LOW_COST_ONLY_EDGE;COST_DOMINATED_PERIOD
FUTURES_SHORT_MIRRORED_1X,ROLLING,90D-33,LOW_COST,-0.5354403263609489786123891156,-53.54403263609489786123891156,-52.64932237178300499999999956,1,1.221362287972948261250000,0.326652023661055400011088,
FUTURES_SHORT_MIRRORED_1X,ROLLING,90D-33,BASE_COST,-0.5566380088892041847793130014,-55.66380088892041847793130014,-53.57812578118770285714285671,1,2.407633409134092091428571428,0.321958301401376470640128,
FUTURES_SHORT_MIRRORED_1X,ROLLING,90D-33,HIGH_COST,-0.5971000236120507271273979158,-59.71000236120507271273979158,-55.34333158296896285714285672,1,4.679552679169007522857142857,0.312881900932897667260208,
FUTURES_SHORT_MIRRORED_1X,ROLLING,90D-33,STRESS_COST,-0.6707860698526342950087690017,-67.07860698526342950087690017,-58.52477364974566857142857103,1,8.849680462101895177142857142,0.295847126584134247694528,
FUTURES_SHORT_MIRRORED_1X,ROLLING,90D-34,LOW_COST,-1.369245101581401658712389113,-136.9245101581401658712389113,-134.8077533344644049999999993,2,2.443408847336816271250000,0.326652023661055400011088,
FUTURES_SHORT_MIRRORED_1X,ROLLING,90D-34,BASE_COST,-1.407108229068704947736455856,-140.7108229068704947736455856,-136.2169000150798314285714278,2,4.815881193192039815714285714,0.321958301401376470640128,
FUTURES_SHORT_MIRRORED_1X,ROLLING,90D-34,HIGH_COST,-1.479220440625668186727397913,-147.9220440625668186727397913,-138.8774847475747057142857136,2,9.357441215925010625714285714,0.312881900932897667260208,
FUTURES_SHORT_MIRRORED_1X,ROLLING,90D-34,STRESS_COST,-1.609877699989958124265911856,-160.9877699989958124265911856,-143.5982374516411542857142850,2,17.68537967393879238857142857,0.295847126584134247694528,
FUTURES_SHORT_MIRRORED_1X,ROLLING,90D-35,LOW_COST,0.7364882727866415123984882071,73.64882727866415123984882071,74.24872526573294285714285701,4,4.599073873366410606785714286,3.999175886297618989491678,
FUTURES_SHORT_MIRRORED_1X,ROLLING,90D-35,BASE_COST,0.6238890233751112949624619991,62.38890233751112949624619991,67.49618275940064999999999991,4,9.043348950866551375000000000,3.936068528977030871246200,
FUTURES_SHORT_MIRRORED_1X,ROLLING,90D-35,HIGH_COST,0.4092264374498670846120713792,40.92264374498670846120713792,54.59881531456482857142857132,4,17.49041547551764541142857143,3.814243905939525301207138,
FUTURES_SHORT_MIRRORED_1X,ROLLING,90D-35,STRESS_COST,0.01864940651331422045114270500,1.86494065133142204511427050,31.03933550250422857142857136,4,32.76080867979555330285714286,3.586413828622746776542842,
FUTURES_SHORT_MIRRORED_1X,ROLLING,90D-36,LOW_COST,6.112117274313496335396100063,611.2117274313496335396100063,614.5800934528705721428571421,7,7.441974996287675906964285714,4.073608974766737303717150,
FUTURES_SHORT_MIRRORED_1X,ROLLING,90D-36,BASE_COST,5.821171333933843764439256142,582.1171333933843764439256142,592.7231539751656042857142850,7,14.61471014145448545785714286,4.008689559673257616068472,
FUTURES_SHORT_MIRRORED_1X,ROLLING,90D-36,HIGH_COST,5.267061319429273212051905613,526.7061319429273212051905613,551.0170882554874885714285707,7,28.19436653448625775142857144,3.883410221926090385190562,
FUTURES_SHORT_MIRRORED_1X,ROLLING,90D-36,STRESS_COST,4.260028477232255171849089030,426.0028477232255171849089030,474.9041307994943657142857137,7,52.55056351024054230857142858,3.649280433971693779194618,
FUTURES_SHORT_MIRRORED_1X,ROLLING,90D-37,LOW_COST,3.709562721294939530897211421,370.9562721294939530897211421,379.6238441917853614285714274,12,12.89739264758106411214285714,4.229820585289655773292572,
FUTURES_SHORT_MIRRORED_1X,ROLLING,90D-37,BASE_COST,3.362096970403929109728781033,336.2096970403929109728781033,357.3281674574666628571428559,12,25.27976498241096844857142857,4.161294565337216564306676,
FUTURES_SHORT_MIRRORED_1X,ROLLING,90D-37,HIGH_COST,2.711237691620851429397163339,271.1237691620851429397163339,315.6503310797553628571428560,12,48.55458660592390971714285714,4.028024688253689799716335,
FUTURES_SHORT_MIRRORED_1X,ROLLING,90D-37,STRESS_COST,1.537169394581500969383745314,153.7169394581500969383745314,239.5998206484702914285714276,12,89.66231290676785829714285715,3.779431716447663806945961,
FUTURES_SHORT_MIRRORED_1X,ROLLING,90D-38,LOW_COST,2.146297396252875350804794639,214.6297396252875350804794639,227.3892972469706464285714272,12,12.64124224228020704089285713,-0.118315379402904307199106,
FUTURES_SHORT_MIRRORED_1X,ROLLING,90D-38,BASE_COST,1.810901492708090928839176174,181.0901492708090928839176174,205.9527477938399042857142843,12,24.74609299115845117785714286,-0.116505531872360223939524,
FUTURES_SHORT_MIRRORED_1X,ROLLING,90D-38,HIGH_COST,1.186672710133773516935091958,118.6672710133773516935091958,166.1909859951091542857142844,12,47.40958393932304208571428570,-0.114131042408760506490803,
FUTURES_SHORT_MIRRORED_1X,ROLLING,90D-38,STRESS_COST,0.07429935337645600828545974900,7.42993533764560082854597490,94.64906020835721714285714167,12,87.10968952770545404571428572,-0.109435343006162268596881,
FUTURES_SHORT_MIRRORED_1X,ROLLING,90D-39,LOW_COST,-3.229331605273979472192817217,-322.9331605273979472192817217,-312.9420709401669828571428579,9,9.798341119358941740714285713,-0.192748467872022621424578,
FUTURES_SHORT_MIRRORED_1X,ROLLING,90D-39,BASE_COST,-3.386380817850641540637617969,-338.6380817850641540637617969,-319.2742234219250500000000008,9,19.17473180057051709500000000,-0.189126562568586968761796,
FUTURES_SHORT_MIRRORED_1X,ROLLING,90D-39,HIGH_COST,-3.671162171845632610504742276,-367.1162171845632610504742276,-330.2272869458135057142857150,9,36.70563288035442974571428570,-0.183297358395325590474227,
FUTURES_SHORT_MIRRORED_1X,ROLLING,90D-39,STRESS_COST,-4.167079717342484943112486577,-416.7079717342484943112486577,-349.2157350886329200000000007,9,67.31993469726046504000000000,-0.172301948355109271248657,
FUTURES_SHORT_MIRRORED_1X,ROLLING,90D-40,LOW_COST,0.007027722965030012406071422100,0.70277229650300124060714221,4.17260928359962785714285652,3,3.120876908701685525535714285,-0.348960078394941091000000,LOW_COST_ONLY_EDGE;COST_DOMINATED_PERIOD
FUTURES_SHORT_MIRRORED_1X,ROLLING,90D-40,BASE_COST,-0.07683623414122612297000000620,-7.68362341412261229700000062,-1.24046267033398000000000061,3,6.101429175556086380000000000,-0.341731568232545917000000,LOW_COST_ONLY_EDGE;COST_DOMINATED_PERIOD
FUTURES_SHORT_MIRRORED_1X,ROLLING,90D-40,HIGH_COST,-0.2332181270235933682500000055,-23.32181270235933682500000055,-11.32637660547563714285714341,3,11.66752427216077467714285714,-0.327911824722925005000000,LOW_COST_ONLY_EDGE;COST_DOMINATED_PERIOD
FUTURES_SHORT_MIRRORED_1X,ROLLING,90D-40,STRESS_COST,-0.5051290045544069113900000055,-50.51290045544069113900000055,-28.83796113571336000000000052,3,21.37248608889625184000000000,-0.302453230831079299000000,LOW_COST_ONLY_EDGE;COST_DOMINATED_PERIOD
FUTURES_SHORT_MIRRORED_1X,ROLLING,90D-41,LOW_COST,-1.010611439297072973384603419,-101.0611439297072973384603419,-99.89870113019233142857142904,1,1.254557896285315702857142857,0.092115096770349792968230,
FUTURES_SHORT_MIRRORED_1X,ROLLING,90D-41,BASE_COST,-1.012036913941427374228469319,-101.2036913941427374228469319,-98.85329048162221714285714331,1,2.439977166850195748571428572,0.089576254329675468581640,
FUTURES_SHORT_MIRRORED_1X,ROLLING,90D-41,HIGH_COST,-1.013120017895267128765883504,-101.3120017895267128765883504,-96.77873897080205714285714329,1,4.618030040328643657142857143,0.084767221603987923411650,
FUTURES_SHORT_MIRRORED_1X,ROLLING,90D-41,STRESS_COST,-1.008783533432222950471391390,-100.8783533432222950471391390,-92.66455387035126857142857181,1,8.289880714238447177142857144,0.076081241367420701432290,
FUTURES_SHORT_MIRRORED_1X,ROLLING,90D-42,LOW_COST,-1.010611439297072973384603419,-101.0611439297072973384603419,-99.89870113019233142857142904,1,1.254557896285315702857142857,0.092115096770349792968230,
FUTURES_SHORT_MIRRORED_1X,ROLLING,90D-42,BASE_COST,-1.012036913941427374228469319,-101.2036913941427374228469319,-98.85329048162221714285714331,1,2.439977166850195748571428572,0.089576254329675468581640,
FUTURES_SHORT_MIRRORED_1X,ROLLING,90D-42,HIGH_COST,-1.013120017895267128765883504,-101.3120017895267128765883504,-96.77873897080205714285714329,1,4.618030040328643657142857143,0.084767221603987923411650,
FUTURES_SHORT_MIRRORED_1X,ROLLING,90D-42,STRESS_COST,-1.008783533432222950471391390,-100.8783533432222950471391390,-92.66455387035126857142857181,1,8.289880714238447177142857144,0.076081241367420701432290,
FUTURES_SHORT_MIRRORED_1X,ROLLING,90D-43,LOW_COST,-1.010611439297072973384603419,-101.0611439297072973384603419,-99.89870113019233142857142904,1,1.254557896285315702857142857,0.092115096770349792968230,
FUTURES_SHORT_MIRRORED_1X,ROLLING,90D-43,BASE_COST,-1.012036913941427374228469319,-101.2036913941427374228469319,-98.85329048162221714285714331,1,2.439977166850195748571428572,0.089576254329675468581640,
FUTURES_SHORT_MIRRORED_1X,ROLLING,90D-43,HIGH_COST,-1.013120017895267128765883504,-101.3120017895267128765883504,-96.77873897080205714285714329,1,4.618030040328643657142857143,0.084767221603987923411650,
FUTURES_SHORT_MIRRORED_1X,ROLLING,90D-43,STRESS_COST,-1.008783533432222950471391390,-100.8783533432222950471391390,-92.66455387035126857142857181,1,8.289880714238447177142857144,0.076081241367420701432290,
FUTURES_SHORT_MIRRORED_1X,ROLLING,90D-44,LOW_COST,1.697235106876870614428571431,169.7235106876870614428571431,170.9056933995519428571428574,1,1.182182711864881414285714286,0,
FUTURES_SHORT_MIRRORED_1X,ROLLING,90D-44,BASE_COST,1.637200043770318429371428575,163.7200043770318429371428575,166.0394818715877257142857146,1,2.319477494555882777142857142,0,
FUTURES_SHORT_MIRRORED_1X,ROLLING,90D-44,HIGH_COST,1.522859756757244048800000003,152.2859756757244048800000003,156.7527162855770628571428574,1,4.466740609852657977142857143,0,
FUTURES_SHORT_MIRRORED_1X,ROLLING,90D-44,STRESS_COST,1.314467107550241601371428574,131.4467107550241601371428574,139.7411971801686171428571431,1,8.294486425144457005714285714,0,
FUTURES_SHORT_MIRRORED_1X,ROLLING,90D-45,LOW_COST,1.228333432340200966360383862,122.8333432340200966360383862,127.1801096216400650000000002,4,4.474172610981357908750000001,0.127406223361389544788386,
FUTURES_SHORT_MIRRORED_1X,ROLLING,90D-45,BASE_COST,1.115340784898432673933237833,111.5340784898432673933237833,120.1520954407909857142857145,4,8.744264112571117827142857142,0.126247161623399506180926,
FUTURES_SHORT_MIRRORED_1X,ROLLING,90D-45,HIGH_COST,0.9029148975709731649973135520,90.2914897570973164997313552,106.8779581258308885714285716,4,16.71040860155782483142857143,0.123940232824252759731355,
FUTURES_SHORT_MIRRORED_1X,ROLLING,90D-45,STRESS_COST,0.5266469435980173356293172950,52.6646943598017335629317295,83.1168877030297142857142859,4,30.57152276477351161142857143,0.119329421545530888646015,
FUTURES_SHORT_MIRRORED_1X,ROLLING,90D-46,LOW_COST,1.581825604034284867248663220,158.1825604034284867248663220,162.5458447016491350000000000,7,8.163044615157233463750000001,3.799760316936585188616322,
FUTURES_SHORT_MIRRORED_1X,ROLLING,90D-46,BASE_COST,1.369196315921345922546240209,136.9196315921345922546240209,149.1568547236314300000000000,7,15.93278681748345028500000000,3.695563685986612539624021,
FUTURES_SHORT_MIRRORED_1X,ROLLING,90D-46,HIGH_COST,0.9692478208681705515887993288,96.92478208681705515887993288,123.7928830664186257142857142,7,30.36171448425817745428571429,3.493613504656606898879933,
FUTURES_SHORT_MIRRORED_1X,ROLLING,90D-46,STRESS_COST,0.2711243812398763196944520303,27.11243812398763196944520303,79.22640808879816000000000004,7,55.24365898966982896000000000,3.129689024859300929445203,
FUTURES_SHORT_MIRRORED_1X,ROLLING,180D-1,LOW_COST,6.168608591494952853812464177,616.8608591494952853812464177,643.0848364533990742857142851,25,26.54591962311339364642857144,0.321942319209604741960704,
FUTURES_SHORT_MIRRORED_1X,ROLLING,180D-1,BASE_COST,5.499619428519861759823819919,549.9619428519861759823819919,602.3459216020396642857142851,25,52.71749198105901585785714287,0.333513231005527554524850,
FUTURES_SHORT_MIRRORED_1X,ROLLING,180D-1,HIGH_COST,4.189646104479561388652873632,418.9646104479561388652873632,522.5834003168727857142857134,25,103.9748432921000873742857143,0.356053423183440525287364,
FUTURES_SHORT_MIRRORED_1X,ROLLING,180D-1,STRESS_COST,1.675430902044573531370001559,167.5430902044573531370001559,369.5342298259551885714285709,25,202.3900061741547477028571428,0.398866552656912268428728,
FUTURES_SHORT_MIRRORED_1X,ROLLING,180D-2,LOW_COST,2.025798933497902694502125855,202.5798933497902694502125855,232.4726767197466985714285725,23,25.77854543964089915285714287,-4.114237930315529968358844,STRESS_COLLAPSE
FUTURES_SHORT_MIRRORED_1X,ROLLING,180D-2,BASE_COST,1.413468234129921265757229506,141.3468234129921265757229506,196.5744426169627842857142868,23,51.14513860436898257785714287,-4.082480599601675132134193,STRESS_COLLAPSE
FUTURES_SHORT_MIRRORED_1X,ROLLING,180D-2,HIGH_COST,0.2327423932570785857816012386,23.27423932570785857816012386,127.9054692173907600000000008,23,100.6123765333542037200000000,-4.018853358328697701839877,STRESS_COLLAPSE
FUTURES_SHORT_MIRRORED_1X,ROLLING,180D-2,STRESS_COST,-2.008343877753428093621460569,-200.8343877753428093621460569,-2.17863865386313714285714187,23,194.7598952939363669142857142,-3.895853827543305305003201,STRESS_COLLAPSE
FUTURES_SHORT_MIRRORED_1X,ROLLING,180D-3,LOW_COST,2.780250476563165936353814993,278.0250476563165936353814993,306.3192012708996507142857160,22,24.51388362348309012732142859,-3.780269991099966951582788,STRESS_COLLAPSE
FUTURES_SHORT_MIRRORED_1X,ROLLING,180D-3,BASE_COST,2.193956001498343648782822978,219.3956001498343648782822978,271.7408152416378214285714303,22,48.59237251774439683928571429,-3.752842574059059711003418,STRESS_COLLAPSE
FUTURES_SHORT_MIRRORED_1X,ROLLING,180D-3,HIGH_COST,1.067148459764514734097364576,106.7148459764514734097364576,205.8294021154071514285714300,22,95.41695435461902332857142859,-3.697601784336654690263544,STRESS_COLLAPSE
FUTURES_SHORT_MIRRORED_1X,ROLLING,180D-3,STRESS_COST,-1.059375455500419327253324380,-105.9375455500419327253324380,81.68272363371108000000000165,22,184.0296566966191413599999999,-3.590612487133871365332440,STRESS_COLLAPSE
FUTURES_SHORT_MIRRORED_1X,ROLLING,180D-4,LOW_COST,-2.366900179232353749185440530,-236.6900179232353749185440530,-215.5537675570546528571428562,14,17.27796018226195439071428573,-3.858290183918767670686911,
FUTURES_SHORT_MIRRORED_1X,ROLLING,180D-4,BASE_COST,-2.746841556669410012614570619,-274.6841556669410012614570619,-236.6280720150911999999999989,14,34.23156307559966097000000000,-3.824520576250140291457063,
FUTURES_SHORT_MIRRORED_1X,ROLLING,180D-4,HIGH_COST,-3.470625463627191374157886200,-347.0625463627191374157886200,-276.1724120081500799999999991,14,67.13280172969254192000000000,-3.757332624876515495788621,
FUTURES_SHORT_MIRRORED_1X,ROLLING,180D-4,STRESS_COST,-4.827170810796054877271814684,-482.7170810796054877271814684,-349.9473044916477257142857134,14,129.1412603752312396114285714,-3.628516212726522401467184,
FUTURES_SHORT_MIRRORED_1X,ROLLING,180D-5,LOW_COST,-1.310516295460897656751298139,-131.0516295460897656751298139,-122.0419456805526307142857155,7,8.054155185850527627678571430,-0.955528679686607333165527,
FUTURES_SHORT_MIRRORED_1X,ROLLING,180D-5,BASE_COST,-1.488418629990138505956242187,-148.8418629990138505956242187,-131.9753011090726485714285725,7,15.92975155658252020428571429,-0.936810333358681819909932,
FUTURES_SHORT_MIRRORED_1X,ROLLING,180D-5,HIGH_COST,-1.832665487229073828838500960,-183.2665487229073828838500960,-151.1963918463736285714285724,7,31.16946572409247998857142858,-0.900691152441274323850095,
FUTURES_SHORT_MIRRORED_1X,ROLLING,180D-5,STRESS_COST,-2.477362569394170102504863879,-247.7362569394170102504863879,-187.1709390410706171428571437,7,59.73233943092628171428571429,-0.832978467420111393343530,
FUTURES_SHORT_MIRRORED_1X,ROLLING,180D-6,LOW_COST,-2.631822895014202557728179670,-263.1822895014202557728179670,-254.9238964210138150000000020,6,6.740188558823194703750000001,-1.518204521583246069067965,
FUTURES_SHORT_MIRRORED_1X,ROLLING,180D-6,BASE_COST,-2.766531027821677955942556451,-276.6531027821677955942556451,-261.8391527042579157142857162,6,13.31866773648627037785714285,-1.495282341423609502112786,
FUTURES_SHORT_MIRRORED_1X,ROLLING,180D-6,HIGH_COST,-3.026295262020085833091408889,-302.6295262020085833091408889,-275.1658276861176400000000019,6,26.01268454146478528000000000,-1.451013974426158029140887,
FUTURES_SHORT_MIRRORED_1X,ROLLING,180D-6,STRESS_COST,-3.508687413977221776935722196,-350.8687413977221776935722196,-299.8313658527425200000000017,6,49.66963990838459496000000000,-1.367735636595062733572218,
FUTURES_SHORT_MIRRORED_1X,ROLLING,180D-7,LOW_COST,-0.8973956492022587954311061394,-89.73956492022587954311061394,-88.47991876915589214285714365,1,1.319641328847068823035714286,0.059995177777081422782244,
FUTURES_SHORT_MIRRORED_1X,ROLLING,180D-7,BASE_COST,-0.9200008485714502112286970706,-92.00008485714502112286970706,-89.44595216602631142857142935,1,2.613542410032003955714285714,0.059409718913294261416008,
FUTURES_SHORT_MIRRORED_1X,ROLLING,180D-7,HIGH_COST,-0.9639504635276025585181440077,-96.39504635276025585181440077,-91.32604394599314285714285791,1,5.127277066612233142857142858,0.058274659845120148185600,
FUTURES_SHORT_MIRRORED_1X,ROLLING,180D-7,STRESS_COST,-1.046698231499606172634000567,-104.6698231499606172634000567,-94.85140809290328000000000074,1,9.874528816782036960000000002,0.056113759724699696599944,
FUTURES_SHORT_MIRRORED_1X,ROLLING,180D-8,LOW_COST,-1.412141707375332467813249003,-141.2141707375332467813249003,-138.1182414482677978571428586,2,2.618354817678142006964285715,-0.477574471587306917217756,
FUTURES_SHORT_MIRRORED_1X,ROLLING,180D-8,BASE_COST,-1.460420688968945904200125649,-146.0420688968945904200125649,-140.3844892279612371428571443,2,5.184831095897095298571428572,-0.472748573036257978583992,
FUTURES_SHORT_MIRRORED_1X,ROLLING,180D-8,HIGH_COST,-1.554209452004145405718144014,-155.4209452004145405718144014,-144.7890602564516114285714300,2,10.16849358124020697142857143,-0.463391362722722171814400,
FUTURES_SHORT_MIRRORED_1X,ROLLING,180D-8,STRESS_COST,-1.730717462656586831405429145,-173.0717462656586831405429145,-153.0550730786466171428571442,2,19.57109231506500027428571429,-0.445580871947065723400056,
FUTURES_SHORT_MIRRORED_1X,ROLLING,180D-9,LOW_COST,-0.5147460581730736723821428638,-51.47460581730736723821428638,-49.63832267911190571428571495,1,1.298713488831073183928571429,-0.537569649364388340000000,
FUTURES_SHORT_MIRRORED_1X,ROLLING,180D-9,BASE_COST,-0.5404198403974956929714285780,-54.04198403974956929714285780,-50.93853706193492571428571494,1,2.571288685865091342857142858,-0.532158291949552240000000,
FUTURES_SHORT_MIRRORED_1X,ROLLING,180D-9,HIGH_COST,-0.5902589884765428472000000064,-59.02589884765428472000000064,-53.46301631045846857142857207,1,5.041216514627973828571428572,-0.521666022567842320000000,
FUTURES_SHORT_MIRRORED_1X,ROLLING,180D-9,STRESS_COST,-0.6840192311569806587714285777,-68.40192311569806587714285777,-58.20366498574333714285714348,1,9.696563498282963314285714286,-0.501694631671765420000000,
FUTURES_SHORT_MIRRORED_1X,ROLLING,180D-10,LOW_COST,-0.5147460581730736723821428638,-51.47460581730736723821428638,-49.63832267911190571428571495,1,1.298713488831073183928571429,-0.537569649364388340000000,
FUTURES_SHORT_MIRRORED_1X,ROLLING,180D-10,BASE_COST,-0.5404198403974956929714285780,-54.04198403974956929714285780,-50.93853706193492571428571494,1,2.571288685865091342857142858,-0.532158291949552240000000,
FUTURES_SHORT_MIRRORED_1X,ROLLING,180D-10,HIGH_COST,-0.5902589884765428472000000064,-59.02589884765428472000000064,-53.46301631045846857142857207,1,5.041216514627973828571428572,-0.521666022567842320000000,
FUTURES_SHORT_MIRRORED_1X,ROLLING,180D-10,STRESS_COST,-0.6840192311569806587714285777,-68.40192311569806587714285777,-58.20366498574333714285714348,1,9.696563498282963314285714286,-0.501694631671765420000000,
FUTURES_SHORT_MIRRORED_1X,ROLLING,180D-11,LOW_COST,-0.5720954720617965765945142890,-57.20954720617965765945142890,-58.48346865206351857142857176,1,1.294490447080527589642857143,2.568411892964388501620000,
FUTURES_SHORT_MIRRORED_1X,ROLLING,180D-11,BASE_COST,-0.5969087466430463002497142890,-59.69087466430463002497142890,-59.67050913957754285714285747,1,2.562144166894603971428571428,2.541778642167516803600000,
FUTURES_SHORT_MIRRORED_1X,ROLLING,180D-11,HIGH_COST,-0.6450231066777479270234000032,-64.50231066777479270234000032,-61.97223331947490857142857175,1,5.020212749877195388571428572,2.490135401577311257660000,
FUTURES_SHORT_MIRRORED_1X,ROLLING,180D-11,STRESS_COST,-0.7352964065406167988936285745,-73.52964065406167988936285745,-66.27718946043253714285714316,1,9.644308626833888434285714286,2.391857433204745687780000,
FUTURES_SHORT_MIRRORED_1X,ROLLING,180D-12,LOW_COST,-3.862624414696128907583871436,-386.2624414696128907583871436,-382.2737377599063478571428579,7,8.170998718400975154464285714,4.182295008694432253220000,
FUTURES_SHORT_MIRRORED_1X,ROLLING,180D-12,BASE_COST,-3.990842728070235251490285722,-399.0842728070235251490285722,-387.1026203086037071428571436,7,16.11390431185283581357142857,4.132251813433017807400000,
FUTURES_SHORT_MIRRORED_1X,ROLLING,180D-12,HIGH_COST,-4.236499760968144110883400007,-423.6499760968144110883400007,-396.3375551844258400000000007,7,31.34789059855441112000000001,4.035469686165840031660000,
FUTURES_SHORT_MIRRORED_1X,ROLLING,180D-12,STRESS_COST,-4.678467931932689658907057150,-467.8467931932689658907057150,-412.3716298561233542857142865,7,59.32545393826789246857142858,3.850290601122280863580000,
FUTURES_SHORT_MIRRORED_1X,ROLLING,180D-13,LOW_COST,-5.406919389005437548574221552,-540.6919389005437548574221552,-534.3926141163936114285714293,9,10.66218980578750914035714286,4.362865021637365711506417,
FUTURES_SHORT_MIRRORED_1X,ROLLING,180D-13,BASE_COST,-5.575293451074429989076279362,-557.5293451074429989076279362,-540.8046211438348771428571436,9,21.03530705832751064857142857,4.310583094719388883800636,
FUTURES_SHORT_MIRRORED_1X,ROLLING,180D-13,HIGH_COST,-5.898204083189070656330491468,-589.8204083189070656330491468,-553.0753852697044771428571436,9,40.95448825071815979714285716,4.209465201515571306950854,
FUTURES_SHORT_MIRRORED_1X,ROLLING,180D-13,STRESS_COST,-6.482685834343031137090296456,-648.2685834343031137090296456,-574.6399086745233028571428579,9,77.64475834022997348571428572,4.016083580450162633827498,
FUTURES_SHORT_MIRRORED_1X,ROLLING,180D-14,LOW_COST,-5.161474168504962376688094440,-516.1474168504962376688094440,-502.9474750735032857142857137,14,15.79341570292222786392857143,2.593473925929275909404841,
FUTURES_SHORT_MIRRORED_1X,ROLLING,180D-14,BASE_COST,-5.461673869554599386833091838,-546.1673869554599386833091838,-517.5924252629312814285714280,14,31.13308610979130460071428572,2.558124417262647345976530,
FUTURES_SHORT_MIRRORED_1X,ROLLING,180D-14,HIGH_COST,-6.035600297504659551032379994,-603.5600297504659551032379994,-545.5350905778181657142857136,14,60.51478413977428644571428572,2.489844967126497056762000,
FUTURES_SHORT_MIRRORED_1X,ROLLING,180D-14,STRESS_COST,-7.055936343011423011966195110,-705.5936343011423011966195110,-593.7316141124694057142857137,14,114.2185947799850109714285714,2.356574591312115489094774,
FUTURES_SHORT_MIRRORED_1X,ROLLING,180D-15,LOW_COST,-2.406385552231579024311126410,-240.6385552231579024311126410,-231.8065283374434614285714271,9,10.13826971957472856035714286,1.306242833860287557815929,
FUTURES_SHORT_MIRRORED_1X,ROLLING,180D-15,BASE_COST,-2.624377897016614620371833406,-262.4377897016614620371833406,-243.7384398750928199999999985,9,19.98895937396716485000000001,1.289609547398522812816658,
FUTURES_SHORT_MIRRORED_1X,ROLLING,180D-15,HIGH_COST,-3.041223666826314094299777906,-304.1223666826314094299777906,-266.5131002958361971428571414,9,38.86665897026607823714285714,1.257392583470865950022208,
FUTURES_SHORT_MIRRORED_1X,ROLLING,180D-15,STRESS_COST,-3.783550887471984446961535537,-378.3550887471984446961535537,-306.1619473665242571428571414,9,73.38712993065290211428571427,1.193988549978714560989302,
FUTURES_SHORT_MIRRORED_1X,ROLLING,180D-16,LOW_COST,-1.695895353142723063420776291,-169.5895353142723063420776291,-161.8460829436375978571428554,8,8.869125191552062584464285713,1.125672820917354099529512,
FUTURES_SHORT_MIRRORED_1X,ROLLING,180D-16,BASE_COST,-1.890397394191920645742982620,-189.0397394191920645742982620,-172.6752132737537785714285697,8,17.47580441155043773928571429,1.111278266112151736416022,
FUTURES_SHORT_MIRRORED_1X,ROLLING,180D-16,HIGH_COST,-2.261639761619005008452686443,-226.1639761619005008452686443,-193.3094233751633028571428555,8,33.93794985485833266285714286,1.083397068121134674731354,
FUTURES_SHORT_MIRRORED_1X,ROLLING,180D-16,STRESS_COST,-2.918424615198966798035439086,-291.8424615198966798035439086,-228.9671323500197942857142840,8,63.90352474052771830857142856,1.028195570650832790741804,
FUTURES_SHORT_MIRRORED_1X,ROLLING,180D-17,LOW_COST,5.576676947952547356783710947,557.6676947952547356783710947,561.9307710810875671428571425,8,8.663337284260624168214285714,4.400260998427792703728238,
FUTURES_SHORT_MIRRORED_1X,ROLLING,180D-17,BASE_COST,5.264533325044639579659943140,526.4533325044639579659943140,539.1450281939779014285714283,8,17.02234355058857754928571429,4.330647861074634086708600,
FUTURES_SHORT_MIRRORED_1X,ROLLING,180D-17,HIGH_COST,4.669961295817222484924507697,466.9961295817222484924507697,495.6737566725185257142857140,8,32.87391921365526527428571428,4.196292122858988052450770,
FUTURES_SHORT_MIRRORED_1X,ROLLING,180D-17,STRESS_COST,3.589242407379620876840320029,358.9242407379620876840320029,416.3793571497486971428571427,8,61.40024397234243748571428572,3.945127560555828026889146,
FUTURES_SHORT_MIRRORED_1X,ROLLING,180D-18,LOW_COST,2.882785669039516863203282846,288.2785669039516863203282846,301.6380225127035892857142842,16,17.24031611564661764767857142,3.880860506894714682292572,
FUTURES_SHORT_MIRRORED_1X,ROLLING,180D-18,BASE_COST,2.434790516083202223801638173,243.4790516083202223801638173,273.4489305532405542857142842,16,33.78944194202500255285714286,3.819562997104670647306676,
FUTURES_SHORT_MIRRORED_1X,ROLLING,180D-18,HIGH_COST,1.595899147583640601547163337,159.5899147583640601547163337,220.7898013096739828571428558,16,64.89999941484068749714285714,3.700112863530764794716335,
FUTURES_SHORT_MIRRORED_1X,ROLLING,180D-18,STRESS_COST,0.09294875988977022873660245300,9.29487598897702287366024530,125.6883957108614457142857131,16,119.8704982075010073485714287,3.476978485616584507945961,
FUTURES_SHORT_MIRRORED_1X,ROLLING,180D-19,LOW_COST,3.716590444259969543303282843,371.6590444259969543303282843,383.7964534753849892857142839,15,16.01826955628274963767857142,3.880860506894714682292572,
FUTURES_SHORT_MIRRORED_1X,ROLLING,180D-19,BASE_COST,3.285260736262702986758781027,328.5260736262702986758781027,356.0877047871326828571428553,15,31.38119415796705482857142857,3.819562997104670647306676,
FUTURES_SHORT_MIRRORED_1X,ROLLING,180D-19,HIGH_COST,2.478019564597258061147163334,247.8019564597258061147163334,304.3239544742797257142857126,15,60.22211087808468439428571428,3.700112863530764794716335,
FUTURES_SHORT_MIRRORED_1X,ROLLING,180D-19,STRESS_COST,1.032040390027094057993745309,103.2040390027094057993745309,210.7618595127569314285714271,15,111.0347989956641101371428572,3.476978485616584507945961,
FUTURES_SHORT_MIRRORED_1X,ROLLING,180D-20,LOW_COST,-4.239943044571052445577420636,-423.9943044571052445577420636,-412.8407720703593142857142869,10,11.05289901564425744357142857,-0.100633371101672828456348,
FUTURES_SHORT_MIRRORED_1X,ROLLING,180D-20,BASE_COST,-4.398417731792068914866087288,-439.8417731792068914866087288,-418.1275139035472671428571441,10,21.61470896742071284357142857,-0.099550308238911500180156,
FUTURES_SHORT_MIRRORED_1X,ROLLING,180D-20,HIGH_COST,-4.684282189740899739270625780,-468.4282189740899739270625780,-427.0060259166155628571428583,10,41.32366292068307340285714284,-0.098530136791337667062577,
FUTURES_SHORT_MIRRORED_1X,ROLLING,180D-20,STRESS_COST,-5.175863250774707893583877967,-517.5863250774707893583877967,-441.8802889589841885714285725,10,75.60981541149891221714285714,-0.096220706987688569816367,
FUTURES_SHORT_MIRRORED_1X,ROLLING,180D-21,LOW_COST,0.6866236675797976410439680120,68.6623667579797641043968012,71.00699226935961142857142836,2,2.436740608150197117142857143,0.092115096770349792968230,
FUTURES_SHORT_MIRRORED_1X,ROLLING,180D-21,BASE_COST,0.6251631298288910551429592560,62.5163129828891055142959256,67.18619138996550857142857129,2,4.759454661406078525714285714,0.089576254329675468581640,
FUTURES_SHORT_MIRRORED_1X,ROLLING,180D-21,HIGH_COST,0.5097397388619769200341164990,50.9739738861976920034116499,59.97397731477500571428571411,2,9.084770650181301634285714286,0.084767221603987923411650,
FUTURES_SHORT_MIRRORED_1X,ROLLING,180D-21,STRESS_COST,0.3056835741180186509000371840,30.5683574118018650900037184,47.07664330981734857142857129,2,16.58436713938290418285714286,0.076081241367420701432290,
FUTURES_SHORT_MIRRORED_1X,ROLLING,180D-22,LOW_COST,0.5712141647372118938640598007,57.12141647372118938640598007,62.64714357145680357142857097,8,9.417602511442549166607142858,3.891875413706934981584552,STRESS_COLLAPSE
FUTURES_SHORT_MIRRORED_1X,ROLLING,180D-22,BASE_COST,0.3571594019799185483177708903,35.71594019799185483177708903,50.30356424200921285714285669,8,18.37276398433364603357142857,3.785139940316288008205661,STRESS_COLLAPSE
FUTURES_SHORT_MIRRORED_1X,ROLLING,180D-22,HIGH_COST,-0.04387219702709657717708417520,-4.38721970270965771770841752,27.01414409561656857142857091,8,34.97974452458682111142857143,3.578380726260594822291583,STRESS_COLLAPSE
FUTURES_SHORT_MIRRORED_1X,ROLLING,180D-22,STRESS_COST,-0.7376591521923466307769393598,-73.76591521923466307769393598,-13.43814578155310857142857175,8,63.53353970390827613714285715,3.205770266226721630877493,STRESS_COLLAPSE
FUTURES_SHORT_MIRRORED_1X,ROLLING,365D-1,LOW_COST,3.801708412262599104627023647,380.1708412262599104627023647,427.5310688963444214285714290,39,43.82387980537534803714285718,-3.536347864709162928726207,STRESS_COLLAPSE
FUTURES_SHORT_MIRRORED_1X,ROLLING,365D-1,BASE_COST,2.752777871850451747209249300,275.2777871850451747209249300,365.7178495869484642857142862,39,86.94905505665867682785714288,-3.491007345244612736932213,STRESS_COLLAPSE
FUTURES_SHORT_MIRRORED_1X,ROLLING,365D-1,HIGH_COST,0.7190206408523700144949874330,71.90206408523700144949874330,246.4109883087227057142857143,39,171.1076450217926292942857142,-3.401279201693074970501257,STRESS_COLLAPSE
FUTURES_SHORT_MIRRORED_1X,ROLLING,365D-1,STRESS_COST,-3.151739908751481345901813125,-315.1739908751481345901813125,19.58692533430746285714285763,39,331.5312665493859873142857141,-3.229649660069610133038456,STRESS_COLLAPSE
FUTURES_SHORT_MIRRORED_1X,ROLLING,365D-2,LOW_COST,-1.646049296480035355772898993,-164.6049296480035355772898993,-125.0356595193989957142857147,30,33.90050825729785650642857146,-5.668761871306683356575613,
FUTURES_SHORT_MIRRORED_1X,ROLLING,365D-2,BASE_COST,-2.425746177611747754194992896,-242.5746177611747754194992896,-169.7669701804962900000000004,30,67.19019944525216767500000001,-5.617448135426317744499289,
FUTURES_SHORT_MIRRORED_1X,ROLLING,365D-2,HIGH_COST,-3.928884567676528077598239366,-392.8884567676528077598239366,-255.4384213150758971428571435,30,131.9339936177371789771428571,-5.516041834839731639823936,
FUTURES_SHORT_MIRRORED_1X,ROLLING,365D-2,STRESS_COST,-6.767754929530380862991931899,-676.7754929530380862991931899,-416.9545212508109771428571431,30,254.4988739619302949142857141,-5.322097740296814242050333,
FUTURES_SHORT_MIRRORED_1X,ROLLING,365D-3,LOW_COST,-3.264295828434612544616546669,-326.4295828434612544616546669,-304.0336863262105449999999998,15,18.59760151110902321375000002,-3.798295006141686247904667,
FUTURES_SHORT_MIRRORED_1X,ROLLING,365D-3,BASE_COST,-3.666842405240860223843267690,-366.6842405240860223843267690,-326.0740241811175114285714282,15,36.84510548563166492571428571,-3.765110857336846030041055,
FUTURES_SHORT_MIRRORED_1X,ROLLING,365D-3,HIGH_COST,-4.434575927154793932676030208,-443.4575927154793932676030208,-367.4984559541432228571428570,15,72.26007879630477506285714286,-3.699057965031395347603021,
FUTURES_SHORT_MIRRORED_1X,ROLLING,365D-3,STRESS_COST,-5.873869042295661049905815251,-587.3869042295661049905815251,-444.7987125845510057142857141,15,139.0157891920132765714285714,-3.572402453001822704867240,
FUTURES_SHORT_MIRRORED_1X,ROLLING,365D-4,LOW_COST,-3.146568953187276230110322534,-314.6568953187276230110322534,-304.5622191001257207142857170,7,8.038902047654267887678571430,-2.055774170947634409067965,
FUTURES_SHORT_MIRRORED_1X,ROLLING,365D-4,BASE_COST,-3.306950868219173648913985029,-330.6950868219173648913985029,-312.7776897661928414285714311,7,15.88995642235136172071428571,-2.027440633373161742112786,
FUTURES_SHORT_MIRRORED_1X,ROLLING,365D-4,HIGH_COST,-3.616554250496628680291408895,-361.6554250496628680291408895,-328.6288439965761085714285740,7,31.05390105609275910857142857,-1.972679996994000349140887,
FUTURES_SHORT_MIRRORED_1X,ROLLING,365D-4,STRESS_COST,-4.192706645134202435707150774,-419.2706645134202435707150774,-358.0350308384858571428571452,7,59.36620340666755827428571429,-1.869430268266828153572218,
FUTURES_SHORT_MIRRORED_1X,ROLLING,365D-5,LOW_COST,-1.412141707375332467813249003,-141.2141707375332467813249003,-138.1182414482677978571428586,2,2.618354817678142006964285715,-0.477574471587306917217756,
FUTURES_SHORT_MIRRORED_1X,ROLLING,365D-5,BASE_COST,-1.460420688968945904200125649,-146.0420688968945904200125649,-140.3844892279612371428571443,2,5.184831095897095298571428572,-0.472748573036257978583992,
FUTURES_SHORT_MIRRORED_1X,ROLLING,365D-5,HIGH_COST,-1.554209452004145405718144014,-155.4209452004145405718144014,-144.7890602564516114285714300,2,10.16849358124020697142857143,-0.463391362722722171814400,
FUTURES_SHORT_MIRRORED_1X,ROLLING,365D-5,STRESS_COST,-1.730717462656586831405429145,-173.0717462656586831405429145,-153.0550730786466171428571442,2,19.57109231506500027428571429,-0.445580871947065723400056,
FUTURES_SHORT_MIRRORED_1X,ROLLING,365D-6,LOW_COST,-3.092694343483304138495942872,-309.2694343483304138495942872,-306.7948620141867857142857158,4,5.088436065129148933928571429,2.613863730985520798620000,
FUTURES_SHORT_MIRRORED_1X,ROLLING,365D-6,BASE_COST,-3.171897567678457254959714301,-317.1897567678457254959714301,-309.7242055480136028571428586,4,10.04995301058599992142857143,2.584401790753877282600000,
FUTURES_SHORT_MIRRORED_1X,ROLLING,365D-6,HIGH_COST,-3.324431188030333928093400015,-332.4431188030333928093400015,-315.3607808720069742857142871,4,19.60970837587000869428571429,2.527370444843590170660000,
FUTURES_SHORT_MIRRORED_1X,ROLLING,365D-6,STRESS_COST,-3.598470952366548152553628586,-359.8470952366548152553628586,-324.9598853271696971428571443,4,37.30421327110487923428571429,2.417003361619761121780000,
FUTURES_SHORT_MIRRORED_1X,ROLLING,365D-7,LOW_COST,-5.921665447178511220956364416,-592.1665447178511220956364416,-584.0309367955055171428571443,10,11.96090329461858232428571428,3.825295372272977371506417,
FUTURES_SHORT_MIRRORED_1X,ROLLING,365D-7,BASE_COST,-6.115713291471925682047707940,-611.5713291471925682047707940,-591.7431582057698028571428585,10,23.60659574419260199142857142,3.778424802769836643800636,
FUTURES_SHORT_MIRRORED_1X,ROLLING,365D-7,HIGH_COST,-6.488463071665613503530491474,-648.8463071665613503530491474,-606.5384015801629457142857156,10,45.99570476534613362571428573,3.687799178947728986950854,
FUTURES_SHORT_MIRRORED_1X,ROLLING,365D-7,STRESS_COST,-7.166705065500011795861725033,-716.6705065500011795861725033,-632.8435736602666400000000013,10,87.34132183851293680000000001,3.514388948778397213827498,
FUTURES_SHORT_MIRRORED_1X,ROLLING,365D-8,LOW_COST,-5.733569640566758953282608730,-573.3569640566758953282608730,-561.4309437255668042857142854,15,17.08790615000275545357142858,5.161885818893664411024841,
FUTURES_SHORT_MIRRORED_1X,ROLLING,365D-8,BASE_COST,-6.058582616197645687082806127,-605.8582616197645687082806127,-577.2629344025088242857142854,15,33.69523027668590857214285715,5.099903059430164149576530,
FUTURES_SHORT_MIRRORED_1X,ROLLING,365D-8,HIGH_COST,-6.680623404182407478055779998,-668.0623404182407478055779998,-607.5073238972930742857142854,15,65.53499688965148183428571430,4.979980368703808314422000,
FUTURES_SHORT_MIRRORED_1X,ROLLING,365D-8,STRESS_COST,-7.791232749552039810859823685,-779.1232749552039810859823685,-660.0088035729019428571428569,15,123.8629034068188994057142857,4.748432024516861176874774,
FUTURES_SHORT_MIRRORED_1X,ROLLING,365D-9,LOW_COST,-6.756560529331001242007697845,-675.6560529331001242007697845,-660.0790749720595592857142849,19,21.74299163246208044982142858,6.166013671421515534765929,
FUTURES_SHORT_MIRRORED_1X,ROLLING,365D-9,BASE_COST,-7.168934217935247053883719127,-716.8934217935247053883719127,-680.1294208134858771428571420,19,42.85151935654702503857142858,6.087518376508196793056658,
FUTURES_SHORT_MIRRORED_1X,ROLLING,365D-9,HIGH_COST,-7.957017477546636617425977913,-795.7017477546636617425977913,-718.3828209711648371428571420,19,83.25470639674907927714285716,5.935779613250254677402208,
FUTURES_SHORT_MIRRORED_1X,ROLLING,365D-9,STRESS_COST,-9.367634495770759861563349829,-936.7634495770759861563349829,-785.3143606016121257142857135,19,157.0940420608793970514285713,5.644953085415536609379302,
FUTURES_SHORT_MIRRORED_1X,ROLLING,365D-10,LOW_COST,-0.8153037355429906149839864140,-81.5303735542990614983986414,-59.4583135331709678571428565,26,28.63898506862256008696428572,6.566925047494466445708501,
FUTURES_SHORT_MIRRORED_1X,ROLLING,365D-10,BASE_COST,-1.472116147581459963102195226,-147.2116147581459963102195226,-97.36599847404331571428571370,26,56.31221212756800825785714287,6.466595843465327661923334,
FUTURES_SHORT_MIRRORED_1X,ROLLING,365D-10,HIGH_COST,-2.714433953633433154492614564,-271.4433953633433154492614564,-168.8367130035639114285714278,26,108.8785328502583673114285714,6.271850490478963290738543,
FUTURES_SHORT_MIRRORED_1X,ROLLING,365D-10,STRESS_COST,-4.949489333750929471959790218,-494.9489333750929471959790218,-297.2510000346464457142857136,26,203.6029462147036341714285715,5.905012874257132689735263,
FUTURES_SHORT_MIRRORED_1X,ROLLING,365D-11,LOW_COST,2.020695091117246479882506552,202.0695091117246479882506552,221.9503705317473914285714285,23,24.88739474783481222214285714,5.006533327812068781822084,STRESS_COLLAPSE
FUTURES_SHORT_MIRRORED_1X,ROLLING,365D-11,BASE_COST,1.394863342070782341015798407,139.4863342070782341015798407,183.4124915133789042857142857,23,48.85699856951749256785714286,4.930841263216822383722698,STRESS_COLLAPSE
FUTURES_SHORT_MIRRORED_1X,ROLLING,365D-11,HIGH_COST,0.2163798029782530526944768908,21.63798029782530526944768908,111.0145310991164228571428572,23,94.16006073294301705714285714,4.783509931651899469447689,STRESS_COLLAPSE
FUTURES_SHORT_MIRRORED_1X,ROLLING,365D-11,STRESS_COST,-1.886384225171872740041693778,-188.6384225171872740041693778,-18.20527283726286285714285692,23,174.9383237361918284457142858,4.505174056267417298687765,STRESS_COLLAPSE
FUTURES_SHORT_MIRRORED_1X,ROLLING,365D-12,LOW_COST,1.336733903381494911206290311,133.6733903381494911206290311,149.0899990107282528571428556,18,19.71623629990488161178571428,4.299627627326119875271890,STRESS_COLLAPSE
FUTURES_SHORT_MIRRORED_1X,ROLLING,365D-12,BASE_COST,0.8661155932525706647938558520,86.6115593252570664793855852,121.0175142904306342857142842,18,38.63705251800929039285714286,4.231097552835722586528444,STRESS_COLLAPSE
FUTURES_SHORT_MIRRORED_1X,ROLLING,365D-12,HIGH_COST,-0.01432089392367725434611808320,-1.43208939236772543461180832,68.66773075590296285714285571,18,74.19758213433833867714285712,4.097761986067650385388193,STRESS_COLLAPSE
FUTURES_SHORT_MIRRORED_1X,ROLLING,365D-12,STRESS_COST,-1.586620843395087016743557938,-158.6620843395087016743557938,-25.50093180923549142857142974,18,137.0100593838413497028571430,3.848906853568139457072779,STRESS_COLLAPSE
FUTURES_SHORT_MIRRORED_1X,ROLLING,365D-13,LOW_COST,4.287804608997181437167342644,428.7804608997181437167342644,446.4435970468417928571428549,23,25.43587206772529880428571428,7.772735920601649663877124,
FUTURES_SHORT_MIRRORED_1X,ROLLING,365D-13,BASE_COST,3.642420138242621535076551917,364.2420138242621535076551917,406.3912690291418957142857120,23,49.75395814230070086214285714,7.604702937420958655512337,
FUTURES_SHORT_MIRRORED_1X,ROLLING,365D-13,HIGH_COST,2.434147367570161483970079159,243.4147367570161483970079159,331.3380985698962942857142835,23,95.20185540267150550571428569,7.278493589791359617007918,
FUTURES_SHORT_MIRRORED_1X,ROLLING,365D-13,STRESS_COST,0.2943812378347474272168059493,29.43812378347474272168059493,197.3237137312038228571428553,23,174.5683386995723862742857143,6.682748751843306138823454,
FUTURES_LONG_SHORT_BASELINE_1X,YEAR,2022,LOW_COST,0.9257158092542868805418315018,92.57158092542868805418315018,162.3270523792833828571428608,52,58.83470955939534438357142857,-10.920761894459350419388282,LOW_COST_ONLY_EDGE;COST_DOMINATED_PERIOD
FUTURES_LONG_SHORT_BASELINE_1X,YEAR,2022,BASE_COST,-0.4808463801185397441838159658,-48.08463801185397441838159658,79.17519114720537000000000318,52,116.4919095115306252692857142,-10.767919647528719149095885,LOW_COST_ONLY_EDGE;COST_DOMINATED_PERIOD
FUTURES_LONG_SHORT_BASELINE_1X,YEAR,2022,HIGH_COST,-3.196078208470086181787203629,-319.6078208470086181787203629,-80.79078578991885999999999685,52,228.3459649502238925057142861,-10.471070106865865673006080,LOW_COST_ONLY_EDGE;COST_DOMINATED_PERIOD
FUTURES_LONG_SHORT_BASELINE_1X,YEAR,2022,STRESS_COST,-8.280847055311821625718000176,-828.0847055311821625718000176,-379.2047283892518514285714256,52,438.9573747759165387428571427,-9.922602366013772400371449,LOW_COST_ONLY_EDGE;COST_DOMINATED_PERIOD
FUTURES_LONG_SHORT_BASELINE_1X,YEAR,2023,LOW_COST,-2.188654251199258611259183220,-218.8654251199258611259183220,-209.8664994062497378571428592,6,7.521151376903073161607142857,-1.477774336773050107168320,
FUTURES_LONG_SHORT_BASELINE_1X,YEAR,2023,BASE_COST,-2.334410878939855477665805814,-233.4410878939855477665805814,-217.1655497177340657142857162,6,14.81983814355523938714285714,-1.455700032696242665152008,
FUTURES_LONG_SHORT_BASELINE_1X,YEAR,2023,HIGH_COST,-2.612731520074872321746441184,-261.2731520074872321746441184,-231.0788411058757085714285734,6,28.78120068596506209714285714,-1.413110215646461506072688,
FUTURES_LONG_SHORT_BASELINE_1X,YEAR,2023,STRESS_COST,-3.120236156712052385896770887,-312.0236156712052385896770887,-256.3392744970398342857142876,6,54.35088479966696869714285715,-1.333456374498435606819944,
FUTURES_LONG_SHORT_BASELINE_1X,YEAR,2024,LOW_COST,-5.039035022170586537919470995,-503.9035022170586537919470995,-478.5077922634348371428571420,23,25.66212970931994900107142858,0.266419755696132351981471,
FUTURES_LONG_SHORT_BASELINE_1X,YEAR,2024,BASE_COST,-5.533890671798695372116827012,-553.3890671798695372116827012,-503.3775044300413428571428564,23,50.28717146933264301285714286,0.275608719504448658317298,
FUTURES_LONG_SHORT_BASELINE_1X,YEAR,2024,HIGH_COST,-6.487264771233699198157385985,-648.7264771233699198157385985,-552.5435828858660714285714278,23,96.51149874372214006571428570,0.328604506218291678547115,
FUTURES_LONG_SHORT_BASELINE_1X,YEAR,2024,STRESS_COST,-8.130723750595173311068965561,-813.0723750595173311068965561,-635.6090006523462799999999996,23,177.8778016027304039885714285,0.414427195559352881674872,
FUTURES_LONG_SHORT_BASELINE_1X,YEAR,2025,LOW_COST,7.436702633343086711792821095,743.6702633343086711792821095,786.1112626563889978571428555,33,38.04117954904541510696428570,-4.399819773034911570896460,
FUTURES_LONG_SHORT_BASELINE_1X,YEAR,2025,BASE_COST,6.368141030701691465323751786,636.8141030701691465323751786,714.9759531338226357142857128,33,73.87453198189226917214285716,-4.287318081761220009767677,
FUTURES_LONG_SHORT_BASELINE_1X,YEAR,2025,HIGH_COST,4.400623645331760966096749969,440.0623645331760966096749969,583.4578992862674457142857132,33,139.3190349062441051771428571,-4.076499846847243927467859,
FUTURES_LONG_SHORT_BASELINE_1X,YEAR,2025,STRESS_COST,1.052824522380213038799845260,105.2824522380213038799845260,357.3183447815629257142857132,33,248.3486815224756390400000000,-3.687211021065982794301187,
FUTURES_LONG_SHORT_BASELINE_1X,ROLLING,90D-1,LOW_COST,3.147949262044844393361440372,314.7949262044844393361440372,328.3090553382090607142857137,12,13.77278007807781902982142857,0.258650944353197651679752,
FUTURES_LONG_SHORT_BASELINE_1X,ROLLING,90D-1,BASE_COST,2.799218224439256124634907358,279.9218224439256124634907358,307.0799664180957228571428565,12,27.41517542806041871857142857,0.257031453890308324919308,
FUTURES_LONG_SHORT_BASELINE_1X,ROLLING,90D-1,HIGH_COST,2.111928243263358474699680197,211.1928243263358474699680197,265.2593365514979828571428564,12,54.32044598760325560571428573,0.253933762441120218539449,
FUTURES_LONG_SHORT_BASELINE_1X,ROLLING,90D-1,STRESS_COST,0.7759678013950723519992359702,77.59678013950723519992359702,184.0378328055395942857142851,12,106.6893246835115922628571429,0.248272017479233177066455,
FUTURES_LONG_SHORT_BASELINE_1X,ROLLING,90D-2,LOW_COST,-4.234850734335620251741896963,-423.4850734335620251741896963,-411.8434791853740928571428586,8,10.19487425409155834071428571,-1.446719994096373976332552,
FUTURES_LONG_SHORT_BASELINE_1X,ROLLING,90D-2,BASE_COST,-4.460080446285885762038387675,-446.0080446285885762038387675,-424.2454569031040557142857156,8,20.32089801651617421785714286,-1.441689708968346271695909,
FUTURES_LONG_SHORT_BASELINE_1X,ROLLING,90D-2,HIGH_COST,-4.906476950162418115170847361,-490.6476950162418115170847361,-448.8441806610346342857142871,8,40.37171813318258010285714286,-1.431796222024597128513306,
FUTURES_LONG_SHORT_BASELINE_1X,ROLLING,90D-2,STRESS_COST,-5.783687074316436549988374814,-578.3687074316436549988374814,-497.2526618404122685714285727,8,79.70340308368779774857142857,-1.412642507543588678837480,
FUTURES_LONG_SHORT_BASELINE_1X,ROLLING,90D-3,LOW_COST,-1.747625248947926365952585304,-174.7625248947926365952585304,-165.7937995009924850000000015,7,8.661687077397068621607142856,-0.307038316403082973651386,
FUTURES_LONG_SHORT_BASELINE_1X,ROLLING,90D-3,BASE_COST,-1.930376907076426184094761378,-193.0376907076426184094761378,-175.5028533669827728571428586,7,17.22697953253726291214285715,-0.307857808122582640190422,
FUTURES_LONG_SHORT_BASELINE_1X,ROLLING,90D-3,HIGH_COST,-2.290456457403062379872038243,-229.0456457403062379872038243,-194.6592161535744771428571444,7,34.07701847930078812285714286,-0.309411107430972721489537,
FUTURES_LONG_SHORT_BASELINE_1X,ROLLING,90D-3,STRESS_COST,-2.989959213178802879346810778,-298.9959213178802879346810778,-231.9723366841170000000000014,7,66.71138788075783731428571429,-0.312196753005450620395362,
FUTURES_LONG_SHORT_BASELINE_1X,ROLLING,90D-4,LOW_COST,-1.265519058197418139029055951,-126.5519058197418139029055951,-105.8361607022997349999999999,18,18.40953457378245933625000000,-2.306210543659619566655595,
FUTURES_LONG_SHORT_BASELINE_1X,ROLLING,90D-4,BASE_COST,-1.692449649182384721858854308,-169.2449649182384721858854308,-130.4770958274384657142857143,18,36.48555123788003540428571430,-2.282317852919971067314002,
FUTURES_LONG_SHORT_BASELINE_1X,ROLLING,90D-4,HIGH_COST,-2.523466723789366995178525408,-252.3466723789366995178525408,-178.4401230439475514285714287,18,71.67078993436614263714285714,-2.235759400623005452138255,
FUTURES_LONG_SHORT_BASELINE_1X,ROLLING,90D-4,STRESS_COST,-4.074810408423725339162758820,-407.4810408423725339162758820,-267.1353290348551542857142857,18,138.1919003066995060114285714,-2.153811500817873619133025,
FUTURES_LONG_SHORT_BASELINE_1X,ROLLING,90D-5,LOW_COST,3.619435159191391198070422001,361.9435159191391198070422001,393.1697936646947814285714320,25,26.92045288097852244071428571,-4.305824864577139180814946,STRESS_COLLAPSE
FUTURES_LONG_SHORT_BASELINE_1X,ROLLING,90D-5,BASE_COST,2.926736727503053660856212958,292.6736727503053660856212958,350.1710014077360042857142887,25,53.23429816559179166357142858,-4.263030491838846536521564,STRESS_COLLAPSE
FUTURES_LONG_SHORT_BASELINE_1X,ROLLING,90D-5,HIGH_COST,1.587793452246369990437399150,158.7793452246369990437399150,267.0709401576938085714285746,25,104.1120756282953316542857143,-4.179519304761477873402945,STRESS_COLLAPSE
FUTURES_LONG_SHORT_BASELINE_1X,ROLLING,90D-5,STRESS_COST,-0.8916874489727611192609211890,-89.1687448972761119260921189,113.9979130740103714285714316,25,199.1392077458514618857142857,-4.027450225435021468949265,STRESS_COLLAPSE
FUTURES_LONG_SHORT_BASELINE_1X,ROLLING,90D-6,LOW_COST,2.302666187960453754557802056,230.2666187960453754557802056,269.9328717105897050000000060,27,29.77213068243458732803571428,-9.894122232109742216184086,STRESS_COLLAPSE
FUTURES_LONG_SHORT_BASELINE_1X,ROLLING,90D-6,BASE_COST,1.553269982793556862721224570,155.3269982793556862721224570,223.9379977473231857142857198,27,58.84381513288676810142857143,-9.767184335080731340734691,STRESS_COLLAPSE
FUTURES_LONG_SHORT_BASELINE_1X,ROLLING,90D-6,HIGH_COST,0.1215361427755466422069165224,12.15361427755466422069165224,136.5728886876834514285714341,27,114.8992369528817693657142858,-9.520037457247017842165496,STRESS_COLLAPSE
FUTURES_LONG_SHORT_BASELINE_1X,ROLLING,90D-6,STRESS_COST,-2.511749278961496806105853454,-251.1749278961496806105853454,-23.07472173975965714285713767,27,219.0367104643363115428571429,-9.063495692053711924871065,STRESS_COLLAPSE
FUTURES_LONG_SHORT_BASELINE_1X,ROLLING,90D-7,LOW_COST,1.600075295104730448639796428,160.0075295104730448639796428,186.7704757561731678571428624,16,20.10977229497965790982142857,-6.653173950720465083341791,STRESS_COLLAPSE
FUTURES_LONG_SHORT_BASELINE_1X,ROLLING,90D-7,BASE_COST,1.090253815817676899698815235,109.0253815817676899698815235,155.2963462338127428571428621,16,39.71089968021923550142857144,-6.560064971825817385832767,STRESS_COLLAPSE
FUTURES_LONG_SHORT_BASELINE_1X,ROLLING,90D-7,HIGH_COST,0.1236360902490540849459003341,12.36360902490540849459003341,96.12495393348540857142857647,16,77.38260498544483780285714287,-6.378739923135162273981400,STRESS_COLLAPSE
FUTURES_LONG_SHORT_BASELINE_1X,ROLLING,90D-7,STRESS_COST,-1.657082311587693015403656349,-165.7082311587693015403656349,-12.60477742305968571428570974,16,147.0629464310857136571428571,-6.040507304623902168937068,STRESS_COLLAPSE
FUTURES_LONG_SHORT_BASELINE_1X,ROLLING,90D-8,LOW_COST,-1.514472723371308184399995208,-151.4472723371308184399995208,-138.1711165542507571428571408,7,8.987916566602765235000000000,-4.288239216277296062142380,
FUTURES_LONG_SHORT_BASELINE_1X,ROLLING,90D-8,BASE_COST,-1.701700223158618814167970979,-170.1700223158618814167970979,-148.1979379027026571428571408,7,17.75688588753947643714285715,-4.215198525619747836797100,
FUTURES_LONG_SHORT_BASELINE_1X,ROLLING,90D-8,HIGH_COST,-2.047750920935395650913060624,-204.7750920935395650913060624,-166.1057387503011628571428552,7,34.59622859128054427714285715,-4.073124751957857957020350,
FUTURES_LONG_SHORT_BASELINE_1X,ROLLING,90D-8,STRESS_COST,-2.678973217924942519981939664,-267.8973217924942519981939664,-198.4081158986923199999999983,7,65.67972703427178672000000000,-3.809478859530145278193968,
FUTURES_LONG_SHORT_BASELINE_1X,ROLLING,90D-9,LOW_COST,-1.407963292094721955403660920,-140.7963292094721955403660920,-130.6243312310760392857142864,7,7.836058643349027877321428571,-2.335939335047128377330377,
FUTURES_LONG_SHORT_BASELINE_1X,ROLLING,90D-9,BASE_COST,-1.574035204708101534544957584,-157.4035204708101534544957584,-139.6665235254184485714285722,7,15.44130630009697792428571428,-2.295690645294726958781472,
FUTURES_LONG_SHORT_BASELINE_1X,ROLLING,90D-9,HIGH_COST,-1.891550480607846741293722097,-189.1550480607846741293722097,-156.9427208940435371428571434,7,29.99406876039325037714285715,-2.218258406347886609372209,
FUTURES_LONG_SHORT_BASELINE_1X,ROLLING,90D-9,STRESS_COST,-2.472561066907904429272503866,-247.2561066907904429272503866,-188.5023502073674400000000007,7,56.67943234832335984000000000,-2.074324135099643087250386,
FUTURES_LONG_SHORT_BASELINE_1X,ROLLING,90D-10,LOW_COST,-2.556789689697869822430349348,-255.6789689697869822430349348,-246.9163180127991107142857154,6,6.542622612555408107678571429,-2.220028344432463421070648,
FUTURES_LONG_SHORT_BASELINE_1X,ROLLING,90D-10,BASE_COST,-2.677868771193088046658684251,-267.7868771193088046658684251,-252.7240256772646300000000011,6,12.88028316537093564500000000,-2.182568276673239020868424,
FUTURES_LONG_SHORT_BASELINE_1X,ROLLING,90D-10,HIGH_COST,-2.908175818193131746254258751,-290.8175818193131746254258751,-263.7349532309547000000000011,6,24.97212404280965646000000000,-2.110504545548818165425874,
FUTURES_LONG_SHORT_BASELINE_1X,ROLLING,90D-10,STRESS_COST,-3.324922136695475623150820977,-332.4922136695475623150820977,-283.5024547368766057142857153,6,47.01320335461972681142857143,-1.976555578051229789367811,
FUTURES_LONG_SHORT_BASELINE_1X,ROLLING,90D-11,LOW_COST,-2.556789689697869822430349348,-255.6789689697869822430349348,-246.9163180127991107142857154,6,6.542622612555408107678571429,-2.220028344432463421070648,
FUTURES_LONG_SHORT_BASELINE_1X,ROLLING,90D-11,BASE_COST,-2.677868771193088046658684251,-267.7868771193088046658684251,-252.7240256772646300000000011,6,12.88028316537093564500000000,-2.182568276673239020868424,
FUTURES_LONG_SHORT_BASELINE_1X,ROLLING,90D-11,HIGH_COST,-2.908175818193131746254258751,-290.8175818193131746254258751,-263.7349532309547000000000011,6,24.97212404280965646000000000,-2.110504545548818165425874,
FUTURES_LONG_SHORT_BASELINE_1X,ROLLING,90D-11,STRESS_COST,-3.324922136695475623150820977,-332.4922136695475623150820977,-283.5024547368766057142857153,6,47.01320335461972681142857143,-1.976555578051229789367811,
FUTURES_LONG_SHORT_BASELINE_1X,ROLLING,90D-12,LOW_COST,-1.376568160492583963468774434,-137.6568160492583963468774434,-135.8485592102964557142857150,2,2.534722284519847708928571429,0.726465445557907076336843,
FUTURES_LONG_SHORT_BASELINE_1X,ROLLING,90D-12,BASE_COST,-1.417633834747827780853058527,-141.7633834747827780853058527,-137.4805630509737228571428579,2,4.999633910196386502857142857,0.716813486387331274694148,
FUTURES_LONG_SHORT_BASELINE_1X,ROLLING,90D-12,HIGH_COST,-1.496229351353049784257895651,-149.6229351353049784257895651,-140.5913741900453542857142864,2,9.729738286813543845714285714,0.698177341553919705639007,
FUTURES_LONG_SHORT_BASELINE_1X,ROLLING,90D-12,STRESS_COST,-1.640096805629433693861559402,-164.0096805629433693861559402,-146.2230209826084228571428578,2,18.44991640739527897142857143,0.663256827060332442415489,
FUTURES_LONG_SHORT_BASELINE_1X,ROLLING,90D-13,LOW_COST,-1.000630848689903228694897495,-100.0630848689903228694897495,-94.07319674952652642857142954,4,5.034120016438771373750000000,-0.955768103025025067168320,
FUTURES_LONG_SHORT_BASELINE_1X,ROLLING,90D-13,BASE_COST,-1.105856285731508882880091518,-110.5856285731508882880091518,-99.72249369899971714285714381,4,9.921723595997852820000000000,-0.941411278153318325152008,
FUTURES_LONG_SHORT_BASELINE_1X,ROLLING,90D-13,HIGH_COST,-1.307090835704348254860726889,-130.7090835704348254860726889,-110.5174005199008857142857152,4,19.27797052747241024571428572,-0.913712523061529526072688,
FUTURES_LONG_SHORT_BASELINE_1X,ROLLING,90D-13,STRESS_COST,-1.675303344147759315982485163,-167.5303344147759315982485163,-130.2286158634577314285714295,4,36.43980475974956602285714286,-0.861913791568634146819944,
FUTURES_LONG_SHORT_BASELINE_1X,ROLLING,90D-14,LOW_COST,-1.000630848689903228694897495,-100.0630848689903228694897495,-94.07319674952652642857142954,4,5.034120016438771373750000000,-0.955768103025025067168320,
FUTURES_LONG_SHORT_BASELINE_1X,ROLLING,90D-14,BASE_COST,-1.105856285731508882880091518,-110.5856285731508882880091518,-99.72249369899971714285714381,4,9.921723595997852820000000000,-0.941411278153318325152008,
FUTURES_LONG_SHORT_BASELINE_1X,ROLLING,90D-14,HIGH_COST,-1.307090835704348254860726889,-130.7090835704348254860726889,-110.5174005199008857142857152,4,19.27797052747241024571428572,-0.913712523061529526072688,
FUTURES_LONG_SHORT_BASELINE_1X,ROLLING,90D-14,STRESS_COST,-1.675303344147759315982485163,-167.5303344147759315982485163,-130.2286158634577314285714295,4,36.43980475974956602285714286,-0.861913791568634146819944,
FUTURES_LONG_SHORT_BASELINE_1X,ROLLING,90D-15,LOW_COST,-0.3572270221745108018948974908,-35.72270221745108018948974908,-30.97861189289248642857142909,3,3.788322221533568693750000000,-0.955768103025025067168320,
FUTURES_LONG_SHORT_BASELINE_1X,ROLLING,90D-15,BASE_COST,-0.4421690500305148395086629428,-44.21690500305148395086629428,-35.80979260437306857142857199,3,7.465701120525097054285714286,-0.941411278153318325152008,
FUTURES_LONG_SHORT_BASELINE_1X,ROLLING,90D-15,HIGH_COST,-0.6046662194890049803464411705,-60.46662194890049803464411705,-45.04966724135701142857142907,3,14.50324218448195708000000000,-0.913712523061529526072688,
FUTURES_LONG_SHORT_BASELINE_1X,ROLLING,90D-15,STRESS_COST,-0.9022805811100963692396280163,-90.22805811100963692396280163,-61.96172102515894285714285762,3,27.40442329428205992000000000,-0.861913791568634146819944,
FUTURES_LONG_SHORT_BASELINE_1X,ROLLING,90D-16,LOW_COST,0,0,0,0,0,0,
FUTURES_LONG_SHORT_BASELINE_1X,ROLLING,90D-16,BASE_COST,0,0,0,0,0,0,
FUTURES_LONG_SHORT_BASELINE_1X,ROLLING,90D-16,HIGH_COST,0,0,0,0,0,0,
FUTURES_LONG_SHORT_BASELINE_1X,ROLLING,90D-16,STRESS_COST,0,0,0,0,0,0,
FUTURES_LONG_SHORT_BASELINE_1X,ROLLING,90D-17,LOW_COST,0,0,0,0,0,0,
FUTURES_LONG_SHORT_BASELINE_1X,ROLLING,90D-17,BASE_COST,0,0,0,0,0,0,
FUTURES_LONG_SHORT_BASELINE_1X,ROLLING,90D-17,HIGH_COST,0,0,0,0,0,0,
FUTURES_LONG_SHORT_BASELINE_1X,ROLLING,90D-17,STRESS_COST,0,0,0,0,0,0,
FUTURES_LONG_SHORT_BASELINE_1X,ROLLING,90D-18,LOW_COST,-0.4998434183947592566142857208,-49.98434183947592566142857208,-48.20122174294929142857142922,1,1.261113862778609192857142857,-0.522006233748025040000000,
FUTURES_LONG_SHORT_BASELINE_1X,ROLLING,90D-18,BASE_COST,-0.5222728854418780850428571492,-52.22728854418780850428571492,-49.22805334451981142857142921,1,2.484946445125072735714285714,-0.514288754542924340000000,
FUTURES_LONG_SHORT_BASELINE_1X,ROLLING,90D-18,HIGH_COST,-0.5650626341767664058000000061,-56.50626341767664058000000061,-51.18084335385541714285714347,1,4.826022371236291457142857143,-0.499397692584931980000000,
FUTURES_LONG_SHORT_BASELINE_1X,ROLLING,90D-18,STRESS_COST,-0.6429094008014913026000000058,-64.29094008014913026000000058,-54.70560135735024000000000058,1,9.113796139869088800000000002,-0.471542582929801460000000,
FUTURES_LONG_SHORT_BASELINE_1X,ROLLING,90D-19,LOW_COST,-0.4998434183947592566142857208,-49.98434183947592566142857208,-48.20122174294929142857142922,1,1.261113862778609192857142857,-0.522006233748025040000000,
FUTURES_LONG_SHORT_BASELINE_1X,ROLLING,90D-19,BASE_COST,-0.5222728854418780850428571492,-52.22728854418780850428571492,-49.22805334451981142857142921,1,2.484946445125072735714285714,-0.514288754542924340000000,
FUTURES_LONG_SHORT_BASELINE_1X,ROLLING,90D-19,HIGH_COST,-0.5650626341767664058000000061,-56.50626341767664058000000061,-51.18084335385541714285714347,1,4.826022371236291457142857143,-0.499397692584931980000000,
FUTURES_LONG_SHORT_BASELINE_1X,ROLLING,90D-19,STRESS_COST,-0.6429094008014913026000000058,-64.29094008014913026000000058,-54.70560135735024000000000058,1,9.113796139869088800000000002,-0.471542582929801460000000,
FUTURES_LONG_SHORT_BASELINE_1X,ROLLING,90D-20,LOW_COST,-0.4998434183947592566142857208,-49.98434183947592566142857208,-48.20122174294929142857142922,1,1.261113862778609192857142857,-0.522006233748025040000000,
FUTURES_LONG_SHORT_BASELINE_1X,ROLLING,90D-20,BASE_COST,-0.5222728854418780850428571492,-52.22728854418780850428571492,-49.22805334451981142857142921,1,2.484946445125072735714285714,-0.514288754542924340000000,
FUTURES_LONG_SHORT_BASELINE_1X,ROLLING,90D-20,HIGH_COST,-0.5650626341767664058000000061,-56.50626341767664058000000061,-51.18084335385541714285714347,1,4.826022371236291457142857143,-0.499397692584931980000000,
FUTURES_LONG_SHORT_BASELINE_1X,ROLLING,90D-20,STRESS_COST,-0.6429094008014913026000000058,-64.29094008014913026000000058,-54.70560135735024000000000058,1,9.113796139869088800000000002,-0.471542582929801460000000,
FUTURES_LONG_SHORT_BASELINE_1X,ROLLING,90D-21,LOW_COST,-0.6881799841145961259500000039,-68.81799841145961259500000039,-67.59208091377392000000000039,1,1.225917497685692595000000,0,
FUTURES_LONG_SHORT_BASELINE_1X,ROLLING,90D-21,BASE_COST,-0.7062817077664685097428571467,-70.62817077664685097428571467,-68.21500267421453714285714324,1,2.413168102432313831428571428,0,
FUTURES_LONG_SHORT_BASELINE_1X,ROLLING,90D-21,HIGH_COST,-0.7405780501937576610857142894,-74.05780501937576610857142894,-69.38059723211940571428571466,1,4.677207787256360394285714285,0,
FUTURES_LONG_SHORT_BASELINE_1X,ROLLING,90D-21,STRESS_COST,-0.8020234117628017673142857178,-80.20234117628017673142857178,-71.40505727623186285714285749,1,8.797283900048313874285714286,0,
FUTURES_LONG_SHORT_BASELINE_1X,ROLLING,90D-22,LOW_COST,-0.6881799841145961259500000039,-68.81799841145961259500000039,-67.59208091377392000000000039,1,1.225917497685692595000000,0,
FUTURES_LONG_SHORT_BASELINE_1X,ROLLING,90D-22,BASE_COST,-0.7062817077664685097428571467,-70.62817077664685097428571467,-68.21500267421453714285714324,1,2.413168102432313831428571428,0,
FUTURES_LONG_SHORT_BASELINE_1X,ROLLING,90D-22,HIGH_COST,-0.7405780501937576610857142894,-74.05780501937576610857142894,-69.38059723211940571428571466,1,4.677207787256360394285714285,0,
FUTURES_LONG_SHORT_BASELINE_1X,ROLLING,90D-22,STRESS_COST,-0.8020234117628017673142857178,-80.20234117628017673142857178,-71.40505727623186285714285749,1,8.797283900048313874285714286,0,
FUTURES_LONG_SHORT_BASELINE_1X,ROLLING,90D-23,LOW_COST,-1.705752322226166637244642862,-170.5752322226166637244642862,-167.0899382404233664285714291,2,2.337263755267109795892857143,-1.148030226926187500000000,
FUTURES_LONG_SHORT_BASELINE_1X,ROLLING,90D-23,BASE_COST,-1.725898638590030292657142863,-172.5898638590030292657142863,-166.8854523784919428571428576,2,4.583456730352626408571428571,-1.120954750158460000000000,
FUTURES_LONG_SHORT_BASELINE_1X,ROLLING,90D-23,HIGH_COST,-1.762937243422957459314285719,-176.2937243422957459314285719,-166.4063880225819742857142862,2,8.817994102809149145714285713,-1.069342216904622500000000,
FUTURES_LONG_SHORT_BASELINE_1X,ROLLING,90D-23,STRESS_COST,-1.824990503580679184657142862,-182.4990503580679184657142862,-165.1739886811927714285714290,2,16.34987755430362453714285714,-0.975184122571522500000000,
FUTURES_LONG_SHORT_BASELINE_1X,ROLLING,90D-24,LOW_COST,-1.563574035384199889208700004,-156.3574035384199889208700004,-155.3138438285808207142857147,2,2.346793863313955584464285715,1.303234153474787377880000,
FUTURES_LONG_SHORT_BASELINE_1X,ROLLING,90D-24,BASE_COST,-1.586311262133365408718800005,-158.6311262133365408718800005,-155.3205481756772285714285719,2,4.602741801949482328571428571,1.292163764290170028120000,
FUTURES_LONG_SHORT_BASELINE_1X,ROLLING,90D-24,HIGH_COST,-1.628381109279609822117771433,-162.8381109279609822117771433,-155.2508856581948085714285718,2,8.857452925112299231428571428,1.270227655346125591080000,
FUTURES_LONG_SHORT_BASELINE_1X,ROLLING,90D-24,STRESS_COST,-1.699963987613211265353485718,-169.9963987613211265353485718,-154.7911955254282457142857147,2,16.43223313621167829714285714,1.227029900318797476080000,
FUTURES_LONG_SHORT_BASELINE_1X,ROLLING,90D-25,LOW_COST,-3.477938154102097423891557152,-347.7938154102097423891557152,-344.9252626519280950000000009,4,4.728216281634824473035714286,1.859663523353177083880000,
FUTURES_LONG_SHORT_BASELINE_1X,ROLLING,90D-25,BASE_COST,-3.517894135081988406457371438,-351.7894135081988406457371438,-344.3568675130708628571428582,4,9.270396829761528685714285715,1.837850834633550897120000,
FUTURES_LONG_SHORT_BASELINE_1X,ROLLING,90D-25,HIGH_COST,-3.591210234421335152107771438,-359.1210234421335152107771438,-343.0879610112941314285714294,4,17.82839731454931051428571429,1.795334883709926732080000,
FUTURES_LONG_SHORT_BASELINE_1X,ROLLING,90D-25,STRESS_COST,-3.706340405032897602069200009,-370.6340405032897602069200009,-339.3748261795995942857142866,4,32.97131312624359347428571428,1.712098802553427553080000,
FUTURES_LONG_SHORT_BASELINE_1X,ROLLING,90D-26,LOW_COST,-3.686446748123667199319771435,-368.6446748123667199319771435,-364.8378993501433428571428577,7,7.798312346945438505714285715,3.991536884722061430880000,
FUTURES_LONG_SHORT_BASELINE_1X,ROLLING,90D-26,BASE_COST,-3.788833663947163322095085721,-378.8833663947163322095085721,-367.5082029295435071428571434,7,15.29824834743201110357142857,3.923084882259186036920000,
FUTURES_LONG_SHORT_BASELINE_1X,ROLLING,90D-26,HIGH_COST,-3.980340660341046634799200007,-398.0340660341046634799200007,-372.3730850727007342857142864,7,29.45244679208562401428571429,3.791465830681694820080000,
FUTURES_LONG_SHORT_BASELINE_1X,ROLLING,90D-26,STRESS_COST,-4.307525807492938000377771436,-430.7525807492938000377771436,-379.6758816593411428571428578,7,54.62171135237804196571428572,3.545012262425384785080000,
FUTURES_LONG_SHORT_BASELINE_1X,ROLLING,90D-27,LOW_COST,-4.614303379863774256554090779,-461.4303379863774256554090779,-454.2025141236998185714285717,8,8.940430422327986267142857143,1.712606559650379183162351,
FUTURES_LONG_SHORT_BASELINE_1X,ROLLING,90D-27,BASE_COST,-4.726388096137134171525024017,-472.6388096137134171525024017,-456.7799948312782114285714289,8,17.53808563258867217571428571,1.679270850153466451783313,
FUTURES_LONG_SHORT_BASELINE_1X,ROLLING,90D-27,HIGH_COST,-4.935548458831945418569948654,-493.5548458831945418569948654,-461.4086998564625514285714289,8,33.76151689841021619142857144,1.615370871678225763005135,
FUTURES_LONG_SHORT_BASELINE_1X,ROLLING,90D-27,STRESS_COST,-5.291695632670794245138943526,-529.1695632670794245138943526,-468.0561172486613771428571433,8,62.60889199540080787428571429,1.495445976982760503248505,
FUTURES_LONG_SHORT_BASELINE_1X,ROLLING,90D-28,LOW_COST,-0.9323473012983331252296772070,-93.2347301298333125229677207,-84.3073655776197671428571429,7,7.761068729647863007857142858,-1.166295822565682372253435,
FUTURES_LONG_SHORT_BASELINE_1X,ROLLING,90D-28,BASE_COST,-1.088555101212369277977629442,-108.8555101212369277977629442,-92.4804275646457200000000000,7,15.22959416940765124714285714,-1.145488387183556550620087,
FUTURES_LONG_SHORT_BASELINE_1X,ROLLING,90D-28,HIGH_COST,-1.409329326778997984613533463,-140.9329326778997984613533463,-110.6011580127394114285714286,7,29.26211310300692684571428572,-1.069661562153460187067632,
FUTURES_LONG_SHORT_BASELINE_1X,ROLLING,90D-28,STRESS_COST,-1.974336235040407657677355112,-197.4336235040407657677355112,-142.3779750115090457142857144,7,54.12132749587313962285714286,-0.934320996658580430592654,
FUTURES_LONG_SHORT_BASELINE_1X,ROLLING,90D-29,LOW_COST,-0.6063491193609854054018676060,-60.6349119360985405401867606,-54.4218703204257478571428573,4,4.781092345422213025535714286,-1.431949270250579657508189,
FUTURES_LONG_SHORT_BASELINE_1X,ROLLING,90D-29,BASE_COST,-0.7100171065456503931742852030,-71.0017106545650393174285203,-60.2063816496250700000000002,4,9.390685207038089472142857143,-1.404643797901879845285663,
FUTURES_LONG_SHORT_BASELINE_1X,ROLLING,90D-29,HIGH_COST,-0.9316893837815272653249642040,-93.1689383781527265324964204,-73.8059606266689400000000002,4,18.04632550708646621428571429,-1.316652244397320318210706,
FUTURES_LONG_SHORT_BASELINE_1X,ROLLING,90D-29,STRESS_COST,-1.317596183622174514876239921,-131.7596183622174514876239921,-97.2410091885703885714285716,4,33.35707440169209222857142857,-1.161534771954970687623992,
FUTURES_LONG_SHORT_BASELINE_1X,ROLLING,90D-30,LOW_COST,1.449887025545160637442939972,144.9887025545160637442939972,153.9858446956421928571428581,7,7.451808725972364982857142857,-1.545333415153764129991718,
FUTURES_LONG_SHORT_BASELINE_1X,ROLLING,90D-30,BASE_COST,1.238809064653018476508075386,123.8809064653018476508075386,140.0004825918036842857142867,7,14.60394040457422812500000000,-1.515635721927608509906748,
FUTURES_LONG_SHORT_BASELINE_1X,ROLLING,90D-30,HIGH_COST,0.8151641500175996481422308166,81.51641500175996481422308166,110.9173250452548457142857151,7,27.97782679012076186857142856,-1.423083253374119031491205,
FUTURES_LONG_SHORT_BASELINE_1X,ROLLING,90D-30,STRESS_COST,0.08683245197685493217296634620,8.68324519768549321729663462,61.23159149298239428571428635,7,51.28876292706209610285714285,-1.259583368234804965560509,
FUTURES_LONG_SHORT_BASELINE_1X,ROLLING,90D-31,LOW_COST,-0.3177049343023829591986164519,-31.77049343023829591986164519,-26.29788502709058428571428460,6,6.249748000331619353571428571,0.777139597183907719424068,
FUTURES_LONG_SHORT_BASELINE_1X,ROLLING,90D-31,BASE_COST,-0.4674410573231234193007477551,-46.74410573231234193007477551,-35.26276533743517285714285607,6,12.24477683994320269642857143,0.763436445066033623496652,
FUTURES_LONG_SHORT_BASELINE_1X,ROLLING,90D-31,HIGH_COST,-0.7482258568936224558241843697,-74.82258568936224558241843697,-52.05314144536897142857142757,6,23.50628619608703993142857142,0.736841952093765777581562,
FUTURES_LONG_SHORT_BASELINE_1X,ROLLING,90D-31,STRESS_COST,-1.224150528233845318572907777,-122.4150528233845318572907777,-79.86292008999858857142857060,6,43.23724743655784917714285714,0.685114703171905891280650,
FUTURES_LONG_SHORT_BASELINE_1X,ROLLING,90D-32,LOW_COST,0.06160052913078398761642834990,6.16005291307839876164283499,12.01959367757935142857143012,6,6.236197329100600837142857142,0.376656564599648170214262,LOW_COST_ONLY_EDGE;COST_DOMINATED_PERIOD
FUTURES_LONG_SHORT_BASELINE_1X,ROLLING,90D-32,BASE_COST,-0.09380723424376933745790549960,-9.38072342437693374579054996,2.46379097381942285714285868,6,12.21422754729667723857142857,0.369713149100320635638020,LOW_COST_ONLY_EDGE;COST_DOMINATED_PERIOD
FUTURES_LONG_SHORT_BASELINE_1X,ROLLING,90D-32,HIGH_COST,-0.3853816209188112341948366653,-38.53816209188112341948366653,-15.46213032978546857142857002,6,23.43228394052552022857142857,0.356252178429865380516332,LOW_COST_ONLY_EDGE;COST_DOMINATED_PERIOD
FUTURES_LONG_SHORT_BASELINE_1X,ROLLING,90D-32,STRESS_COST,-0.8842609636862550937339896161,-88.42609636862550937339896161,-45.68004376710886285714285594,6,43.07741783661252332571428571,0.331365235095876809458180,LOW_COST_ONLY_EDGE;COST_DOMINATED_PERIOD
FUTURES_LONG_SHORT_BASELINE_1X,ROLLING,90D-33,LOW_COST,0.1666411468125605183995369573,16.66411468125605183995369573,22.09081977961604857142857200,3,3.558849363204917814285714285,-1.867855735155078917189162,STRESS_COLLAPSE
FUTURES_LONG_SHORT_BASELINE_1X,ROLLING,90D-33,BASE_COST,0.07916747413596481502943590640,7.91674741359648150294359064,16.71613960734080571428571482,3,6.971031452236528127142857143,-1.828360741507796084199267,STRESS_COLLAPSE
FUTURES_LONG_SHORT_BASELINE_1X,ROLLING,90D-33,HIGH_COST,-0.08530129200598801590699671590,-8.53012920059880159069967159,6.59750065584117142857142915,3,13.37550026972578044571428571,-1.752129586714192573556815,STRESS_COLLAPSE
FUTURES_LONG_SHORT_BASELINE_1X,ROLLING,90D-33,STRESS_COST,-0.3760617496374615750487026636,-37.60617496374615750487026636,-11.32581692979825142857142808,3,24.66821694657042539428571428,-1.612141087377480682013124,STRESS_COLLAPSE
FUTURES_LONG_SHORT_BASELINE_1X,ROLLING,90D-34,LOW_COST,-0.6502929366144249138165344684,-65.02929366144249138165344684,-58.40526814042711928571428486,4,4.756169785860293178749999999,-1.867855735155078917189162,
FUTURES_LONG_SHORT_BASELINE_1X,ROLLING,90D-34,BASE_COST,-0.7489613594797700714705640908,-74.89613594797700714705640908,-63.75175931956469428571428490,4,9.316015886904516777142857143,-1.828360741507796084199267,
FUTURES_LONG_SHORT_BASELINE_1X,ROLLING,90D-34,HIGH_COST,-0.9335338797680690145069967132,-93.35338797680690145069967132,-73.72757689446535714285714201,4,17.87368149562735173428571428,-1.752129586714192573556815,
FUTURES_LONG_SHORT_BASELINE_1X,ROLLING,90D-34,STRESS_COST,-1.257310583227794286934416947,-125.7310583227794286934416947,-91.15923077243547999999999926,4,32.95968646296646801142857142,-1.612141087377480682013124,
FUTURES_LONG_SHORT_BASELINE_1X,ROLLING,90D-35,LOW_COST,1.409005038637455866612052227,140.9005038637455866612052227,146.0447603623260521428571428,6,6.876953118452760528392857142,1.732696619872295046740937,
FUTURES_LONG_SHORT_BASELINE_1X,ROLLING,90D-35,BASE_COST,1.225051905660054365220096012,122.5051905660054365220096012,134.2604164186839957142857143,6,13.44813468690649516214285714,1.692908834227935969866744,
FUTURES_LONG_SHORT_BASELINE_1X,ROLLING,90D-35,HIGH_COST,0.8792096213814177855451873691,87.92096213814177855451873691,112.0235375874661400000000001,6,25.71895226966177655714285714,1.616376820337415111661594,
FUTURES_LONG_SHORT_BASELINE_1X,ROLLING,90D-35,STRESS_COST,0.2689618226789587392449728863,26.89618226789587392449728863,72.55181240078268000000000005,6,47.13223375271078945142857142,1.476603619823983375925860,
FUTURES_LONG_SHORT_BASELINE_1X,ROLLING,90D-36,LOW_COST,5.988448411313680103104052479,598.8448411313680103104052479,602.1450536840891007142857135,7,7.291398616765754857321428571,3.991186064044664453440963,
FUTURES_LONG_SHORT_BASELINE_1X,ROLLING,90D-36,BASE_COST,5.668252348390894334394652491,566.8252348390894334394652491,577.1526410726560142857142850,7,14.23078971626462220285714286,3.903383482698041356608107,
FUTURES_LONG_SHORT_BASELINE_1X,ROLLING,90D-36,HIGH_COST,5.064720192761650086942566324,506.4720192761650086942566324,529.8490379308654257142857137,7,27.11124253600265257428571428,3.734223881302235554256633,
FUTURES_LONG_SHORT_BASELINE_1X,ROLLING,90D-36,STRESS_COST,3.997634502921419066602657652,399.7634502921419066602657652,445.6526875671871257142857137,7,49.31374245005957518857142856,3.424505175014356134551480,
FUTURES_LONG_SHORT_BASELINE_1X,ROLLING,90D-37,LOW_COST,3.634505691230674278739651859,363.4505691230674278739651859,371.9427668158051514285714271,12,12.63643467834292198964285714,4.144236985605198435036616,
FUTURES_LONG_SHORT_BASELINE_1X,ROLLING,90D-37,BASE_COST,3.273776527030501510899462900,327.3776527030501510899462900,347.9413524477977614285714273,12,24.61567938287159917928571429,4.051979638123988840660577,
FUTURES_LONG_SHORT_BASELINE_1X,ROLLING,90D-37,HIGH_COST,2.607081910382470116158074058,260.7081910382470116158074058,303.5242060387759599999999989,12,46.68929779166424004000000000,3.873282791135291655807407,
FUTURES_LONG_SHORT_BASELINE_1X,ROLLING,90D-37,STRESS_COST,1.442488324900842047419805994,144.2488324900842047419805994,224.8418080994584742857142847,12,84.13961547619407361142857142,3.546639866819804067694886,
FUTURES_LONG_SHORT_BASELINE_1X,ROLLING,90D-38,LOW_COST,2.102870526921441609992139325,210.2870526921441609992139325,222.7884412121976571428571413,12,12.38546706389281901821428572,-0.115921456160677125428923,
FUTURES_LONG_SHORT_BASELINE_1X,ROLLING,90D-38,BASE_COST,1.763330131788795625026044868,176.3330131788795625026044868,200.5424848237676314285714271,12,24.09602665022346027428571429,-0.113444994664608651681226,
FUTURES_LONG_SHORT_BASELINE_1X,ROLLING,90D-38,HIGH_COST,1.141085096488556771397973008,114.1085096488556771397973008,159.8065381431618342857142845,12,45.58828194686025572571428572,-0.109746547445901420202698,
FUTURES_LONG_SHORT_BASELINE_1X,ROLLING,90D-38,STRESS_COST,0.06972292891240024003752566090,6.97229289124002400375256609,88.81920697396781714285714166,12,81.74421934667653620571428572,-0.102694736051256933390290,
FUTURES_LONG_SHORT_BASELINE_1X,ROLLING,90D-39,LOW_COST,0.1372608211031212697982010657,13.72608211031212697982010657,32.34056037177939785714285668,14,15.71743614836998892660714285,-2.897042113097281950715607,LOW_COST_ONLY_EDGE;COST_DOMINATED_PERIOD
FUTURES_LONG_SHORT_BASELINE_1X,ROLLING,90D-39,BASE_COST,-0.2393216625652100224519957970,-23.93216625652100224519957970,9.45023379545581999999999951,14,30.56878445795066976714285715,-2.813615594026152478056722,LOW_COST_ONLY_EDGE;COST_DOMINATED_PERIOD
FUTURES_LONG_SHORT_BASELINE_1X,ROLLING,90D-39,HIGH_COST,-0.9247850532293192578388169197,-92.47850532293192578388169197,-32.01556087667621714285714307,14,57.80684226033543390285714286,-2.656102185920274738167406,LOW_COST_ONLY_EDGE;COST_DOMINATED_PERIOD
FUTURES_LONG_SHORT_BASELINE_1X,ROLLING,90D-39,STRESS_COST,-2.088230649476179292281636954,-208.8230649476179292281636954,-102.8864845737477028571428575,14,103.5634773911527888000000000,-2.373102982717437571020838,LOW_COST_ONLY_EDGE;COST_DOMINATED_PERIOD
FUTURES_LONG_SHORT_BASELINE_1X,ROLLING,90D-40,LOW_COST,2.510278970406085947863112645,251.0278970406085947863112645,265.6396552296199792857142856,9,10.40949760119637558589285714,-4.202260587815008913510164,
FUTURES_LONG_SHORT_BASELINE_1X,ROLLING,90D-40,BASE_COST,2.178210275384054297361923468,217.8210275384054297361923468,242.1450928997331085714285714,9,20.24089193716141956857142857,-4.083173424166259266664796,
FUTURES_LONG_SHORT_BASELINE_1X,ROLLING,90D-40,HIGH_COST,1.564202202275231893186560412,156.4202202275231893186560412,198.5561661920027057142857144,9,38.27938050952648183714285715,-3.856565454953034558486816,
FUTURES_LONG_SHORT_BASELINE_1X,ROLLING,90D-40,STRESS_COST,0.5160777909061528689740873024,51.60777909061528689740873024,123.6774359469203200000000000,9,68.62071717634512564571428571,-3.448939679959907456876984,
FUTURES_LONG_SHORT_BASELINE_1X,ROLLING,90D-41,LOW_COST,1.487675824350239957559392860,148.7675824350239957559392860,161.1480263261923557142857143,7,8.612663250438827444285714287,-3.767780640729532514060714,
FUTURES_LONG_SHORT_BASELINE_1X,ROLLING,90D-41,BASE_COST,1.244097205287110653511867883,124.4097205287110653511867883,144.8030706948556157142857143,7,16.73223254150151031500000000,-3.661117624643040048098926,
FUTURES_LONG_SHORT_BASELINE_1X,ROLLING,90D-41,HIGH_COST,0.7948788762535627431737228128,79.48788762535627431737228128,114.5350572675095828571428574,7,31.58905133704896732000000000,-3.458118305104341219770576,
FUTURES_LONG_SHORT_BASELINE_1X,ROLLING,90D-41,STRESS_COST,0.03193191512389161584547190340,3.19319151238916158454719034,62.72458683662616000000000006,7,56.43854285289612452571428572,-3.092852471340873889738524,
FUTURES_LONG_SHORT_BASELINE_1X,ROLLING,90D-42,LOW_COST,0.5709669242321185274906980800,57.09669242321185274906980800,72.10039716536131928571428537,6,7.543552188718072457678571429,-7.460152553431394078965906,STRESS_COLLAPSE
FUTURES_LONG_SHORT_BASELINE_1X,ROLLING,90D-42,BASE_COST,0.3863496960696879298656033165,38.63496960696879298656033165,60.53617003390771857142857115,6,14.64793232781382714642857143,-7.253268099125098438439668,STRESS_COLLAPSE
FUTURES_LONG_SHORT_BASELINE_1X,ROLLING,90D-42,HIGH_COST,0.04715454517211536964338412900,4.71545451721153696433841290,39.20022277255896285714285686,6,27.62596853757479102000000000,-6.858799717772634872804444,STRESS_COLLAPSE
FUTURES_LONG_SHORT_BASELINE_1X,ROLLING,90D-42,STRESS_COST,-0.5245664959861258749110730145,-52.45664959861258749110730145,2.94349396557705714285714263,6,49.25349976688596856000000000,-6.146643797303676073964444,STRESS_COLLAPSE
FUTURES_LONG_SHORT_BASELINE_1X,ROLLING,90D-43,LOW_COST,0.7533330464377144539512299779,75.33330464377144539512299779,89.95486767373727071428571412,6,7.555152883496783455535714286,-7.066410146469041863627002,STRESS_COLLAPSE
FUTURES_LONG_SHORT_BASELINE_1X,ROLLING,90D-43,BASE_COST,0.5645887884307789817458593585,56.45887884307789817458593585,77.99411605138119857142857131,6,14.66632002118155282642857143,-6.868917187121747570414064,STRESS_COLLAPSE
FUTURES_LONG_SHORT_BASELINE_1X,ROLLING,90D-43,HIGH_COST,0.2177331477918222201115276323,21.77331477918222201115276323,55.91082589173628571428571418,6,27.64503688772468778285714286,-6.492474224829375920275808,STRESS_COLLAPSE
FUTURES_LONG_SHORT_BASELINE_1X,ROLLING,90D-43,STRESS_COST,-0.3670828959567611939930598986,-36.70828959567611939930598986,18.33677743941295999999999986,6,49.23182974108933156571428572,-5.813237293999747833591704,STRESS_COLLAPSE
FUTURES_LONG_SHORT_BASELINE_1X,ROLLING,90D-44,LOW_COST,3.505501115113136848325306913,350.5501115113136848325306913,365.2128559678423735714285720,6,7.503753795539132059821428571,-7.158990660989556679076452,
FUTURES_LONG_SHORT_BASELINE_1X,ROLLING,90D-44,BASE_COST,3.232502065947995828427343521,323.2502065947995828427343521,344.7925939304537871428571434,6,14.58416881527896409214285715,-6.958218520375240207979934,
FUTURES_LONG_SHORT_BASELINE_1X,ROLLING,90D-44,HIGH_COST,2.724755560092718706834365239,272.4755560092718706834365239,306.6063401635454628571428577,6,27.55517743696572324571428572,-6.575606717307868927992048,
FUTURES_LONG_SHORT_BASELINE_1X,ROLLING,90D-44,STRESS_COST,1.848646429464072549606984078,184.8646429464072549606984078,240.0435291663652571428571434,6,49.29338551908080233142857143,-5.885500700877199850730164,
FUTURES_LONG_SHORT_BASELINE_1X,ROLLING,90D-45,LOW_COST,0.6412220614311226150358227540,64.1222061431122615035822754,70.5738502575378428571428575,5,5.823568969056702759642857143,-0.628075145368878593917725,STRESS_COLLAPSE
FUTURES_LONG_SHORT_BASELINE_1X,ROLLING,90D-45,BASE_COST,0.5033464004053095543502745040,50.3346400405309554350274504,62.2242968683625385714285718,5,11.28097290388377170642857143,-0.608683923947811429972550,STRESS_COLLAPSE
FUTURES_LONG_SHORT_BASELINE_1X,ROLLING,90D-45,HIGH_COST,0.2510250291051327417234866160,25.1025029105132741723486616,46.8493001465577114285714290,5,21.17489198881792495142857142,-0.571905247226512304794196,STRESS_COLLAPSE
FUTURES_LONG_SHORT_BASELINE_1X,ROLLING,90D-45,STRESS_COST,-0.1707530679221466691608336562,-17.07530679221466691608336562,20.8319057219217600000000003,5,37.40108100012386434285714286,-0.506131514012562573226223,STRESS_COLLAPSE
FUTURES_LONG_SHORT_BASELINE_1X,ROLLING,90D-46,LOW_COST,0.8778332294152639154557408979,87.78332294152639154557408979,94.00196207085732499999999969,8,9.607021297854683063750000000,3.388382168523749609324090,STRESS_COLLAPSE
FUTURES_LONG_SHORT_BASELINE_1X,ROLLING,90D-46,BASE_COST,0.6405264211549124784059917735,64.05264211549124784059917735,79.36970703958567428571428556,8,18.57802838399344120428571428,3.260963459899014759170606,STRESS_COLLAPSE
FUTURES_LONG_SHORT_BASELINE_1X,ROLLING,90D-46,HIGH_COST,0.2066409115105621455356878645,20.66409115105621455356878645,52.39295564175429428571428558,8,34.74634035178020655714285714,3.017475861082126824997358,STRESS_COLLAPSE
FUTURES_LONG_SHORT_BASELINE_1X,ROLLING,90D-46,STRESS_COST,-0.5072446965302491294160738517,-50.72446965302491294160738517,7.62827469696759999999999987,8,60.94474620993646192000000000,2.592001859943948978392615,STRESS_COLLAPSE
FUTURES_LONG_SHORT_BASELINE_1X,ROLLING,180D-1,LOW_COST,1.882430203847426254332384422,188.2430203847426254332384422,222.4728946359093257142857138,30,32.18231465186027836607142858,-2.047559599306421914975843,STRESS_COLLAPSE
FUTURES_LONG_SHORT_BASELINE_1X,ROLLING,180D-1,BASE_COST,1.106768575256871402776053050,110.6768575256871402776053050,176.6028705906572571428571422,30,63.90072666594045412285714287,-2.025286399029662742394694,STRESS_COLLAPSE
FUTURES_LONG_SHORT_BASELINE_1X,ROLLING,180D-1,HIGH_COST,-0.4115384805260085204788452120,-41.1538480526008520478845212,86.8192135075504314285714277,30,125.9912359219693982428571430,-1.981825638181885233598806,STRESS_COLLAPSE
FUTURES_LONG_SHORT_BASELINE_1X,ROLLING,180D-1,STRESS_COST,-3.298842607028652987163522850,-329.8842607028652987163522850,-83.0974962293155600000000005,30,244.8812249902110982742857142,-1.905539483338640442066570,STRESS_COLLAPSE
FUTURES_LONG_SHORT_BASELINE_1X,ROLLING,180D-2,LOW_COST,0.5550409390125273886052167505,55.50409390125273886052167505,104.1390722095972200000000044,34,38.43381775983165594964285714,-10.201160548512825189835472,LOW_COST_ONLY_EDGE;COST_DOMINATED_PERIOD
FUTURES_LONG_SHORT_BASELINE_1X,ROLLING,180D-2,BASE_COST,-0.3771069242828693213735368080,-37.71069242828693213735368080,48.43514438034041285714286116,34,76.07079466542403101357142859,-10.075042143203313980925113,LOW_COST_ONLY_EDGE;COST_DOMINATED_PERIOD
FUTURES_LONG_SHORT_BASELINE_1X,ROLLING,180D-2,HIGH_COST,-2.168920314627515737665121721,-216.8920314627515737665121721,-58.08632746589102571428571026,34,148.9762554321825574885714287,-9.829448564677990563655033,LOW_COST_ONLY_EDGE;COST_DOMINATED_PERIOD
FUTURES_LONG_SHORT_BASELINE_1X,ROLLING,180D-2,STRESS_COST,-5.501708492140299685452664232,-550.1708492140299685452664232,-255.0470584238766571428571390,34,285.7480983450941488571428571,-9.375692445059162545266427,LOW_COST_ONLY_EDGE;COST_DOMINATED_PERIOD
FUTURES_LONG_SHORT_BASELINE_1X,ROLLING,180D-3,LOW_COST,2.104962435820083013670426794,210.4962435820083013670426794,254.9986771104440242857142912,32,35.90836944758128767571428571,-8.594064080854435242957326,STRESS_COLLAPSE
FUTURES_LONG_SHORT_BASELINE_1X,ROLLING,180D-3,BASE_COST,1.225036504344434846688241979,122.5036504344434846688241979,201.9730635050333471428571479,32,70.99118405313126810071428572,-8.478229017458594373318664,STRESS_COLLAPSE
FUTURES_LONG_SHORT_BASELINE_1X,ROLLING,180D-3,HIGH_COST,-0.4599574686890256604756614735,-45.99574686890256604756614735,100.9652014073926457142857194,32,138.7083042195758759314285715,-8.252644056719335830423295,STRESS_COLLAPSE
FUTURES_LONG_SHORT_BASELINE_1X,ROLLING,180D-3,STRESS_COST,-3.570660666897703639242860853,-357.0660666897703639242860853,-84.41020282468194857142856667,32,264.8189347801232486057142857,-7.836929084965166747143233,STRESS_COLLAPSE
FUTURES_LONG_SHORT_BASELINE_1X,ROLLING,180D-4,LOW_COST,-0.9567143945931393737905529204,-95.67143945931393737905529204,-60.14584225662594285714285300,22,26.65239490753506601750000000,-8.873202295152928504412439,
FUTURES_LONG_SHORT_BASELINE_1X,ROLLING,180D-4,BASE_COST,-1.587614955375411146959869016,-158.7614955375411146959869016,-97.42767944345188714285713900,22,52.59118284559017114642857143,-8.742633248499056406701191,
FUTURES_LONG_SHORT_BASELINE_1X,ROLLING,180D-4,HIGH_COST,-2.784539727944077661308358417,-278.4539727944077661308358417,-167.6099992974692914285714246,22,102.3547290282544942628571429,-8.489244468683980439407274,
FUTURES_LONG_SHORT_BASELINE_1X,ROLLING,180D-4,STRESS_COST,-4.982004448283168638554477326,-498.2004448283168638554477326,-296.1072321599362914285714250,22,194.0761497857054404685714285,-8.017062882675131958304879,
FUTURES_LONG_SHORT_BASELINE_1X,ROLLING,180D-5,LOW_COST,-2.784531452587305918872435354,-278.4531452587305918872435354,-266.4728904413724950000000014,9,10.37078092786887558625000000,-1.609473889489221300993534,
FUTURES_LONG_SHORT_BASELINE_1X,ROLLING,180D-5,BASE_COST,-2.991669039455929315398016112,-299.1669039455929315398016112,-277.1470865763921714285714300,9,20.44094021029336442714285713,-1.578877158907395684087324,
FUTURES_LONG_SHORT_BASELINE_1X,ROLLING,180D-5,HIGH_COST,-3.387779831960896525551617748,-338.7779831960896525551617748,-297.5340950840888914285714298,9,39.72380704720679422285714286,-1.520081064793966903733202,
FUTURES_LONG_SHORT_BASELINE_1X,ROLLING,180D-5,STRESS_COST,-4.112657872537338123134063269,-411.2657872537338123134063269,-334.7253711899758628571428585,9,75.12934875571863881142857143,-1.411067308039310644834897,
FUTURES_LONG_SHORT_BASELINE_1X,ROLLING,180D-6,LOW_COST,-3.557420538387773051125246843,-355.7420538387773051125246843,-340.9895147623256371428571448,10,11.57674262899417948142857143,-3.175796447457488488238968,
FUTURES_LONG_SHORT_BASELINE_1X,ROLLING,180D-6,BASE_COST,-3.783725056924596929538775770,-378.3725056924596929538775770,-352.4465193762643471428571450,10,22.80200676136878846500000000,-3.123979554826557346020432,
FUTURES_LONG_SHORT_BASELINE_1X,ROLLING,180D-6,HIGH_COST,-4.215266653897480001114985639,-421.5266653897480001114985639,-374.2523537508555857142857162,10,44.25009457028206670571428571,-3.024217068610347691498562,
FUTURES_LONG_SHORT_BASELINE_1X,ROLLING,180D-6,STRESS_COST,-5.000225480843234939133306141,-500.0225480843234939133306141,-413.7310706003343371428571448,10,83.45300811436929283428571430,-2.838469369619863936187755,
FUTURES_LONG_SHORT_BASELINE_1X,ROLLING,180D-7,LOW_COST,-1.000630848689903228694897495,-100.0630848689903228694897495,-94.07319674952652642857142954,4,5.034120016438771373750000000,-0.955768103025025067168320,
FUTURES_LONG_SHORT_BASELINE_1X,ROLLING,180D-7,BASE_COST,-1.105856285731508882880091518,-110.5856285731508882880091518,-99.72249369899971714285714381,4,9.921723595997852820000000000,-0.941411278153318325152008,
FUTURES_LONG_SHORT_BASELINE_1X,ROLLING,180D-7,HIGH_COST,-1.307090835704348254860726889,-130.7090835704348254860726889,-110.5174005199008857142857152,4,19.27797052747241024571428572,-0.913712523061529526072688,
FUTURES_LONG_SHORT_BASELINE_1X,ROLLING,180D-7,STRESS_COST,-1.675303344147759315982485163,-167.5303344147759315982485163,-130.2286158634577314285714295,4,36.43980475974956602285714286,-0.861913791568634146819944,
FUTURES_LONG_SHORT_BASELINE_1X,ROLLING,180D-8,LOW_COST,-0.8570704405692700585091832116,-85.70704405692700585091832116,-79.17983363584177785714285831,4,5.049436084312177886607142857,-1.477774336773050107168320,
FUTURES_LONG_SHORT_BASELINE_1X,ROLLING,180D-8,BASE_COST,-0.9644419354723929245515200920,-96.44419354723929245515200920,-85.03784594889288000000000120,4,9.950647565650169790000000000,-1.455700032696242665152008,
FUTURES_LONG_SHORT_BASELINE_1X,ROLLING,180D-8,HIGH_COST,-1.169728853665771386146441177,-116.9728853665771386146441177,-96.23051059521242857142857254,4,19.32926455571824853714285714,-1.413110215646461506072688,
FUTURES_LONG_SHORT_BASELINE_1X,ROLLING,180D-8,STRESS_COST,-1.545189981911587671839628022,-154.5189981911587671839628022,-116.6673223825091828571428582,4,36.51821943415114872000000000,-1.333456374498435606819944,
FUTURES_LONG_SHORT_BASELINE_1X,ROLLING,180D-9,LOW_COST,-0.4998434183947592566142857208,-49.98434183947592566142857208,-48.20122174294929142857142922,1,1.261113862778609192857142857,-0.522006233748025040000000,
FUTURES_LONG_SHORT_BASELINE_1X,ROLLING,180D-9,BASE_COST,-0.5222728854418780850428571492,-52.22728854418780850428571492,-49.22805334451981142857142921,1,2.484946445125072735714285714,-0.514288754542924340000000,
FUTURES_LONG_SHORT_BASELINE_1X,ROLLING,180D-9,HIGH_COST,-0.5650626341767664058000000061,-56.50626341767664058000000061,-51.18084335385541714285714347,1,4.826022371236291457142857143,-0.499397692584931980000000,
FUTURES_LONG_SHORT_BASELINE_1X,ROLLING,180D-9,STRESS_COST,-0.6429094008014913026000000058,-64.29094008014913026000000058,-54.70560135735024000000000058,1,9.113796139869088800000000002,-0.471542582929801460000000,
FUTURES_LONG_SHORT_BASELINE_1X,ROLLING,180D-10,LOW_COST,-1.188023402509355382564285725,-118.8023402509355382564285725,-115.7933026567232114285714296,2,2.487031360464301787857142857,-0.522006233748025040000000,
FUTURES_LONG_SHORT_BASELINE_1X,ROLLING,180D-10,BASE_COST,-1.228554593208346594785714296,-122.8554593208346594785714296,-117.4430560187343485714285724,2,4.898114547557386567142857142,-0.514288754542924340000000,
FUTURES_LONG_SHORT_BASELINE_1X,ROLLING,180D-10,HIGH_COST,-1.305640684370524066885714296,-130.5640684370524066885714296,-120.5614405859748228571428581,2,9.503230158492651851428571428,-0.499397692584931980000000,
FUTURES_LONG_SHORT_BASELINE_1X,ROLLING,180D-10,STRESS_COST,-1.444932812564293069914285724,-144.4932812564293069914285724,-126.1106586335821028571428581,2,17.91108003991740267428571429,-0.471542582929801460000000,
FUTURES_LONG_SHORT_BASELINE_1X,ROLLING,180D-11,LOW_COST,-2.251754019498796015158700008,-225.1754019498796015158700008,-222.9059247423547407142857151,3,3.572711360999648179464285715,1.303234153474787377880000,
FUTURES_LONG_SHORT_BASELINE_1X,ROLLING,180D-11,BASE_COST,-2.292592969899833918461657152,-229.2592969899833918461657152,-223.5355508498917657142857150,3,7.015909904381796159999999999,1.292163764290170028120000,
FUTURES_LONG_SHORT_BASELINE_1X,ROLLING,180D-11,HIGH_COST,-2.368959159473367483203485722,-236.8959159473367483203485722,-224.6314828903142142857142865,3,13.53466071236865962571428571,1.270227655346125591080000,
FUTURES_LONG_SHORT_BASELINE_1X,ROLLING,180D-11,STRESS_COST,-2.501987399376013032667771436,-250.1987399376013032667771436,-226.1962528016601085714285721,3,25.22951703625999217142857143,1.227029900318797476080000,
FUTURES_LONG_SHORT_BASELINE_1X,ROLLING,180D-12,LOW_COST,-5.392199070349833836564414297,-539.2199070349833836564414297,-531.9278375905667092857142868,9,10.13557610221254830160714286,2.843506657795873930880000,
FUTURES_LONG_SHORT_BASELINE_1X,ROLLING,180D-12,BASE_COST,-5.514732302537193614752228584,-551.4732302537193614752228584,-534.3936553080354500000000010,9,19.88170507778463751214285714,2.802130132100726036920000,
FUTURES_LONG_SHORT_BASELINE_1X,ROLLING,180D-12,HIGH_COST,-5.743277903764004094113485726,-574.3277903764004094113485726,-538.7794730952827085714285726,9,38.27044089489477316000000000,2.722123613777072320080000,
FUTURES_LONG_SHORT_BASELINE_1X,ROLLING,180D-12,STRESS_COST,-6.132516311073617185034914298,-613.2516311073617185034914298,-544.8498703405339142857142868,9,70.97158890668166650285714286,2.569828139853862285080000,
FUTURES_LONG_SHORT_BASELINE_1X,ROLLING,180D-13,LOW_COST,-4.410285455400430549121234359,-441.0285455400430549121234359,-429.2326282295478621428571437,11,12.48928501128268748089285715,0.693367700787494711626565,
FUTURES_LONG_SHORT_BASELINE_1X,ROLLING,180D-13,BASE_COST,-4.606449236294357684435000880,-460.6449236294357684435000880,-436.8372950777165828571428582,11,24.49999099916917993285714286,0.692362447449994346499913,
FUTURES_LONG_SHORT_BASELINE_1X,ROLLING,180D-13,HIGH_COST,-5.000539561200333136721304901,-500.0539561200333136721304901,-453.6891190240335428571428580,11,47.09051041755623736000000000,0.725673321556466545012368,
FUTURES_LONG_SHORT_BASELINE_1X,ROLLING,180D-13,STRESS_COST,-5.680676640073305259746555121,-568.0676640073305259746555121,-481.7528011911086400000000010,11,87.09264062211673309714285714,0.777777805894847122487346,
FUTURES_LONG_SHORT_BASELINE_1X,ROLLING,180D-14,LOW_COST,-3.164416354318613619111150806,-316.4416354318613619111150806,-300.2166694280576257142857136,15,16.39223914830035125000000001,0.167273144496615053170633,
FUTURES_LONG_SHORT_BASELINE_1X,ROLLING,180D-14,BASE_COST,-3.487579031484115695016948631,-348.7579031484115695016948631,-316.7795122394745271428571422,15,32.14202603716290030071428571,0.163635128225857941876565,
FUTURES_LONG_SHORT_BASELINE_1X,ROLLING,180D-14,HIGH_COST,-4.120384308814345770427717837,-412.0384308814345770427717837,-350.4913748112077057142857138,15,61.73934368853097806000000000,0.192287618304106731513930,
FUTURES_LONG_SHORT_BASELINE_1X,ROLLING,180D-14,STRESS_COST,-5.204863180693939312965977180,-520.4863180693939312965977180,-406.8245257556789828571428568,15,113.8976549224629039771428571,0.235862608747955537687996,
FUTURES_LONG_SHORT_BASELINE_1X,ROLLING,180D-15,LOW_COST,-0.5447485902302014177854392565,-54.47485902302014177854392565,-42.40227664284639642857142719,10,11.01728967452281386267857143,-1.055292705650931487293927,
FUTURES_LONG_SHORT_BASELINE_1X,ROLLING,180D-15,BASE_COST,-0.8038243407894197306321907024,-80.38243407894197306321907024,-57.74259067580564714285714156,10,21.60491275433476671071428571,-1.034930648801559209647643,
FUTURES_LONG_SHORT_BASELINE_1X,ROLLING,180D-15,HIGH_COST,-1.317071004700338499519800870,-131.7071004700338499519800870,-89.26809095645440857142857022,10,41.47860944761198644285714286,-0.960400065967454937694374,
FUTURES_LONG_SHORT_BASELINE_1X,ROLLING,180D-15,STRESS_COST,-2.201857147308429608610229537,-220.1857147308429608610229537,-142.9210529556792514285714275,10,76.43449223830461555428571428,-0.830169536859093878165812,
FUTURES_LONG_SHORT_BASELINE_1X,ROLLING,180D-16,LOW_COST,-0.9679978709168078730151509203,-96.79978709168078730151509203,-84.70315316751770357142856946,10,11.00591778619191253232142857,-1.090716137971171197765094,
FUTURES_LONG_SHORT_BASELINE_1X,ROLLING,180D-16,BASE_COST,-1.216402416802893490771311846,-121.6402416802893490771311846,-99.01452465699986714285714097,10,21.56079272684771947357142857,-1.064924296441762460702615,
FUTURES_LONG_SHORT_BASELINE_1X,ROLLING,180D-16,HIGH_COST,-1.681759736661691470331181083,-168.1759736661691470331181083,-125.7807183398343285714285696,10,41.37996769171439166571428570,-1.015287634620426795975253,
FUTURES_LONG_SHORT_BASELINE_1X,ROLLING,180D-16,STRESS_COST,-2.481461111461639605507324723,-248.1461111461639605507324723,-171.0221508624340685714285698,10,76.19693389952431718857142856,-0.927026384205574790732474,
FUTURES_LONG_SHORT_BASELINE_1X,ROLLING,180D-17,LOW_COST,6.155089558126240621503589436,615.5089558126240621503589436,624.2358734637051492857142855,10,10.85024797997067267160714286,2.123330328889585536251801,
FUTURES_LONG_SHORT_BASELINE_1X,ROLLING,180D-17,BASE_COST,5.747419822526859149424088398,574.7419822526859149424088398,593.8687806799968199999999998,10,21.20182116850115033000000000,2.075022741190245272408840,
FUTURES_LONG_SHORT_BASELINE_1X,ROLLING,180D-17,HIGH_COST,4.979418900755662071035569608,497.9418900755662071035569608,536.4465385867065971428571428,10,40.48674280572843301999999999,1.982094294588042980699818,
FUTURES_LONG_SHORT_BASELINE_1X,ROLLING,180D-17,STRESS_COST,3.621572753283957491553954988,362.1572753283957491553954988,434.3268706373888742857142856,10,73.98195939663000058285714284,1.812364087636875452538356,
FUTURES_LONG_SHORT_BASELINE_1X,ROLLING,180D-18,LOW_COST,3.511875565558897476604191552,351.1875565558897476604191552,368.8332015745237092857142841,18,19.26242018234557954660714286,1.616775163711617921312014,
FUTURES_LONG_SHORT_BASELINE_1X,ROLLING,180D-18,BASE_COST,2.988382037448849990246140880,298.8382037448849990246140880,334.8029012424516271428571414,18,37.54416133712995543642857144,1.579463839563327318185518,
FUTURES_LONG_SHORT_BASELINE_1X,ROLLING,180D-18,HIGH_COST,2.020294717869974556943160376,202.0294717869974556943160376,271.8300757306279742857142846,18,71.30723421652203228285714286,1.506630272891513691458896,
FUTURES_LONG_SHORT_BASELINE_1X,ROLLING,180D-18,STRESS_COST,0.3386847515913589792824985465,33.86847515913589792824985465,161.3710193747504971428571417,18,128.8764530993873256571428572,1.373908883772726442535570,
FUTURES_LONG_SHORT_BASELINE_1X,ROLLING,180D-19,LOW_COST,6.144784661636760226602764504,614.4784661636760226602764504,637.5824220454251307142857127,21,23.04593227953929757553571428,-0.058023602209810478473548,
FUTURES_LONG_SHORT_BASELINE_1X,ROLLING,180D-19,BASE_COST,5.451986802414555808261386368,545.1986802414555808261386368,590.0864453475308699999999986,21,44.85657132003301874785714287,-0.031193786042270426004219,
FUTURES_LONG_SHORT_BASELINE_1X,ROLLING,180D-19,HIGH_COST,4.171284112657702009344634471,417.1284112657702009344634471,502.0803722307786657142857132,21,84.96867830119072187714285715,0.016717336182257097320591,
FUTURES_LONG_SHORT_BASELINE_1X,ROLLING,180D-19,STRESS_COST,1.958566115806994916393893296,195.8566115806994916393893296,348.5192440463787942857142846,21,152.7603326525391992571428571,0.097700186859896610817902,
FUTURES_LONG_SHORT_BASELINE_1X,ROLLING,180D-20,LOW_COST,0.7082277453352397972888991450,70.82277453352397972888991450,104.4409575371407171428571421,20,23.26098833708806138428571428,-10.357194666528676029681513,STRESS_COLLAPSE
FUTURES_LONG_SHORT_BASELINE_1X,ROLLING,180D-20,BASE_COST,0.1470280335044779074136075195,14.70280335044779074136075195,69.98640382936353857142857065,20,45.21671678576449691357142858,-10.066883693151250916496390,STRESS_COLLAPSE
FUTURES_LONG_SHORT_BASELINE_1X,ROLLING,180D-20,HIGH_COST,-0.8776305080572038881954327908,-87.76305080572038881954327908,7.18466189588274571428571376,20,85.43281079791022492285714286,-9.514901903692909610971850,STRESS_COLLAPSE
FUTURES_LONG_SHORT_BASELINE_1X,ROLLING,180D-20,STRESS_COST,-2.612797145462305167192709968,-261.2797145462305167192709968,-99.94299060817064571428571478,20,152.8169771580387573600000000,-8.519746780021113644985282,STRESS_COLLAPSE
FUTURES_LONG_SHORT_BASELINE_1X,ROLLING,180D-21,LOW_COST,4.993176939463376805884699773,499.3176939463376805884699773,526.3608822940347292857142862,13,16.11641704597795950410714285,-10.926771301719089193137166,
FUTURES_LONG_SHORT_BASELINE_1X,ROLLING,180D-21,BASE_COST,4.476599271235106481939211405,447.6599271235106481939211405,489.5956646253094028571428576,13,31.31640135678047440714285715,-10.619336145018280256078860,
FUTURES_LONG_SHORT_BASELINE_1X,ROLLING,180D-21,HIGH_COST,3.519634436346281450008088051,351.9634436346281450008088051,421.1413974310550457142857151,13,59.14422877401469056571428572,-10.033725022412210147762624,
FUTURES_LONG_SHORT_BASELINE_1X,ROLLING,180D-21,STRESS_COST,1.880578344587964165452455982,188.0578344587964165452455982,302.7681160029914171428571434,13,105.7319283719769268571428572,-8.978353172218073740468688,
FUTURES_LONG_SHORT_BASELINE_1X,ROLLING,180D-22,LOW_COST,1.631166275852978369406970876,163.1166275852978369406970876,183.9568297445945957142857139,14,17.16217418135146651928571428,-3.678027977945292254302912,STRESS_COLLAPSE
FUTURES_LONG_SHORT_BASELINE_1X,ROLLING,180D-22,BASE_COST,1.205115209585691460151851132,120.5115209585691460151851132,157.3638230909668728571428569,14,33.24434840517499403071428572,-3.607953727222732811243458,STRESS_COLLAPSE
FUTURES_LONG_SHORT_BASELINE_1X,ROLLING,180D-22,HIGH_COST,0.4243740593023843656472154967,42.43740593023843656472154967,108.3037815334905799999999998,14,62.39137723950489434000000000,-3.474998363747249095278450,STRESS_COLLAPSE
FUTURES_LONG_SHORT_BASELINE_1X,ROLLING,180D-22,STRESS_COST,-0.8743275924870103234091337497,-87.43275924870103234091337497,25.96505213638055999999999977,14,110.1765759510257934857142857,-3.221235434055798855199089,STRESS_COLLAPSE
FUTURES_LONG_SHORT_BASELINE_1X,ROLLING,365D-1,LOW_COST,0.9257158092542868805418315018,92.57158092542868805418315018,162.3270523792833828571428608,52,58.83470955939534438357142857,-10.920761894459350419388282,LOW_COST_ONLY_EDGE;COST_DOMINATED_PERIOD
FUTURES_LONG_SHORT_BASELINE_1X,ROLLING,365D-1,BASE_COST,-0.4808463801185397441838159658,-48.08463801185397441838159658,79.17519114720537000000000318,52,116.4919095115306252692857142,-10.767919647528719149095885,LOW_COST_ONLY_EDGE;COST_DOMINATED_PERIOD
FUTURES_LONG_SHORT_BASELINE_1X,ROLLING,365D-1,HIGH_COST,-3.196078208470086181787203629,-319.6078208470086181787203629,-80.79078578991885999999999685,52,228.3459649502238925057142861,-10.471070106865865673006080,LOW_COST_ONLY_EDGE;COST_DOMINATED_PERIOD
FUTURES_LONG_SHORT_BASELINE_1X,ROLLING,365D-1,STRESS_COST,-8.280847055311821625718000176,-828.0847055311821625718000176,-379.2047283892518514285714256,52,438.9573747759165387428571427,-9.922602366013772400371449,LOW_COST_ONLY_EDGE;COST_DOMINATED_PERIOD
FUTURES_LONG_SHORT_BASELINE_1X,ROLLING,365D-2,LOW_COST,-3.222864301480460741514506365,-322.2864301480460741514506365,-260.0551997084522042857142824,44,50.09604949775629672749999999,-12.135180941837573138236354,
FUTURES_LONG_SHORT_BASELINE_1X,ROLLING,365D-2,BASE_COST,-4.385920890289304751698814841,-438.5920890289304751698814841,-327.6272689698900699999999972,44,98.99845767946805937071428573,-11.966362379572345799167201,
FUTURES_LONG_SHORT_BASELINE_1X,ROLLING,365D-2,HIGH_COST,-6.615097287437792911347610713,-661.5097287437792911347610713,-456.5675228613177285714285682,44,193.3034894900930471457142858,-11.638716392368515417618217,
FUTURES_LONG_SHORT_BASELINE_1X,ROLLING,365D-2,STRESS_COST,-10.73211820085465329369972130,-1073.211820085465329369972130,-693.4711770582491771428571402,44,368.7078548521545125028571429,-11.032788175061639724257848,
FUTURES_LONG_SHORT_BASELINE_1X,ROLLING,365D-3,LOW_COST,-1.957345243283042602485450416,-195.7345243283042602485450416,-154.2190390061524692857142824,26,31.68651492397383739125000000,-9.828970398177953571580759,
FUTURES_LONG_SHORT_BASELINE_1X,ROLLING,365D-3,BASE_COST,-2.693471241106920029839960535,-269.3471241106920029839960535,-197.1501731424516042857142828,26,62.51290644158802396642857143,-9.684044526652374731853199,
FUTURES_LONG_SHORT_BASELINE_1X,ROLLING,365D-3,HIGH_COST,-4.091630563648425916169085305,-409.1630563648425916169085305,-278.1273998173701771428571398,26,121.6326995557269045085714286,-9.402956991745509965479962,
FUTURES_LONG_SHORT_BASELINE_1X,ROLLING,365D-3,STRESS_COST,-6.657307792430927954536962489,-665.7307792430927954536962489,-426.3358480233940228571428545,26,230.5159545454550064914285715,-8.878976674243766105124823,
FUTURES_LONG_SHORT_BASELINE_1X,ROLLING,365D-4,LOW_COST,-4.057263956782532307739532564,-405.7263956782532307739532564,-389.1907365052749285714285740,11,12.83785649177278867428571429,-3.697802681205513528238968,
FUTURES_LONG_SHORT_BASELINE_1X,ROLLING,365D-4,BASE_COST,-4.305997942366475014581632919,-430.5997942366475014581632919,-401.6745727207841585714285742,11,25.28695320649386120071428571,-3.638268309369481686020432,
FUTURES_LONG_SHORT_BASELINE_1X,ROLLING,365D-4,HIGH_COST,-4.780329288074246406914985645,-478.0329288074246406914985645,-425.4331971047110028571428597,11,49.07611694151835816285714285,-3.523614761195279671498562,
FUTURES_LONG_SHORT_BASELINE_1X,ROLLING,365D-4,STRESS_COST,-5.643134881644726241733306147,-564.3134881644726241733306147,-468.4366719576845771428571454,11,92.56680425423838163428571430,-3.310011952549665396187755,
FUTURES_LONG_SHORT_BASELINE_1X,ROLLING,365D-5,LOW_COST,-2.188654251199258611259183220,-218.8654251199258611259183220,-209.8664994062497378571428592,6,7.521151376903073161607142857,-1.477774336773050107168320,
FUTURES_LONG_SHORT_BASELINE_1X,ROLLING,365D-5,BASE_COST,-2.334410878939855477665805814,-233.4410878939855477665805814,-217.1655497177340657142857162,6,14.81983814355523938714285714,-1.455700032696242665152008,
FUTURES_LONG_SHORT_BASELINE_1X,ROLLING,365D-5,HIGH_COST,-2.612731520074872321746441184,-261.2731520074872321746441184,-231.0788411058757085714285734,6,28.78120068596506209714285714,-1.413110215646461506072688,
FUTURES_LONG_SHORT_BASELINE_1X,ROLLING,365D-5,STRESS_COST,-3.120236156712052385896770887,-312.0236156712052385896770887,-256.3392744970398342857142876,6,54.35088479966696869714285715,-1.333456374498435606819944,
FUTURES_LONG_SHORT_BASELINE_1X,ROLLING,365D-6,LOW_COST,-4.665961556611452806455842876,-466.5961556611452806455842876,-460.7185653086513064285714305,6,7.215247642099126260892857143,1.337657289605152043880000,
FUTURES_LONG_SHORT_BASELINE_1X,ROLLING,365D-6,BASE_COST,-4.746448728290335001243085734,-474.6448728290335001243085734,-461.7999235318052114285714304,6,14.16851137731891525285714285,1.323562080090626557120000,
FUTURES_LONG_SHORT_BASELINE_1X,ROLLING,365D-6,HIGH_COST,-4.896850918791859218993485734,-489.6850918791859218993485734,-463.6494015972689542857142875,6,27.33162747304196236571428572,1.295937191124994752080000,
FUTURES_LONG_SHORT_BASELINE_1X,ROLLING,365D-6,STRESS_COST,-5.151273217597190671983485733,-515.1273217597190671983485733,-465.4854848131816971428571446,6,50.88239316616099614857142858,1.240556219623626093080000,
FUTURES_LONG_SHORT_BASELINE_1X,ROLLING,365D-7,LOW_COST,-5.598308857909785931685520083,-559.8308857909785931685520083,-545.0259308862710735714285733,13,14.97631637174698926875000001,0.171361467039469671626565,
FUTURES_LONG_SHORT_BASELINE_1X,ROLLING,365D-7,BASE_COST,-5.835003829502704279220715176,-583.5003829502704279220715176,-554.2803510964509314285714304,13,29.39810554672656649999999999,0.178073692907070006499913,
FUTURES_LONG_SHORT_BASELINE_1X,ROLLING,365D-7,HIGH_COST,-6.306180245570857203607019197,-630.6180245570857203607019197,-574.2505596100083657142857161,13,56.59374057604888921142857144,0.226275628971534565012368,
FUTURES_LONG_SHORT_BASELINE_1X,ROLLING,365D-7,STRESS_COST,-7.125609452637598329660840845,-712.5609452637598329660840845,-607.8634598246907428571428590,13,105.0037206620341357714285714,0.306235222965045662487346,
FUTURES_LONG_SHORT_BASELINE_1X,ROLLING,365D-8,LOW_COST,-5.416170373817409634269850814,-541.6170373817409634269850814,-523.1225941704123664285714287,18,19.96495050929999942946428573,1.470507297971402431050633,
FUTURES_LONG_SHORT_BASELINE_1X,ROLLING,365D-8,BASE_COST,-5.780172001383949613478605782,-578.0172001383949613478605782,-540.3150630893662928571428572,18,39.15793594154469646071428571,1.455798892516027969996565,
FUTURES_LONG_SHORT_BASELINE_1X,ROLLING,365D-8,HIGH_COST,-6.489343468287713253631203559,-648.9343468287713253631203559,-575.1228577015219200000000003,18,75.27400440089963768571428570,1.462515273650232322593930,
FUTURES_LONG_SHORT_BASELINE_1X,ROLLING,365D-8,STRESS_COST,-7.706850580069952345633748616,-770.6850580069952345633748616,-633.0207785573390914285714290,18,139.1271719587228961485714285,1.462892509066753013767996,
FUTURES_LONG_SHORT_BASELINE_1X,ROLLING,365D-9,LOW_COST,-5.039035022170586537919470995,-503.9035022170586537919470995,-478.5077922634348371428571420,23,25.66212970931994900107142858,0.266419755696132351981471,
FUTURES_LONG_SHORT_BASELINE_1X,ROLLING,365D-9,BASE_COST,-5.533890671798695372116827012,-553.3890671798695372116827012,-503.3775044300413428571428564,23,50.28717146933264301285714286,0.275608719504448658317298,
FUTURES_LONG_SHORT_BASELINE_1X,ROLLING,365D-9,HIGH_COST,-6.487264771233699198157385985,-648.7264771233699198157385985,-552.5435828858660714285714278,23,96.51149874372214006571428570,0.328604506218291678547115,
FUTURES_LONG_SHORT_BASELINE_1X,ROLLING,365D-9,STRESS_COST,-8.130723750595173311068965561,-813.0723750595173311068965561,-635.6090006523462799999999996,23,177.8778016027304039885714285,0.414427195559352881674872,
FUTURES_LONG_SHORT_BASELINE_1X,ROLLING,365D-10,LOW_COST,1.734160519015533280494823731,173.4160519015533280494823731,202.9322480706676807142857147,29,31.40342119418269752982142858,1.887225025068344865018087,STRESS_COLLAPSE
FUTURES_LONG_SHORT_BASELINE_1X,ROLLING,365D-10,BASE_COST,0.9688190090152387421505216130,96.88190090152387421505216130,156.4464002261521742857142863,29,61.40606627912696990000000000,1.841566954498669829337875,STRESS_COLLAPSE
FUTURES_LONG_SHORT_BASELINE_1X,ROLLING,365D-10,HIGH_COST,-0.4840071530582193387866404878,-48.40071530582193387866404878,67.14232968620222000000000071,29,117.3313785863855585514285714,1.788333594361404672764522,STRESS_COLLAPSE
FUTURES_LONG_SHORT_BASELINE_1X,ROLLING,365D-10,STRESS_COST,-3.013309021601205215764873841,-301.3309021601205215764873841,-88.55831777448463999999999958,29,214.4578768715915304228571428,1.685292485955648846369758,STRESS_COLLAPSE
FUTURES_LONG_SHORT_BASELINE_1X,ROLLING,365D-11,LOW_COST,5.176786790719952353587613584,517.6786790719952353587613584,552.8792688779074271428571433,31,34.05185006573121010785714286,-1.148739740180981676238642,STRESS_COLLAPSE
FUTURES_LONG_SHORT_BASELINE_1X,ROLLING,365D-11,BASE_COST,4.235584385611662317490074522,423.5584385611662317490074522,491.0719206905310028571428576,31,66.41736404688073822142857144,-1.096118082484032886706834,STRESS_COLLAPSE
FUTURES_LONG_SHORT_BASELINE_1X,ROLLING,365D-11,HIGH_COST,2.489524375996010539013453387,248.9524375996010539013453387,376.2996538909443371428571436,31,126.3486459929051135428571429,-0.998570298438169698654662,STRESS_COLLAPSE
FUTURES_LONG_SHORT_BASELINE_1X,ROLLING,365D-11,STRESS_COST,-0.5228949956546446891134314279,-52.28949956546446891134314279,177.4970931839447257142857148,31,228.9572665520635164457142856,-0.829326197345678179914572,STRESS_COLLAPSE
FUTURES_LONG_SHORT_BASELINE_1X,ROLLING,365D-12,LOW_COST,6.247824771460049766737460013,624.7824771460049766737460013,669.1320215787352821428571419,31,35.35725494889637420982142858,-8.992289483833931259289712,
FUTURES_LONG_SHORT_BASELINE_1X,ROLLING,365D-12,BASE_COST,5.267614231365564718536681634,526.7614231365564718536681634,604.3288020793473742857142850,31,68.83890722811908835142857144,-8.728471714671814080617550,
FUTURES_LONG_SHORT_BASELINE_1X,ROLLING,365D-12,HIGH_COST,3.455483380681455214949165388,345.5483380681455214949165388,484.2636212280495942857142854,31,130.4873966845427613942857143,-8.227886475361311396512032,
FUTURES_LONG_SHORT_BASELINE_1X,ROLLING,365D-12,STRESS_COST,0.3341726366224394354664164514,33.41726366224394354664164514,275.6967907133562742857142853,31,234.9518488565949988342857143,-7.327678194517331904786926,
FUTURES_LONG_SHORT_BASELINE_1X,ROLLING,365D-13,LOW_COST,7.775950937489738596009735374,777.5950937489738596009735374,821.5392517900197264285714265,35,40.20810646089076409482142856,-3.736051580155102732776460,
FUTURES_LONG_SHORT_BASELINE_1X,ROLLING,365D-13,BASE_COST,6.657102012000247268413237500,665.7102012000247268413237500,747.4502684384977428571428554,35,78.10091972520801277857142859,-3.639147513265003237247677,
FUTURES_LONG_SHORT_BASELINE_1X,ROLLING,365D-13,HIGH_COST,4.595658171960086374991849967,459.5658171960086374991849967,610.3841537642692457142857130,35,147.3600555406956162171428571,-3.458281027564991997957859,
FUTURES_LONG_SHORT_BASELINE_1X,ROLLING,365D-13,STRESS_COST,1.084238523319984592984759544,108.4238523319984592984759544,374.4842961827593542857142844,35,262.9369086035649927428571428,-3.123535247195902244381187,
FUTURES_LONG_SHORT_TIME_EXIT_12_1X,YEAR,2022,LOW_COST,-3.925261381175514341642818219,-392.5261381175514341642818219,-314.1029728547847814285714288,65,71.00943798775356535714285715,-7.413727275013087378567536,
FUTURES_LONG_SHORT_TIME_EXIT_12_1X,YEAR,2022,BASE_COST,-5.555827394811253011811893178,-555.5827394811253011811893178,-407.8760013403382928571428570,65,140.4172319576081536078571428,-7.289506183178854716189318,
FUTURES_LONG_SHORT_TIME_EXIT_12_1X,YEAR,2022,HIGH_COST,-8.713975594238931080858368045,-871.3975594238931080858368045,-589.8493620000674828571428571,65,274.4999419001492331514285715,-7.048255523676392077265376,
FUTURES_LONG_SHORT_TIME_EXIT_12_1X,YEAR,2022,STRESS_COST,-14.62157848762387334773037511,-1462.157848762387334773037511,-930.7561302063899199999999997,65,524.8040709954405104685714286,-6.597647560556904304466083,
FUTURES_LONG_SHORT_TIME_EXIT_12_1X,YEAR,2023,LOW_COST,-0.7246067364670203549999571485,-72.46067364670203549999571485,-62.99257194748454357142857199,7,8.377496331902376376607142856,-1.090605367315115551960000,
FUTURES_LONG_SHORT_TIME_EXIT_12_1X,YEAR,2023,BASE_COST,-0.9088002788502822494444285771,-90.88002788502822494444285771,-73.35582880598139857142857199,7,16.45334797477246882071428571,-1.070851104274357552300000,
FUTURES_LONG_SHORT_TIME_EXIT_12_1X,YEAR,2023,HIGH_COST,-1.257060608281745435784185720,-125.7060608281745435784185720,-92.93375521856341428571428626,7,31.73966453948910226571428572,-1.032641070122027026990000,
FUTURES_LONG_SHORT_TIME_EXIT_12_1X,YEAR,2023,STRESS_COST,-1.879566574195247169926314290,-187.9566574195247169926314290,-127.8722427346102971428571434,7,59.12307637552592708571428571,-0.961338309388492764060000,
FUTURES_LONG_SHORT_TIME_EXIT_12_1X,YEAR,2024,LOW_COST,-3.859835893841665659862877444,-385.9835893841665659862877444,-351.6808817936947778571428559,30,33.26332402327868809017857145,-1.039383567193100038966317,
FUTURES_LONG_SHORT_TIME_EXIT_12_1X,YEAR,2024,BASE_COST,-4.548945359464863651306146281,-454.8945359464863651306146281,-388.9760115294212185714285702,30,64.90572867424081760785714285,-1.012795742824328951328915,
FUTURES_LONG_SHORT_TIME_EXIT_12_1X,YEAR,2024,HIGH_COST,-5.830988872719625868118506114,-583.0988872719625868118506114,-458.6216851483177457142857131,30,123.5258799892065369342857143,-0.951322134438304163279184,
FUTURES_LONG_SHORT_TIME_EXIT_12_1X,YEAR,2024,STRESS_COST,-7.990555595234909156083905162,-799.0555595234909156083905162,-574.3300273114340628571428562,30,223.8822012084905481028571430,-0.843331003566304648390517,
FUTURES_LONG_SHORT_TIME_EXIT_12_1X,YEAR,2025,LOW_COST,11.47865919191584199996273504,1147.865919191584199996273504,1202.664322862188871428571429,42,49.58807970277527934892857144,-5.210323967829392083369351,
FUTURES_LONG_SHORT_TIME_EXIT_12_1X,YEAR,2025,BASE_COST,9.971850163272186532339649990,997.185016327218653233964999,1097.884246758241527142857143,42,95.66860452497282438071428569,-5.030625906050049528177857,
FUTURES_LONG_SHORT_TIME_EXIT_12_1X,YEAR,2025,HIGH_COST,7.230917459723935105070781949,723.0917459723935105070781949,905.8557972899340828571428566,42,178.0727150564947104142857144,-4.691336261045861935778947,
FUTURES_LONG_SHORT_TIME_EXIT_12_1X,YEAR,2025,STRESS_COST,2.707623745954546501761659462,270.7623745954546501761659462,584.0169739734361028571428563,42,309.1669745845215841371428571,-4.087624793459868543834053,
FUTURES_LONG_SHORT_TIME_EXIT_12_1X,ROLLING,90D-1,LOW_COST,-1.048173320078866739954352398,-104.8173320078866739954352398,-88.9839536760962192857142853,15,17.08259946984285548232142857,1.249221138052400772600474,
FUTURES_LONG_SHORT_TIME_EXIT_12_1X,ROLLING,90D-1,BASE_COST,-1.450711949224481465478745813,-145.0711949224481465478745813,-112.3084325285086942857142852,15,34.00344154186396899714285714,1.240679147924516734982561,
FUTURES_LONG_SHORT_TIME_EXIT_12_1X,ROLLING,90D-1,HIGH_COST,-2.244701675952895253416903375,-224.4701675952895253416903375,-158.3202681121384514285714281,15,67.37388856166501233142857143,1.223989078513938418309662,
FUTURES_LONG_SHORT_TIME_EXIT_12_1X,ROLLING,90D-1,STRESS_COST,-3.790479283016276586349124378,-379.0479283016276586349124378,-247.9179908087893942857142853,15,132.3220410770576159085714286,1.192103584219351559373276,
FUTURES_LONG_SHORT_TIME_EXIT_12_1X,ROLLING,90D-2,LOW_COST,-3.313998749697344673291928493,-331.3998749697344673291928493,-320.9999505802297471428571430,8,9.888055971702747286785714286,-0.511868417801972899549992,
FUTURES_LONG_SHORT_TIME_EXIT_12_1X,ROLLING,90D-2,BASE_COST,-3.532680110848196814770667356,-353.2680110848196814770667356,-333.0623960515394871428571430,8,19.69624699979900072357142857,-0.509368033481193610638164,
FUTURES_LONG_SHORT_TIME_EXIT_12_1X,ROLLING,90D-2,HIGH_COST,-3.965152620275159635637018901,-396.5152620275159635637018901,-356.9321119372870085714285716,8,39.07869441941322020857142857,-0.504455670815734783701890,
FUTURES_LONG_SHORT_TIME_EXIT_12_1X,ROLLING,90D-2,STRESS_COST,-4.811269012299332605658561587,-481.1269012299332605658561587,-403.6868698338305085714285716,8,76.94506546355127365714285714,-0.494965932551478337284730,
FUTURES_LONG_SHORT_TIME_EXIT_12_1X,ROLLING,90D-3,LOW_COST,-1.488929338172207515389591080,-148.8929338172207515389591080,-140.8110444270346864285714291,7,8.412667303206107941607142857,0.330777913020042831219464,
FUTURES_LONG_SHORT_TIME_EXIT_12_1X,ROLLING,90D-3,BASE_COST,-1.666748869553456111501489841,-166.6748869553456111501489841,-150.2817998568410428571428577,7,16.72068685107508014142857143,0.327599752570511848422445,
FUTURES_LONG_SHORT_TIME_EXIT_12_1X,ROLLING,90D-3,HIGH_COST,-2.016386224268949802520959895,-201.6386224268949802520959895,-168.9281564439002000000000005,7,33.03186632094067672000000000,0.321400337945896467904011,
FUTURES_LONG_SHORT_TIME_EXIT_12_1X,ROLLING,90D-3,STRESS_COST,-2.692758990908719433571191365,-269.2758990908719433571191365,-205.0912647511384800000000005,7,64.49422725319433136000000,0.309592913460868002880864,
FUTURES_LONG_SHORT_TIME_EXIT_12_1X,ROLLING,90D-4,LOW_COST,-3.724500618283871790980162952,-372.4500618283871790980162952,-350.0999964999567992857142872,20,19.90569124899960181160714286,-2.444374079430778000694865,
FUTURES_LONG_SHORT_TIME_EXIT_12_1X,ROLLING,90D-4,BASE_COST,-4.147657440237467799667545852,-414.7657440237467799667545852,-372.9565920475149200000000015,20,39.39688443104186259571428572,-2.412267545189997371040298,
FUTURES_LONG_SHORT_TIME_EXIT_12_1X,ROLLING,90D-4,HIGH_COST,-4.967638102203648438857291758,-496.7638102203648438857291758,-417.2335374335367228571428586,20,77.18028811399294107714285714,-2.349984672835179951443460,
FUTURES_LONG_SHORT_TIME_EXIT_12_1X,ROLLING,90D-4,STRESS_COST,-6.507069644364991935006651937,-650.7069644364991935006651937,-500.4231137941708228571428583,20,148.0508538272665128914285715,-2.232996815061857752093764,
FUTURES_LONG_SHORT_TIME_EXIT_12_1X,ROLLING,90D-5,LOW_COST,-1.332044411647696102523498848,-133.2044411647696102523498848,-93.93932848757241857142857198,33,34.44513966630568784571428571,-4.819973010891503835207027,
FUTURES_LONG_SHORT_TIME_EXIT_12_1X,ROLLING,90D-5,BASE_COST,-2.114004569631357637634505689,-211.4004569631357637634505689,-138.6491856759024028571428577,33,67.99990639844348860428571429,-4.751364888789872302021997,
FUTURES_LONG_SHORT_TIME_EXIT_12_1X,ROLLING,90D-5,HIGH_COST,-3.629188455855135670561953121,-362.9188455855135670561953121,-225.8067914583881942857142862,33,132.4933678669765642857142857,-4.618686260148808484766740,
FUTURES_LONG_SHORT_TIME_EXIT_12_1X,ROLLING,90D-5,STRESS_COST,-6.438731897614533108720445007,-643.8731897614533108720445007,-387.9938798786744114285714288,33,251.5089289984749209600000001,-4.370380884303978483473072,
FUTURES_LONG_SHORT_TIME_EXIT_12_1X,ROLLING,90D-6,LOW_COST,-0.5843148570324963759686100305,-58.43148570324963759686100305,-13.24435019640173571428571382,36,38.24539971959549457750000000,-6.941735787252407305075289,COST_DOMINATED_PERIOD
FUTURES_LONG_SHORT_TIME_EXIT_12_1X,ROLLING,90D-6,BASE_COST,-1.476260151992084753072508304,-147.6260151992084753072508304,-65.30294290011784857142857108,36,75.47470933237724872142857144,-6.848362966713378014393688,COST_DOMINATED_PERIOD
FUTURES_LONG_SHORT_TIME_EXIT_12_1X,ROLLING,90D-6,HIGH_COST,-3.195505772861422361889965582,-319.5505772861422361889965582,-165.9944408138370828571428569,36,146.8898790327168173342857143,-6.666257439588335997567987,COST_DOMINATED_PERIOD
FUTURES_LONG_SHORT_TIME_EXIT_12_1X,ROLLING,90D-6,STRESS_COST,-6.368291248496872564346562318,-636.8291248496872564346562318,-352.3434300329331028571428566,36,278.1617272376213657714285714,-6.323967579132787806084804,COST_DOMINATED_PERIOD
FUTURES_LONG_SHORT_TIME_EXIT_12_1X,ROLLING,90D-7,LOW_COST,1.984132447622462375110804441,198.4132447622462375110804441,229.1394091175709371428571441,23,26.66053352150628966500000000,-4.065630833818409966776700,STRESS_COLLAPSE
FUTURES_LONG_SHORT_TIME_EXIT_12_1X,ROLLING,90D-7,BASE_COST,1.332197460780684402949608886,133.2197460780684402949608886,189.7910908022024285714285726,23,52.56363895758210314714285714,-4.007705766551885129324827,STRESS_COLLAPSE
FUTURES_LONG_SHORT_TIME_EXIT_12_1X,ROLLING,90D-7,HIGH_COST,0.07670368638725627102929638080,7.67036863872562710292963808,113.6385494521020000000000012,23,102.0737646486752463771428571,-3.894416164701126519927506,STRESS_COLLAPSE
FUTURES_LONG_SHORT_TIME_EXIT_12_1X,ROLLING,90D-7,STRESS_COST,-2.231089953166039131303386946,-223.1089953166039131303386946,-26.89369517047135999999999874,23,192.5336792856162145600000000,-3.681620860516338570338696,STRESS_COLLAPSE
FUTURES_LONG_SHORT_TIME_EXIT_12_1X,ROLLING,90D-8,LOW_COST,0.3575316385426751962472975175,35.75316385426751962472975175,49.44455886016273285714285791,10,12.04845861701735836500000000,-1.642936388877854867413106,STRESS_COLLAPSE
FUTURES_LONG_SHORT_TIME_EXIT_12_1X,ROLLING,90D-8,BASE_COST,0.06935338064393661380987265330,6.93533806439366138098726533,32.31377787036269571428571503,10,23.75864777775165229071428571,-1.619792028217382042584164,STRESS_COLLAPSE
FUTURES_LONG_SHORT_TIME_EXIT_12_1X,ROLLING,90D-8,HIGH_COST,-0.4773916058749106368000575244,-47.73916058749106368000575244,-0.02777484255985999999999923,10,46.13780226737221127714285714,-1.573583477558992402862896,STRESS_COLLAPSE
FUTURES_LONG_SHORT_TIME_EXIT_12_1X,ROLLING,90D-8,STRESS_COST,-1.474801742358997176532370344,-147.4801742358997176532370344,-58.97603639040840571428571361,10,87.01814488292720106285714285,-1.485992962564110876094178,STRESS_COLLAPSE
FUTURES_LONG_SHORT_TIME_EXIT_12_1X,ROLLING,90D-9,LOW_COST,-0.3403414440584668909672060597,-34.03414440584668909672060597,-23.25641001017723500000000025,8,8.554156000535626024464285714,-2.223578395133828072256320,
FUTURES_LONG_SHORT_TIME_EXIT_12_1X,ROLLING,90D-9,BASE_COST,-0.5333576009725866926145130795,-53.33576009725866926145130795,-34.34557316971983714285714310,8,16.81053120277573124285714286,-2.179655724763100875737022,
FUTURES_LONG_SHORT_TIME_EXIT_12_1X,ROLLING,90D-9,HIGH_COST,-0.8994290536253524427534410740,-89.9429053625352442753441074,-55.37771878243124857142857165,8,32.47020773548336710571428571,-2.094978844620628598201250,
FUTURES_LONG_SHORT_TIME_EXIT_12_1X,ROLLING,90D-9,STRESS_COST,-1.558200569733133964545978140,-155.8200569733133964545978140,-93.2287633172563028571428573,8,60.65334889711221870857142857,-1.937944758944874888883528,
FUTURES_LONG_SHORT_TIME_EXIT_12_1X,ROLLING,90D-10,LOW_COST,-1.136719890435238185819107310,-113.6719890435238185819107310,-104.1584317963027000000000002,7,7.360613747404818398214285714,-2.152943499816300183696445,
FUTURES_LONG_SHORT_TIME_EXIT_12_1X,ROLLING,90D-10,BASE_COST,-1.289655466129988149615210400,-128.9655466129988149615210400,-112.4020675665171071428571431,7,14.45326702712021886785714286,-2.110212019361488950806754,
FUTURES_LONG_SHORT_TIME_EXIT_12_1X,ROLLING,90D-10,HIGH_COST,-1.578339502469643659613469294,-157.8339502469643659613469294,-127.9341059064943085714285716,7,27.87200057581603336571428572,-2.027843764654024024204072,
FUTURES_LONG_SHORT_TIME_EXIT_12_1X,ROLLING,90D-10,STRESS_COST,-2.092939607076565695071211850,-209.2939607076565695071211850,-155.5213304329583428571428573,7,51.89749680550016710857142857,-1.875133469198059541406899,
FUTURES_LONG_SHORT_TIME_EXIT_12_1X,ROLLING,90D-11,LOW_COST,-0.6848856366065408041012501712,-68.48856366065408041012501712,-61.56460096606672142857142926,5,4.938136854151512832857142857,-1.985825840435846148696445,
FUTURES_LONG_SHORT_TIME_EXIT_12_1X,ROLLING,90D-11,BASE_COST,-0.7878191661486495217159246896,-78.78191661486495217159246896,-67.15191592218796142857142925,5,9.684332499756403520714285714,-1.945668192920587222306754,
FUTURES_LONG_SHORT_TIME_EXIT_12_1X,ROLLING,90D-11,HIGH_COST,-0.9813788763971418467295407264,-98.13788763971418467295407264,-77.64037377606253714285714350,5,18.62921679362819329714285714,-1.868297070023454232954072,
FUTURES_LONG_SHORT_TIME_EXIT_12_1X,ROLLING,90D-11,STRESS_COST,-1.323729275528465050467283282,-132.3729275528465050467283282,-96.12791154008534857142857201,5,34.52004097379195405714285714,-1.724975038969202418156899,
FUTURES_LONG_SHORT_TIME_EXIT_12_1X,ROLLING,90D-12,LOW_COST,-0.7558987752282387050920872255,-75.58987752282387050920872255,-73.24979015126139928571428612,2,2.391942678255612972678571428,0.051855306693141749184135,
FUTURES_LONG_SHORT_TIME_EXIT_12_1X,ROLLING,90D-12,BASE_COST,-0.7993923049010785050120075726,-79.93923049010785050120075726,-75.28680168265613142857142897,2,4.703437286727786544285714286,0.051008479276067471656386,
FUTURES_LONG_SHORT_TIME_EXIT_12_1X,ROLLING,90D-12,HIGH_COST,-0.8815917471112007647022409810,-88.15917471112007647022409810,-79.11333789742553714285714324,2,9.095204013314394662857142857,0.049367199619855335490188,
FUTURES_LONG_SHORT_TIME_EXIT_12_1X,ROLLING,90D-12,STRESS_COST,-1.028499437677503813748376056,-102.8499437677503813748376056,-85.87210677350066857142857179,2,17.02413033478931594285714286,0.046293340539603139448109,
FUTURES_LONG_SHORT_TIME_EXIT_12_1X,ROLLING,90D-13,LOW_COST,-0.1187334142731315181035285733,-11.87334142731315181035285733,-4.89662725009814928571428590,5,5.995975225885335292678571428,-0.980738951329667231960000,
FUTURES_LONG_SHORT_TIME_EXIT_12_1X,ROLLING,90D-13,BASE_COST,-0.2584543104481368722730000020,-25.84543104481368722730000020,-13.10360311828329000000000019,5,11.77885408932435679500000000,-0.962973837206040432300000,
FUTURES_LONG_SHORT_TIME_EXIT_12_1X,ROLLING,90D-13,HIGH_COST,-0.5231398407298297252127571448,-52.31398407298297252127571448,-28.65234516257700285714285733,5,22.73302757669751095714285715,-0.928611333708458706990000,
FUTURES_LONG_SHORT_TIME_EXIT_12_1X,ROLLING,90D-13,STRESS_COST,-0.9980882724894811502691714298,-99.80882724894811502691714298,-56.55821609328956571428571446,5,42.38612287123842582857142857,-0.864488284420123484060000,
FUTURES_LONG_SHORT_TIME_EXIT_12_1X,ROLLING,90D-14,LOW_COST,-0.1187334142731315181035285733,-11.87334142731315181035285733,-4.89662725009814928571428590,5,5.995975225885335292678571428,-0.980738951329667231960000,
FUTURES_LONG_SHORT_TIME_EXIT_12_1X,ROLLING,90D-14,BASE_COST,-0.2584543104481368722730000020,-25.84543104481368722730000020,-13.10360311828329000000000019,5,11.77885408932435679500000000,-0.962973837206040432300000,
FUTURES_LONG_SHORT_TIME_EXIT_12_1X,ROLLING,90D-14,HIGH_COST,-0.5231398407298297252127571448,-52.31398407298297252127571448,-28.65234516257700285714285733,5,22.73302757669751095714285715,-0.928611333708458706990000,
FUTURES_LONG_SHORT_TIME_EXIT_12_1X,ROLLING,90D-14,STRESS_COST,-0.9980882724894811502691714298,-99.80882724894811502691714298,-56.55821609328956571428571446,5,42.38612287123842582857142857,-0.864488284420123484060000,
FUTURES_LONG_SHORT_TIME_EXIT_12_1X,ROLLING,90D-15,LOW_COST,0.4937453170481674146679000026,49.37453170481674146679000026,55.16532714567782500000000019,4,4.810056489531416301250000000,-0.980738951329667231960000,STRESS_COLLAPSE
FUTURES_LONG_SHORT_TIME_EXIT_12_1X,ROLLING,90D-15,BASE_COST,0.3713881848008318491555714302,37.13881848008318491555714302,47.54986883379278142857142875,4,9.448076516503556080714285714,-0.962973837206040432300000,STRESS_COLLAPSE
FUTURES_LONG_SHORT_TIME_EXIT_12_1X,ROLLING,90D-15,HIGH_COST,0.1392460369373821072443857162,13.92460369373821072443857162,33.08367741624557428571428591,4,18.23046238879890485428571429,-0.928611333708458706990000,STRESS_COLLAPSE
FUTURES_LONG_SHORT_TIME_EXIT_12_1X,ROLLING,90D-15,STRESS_COST,-0.2785061437117598483263142838,-27.85061437117598483263142838,6.98924959808554285714285733,4,33.97537568484140420571428571,-0.864488284420123484060000,STRESS_COLLAPSE
FUTURES_LONG_SHORT_TIME_EXIT_12_1X,ROLLING,90D-16,LOW_COST,0,0,0,0,0,0,
FUTURES_LONG_SHORT_TIME_EXIT_12_1X,ROLLING,90D-16,BASE_COST,0,0,0,0,0,0,
FUTURES_LONG_SHORT_TIME_EXIT_12_1X,ROLLING,90D-16,HIGH_COST,0,0,0,0,0,0,
FUTURES_LONG_SHORT_TIME_EXIT_12_1X,ROLLING,90D-16,STRESS_COST,0,0,0,0,0,0,
FUTURES_LONG_SHORT_TIME_EXIT_12_1X,ROLLING,90D-17,LOW_COST,0,0,0,0,0,0,
FUTURES_LONG_SHORT_TIME_EXIT_12_1X,ROLLING,90D-17,BASE_COST,0,0,0,0,0,0,
FUTURES_LONG_SHORT_TIME_EXIT_12_1X,ROLLING,90D-17,HIGH_COST,0,0,0,0,0,0,
FUTURES_LONG_SHORT_TIME_EXIT_12_1X,ROLLING,90D-17,STRESS_COST,0,0,0,0,0,0,
FUTURES_LONG_SHORT_TIME_EXIT_12_1X,ROLLING,90D-18,LOW_COST,0.058700353485341415100000,5.870035348534141510000000,7.177557433699400,1,1.19765566917981017,-0.109866415985448320000000,STRESS_COLLAPSE
FUTURES_LONG_SHORT_TIME_EXIT_12_1X,ROLLING,90D-18,BASE_COST,0.029414252671334135000000,2.941425267133413500000000,5.40124485876580,1,2.35194232456406938,-0.107877267068317120000000,STRESS_COLLAPSE
FUTURES_LONG_SHORT_TIME_EXIT_12_1X,ROLLING,90D-18,HIGH_COST,-0.026068214248847010400000,-2.606821424884701040000000,2.03331921204760,1,4.53611090051873272,-0.104029736413568320000000,STRESS_COLLAPSE
FUTURES_LONG_SHORT_TIME_EXIT_12_1X,ROLLING,90D-18,STRESS_COST,-0.125622151186509568000000,-12.562215118650956800000000,-4.01929318485920,1,8.44607190882338752,-0.096850024968369280000000,STRESS_COLLAPSE
FUTURES_LONG_SHORT_TIME_EXIT_12_1X,ROLLING,90D-19,LOW_COST,0.058700353485341415100000,5.870035348534141510000000,7.177557433699400,1,1.19765566917981017,-0.109866415985448320000000,STRESS_COLLAPSE
FUTURES_LONG_SHORT_TIME_EXIT_12_1X,ROLLING,90D-19,BASE_COST,0.029414252671334135000000,2.941425267133413500000000,5.40124485876580,1,2.35194232456406938,-0.107877267068317120000000,STRESS_COLLAPSE
FUTURES_LONG_SHORT_TIME_EXIT_12_1X,ROLLING,90D-19,HIGH_COST,-0.026068214248847010400000,-2.606821424884701040000000,2.03331921204760,1,4.53611090051873272,-0.104029736413568320000000,STRESS_COLLAPSE
FUTURES_LONG_SHORT_TIME_EXIT_12_1X,ROLLING,90D-19,STRESS_COST,-0.125622151186509568000000,-12.562215118650956800000000,-4.01929318485920,1,8.44607190882338752,-0.096850024968369280000000,STRESS_COLLAPSE
FUTURES_LONG_SHORT_TIME_EXIT_12_1X,ROLLING,90D-20,LOW_COST,0.058700353485341415100000,5.870035348534141510000000,7.177557433699400,1,1.19765566917981017,-0.109866415985448320000000,STRESS_COLLAPSE
FUTURES_LONG_SHORT_TIME_EXIT_12_1X,ROLLING,90D-20,BASE_COST,0.029414252671334135000000,2.941425267133413500000000,5.40124485876580,1,2.35194232456406938,-0.107877267068317120000000,STRESS_COLLAPSE
FUTURES_LONG_SHORT_TIME_EXIT_12_1X,ROLLING,90D-20,HIGH_COST,-0.026068214248847010400000,-2.606821424884701040000000,2.03331921204760,1,4.53611090051873272,-0.104029736413568320000000,STRESS_COLLAPSE
FUTURES_LONG_SHORT_TIME_EXIT_12_1X,ROLLING,90D-20,STRESS_COST,-0.125622151186509568000000,-12.562215118650956800000000,-4.01929318485920,1,8.44607190882338752,-0.096850024968369280000000,STRESS_COLLAPSE
FUTURES_LONG_SHORT_TIME_EXIT_12_1X,ROLLING,90D-21,LOW_COST,-0.6645736756792302519964285752,-66.45736756792302519964285752,-65.27350213108579428571428609,1,1.183865436837230913928571428,0,
FUTURES_LONG_SHORT_TIME_EXIT_12_1X,ROLLING,90D-21,BASE_COST,-0.6797602210734795121714285751,-67.97602210734795121714285751,-65.65347054646390857142857180,1,2.322551560884042645714285714,0,
FUTURES_LONG_SHORT_TIME_EXIT_12_1X,ROLLING,90D-21,HIGH_COST,-0.7078525533030687001714285750,-70.78525533030687001714285750,-66.31472926803401142857142893,1,4.470526062272858588571428571,0,
FUTURES_LONG_SHORT_TIME_EXIT_12_1X,ROLLING,90D-21,STRESS_COST,-0.7558561505192564516571428604,-75.58561505192564516571428604,-67.29473345646153142857142890,1,8.290881595464113737142857142,0,
FUTURES_LONG_SHORT_TIME_EXIT_12_1X,ROLLING,90D-22,LOW_COST,-0.6645736756792302519964285752,-66.45736756792302519964285752,-65.27350213108579428571428609,1,1.183865436837230913928571428,0,
FUTURES_LONG_SHORT_TIME_EXIT_12_1X,ROLLING,90D-22,BASE_COST,-0.6797602210734795121714285751,-67.97602210734795121714285751,-65.65347054646390857142857180,1,2.322551560884042645714285714,0,
FUTURES_LONG_SHORT_TIME_EXIT_12_1X,ROLLING,90D-22,HIGH_COST,-0.7078525533030687001714285750,-70.78525533030687001714285750,-66.31472926803401142857142893,1,4.470526062272858588571428571,0,
FUTURES_LONG_SHORT_TIME_EXIT_12_1X,ROLLING,90D-22,STRESS_COST,-0.7558561505192564516571428604,-75.58561505192564516571428604,-67.29473345646153142857142890,1,8.290881595464113737142857142,0,
FUTURES_LONG_SHORT_TIME_EXIT_12_1X,ROLLING,90D-23,LOW_COST,-0.9639127723201898485021285726,-96.39127723201898485021285726,-91.26796751870256428571428583,4,4.665097634342784523928571428,-0.458212078973636040570000,
FUTURES_LONG_SHORT_TIME_EXIT_12_1X,ROLLING,90D-23,BASE_COST,-1.059032874861245272588171430,-105.9032874861245272588171430,-96.32449101841567142857142869,4,9.131253704262654314285714286,-0.447542763446201515960000,
FUTURES_LONG_SHORT_TIME_EXIT_12_1X,ROLLING,90D-23,HIGH_COST,-1.236113408110234972391171430,-123.6113408110234972391171430,-105.6868623585553885714285716,4,17.49738124566567629142857143,-0.427097206802432376260000,
FUTURES_LONG_SHORT_TIME_EXIT_12_1X,ROLLING,90D-23,STRESS_COST,-1.542766250810262806986557144,-154.2766250810262806986557144,-121.7169950132204685714285715,4,32.17002689013425186285714285,-0.389603177671560264370000,
FUTURES_LONG_SHORT_TIME_EXIT_12_1X,ROLLING,90D-24,LOW_COST,-0.5762828906124411637058999974,-57.62828906124411637058999974,-52.73185889049241999999999974,4,4.676051450002145342500000,-0.220378720749551028090000,
FUTURES_LONG_SHORT_TIME_EXIT_12_1X,ROLLING,90D-24,BASE_COST,-0.6789049724665796056203428546,-67.89049724665796056203428546,-58.52459721393141285714285689,4,9.151531421348089533571428572,-0.214368611378458171320000,
FUTURES_LONG_SHORT_TIME_EXIT_12_1X,ROLLING,90D-24,HIGH_COST,-0.8703970185273415774373428548,-87.03970185273415774373428548,-69.30496305841267714285714262,4,17.53182314396189956285714286,-0.202915650359581038020000,
FUTURES_LONG_SHORT_TIME_EXIT_12_1X,ROLLING,90D-24,STRESS_COST,-1.203597334552832403700614283,-120.3597334552832403700614283,-87.96018259626013714285714263,4,32.21741560430667140571428571,-0.182135254716431821490000,
FUTURES_LONG_SHORT_TIME_EXIT_12_1X,ROLLING,90D-25,LOW_COST,-2.314601719924370158316971429,-231.4601719924370158316971429,-224.7870343204087178571428572,6,6.995447642962310519464285714,0.322309970934012544910000,
FUTURES_LONG_SHORT_TIME_EXIT_12_1X,ROLLING,90D-25,BASE_COST,-2.429903187871563064984628572,-242.9903187871563064984628572,-229.6269335386859700000000000,6,13.67905225200292461214285714,0.315667003532588113680000,
FUTURES_LONG_SHORT_TIME_EXIT_12_1X,ROLLING,90D-25,HIGH_COST,-2.642683733471091496617342858,-264.2683733471091496617342858,-238.4102389927622714285714286,6,26.16101372475403083714285715,0.302879370407152603980000,
FUTURES_LONG_SHORT_TIME_EXIT_12_1X,ROLLING,90D-25,STRESS_COST,-2.997674569769980480663471429,-299.7674569769980480663471429,-252.1855562889482914285714286,6,47.85913656862893363428571428,0.277235880579176996510000,
FUTURES_LONG_SHORT_TIME_EXIT_12_1X,ROLLING,90D-26,LOW_COST,-2.151136733096754579469900002,-215.1136733096754579469900002,-208.7127816164954650000000002,7,7.579233193196923681250000000,1.178341500016930734260000,
FUTURES_LONG_SHORT_TIME_EXIT_12_1X,ROLLING,90D-26,BASE_COST,-2.271084756562050922656800001,-227.1084756562050922656800001,-213.4526246668878800000000002,7,14.80764530033968807000000000,1.151794311022475804320000,
FUTURES_LONG_SHORT_TIME_EXIT_12_1X,ROLLING,90D-26,HIGH_COST,-2.492225801741262689182800001,-249.2225801741262689182800001,-222.0532297553343171428571430,7,28.27020166277815351714285714,1.100851243986201741720000,
FUTURES_LONG_SHORT_TIME_EXIT_12_1X,ROLLING,90D-26,STRESS_COST,-2.860667821242498436891657145,-286.0667821242498436891657145,-235.5252566869730742857142859,7,51.54674663360701638857142857,1.005221196330246985120000,
FUTURES_LONG_SHORT_TIME_EXIT_12_1X,ROLLING,90D-27,LOW_COST,-3.330286756009495204365476301,-333.0286756009495204365476301,-325.4061179796595278571428573,8,8.733322665422642884464285714,1.110765044132650305059513,
FUTURES_LONG_SHORT_TIME_EXIT_12_1X,ROLLING,90D-27,BASE_COST,-3.451417349588562691932369395,-345.1417349588562691932369395,-329.1652471083586471428571430,8,17.06167932403439593357142857,1.085191473536773883191632,
FUTURES_LONG_SHORT_TIME_EXIT_12_1X,ROLLING,90D-27,HIGH_COST,-3.673158580568890459814067181,-367.3158580568890459814067181,-335.7816504277794942857142858,8,32.57035645077520521428571428,1.036148821665653518593282,
FUTURES_LONG_SHORT_TIME_EXIT_12_1X,ROLLING,90D-27,STRESS_COST,-4.036976797598833162586930584,-403.6976797598833162586930584,-345.2586960055506571428571430,8,59.38312044833291075428571428,0.944136694000251638449799,
FUTURES_LONG_SHORT_TIME_EXIT_12_1X,ROLLING,90D-28,LOW_COST,-0.7766937192921330622389811480,-77.6693719292133062238981148,-67.2152748347299699999999998,9,9.880868854309235575000000000,-0.573228240174100648898115,
FUTURES_LONG_SHORT_TIME_EXIT_12_1X,ROLLING,90D-28,BASE_COST,-0.9850635817820873731875751190,-98.5063581782087373187575119,-78.6375668018608799999999998,9,19.30875918819442875000000000,-0.560032188153428568757512,
FUTURES_LONG_SHORT_TIME_EXIT_12_1X,ROLLING,90D-28,HIGH_COST,-1.381134938686149076366483298,-138.1134938686149076366483298,-100.7820798060523799999999999,9,36.80714122230178074000000000,-0.524272840260746896648330,
FUTURES_LONG_SHORT_TIME_EXIT_12_1X,ROLLING,90D-28,STRESS_COST,-2.061343633582301539050187838,-206.1343633582301539050187838,-138.6879017850092628571428570,9,66.98609825196284332571428571,-0.460363321258047722161641,
FUTURES_LONG_SHORT_TIME_EXIT_12_1X,ROLLING,90D-29,LOW_COST,-1.220349804589340241942852579,-122.0349804589340241942852579,-114.2980239158653678571428572,6,6.983337301410982839464285714,-0.753619241657673497678115,
FUTURES_LONG_SHORT_TIME_EXIT_12_1X,ROLLING,90D-29,BASE_COST,-1.358284949070470865148660834,-135.8284949070470865148660834,-121.4392180263192771428571429,6,13.65312329598231432857142857,-0.736153584745495043437512,
FUTURES_LONG_SHORT_TIME_EXIT_12_1X,ROLLING,90D-29,HIGH_COST,-1.622591150673810321181283300,-162.2591150673810321181283300,-135.5377448149665771428571429,6,26.02912610204444641714285714,-0.692244150370008558128330,
FUTURES_LONG_SHORT_TIME_EXIT_12_1X,ROLLING,90D-29,STRESS_COST,-2.070079102303854832692587839,-207.0079102303854832692587839,-159.0435060048358628571428572,6,47.35028211876459476571428571,-0.614122106785025646401641,
FUTURES_LONG_SHORT_TIME_EXIT_12_1X,ROLLING,90D-30,LOW_COST,1.752716726983659656283378064,175.2716726983659656283378064,185.6453449537879264285714295,9,9.579754023753632848392857142,-0.793918231668327951840766,
FUTURES_LONG_SHORT_TIME_EXIT_12_1X,ROLLING,90D-30,BASE_COST,1.475036357369432456409893249,147.5036357369432456409893249,166.9738607784525800000000009,9,18.69449340191913602000000000,-0.775731639590198339010676,
FUTURES_LONG_SHORT_TIME_EXIT_12_1X,ROLLING,90D-30,HIGH_COST,0.9489374356420634216582769686,94.89374356420634216582769686,131.1574997740212342857142866,9,35.53331711189128940571428571,-0.730439097923602714172304,
FUTURES_LONG_SHORT_TIME_EXIT_12_1X,ROLLING,90D-30,STRESS_COST,0.05711837533558376735761715280,5.71183753355837673576171528,70.50829353055206857142857219,9,64.14673054473554674285714286,-0.649725452258145092809714,
FUTURES_LONG_SHORT_TIME_EXIT_12_1X,ROLLING,90D-31,LOW_COST,0.9374425195782265087679543443,93.74425195782265087679543443,99.50967723877466642857142952,6,6.112811641906874980892857142,0.347386360954859429116862,STRESS_COLLAPSE
FUTURES_LONG_SHORT_TIME_EXIT_12_1X,ROLLING,90D-31,BASE_COST,0.7596808049679405970293846894,75.96808049679405970293846894,87.54851679670937000000000091,6,11.91989270710426812500000000,0.339456407188957827938468,STRESS_COLLAPSE
FUTURES_LONG_SHORT_TIME_EXIT_12_1X,ROLLING,90D-31,HIGH_COST,0.4292005087030719573906930886,42.92005087030719573906930886,65.26320508664371428571428660,6,22.66734175957258260571428571,0.324187543236064059069308,STRESS_COLLAPSE
FUTURES_LONG_SHORT_TIME_EXIT_12_1X,ROLLING,90D-31,STRESS_COST,-0.1244375534637997792162684471,-12.44375534637997792162684471,28.16287300269882857142857219,6,40.90203177678335194285714286,0.295403427704545449801726,STRESS_COLLAPSE
FUTURES_LONG_SHORT_TIME_EXIT_12_1X,ROLLING,90D-32,LOW_COST,1.512586314816691672410454344,151.2586314816691672410454344,157.1316528598261414285714295,6,6.110124174632980284642857142,0.237102796476006097116862,
FUTURES_LONG_SHORT_TIME_EXIT_12_1X,ROLLING,90D-32,BASE_COST,1.321807560417432804609384689,132.1807560417432804609384689,143.8599731778631100000000009,6,11.91072901975098630500000000,0.231511883631156765938468,
FUTURES_LONG_SHORT_TIME_EXIT_12_1X,ROLLING,90D-32,HIGH_COST,0.9665248784028074227106930890,96.6524878402807422710693089,119.0667265619440942857142866,6,22.63499829231650010571428571,0.220759570653148091069308,
FUTURES_LONG_SHORT_TIME_EXIT_12_1X,ROLLING,90D-32,STRESS_COST,0.3656617754487627058037315528,36.56617754487627058037315528,77.18596080177006857142857219,6,40.82082133719758866285714286,0.201038080303790671801726,
FUTURES_LONG_SHORT_TIME_EXIT_12_1X,ROLLING,90D-33,LOW_COST,-0.7443499323965781505360077830,-74.43499323965781505360077830,-65.90742264327608357142857144,6,6.964572552886127634107142856,-1.562998043495603848065064,
FUTURES_LONG_SHORT_TIME_EXIT_12_1X,ROLLING,90D-33,BASE_COST,-0.8875433087734707054742272815,-88.75433087734707054742272815,-73.66255611255927857142857144,6,13.56966951611441584071428571,-1.522105248673376135279871,
FUTURES_LONG_SHORT_TIME_EXIT_12_1X,ROLLING,90D-33,HIGH_COST,-1.150788485450027908065273049,-115.0788485450027908065273049,-87.87384025027644857142857144,6,25.76124997332929291142857142,-1.443758321397049323670162,
FUTURES_LONG_SHORT_TIME_EXIT_12_1X,ROLLING,90D-33,STRESS_COST,-1.595152798011925171448963163,-159.5152798011925171448963163,-111.7133096801289885714285714,6,46.50084298186996298285714286,-1.301127139193565590610602,
FUTURES_LONG_SHORT_TIME_EXIT_12_1X,ROLLING,90D-34,LOW_COST,-1.546330930595787031662793494,-154.6330930595787031662793494,-144.9301176818254299999999997,7,8.139977334257669318214285713,-1.562998043495603848065064,
FUTURES_LONG_SHORT_TIME_EXIT_12_1X,ROLLING,90D-34,BASE_COST,-1.695932542297849028002798707,-169.5932542297849028002798707,-152.2123909888826928571428569,7,15.85875799222883380785714285,-1.522105248673376135279871,
FUTURES_LONG_SHORT_TIME_EXIT_12_1X,ROLLING,90D-34,HIGH_COST,-1.969514682225279671865273046,-196.9514682225279671865273046,-165.4047512259411771428571426,7,30.10295867518974071999999999,-1.443758321397049323670162,
FUTURES_LONG_SHORT_TIME_EXIT_12_1X,ROLLING,90D-34,STRESS_COST,-2.426575168058443056591820304,-242.6575168058443056591820304,-187.0328830128137028571428569,7,54.32350665383703721142857143,-1.301127139193565590610602,
FUTURES_LONG_SHORT_TIME_EXIT_12_1X,ROLLING,90D-35,LOW_COST,-1.545146602689815290928279210,-154.5146602689815290928279210,-143.4861600439871964285714284,9,10.24894557201500189982142857,-0.779554652979330764435064,
FUTURES_LONG_SHORT_TIME_EXIT_12_1X,ROLLING,90D-35,BASE_COST,-1.736498939446636034429427280,-173.6498939446636034429427280,-152.9453791189334485714285714,9,19.94302571765154608571428572,-0.761489108078608785799871,
FUTURES_LONG_SHORT_TIME_EXIT_12_1X,ROLLING,90D-35,HIGH_COST,-2.085891669582270299598173048,-208.5891669582270299598173048,-170.0985559052674085714285713,9,37.76397073191443839142857142,-0.726640321045182996960162,
FUTURES_LONG_SHORT_TIME_EXIT_12_1X,ROLLING,90D-35,STRESS_COST,-2.667511906580245772718477448,-266.7511906580245772718477448,-198.2612426297554571428571428,9,67.82750822233870216000000000,-0.662439805930417968990602,
FUTURES_LONG_SHORT_TIME_EXIT_12_1X,ROLLING,90D-36,LOW_COST,4.281270938542576247807075652,428.1270938542576247807075652,434.3052192135025107142857138,7,7.139142690966273262321428572,0.961017331721387328743280,
FUTURES_LONG_SHORT_TIME_EXIT_12_1X,ROLLING,90D-36,BASE_COST,3.979258801194878873841682921,397.9258801194878873841682921,410.8482411679785128571428566,7,13.85540072859446843357142857,0.933039680103842960596864,
FUTURES_LONG_SHORT_TIME_EXIT_12_1X,ROLLING,90D-36,HIGH_COST,3.418164454935493163644525915,341.8164454935493163644525915,367.0378140134095314285714281,7,26.10111073821808178857142858,0.879742218357866724452592,
FUTURES_LONG_SHORT_TIME_EXIT_12_1X,ROLLING,90D-36,STRESS_COST,2.452664471370685096670356065,245.2664471370685096670356065,290.8928615940827028571428568,7,46.41010655845443283428571428,0.783692101440239644178464,
FUTURES_LONG_SHORT_TIME_EXIT_12_1X,ROLLING,90D-37,LOW_COST,4.798719101394091018266150822,479.8719101394091018266150822,491.2082799155540014285714274,12,12.25026007823789169214285714,0.913890302092992090186512,
FUTURES_LONG_SHORT_TIME_EXIT_12_1X,ROLLING,90D-37,BASE_COST,4.374416284713047620438216100,437.4416284713047620438216100,460.2829441456506957142857131,12,23.72893377868135444214285713,0.887618104335420771678754,
FUTURES_LONG_SHORT_TIME_EXIT_12_1X,ROLLING,90D-37,HIGH_COST,3.589689507523901142767884188,358.9689507523901142767884188,402.6344794572572771428571417,12,44.50290784188615300285714286,0.837379137018990136788420,
FUTURES_LONG_SHORT_TIME_EXIT_12_1X,ROLLING,90D-37,STRESS_COST,2.251818954637048106143814240,225.1818954637048106143814240,302.8286644747635028571428561,12,78.39354033457556627428571428,0.746771323516874031524282,
FUTURES_LONG_SHORT_TIME_EXIT_12_1X,ROLLING,90D-38,LOW_COST,6.019234985518255609151279391,601.9234985518255609151279391,614.1049789476474785714285700,12,11.98683135093784641785714285,-0.194649044884071238443488,
FUTURES_LONG_SHORT_TIME_EXIT_12_1X,ROLLING,90D-38,BASE_COST,5.547228945230667710823416098,554.7228945230667710823416098,578.0980845465990257142857129,12,23.18705444727706129714285714,-0.188135576255193334801246,
FUTURES_LONG_SHORT_TIME_EXIT_12_1X,ROLLING,90D-38,HIGH_COST,4.675339513669400178060784187,467.5339513669400178060784187,511.0783628090602428571428558,12,43.36843952622223247714285714,-0.175971915897992573921580,
FUTURES_LONG_SHORT_TIME_EXIT_12_1X,ROLLING,90D-38,STRESS_COST,3.192518698323647043500471381,319.2518698323647043500471381,395.3901424288026571428571417,12,75.98397707882103276571428571,-0.154295517616920027095718,
FUTURES_LONG_SHORT_TIME_EXIT_12_1X,ROLLING,90D-39,LOW_COST,5.614185750478739203446211051,561.4185750478739203446211051,581.8018328226273585714285703,16,17.98268206527176183964285715,-2.400575709481676387164608,
FUTURES_LONG_SHORT_TIME_EXIT_12_1X,ROLLING,90D-39,BASE_COST,5.019057182417713211298213027,501.9057182417713211298213027,539.0021188627250314285714275,16,34.77645995676618763285714285,-2.319940664187522665892982,
FUTURES_LONG_SHORT_TIME_EXIT_12_1X,ROLLING,90D-39,HIGH_COST,3.926005879255434427845499303,392.6005879255434427845499303,459.7921600983677457142857133,16,65.02401901070608952285714286,-2.167553162118213406878640,
FUTURES_LONG_SHORT_TIME_EXIT_12_1X,ROLLING,90D-39,STRESS_COST,2.088103409916965282468980949,208.8103409916965282468980949,324.5731940713081257142857134,16,113.8665221897631021485714286,-1.896330889848495318816190,
FUTURES_LONG_SHORT_TIME_EXIT_12_1X,ROLLING,90D-40,LOW_COST,5.571245809067144385863921592,557.1245809067144385863921592,572.9574289817683142857142850,11,12.96776120689459455071428571,-2.865086868159281148607840,
FUTURES_LONG_SHORT_TIME_EXIT_12_1X,ROLLING,90D-40,BASE_COST,5.086159288536969389430251274,508.6159288536969389430251274,536.4579138907459828571428565,11,25.07278023490634343714285714,-2.769204802142700476974872,
FUTURES_LONG_SHORT_TIME_EXIT_12_1X,ROLLING,90D-40,HIGH_COST,4.194370393533469184922141028,419.4370393533469184922141028,468.9038701716928485714285709,11,46.87907699010879326000000000,-2.587753828237136819214468,
FUTURES_LONG_SHORT_TIME_EXIT_12_1X,ROLLING,90D-40,STRESS_COST,2.691800026184610794938379915,269.1800026184610794938379915,353.5623838358099599999999995,11,82.11773691180135080000000,-2.264644305547529706162008,
FUTURES_LONG_SHORT_TIME_EXIT_12_1X,ROLLING,90D-41,LOW_COST,4.172566261878081746767136590,417.2566261878081746767136590,435.5815171118680992857142856,12,15.05178950356644019232142857,-3.273101420493484416679198,
FUTURES_LONG_SHORT_TIME_EXIT_12_1X,ROLLING,90D-41,BASE_COST,3.687055574978959941580854807,368.7055574978959941580854807,400.9512620355628828571428570,12,29.08304581535742058142857142,-3.162658722309468117628805,
FUTURES_LONG_SHORT_TIME_EXIT_12_1X,ROLLING,90D-41,HIGH_COST,2.799846657641062298824322486,279.9846657641062298824322486,337.2445799102137171428571429,12,54.30619624890169667714285715,-2.953717897205790583282037,
FUTURES_LONG_SHORT_TIME_EXIT_12_1X,ROLLING,90D-41,STRESS_COST,1.323012024984982585640113227,132.3012024984982585640113227,229.7662997486866114285714286,12,94.88322635705118634285714286,-2.581870893137166521702963,
FUTURES_LONG_SHORT_TIME_EXIT_12_1X,ROLLING,90D-42,LOW_COST,-0.1431855721967361291272905757,-14.31855721967361291272905757,2.65788364158954500000000036,11,14.06029468769916763625000000,-2.916146173563990276479058,COST_DOMINATED_PERIOD
FUTURES_LONG_SHORT_TIME_EXIT_12_1X,ROLLING,90D-42,BASE_COST,-0.4691604950024346514188892915,-46.91604950024346514188892915,-16.97315961868601428571428530,11,27.12865670141783729285714285,-2.814233180139613563317501,COST_DOMINATED_PERIOD
FUTURES_LONG_SHORT_TIME_EXIT_12_1X,ROLLING,90D-42,HIGH_COST,-1.052935882179798932015067612,-105.2935882179798932015067612,-52.15966153123658571428571393,11,50.51223913964529393428571429,-2.621687547098013552935333,COST_DOMINATED_PERIOD
FUTURES_LONG_SHORT_TIME_EXIT_12_1X,ROLLING,90D-42,STRESS_COST,-1.984272362980151769174810438,-198.4272362980151769174810438,-108.4000567397719142857142854,11,87.74730882848670609142857143,-2.279870729756556540338187,COST_DOMINATED_PERIOD
FUTURES_LONG_SHORT_TIME_EXIT_12_1X,ROLLING,90D-43,LOW_COST,0.3938796983610768945067094243,39.38796983610768945067094243,57.91001424199660000000000036,12,15.35037825388256665000000000,-3.171666152006343899329058,STRESS_COLLAPSE
FUTURES_LONG_SHORT_TIME_EXIT_12_1X,ROLLING,90D-43,BASE_COST,0.01965470636974276357171070850,1.96547063697427635717107085,34.63013867925165571428571475,12,29.60601112146627240785714285,-3.058656920811106949257501,STRESS_COLLAPSE
FUTURES_LONG_SHORT_TIME_EXIT_12_1X,ROLLING,90D-43,HIGH_COST,-0.6516490103410552121985676125,-65.16490103410552121985676125,-7.23858940636782571428571393,12,55.08095026056630725428571429,-2.845361367171388251285333,STRESS_COLLAPSE
FUTURES_LONG_SHORT_TIME_EXIT_12_1X,ROLLING,90D-43,STRESS_COST,-1.726451447148844683416610438,-172.6451447148844683416610438,-74.64715469997671428571428539,12,95.53057985586212241142857143,-2.467410159045631644518187,STRESS_COLLAPSE
FUTURES_LONG_SHORT_TIME_EXIT_12_1X,ROLLING,90D-44,LOW_COST,2.870510540152277282894937291,287.0510540152277282894937291,302.0711209169186757142857148,10,12.42169678611250352821428571,-2.598370115578443896577700,
FUTURES_LONG_SHORT_TIME_EXIT_12_1X,ROLLING,90D-44,BASE_COST,2.476647553177810711261292895,247.6647553177810711261292895,274.1124105580634328571428576,10,23.94266359605103367500000000,-2.504991644231328056013568,
FUTURES_LONG_SHORT_TIME_EXIT_12_1X,ROLLING,90D-44,HIGH_COST,1.762587833459462703880750934,176.2587833459462703880750934,223.0766043104043971428571432,10,44.48899256343012274571428572,-2.328828401028004009067764,
FUTURES_LONG_SHORT_TIME_EXIT_12_1X,ROLLING,90D-44,STRESS_COST,0.5934425254087871454704276838,59.34425254087871454704276838,138.3274175965800971428571432,10,76.96622537006682810285714286,-2.016939685634554492957232,
FUTURES_LONG_SHORT_TIME_EXIT_12_1X,ROLLING,90D-45,LOW_COST,2.579727180943650502780045947,257.9727180943650502780045947,267.1287030156361942857142861,7,8.545138498634257103928571429,-0.610846422636886903781120,
FUTURES_LONG_SHORT_TIME_EXIT_12_1X,ROLLING,90D-45,BASE_COST,2.294121524413286924700964323,229.4121524413286924700964323,246.4317130065676900000000003,7,16.43098476062335685500000000,-0.588575804615640674903568,
FUTURES_LONG_SHORT_TIME_EXIT_12_1X,ROLLING,90D-45,HIGH_COST,1.776761041307128465054417603,177.6761041307128465054417603,208.6088183838444571428571432,7,30.38612589865720310285714285,-0.546588354474407534558240,
FUTURES_LONG_SHORT_TIME_EXIT_12_1X,ROLLING,90D-45,STRESS_COST,0.9309115287425973726800332150,93.0911528742597372680033215,145.6451137731419771428571432,7,52.08161888459002324571428572,-0.472342014292216629139536,
FUTURES_LONG_SHORT_TIME_EXIT_12_1X,ROLLING,90D-46,LOW_COST,0.5551625394859277849138674956,55.51625394859277849138674956,66.33046752736462928571428596,9,11.15389871360282415267857143,0.339685134830973358351035,STRESS_COLLAPSE
FUTURES_LONG_SHORT_TIME_EXIT_12_1X,ROLLING,90D-46,BASE_COST,0.2938930311711219767389433360,29.38930311711219767389433360,50.46561304589214714285714303,9,21.40014592462921640642857143,0.323835995849266937465762,STRESS_COLLAPSE
FUTURES_LONG_SHORT_TIME_EXIT_12_1X,ROLLING,90D-46,HIGH_COST,-0.1683494580325575910807756582,-16.83494580325575910807756582,22.26821685714615142857142879,9,39.39720457132185892857142856,0.294041910919948391922434,STRESS_COLLAPSE
FUTURES_LONG_SHORT_TIME_EXIT_12_1X,ROLLING,90D-46,STRESS_COST,-0.8900684580786520164660813975,-89.00684580786520164660813975,-22.31347886452227999999999976,9,66.93654543956092664000000001,0.243178496218004993391860,STRESS_COLLAPSE
FUTURES_LONG_SHORT_TIME_EXIT_12_1X,ROLLING,180D-1,LOW_COST,-4.772673938362738530934515350,-477.2673938362738530934515350,-439.0839501760530185714285726,35,36.98829071884245729392857143,-1.195152941378377228094391,
FUTURES_LONG_SHORT_TIME_EXIT_12_1X,ROLLING,180D-1,BASE_COST,-5.598369389461949265146291664,-559.8369389461949265146291664,-485.2650245760236142857142867,35,73.40032597290583159285714286,-1.171588397265480636057737,
FUTURES_LONG_SHORT_TIME_EXIT_12_1X,ROLLING,180D-1,HIGH_COST,-7.212339778156543692274195133,-721.2339778156543692274195133,-575.5538055456751742857142867,35,144.5541766756579534085714286,-1.125995594321241533133798,
FUTURES_LONG_SHORT_TIME_EXIT_12_1X,ROLLING,180D-1,STRESS_COST,-10.29754892738126852135577632,-1029.754892738126852135577632,-748.3411046029602171428571437,35,280.3728949043241288000000001,-1.040893230842506192720488,
FUTURES_LONG_SHORT_TIME_EXIT_12_1X,ROLLING,180D-2,LOW_COST,-2.073244195204703891358201111,-207.3244195204703891358201111,-154.0553946234364221428571432,43,46.65806702280160251910714286,-6.610957874232364473855825,
FUTURES_LONG_SHORT_TIME_EXIT_12_1X,ROLLING,180D-2,BASE_COST,-3.143009021545540864573998146,-314.3009021545540864573998146,-215.5847427569588914285714288,43,92.19539618345232886285714286,-6.520763214142866165971243,
FUTURES_LONG_SHORT_TIME_EXIT_12_1X,ROLLING,180D-2,HIGH_COST,-5.211891997130372164410925478,-521.1891997130372164410925478,-334.9225972577372828571428574,43,179.9217453536574940542857143,-6.344857101642439529663976,
FUTURES_LONG_SHORT_TIME_EXIT_12_1X,ROLLING,180D-2,STRESS_COST,-9.061050239405591997917753684,-906.1050239405591997917753684,-557.4346947840715828571428570,43,342.6559544908156971314285715,-6.014374665671919803203940,
FUTURES_LONG_SHORT_TIME_EXIT_12_1X,ROLLING,180D-3,LOW_COST,-0.9745127731050209062762013305,-97.45127731050209062762013305,-44.49476962740968571428571405,43,46.49359828332304621071428572,-6.462909399769358702620133,
FUTURES_LONG_SHORT_TIME_EXIT_12_1X,ROLLING,180D-3,BASE_COST,-2.044651188987421023824633036,-204.4651188987421023824633036,-106.3354078055397071428571428,43,91.75855417619514089500000000,-6.371156917007254344606161,
FUTURES_LONG_SHORT_TIME_EXIT_12_1X,ROLLING,180D-3,HIGH_COST,-4.106580061730046307362010645,-410.6580061730046307362010645,-225.8345663009480542857142854,43,178.6311701343487755628571429,-6.192269737707800887629636,
FUTURES_LONG_SHORT_TIME_EXIT_12_1X,ROLLING,180D-3,STRESS_COST,-7.913533639973530285252815352,-791.3533639973530285252815352,-446.9699162690828171428571423,43,338.5270738814021220228571429,-5.856373846868089359567250,
FUTURES_LONG_SHORT_TIME_EXIT_12_1X,ROLLING,180D-4,LOW_COST,0.8474125571872241892916971310,84.7412557187224189291697131,124.9809773212682371428571438,30,34.02114726891110806321428572,-6.218574333634710150473145,STRESS_COLLAPSE
FUTURES_LONG_SHORT_TIME_EXIT_12_1X,ROLLING,180D-4,BASE_COST,0.04254199465069625333439848600,4.2541994650696253334398486,77.3890232356853214285714296,30,67.01690598470232201499999999,-6.117917785913374080131581,STRESS_COLLAPSE
FUTURES_LONG_SHORT_TIME_EXIT_12_1X,ROLLING,180D-4,HIGH_COST,-1.501635816082387388584172913,-150.1635816082387388584172913,-14.2955564543923085714285704,30,129.9457652244912797428571428,-5.922259929355150544131578,STRESS_COLLAPSE
FUTURES_LONG_SHORT_TIME_EXIT_12_1X,ROLLING,180D-4,STRESS_COST,-4.324029560242604826374598796,-432.4029560242604826374598796,-182.4150256034297028571428561,30,244.4311760911163816685714285,-5.556754329714398111745595,STRESS_COLLAPSE
FUTURES_LONG_SHORT_TIME_EXIT_12_1X,ROLLING,180D-5,LOW_COST,-1.096240219286705596059293285,-109.6240219286705596059293285,-96.50620016143863428571428637,10,10.94609867879123899714285714,-2.171723088440686323072185,
FUTURES_LONG_SHORT_TIME_EXIT_12_1X,ROLLING,180D-5,BASE_COST,-1.332749905873665197626520652,-133.2749905873665197626520652,-109.6323748523759685714285721,10,21.51396848950351778714285715,-2.128647245487033404080636,
FUTURES_LONG_SHORT_TIME_EXIT_12_1X,ROLLING,180D-5,HIGH_COST,-1.781020800736553207455682055,-178.1020800736553207455682055,-134.4910566798567857142857149,10,41.56541174879776176857142857,-2.045611645000773262711062,
FUTURES_LONG_SHORT_TIME_EXIT_12_1X,ROLLING,180D-5,STRESS_COST,-2.586700007410637778294354196,-258.6700007410637778294354196,-179.1008700907569714285714291,10,77.67747923190153465142857143,-1.891651418405271749435419,
FUTURES_LONG_SHORT_TIME_EXIT_12_1X,ROLLING,180D-6,LOW_COST,-0.8036190508796723222047787448,-80.36190508796723222047787448,-66.46122821616487071428571518,10,10.93411208003684812553571428,-2.966564791765513380656445,
FUTURES_LONG_SHORT_TIME_EXIT_12_1X,ROLLING,180D-6,BASE_COST,-1.046273476596786393988924691,-104.6273476596786393988924691,-80.25551904047125142857142942,10,21.46318658908076031571428572,-2.908642030126627654606754,
FUTURES_LONG_SHORT_TIME_EXIT_12_1X,ROLLING,180D-6,HIGH_COST,-1.504518717126971571942297871,-150.4518717126971571942297871,-106.2927189386395400000000008,10,41.36224437032570425428571429,-2.796908403731912939944072,
FUTURES_LONG_SHORT_TIME_EXIT_12_1X,ROLLING,180D-6,STRESS_COST,-2.321817548017946200736454712,-232.1817548017946200736454712,-152.6861276333749142857142865,10,76.90616384503037988571428571,-2.589463323389325902216899,
FUTURES_LONG_SHORT_TIME_EXIT_12_1X,ROLLING,180D-7,LOW_COST,-0.1187334142731315181035285733,-11.87334142731315181035285733,-4.89662725009814928571428590,5,5.995975225885335292678571428,-0.980738951329667231960000,
FUTURES_LONG_SHORT_TIME_EXIT_12_1X,ROLLING,180D-7,BASE_COST,-0.2584543104481368722730000020,-25.84543104481368722730000020,-13.10360311828329000000000019,5,11.77885408932435679500000000,-0.962973837206040432300000,
FUTURES_LONG_SHORT_TIME_EXIT_12_1X,ROLLING,180D-7,HIGH_COST,-0.5231398407298297252127571448,-52.31398407298297252127571448,-28.65234516257700285714285733,5,22.73302757669751095714285715,-0.928611333708458706990000,
FUTURES_LONG_SHORT_TIME_EXIT_12_1X,ROLLING,180D-7,STRESS_COST,-0.9980882724894811502691714298,-99.80882724894811502691714298,-56.55821609328956571428571446,5,42.38612287123842582857142857,-0.864488284420123484060000,
FUTURES_LONG_SHORT_TIME_EXIT_12_1X,ROLLING,180D-8,LOW_COST,0.5524456705335088297679000026,55.24456705335088297679000026,62.34288457937722500000000019,5,6.007712158711226471250000000,-1.090605367315115551960000,STRESS_COLLAPSE
FUTURES_LONG_SHORT_TIME_EXIT_12_1X,ROLLING,180D-8,BASE_COST,0.4008024374721659841555714302,40.08024374721659841555714302,52.95111369255858142857142875,5,11.80001884106762546071428571,-1.070851104274357552300000,STRESS_COLLAPSE
FUTURES_LONG_SHORT_TIME_EXIT_12_1X,ROLLING,180D-8,HIGH_COST,0.1131778226885350968443857162,11.31778226885350968443857162,35.11699662829317428571428591,5,22.76657328931763757428571429,-1.032641070122027026990000,STRESS_COLLAPSE
FUTURES_LONG_SHORT_TIME_EXIT_12_1X,ROLLING,180D-8,STRESS_COST,-0.4041282948982694163263142838,-40.41282948982694163263142838,2.96995641322634285714285733,5,42.42144759366479172571428571,-0.961338309388492764060000,STRESS_COLLAPSE
FUTURES_LONG_SHORT_TIME_EXIT_12_1X,ROLLING,180D-9,LOW_COST,0.058700353485341415100000,5.870035348534141510000000,7.177557433699400,1,1.19765566917981017,-0.109866415985448320000000,STRESS_COLLAPSE
FUTURES_LONG_SHORT_TIME_EXIT_12_1X,ROLLING,180D-9,BASE_COST,0.029414252671334135000000,2.941425267133413500000000,5.40124485876580,1,2.35194232456406938,-0.107877267068317120000000,STRESS_COLLAPSE
FUTURES_LONG_SHORT_TIME_EXIT_12_1X,ROLLING,180D-9,HIGH_COST,-0.026068214248847010400000,-2.606821424884701040000000,2.03331921204760,1,4.53611090051873272,-0.104029736413568320000000,STRESS_COLLAPSE
FUTURES_LONG_SHORT_TIME_EXIT_12_1X,ROLLING,180D-9,STRESS_COST,-0.125622151186509568000000,-12.562215118650956800000000,-4.01929318485920,1,8.44607190882338752,-0.096850024968369280000000,STRESS_COLLAPSE
FUTURES_LONG_SHORT_TIME_EXIT_12_1X,ROLLING,180D-10,LOW_COST,-0.6058733221938888368964285752,-60.58733221938888368964285752,-58.09594469738639428571428609,2,2.381521106017041083928571428,-0.109866415985448320000000,
FUTURES_LONG_SHORT_TIME_EXIT_12_1X,ROLLING,180D-10,BASE_COST,-0.6503459684021453771714285751,-65.03459684021453771714285751,-60.25222568769810857142857180,2,4.674493885448112025714285714,-0.107877267068317120000000,
FUTURES_LONG_SHORT_TIME_EXIT_12_1X,ROLLING,180D-10,HIGH_COST,-0.7339207675519157105714285750,-73.39207675519157105714285750,-64.28141005598641142857142893,2,9.006636962791591308571428571,-0.104029736413568320000000,
FUTURES_LONG_SHORT_TIME_EXIT_12_1X,ROLLING,180D-10,STRESS_COST,-0.8814783017057660196571428604,-88.14783017057660196571428604,-71.31402664132073142857142890,2,16.73695350428750125714285714,-0.096850024968369280000000,
FUTURES_LONG_SHORT_TIME_EXIT_12_1X,ROLLING,180D-11,LOW_COST,-1.240856566291671415702328573,-124.0856566291671415702328573,-118.0053610215782142857142858,5,5.859916886839376256428571428,-0.220378720749551028090000,
FUTURES_LONG_SHORT_TIME_EXIT_12_1X,ROLLING,180D-11,BASE_COST,-1.358665193540059117791771430,-135.8665193540059117791771430,-124.1780677603953214285714287,5,11.47408298223213217928571429,-0.214368611378458171320000,
FUTURES_LONG_SHORT_TIME_EXIT_12_1X,ROLLING,180D-11,HIGH_COST,-1.578249571830410277608771430,-157.8249571830410277608771430,-135.6196923264466885714285716,5,22.00234920623475815142857143,-0.202915650359581038020000,
FUTURES_LONG_SHORT_TIME_EXIT_12_1X,ROLLING,180D-11,STRESS_COST,-1.959453485072088855357757144,-195.9453485072088855357757144,-155.2549160527216685714285715,5,40.50829719977078514285714285,-0.182135254716431821490000,
FUTURES_LONG_SHORT_TIME_EXIT_12_1X,ROLLING,180D-12,LOW_COST,-3.115049505416944427972028574,-311.5049505416944427972028574,-299.9807491351980292857142860,11,12.24433082753970820517857143,0.720129421043294693690000,
FUTURES_LONG_SHORT_TIME_EXIT_12_1X,ROLLING,180D-12,BASE_COST,-3.330117631423296195244971431,-333.0117631423296195244971431,-309.7771156853035514285714289,11,23.93889900460234238428571429,0.704251547576274288360000,
FUTURES_LONG_SHORT_TIME_EXIT_12_1X,ROLLING,180D-12,HIGH_COST,-3.728339209851497661573971431,-372.8339209851497661573971431,-327.7400921138897057142857146,11,45.76758290844382980857142857,0.673754037183769365460000,
FUTURES_LONG_SHORT_TIME_EXIT_12_1X,ROLLING,180D-12,STRESS_COST,-4.403434072052761243878214289,-440.3434072052761243878214289,-357.2422517001935428571428574,11,83.71677352374126825142857142,0.615618018658686720750000,
FUTURES_LONG_SHORT_TIME_EXIT_12_1X,ROLLING,180D-13,LOW_COST,-3.091295439216503220555952577,-309.1295439216503220555952577,-292.0023091551386878571428570,15,16.87631649727154609446428572,-0.250918269240088103988115,
FUTURES_LONG_SHORT_TIME_EXIT_12_1X,ROLLING,180D-13,BASE_COST,-3.414966769653650438172203690,-341.4966769653650438172203690,-308.2645003405468499999999998,15,32.98781144019735336214285714,-0.244365184620840455077512,
FUTURES_LONG_SHORT_TIME_EXIT_12_1X,ROLLING,180D-13,HIGH_COST,-4.023818672157240572983826156,-402.3818672157240572983826156,-339.1923187988146514285714284,15,62.96815494705581157714285714,-0.221393469853594292668330,
FUTURES_LONG_SHORT_TIME_EXIT_12_1X,ROLLING,180D-13,STRESS_COST,-5.059018203352282019713659267,-505.9018203352282019713659267,-390.8734580739575542857142856,15,114.8452348205917769600000000,-0.183127440678870725651641,
FUTURES_LONG_SHORT_TIME_EXIT_12_1X,ROLLING,180D-14,LOW_COST,-1.577570029025835548082098237,-157.7570029025835548082098237,-139.7607730258716014285714278,17,18.31307668917627573285714286,0.316846812464322353218747,
FUTURES_LONG_SHORT_TIME_EXIT_12_1X,ROLLING,180D-14,BASE_COST,-1.976380992219130235522476146,-197.6380992219130235522476146,-162.1913863299060671428571421,17,35.75617272595353195357142857,0.309459833946575544180956,
FUTURES_LONG_SHORT_TIME_EXIT_12_1X,ROLLING,180D-14,HIGH_COST,-2.724221144926827038155790212,-272.4221144926827038155790212,-204.6241506537582599999999992,17,68.10367356266649461999999999,0.305709723742050804420978,
FUTURES_LONG_SHORT_TIME_EXIT_12_1X,ROLLING,180D-14,STRESS_COST,-3.979858422263249395229313431,-397.9858422263249395229313431,-274.7504024749985885714285708,17,123.5298509930684574971428572,0.294411241742106545640085,
FUTURES_LONG_SHORT_TIME_EXIT_12_1X,ROLLING,180D-15,LOW_COST,0.2922365102273514304676017653,29.22365102273514304676017653,42.83362894396077357142857232,12,13.09346147604396312410714286,-0.516516445181667400561253,LOW_COST_ONLY_EDGE;COST_DOMINATED_PERIOD
FUTURES_LONG_SHORT_TIME_EXIT_12_1X,ROLLING,180D-15,BASE_COST,-0.03647738865303806053927614460,-3.64773886530380605392761446,22.42075515154383285714285801,12,25.56385231573330063357142857,-0.504641701114338277499044,LOW_COST_ONLY_EDGE;COST_DOMINATED_PERIOD
FUTURES_LONG_SHORT_TIME_EXIT_12_1X,ROLLING,180D-15,HIGH_COST,-0.6560662722710028984705902114,-65.60662722710028984705902114,-16.47101825302248285714285630,12,48.66412439436094652285714285,-0.471484579716860467059022,LOW_COST_ONLY_EDGE;COST_DOMINATED_PERIOD
FUTURES_LONG_SHORT_TIME_EXIT_12_1X,ROLLING,180D-15,STRESS_COST,-1.704417326855092126888856286,-170.4417326855092126888856286,-81.85754520306579428571428501,12,88.17110345596218342857142857,-0.413084026481234974599915,LOW_COST_ONLY_EDGE;COST_DOMINATED_PERIOD
FUTURES_LONG_SHORT_TIME_EXIT_12_1X,ROLLING,180D-16,LOW_COST,-0.6088884110175605228948391505,-60.88884110175605228948391505,-45.42044044305076357142857023,13,14.25278897616454429910714286,-1.215611682540744418948202,
FUTURES_LONG_SHORT_TIME_EXIT_12_1X,ROLLING,180D-16,BASE_COST,-0.9362517373299084309734140179,-93.62517373299084309734140179,-64.66387419217332285714285597,13,27.77865069933310193285714285,-1.182648841484418307341403,
FUTURES_LONG_SHORT_TIME_EXIT_12_1X,ROLLING,180D-16,HIGH_COST,-1.540314173522207714474579957,-154.0314173522207714474579957,-100.1415461392974628571428560,13,52.77030043476232332571428570,-1.119570778160985264600854,
FUTURES_LONG_SHORT_TIME_EXIT_12_1X,ROLLING,180D-16,STRESS_COST,-2.551012721522242835808088750,-255.1012721522242835808088750,-158.8700100101148742857142847,13,95.22553843062038915428571429,-1.005723711489020140808876,
FUTURES_LONG_SHORT_TIME_EXIT_12_1X,ROLLING,180D-17,LOW_COST,3.536921006145998097271067869,353.6921006145998097271067869,368.3977965702264271428571424,13,14.10371524385240089642857143,-0.601980711774216519321784,
FUTURES_LONG_SHORT_TIME_EXIT_12_1X,ROLLING,180D-17,BASE_COST,3.091715492421408168367455640,309.1715492421408168367455640,337.1856850554192342857142851,13,27.42507024470888427428571428,-0.589065568569533174683007,
FUTURES_LONG_SHORT_TIME_EXIT_12_1X,ROLLING,180D-17,HIGH_COST,2.267375969485465255579252866,226.7375969485465255579252866,279.1639737631330828571428567,13,51.86236071154737470000000000,-0.564016103039182599217570,
FUTURES_LONG_SHORT_TIME_EXIT_12_1X,ROLLING,180D-17,STRESS_COST,0.8575116733587599252213929020,85.7511673358759925221392902,179.1795519139537142857142853,13,92.91094954032439581714285714,-0.517435037753325946432138,
FUTURES_LONG_SHORT_TIME_EXIT_12_1X,ROLLING,180D-18,LOW_COST,4.474088382828440318223000181,447.4088382828440318223000181,470.6188189036602821428571416,21,22.23577692295284831767857143,-0.974203697863402002878552,
FUTURES_LONG_SHORT_TIME_EXIT_12_1X,ROLLING,180D-18,BASE_COST,3.810730005784031676393988818,381.0730005784031676393988818,425.1527054276655771428571415,21,43.13008016492860738285714285,-0.949624684333802120601117,
FUTURES_LONG_SHORT_TIME_EXIT_12_1X,ROLLING,180D-18,HIGH_COST,2.589447844087129878462611139,258.9447844087129878462611139,340.9798069037928342857142845,21,81.13241025813667086857142857,-0.902612236943175570881742,
FUTURES_LONG_SHORT_TIME_EXIT_12_1X,ROLLING,180D-18,STRESS_COST,0.5250067917434012707819939330,52.50067917434012707819939330,197.1288997990471999999999989,21,143.8114853011597349257142857,-0.816735323547337996086320,
FUTURES_LONG_SHORT_TIME_EXIT_12_1X,ROLLING,180D-19,LOW_COST,10.36996491046123540413007241,1036.996491046123540413007241,1064.165708897322315714285712,23,25.21802128513248624285714286,-1.951196566066289058421328,
FUTURES_LONG_SHORT_TIME_EXIT_12_1X,ROLLING,180D-19,BASE_COST,9.460575573250017009868467374,946.0575573250017009868467374,996.740858036396678571428570,23,48.80171401358769787928571426,-1.881586697807279705296118,
FUTURES_LONG_SHORT_TIME_EXIT_12_1X,ROLLING,180D-19,HIGH_COST,7.784059901057370327690025216,778.4059901057370327690025216,871.5383496289501257142857126,23,91.38198483199494626285714286,-1.750374691218146682426048,
FUTURES_LONG_SHORT_TIME_EXIT_12_1X,ROLLING,180D-19,STRESS_COST,4.943618980821658901082194155,494.3618980821658901082194155,656.3910483105734628571428556,23,160.5112772463769170742857143,-1.517872982030655674637726,
FUTURES_LONG_SHORT_TIME_EXIT_12_1X,ROLLING,180D-20,LOW_COST,5.471000178282003074318920476,547.1000178282003074318920476,584.4597164642169035714285707,27,32.04297675297092947589285715,-5.316721883045666663643666,
FUTURES_LONG_SHORT_TIME_EXIT_12_1X,ROLLING,180D-20,BASE_COST,4.549896687415278559879323735,454.9896687415278559879323735,522.0289592440390171428571421,27,61.90511665818402492571428570,-5.134173844327136229210483,
FUTURES_LONG_SHORT_TIME_EXIT_12_1X,ROLLING,180D-20,HIGH_COST,2.873069997075635495830431690,287.3069997075635495830431690,407.6324985671311599999999994,27,115.5362581503513834571428572,-4.789240709216226959813973,
FUTURES_LONG_SHORT_TIME_EXIT_12_1X,ROLLING,180D-20,STRESS_COST,0.1038310469368135132941705103,10.38310469368135132941705103,216.1731373315362114285714280,27,201.6138310182498082400000000,-4.176201619605051859154377,
FUTURES_LONG_SHORT_TIME_EXIT_12_1X,ROLLING,180D-21,LOW_COST,7.043076802030359029662073882,704.3076802030359029662073882,737.6526380287867750000000004,22,27.47348628967894372053571428,-5.871471536071928313256898,
FUTURES_LONG_SHORT_TIME_EXIT_12_1X,ROLLING,180D-21,BASE_COST,6.163703128156770652842147702,616.3703128156770652842147702,675.0636725936263157142857145,22,53.02570941140845425642857142,-5.667650366540796173642373,
FUTURES_LONG_SHORT_TIME_EXIT_12_1X,ROLLING,180D-21,HIGH_COST,4.562434491100525002705073420,456.2434491100525002705073420,560.3211842206181142857142861,22,98.79518881233181942285714286,-5.282546298233794592349801,
FUTURES_LONG_SHORT_TIME_EXIT_12_1X,ROLLING,180D-21,STRESS_COST,1.916454550393769731110540911,191.6454550393769731110540911,368.0937173452667085714285718,22,171.8494517271180144457142857,-4.598810578771721014660195,
FUTURES_LONG_SHORT_TIME_EXIT_12_1X,ROLLING,180D-22,LOW_COST,0.9490422378470046794205769200,94.9042237847004679420576920,124.2404817693612292857142864,21,26.50427696748539080267857143,-2.831981017175370540978023,STRESS_COLLAPSE
FUTURES_LONG_SHORT_TIME_EXIT_12_1X,ROLLING,180D-22,BASE_COST,0.3135477375408647403106540450,31.35477375408647403106540450,85.0957517251438028571428578,21,51.00615704609548881428571428,-2.734820924961840011791739,STRESS_COLLAPSE
FUTURES_LONG_SHORT_TIME_EXIT_12_1X,ROLLING,180D-22,HIGH_COST,-0.8199984683736128032793432702,-81.99984683736128032793432702,15.02962745077832571428571489,21,94.47815483188816618285714286,-2.551319456251439859362899,STRESS_COLLAPSE
FUTURES_LONG_SHORT_TIME_EXIT_12_1X,ROLLING,180D-22,STRESS_COST,-2.616519905227496699882691836,-261.6519905227496699882691836,-96.96063356449899428571428516,21,162.4671252954230490514285714,-2.224231662827626651126327,STRESS_COLLAPSE
FUTURES_LONG_SHORT_TIME_EXIT_12_1X,ROLLING,365D-1,LOW_COST,-3.925261381175514341642818219,-392.5261381175514341642818219,-314.1029728547847814285714288,65,71.00943798775356535714285715,-7.413727275013087378567536,
FUTURES_LONG_SHORT_TIME_EXIT_12_1X,ROLLING,365D-1,BASE_COST,-5.555827394811253011811893178,-555.5827394811253011811893178,-407.8760013403382928571428570,65,140.4172319576081536078571428,-7.289506183178854716189318,
FUTURES_LONG_SHORT_TIME_EXIT_12_1X,ROLLING,365D-1,HIGH_COST,-8.713975594238931080858368045,-871.3975594238931080858368045,-589.8493620000674828571428571,65,274.4999419001492331514285715,-7.048255523676392077265376,
FUTURES_LONG_SHORT_TIME_EXIT_12_1X,ROLLING,365D-1,STRESS_COST,-14.62157848762387334773037511,-1462.157848762387334773037511,-930.7561302063899199999999997,65,524.8040709954405104685714286,-6.597647560556904304466083,
FUTURES_LONG_SHORT_TIME_EXIT_12_1X,ROLLING,365D-2,LOW_COST,-2.995821475369779119791994393,-299.5821475369779119791994393,-230.0156464287867114285714293,55,59.92281374379604516750000001,-9.643687364395155383128010,
FUTURES_LONG_SHORT_TIME_EXIT_12_1X,ROLLING,365D-2,BASE_COST,-4.363569756034908418606147369,-436.3569756034908418606147369,-308.6711719301128885714285720,55,118.1926445050685414057142857,-9.493159168309411883471879,
FUTURES_LONG_SHORT_TIME_EXIT_12_1X,ROLLING,365D-2,HIGH_COST,-6.992413759015865552654221816,-699.2413759015865552654221816,-460.1814390505060342857142864,55,229.8590809151817317771428572,-9.200855935898789202565038,
FUTURES_LONG_SHORT_TIME_EXIT_12_1X,ROLLING,365D-2,STRESS_COST,-11.82918747709707791165042216,-1182.918747709707791165042216,-739.3963554908900914285714287,55,434.8681527896213203885714286,-8.654239429196379347899359,
FUTURES_LONG_SHORT_TIME_EXIT_12_1X,ROLLING,365D-3,LOW_COST,0.7286791429140926711881685576,72.86791429140926711881685576,120.0843500711700878571428579,35,40.01712249479644335589285715,-7.199313284964377382433145,LOW_COST_ONLY_EDGE;COST_DOMINATED_PERIOD
FUTURES_LONG_SHORT_TIME_EXIT_12_1X,ROLLING,365D-3,BASE_COST,-0.2159123157974406189386015160,-21.59123157974406189386015160,64.28542011740203142857142945,35,78.79576007402667881000000000,-7.080891623119414512431581,LOW_COST_ONLY_EDGE;COST_DOMINATED_PERIOD
FUTURES_LONG_SHORT_TIME_EXIT_12_1X,ROLLING,365D-3,HIGH_COST,-2.024775656812217113796930058,-202.4775656812217113796930058,-42.94790161696931142857142769,35,152.6787928011887907000000000,-6.850871263063609251121578,LOW_COST_ONLY_EDGE;COST_DOMINATED_PERIOD
FUTURES_LONG_SHORT_TIME_EXIT_12_1X,ROLLING,365D-3,STRESS_COST,-5.322117832732085976643770226,-532.2117832732085976643770226,-238.9732416967192685714285705,35,286.8172989623548074971428571,-6.421242614134521595805595,LOW_COST_ONLY_EDGE;COST_DOMINATED_PERIOD
FUTURES_LONG_SHORT_TIME_EXIT_12_1X,ROLLING,365D-4,LOW_COST,-1.196752951223028288822635884,-119.6752951223028288822635884,-101.8775016127014492857142861,13,14.55424464246996386089285714,-3.243548867131415735656445,
FUTURES_LONG_SHORT_TIME_EXIT_12_1X,ROLLING,365D-4,BASE_COST,-1.518695523906790886888210402,-151.8695523906790886888210402,-120.1044258260345971428571433,13,28.58406344100864504285714287,-3.181063123635846503106754,
FUTURES_LONG_SHORT_TIME_EXIT_12_1X,ROLLING,365D-4,HIGH_COST,-2.127547557448320395226226439,-212.7547557448320395226226439,-154.5531318570237114285714289,13,55.14113905303227704285714287,-3.060484834776051051194072,
FUTURES_LONG_SHORT_TIME_EXIT_12_1X,ROLLING,365D-4,STRESS_COST,-3.216650030752556413340383280,-321.6650030752556413340383280,-216.0988397111071085714285717,13,102.7296915855619804571428571,-2.836471778586552305466899,
FUTURES_LONG_SHORT_TIME_EXIT_12_1X,ROLLING,365D-5,LOW_COST,-0.7246067364670203549999571485,-72.46067364670203549999571485,-62.99257194748454357142857199,7,8.377496331902376376607142856,-1.090605367315115551960000,
FUTURES_LONG_SHORT_TIME_EXIT_12_1X,ROLLING,365D-5,BASE_COST,-0.9088002788502822494444285771,-90.88002788502822494444285771,-73.35582880598139857142857199,7,16.45334797477246882071428571,-1.070851104274357552300000,
FUTURES_LONG_SHORT_TIME_EXIT_12_1X,ROLLING,365D-5,HIGH_COST,-1.257060608281745435784185720,-125.7060608281745435784185720,-92.93375521856341428571428626,7,31.73966453948910226571428572,-1.032641070122027026990000,
FUTURES_LONG_SHORT_TIME_EXIT_12_1X,ROLLING,365D-5,STRESS_COST,-1.879566574195247169926314290,-187.9566574195247169926314290,-127.8722427346102971428571434,7,59.12307637552592708571428571,-0.961338309388492764060000,
FUTURES_LONG_SHORT_TIME_EXIT_12_1X,ROLLING,365D-6,LOW_COST,-2.920475042118258995213400005,-292.0475042118258995213400005,-282.8829790177951121428571433,8,9.376968748979351603392857142,0.212443554948564224910000,
FUTURES_LONG_SHORT_TIME_EXIT_12_1X,ROLLING,365D-6,BASE_COST,-3.080249156273708442156057147,-308.0249156273708442156057147,-289.8791592263840785714285719,8,18.35354613745103663785714286,0.207789736464270993680000,
FUTURES_LONG_SHORT_TIME_EXIT_12_1X,ROLLING,365D-6,HIGH_COST,-3.376604501023007207188771433,-337.6604501023007207188771433,-302.6916490487486828571428576,8,35.16765068754562214571428572,0.198849633993584283980000,
FUTURES_LONG_SHORT_TIME_EXIT_12_1X,ROLLING,365D-6,STRESS_COST,-3.879152871475746500320614290,-387.9152871475746500320614290,-323.4995829302690228571428575,8,64.59609007291643489142857142,0.180385855610807716510000,
FUTURES_LONG_SHORT_TIME_EXIT_12_1X,ROLLING,365D-7,LOW_COST,-3.697168761410392057452381153,-369.7168761410392057452381153,-350.0982538525250821428571431,17,19.25783760328858717839285715,-0.360784685225536423988115,
FUTURES_LONG_SHORT_TIME_EXIT_12_1X,ROLLING,365D-7,BASE_COST,-4.065312738055795815343632265,-406.5312738055795815343632265,-368.5167260282449585714285717,17,37.66230532564546538785714286,-0.352242451689157575077512,
FUTURES_LONG_SHORT_TIME_EXIT_12_1X,ROLLING,365D-7,HIGH_COST,-4.757739439709156283555254731,-475.7739439709156283555254731,-403.4737288548010628571428574,17,71.97479190984740288571428571,-0.325423206267162612668330,
FUTURES_LONG_SHORT_TIME_EXIT_12_1X,ROLLING,365D-7,STRESS_COST,-5.940496505058048039370802128,-594.0496505058048039370802128,-462.1874847152782857142857145,17,131.5821883248792782171428572,-0.279977465647240005651641,
FUTURES_LONG_SHORT_TIME_EXIT_12_1X,ROLLING,365D-8,LOW_COST,-2.818426595317506963784426809,-281.8426595317506963784426809,-257.7661340474498157142857136,22,24.17299357601565198928571430,0.096468091714771325128747,
FUTURES_LONG_SHORT_TIME_EXIT_12_1X,ROLLING,365D-8,BASE_COST,-3.335046185759189353314247576,-333.5046185759189353314247576,-286.3694540903013885714285708,22,47.23025570818566413285714286,0.095091222568117372860956,
FUTURES_LONG_SHORT_TIME_EXIT_12_1X,ROLLING,365D-8,HIGH_COST,-4.302470716757237315764561642,-430.2470716757237315764561642,-340.2438429802049485714285708,22,90.10602276890125277142857142,0.102794073382469766400978,
FUTURES_LONG_SHORT_TIME_EXIT_12_1X,ROLLING,365D-8,STRESS_COST,-5.939311907335338250587070575,-593.9311907335338250587070575,-430.0053185277202571428571423,22,164.0381481928392426400000000,0.112275987025674724150085,
FUTURES_LONG_SHORT_TIME_EXIT_12_1X,ROLLING,365D-9,LOW_COST,-3.859835893841665659862877444,-385.9835893841665659862877444,-351.6808817936947778571428559,30,33.26332402327868809017857145,-1.039383567193100038966317,
FUTURES_LONG_SHORT_TIME_EXIT_12_1X,ROLLING,365D-9,BASE_COST,-4.548945359464863651306146281,-454.8945359464863651306146281,-388.9760115294212185714285702,30,64.90572867424081760785714285,-1.012795742824328951328915,
FUTURES_LONG_SHORT_TIME_EXIT_12_1X,ROLLING,365D-9,HIGH_COST,-5.830988872719625868118506114,-583.0988872719625868118506114,-458.6216851483177457142857131,30,123.5258799892065369342857143,-0.951322134438304163279184,
FUTURES_LONG_SHORT_TIME_EXIT_12_1X,ROLLING,365D-9,STRESS_COST,-7.990555595234909156083905162,-799.0555595234909156083905162,-574.3300273114340628571428562,30,223.8822012084905481028571430,-0.843331003566304648390517,
FUTURES_LONG_SHORT_TIME_EXIT_12_1X,ROLLING,365D-10,LOW_COST,3.413136971084397433132330524,341.3136971084397433132330524,378.5725646377732678571428574,34,36.38391790871167156625000002,-0.874949620621852977659805,STRESS_COLLAPSE
FUTURES_LONG_SHORT_TIME_EXIT_12_1X,ROLLING,365D-10,BASE_COST,2.453100965601051816277226963,245.3100965601051816277226963,316.9815031516164928571428573,34,70.81634366620888512499999999,-0.855062925302426104420161,STRESS_COLLAPSE
FUTURES_LONG_SHORT_TIME_EXIT_12_1X,ROLLING,365D-10,HIGH_COST,0.6682403953155443519268209340,66.8240395315544351926820934,201.7108535119074342857142858,34,134.0803494989502570685714286,-0.806464481402742024460764,STRESS_COLLAPSE
FUTURES_LONG_SHORT_TIME_EXIT_12_1X,ROLLING,365D-10,STRESS_COST,-2.360537400467496268714462348,-236.0537400467496268714462348,5.27075267963936571428571439,34,240.6051770171587987542857143,-0.719315709230193831446235,STRESS_COLLAPSE
FUTURES_LONG_SHORT_TIME_EXIT_12_1X,ROLLING,365D-11,LOW_COST,9.761076499443674881235233260,976.107649944367488123523326,1018.745268454271552142857142,36,39.47081026129703054196428573,-3.166808248607033477369530,
FUTURES_LONG_SHORT_TIME_EXIT_12_1X,ROLLING,365D-11,BASE_COST,8.524323835920108578895053356,852.4323835920108578895053356,932.0769838442233557142857136,36,76.58036471292079981214285712,-3.064235539291698012637521,
FUTURES_LONG_SHORT_TIME_EXIT_12_1X,ROLLING,365D-11,HIGH_COST,6.243745727535162613215445259,624.3745727535162613215445259,771.3968034896526628571428566,36,144.1522852667572695885714286,-2.869945469379131947026902,
FUTURES_LONG_SHORT_TIME_EXIT_12_1X,ROLLING,365D-11,STRESS_COST,2.392606259299416065274105405,239.2606259299416065274105405,497.5210383004585885714285709,36,255.7368156769973062285714285,-2.523596693519675815446602,
FUTURES_LONG_SHORT_TIME_EXIT_12_1X,ROLLING,365D-12,LOW_COST,9.217513678226525266973988349,921.7513678226525266973988349,977.1456054574934857142857136,42,48.70837687327272221107142858,-6.685860761568236805815450,
FUTURES_LONG_SHORT_TIME_EXIT_12_1X,ROLLING,365D-12,BASE_COST,7.784297737321910745437379375,778.4297737321910745437379375,879.1586057267656414285714273,42,94.26648312728280409499999997,-6.462348867291762789833490,
FUTURES_LONG_SHORT_TIME_EXIT_12_1X,ROLLING,365D-12,HIGH_COST,5.162896208491035443626184558,516.2896208491035443626184558,698.8950089966411228571428562,42,176.5658937677509942371428572,-6.039494379786584257381543,
FUTURES_LONG_SHORT_TIME_EXIT_12_1X,ROLLING,365D-12,STRESS_COST,0.7905923656143711610737634119,79.05923656143711610737634119,394.7110105977830457142857133,42,310.3653637560760766971428571,-5.286410280269852909766515,
FUTURES_LONG_SHORT_TIME_EXIT_12_1X,ROLLING,365D-13,LOW_COST,11.31900714830824008355064932,1131.900714830824008355064932,1188.406190666683545000000000,44,51.72229825261787704553571429,-4.783177583241659599399351,
FUTURES_LONG_SHORT_TIME_EXIT_12_1X,ROLLING,365D-13,BASE_COST,9.774123310790881750179121410,977.412331079088175017912141,1081.836609761540481428571429,44,99.80787105968318669357142854,-4.616407622769119717087857,
FUTURES_LONG_SHORT_TIME_EXIT_12_1X,ROLLING,365D-13,HIGH_COST,6.964061432683757524410681946,696.4061432683757524410681946,886.5679770797284514285714276,44,185.8601396638831124457142859,-4.301694147469586541788947,
FUTURES_LONG_SHORT_TIME_EXIT_12_1X,ROLLING,365D-13,STRESS_COST,2.327099075594162201199502318,232.7099075594162201199502318,559.4304147460744685714285704,44,322.9784025417999661257142857,-3.742104644858282325764053,
FUTURES_LONG_SHORT_TIME_EXIT_24_1X,YEAR,2022,LOW_COST,-2.050965860775702224555863364,-205.0965860775702224555863364,-134.8847390036994607142857141,55,61.80594266167661580303571429,-8.405904412194145938264908,
FUTURES_LONG_SHORT_TIME_EXIT_24_1X,YEAR,2022,BASE_COST,-3.517565037263877354883935520,-351.7565037263877354883935520,-221.1383811207378128571428570,55,122.3340332917518249921428572,-8.284089313898097639107838,
FUTURES_LONG_SHORT_TIME_EXIT_24_1X,YEAR,2022,HIGH_COST,-6.384352613780907809292654426,-638.4352613780907809292654426,-390.8176259991420885714285713,55,239.5713043691223734885714285,-8.046331009826318869265443,
FUTURES_LONG_SHORT_TIME_EXIT_24_1X,YEAR,2022,STRESS_COST,-11.78086469435011516114689343,-1178.086469435011516114689343,-710.9397283269545371428571422,55,459.5473006990448352457142858,-7.599440409012143726117915,
FUTURES_LONG_SHORT_TIME_EXIT_24_1X,YEAR,2023,LOW_COST,-2.124102541922332387913408254,-212.4102541922332387913408254,-203.6767408847107671428571448,6,7.299324132383916248571428572,-1.434189175138555399912252,
FUTURES_LONG_SHORT_TIME_EXIT_24_1X,YEAR,2023,BASE_COST,-2.263178874203505582686425544,-226.3178874203505582686425544,-210.5389795563183357142857163,6,14.36762692989834255928571428,-1.411280934133879995071124,
FUTURES_LONG_SHORT_TIME_EXIT_24_1X,YEAR,2023,HIGH_COST,-2.526680204879298994123177258,-252.6680204879298994123177258,-223.4681707972232228571428591,6,27.83328080340507190285714285,-1.366568887301604652317724,
FUTURES_LONG_SHORT_TIME_EXIT_24_1X,YEAR,2023,STRESS_COST,-3.001167442409062834477013566,-300.1167442409062834477013566,-246.5573265025683714285714304,6,52.27684627533658627428571429,-1.282571463001325744844212,
FUTURES_LONG_SHORT_TIME_EXIT_24_1X,YEAR,2024,LOW_COST,-2.861064653290096172723450575,-286.1064653290096172723450575,-258.4257079382007450000000000,25,27.75672527383919845232142858,0.075967883030326179976371,
FUTURES_LONG_SHORT_TIME_EXIT_24_1X,YEAR,2024,BASE_COST,-3.445855337893695060503330887,-344.5855337893695060503330887,-290.3473405114956200000000000,25,54.31842820807298122857142858,0.080234930199095178238340,
FUTURES_LONG_SHORT_TIME_EXIT_24_1X,YEAR,2024,HIGH_COST,-4.555176469529736869007416749,-455.5176469529736869007416749,-351.6822596396178628571428571,25,103.9378780907458242228571429,0.102490777390000179258325,
FUTURES_LONG_SHORT_TIME_EXIT_24_1X,YEAR,2024,STRESS_COST,-6.459266018730726862807724554,-645.9266018730726862807724554,-455.6979016340004114285714285,25,190.3651864559019086628571429,0.136486216829633810656116,
FUTURES_LONG_SHORT_TIME_EXIT_24_1X,YEAR,2025,LOW_COST,8.017171315075738918398709166,801.7171315075738918398709166,849.1137123891281364285714272,36,41.50765500871015664267857143,-5.888925872844087946021938,
FUTURES_LONG_SHORT_TIME_EXIT_24_1X,YEAR,2025,BASE_COST,6.833613305206798702237495369,683.3613305206798702237495369,769.5214040147992671428571412,36,80.44579113509364345214285714,-5.714282359025753466964747,
FUTURES_LONG_SHORT_TIME_EXIT_24_1X,YEAR,2025,HIGH_COST,4.664687587433907310043811515,466.4687587433907310043811515,622.9144816115245199999999983,36,151.0638030492932158628571429,-5.381919818840573132761704,
FUTURES_LONG_SHORT_TIME_EXIT_24_1X,YEAR,2025,STRESS_COST,1.015655192259697073912785427,101.5655192259697073912785427,373.2280930616721371428571414,36,266.8807079813312063085714286,-4.781865854371223443007170,
FUTURES_LONG_SHORT_TIME_EXIT_24_1X,ROLLING,90D-1,LOW_COST,-1.094903845781638704702080222,-109.4903845781638704702080222,-94.70564677471786999999999929,13,15.60655042116949712500000000,0.821812617723496654791977,
FUTURES_LONG_SHORT_TIME_EXIT_24_1X,ROLLING,90D-1,BASE_COST,-1.481467480260082920355106334,-148.1467480260082920355106334,-117.8878053343545799999999993,13,31.07514689674734424000000001,0.816204205093632204489366,
FUTURES_LONG_SHORT_TIME_EXIT_24_1X,ROLLING,90D-1,HIGH_COST,-2.244183029796648941461297542,-224.4183029796648941461297542,-163.6129140276032742857142851,13,61.61068094372694531428571429,0.805291991665325453870245,
FUTURES_LONG_SHORT_TIME_EXIT_24_1X,ROLLING,90D-1,STRESS_COST,-3.730046150423462601506701692,-373.0046150423462601506701692,-252.6341144770271828571428565,13,121.1551209193021828457142857,0.784620353983105552186973,
FUTURES_LONG_SHORT_TIME_EXIT_24_1X,ROLLING,90D-2,LOW_COST,-4.698312804404433845085341377,-469.8312804404433845085341377,-459.1042337590827871428571433,8,9.934879815416684184285714286,-0.792166865943913181391280,
FUTURES_LONG_SHORT_TIME_EXIT_24_1X,ROLLING,90D-2,BASE_COST,-4.914070929543081087428710606,-491.4070929543081087428710606,-470.8254514578571857142857147,8,19.79269712937876837285714286,-0.788944367072154655728203,
FUTURES_LONG_SHORT_TIME_EXIT_24_1X,ROLLING,90D-2,HIGH_COST,-5.340997858472224385031590804,-534.0997858472224385031590804,-494.0346108432328942857142862,8,39.28256829957402449428571429,-0.782606704415519723159080,
FUTURES_LONG_SHORT_TIME_EXIT_24_1X,ROLLING,90D-2,STRESS_COST,-6.177165099151046470771535765,-617.7165099151046470771535765,-539.5513040142992800000000004,8,77.39486800425401360000000000,-0.770337896551353477153576,
FUTURES_LONG_SHORT_TIME_EXIT_24_1X,ROLLING,90D-3,LOW_COST,-2.449285097405276829686262588,-244.9285097405276829686262588,-236.8168331021617928571428580,7,8.418891913521513363214285715,0.307215275155623251730885,
FUTURES_LONG_SHORT_TIME_EXIT_24_1X,ROLLING,90D-3,BASE_COST,-2.624085152836301468349246839,-262.4085152836301468349246839,-245.9768882236018900000000009,7,16.73586157687822236500000000,0.304234516849965530075317,
FUTURES_LONG_SHORT_TIME_EXIT_24_1X,ROLLING,90D-3,HIGH_COST,-2.967941982010528418899465119,-296.7941982010528418899465119,-264.0198032819776171428571438,7,33.07281718591087221714285714,0.298422266835647470053489,
FUTURES_LONG_SHORT_TIME_EXIT_24_1X,ROLLING,90D-3,STRESS_COST,-3.633727218768367199536252213,-363.3727218768367199536252213,-299.0438494130541714285714294,7,64.61623256889784754285714286,0.287360105115299017803351,
FUTURES_LONG_SHORT_TIME_EXIT_24_1X,ROLLING,90D-4,LOW_COST,-2.405168771035482604915991522,-240.5168771035482604915991522,-219.4692114785529028571428587,18,18.43409266602155716642857143,-2.613572958973800468027722,
FUTURES_LONG_SHORT_TIME_EXIT_24_1X,ROLLING,90D-4,BASE_COST,-2.811588769879098316491033935,-281.1588769879098316491033935,-242.0779427913229771428571445,18,36.49998458616322533714285715,-2.580949610423629169103392,
FUTURES_LONG_SHORT_TIME_EXIT_24_1X,ROLLING,90D-4,HIGH_COST,-3.600350500442067403343007508,-360.0350500442067403343007508,-285.9515536716017514285714303,18,71.56592540038049418571428572,-2.517570972224494720015035,
FUTURES_LONG_SHORT_TIME_EXIT_24_1X,ROLLING,90D-4,STRESS_COST,-5.078690728117190922184079579,-507.8690728117190922184079579,-367.9768905457104457142857155,18,137.4943036855193951542857142,-2.397878580489251349836528,
FUTURES_LONG_SHORT_TIME_EXIT_24_1X,ROLLING,90D-5,LOW_COST,1.812772532621545927389847474,181.2772532621545927389847474,215.2078273779323421428571417,27,28.69139629298097480267857141,-5.239177822796774601193823,STRESS_COLLAPSE
FUTURES_LONG_SHORT_TIME_EXIT_24_1X,ROLLING,90D-5,BASE_COST,1.120495104568096824522017375,112.0495104568096824522017375,173.9052510298251585714285704,27,56.68339918442901187785714287,-5.172341388586464241369690,STRESS_COLLAPSE
FUTURES_LONG_SHORT_TIME_EXIT_24_1X,ROLLING,90D-5,HIGH_COST,-0.2327405961125773184018722220,-23.2740596112577318401872222,92.36502471745218857142857024,27,110.5963221335808673885714286,-5.042762195129053023044364,STRESS_COLLAPSE
FUTURES_LONG_SHORT_TIME_EXIT_24_1X,ROLLING,90D-5,STRESS_COST,-2.754818453814670770041128390,-275.4818453814670770041128390,-60.2233334962568742857142864,27,210.4594720731653008114285714,-4.799039812044901906969981,STRESS_COLLAPSE
FUTURES_LONG_SHORT_TIME_EXIT_24_1X,ROLLING,90D-6,LOW_COST,3.104932963782165839375929255,310.4932963782165839375929255,348.0497039737839907142857142,28,30.20505739040597018910714284,-7.351350205161436587585646,STRESS_COLLAPSE
FUTURES_LONG_SHORT_TIME_EXIT_24_1X,ROLLING,90D-6,BASE_COST,2.350173996914728622587470516,235.0173996914728622587470516,301.9419664135292971428571430,28,59.66171477687223531142857144,-7.262851945184199572681520,STRESS_COLLAPSE
FUTURES_LONG_SHORT_TIME_EXIT_24_1X,ROLLING,90D-6,HIGH_COST,0.8718080003656966012158050764,87.18080003656966012158050764,210.5646744913657742857142857,28,116.2940561130954265571428572,-7.089818341700687606990921,STRESS_COLLAPSE
FUTURES_LONG_SHORT_TIME_EXIT_24_1X,ROLLING,90D-6,STRESS_COST,-1.878037333680890377883909847,-187.8037333680890377883909847,39.77160060041954857142857168,28,220.8122369403889016342857143,-6.763097028119684725533842,STRESS_COLLAPSE
FUTURES_LONG_SHORT_TIME_EXIT_24_1X,ROLLING,90D-7,LOW_COST,3.004868217541004420045709805,300.4868217541004420045709805,324.7588004059171735714285728,17,20.21103355628832310767857143,-4.060945095528408459179021,STRESS_COLLAPSE
FUTURES_LONG_SHORT_TIME_EXIT_24_1X,ROLLING,90D-7,BASE_COST,2.487523763947827039258822696,248.7523763947827039258822696,292.6575370169703028571428586,17,39.89484441681911027000000000,-4.010316205368488661260589,STRESS_COLLAPSE
FUTURES_LONG_SHORT_TIME_EXIT_24_1X,ROLLING,90D-7,HIGH_COST,1.468608537207826542323006432,146.8608537207826542323006432,228.3903717297138828571428586,17,77.61858020788267213428571428,-3.910937801048556490556501,STRESS_COLLAPSE
FUTURES_LONG_SHORT_TIME_EXIT_24_1X,ROLLING,90D-7,STRESS_COST,-0.4291821894632852701909540024,-42.91821894632852701909540024,107.7119658176229200000000015,17,146.9066374235359935885714286,-3.723547340415453430523973,STRESS_COLLAPSE
FUTURES_LONG_SHORT_TIME_EXIT_24_1X,ROLLING,90D-8,LOW_COST,-0.3455304013442856336481815246,-34.55304013442856336481815246,-22.77532708326065214285714104,8,9.934850821691842737678571429,-1.842862229476068484282440,
FUTURES_LONG_SHORT_TIME_EXIT_24_1X,ROLLING,90D-8,BASE_COST,-0.5745978668753355137099695471,-57.45978668753355137099695471,-36.01531271383260999999999818,8,19.62444894247565425357142857,-1.820025031225287117425528,
FUTURES_LONG_SHORT_TIME_EXIT_24_1X,ROLLING,90D-8,HIGH_COST,-1.020860297456467757769999531,-102.0860297456467757769999531,-62.09003682163205428571428388,8,38.22173096837263763714285714,-1.774261955642083854142812,
FUTURES_LONG_SHORT_TIME_EXIT_24_1X,ROLLING,90D-8,STRESS_COST,-1.846639764894433531919587710,-184.6639764894433531919587710,-110.4873113806380399999999983,8,72.48950828612116670857142856,-1.687156822684146483387344,
FUTURES_LONG_SHORT_TIME_EXIT_24_1X,ROLLING,90D-9,LOW_COST,-1.967407558570909933187461987,-196.7407558570909933187461987,-185.3203045255571535714285710,8,8.843572267394986209464285715,-2.576879064138853537853342,
FUTURES_LONG_SHORT_TIME_EXIT_24_1X,ROLLING,90D-9,BASE_COST,-2.149393415476220072265869093,-214.9393415476220072265869093,-194.9917638881791599999999995,8,17.41559858448842836571428572,-2.531979074954418860872624,
FUTURES_LONG_SHORT_TIME_EXIT_24_1X,ROLLING,90D-9,HIGH_COST,-2.495457656945259252833866161,-249.5457656945259252833866161,-213.3287672945011114285714281,8,33.77234356420256166000000000,-2.444654835822252194815188,
FUTURES_LONG_SHORT_TIME_EXIT_24_1X,ROLLING,90D-9,STRESS_COST,-3.123029924728449997022985949,-312.3029924728449997022985949,-246.4450299715647714285714281,8,63.57641308902729434285714286,-2.281549412252933930870024,
FUTURES_LONG_SHORT_TIME_EXIT_24_1X,ROLLING,90D-10,LOW_COST,-1.555761461499585334983501424,-155.5761461499585334983501424,-145.4686811563458614285714290,7,7.554266018197238403928571429,-2.553198975415433665850142,
FUTURES_LONG_SHORT_TIME_EXIT_24_1X,ROLLING,90D-10,BASE_COST,-1.712032551072523157296617948,-171.2032551072523157296617948,-153.8301700120305585714285718,7,14.86405739202214514500000000,-2.509027703199612013233223,
FUTURES_LONG_SHORT_TIME_EXIT_24_1X,ROLLING,90D-10,HIGH_COST,-2.008427620750018006811355808,-200.8427620750018006811355808,-169.6435300296509457142857146,7,28.77611781713226185428571429,-2.423114228218593112564152,
FUTURES_LONG_SHORT_TIME_EXIT_24_1X,ROLLING,90D-10,STRESS_COST,-2.542945626346176367265158158,-254.2945626346176367265158158,-198.0406891218398285714285717,7,53.99123867068726365714285715,-2.262634842090544497944387,
FUTURES_LONG_SHORT_TIME_EXIT_24_1X,ROLLING,90D-11,LOW_COST,-1.102458823997784696996715714,-110.2458823997784696996715714,-103.1259294056432235714285723,5,5.074210264194662723392857143,-2.045742729940583404850142,
FUTURES_LONG_SHORT_TIME_EXIT_24_1X,ROLLING,90D-11,BASE_COST,-1.206354229048771553803403667,-120.6354229048771553803403667,-108.6553183875731642857142865,5,9.971700047378545482142857144,-2.008404469925445612483223,
FUTURES_LONG_SHORT_TIME_EXIT_24_1X,ROLLING,90D-11,HIGH_COST,-1.402520506383139222335641527,-140.2520506383139222335641527,-119.0591489504838400000000007,5,19.25701308166121168000000000,-1.935888606168870553564152,
FUTURES_LONG_SHORT_TIME_EXIT_24_1X,ROLLING,90D-11,STRESS_COST,-1.753095089853753307730158162,-175.3095089853753307730158162,-137.5518533103190685714285721,5,35.95691826328808949714285715,-1.800737411768172704444387,
FUTURES_LONG_SHORT_TIME_EXIT_24_1X,ROLLING,90D-12,LOW_COST,-0.8067543009118814752622878241,-80.67543009118814752622878241,-78.37219123396287000000000041,2,2.439981136071897240000000,0.136742278846619713771218,
FUTURES_LONG_SHORT_TIME_EXIT_24_1X,ROLLING,90D-12,BASE_COST,-0.8522685844410664401906694883,-85.22685844410664401906694883,-80.55398412513416571428571469,2,4.807657074026481077142857142,0.134782755054002772361623,
FUTURES_LONG_SHORT_TIME_EXIT_24_1X,ROLLING,90D-12,HIGH_COST,-0.9387642059300319749074306840,-93.87642059300319749074306840,-84.67477935911108000000000040,2,9.33259015123310224000000,0.130948917340984749256932,
FUTURES_LONG_SHORT_TIME_EXIT_24_1X,ROLLING,90D-12,STRESS_COST,-1.095601027279961361647329448,-109.5601027279961361647329448,-92.08327258727826285714285752,2,17.60055394895963323428571428,0.123723808241759926695627,
FUTURES_LONG_SHORT_TIME_EXIT_24_1X,ROLLING,90D-13,LOW_COST,-0.9711184485866853191276939580,-97.11184485866853191276939580,-91.29862123162602714285714380,4,4.885644745055331790000000000,-0.927578881987172979912252,
FUTURES_LONG_SHORT_TIME_EXIT_24_1X,ROLLING,90D-13,BASE_COST,-1.072112286977384339543568391,-107.2112286977384339543568391,-96.67957054680905571428571522,4,9.618973012277736404999999999,-0.912685138651641835071124,
FUTURES_LONG_SHORT_TIME_EXIT_24_1X,ROLLING,90D-13,HIGH_COST,-1.264041296802008573494605820,-126.4041296802008573494605820,-106.8774674519341485714285724,4,18.64304317714197288571428571,-0.883619051124735892317724,
FUTURES_LONG_SHORT_TIME_EXIT_24_1X,ROLLING,90D-13,STRESS_COST,-1.611373502363909648562727843,-161.1373502363909648562727843,-125.2590712323311828571428580,4,35.04925598152996851428571429,-0.829023022529813484844212,
FUTURES_LONG_SHORT_TIME_EXIT_24_1X,ROLLING,90D-14,LOW_COST,-0.9711184485866853191276939580,-97.11184485866853191276939580,-91.29862123162602714285714380,4,4.885644745055331790000000000,-0.927578881987172979912252,
FUTURES_LONG_SHORT_TIME_EXIT_24_1X,ROLLING,90D-14,BASE_COST,-1.072112286977384339543568391,-107.2112286977384339543568391,-96.67957054680905571428571522,4,9.618973012277736404999999999,-0.912685138651641835071124,
FUTURES_LONG_SHORT_TIME_EXIT_24_1X,ROLLING,90D-14,HIGH_COST,-1.264041296802008573494605820,-126.4041296802008573494605820,-106.8774674519341485714285724,4,18.64304317714197288571428571,-0.883619051124735892317724,
FUTURES_LONG_SHORT_TIME_EXIT_24_1X,ROLLING,90D-14,STRESS_COST,-1.611373502363909648562727843,-161.1373502363909648562727843,-125.2590712323311828571428580,4,35.04925598152996851428571429,-0.829023022529813484844212,
FUTURES_LONG_SHORT_TIME_EXIT_24_1X,ROLLING,90D-15,LOW_COST,-0.3466910373812537072276939541,-34.66910373812537072276939541,-30.06493461138195714285714337,3,3.676590244756240600000000000,-0.927578881987172979912252,
FUTURES_LONG_SHORT_TIME_EXIT_24_1X,ROLLING,90D-15,BASE_COST,-0.4286767441124335586292826733,-42.86767441124335586292826733,-34.71709588605849000000000049,3,7.237893386533224027857142857,-0.912685138651641835071124,
FUTURES_LONG_SHORT_TIME_EXIT_24_1X,ROLLING,90D-15,HIGH_COST,-0.5847513048873151830946058162,-58.47513048873151830946058162,-43.56593909310786857142857191,3,14.02557234449891384571428572,-0.883619051124735892317724,
FUTURES_LONG_SHORT_TIME_EXIT_24_1X,ROLLING,90D-15,STRESS_COST,-0.8678494117895556956484421247,-86.78494117895556956484421247,-59.59725203631852000000000047,3,26.35866612010723608000000000,-0.829023022529813484844212,
FUTURES_LONG_SHORT_TIME_EXIT_24_1X,ROLLING,90D-16,LOW_COST,0,0,0,0,0,0,
FUTURES_LONG_SHORT_TIME_EXIT_24_1X,ROLLING,90D-16,BASE_COST,0,0,0,0,0,0,
FUTURES_LONG_SHORT_TIME_EXIT_24_1X,ROLLING,90D-16,HIGH_COST,0,0,0,0,0,0,
FUTURES_LONG_SHORT_TIME_EXIT_24_1X,ROLLING,90D-16,STRESS_COST,0,0,0,0,0,0,
FUTURES_LONG_SHORT_TIME_EXIT_24_1X,ROLLING,90D-17,LOW_COST,0,0,0,0,0,0,
FUTURES_LONG_SHORT_TIME_EXIT_24_1X,ROLLING,90D-17,BASE_COST,0,0,0,0,0,0,
FUTURES_LONG_SHORT_TIME_EXIT_24_1X,ROLLING,90D-17,HIGH_COST,0,0,0,0,0,0,
FUTURES_LONG_SHORT_TIME_EXIT_24_1X,ROLLING,90D-17,STRESS_COST,0,0,0,0,0,0,
FUTURES_LONG_SHORT_TIME_EXIT_24_1X,ROLLING,90D-18,LOW_COST,-0.4851011431503161398964285777,-48.51011431503161398964285777,-46.77958518257391714285714348,1,1.223918839306314426785714286,-0.506610293151382420000000,
FUTURES_LONG_SHORT_TIME_EXIT_24_1X,ROLLING,90D-18,BASE_COST,-0.5063362993560515310285714347,-50.63362993560515310285714347,-47.72591311891947428571428633,1,2.409121021203440657142857143,-0.498595795482238160000000,
FUTURES_LONG_SHORT_TIME_EXIT_24_1X,ROLLING,90D-18,HIGH_COST,-0.5464520774871782196000000060,-54.64520774871782196000000060,-49.49518245708500571428571488,1,4.667075455455947485714285715,-0.482949836176868760000000,
FUTURES_LONG_SHORT_TIME_EXIT_24_1X,ROLLING,90D-18,STRESS_COST,-0.6183758724106575077428571484,-61.83758724106575077428571484,-52.61802661919115428571428627,1,8.766012181403084228571428572,-0.453548440471512260000000,
FUTURES_LONG_SHORT_TIME_EXIT_24_1X,ROLLING,90D-19,LOW_COST,-0.4851011431503161398964285777,-48.51011431503161398964285777,-46.77958518257391714285714348,1,1.223918839306314426785714286,-0.506610293151382420000000,
FUTURES_LONG_SHORT_TIME_EXIT_24_1X,ROLLING,90D-19,BASE_COST,-0.5063362993560515310285714347,-50.63362993560515310285714347,-47.72591311891947428571428633,1,2.409121021203440657142857143,-0.498595795482238160000000,
FUTURES_LONG_SHORT_TIME_EXIT_24_1X,ROLLING,90D-19,HIGH_COST,-0.5464520774871782196000000060,-54.64520774871782196000000060,-49.49518245708500571428571488,1,4.667075455455947485714285715,-0.482949836176868760000000,
FUTURES_LONG_SHORT_TIME_EXIT_24_1X,ROLLING,90D-19,STRESS_COST,-0.6183758724106575077428571484,-61.83758724106575077428571484,-52.61802661919115428571428627,1,8.766012181403084228571428572,-0.453548440471512260000000,
FUTURES_LONG_SHORT_TIME_EXIT_24_1X,ROLLING,90D-20,LOW_COST,-0.4851011431503161398964285777,-48.51011431503161398964285777,-46.77958518257391714285714348,1,1.223918839306314426785714286,-0.506610293151382420000000,
FUTURES_LONG_SHORT_TIME_EXIT_24_1X,ROLLING,90D-20,BASE_COST,-0.5063362993560515310285714347,-50.63362993560515310285714347,-47.72591311891947428571428633,1,2.409121021203440657142857143,-0.498595795482238160000000,
FUTURES_LONG_SHORT_TIME_EXIT_24_1X,ROLLING,90D-20,HIGH_COST,-0.5464520774871782196000000060,-54.64520774871782196000000060,-49.49518245708500571428571488,1,4.667075455455947485714285715,-0.482949836176868760000000,
FUTURES_LONG_SHORT_TIME_EXIT_24_1X,ROLLING,90D-20,STRESS_COST,-0.6183758724106575077428571484,-61.83758724106575077428571484,-52.61802661919115428571428627,1,8.766012181403084228571428572,-0.453548440471512260000000,
FUTURES_LONG_SHORT_TIME_EXIT_24_1X,ROLLING,90D-21,LOW_COST,-0.6678829501853309288892857181,-66.78829501853309288892857181,-65.59853447051082285714285752,1,1.189760548022270031785714286,0,
FUTURES_LONG_SHORT_TIME_EXIT_24_1X,ROLLING,90D-21,BASE_COST,-0.6847302878700697121142857180,-68.47302878700697121142857180,-66.13349589058980571428571466,1,2.339532896417165497142857142,0,
FUTURES_LONG_SHORT_TIME_EXIT_24_1X,ROLLING,90D-21,HIGH_COST,-0.7161868305901122010285714322,-71.61868305901122010285714322,-67.09552088820406857142857179,1,4.523162170807151531428571428,0,
FUTURES_LONG_SHORT_TIME_EXIT_24_1X,ROLLING,90D-21,STRESS_COST,-0.7714180676344956781714285748,-77.14180676344956781714285748,-68.68022865104603428571428605,1,8.461578112403533531428571428,0,
FUTURES_LONG_SHORT_TIME_EXIT_24_1X,ROLLING,90D-22,LOW_COST,-0.6678829501853309288892857181,-66.78829501853309288892857181,-65.59853447051082285714285752,1,1.189760548022270031785714286,0,
FUTURES_LONG_SHORT_TIME_EXIT_24_1X,ROLLING,90D-22,BASE_COST,-0.6847302878700697121142857180,-68.47302878700697121142857180,-66.13349589058980571428571466,1,2.339532896417165497142857142,0,
FUTURES_LONG_SHORT_TIME_EXIT_24_1X,ROLLING,90D-22,HIGH_COST,-0.7161868305901122010285714322,-71.61868305901122010285714322,-67.09552088820406857142857179,1,4.523162170807151531428571428,0,
FUTURES_LONG_SHORT_TIME_EXIT_24_1X,ROLLING,90D-22,STRESS_COST,-0.7714180676344956781714285748,-77.14180676344956781714285748,-68.68022865104603428571428605,1,8.461578112403533531428571428,0,
FUTURES_LONG_SHORT_TIME_EXIT_24_1X,ROLLING,90D-23,LOW_COST,-0.4194625519506560215412857181,-41.94625519506560215412857181,-39.20352731856362285714285752,2,2.299068572320611691785714286,-0.443659304181367605200000,
FUTURES_LONG_SHORT_TIME_EXIT_24_1X,ROLLING,90D-23,BASE_COST,-0.4683918310767524475982857180,-46.83918310767524475982857180,-41.90289989222500571428571466,2,4.503542644507114377142857142,-0.432740570943124668400000,
FUTURES_LONG_SHORT_TIME_EXIT_24_1X,ROLLING,90D-23,HIGH_COST,-0.5597459040986989857615714322,-55.97459040986989857615714322,-46.92123115124886857142857179,2,8.641574605673967771428571428,-0.411784652947062233300000,
FUTURES_LONG_SHORT_TIME_EXIT_24_1X,ROLLING,90D-23,STRESS_COST,-0.7191743622503498375434285748,-71.91743622503498375434285748,-55.61145657857243428571428605,2,15.93248246373283017142857143,-0.373497182729719297200000,
FUTURES_LONG_SHORT_TIME_EXIT_24_1X,ROLLING,90D-24,LOW_COST,-0.043453836835013278860800,-4.345383683501327886080000,-2.309459498815050,2,2.3174010352068193125,0.281476850520541426420000,
FUTURES_LONG_SHORT_TIME_EXIT_24_1X,ROLLING,90D-24,BASE_COST,-0.099170664640492968062200,-9.917066464049296806220000,-5.65750667596570,2,4.53984366257932217,0.280283874495725363780000,
FUTURES_LONG_SHORT_TIME_EXIT_24_1X,ROLLING,90D-24,HIGH_COST,-0.203755941452490879510800,-20.375594145249087951080000,-11.94043221366380,2,8.71279753913821588,0.277635607552927928920000,
FUTURES_LONG_SHORT_TIME_EXIT_24_1X,ROLLING,90D-24,STRESS_COST,-0.388027685771549059028400,-38.802768577154905902840000,-23.00437779077040,2,16.07007176201124192,0.271680975626736017160000,
FUTURES_LONG_SHORT_TIME_EXIT_24_1X,ROLLING,90D-25,LOW_COST,-1.930394688592998983207228576,-193.0394688592998983207228576,-189.2046946525186771428571434,4,4.664709576111402774285714286,0.829935369330181596420000,
FUTURES_LONG_SHORT_TIME_EXIT_24_1X,ROLLING,90D-25,BASE_COST,-2.000883299410620789447914291,-200.0883299410620789447914291,-191.7705448204101728571428576,4,9.135317493453689196428571429,0.817532372801783108780000,
FUTURES_LONG_SHORT_TIME_EXIT_24_1X,ROLLING,90D-25,HIGH_COST,-2.131010965753373139800800005,-213.1010965753373139800800005,-196.3731689131500142857142862,4,17.52115351213591997428571429,0.793225849948620279920000,
FUTURES_LONG_SHORT_TIME_EXIT_24_1X,ROLLING,90D-25,STRESS_COST,-2.346633483513966505089828576,-234.6633483513966505089828576,-203.1931828542545771428571432,4,32.21536617558816403428571429,0.745200678446090668160000,
FUTURES_LONG_SHORT_TIME_EXIT_24_1X,ROLLING,90D-26,LOW_COST,-3.241212787648144108905728578,-324.1212787648144108905728578,-318.5241810151983621428571435,7,7.673250832721271570535714287,2.076153083105222822820000,
FUTURES_LONG_SHORT_TIME_EXIT_24_1X,ROLLING,90D-26,BASE_COST,-3.345182630273423909683628579,-334.5182630273423909683628579,-321.5193337715039357142857148,7,15.03546095193509129785714286,2.036531696096636043780000,
FUTURES_LONG_SHORT_TIME_EXIT_24_1X,ROLLING,90D-26,HIGH_COST,-3.537418416518899484229800006,-353.7418416518899484229800006,-326.8334602195646285714285720,7,28.86812114167937390857142858,1.959739709354054057020000,
FUTURES_LONG_SHORT_TIME_EXIT_24_1X,ROLLING,90D-26,STRESS_COST,-3.860692689610231306894114291,-386.0692689610231306894114291,-334.6571900568987885714285719,7,53.22718246409458109714285715,1.815103559970238979160000,
FUTURES_LONG_SHORT_TIME_EXIT_24_1X,ROLLING,90D-27,LOW_COST,-4.404374124214251440918986227,-440.4374124214251440918986227,-433.1462030839399571428571435,8,8.812359429924035939285714287,1.521150092438848990244235,
FUTURES_LONG_SHORT_TIME_EXIT_24_1X,ROLLING,90D-27,BASE_COST,-4.512983096482911582697231422,-451.2983096482911582697231422,-435.5218855484068671428571434,8,17.26687911050544548357142858,1.490455010621154356705430,
FUTURES_LONG_SHORT_TIME_EXIT_24_1X,ROLLING,90D-27,HIGH_COST,-4.712535338851479610961733326,-471.2535338851479610961733326,-439.5349662638617857142857148,8,33.14964835146895318571428571,1.431080730182777803826668,
FUTURES_LONG_SHORT_TIME_EXIT_24_1X,ROLLING,90D-27,STRESS_COST,-5.044503727723856653446783622,-504.4503727723856653446783622,-444.6512420011238857142857149,8,61.11829616471412249142857144,1.319165393452342861035924,
FUTURES_LONG_SHORT_TIME_EXIT_24_1X,ROLLING,90D-28,LOW_COST,-0.1081477856907949596267779050,-10.8147785690794959626777905,-1.5745561684271092857142861,8,8.826126416316916740178571429,-0.414095984335469936784933,COST_DOMINATED_PERIOD
FUTURES_LONG_SHORT_TIME_EXIT_24_1X,ROLLING,90D-28,BASE_COST,-0.3055165093705838709145833840,-30.5516509370583870914583384,-12.8462270628694528571428575,8,17.29942987025139225785714285,-0.405994003937541976458338,COST_DOMINATED_PERIOD
FUTURES_LONG_SHORT_TIME_EXIT_24_1X,ROLLING,90D-28,HIGH_COST,-0.6949612446441148903026050660,-69.4961244644114890302605066,-35.9605112866393142857142860,8,33.15956150019912214857142856,-0.376051677573052595974792,COST_DOMINATED_PERIOD
FUTURES_LONG_SHORT_TIME_EXIT_24_1X,ROLLING,90D-28,STRESS_COST,-1.378642912042470546141772934,-137.8642912042470546141772934,-76.53191184468956571428571469,8,61.00962293914060546285714286,-0.322756420416883437034436,COST_DOMINATED_PERIOD
FUTURES_LONG_SHORT_TIME_EXIT_24_1X,ROLLING,90D-29,LOW_COST,0.4571173362853873658632695460,45.7117336285387365863269546,52.2663354849038257142857140,5,5.892877888967783583928571428,-0.661723967397305544030188,STRESS_COLLAPSE
FUTURES_LONG_SHORT_TIME_EXIT_24_1X,ROLLING,90D-29,BASE_COST,0.3071999046532130077052174630,30.7199904653213007705217463,42.9261788865702299999999997,5,11.55797094922846623642857143,-0.648217472020462993049682,STRESS_COLLAPSE
FUTURES_LONG_SHORT_TIME_EXIT_24_1X,ROLLING,90D-29,HIGH_COST,0.00630569098840602966965425500,0.6305690988406029669654255,23.3968119863117799999999997,5,22.15825985311616845428571428,-0.607983034355008578748860,STRESS_COLLAPSE
FUTURES_LONG_SHORT_TIME_EXIT_24_1X,ROLLING,90D-29,STRESS_COST,-0.5209452010225135963211228900,-52.09452010225135963211228900,-10.80583683549711428571428599,5,40.75109061375648024000000000,-0.537592652997765106398003,STRESS_COLLAPSE
FUTURES_LONG_SHORT_TIME_EXIT_24_1X,ROLLING,90D-30,LOW_COST,2.493673994872087727005360084,249.3673994872087727005360084,258.7269254065619864285714293,8,8.586531979374232371249999999,-0.772993939978981356785421,
FUTURES_LONG_SHORT_TIME_EXIT_24_1X,ROLLING,90D-30,BASE_COST,2.233783878317527522362173110,223.3783878317527522362173110,240.9427025588871685714285722,8,16.80729114563912875714285714,-0.757023581495287578068404,
FUTURES_LONG_SHORT_TIME_EXIT_24_1X,ROLLING,90D-30,HIGH_COST,1.726102296189797920249512645,172.6102296189797920249512645,205.4453379766064542857142864,8,32.12305730491826781999999999,-0.712051052708394440763022,
FUTURES_LONG_SHORT_TIME_EXIT_24_1X,ROLLING,90D-30,STRESS_COST,0.8497270136678196989972557558,84.97270136678196989972557558,144.2138994715921714285714292,8,58.60825688194953942857142856,-0.632941222860662100274425,
FUTURES_LONG_SHORT_TIME_EXIT_24_1X,ROLLING,90D-31,LOW_COST,0.08438850810661695005958033750,8.43885081066169500595803375,14.05051364475276571428571531,6,6.225456452076768108571428571,0.613793617985697400243747,LOW_COST_ONLY_EDGE;COST_DOMINATED_PERIOD
FUTURES_LONG_SHORT_TIME_EXIT_24_1X,ROLLING,90D-31,BASE_COST,-0.07197007402467236803476063530,-7.19700740246723680347606353,4.38008221779422714285714390,6,12.17926655501881495642857143,0.602176934757351010095364,LOW_COST_ONLY_EDGE;COST_DOMINATED_PERIOD
FUTURES_LONG_SHORT_TIME_EXIT_24_1X,ROLLING,90D-31,HIGH_COST,-0.3642167737166845401196156107,-36.42167737166845401196156107,-13.69638030112980285714285622,6,23.30478818319039476285714285,0.579491112651743608038438,LOW_COST_ONLY_EDGE;COST_DOMINATED_PERIOD
FUTURES_LONG_SHORT_TIME_EXIT_24_1X,ROLLING,90D-31,STRESS_COST,-0.8575280042711489622463263554,-85.75280042711489622463263554,-43.71662562135797142857142773,6,42.57163569394613434285714285,0.535460888189209546795935,LOW_COST_ONLY_EDGE;COST_DOMINATED_PERIOD
FUTURES_LONG_SHORT_TIME_EXIT_24_1X,ROLLING,90D-32,LOW_COST,0.3150020686417469124593144875,31.50020686417469124593144875,37.34479212700621571428571531,6,6.220687739944568533571428571,0.376102477113044065217162,STRESS_COLLAPSE
FUTURES_LONG_SHORT_TIME_EXIT_24_1X,ROLLING,90D-32,BASE_COST,0.1547139596074862631446430445,15.47139596074862631446430445,27.26878935329682714285714394,6,12.16602295509775925642857143,0.368629562549558428035732,STRESS_COLLAPSE
FUTURES_LONG_SHORT_TIME_EXIT_24_1X,ROLLING,90D-32,HIGH_COST,-0.1449702084688601940039811704,-14.49702084688601940039811704,8.41338438972587714285714377,6,23.26446756987651524285714285,0.354062333264618699601882,STRESS_COLLAPSE
FUTURES_LONG_SHORT_TIME_EXIT_24_1X,ROLLING,90D-32,STRESS_COST,-0.6535964290007203935489212457,-65.35964290007203935489212457,-23.21142137039413142857142773,6,42.47529157870024682285714285,0.327070049022338896536446,STRESS_COLLAPSE
FUTURES_LONG_SHORT_TIME_EXIT_24_1X,ROLLING,90D-33,LOW_COST,-0.4329677629811240004212815750,-43.29677629811240004212815750,-36.98199823132141357142857164,4,4.702545621470464586607142857,-1.612232445320521884092443,
FUTURES_LONG_SHORT_TIME_EXIT_24_1X,ROLLING,90D-33,BASE_COST,-0.5334795186408109046426297193,-53.34795186408109046426297193,-42.57655097938784285714285736,4,9.195955429158847858571428571,-1.575445455534399748548686,
FUTURES_LONG_SHORT_TIME_EXIT_24_1X,ROLLING,90D-33,HIGH_COST,-0.7205043248650465799692960692,-72.05043248650465799692960692,-52.96581789546991714285714306,4,17.58046945609347808285714286,-1.504145134941262771215321,
FUTURES_LONG_SHORT_TIME_EXIT_24_1X,ROLLING,90D-33,STRESS_COST,-1.044680945714572094553539546,-104.4680945714572094553539546,-70.92004630105358285714285733,4,32.17492847102499011428571429,-1.373119799378636483925383,
FUTURES_LONG_SHORT_TIME_EXIT_24_1X,ROLLING,90D-34,LOW_COST,-1.243500859417598922830210144,-124.3500859417598922830210144,-116.8473689098929957142857142,5,5.890484586546374684642857143,-1.612232445320521884092443,
FUTURES_LONG_SHORT_TIME_EXIT_24_1X,ROLLING,90D-34,BASE_COST,-1.353679974055749669799772574,-135.3679974055749669799772574,-122.2740626068553714285714285,5,11.51848934318519580285714286,-1.575445455534399748548686,
FUTURES_LONG_SHORT_TIME_EXIT_24_1X,ROLLING,90D-34,HIGH_COST,-1.557419893684995155969296066,-155.7419893684995155969296066,-132.2192077538859171428571428,5,22.01863647967233568285714286,-1.504145134941262771215321,
FUTURES_LONG_SHORT_TIME_EXIT_24_1X,ROLLING,90D-34,STRESS_COST,-1.907208253600548141067825258,-190.7208253600548141067825258,-149.0574541436235542857142857,5,40.29025141705262333714285715,-1.373119799378636483925383,
FUTURES_LONG_SHORT_TIME_EXIT_24_1X,ROLLING,90D-35,LOW_COST,-0.7135899312316693251041281010,-71.35899312316693251041281010,-62.68913995115234928571428581,7,8.024344483151408788035714286,-0.645508688863174436662810,
FUTURES_LONG_SHORT_TIME_EXIT_24_1X,ROLLING,90D-35,BASE_COST,-0.8777048911380622846870055157,-87.77048911380622846870055157,-71.46898819064804142857142868,7,15.66840631614917390785714286,-0.633094607009013132271980,
FUTURES_LONG_SHORT_TIME_EXIT_24_1X,ROLLING,90D-35,HIGH_COST,-1.181817503759741060543121418,-118.1817503759741060543121418,-87.70677748631939142857142867,7,29.86618008789488515714285715,-0.608792801759829468597856,
FUTURES_LONG_SHORT_TIME_EXIT_24_1X,ROLLING,90D-35,STRESS_COST,-1.704482799735772398000819068,-170.4482799735772398000819068,-115.5373397038795771428571430,7,54.34747777470630978285714286,-0.563462494991352874367621,
FUTURES_LONG_SHORT_TIME_EXIT_24_1X,ROLLING,90D-36,LOW_COST,4.608351327885649839112889056,460.8351327885649839112889056,466.7078976171338971428571423,7,7.228112862902136088214285714,1.355348034333222856646049,
FUTURES_LONG_SHORT_TIME_EXIT_24_1X,ROLLING,90D-36,BASE_COST,4.312193531756736843919166370,431.2193531756736843919166370,443.9802188467057571428571424,7,14.08280006186977798142857143,1.321934390837705230488066,
FUTURES_LONG_SHORT_TIME_EXIT_24_1X,ROLLING,90D-36,HIGH_COST,3.756070243533521835679774646,375.6070243533521835679774646,401.0777175480375514285714282,7,26.72815288902040320857142858,1.257459694335035347977465,
FUTURES_LONG_SHORT_TIME_EXIT_24_1X,ROLLING,90D-36,STRESS_COST,2.782882125474250743675688267,278.2882125474250743675688267,325.3791715109312571428571425,7,48.23075471885214260571428572,1.139795755345959830425970,
FUTURES_LONG_SHORT_TIME_EXIT_24_1X,ROLLING,90D-37,LOW_COST,2.613375068474026916834659621,261.3375068474026916834659621,272.2745774966768942857142844,12,12.44195284640986877642857143,1.504882197135666174180249,
FUTURES_LONG_SHORT_TIME_EXIT_24_1X,ROLLING,90D-37,BASE_COST,2.272696243384982352475493102,227.2696243384982352475493102,249.9972874611368071428571417,12,24.19452395723114446642857143,1.466860834592572571120740,
FUTURES_LONG_SHORT_TIME_EXIT_24_1X,ROLLING,90D-37,HIGH_COST,1.645199569104794876713023269,164.5199569104794876713023269,208.8441064522883114285714275,12,45.71671586905363984857142857,1.392566327244816091302328,
FUTURES_LONG_SHORT_TIME_EXIT_24_1X,ROLLING,90D-37,STRESS_COST,0.5636224739401916909989181706,56.36224739401916909989181706,136.8350102525955999999999990,12,81.73026777975790144000000000,1.257504921181470539891818,
FUTURES_LONG_SHORT_TIME_EXIT_24_1X,ROLLING,90D-38,LOW_COST,2.356744256314722462160010258,235.6744256314722462160010258,247.9199677749156564285714269,12,12.13073985885071541339285715,-0.114802284592694799177544,
FUTURES_LONG_SHORT_TIME_EXIT_24_1X,ROLLING,90D-38,BASE_COST,2.011946769634808994650378655,201.1946769634808994650378655,224.8653591685925057142857128,12,23.55854530862271178714285714,-0.112136896488894462104990,
FUTURES_LONG_SHORT_TIME_EXIT_24_1X,ROLLING,90D-38,HIGH_COST,1.380090616928814787860954856,138.0090616928814787860954856,182.5166870452622999999999985,12,44.39960641519367021999999999,-0.108018937187150993904513,
FUTURES_LONG_SHORT_TIME_EXIT_24_1X,ROLLING,90D-38,STRESS_COST,0.3020480216062953772944282498,30.20480216062953772944282498,109.2723985360002342857142843,12,78.96741145140069761142857144,-0.100184923969998944842888,
FUTURES_LONG_SHORT_TIME_EXIT_24_1X,ROLLING,90D-39,LOW_COST,1.816436453679988628351319143,181.6436453679988628351319143,201.0873575982301392857142846,15,16.70458317836777544053571428,-2.739129051863501010046656,STRESS_COLLAPSE
FUTURES_LONG_SHORT_TIME_EXIT_24_1X,ROLLING,90D-39,BASE_COST,1.380757328495417989702775544,138.0757328495417989702775544,173.1668163540031228571428560,15,32.43313446323663236142857142,-2.657949041224691525436730,STRESS_COLLAPSE
FUTURES_LONG_SHORT_TIME_EXIT_24_1X,ROLLING,90D-39,HIGH_COST,0.5846454203954096685262727991,58.46454203954096685262727991,122.0742554462862942857142844,15,61.10577425822612654571428570,-2.503939148519200887372719,STRESS_COLLAPSE
FUTURES_LONG_SHORT_TIME_EXIT_24_1X,ROLLING,90D-39,STRESS_COST,-0.7622752592608156590895493857,-76.22752592608156590895493857,34.62153667551336571428571317,15,108.6224396036292930400000000,-2.226622997965638583240652,STRESS_COLLAPSE
FUTURES_LONG_SHORT_TIME_EXIT_24_1X,ROLLING,90D-40,LOW_COST,4.185257231817898310838477148,418.5257231817898310838477148,433.7093023469058442857142850,10,11.54066750597078887428571428,-3.642911659145224327580856,
FUTURES_LONG_SHORT_TIME_EXIT_24_1X,ROLLING,90D-40,BASE_COST,3.787583980367695229503591667,378.7583980367695229503591667,404.6964578151002414285714278,10,22.40281019095107961214285714,-3.535249587379638866069404,
FUTURES_LONG_SHORT_TIME_EXIT_24_1X,ROLLING,90D-40,HIGH_COST,3.051054231736850890693024173,305.1054231736850890693024173,350.6470540291522542857142848,10,42.21207952563376358571428572,-3.329551329833401630697582,
FUTURES_LONG_SHORT_TIME_EXIT_24_1X,ROLLING,90D-40,STRESS_COST,1.793968065581101514501506421,179.3968065581101514501506421,257.4370104151997142857142851,10,75.08098033057120354285714286,-2.959223526518359292706500,
FUTURES_LONG_SHORT_TIME_EXIT_24_1X,ROLLING,90D-41,LOW_COST,4.200367874298337108109351257,420.0367874298337108109351257,434.9702041711237557142857141,9,11.00686321461194229892857143,-3.926553526678102604422017,
FUTURES_LONG_SHORT_TIME_EXIT_24_1X,ROLLING,90D-41,BASE_COST,3.822868031837515651971946885,382.2868031837515651971946885,407.4495477370986428571428569,9,21.35166478666647095142857143,-3.811079766680606708519597,
FUTURES_LONG_SHORT_TIME_EXIT_24_1X,ROLLING,90D-41,HIGH_COST,3.123891659266462967839800708,312.3891659266462967839800708,356.1556221078998599999999998,9,40.17612256279729202000000000,-3.590333618456271196019929,
FUTURES_LONG_SHORT_TIME_EXIT_24_1X,ROLLING,90D-41,STRESS_COST,1.931750487092285474491258972,193.1750487092285474491258972,267.6361775229626628571428570,9,71.26860077808369300571428571,-3.192528035650422402302674,
FUTURES_LONG_SHORT_TIME_EXIT_24_1X,ROLLING,90D-42,LOW_COST,0.2085158527414719332724617275,20.85158527414719332724617275,32.94693421164611642857142862,7,8.723944237232785499107142858,-3.371404700266137602218113,LOW_COST_ONLY_EDGE
FUTURES_LONG_SHORT_TIME_EXIT_24_1X,ROLLING,90D-42,BASE_COST,-0.002878267869846189781396810200,-0.28782678698461897813968102,19.89041708117044000000000002,7,16.90666890481418773000000000,-3.271574963340871248139681,LOW_COST_ONLY_EDGE
FUTURES_LONG_SHORT_TIME_EXIT_24_1X,ROLLING,90D-42,HIGH_COST,-0.3874739262187734063842632590,-38.74739262187734063842632590,-3.91673675272034857142857144,7,31.74997975560913797142857143,-3.080676113547854095569183,LOW_COST_ONLY_EDGE
FUTURES_LONG_SHORT_TIME_EXIT_24_1X,ROLLING,90D-42,STRESS_COST,-1.021922714464740515629717540,-102.1922714464740515629717540,-43.35706943385179999999999999,7,56.09875056937675896000000000,-2.736451443245492602971754,LOW_COST_ONLY_EDGE
FUTURES_LONG_SHORT_TIME_EXIT_24_1X,ROLLING,90D-43,LOW_COST,0.8808790823761404704348617275,88.08790823761404704348617275,100.2008292874135214285714286,7,8.743364155517730210357142858,-3.369556894281744174728113,STRESS_COLLAPSE
FUTURES_LONG_SHORT_TIME_EXIT_24_1X,ROLLING,90D-43,BASE_COST,0.6491111995320014951211031898,64.91111995320014951211031898,85.11856775089605000000000002,7,16.93921098584348917500000000,-3.268236811852411312889681,STRESS_COLLAPSE
FUTURES_LONG_SHORT_TIME_EXIT_24_1X,ROLLING,90D-43,HIGH_COST,0.2259487090279848402836367410,22.59487090279848402836367410,57.46149409195403142857142856,7,31.79198422360691459142857143,-3.074638965548632808779183,STRESS_COLLAPSE
FUTURES_LONG_SHORT_TIME_EXIT_24_1X,ROLLING,90D-43,STRESS_COST,-0.4767353853025126800284175399,-47.67353853025126800284175399,11.15805215110688000000000001,7,56.10558845593678160000000000,-2.726002225421366402841754,STRESS_COLLAPSE
FUTURES_LONG_SHORT_TIME_EXIT_24_1X,ROLLING,90D-44,LOW_COST,3.544371142713553243267141828,354.4371142713553243267141828,365.6268838830059192857142860,7,8.384887911480414048392857144,-2.804881700170180910607246,
FUTURES_LONG_SHORT_TIME_EXIT_24_1X,ROLLING,90D-44,BASE_COST,3.234861603024289613183726303,323.4861603024289613183726303,342.4508557367588300000000003,7,16.24580394308047905500000000,-2.718891491249389626627370,
FUTURES_LONG_SHORT_TIME_EXIT_24_1X,ROLLING,90D-44,HIGH_COST,2.663016223757133800546887733,266.3016223757133800546887733,299.3504898826227685714285717,7,30.49408674157177089428571429,-2.554780765337617622454084,
FUTURES_LONG_SHORT_TIME_EXIT_24_1X,ROLLING,90D-44,STRESS_COST,1.692265426186091179944491719,169.2265426186091179944491719,225.3098474939229257142857145,7,53.82346255955814006857142857,-2.259842315755667651265114,
FUTURES_LONG_SHORT_TIME_EXIT_24_1X,ROLLING,90D-45,LOW_COST,2.706196200740708545101214315,270.6196200740708545101214315,278.3241761088791142857142860,6,7.122952543360242306428571429,-0.581603491448017469164283,
FUTURES_LONG_SHORT_TIME_EXIT_24_1X,ROLLING,90D-45,BASE_COST,2.460225476376079048074658483,246.0225476376079048074658483,260.3565078827788000000000003,6,13.77038036484590482000000000,-0.563579880324990372534152,
FUTURES_LONG_SHORT_TIME_EXIT_24_1X,ROLLING,90D-45,HIGH_COST,2.007746422504746051639509532,200.7746422504746051639509532,227.0393119010902828571428574,6,25.73547341547562431714285715,-0.529196235140053376049047,
FUTURES_LONG_SHORT_TIME_EXIT_24_1X,ROLLING,90D-45,STRESS_COST,1.246160728079916321884460640,124.6160728079916321884460640,170.1256069455222228571428573,6,45.04208964826253443428571429,-0.467444489268056234411079,
FUTURES_LONG_SHORT_TIME_EXIT_24_1X,ROLLING,90D-46,LOW_COST,0.6742501047123529631718963910,67.42501047123529631718963910,78.07940140601714785714285716,9,10.93161874359950492625000000,0.277227808817653386296782,STRESS_COLLAPSE
FUTURES_LONG_SHORT_TIME_EXIT_24_1X,ROLLING,90D-46,BASE_COST,0.4104164008900512628310074090,41.04164008900512628310074090,61.87250274851131857142857153,9,21.09517094723181921357142857,0.264308287725626925243598,STRESS_COLLAPSE
FUTURES_LONG_SHORT_TIME_EXIT_24_1X,ROLLING,90D-46,HIGH_COST,-0.06508251416629244046097267030,-6.50825141662924404609726703,32.52883565331710857142857150,9,39.27676184654694949142857143,0.239674776600596873902733,STRESS_COLLAPSE
FUTURES_LONG_SHORT_TIME_EXIT_24_1X,ROLLING,90D-46,STRESS_COST,-0.8344533272616761598211930548,-83.44533272616761598211930548,-15.40070692730480000000000004,9,68.24218164523970121142857143,0.197555846376885229309266,STRESS_COLLAPSE
FUTURES_LONG_SHORT_TIME_EXIT_24_1X,ROLLING,180D-1,LOW_COST,-3.500072616817121309618071744,-350.0072616817121309618071744,-314.1748582532707728571428580,31,34.04064308719105429142857144,-1.791760341250303813235745,
FUTURES_LONG_SHORT_TIME_EXIT_24_1X,ROLLING,180D-1,BASE_COST,-4.293056250139181236846140269,-429.3056250139181236846140269,-359.9657481256775571428571438,31,67.57513148291056957714285716,-1.764745405329996964614026,
FUTURES_LONG_SHORT_TIME_EXIT_24_1X,ROLLING,180D-1,HIGH_COST,-5.844533530238716344804305050,-584.4533530238716344804305050,-449.5644676992050257142857153,31,133.1766063441074395000000000,-1.712278980559169266144790,
FUTURES_LONG_SHORT_TIME_EXIT_24_1X,ROLLING,180D-1,STRESS_COST,-8.808736878540653523690781271,-880.8736878540653523690781271,-620.6110050227376285714285720,31,258.6494246048215780000000000,-1.613258226506145797649555,
FUTURES_LONG_SHORT_TIME_EXIT_24_1X,ROLLING,180D-2,LOW_COST,0.6556478663768890096896666656,65.56478663768890096896666656,111.2328708716221978571428562,35,38.62394930392748355232142856,-7.044134930005813335854761,LOW_COST_ONLY_EDGE;COST_DOMINATED_PERIOD
FUTURES_LONG_SHORT_TIME_EXIT_24_1X,ROLLING,180D-2,BASE_COST,-0.2739111559215728457617763230,-27.39111559215728457617763230,55.96507818992740714285714196,35,76.39757635375045767642857144,-6.958617428334234042606203,LOW_COST_ONLY_EDGE;COST_DOMINATED_PERIOD
FUTURES_LONG_SHORT_TIME_EXIT_24_1X,ROLLING,180D-2,HIGH_COST,-2.096133981644831817683660044,-209.6133981644831817683660044,-53.45512879061184285714285822,35,149.3668732990062987742857143,-6.791396074865040136937432,LOW_COST_ONLY_EDGE;COST_DOMINATED_PERIOD
FUTURES_LONG_SHORT_TIME_EXIT_24_1X,ROLLING,180D-2,STRESS_COST,-5.511764552449257577420162060,-551.1764552449257577420162060,-259.2722488126346228571428577,35,285.4284695092867491771428571,-6.475736923004385707730491,LOW_COST_ONLY_EDGE;COST_DOMINATED_PERIOD
FUTURES_LONG_SHORT_TIME_EXIT_24_1X,ROLLING,180D-3,LOW_COST,1.467242131277260293741665950,146.7242131277260293741665950,192.4325002946716900000000007,35,38.62624711467281754035714285,-7.082040052272843085476263,STRESS_COLLAPSE
FUTURES_LONG_SHORT_TIME_EXIT_24_1X,ROLLING,180D-3,BASE_COST,0.5458972376927613108120478277,54.58972376927613108120478277,137.8899383159925485714285722,35,76.30784812690466613142857144,-6.992366419811751358795218,STRESS_COLLAPSE
FUTURES_LONG_SHORT_TIME_EXIT_24_1X,ROLLING,180D-3,HIGH_COST,-1.253600893569045076171871753,-125.3600893569045076171871753,30.27498789582013428571428635,35,148.8180531019535050257142857,-6.817024150771136877187176,STRESS_COLLAPSE
FUTURES_LONG_SHORT_TIME_EXIT_24_1X,ROLLING,180D-3,STRESS_COST,-4.601458218709104301960716099,-460.1458218709104301960716099,-170.7106448768949142857142847,35,282.9489803592864675200000000,-6.486196634729048390357325,STRESS_COLLAPSE
FUTURES_LONG_SHORT_TIME_EXIT_24_1X,ROLLING,180D-4,LOW_COST,1.449106756041419085062208381,144.9106756041419085062208381,179.2901192495713121428571438,24,27.76529957448556151160714286,-6.614144070943842125029163,STRESS_COLLAPSE
FUTURES_LONG_SHORT_TIME_EXIT_24_1X,ROLLING,180D-4,BASE_COST,0.7754912128753038819622047480,77.54912128753038819622047480,138.8273670049397442857142868,24,54.75890180884125541500000001,-6.519343908568100674493812,STRESS_COLLAPSE
FUTURES_LONG_SHORT_TIME_EXIT_24_1X,ROLLING,180D-4,HIGH_COST,-0.5398190835421914644883493759,-53.98190835421914644883493759,58.74684170006293714285714414,24,106.3946980250149339885714286,-6.334052029267149603120653,STRESS_COLLAPSE
FUTURES_LONG_SHORT_TIME_EXIT_24_1X,ROLLING,180D-4,STRESS_COST,-2.972127815809461637456112160,-297.2127815809461637456112160,-90.32872330421690857142857019,24,200.8978760942232572457142858,-5.986182182505997928468360,STRESS_COLLAPSE
FUTURES_LONG_SHORT_TIME_EXIT_24_1X,ROLLING,180D-5,LOW_COST,-2.774161859482791408449749811,-277.4161859482791408449749811,-263.6924957595200235714285714,10,11.28355340346688344946428572,-2.440136785292233824082124,
FUTURES_LONG_SHORT_TIME_EXIT_24_1X,ROLLING,180D-5,BASE_COST,-3.001661999917286512456538581,-300.1661999917286512456538581,-275.5457480133133257142857142,10,22.22325565851490944285714286,-2.397196319900416088511001,
FUTURES_LONG_SHORT_TIME_EXIT_24_1X,ROLLING,180D-5,HIGH_COST,-3.434221862875291227741296845,-343.4221862875291227741296845,-298.0035466536121914285714285,10,43.10493371543566390000000000,-2.313705918481267445558256,
FUTURES_LONG_SHORT_TIME_EXIT_24_1X,ROLLING,180D-5,STRESS_COST,-4.218630952008411358670315397,-421.8630952008411358670315397,-338.5283025588430342857142856,10,81.17696703798692757714285714,-2.157825604011174004174397,
FUTURES_LONG_SHORT_TIME_EXIT_24_1X,ROLLING,180D-6,LOW_COST,-2.073577272584470016124409672,-207.3577272584470016124409672,-194.4245506372692507142857161,9,9.959855009249994513392857143,-2.973321611927756384762394,
FUTURES_LONG_SHORT_TIME_EXIT_24_1X,ROLLING,180D-6,BASE_COST,-2.278466516026155893346972058,-227.8466516026155893346972058,-205.3348889343822200000000017,9,19.59067305965628188714285714,-2.921089608577087447554347,
FUTURES_LONG_SHORT_TIME_EXIT_24_1X,ROLLING,180D-6,HIGH_COST,-2.666561803185147795830247347,-266.6561803185147795830247347,-225.9366164024179885714285730,9,37.90005625880318456571428571,-2.819507657293606445881876,
FUTURES_LONG_SHORT_TIME_EXIT_24_1X,ROLLING,180D-6,STRESS_COST,-3.364468592217662956292886005,-336.4468592217662956292886005,-262.8109245426502514285714301,9,71.00617424481805801142857143,-2.629760434297986189288599,
FUTURES_LONG_SHORT_TIME_EXIT_24_1X,ROLLING,180D-7,LOW_COST,-0.9711184485866853191276939580,-97.11184485866853191276939580,-91.29862123162602714285714380,4,4.885644745055331790000000000,-0.927578881987172979912252,
FUTURES_LONG_SHORT_TIME_EXIT_24_1X,ROLLING,180D-7,BASE_COST,-1.072112286977384339543568391,-107.2112286977384339543568391,-96.67957054680905571428571522,4,9.618973012277736404999999999,-0.912685138651641835071124,
FUTURES_LONG_SHORT_TIME_EXIT_24_1X,ROLLING,180D-7,HIGH_COST,-1.264041296802008573494605820,-126.4041296802008573494605820,-106.8774674519341485714285724,4,18.64304317714197288571428571,-0.883619051124735892317724,
FUTURES_LONG_SHORT_TIME_EXIT_24_1X,ROLLING,180D-7,STRESS_COST,-1.611373502363909648562727843,-161.1373502363909648562727843,-125.2590712323311828571428580,4,35.04925598152996851428571429,-0.829023022529813484844212,
FUTURES_LONG_SHORT_TIME_EXIT_24_1X,ROLLING,180D-8,LOW_COST,-0.8317921805315698471241225318,-83.17921805315698471241225318,-76.84451979395587428571428685,4,4.900509084062555026785714286,-1.434189175138555399912252,
FUTURES_LONG_SHORT_TIME_EXIT_24_1X,ROLLING,180D-8,BASE_COST,-0.9350130434684850896578541080,-93.50130434684850896578541080,-82.44300900497796428571428682,4,9.647014407736664685000000000,-1.411280934133879995071124,
FUTURES_LONG_SHORT_TIME_EXIT_24_1X,ROLLING,180D-8,HIGH_COST,-1.131203382374493402694605822,-113.1203382374493402694605822,-93.06112155019287428571428679,4,18.69264779995486133142857144,-1.366568887301604652317724,
FUTURES_LONG_SHORT_TIME_EXIT_24_1X,ROLLING,180D-8,STRESS_COST,-1.486225284200213203391299273,-148.6225284200213203391299273,-112.2152786555096742857142867,4,35.12467830151032030857142857,-1.282571463001325744844212,
FUTURES_LONG_SHORT_TIME_EXIT_24_1X,ROLLING,180D-9,LOW_COST,-0.4851011431503161398964285777,-48.51011431503161398964285777,-46.77958518257391714285714348,1,1.223918839306314426785714286,-0.506610293151382420000000,
FUTURES_LONG_SHORT_TIME_EXIT_24_1X,ROLLING,180D-9,BASE_COST,-0.5063362993560515310285714347,-50.63362993560515310285714347,-47.72591311891947428571428633,1,2.409121021203440657142857143,-0.498595795482238160000000,
FUTURES_LONG_SHORT_TIME_EXIT_24_1X,ROLLING,180D-9,HIGH_COST,-0.5464520774871782196000000060,-54.64520774871782196000000060,-49.49518245708500571428571488,1,4.667075455455947485714285715,-0.482949836176868760000000,
FUTURES_LONG_SHORT_TIME_EXIT_24_1X,ROLLING,180D-9,STRESS_COST,-0.6183758724106575077428571484,-61.83758724106575077428571484,-52.61802661919115428571428627,1,8.766012181403084228571428572,-0.453548440471512260000000,
FUTURES_LONG_SHORT_TIME_EXIT_24_1X,ROLLING,180D-10,LOW_COST,-1.152984093335647068785714296,-115.2984093335647068785714296,-112.3781196530847400000000010,2,2.413679387328584458571428572,-0.506610293151382420000000,
FUTURES_LONG_SHORT_TIME_EXIT_24_1X,ROLLING,180D-10,BASE_COST,-1.191066587226121243142857153,-119.1066587226121243142857153,-113.8594090095092800000000010,2,4.748653917620606154285714285,-0.498595795482238160000000,
FUTURES_LONG_SHORT_TIME_EXIT_24_1X,ROLLING,180D-10,HIGH_COST,-1.262638908077290420628571438,-126.2638908077290420628571438,-116.5907033452890742857142867,2,9.190237626263099017142857143,-0.482949836176868760000000,
FUTURES_LONG_SHORT_TIME_EXIT_24_1X,ROLLING,180D-10,STRESS_COST,-1.389793940045153185914285723,-138.9793940045153185914285723,-121.2982552702371885714285723,2,17.22759029380661776000000000,-0.453548440471512260000000,
FUTURES_LONG_SHORT_TIME_EXIT_24_1X,ROLLING,180D-11,LOW_COST,-0.7113367870203442077500857181,-71.13367870203442077500857181,-67.90799396932587285714285752,3,3.507161583229089344285714286,0.281476850520541426420000,
FUTURES_LONG_SHORT_TIME_EXIT_24_1X,ROLLING,180D-11,BASE_COST,-0.7839009525105626801764857180,-78.39009525105626801764857180,-71.79100256655550571428571466,3,6.879376558996487667142857142,0.280283874495725363780000,
FUTURES_LONG_SHORT_TIME_EXIT_24_1X,ROLLING,180D-11,HIGH_COST,-0.9199427720426030805393714322,-91.99427720426030805393714322,-79.03595310186786857142857179,3,13.23595970994536741142857143,0.277635607552927928920000,
FUTURES_LONG_SHORT_TIME_EXIT_24_1X,ROLLING,180D-11,STRESS_COST,-1.159445753406044737199828575,-115.9445753406044737199828575,-91.68460644181643428571428605,3,24.53164987441477545142857143,0.271680975626736017160000,
FUTURES_LONG_SHORT_TIME_EXIT_24_1X,ROLLING,180D-12,LOW_COST,-3.660675339598800130447014296,-366.0675339598800130447014296,-357.7277083337619850000000010,9,9.972319405041883262321428573,1.632493778923855217620000,
FUTURES_LONG_SHORT_TIME_EXIT_24_1X,ROLLING,180D-12,BASE_COST,-3.813574461350176357281914297,-381.3574461350176357281914297,-363.4222336637289414285714296,9,19.53900359644220567500000000,1.603791125153511375380000,
FUTURES_LONG_SHORT_TIME_EXIT_24_1X,ROLLING,180D-12,HIGH_COST,-4.097164320617598469991371438,-409.7164320617598469991371438,-373.7546913708134971428571438,9,37.50969574735334168000000001,1.547955056406991823720000,
FUTURES_LONG_SHORT_TIME_EXIT_24_1X,ROLLING,180D-12,STRESS_COST,-4.579867051860581144437542866,-457.9867051860581144437542866,-390.2686466354712228571428581,9,69.15966492782741126857142858,1.441606377240519681960000,
FUTURES_LONG_SHORT_TIME_EXIT_24_1X,ROLLING,180D-13,LOW_COST,-2.038542474283793942834006481,-203.8542474283793942834006481,-190.7792508209457864285714295,12,13.49083599242831951446428572,0.415839384994711659635067,
FUTURES_LONG_SHORT_TIME_EXIT_24_1X,ROLLING,180D-13,BASE_COST,-2.306399808781204660362497676,-230.6399808781204660362497676,-204.6167718832796257142857151,12,26.43474736370508145428571429,0.411538368864241132321662,
FUTURES_LONG_SHORT_TIME_EXIT_24_1X,ROLLING,180D-13,HIGH_COST,-2.825972210397488030103405071,-282.5972210397488030103405071,-232.3336801997893285714285722,12,50.68071501233504212285714286,0.417174172375567683945208,
FUTURES_LONG_SHORT_TIME_EXIT_24_1X,ROLLING,180D-13,STRESS_COST,-3.725276395556437051231601510,-372.5276395556437051231601510,-279.7250946989441428571428579,12,93.22498911472876949714285715,0.422444258029207231125564,
FUTURES_LONG_SHORT_TIME_EXIT_24_1X,ROLLING,180D-14,LOW_COST,-1.910700129342163713913626143,-191.0700129342163713913626143,-174.4192776773779707142857142,16,17.39889140929826831053571429,0.748156152459867633458814,
FUTURES_LONG_SHORT_TIME_EXIT_24_1X,ROLLING,180D-14,BASE_COST,-2.279199218165384060335058312,-227.9199218165384060335058312,-194.5791829895196985714285712,16,34.07417025614457424071428572,0.733431429125866778637026,
FUTURES_LONG_SHORT_TIME_EXIT_24_1X,ROLLING,180D-14,HIGH_COST,-2.986433042661681690712220681,-298.6433042661681690712220681,-234.0896282872553314285714284,16,65.27270565638722100571428570,0.719029677474383363063646,
FUTURES_LONG_SHORT_TIME_EXIT_24_1X,ROLLING,180D-14,STRESS_COST,-4.194776714056036954449527866,-419.4776714056036954449527866,-300.4373425295317142857142857,16,119.7265530466636619199999999,0.686224170591680760761499,
FUTURES_LONG_SHORT_TIME_EXIT_24_1X,ROLLING,180D-15,LOW_COST,0.7721194049271342783225840340,77.2119404927134278322584034,89.6111276119100414285714293,11,12.11356562891235211750000000,-0.285621490284261478813026,STRESS_COLLAPSE
FUTURES_LONG_SHORT_TIME_EXIT_24_1X,ROLLING,180D-15,BASE_COST,0.4619138642606992708498605075,46.19138642606992708498605075,70.19496823986705714285714364,11,23.72399390432622549285714286,-0.279587909470904565013950,STRESS_COLLAPSE
FUTURES_LONG_SHORT_TIME_EXIT_24_1X,ROLLING,180D-15,HIGH_COST,-0.1386645174804541643343269154,-13.86645174804541643343269154,31.81019637603765714285714347,11,45.42272742299268369714285713,-0.253920701090389879146978,STRESS_COLLAPSE
FUTURES_LONG_SHORT_TIME_EXIT_24_1X,ROLLING,180D-15,STRESS_COST,-1.174541630023233989870044136,-117.4541630023233989870044136,-34.01725820589124571428571373,11,83.22638219245672706285714285,-0.210522603975426209861557,STRESS_COLLAPSE
FUTURES_LONG_SHORT_TIME_EXIT_24_1X,ROLLING,180D-16,LOW_COST,-1.159112351310981972770629806,-115.9112351310981972770629806,-102.7968552651402299999999989,11,12.11594103862314279321428572,-0.998438827334824483848696,
FUTURES_LONG_SHORT_TIME_EXIT_24_1X,ROLLING,180D-16,BASE_COST,-1.425650048080422037834533209,-142.5650048080422037834533209,-117.8939803890611442857142846,11,23.69775589820401075928571429,-0.973268520777048738453322,
FUTURES_LONG_SHORT_TIME_EXIT_24_1X,ROLLING,180D-16,HIGH_COST,-1.921636667401679696088911677,-192.1636667401679696088911677,-145.9155880550157199999999990,11,45.32342466286273044571428571,-0.924654022289519163176883,
FUTURES_LONG_SHORT_TIME_EXIT_24_1X,ROLLING,180D-16,STRESS_COST,-2.764736257871697103314151613,-276.4736257871697103314151613,-192.7740797649815257142857134,11,82.86188711099875768000000000,-0.837658911189426937129448,
FUTURES_LONG_SHORT_TIME_EXIT_24_1X,ROLLING,180D-17,LOW_COST,4.175383564904525838691607481,417.5383564904525838691607481,429.7258993858124835714285707,11,11.93065848437260067482142857,-0.256884410987299027446394,
FUTURES_LONG_SHORT_TIME_EXIT_24_1X,ROLLING,180D-17,BASE_COST,3.778714013115925939276536650,377.8714013115925939276536650,401.4036678673179142857142850,11,23.27875549102862584000000000,-0.253511064696694518060620,
FUTURES_LONG_SHORT_TIME_EXIT_24_1X,ROLLING,180D-17,HIGH_COST,3.035565918668475255710478577,303.5565918668475255710478577,348.1118996525676342857142851,11,44.30862234511388129142857144,-0.246685440606227423237856,
FUTURES_LONG_SHORT_TIME_EXIT_24_1X,ROLLING,180D-17,STRESS_COST,1.738201179759678649122148721,173.8201179759678649122148721,254.4591252098776742857142851,11,80.40568318987713272000000001,-0.233324044032676653499413,
FUTURES_LONG_SHORT_TIME_EXIT_24_1X,ROLLING,180D-18,LOW_COST,1.643154325083053137055882157,164.3154325083053137055882157,185.2308278237633071428571411,19,20.15508434200212420142857143,-0.760310973455869235840354,STRESS_COLLAPSE
FUTURES_LONG_SHORT_TIME_EXIT_24_1X,ROLLING,180D-18,BASE_COST,1.134241878496746709963373139,113.4241878496746709963373139,153.3963709779444642857142841,19,39.22695162477188569500000000,-0.745231503497907594376970,STRESS_COLLAPSE
FUTURES_LONG_SHORT_TIME_EXIT_24_1X,ROLLING,180D-18,HIGH_COST,0.1982731131690737273178334379,19.82731131690737273178334379,94.80990955894290857142856983,19,74.26578650308855537714285714,-0.716811738946980462502369,STRESS_COLLAPSE
FUTURES_LONG_SHORT_TIME_EXIT_24_1X,ROLLING,180D-18,STRESS_COST,-1.402434778129477020706390818,-140.2434778129477020706390818,-6.26494116787934285714285862,19,133.3148892261070073942857143,-0.663647418961351819210509,STRESS_COLLAPSE
FUTURES_LONG_SHORT_TIME_EXIT_24_1X,ROLLING,180D-19,LOW_COST,6.798632300291925227673136768,679.8632300291925227673136768,705.9838798435827385714285694,22,23.98262035238065765071428571,-2.138029462009558153400607,
FUTURES_LONG_SHORT_TIME_EXIT_24_1X,ROLLING,180D-19,BASE_COST,6.060280223752677581979084768,606.0280223752677581979084768,654.6937452762370485714285695,22,46.59733414818222407857142857,-2.068388752787066294948664,
FUTURES_LONG_SHORT_TIME_EXIT_24_1X,ROLLING,180D-19,HIGH_COST,4.696253800841645767406047442,469.6253800841645767406047442,559.4911604814405657142857124,22,87.92879539468740343428571428,-1.936985002588585539395254,
FUTURES_LONG_SHORT_TIME_EXIT_24_1X,ROLLING,180D-19,STRESS_COST,2.357590539521293205500424592,235.7590539521293205500424592,394.2720206677953142857142840,22,156.8112481103291049828571428,-1.701718605336888752814682,
FUTURES_LONG_SHORT_TIME_EXIT_24_1X,ROLLING,180D-20,LOW_COST,2.024952306421460561623780870,202.4952306421460561623780870,234.0342918098762557142857132,22,25.42852741560056093964285714,-6.110533752129638612264769,STRESS_COLLAPSE
FUTURES_LONG_SHORT_TIME_EXIT_24_1X,ROLLING,180D-20,BASE_COST,1.377879060625571799921378734,137.7879060625571799921378734,193.0572334351735628571428560,22,49.33980336805082009142857142,-5.929524004565562773576411,STRESS_COLLAPSE
FUTURES_LONG_SHORT_TIME_EXIT_24_1X,ROLLING,180D-20,HIGH_COST,0.1971714941766362621420095400,19.71714941766362621420095400,118.1575186935659457142857130,22,92.85575401383526451714285713,-5.584615262067054982941902,STRESS_COLLAPSE
FUTURES_LONG_SHORT_TIME_EXIT_24_1X,ROLLING,180D-20,STRESS_COST,-1.784197973725556174719266926,-178.4197973725556174719266926,-8.73553275833843428571428682,22,164.7211901730060520000000000,-4.963074441211131186212406,STRESS_COLLAPSE
FUTURES_LONG_SHORT_TIME_EXIT_24_1X,ROLLING,180D-21,LOW_COST,7.744739017011890351376493085,774.4739017011890351376493085,800.5970880541296750000000001,16,19.39175112609235634732142858,-6.731435226848283515029263,
FUTURES_LONG_SHORT_TIME_EXIT_24_1X,ROLLING,180D-21,BASE_COST,7.057729634861805265155673188,705.7729634861805265155673188,749.9004034738574728571428572,16,37.59746872974695000642857143,-6.529971257929996335146967,
FUTURES_LONG_SHORT_TIME_EXIT_24_1X,ROLLING,180D-21,HIGH_COST,5.786907883023596768386688441,578.6907883023596768386688441,655.5061119905226285714285715,16,70.67020930436906291428571429,-6.145114383793888818474013,
FUTURES_LONG_SHORT_TIME_EXIT_24_1X,ROLLING,180D-21,STRESS_COST,3.624015913278376654435750691,362.4015913278376654435750691,492.9460250168855885714285715,16,125.0920633376418330742857143,-5.452370351406090053567788,
FUTURES_LONG_SHORT_TIME_EXIT_24_1X,ROLLING,180D-22,LOW_COST,1.555129187088493433606758118,155.5129187088493433606758118,178.2802306934306692857142858,16,19.67498289911723513660714285,-3.092329085464090788431331,STRESS_COLLAPSE
FUTURES_LONG_SHORT_TIME_EXIT_24_1X,ROLLING,180D-22,BASE_COST,1.059527600422052757952110599,105.9527600422052757952110599,146.9910704994073685714285715,16,38.03438193307530838857142857,-3.003928524126784387646083,STRESS_COLLAPSE
FUTURES_LONG_SHORT_TIME_EXIT_24_1X,ROLLING,180D-22,HIGH_COST,0.1608661948616923998226640707,16.08661948616923998226640707,89.99032974527114000000000010,16,71.06874607015386408285714287,-2.834964188948035934876450,STRESS_COLLAPSE
FUTURES_LONG_SHORT_TIME_EXIT_24_1X,ROLLING,180D-22,STRESS_COST,-1.311188712564188839849610595,-131.1188712564188839849610595,-4.24265477619792000000000004,16,124.3477701011764828114285714,-2.528446379044481173532488,STRESS_COLLAPSE
FUTURES_LONG_SHORT_TIME_EXIT_24_1X,ROLLING,365D-1,LOW_COST,-2.050965860775702224555863364,-205.0965860775702224555863364,-134.8847390036994607142857141,55,61.80594266167661580303571429,-8.405904412194145938264908,
FUTURES_LONG_SHORT_TIME_EXIT_24_1X,ROLLING,365D-1,BASE_COST,-3.517565037263877354883935520,-351.7565037263877354883935520,-221.1383811207378128571428570,55,122.3340332917518249921428572,-8.284089313898097639107838,
FUTURES_LONG_SHORT_TIME_EXIT_24_1X,ROLLING,365D-1,HIGH_COST,-6.384352613780907809292654426,-638.4352613780907809292654426,-390.8176259991420885714285713,55,239.5713043691223734885714285,-8.046331009826318869265443,
FUTURES_LONG_SHORT_TIME_EXIT_24_1X,ROLLING,365D-1,STRESS_COST,-11.78086469435011516114689343,-1178.086469435011516114689343,-710.9397283269545371428571422,55,459.5473006990448352457142858,-7.599440409012143726117915,
FUTURES_LONG_SHORT_TIME_EXIT_24_1X,ROLLING,365D-2,LOW_COST,-1.927180463580748838981477099,-192.7180463580748838981477099,-131.4777134606076178571428586,46,51.08503698556245046803571428,-10.155295911904815572969137,
FUTURES_LONG_SHORT_TIME_EXIT_24_1X,ROLLING,365D-2,BASE_COST,-3.108209843981178774072397577,-310.8209843981178774072397577,-199.9301463331922885714285727,46,100.8778594072822171571428572,-10.012978657643371678668328,
FUTURES_LONG_SHORT_TIME_EXIT_24_1X,ROLLING,365D-2,HIGH_COST,-5.404210880786267441325962704,-540.4210880786267441325962704,-334.0821794234729628571428586,46,196.6036666025374010599999999,-9.735242052616380215453412,
FUTURES_LONG_SHORT_TIME_EXIT_24_1X,ROLLING,365D-2,STRESS_COST,-9.662192046290562208202919582,-966.2192046290562208202919582,-583.5646850822585371428571438,46,373.4414357612726209142857143,-9.213083785525062763149100,
FUTURES_LONG_SHORT_TIME_EXIT_24_1X,ROLLING,365D-3,LOW_COST,0.4779883074547337659345144230,47.79883074547337659345144230,87.99149801794528500000000000,28,32.65094431954089330160714286,-7.541722952931015104941415,LOW_COST_ONLY_EDGE;COST_DOMINATED_PERIOD
FUTURES_LONG_SHORT_TIME_EXIT_24_1X,ROLLING,365D-3,BASE_COST,-0.2966210741020804575813636436,-29.66210741020804575813636436,42.14779645813068857142857158,28,64.37787482111899182000000000,-7.432029047219742509564936,LOW_COST_ONLY_EDGE;COST_DOMINATED_PERIOD
FUTURES_LONG_SHORT_TIME_EXIT_24_1X,ROLLING,365D-3,HIGH_COST,-1.803860380344200037982955196,-180.3860380344200037982955196,-48.13062575187121142857142817,28,125.0377412021569068742857143,-7.217671080391885495438377,LOW_COST_ONLY_EDGE;COST_DOMINATED_PERIOD
FUTURES_LONG_SHORT_TIME_EXIT_24_1X,ROLLING,365D-3,STRESS_COST,-4.583501318173371286018840003,-458.3501318173371286018840003,-215.5877945365480914285714282,28,235.9471320757532257600000001,-6.815205205035811413312572,LOW_COST_ONLY_EDGE;COST_DOMINATED_PERIOD
FUTURES_LONG_SHORT_TIME_EXIT_24_1X,ROLLING,365D-4,LOW_COST,-3.011981053236586794007623960,-301.1981053236586794007623960,-283.5468875705458057142857163,12,13.66382960255888462071428572,-3.987388150553989065762394,
FUTURES_LONG_SHORT_TIME_EXIT_24_1X,ROLLING,365D-4,BASE_COST,-3.290481137405959027868757774,-329.0481137405959027868757774,-298.2356536777590885714285733,12,26.89215142550332220714285713,-3.920308637333492008304347,
FUTURES_LONG_SHORT_TIME_EXIT_24_1X,ROLLING,365D-4,HIGH_COST,-3.818920995039204799905961634,-381.8920995039204799905961634,-326.0161799386701000000000019,12,52.08623644973018222571428572,-3.789683115520197764881876,
FUTURES_LONG_SHORT_TIME_EXIT_24_1X,ROLLING,365D-4,STRESS_COST,-4.772695001120743523570743149,-477.2695001120743523570743149,-375.9177869733621657142857160,12,97.80650683362031640000000000,-3.545206305091870242788599,
FUTURES_LONG_SHORT_TIME_EXIT_24_1X,ROLLING,365D-5,LOW_COST,-2.124102541922332387913408254,-212.4102541922332387913408254,-203.6767408847107671428571448,6,7.299324132383916248571428572,-1.434189175138555399912252,
FUTURES_LONG_SHORT_TIME_EXIT_24_1X,ROLLING,365D-5,BASE_COST,-2.263178874203505582686425544,-226.3178874203505582686425544,-210.5389795563183357142857163,6,14.36762692989834255928571428,-1.411280934133879995071124,
FUTURES_LONG_SHORT_TIME_EXIT_24_1X,ROLLING,365D-5,HIGH_COST,-2.526680204879298994123177258,-252.6680204879298994123177258,-223.4681707972232228571428591,6,27.83328080340507190285714285,-1.366568887301604652317724,
FUTURES_LONG_SHORT_TIME_EXIT_24_1X,ROLLING,365D-5,STRESS_COST,-3.001167442409062834477013566,-300.1167442409062834477013566,-246.5573265025683714285714304,6,52.27684627533658627428571429,-1.282571463001325744844212,
FUTURES_LONG_SHORT_TIME_EXIT_24_1X,ROLLING,365D-6,LOW_COST,-3.083378781928646051992942873,-308.3378781928646051992942873,-301.5828143056034171428571444,6,7.078388963439987232857142858,0.323325076178799176420000,
FUTURES_LONG_SHORT_TIME_EXIT_24_1X,ROLLING,365D-6,BASE_COST,-3.191949886636742032590771444,-319.1949886636742032590771444,-305.6299538299194528571428586,6,13.88397141107429535071428572,0.318936577319544948780000,
FUTURES_LONG_SHORT_TIME_EXIT_24_1X,ROLLING,365D-6,HIGH_COST,-3.393649873830663560429371443,-339.3649873830663560429371443,-312.9638722584390885714285729,6,26.71139113839901899142857143,0.310276013771751519920000,
FUTURES_LONG_SHORT_TIME_EXIT_24_1X,ROLLING,365D-6,STRESS_COST,-3.736427423559119691004114299,-373.6427423559119691004114299,-324.4914381244917657142857156,6,49.44295646939478179428571429,0.291652237974578408160000,
FUTURES_LONG_SHORT_TIME_EXIT_24_1X,ROLLING,365D-7,LOW_COST,-3.191526567619441011619720778,-319.1526567619441011619720778,-303.1573704740305264285714305,14,15.90451537975690397303571429,-0.090770908156670760364933,
FUTURES_LONG_SHORT_TIME_EXIT_24_1X,ROLLING,365D-7,BASE_COST,-3.497466396007325903505354829,-349.7466396007325903505354829,-318.4761808927889057142857161,14,31.18340128132568760857142858,-0.087057426617997027678338,
FUTURES_LONG_SHORT_TIME_EXIT_24_1X,ROLLING,365D-7,HIGH_COST,-4.088611118474778450731976509,-408.8611118474778450731976509,-348.9243835450784028571428590,14,59.87095263859814114000000000,-0.065775663801301076054792,
FUTURES_LONG_SHORT_TIME_EXIT_24_1X,ROLLING,365D-7,STRESS_COST,-5.115070335601590237145887234,-511.5070335601590237145887234,-401.0233499691813314285714303,14,110.4525794085353872571428571,-0.031104182442305028874436,
FUTURES_LONG_SHORT_TIME_EXIT_24_1X,ROLLING,365D-8,LOW_COST,-2.622036916362507921663711862,-262.2036916362507921663711862,-242.3272716467038435714285717,19,20.90605299252735765482142858,1.029633002980409059878814,
FUTURES_LONG_SHORT_TIME_EXIT_24_1X,ROLLING,365D-8,BASE_COST,-3.063100170675946740511544030,-306.3100170675946740511544030,-266.3701855560752042857142860,19,40.95354681514106190785714286,1.013715303621592142417026,
FUTURES_LONG_SHORT_TIME_EXIT_24_1X,ROLLING,365D-8,HIGH_COST,-3.906375814704284771251592113,-390.6375814704284771251592113,-313.1255813891232000000000002,19,78.50866536633258841714285714,0.996665285027311291983646,
FUTURES_LONG_SHORT_TIME_EXIT_24_1X,ROLLING,365D-8,STRESS_COST,-5.354222467462081691649356442,-535.4222467462081691649356442,-392.1219489713481485714285718,19,144.2582029210784373714285714,0.957905146218416777921499,
FUTURES_LONG_SHORT_TIME_EXIT_24_1X,ROLLING,365D-9,LOW_COST,-2.861064653290096172723450575,-286.1064653290096172723450575,-258.4257079382007450000000000,25,27.75672527383919845232142858,0.075967883030326179976371,
FUTURES_LONG_SHORT_TIME_EXIT_24_1X,ROLLING,365D-9,BASE_COST,-3.445855337893695060503330887,-344.5855337893695060503330887,-290.3473405114956200000000000,25,54.31842820807298122857142858,0.080234930199095178238340,
FUTURES_LONG_SHORT_TIME_EXIT_24_1X,ROLLING,365D-9,HIGH_COST,-4.555176469529736869007416749,-455.5176469529736869007416749,-351.6822596396178628571428571,25,103.9378780907458242228571429,0.102490777390000179258325,
FUTURES_LONG_SHORT_TIME_EXIT_24_1X,ROLLING,365D-9,STRESS_COST,-6.459266018730726862807724554,-645.9266018730726862807724554,-455.6979016340004114285714285,25,190.3651864559019086628571429,0.136486216829633810656116,
FUTURES_LONG_SHORT_TIME_EXIT_24_1X,ROLLING,365D-10,LOW_COST,1.346114931472249984437251910,134.6114931472249984437251910,167.9031660631095549999999994,31,33.38402030134992830982142857,0.092347385465371753546620,STRESS_COLLAPSE
FUTURES_LONG_SHORT_TIME_EXIT_24_1X,ROLLING,365D-10,BASE_COST,0.5415296859339764437263765095,54.15296859339764437263765095,119.2570800092062099999999996,31,65.19170972568654748357142857,0.087598309877981856209080,STRESS_COLLAPSE
FUTURES_LONG_SHORT_TIME_EXIT_24_1X,ROLLING,365D-10,HIGH_COST,-0.9713983429409997096784934737,-97.13983429409997096784934737,26.96800711063327714285714250,31,124.1997020321154924428571429,0.091860627382244332150653,STRESS_COLLAPSE
FUTURES_LONG_SHORT_TIME_EXIT_24_1X,ROLLING,365D-10,STRESS_COST,-3.579756695973975958457006377,-357.9756695973975958457006377,-132.4709813570754914285714290,31,225.6017778298972645828571428,0.097089589575160165727934,STRESS_COLLAPSE
FUTURES_LONG_SHORT_TIME_EXIT_24_1X,ROLLING,365D-11,LOW_COST,5.639519948980943254902506962,563.9519948980943254902506962,603.1870245784425085714285705,33,36.09856139100380044392857142,-3.136468289344382637249303,STRESS_COLLAPSE
FUTURES_LONG_SHORT_TIME_EXIT_24_1X,ROLLING,365D-11,BASE_COST,4.634630175672255544144551559,463.4630175672255544144551559,536.7997648871759042857142849,33,70.29509004638623483785714286,-3.041657273564115033401986,STRESS_COLLAPSE
FUTURES_LONG_SHORT_TIME_EXIT_24_1X,ROLLING,365D-11,HIGH_COST,2.774617133439966071317135765,277.4617133439966071317135765,413.5755724264248457142857134,33,133.2522200575501338799999999,-2.861639024878104702572137,STRESS_COLLAPSE
FUTURES_LONG_SHORT_TIME_EXIT_24_1X,ROLLING,365D-11,STRESS_COST,-0.4071457183504038978137270197,-40.71457183504038978137270197,201.4979409028137885714285707,33,239.6731352213278626628571428,-2.539377516526315689944130,STRESS_COLLAPSE
FUTURES_LONG_SHORT_TIME_EXIT_24_1X,ROLLING,365D-12,LOW_COST,6.436010523250466775277788352,643.6010523250466775277788352,689.3373402211032642857142838,34,38.61646909444476254571428571,-7.119818801611824212221163,STRESS_COLLAPSE
FUTURES_LONG_SHORT_TIME_EXIT_24_1X,ROLLING,365D-12,BASE_COST,5.355711449228929407300415385,535.5711449228929407300415385,617.5382504202777271428571410,34,75.05503447721090905642857143,-6.912071020173877356387031,STRESS_COLLAPSE
FUTURES_LONG_SHORT_TIME_EXIT_24_1X,ROLLING,365D-12,HIGH_COST,3.364782616184635451720388117,336.4782616184635451720388117,484.7334468195086799999999982,34,141.7394160979666537085714286,-6.515769103078481119389758,STRESS_COLLAPSE
FUTURES_LONG_SHORT_TIME_EXIT_24_1X,ROLLING,365D-12,STRESS_COST,-0.02635309938176761559581820660,-2.63530993817676155958182066,256.3726186752786399999999984,34,253.2070879833185099200000000,-5.800840630136891639581819,STRESS_COLLAPSE
FUTURES_LONG_SHORT_TIME_EXIT_24_1X,ROLLING,365D-13,LOW_COST,8.353761487380418661279894886,835.3761487380418661279894886,884.2641105370134078571428542,38,43.65760325149789278732142857,-5.230358547473648941831938,
FUTURES_LONG_SHORT_TIME_EXIT_24_1X,ROLLING,365D-13,BASE_COST,7.119807824174730339931195366,711.9807824174730339931195366,801.6848157756444171428571412,38,84.63171608125753246714285714,-5.072317276913850682594747,
FUTURES_LONG_SHORT_TIME_EXIT_24_1X,ROLLING,365D-13,HIGH_COST,4.857119995703338167228711513,485.7119995703338167228711513,649.4814902267117057142857125,38,158.9975414648412675171428573,-4.771949191536621474271704,
FUTURES_LONG_SHORT_TIME_EXIT_24_1X,ROLLING,365D-13,STRESS_COST,1.046401826957104365650813997,104.6401826957104365650813997,390.0293658915973942857142840,38,281.1590182115055877942857143,-4.230164984381369926347170,
FUTURES_LONG_SHORT_TARGET_R_2_5_1X,YEAR,2022,LOW_COST,-2.252257576125820576343777484,-225.2257576125820576343777484,-162.8622722060471864285714292,44,50.74913535476544619625000002,-11.614350051769425009556319,
FUTURES_LONG_SHORT_TARGET_R_2_5_1X,YEAR,2022,BASE_COST,-3.431731077329327469886369956,-343.1731077329327469886369956,-231.1282910768853235714285718,44,100.5826605387450551089285714,-11.462156117302368308279852,
FUTURES_LONG_SHORT_TARGET_R_2_5_1X,YEAR,2022,HIGH_COST,-5.732000008467227219646471804,-573.2000008467227219646471804,-364.4404261328130128571428579,44,197.5930041007679787214285714,-11.166570613141730386075751,
FUTURES_LONG_SHORT_TARGET_R_2_5_1X,YEAR,2022,STRESS_COST,-10.13343622967798676544575171,-1013.343622967798676544575171,-621.6212866985159314285714291,44,381.1190015530902900685714284,-10.603334716192455047432313,
FUTURES_LONG_SHORT_TARGET_R_2_5_1X,YEAR,2023,LOW_COST,-1.836688390927123575298220697,-183.6688390927123575298220697,-174.9331439430948217857142879,6,7.302221090314853728839285714,-1.433474059302682015268496,
FUTURES_LONG_SHORT_TARGET_R_2_5_1X,YEAR,2023,BASE_COST,-1.986244244219674815631949324,-198.6244244219674815631949324,-182.7939743059676285714285735,6,14.41571196464588952285714286,-1.414738151353963468909216,
FUTURES_LONG_SHORT_TARGET_R_2_5_1X,YEAR,2023,HIGH_COST,-2.273317488458783735870234752,-227.3317488458783735870234752,-197.8575897647826242857142879,6,28.09592514600945186142857142,-1.378233935086297439880616,
FUTURES_LONG_SHORT_TARGET_R_2_5_1X,YEAR,2023,STRESS_COST,-2.801419552220278500024881824,-280.1419552220278500024881824,-225.4502456217818142857142876,6,53.38315815363690622285714286,-1.308551446609129493916752,
FUTURES_LONG_SHORT_TARGET_R_2_5_1X,YEAR,2024,LOW_COST,-3.649646832667197135065742869,-364.9646832667197135065742869,-336.1563908243813892857142856,24,26.06641330290583311642857143,-2.741879139432491104431430,
FUTURES_LONG_SHORT_TARGET_R_2_5_1X,YEAR,2024,BASE_COST,-4.182815079752971378694772457,-418.2815079752971378694772457,-364.4395713828971157142857144,24,51.15976931295811718642857145,-2.682167279441904968762960,
FUTURES_LONG_SHORT_TARGET_R_2_5_1X,YEAR,2024,HIGH_COST,-5.219737079119344527748699577,-521.9737079119344527748699577,-421.0144910758831928571428571,24,98.47123195250417895857142858,-2.487984883547080959155672,
FUTURES_LONG_SHORT_TARGET_R_2_5_1X,YEAR,2024,STRESS_COST,-7.028274422468556554422770725,-702.8274422468556554422770725,-518.3003593944826600000000000,24,182.3846114070848189085714285,-2.142471445288176533705644,
FUTURES_LONG_SHORT_TARGET_R_2_5_1X,YEAR,2025,LOW_COST,13.08089709476042790402954825,1308.089709476042790402954825,1346.858915527183602499999999,30,34.72871008661037475383928570,-4.040495964530437343205886,
FUTURES_LONG_SHORT_TARGET_R_2_5_1X,YEAR,2025,BASE_COST,11.95446227619742032882653467,1195.446227619742032882653467,1266.972499962176398571428568,30,67.57379728451299774571428571,-3.952475057921367943060817,
FUTURES_LONG_SHORT_TARGET_R_2_5_1X,YEAR,2025,HIGH_COST,9.850651913144606417629470168,985.0651913144606417629470168,1116.767624411657281428571425,30,127.9166678576162078928571428,-3.785765239580431772767267,
FUTURES_LONG_SHORT_TARGET_R_2_5_1X,YEAR,2025,STRESS_COST,6.163465056772156459378013777,616.3465056772156459378013777,849.0988979040195428571428557,30,229.2871739711678604685714284,-3.465218255636036450770049,
FUTURES_LONG_SHORT_TARGET_R_2_5_1X,ROLLING,90D-1,LOW_COST,-1.685550844751852651099384891,-168.5550844751852651099384891,-157.4517125436699925000000009,10,11.46483933595496777241071429,0.361467404439695162472226,
FUTURES_LONG_SHORT_TARGET_R_2_5_1X,ROLLING,90D-1,BASE_COST,-1.971615230367743356078296651,-197.1615230367743356078296651,-174.6930238131294857142857152,10,22.82406614094411962571428572,0.355566917299269732170336,
FUTURES_LONG_SHORT_TARGET_R_2_5_1X,ROLLING,90D-1,HIGH_COST,-2.535474216652106988690557363,-253.5474216652106988690557363,-208.6562586817099514285714294,10,45.23523845722311324285714286,0.344075473722365802372836,
FUTURES_LONG_SHORT_TARGET_R_2_5_1X,ROLLING,90D-1,STRESS_COST,-3.631844606115634233361346671,-363.1844606115634233361346671,-274.6155261700827714285714295,10,88.89119833308335628571428572,0.322263891602704378151048,
FUTURES_LONG_SHORT_TARGET_R_2_5_1X,ROLLING,90D-2,LOW_COST,-7.286126186124076239661966539,-728.6126186124076239661966539,-716.3894522398324192857142871,9,10.73201381087482904910714286,-1.491152561700375631375224,
FUTURES_LONG_SHORT_TARGET_R_2_5_1X,ROLLING,90D-2,BASE_COST,-7.515388999781984823389406874,-751.5388999781984823389406874,-728.6573687700963357142857158,9,21.39673187200174398071428572,-1.484799336100402643940686,
FUTURES_LONG_SHORT_TARGET_R_2_5_1X,ROLLING,90D-2,HIGH_COST,-7.970288009169036900227593068,-797.0288009169036900227593068,-753.0268069213968914285714298,9,42.52967008297091178285714286,-1.472323912535886811330734,
FUTURES_LONG_SHORT_TARGET_R_2_5_1X,ROLLING,90D-2,STRESS_COST,-8.866196522937350913189982293,-886.6196522937350913189982293,-801.1264394870379600000000014,9,84.04496193595082314285714287,-1.448250870746308176141085,
FUTURES_LONG_SHORT_TARGET_R_2_5_1X,ROLLING,90D-3,LOW_COST,-3.443853979429556941585762532,-344.3853979429556941585762532,-336.1174998332340425000000013,7,8.360369091485243645982142856,0.092470981763591987405891,
FUTURES_LONG_SHORT_TARGET_R_2_5_1X,ROLLING,90D-3,BASE_COST,-3.617661437733399587402499514,-361.7661437733399587402499514,-345.2206406388248700000000014,7,16.63617597464239989214285714,0.090672840127311151892907,
FUTURES_LONG_SHORT_TARGET_R_2_5_1X,ROLLING,90D-3,HIGH_COST,-3.960683018607002967174804051,-396.0683018607002967174804051,-363.2137843149777328571428585,7,32.94170459247757261857142857,0.087187046755008758233882,
FUTURES_LONG_SHORT_TARGET_R_2_5_1X,ROLLING,90D-3,STRESS_COST,-4.629233674583595027235011401,-462.9233674583595027235011401,-398.3858861897323057142857155,7,64.61811251624245546857142857,0.080631247615258459356004,
FUTURES_LONG_SHORT_TARGET_R_2_5_1X,ROLLING,90D-4,LOW_COST,-0.4209533242953812194010877185,-42.09533242953812194010877185,-26.29881717059931071428571476,13,13.73969582959457115410714287,-2.056819429344240071715914,
FUTURES_LONG_SHORT_TARGET_R_2_5_1X,ROLLING,90D-4,BASE_COST,-0.7373604975820476333321774516,-73.73604975820476333321774516,-44.42606814642997357142857185,13,27.27134794981338777678571429,-2.038633661961401985003459,
FUTURES_LONG_SHORT_TARGET_R_2_5_1X,ROLLING,90D-4,HIGH_COST,-1.356412508595088245167943216,-135.6412508595088245167943216,-79.90789040000994285714285762,13,53.73027768296715844000000000,-2.003082776531723219651464,
FUTURES_LONG_SHORT_TARGET_R_2_5_1X,ROLLING,90D-4,STRESS_COST,-2.518554549728377168665330693,-251.8554549728377168665330693,-145.7508551608500771428571434,13,104.1631595238699851828571429,-1.941440288117654540818783,
FUTURES_LONG_SHORT_TARGET_R_2_5_1X,ROLLING,90D-5,LOW_COST,5.947798360903151032451762771,594.7798360903151032451762771,621.4924222989161035714285719,20,22.06591824829915996446428572,-4.646667960301840361788009,
FUTURES_LONG_SHORT_TARGET_R_2_5_1X,ROLLING,90D-5,BASE_COST,5.381198403991142490123907977,538.1198403991142490123907977,586.4080893234055050000000005,20,43.68624624047166015321428571,-4.602002683819595834394917,
FUTURES_LONG_SHORT_TARGET_R_2_5_1X,ROLLING,90D-5,HIGH_COST,4.278082851952991370405266834,427.8082851952991370405266834,517.9538340273221542857142862,20,85.63131706247466070857142858,-4.514231769548356536616174,
FUTURES_LONG_SHORT_TARGET_R_2_5_1X,ROLLING,90D-5,STRESS_COST,2.161462892481251505547795525,216.1462892481251505547795525,384.6670611551322828571428577,20,164.1795674905075615942857143,-4.341204416499570708077591,
FUTURES_LONG_SHORT_TARGET_R_2_5_1X,ROLLING,90D-6,LOW_COST,5.070130940400224192535983208,507.0130940400224192535983208,541.9277898055405135714285725,22,24.93292296569408506446428571,-9.981772799824009253365966,
FUTURES_LONG_SHORT_TARGET_R_2_5_1X,ROLLING,90D-6,BASE_COST,4.437732953524648861288592560,443.7732953524648861288592560,502.9814672670836907142857156,22,49.34419488800470605892857144,-9.863977026614098526497888,
FUTURES_LONG_SHORT_TARGET_R_2_5_1X,ROLLING,90D-6,HIGH_COST,3.208093302974298585652943196,320.8093302974298585652943196,427.0951488261680400000000011,22,96.65114523231228373714285716,-9.634673296425897697562824,
FUTURES_LONG_SHORT_TARGET_R_2_5_1X,ROLLING,90D-6,STRESS_COST,0.8580330100787228758943917052,85.80330100787228758943917052,280.0830131118875971428571440,22,185.0845753481720305085714285,-9.195136755843279044846545,
FUTURES_LONG_SHORT_TARGET_R_2_5_1X,ROLLING,90D-7,LOW_COST,4.305821988440843413970832860,430.5821988440843413970832860,457.2044709897246396428571441,16,19.60638653194139871401785715,-7.015885613698899531756001,
FUTURES_LONG_SHORT_TARGET_R_2_5_1X,ROLLING,90D-7,BASE_COST,3.804449094574482205581080148,380.4449094574482205581080148,426.1456698312816985714285728,16,38.77592520143676622500000002,-6.924835172396711788320558,
FUTURES_LONG_SHORT_TARGET_R_2_5_1X,ROLLING,90D-7,HIGH_COST,2.830838395919022223859546149,283.0838395919022223859546149,365.6771447996915842857142868,16,75.84549632141836605571428574,-6.747808886370995844045386,
FUTURES_LONG_SHORT_TARGET_R_2_5_1X,ROLLING,90D-7,STRESS_COST,0.9461817331593463011540183680,94.6181733159346301154018368,245.9463029771259457142857156,16,144.9261044392943302228571428,-6.402025221896985376026736,
FUTURES_LONG_SHORT_TARGET_R_2_5_1X,ROLLING,90D-8,LOW_COST,-0.3754845019308064697778173989,-37.54845019308064697778173989,-24.67903977693139178571428526,7,8.791574879873674225446428572,-4.077835536275580966621026,
FUTURES_LONG_SHORT_TARGET_R_2_5_1X,ROLLING,90D-8,BASE_COST,-0.5716779284165549390107063243,-57.16779284165549390107063243,-35.75624788745245142857142809,7,17.39733251058427123428571429,-4.014212443618771238213490,
FUTURES_LONG_SHORT_TARGET_R_2_5_1X,ROLLING,90D-8,HIGH_COST,-0.9520729115796214247227151990,-95.20729115796214247227151990,-57.24581691044870142857142821,7,34.07020056505542989571428570,-3.891273682458011147985806,
FUTURES_LONG_SHORT_TARGET_R_2_5_1X,ROLLING,90D-8,STRESS_COST,-1.667133184836139583336034241,-166.7133184836139583336034241,-97.68519014588496857142857099,7,65.36762519498530068000000000,-3.660503142743689082174853,
FUTURES_LONG_SHORT_TARGET_R_2_5_1X,ROLLING,90D-9,LOW_COST,-3.004088406184351215901727474,-300.4088406184351215901727474,-290.1735255254910014285714285,6,7.227957634091982280357142857,-3.007357458852137881244176,
FUTURES_LONG_SHORT_TARGET_R_2_5_1X,ROLLING,90D-9,BASE_COST,-3.125536886632488735654301345,-312.5536886632488735654301345,-295.3289946977264428571428570,6,14.26845813327181056142857143,-2.956235832250620146858706,
FUTURES_LONG_SHORT_TARGET_R_2_5_1X,ROLLING,90D-9,HIGH_COST,-3.358638175031859804022755439,-335.8638175031859804022755439,-305.1977821903312514285714285,6,27.80869352237402545142857143,-2.857341790480703522275544,
FUTURES_LONG_SHORT_TARGET_R_2_5_1X,ROLLING,90D-9,STRESS_COST,-3.787208666219201589136172610,-378.7208666219201589136172610,-323.1963368832632171428571428,6,52.85312103383037571428571429,-2.671408704826566056474404,
FUTURES_LONG_SHORT_TARGET_R_2_5_1X,ROLLING,90D-10,LOW_COST,-4.451575395519430119814137734,-445.1575395519430119814137734,-436.3162134815025228571428576,5,5.938213657274508555714285715,-2.903112413165980568556630,
FUTURES_LONG_SHORT_TARGET_R_2_5_1X,ROLLING,90D-10,BASE_COST,-4.527204443954018686056976002,-452.7204443954018686056976002,-438.1548689486075628571428576,5,11.71132124655078148142857143,-2.854254200243524267126171,
FUTURES_LONG_SHORT_TARGET_R_2_5_1X,ROLLING,90D-10,HIGH_COST,-4.670951679139054209647517375,-467.0951679139054209647517375,-441.5534218507847028571428577,5,22.78199163915934098285714286,-2.759754423961377124751737,
FUTURES_LONG_SHORT_TARGET_R_2_5_1X,ROLLING,90D-10,STRESS_COST,-4.929218806993321664573092710,-492.9218806993321664573092710,-447.2012083447090285714285719,5,43.13853925684261837714285715,-2.582133097780519508737842,
FUTURES_LONG_SHORT_TARGET_R_2_5_1X,ROLLING,90D-11,LOW_COST,-4.451575395519430119814137734,-445.1575395519430119814137734,-436.3162134815025228571428576,5,5.938213657274508555714285715,-2.903112413165980568556630,
FUTURES_LONG_SHORT_TARGET_R_2_5_1X,ROLLING,90D-11,BASE_COST,-4.527204443954018686056976002,-452.7204443954018686056976002,-438.1548689486075628571428576,5,11.71132124655078148142857143,-2.854254200243524267126171,
FUTURES_LONG_SHORT_TARGET_R_2_5_1X,ROLLING,90D-11,HIGH_COST,-4.670951679139054209647517375,-467.0951679139054209647517375,-441.5534218507847028571428577,5,22.78199163915934098285714286,-2.759754423961377124751737,
FUTURES_LONG_SHORT_TARGET_R_2_5_1X,ROLLING,90D-11,STRESS_COST,-4.929218806993321664573092710,-492.9218806993321664573092710,-447.2012083447090285714285719,5,43.13853925684261837714285715,-2.582133097780519508737842,
FUTURES_LONG_SHORT_TARGET_R_2_5_1X,ROLLING,90D-12,LOW_COST,-1.333222452927225626794224018,-133.3222452927225626794224018,-131.5709272772300100000000007,2,2.454908342895531047142857143,0.703590327402978367720456,
FUTURES_LONG_SHORT_TARGET_R_2_5_1X,ROLLING,90D-12,BASE_COST,-1.375598971414699111556979660,-137.5598971414699111556979660,-133.4040684454150057142857150,2,4.851387640480526049999999999,0.695558944425620608587749,
FUTURES_LONG_SHORT_TARGET_R_2_5_1X,ROLLING,90D-12,HIGH_COST,-1.457033417176635896629399231,-145.7033417176635896629399231,-136.9083758306864057142857150,2,9.474853444475633297142857143,0.679887557498449348488649,
FUTURES_LONG_SHORT_TARGET_R_2_5_1X,ROLLING,90D-12,STRESS_COST,-1.606969313415885881805414166,-160.6969313415885881805414166,-143.2695355702000914285714292,2,18.07725580630091721142857143,0.649860034912420459458584,
FUTURES_LONG_SHORT_TARGET_R_2_5_1X,ROLLING,90D-13,LOW_COST,-0.6826680574185880692482206866,-68.26680574185880692482206866,-62.45402487245230750000000119,4,4.886372417505942369553571428,-0.926408451900557055268496,
FUTURES_LONG_SHORT_TARGET_R_2_5_1X,ROLLING,90D-13,BASE_COST,-0.7905917404658010553033778858,-79.05917404658010553033778858,-68.49617691981533714285714395,4,9.648774493823621818571428571,-0.914222632941146568909216,
FUTURES_LONG_SHORT_TARGET_R_2_5_1X,ROLLING,90D-13,HIGH_COST,-0.9981239194743277919559490283,-99.81239194743277919559490283,-80.10760269351139000000000116,4,18.81430721957872333571428571,-0.890482034342665859880616,
FUTURES_LONG_SHORT_TARGET_R_2_5_1X,ROLLING,90D-13,STRESS_COST,-1.381500574529444622339167530,-138.1500574529444622339167530,-101.5227412301119400000000010,4,35.78214428978465788000000000,-0.845171933047864353916752,
FUTURES_LONG_SHORT_TARGET_R_2_5_1X,ROLLING,90D-14,LOW_COST,-0.6826680574185880692482206866,-68.26680574185880692482206866,-62.45402487245230750000000119,4,4.886372417505942369553571428,-0.926408451900557055268496,
FUTURES_LONG_SHORT_TARGET_R_2_5_1X,ROLLING,90D-14,BASE_COST,-0.7905917404658010553033778858,-79.05917404658010553033778858,-68.49617691981533714285714395,4,9.648774493823621818571428571,-0.914222632941146568909216,
FUTURES_LONG_SHORT_TARGET_R_2_5_1X,ROLLING,90D-14,HIGH_COST,-0.9981239194743277919559490283,-99.81239194743277919559490283,-80.10760269351139000000000116,4,18.81430721957872333571428571,-0.890482034342665859880616,
FUTURES_LONG_SHORT_TARGET_R_2_5_1X,ROLLING,90D-14,STRESS_COST,-1.381500574529444622339167530,-138.1500574529444622339167530,-101.5227412301119400000000010,4,35.78214428978465788000000000,-0.845171933047864353916752,
FUTURES_LONG_SHORT_TARGET_R_2_5_1X,ROLLING,90D-15,LOW_COST,-0.05952388410869657931964925350,-5.95238841086965793196492535,-1.34617735815497178571428647,3,3.679802600814129090982142857,-0.926408451900557055268496,COST_DOMINATED_PERIOD
FUTURES_LONG_SHORT_TARGET_R_2_5_1X,ROLLING,90D-15,BASE_COST,-0.1465837763984919088462350244,-14.65837763984919088462350244,-6.47857842476665428571428644,3,7.265576582141390030000000000,-0.914222632941146568909216,COST_DOMINATED_PERIOD
FUTURES_LONG_SHORT_TARGET_R_2_5_1X,ROLLING,90D-15,HIGH_COST,-0.3141003529214367894416633104,-31.41003529214367894416633104,-16.35489332434791571428571501,3,14.16465993345309737000000000,-0.890482034342665859880616,COST_DOMINATED_PERIOD
FUTURES_LONG_SHORT_TARGET_R_2_5_1X,ROLLING,90D-15,STRESS_COST,-0.6240917097979197766248818117,-62.40917097979197766248818117,-34.63473509295879714285714349,3,26.92926395378531616571428571,-0.845171933047864353916752,COST_DOMINATED_PERIOD
FUTURES_LONG_SHORT_TARGET_R_2_5_1X,ROLLING,90D-16,LOW_COST,0,0,0,0,0,0,
FUTURES_LONG_SHORT_TARGET_R_2_5_1X,ROLLING,90D-16,BASE_COST,0,0,0,0,0,0,
FUTURES_LONG_SHORT_TARGET_R_2_5_1X,ROLLING,90D-16,HIGH_COST,0,0,0,0,0,0,
FUTURES_LONG_SHORT_TARGET_R_2_5_1X,ROLLING,90D-16,STRESS_COST,0,0,0,0,0,0,
FUTURES_LONG_SHORT_TARGET_R_2_5_1X,ROLLING,90D-17,LOW_COST,0,0,0,0,0,0,
FUTURES_LONG_SHORT_TARGET_R_2_5_1X,ROLLING,90D-17,BASE_COST,0,0,0,0,0,0,
FUTURES_LONG_SHORT_TARGET_R_2_5_1X,ROLLING,90D-17,HIGH_COST,0,0,0,0,0,0,
FUTURES_LONG_SHORT_TARGET_R_2_5_1X,ROLLING,90D-17,STRESS_COST,0,0,0,0,0,0,
FUTURES_LONG_SHORT_TARGET_R_2_5_1X,ROLLING,90D-18,LOW_COST,-0.4855371261268046094571428634,-48.55371261268046094571428634,-46.82162817314356571428571491,1,1.225018832134770271428571429,-0.507065607402124960000000,
FUTURES_LONG_SHORT_TARGET_R_2_5_1X,ROLLING,90D-18,BASE_COST,-0.5082858252310502515000000062,-50.82858252310502515000000062,-47.90967024368340000000000062,1,2.41839676100880825000000,-0.500515518412816900000000,
FUTURES_LONG_SHORT_TARGET_R_2_5_1X,ROLLING,90D-18,HIGH_COST,-0.5518855572446371218000000060,-55.18855572446371218000000060,-49.98732272528376000000000060,1,4.713481098436320600000000001,-0.487751900743631580000000,
FUTURES_LONG_SHORT_TARGET_R_2_5_1X,ROLLING,90D-18,STRESS_COST,-0.6317797293223664148285714344,-63.17797293223664148285714344,-53.75856998649730285714285772,1,8.956023432178073485714285716,-0.463379513561265140000000,
FUTURES_LONG_SHORT_TARGET_R_2_5_1X,ROLLING,90D-19,LOW_COST,-0.4855371261268046094571428634,-48.55371261268046094571428634,-46.82162817314356571428571491,1,1.225018832134770271428571429,-0.507065607402124960000000,
FUTURES_LONG_SHORT_TARGET_R_2_5_1X,ROLLING,90D-19,BASE_COST,-0.5082858252310502515000000062,-50.82858252310502515000000062,-47.90967024368340000000000062,1,2.41839676100880825000000,-0.500515518412816900000000,
FUTURES_LONG_SHORT_TARGET_R_2_5_1X,ROLLING,90D-19,HIGH_COST,-0.5518855572446371218000000060,-55.18855572446371218000000060,-49.98732272528376000000000060,1,4.713481098436320600000000001,-0.487751900743631580000000,
FUTURES_LONG_SHORT_TARGET_R_2_5_1X,ROLLING,90D-19,STRESS_COST,-0.6317797293223664148285714344,-63.17797293223664148285714344,-53.75856998649730285714285772,1,8.956023432178073485714285716,-0.463379513561265140000000,
FUTURES_LONG_SHORT_TARGET_R_2_5_1X,ROLLING,90D-20,LOW_COST,-0.4855371261268046094571428634,-48.55371261268046094571428634,-46.82162817314356571428571491,1,1.225018832134770271428571429,-0.507065607402124960000000,
FUTURES_LONG_SHORT_TARGET_R_2_5_1X,ROLLING,90D-20,BASE_COST,-0.5082858252310502515000000062,-50.82858252310502515000000062,-47.90967024368340000000000062,1,2.41839676100880825000000,-0.500515518412816900000000,
FUTURES_LONG_SHORT_TARGET_R_2_5_1X,ROLLING,90D-20,HIGH_COST,-0.5518855572446371218000000060,-55.18855572446371218000000060,-49.98732272528376000000000060,1,4.713481098436320600000000001,-0.487751900743631580000000,
FUTURES_LONG_SHORT_TARGET_R_2_5_1X,ROLLING,90D-20,STRESS_COST,-0.6317797293223664148285714344,-63.17797293223664148285714344,-53.75856998649730285714285772,1,8.956023432178073485714285716,-0.463379513561265140000000,
FUTURES_LONG_SHORT_TARGET_R_2_5_1X,ROLLING,90D-21,LOW_COST,-0.6684832073817308965928571467,-66.84832073817308965928571467,-65.65749089749894857142857181,1,1.190829840674141087857142857,0,
FUTURES_LONG_SHORT_TARGET_R_2_5_1X,ROLLING,90D-21,BASE_COST,-0.6873666785228235088285714323,-68.73666785228235088285714323,-66.38812714246889142857142894,1,2.348540709813459454285714286,0,
FUTURES_LONG_SHORT_TARGET_R_2_5_1X,ROLLING,90D-21,HIGH_COST,-0.7233080117398188221142857179,-72.33080117398188221142857179,-67.76266434598747428571428608,1,4.568136827994407925714285714,0,
FUTURES_LONG_SHORT_TARGET_R_2_5_1X,ROLLING,90D-21,STRESS_COST,-0.7881392483684674628571428605,-78.81392483684674628571428605,-70.16893440517257142857142891,1,8.644990431674174857142857142,0,
FUTURES_LONG_SHORT_TARGET_R_2_5_1X,ROLLING,90D-22,LOW_COST,-0.6684832073817308965928571467,-66.84832073817308965928571467,-65.65749089749894857142857181,1,1.190829840674141087857142857,0,
FUTURES_LONG_SHORT_TARGET_R_2_5_1X,ROLLING,90D-22,BASE_COST,-0.6873666785228235088285714323,-68.73666785228235088285714323,-66.38812714246889142857142894,1,2.348540709813459454285714286,0,
FUTURES_LONG_SHORT_TARGET_R_2_5_1X,ROLLING,90D-22,HIGH_COST,-0.7233080117398188221142857179,-72.33080117398188221142857179,-67.76266434598747428571428608,1,4.568136827994407925714285714,0,
FUTURES_LONG_SHORT_TARGET_R_2_5_1X,ROLLING,90D-22,STRESS_COST,-0.7881392483684674628571428605,-78.81392483684674628571428605,-70.16893440517257142857142891,1,8.644990431674174857142857142,0,
FUTURES_LONG_SHORT_TARGET_R_2_5_1X,ROLLING,90D-23,LOW_COST,-1.656931056774200655401785719,-165.6931056774200655401785719,-162.3075661896420978571428576,2,2.270367655425820183035714285,-1.115171832352147500000000,
FUTURES_LONG_SHORT_TARGET_R_2_5_1X,ROLLING,90D-23,BASE_COST,-1.679677108750612276200000005,-167.9677108750612276200000005,-162.4160700266028000000000005,2,4.460706540907087620000000000,-1.090934307551340000000000,
FUTURES_LONG_SHORT_TARGET_R_2_5_1X,ROLLING,90D-23,HIGH_COST,-1.721826118703697655371428576,-172.1826118703697655371428576,-162.5258450249392514285714290,2,8.612361343732459108571428571,-1.044405501698055000000000,
FUTURES_LONG_SHORT_TARGET_R_2_5_1X,ROLLING,90D-23,STRESS_COST,-1.793397328579039039857142862,-179.3397328579039039857142862,-162.3145925807823714285714290,2,16.06683797517162005714285714,-0.958302301949912500000000,
FUTURES_LONG_SHORT_TARGET_R_2_5_1X,ROLLING,90D-24,LOW_COST,-1.518822132046365839178071433,-151.8822132046365839178071433,-150.8685217721727850000000004,2,2.279624995652308154107142857,1.265933563188509236300000,
FUTURES_LONG_SHORT_TARGET_R_2_5_1X,ROLLING,90D-24,BASE_COST,-1.543828042940595001977085718,-154.3828042940595001977085718,-151.1608873000035600000000004,2,4.479475143109412031428571428,1.257558149053471833720000,
FUTURES_LONG_SHORT_TARGET_R_2_5_1X,ROLLING,90D-24,HIGH_COST,-1.590407793737626418003542861,-159.0407793737626418003542861,-151.6304857233572857142857147,2,8.650900030615222771428571429,1.240606380209866685360000,
FUTURES_LONG_SHORT_TARGET_R_2_5_1X,ROLLING,90D-24,STRESS_COST,-1.670535202737778028776342861,-167.0535202737778028776342861,-152.1115406431605657142857147,2,16.14776791377460369142857143,1.205788283157366528080000,
FUTURES_LONG_SHORT_TARGET_R_2_5_1X,ROLLING,90D-25,LOW_COST,-3.378394181508743769910214295,-337.8394181508743769910214295,-335.0529678005916407142857152,4,4.592887412207607698035714286,1.806437061924871421300000,
FUTURES_LONG_SHORT_TARGET_R_2_5_1X,ROLLING,90D-25,BASE_COST,-3.423680924697543554829942866,-342.3680924697543554829942866,-335.1345985191870414285714294,4,9.022125047936710482142857142,1.788631097369396427720000,
FUTURES_LONG_SHORT_TARGET_R_2_5_1X,ROLLING,90D-25,HIGH_COST,-3.507464386662354822813542866,-350.7464386662354822813542866,-335.0872620114359657142857152,4,17.41264493460796145142857143,1.753468279808444884360000,
FUTURES_LONG_SHORT_TARGET_R_2_5_1X,ROLLING,90D-25,STRESS_COST,-3.642178427379647349107771437,-364.2178427379647349107771437,-333.4997694953976228571428580,4,32.40053320370832628571428572,1.682459961141214232080000,
FUTURES_LONG_SHORT_TARGET_R_2_5_1X,ROLLING,90D-26,LOW_COST,-3.206160628034525490769285726,-320.6160628034525490769285726,-316.9225068916293914285714299,7,7.572840837478790942857142858,3.879284925655633294500000,
FUTURES_LONG_SHORT_TARGET_R_2_5_1X,ROLLING,90D-26,BASE_COST,-3.318041713859842277855942870,-331.8041713859842277855942870,-320.7401684880656085714285726,7,14.88397481631572986428571429,3.819971918397110650120000,
FUTURES_LONG_SHORT_TARGET_R_2_5_1X,ROLLING,90D-26,HIGH_COST,-3.528792917108803305614400012,-352.8792917108803305614400012,-327.8278155645471114285714298,7,28.75640033491375299142857143,3.704924188580533858560000,
FUTURES_LONG_SHORT_TARGET_R_2_5_1X,ROLLING,90D-26,STRESS_COST,-3.894316863979555021346628581,-389.4316863979555021346628581,-339.2596113514934571428571439,7,53.65744780292293683428571429,3.485372756460891842480000,
FUTURES_LONG_SHORT_TARGET_R_2_5_1X,ROLLING,90D-27,LOW_COST,-4.113334720141521745809452753,-411.3334720141521745809452753,-404.3079943194107164285714295,8,8.691745661416394814107142858,1.666267966674936661733297,
FUTURES_LONG_SHORT_TARGET_R_2_5_1X,ROLLING,90D-27,BASE_COST,-4.236501403719114087274583481,-423.6501403719114087274583481,-408.2045603651138557142857153,8,17.08250666901917271785714287,1.636926662221619704684510,
FUTURES_LONG_SHORT_TARGET_R_2_5_1X,ROLLING,90D-27,HIGH_COST,-4.468005037881930042427664789,-446.8005037881930042427664789,-415.3794494042340428571428581,8,33.00128693834614936285714285,1.580232554387187977233522,
FUTURES_LONG_SHORT_TARGET_R_2_5_1X,ROLLING,90D-27,STRESS_COST,-4.868205016987769286382713993,-486.8205016987769286382713993,-426.7174561414928057142857151,8,61.57495371198049793142857143,1.471908154696375007442887,
FUTURES_LONG_SHORT_TARGET_R_2_5_1X,ROLLING,90D-28,LOW_COST,-0.1145634493291747406237458090,-11.4563449329174740623745809,0.0741124178787592857142854,7,7.562018873386990745178571428,-3.968438477409242602910295,COST_DOMINATED_PERIOD
FUTURES_LONG_SHORT_TARGET_R_2_5_1X,ROLLING,90D-28,BASE_COST,-0.2813642899127485986360589090,-28.1364289912748598636058909,-9.3667121811423335714285717,7,14.86706821185595139750000001,-3.902648598276574894677319,COST_DOMINATED_PERIOD
FUTURES_LONG_SHORT_TARGET_R_2_5_1X,ROLLING,90D-28,HIGH_COST,-0.6302637248803683636423321210,-63.0263724880368363642332121,-30.6639223215331000000000003,7,28.66622606111440222571428572,-3.696224105389334138518926,COST_DOMINATED_PERIOD
FUTURES_LONG_SHORT_TARGET_R_2_5_1X,ROLLING,90D-28,STRESS_COST,-1.252834403954985427082503672,-125.2834403954985427082503672,-68.6212525986549971428571432,7,53.34202939506824068000000001,-3.320158401775304885393224,COST_DOMINATED_PERIOD
FUTURES_LONG_SHORT_TARGET_R_2_5_1X,ROLLING,90D-29,LOW_COST,-0.1802189460485626770302573060,-18.0218946048562677030257306,-9.1197551892984657142857142,4,4.679682198277665873928571428,-4.222457217280136114811445,
FUTURES_LONG_SHORT_TARGET_R_2_5_1X,ROLLING,90D-29,BASE_COST,-0.2899513536887399271184732320,-28.9951353688739927118473232,-15.6353179116496078571428570,4,9.208928156231560774642857142,-4.150889300992824080061609,
FUTURES_LONG_SHORT_TARGET_R_2_5_1X,ROLLING,90D-29,HIGH_COST,-0.5303026152966878951059897970,-53.0302615296687895105989797,-31.3373488388985771428571428,4,17.75927099181765334285714286,-3.933641698952559024884694,
FUTURES_LONG_SHORT_TARGET_R_2_5_1X,ROLLING,90D-29,STRESS_COST,-0.9541221064344208538972473460,-95.4122106434420853897247346,-58.8463989060275628571428571,4,33.02586974394045157142857143,-3.539941993474070961153306,
FUTURES_LONG_SHORT_TARGET_R_2_5_1X,ROLLING,90D-30,LOW_COST,2.603779354702815565528615204,260.3779354702815565528615204,272.0168532718609964285714295,7,7.305475900649783430892857142,-4.333441900929656444817052,
FUTURES_LONG_SHORT_TARGET_R_2_5_1X,ROLLING,90D-30,BASE_COST,2.375787328566585116712793282,237.5787328566585116712793282,256.1827466350646950000000008,7,14.34428133149723515321428572,-4.259732446908948175506387,
FUTURES_LONG_SHORT_TARGET_R_2_5_1X,ROLLING,90D-30,HIGH_COST,1.911015792869610206993962871,191.1015792869610206993962871,222.7160954554009114285714294,7,27.57613985760635637428571429,-4.038376310833534354889428,
FUTURES_LONG_SHORT_TARGET_R_2_5_1X,ROLLING,90D-30,STRESS_COST,1.098935815711788982295141862,109.8935815711788982295141862,164.3860680879251742857142864,7,50.85547761902426785714285715,-3.637008897722008199057243,
FUTURES_LONG_SHORT_TARGET_R_2_5_1X,ROLLING,90D-31,LOW_COST,0.4645801333528464910750511226,46.45801333528464910750511226,51.81919256299037642857142939,6,6.121940272123887955892857142,0.760761044418160634826540,STRESS_COLLAPSE
FUTURES_LONG_SHORT_TARGET_R_2_5_1X,ROLLING,90D-31,BASE_COST,0.3005030965171681809271258555,30.05030965171681809271258555,41.31860967027665428571428644,6,12.01706988383315802285714286,0.748769865273321829855442,STRESS_COLLAPSE
FUTURES_LONG_SHORT_TARGET_R_2_5_1X,ROLLING,90D-31,HIGH_COST,-0.009668927207223066981369792700,-0.96689272072230669813697927,21.45734466077864857142857216,6,23.14945583084536483142857143,0.725218449344409561863020,STRESS_COLLAPSE
FUTURES_LONG_SHORT_TARGET_R_2_5_1X,ROLLING,90D-31,STRESS_COST,-0.5447915726791255566736398843,-54.47915726791255566736398843,-12.32190660267557714285714217,6,42.83563664600280251428571429,0.678385980765823989778868,STRESS_COLLAPSE
FUTURES_LONG_SHORT_TARGET_R_2_5_1X,ROLLING,90D-32,LOW_COST,0.8319124705046588350919589701,83.19124705046588350919589701,88.93871098257251571428571554,6,6.118467652593577883571428570,0.371003720486945678481610,STRESS_COLLAPSE
FUTURES_LONG_SHORT_TARGET_R_2_5_1X,ROLLING,90D-32,BASE_COST,0.6628322486221483896053304516,66.28322486221483896053304516,77.92465511385745000000000110,6,12.00627944045078753500000000,0.364849188808176495533044,STRESS_COLLAPSE
FUTURES_LONG_SHORT_TARGET_R_2_5_1X,ROLLING,90D-32,HIGH_COST,0.3430535230906505765896837316,34.30535230906505765896837316,57.06593562283426000000000117,6,23.11336381615576665999999999,0.352780502386564318968372,STRESS_COLLAPSE
FUTURES_LONG_SHORT_TARGET_R_2_5_1X,ROLLING,90D-32,STRESS_COST,-0.2131021373459472680712790836,-21.31021373459472680712790836,21.10467019795694857142857248,6,42.74497619197565058285714286,0.330092259423975204300662,STRESS_COLLAPSE
FUTURES_LONG_SHORT_TARGET_R_2_5_1X,ROLLING,90D-33,LOW_COST,0.4749567770880659075080479948,47.49567770880659075080479948,53.11483537200822678571428592,3,3.527931589942153987053571428,-2.091226073259482047855915,STRESS_COLLAPSE
FUTURES_LONG_SHORT_TARGET_R_2_5_1X,ROLLING,90D-33,BASE_COST,0.3825064005355150050736179717,38.25064005355150050736179717,47.22493363120369214285714304,3,6.923382038727100860357142856,-2.050911538925090775138203,STRESS_COLLAPSE
FUTURES_LONG_SHORT_TARGET_R_2_5_1X,ROLLING,90D-33,HIGH_COST,0.2073933045451380997684019990,20.73933045451380997684019990,36.04131883201212857142857157,3,13.32968675300270858571428571,-1.972301624495610008874086,STRESS_COLLAPSE
FUTURES_LONG_SHORT_TARGET_R_2_5_1X,ROLLING,90D-33,STRESS_COST,-0.1060023605328022632405857925,-10.60023605328022632405857925,15.95469149205705142857142875,3,24.72918588452662336000000000,-1.825741660810654392630008,STRESS_COLLAPSE
FUTURES_LONG_SHORT_TARGET_R_2_5_1X,ROLLING,90D-34,LOW_COST,-0.3348808221746394745562377167,-33.48808221746394745562377167,-26.68200492842924464285714237,4,4.714851215775220764910714285,-2.091226073259482047855915,
FUTURES_LONG_SHORT_TARGET_R_2_5_1X,ROLLING,90D-34,BASE_COST,-0.4399629610355056557120963112,-43.99629610355056557120963112,-32.69304382697895071428571382,4,9.252340737646524081785714284,-2.050911538925090775138203,
FUTURES_LONG_SHORT_TARGET_R_2_5_1X,ROLLING,90D-34,HIGH_COST,-0.6379357928964841636315979983,-63.79357928964841636315979983,-44.00880690846977142857142816,4,17.81247075668303492571428571,-1.972301624495610008874086,
FUTURES_LONG_SHORT_TARGET_R_2_5_1X,ROLLING,90D-34,STRESS_COST,-0.9894328046661868800405857900,-98.94328046661868800405857900,-64.07635712828234857142857100,4,33.04118167752568504000000000,-1.825741660810654392630008,
FUTURES_LONG_SHORT_TARGET_R_2_5_1X,ROLLING,90D-35,LOW_COST,1.368266988306006244447734379,136.8266988306006244447734379,143.0094453543966882142857145,7,7.732799325952249066696428570,1.550052802156185297184152,
FUTURES_LONG_SHORT_TARGET_R_2_5_1X,ROLLING,90D-35,BASE_COST,1.174115933265003835193228661,117.4115933265003835193228661,131.0336521313019464285714288,7,15.13790407082024173321428571,1.515845266018678823965723,
FUTURES_LONG_SHORT_TARGET_R_2_5_1X,ROLLING,90D-35,HIGH_COST,0.8078533331900280452075618694,80.78533331900280452075618694,108.3400082246503257142857144,7,29.00422743305397970857142857,1.449552527406458515041901,
FUTURES_LONG_SHORT_TARGET_R_2_5_1X,ROLLING,90D-35,STRESS_COST,0.1580575144032601935981999846,15.80575144032601935981999846,67.78291140456605714285714302,7,53.30428449469389766857142857,1.327124530453859885534284,
FUTURES_LONG_SHORT_TARGET_R_2_5_1X,ROLLING,90D-36,LOW_COST,1.196268464383266128182048710,119.6268464383266128182048710,122.9190134708032289285714291,7,7.115815602237016067767857142,3.823648569760399957401299,
FUTURES_LONG_SHORT_TARGET_R_2_5_1X,ROLLING,90D-36,BASE_COST,1.023597827943804154851623455,102.3597827943804154851623455,112.5310428929987242857142864,7,13.91836342210497687785714286,3.747103323486668077305202,
FUTURES_LONG_SHORT_TARGET_R_2_5_1X,ROLLING,90D-36,HIGH_COST,0.6985567043584075632862731153,69.85567043584075632862731153,92.88060291334527285714285764,7,26.62306229664087252714285714,3.598129819136355998627311,
FUTURES_LONG_SHORT_TARGET_R_2_5_1X,ROLLING,90D-36,STRESS_COST,0.1243750881230711877433286848,12.43750881230711877433286848,57.88356195920264000000000054,7,48.76725386295627104000000000,3.321200716060749814332868,
FUTURES_LONG_SHORT_TARGET_R_2_5_1X,ROLLING,90D-37,LOW_COST,3.573530391872657769704820579,357.3530391872657769704820579,363.5140771694451085714285716,11,10.93444117570680029035714285,4.773403193527468689410629,
FUTURES_LONG_SHORT_TARGET_R_2_5_1X,ROLLING,90D-37,BASE_COST,3.265804242813581445577851246,326.5804242813581445577851246,343.2426447384863814285714289,11,21.33415148130626292928571429,4.671931024178026058499410,
FUTURES_LONG_SHORT_TARGET_R_2_5_1X,ROLLING,90D-37,HIGH_COST,2.688342229809669089198992893,268.8342229809669089198992893,304.9662073753300657142857145,11,40.60708632205924361428571429,4.475101927696086819899289,
FUTURES_LONG_SHORT_TARGET_R_2_5_1X,ROLLING,90D-37,STRESS_COST,1.665267051646161756380562463,166.5267051646161756380562463,236.0337226691765000000000002,11,73.61621400869991836000000000,4.109196504139593998056246,
FUTURES_LONG_SHORT_TARGET_R_2_5_1X,ROLLING,90D-38,LOW_COST,2.859552996431707712990952126,285.9552996431707712990952126,295.2476111127538664285714277,10,9.770488337642112825892857145,0.478176868059017696416642,
FUTURES_LONG_SHORT_TARGET_R_2_5_1X,ROLLING,90D-38,BASE_COST,2.564095610621215575446307425,256.4095610621215575446307425,274.9843010926081021428571419,10,19.03995260221236474892857142,0.465212571725820150702172,
FUTURES_LONG_SHORT_TARGET_R_2_5_1X,ROLLING,90D-38,HIGH_COST,2.012960848078049861210437174,201.2960848078049861210437174,237.0087215109720242857142850,10,36.15302234805090781571428570,0.440385644883869651043718,
FUTURES_LONG_SHORT_TARGET_R_2_5_1X,ROLLING,90D-38,STRESS_COST,1.047025137744087162783016699,104.7025137744087162783016699,169.5324098684739885714285706,10,65.22341507569076322285714287,0.393518981625490929730242,
FUTURES_LONG_SHORT_TARGET_R_2_5_1X,ROLLING,90D-39,LOW_COST,7.698659836745638034826377731,769.8659836745638034826377731,785.3071343384934685714285693,12,12.93979836204752005553571429,-2.501352301882145033255082,
FUTURES_LONG_SHORT_TARGET_R_2_5_1X,ROLLING,90D-39,BASE_COST,7.187419508999639110780091432,718.7419508999639110780091432,746.3765488007896392857142835,12,25.20388065120525625178571428,-2.430717249620471955919426,
FUTURES_LONG_SHORT_TARGET_R_2_5_1X,ROLLING,90D-39,HIGH_COST,6.229252570782076722715382034,622.9252570782076722715382034,673.0320260745728814285714268,12,47.81118936249164836142857143,-2.295579633873560795604652,
FUTURES_LONG_SHORT_TARGET_R_2_5_1X,ROLLING,90D-39,STRESS_COST,4.507670707054698384624218123,450.7670707054698384624218123,538.7417666561128485714285696,12,85.92671182504317801714285715,-2.047984125599832091863900,
FUTURES_LONG_SHORT_TARGET_R_2_5_1X,ROLLING,90D-40,LOW_COST,5.317856295204988218324727467,531.7856295204988218324727467,545.6040007923933996428571409,8,9.192683945254059444910714287,-4.625687326640518365473680,
FUTURES_LONG_SHORT_TARGET_R_2_5_1X,ROLLING,90D-40,BASE_COST,4.944861531018428737733188600,494.4861531018428737733188600,516.9014401456419107142857122,8,17.91406829009694778178571429,-4.501218753702089159181138,
FUTURES_LONG_SHORT_TARGET_R_2_5_1X,ROLLING,90D-40,HIGH_COST,4.245962567487492378664508294,424.5962567487492378664508294,462.8741164727464885714285697,8,34.01538330013125279428571429,-4.262476423865997910692026,
FUTURES_LONG_SHORT_TARGET_R_2_5_1X,ROLLING,90D-40,STRESS_COST,2.988889697656753786125986802,298.8889697656753786125986802,363.9396853693769599999999983,8,61.22752816457277176000000000,-3.823187439128809627401318,
FUTURES_LONG_SHORT_TARGET_R_2_5_1X,ROLLING,90D-41,LOW_COST,3.807747196546199144694128228,380.7747196546199144694128228,392.4164093269545003571428556,6,7.450431289776777519732142858,-4.191258382557808367997890,
FUTURES_LONG_SHORT_TARGET_R_2_5_1X,ROLLING,90D-41,BASE_COST,3.534247207765892413801185747,353.4247207765892413801185747,372.0066856348422471428571413,6,14.50373264047847387357142857,-4.078232217774531889167138,
FUTURES_LONG_SHORT_TARGET_R_2_5_1X,ROLLING,90D-41,HIGH_COST,3.022437911264061294020784998,302.2437911264061294020784998,333.5886585677804899999999987,6,27.48342457453739655285714286,-3.861442866836964045064356,
FUTURES_LONG_SHORT_TARGET_R_2_5_1X,ROLLING,90D-41,STRESS_COST,2.094812131112099857824007220,209.4812131112099857824007220,262.1791143752121914285714274,6,49.23579414541510817714285714,-3.462107118587097469027848,
FUTURES_LONG_SHORT_TARGET_R_2_5_1X,ROLLING,90D-42,LOW_COST,1.440010649221099035865172458,144.0010649221099035865172458,159.6206383138387242857142855,6,7.730830047199204098214285715,-7.888743344529616600982754,
FUTURES_LONG_SHORT_TARGET_R_2_5_1X,ROLLING,90D-42,BASE_COST,1.229998444821371629200049174,122.9998444821371629200049174,145.7391493540138278571428569,6,15.04980779892995045392857143,-7.689497072946714483209368,
FUTURES_LONG_SHORT_TARGET_R_2_5_1X,ROLLING,90D-42,HIGH_COST,0.8397159261149847158320395359,83.97159261149847158320395359,119.7953192294831857142857141,6,28.51806128937974876857142857,-7.305665328604965362510332,
FUTURES_LONG_SHORT_TARGET_R_2_5_1X,ROLLING,90D-42,STRESS_COST,0.1679963945616303224289481512,16.79963945616303224289481512,74.65306482131998285714285710,6,51.25357205057357400000000001,-6.599853314583376614248042,
FUTURES_LONG_SHORT_TARGET_R_2_5_1X,ROLLING,90D-43,LOW_COST,1.620689423041055469795850853,162.0689423041055469795850853,177.3159884229641771428571428,6,7.753254019203007256428571429,-7.493792099655622906843486,
FUTURES_LONG_SHORT_TARGET_R_2_5_1X,ROLLING,90D-43,BASE_COST,1.406825467984583638370495644,140.6825467984583638370495644,163.0747221771824792857142856,6,15.08922553749030221964285714,-7.302949841233813229021864,
FUTURES_LONG_SHORT_TARGET_R_2_5_1X,ROLLING,90D-43,HIGH_COST,1.009351856555461539590393497,100.9351856555461539590393497,136.4473244151810457142857142,6,28.57669900502674766857142857,-6.935439754608144086674936,
FUTURES_LONG_SHORT_TARGET_R_2_5_1X,ROLLING,90D-43,STRESS_COST,0.3252131964126616792060456940,32.52131964126616792060456940,90.08261665803737142857142860,6,51.30123082015392397714285715,-6.260066196617279530824002,
FUTURES_LONG_SHORT_TARGET_R_2_5_1X,ROLLING,90D-44,LOW_COST,4.895145287996610557408235818,489.5145287996610557408235818,504.8024977183837028571428578,6,7.699795357460591955000000000,-7.588173561262055161319276,
FUTURES_LONG_SHORT_TARGET_R_2_5_1X,ROLLING,90D-44,BASE_COST,4.590177648875840467051784223,459.0177648875840467051784223,481.4151626542351550000000006,6,15.00317790270319440178571428,-7.394219863947913893035864,
FUTURES_LONG_SHORT_TARGET_R_2_5_1X,ROLLING,90D-44,HIGH_COST,4.017027263932353679334116803,401.7027263932353679334116803,437.2039209910191714285714291,6,28.48038855050381034285714285,-7.020806047279993152302606,
FUTURES_LONG_SHORT_TARGET_R_2_5_1X,ROLLING,90D-44,STRESS_COST,3.009250257275253320060882429,300.9250257275253320060882429,358.6172847336503942857142863,6,51.35739063988650913142857144,-6.334868366238553148197472,
FUTURES_LONG_SHORT_TARGET_R_2_5_1X,ROLLING,90D-45,LOW_COST,1.527847289774151242338063849,152.7847289774151242338063849,159.4140869467079232142857141,5,5.984418905643108055267857143,-0.644939063649690925211472,
FUTURES_LONG_SHORT_TARGET_R_2_5_1X,ROLLING,90D-45,BASE_COST,1.364896483830737374851694008,136.4896483830737374851694008,148.7380222899086057142857141,5,11.62176775157318700428571429,-0.626606155261681224830599,
FUTURES_LONG_SHORT_TARGET_R_2_5_1X,ROLLING,90D-45,HIGH_COST,1.062734876674576799751406658,106.2734876674576799751406658,128.7815312098174657142857141,5,21.91653960814168805428571429,-0.591503934218097684859334,
FUTURES_LONG_SHORT_TARGET_R_2_5_1X,ROLLING,90D-45,STRESS_COST,0.5450949957876919216837639670,54.5094995787691921683763967,94.0560858113469457142857142,5,39.01893375617766770857142857,-0.527652476400085837337889,
FUTURES_LONG_SHORT_TARGET_R_2_5_1X,ROLLING,90D-46,LOW_COST,2.282432471634240805153553189,228.2432471634240805153553189,234.1101260661512774999999993,8,9.923046475858633714553571428,4.056167573131436729908891,
FUTURES_LONG_SHORT_TARGET_R_2_5_1X,ROLLING,90D-46,BASE_COST,1.998661033756484756701198943,199.8661033756484756701198943,215.1898663750001828571428565,8,19.23751740730525801714285715,3.913754407953550830119895,
FUTURES_LONG_SHORT_TARGET_R_2_5_1X,ROLLING,90D-46,HIGH_COST,1.472591011819069299495718684,147.2591011819069299495718684,179.7681316531766771428571422,8,36.14793359965237934000000000,3.638903128382632146714726,
FUTURES_LONG_SHORT_TARGET_R_2_5_1X,ROLLING,90D-46,STRESS_COST,0.5850578972679678961471488749,58.50578972679678961471488749,119.2617996379565971428571424,8,63.90743146252101075999999999,3.151421551361203231857745,
FUTURES_LONG_SHORT_TARGET_R_2_5_1X,ROLLING,180D-1,LOW_COST,-2.106504169047233870500472610,-210.6504169047233870500472610,-183.7505297142693032142857157,23,25.20453516554953892651785715,-1.695352024904544909243688,
FUTURES_LONG_SHORT_TARGET_R_2_5_1X,ROLLING,180D-1,BASE_COST,-2.708975727949790989410474102,-270.8975727949790989410474102,-219.1190919595594592857142870,23,50.09541409075750740250000001,-1.683066744662132252833123,
FUTURES_LONG_SHORT_TARGET_R_2_5_1X,ROLLING,180D-1,HIGH_COST,-3.891886725247195233858500579,-389.1886725247195233858500579,-288.5641490817198942857142870,23,98.96551614019027168285714286,-1.659007302809357417278628,
FUTURES_LONG_SHORT_TARGET_R_2_5_1X,ROLLING,180D-1,STRESS_COST,-6.150399155844011402026677364,-615.0399155844011402026677364,-420.3663813309328485714285729,23,193.0543578569533414685714285,-1.619176396514950162667735,
FUTURES_LONG_SHORT_TARGET_R_2_5_1X,ROLLING,180D-2,LOW_COST,1.626276960970667250950220676,162.6276960970667250950220676,205.8102899723064710714285713,29,33.29329205717932871044642858,-9.889301818060417265960075,STRESS_COLLAPSE
FUTURES_LONG_SHORT_TARGET_R_2_5_1X,ROLLING,180D-2,BASE_COST,0.8200715157912492738860930457,82.00715157912492738860930457,157.7608266282588207142857142,29,65.98037086264710595107142858,-9.773304186486787374604981,STRESS_COLLAPSE
FUTURES_LONG_SHORT_TARGET_R_2_5_1X,ROLLING,180D-2,HIGH_COST,-0.7525897156327043815218608535,-75.25897156327043815218608535,63.88136451119030714285714248,29,129.5928498247898563557142857,-9.547486249670888939328942,STRESS_COLLAPSE
FUTURES_LONG_SHORT_TARGET_R_2_5_1X,ROLLING,180D-2,STRESS_COST,-3.771200664504872151340619696,-377.1200664504872151340619696,-118.3028730778447085714285714,29,249.7026878644144859771428571,-9.114505508228020585490541,STRESS_COLLAPSE
FUTURES_LONG_SHORT_TARGET_R_2_5_1X,ROLLING,180D-3,LOW_COST,5.572313858972344562673945372,557.2313858972344562673945372,596.8133825219847117857142866,27,30.85749312817283418991071430,-8.724503496577421328409035,
FUTURES_LONG_SHORT_TARGET_R_2_5_1X,ROLLING,180D-3,BASE_COST,4.809520475574587551113201654,480.9520475574587551113201654,550.6518414359530535714285724,27,61.08357875105593138750000001,-8.616215127438367072608407,
FUTURES_LONG_SHORT_TARGET_R_2_5_1X,ROLLING,180D-3,HIGH_COST,3.326009940373369945682551634,332.6009940373369945682551634,460.7080171168734528571428580,27,119.7015176275300906042857143,-8.405505452006367684601980,
FUTURES_LONG_SHORT_TARGET_R_2_5_1X,ROLLING,180D-3,STRESS_COST,0.4943297076451119222117612840,49.4329707645111922211761284,286.9818710092473142857142866,27,229.5471926854928622742857143,-8.001707559243259790252444,
FUTURES_LONG_SHORT_TARGET_R_2_5_1X,ROLLING,180D-4,LOW_COST,-0.1457534070785867058433048735,-14.57534070785867058433048735,20.88825750822211678571428652,21,25.54460018921590726973214287,-9.918998026864880100312631,COST_DOMINATED_PERIOD
FUTURES_LONG_SHORT_TARGET_R_2_5_1X,ROLLING,180D-4,BASE_COST,-0.7227553493795364804758958538,-72.27553493795364804758958538,-12.00919911732586428571428488,21,50.48724644798754770642857145,-9.779089372640236055446729,COST_DOMINATED_PERIOD
FUTURES_LONG_SHORT_TARGET_R_2_5_1X,ROLLING,180D-4,HIGH_COST,-1.840113283220031985787971226,-184.0113283220031985787971226,-75.87627705109311857142857079,21,98.62748796057770703857142860,-9.507563310332372968797123,COST_DOMINATED_PERIOD
FUTURES_LONG_SHORT_TARGET_R_2_5_1X,ROLLING,180D-4,STRESS_COST,-3.983037073833975363419074342,-398.3037073833975363419074342,-201.2549053675830828571428562,21,188.0646436961369485999999999,-8.984158319677504884764578,COST_DOMINATED_PERIOD
FUTURES_LONG_SHORT_TARGET_R_2_5_1X,ROLLING,180D-5,LOW_COST,-4.337310859111576842695951493,-433.7310859111576842695951493,-421.7444528027210114285714292,8,9.682865976987513327500000000,-2.303767131449159513523720,
FUTURES_LONG_SHORT_TARGET_R_2_5_1X,ROLLING,180D-5,BASE_COST,-4.501135858047187847211281005,-450.1135858047187847211281005,-428.7330631431414485714285720,8,19.11984577375233661142857143,-2.260676887824999538270957,
FUTURES_LONG_SHORT_TARGET_R_2_5_1X,ROLLING,180D-5,HIGH_COST,-4.815671592208495700652154670,-481.5671592208495700652154670,-442.1061580210176571428571435,8,37.28354696684965874857142857,-2.177454232982254173786895,
FUTURES_LONG_SHORT_TARGET_R_2_5_1X,ROLLING,180D-5,STRESS_COST,-5.394177979635087470941586776,-539.4177979635087470941586776,-466.4658724534633085714285720,8,70.93037684013129292571428571,-2.021548669914145597015820,
FUTURES_LONG_SHORT_TARGET_R_2_5_1X,ROLLING,180D-6,LOW_COST,-5.134243452938018189062358421,-513.4243452938018189062358421,-498.7702383539548303571428588,9,10.82458607478045092526785714,-3.829520865066537623825126,
FUTURES_LONG_SHORT_TARGET_R_2_5_1X,ROLLING,180D-6,BASE_COST,-5.317796184419819741360353888,-531.7796184419819741360353888,-506.6510458684229000000000016,9,21.36009574037440330000000000,-3.768476833184670836035387,
FUTURES_LONG_SHORT_TARGET_R_2_5_1X,ROLLING,180D-6,HIGH_COST,-5.669075598613382001603466403,-566.9075598613382001603466403,-521.6610245442960928571428588,9,41.59629885873806431857142857,-3.650236458304042984632353,
FUTURES_LONG_SHORT_TARGET_R_2_5_1X,ROLLING,180D-6,STRESS_COST,-6.310719381522766286912260240,-631.0719381522766286912260240,-548.7239495748209685714285729,9,78.92068354662727625714285714,-3.427305030828383862654594,
FUTURES_LONG_SHORT_TARGET_R_2_5_1X,ROLLING,180D-7,LOW_COST,-0.6826680574185880692482206866,-68.26680574185880692482206866,-62.45402487245230750000000119,4,4.886372417505942369553571428,-0.926408451900557055268496,
FUTURES_LONG_SHORT_TARGET_R_2_5_1X,ROLLING,180D-7,BASE_COST,-0.7905917404658010553033778858,-79.05917404658010553033778858,-68.49617691981533714285714395,4,9.648774493823621818571428571,-0.914222632941146568909216,
FUTURES_LONG_SHORT_TARGET_R_2_5_1X,ROLLING,180D-7,HIGH_COST,-0.9981239194743277919559490283,-99.81239194743277919559490283,-80.10760269351139000000000116,4,18.81430721957872333571428571,-0.890482034342665859880616,
FUTURES_LONG_SHORT_TARGET_R_2_5_1X,ROLLING,180D-7,STRESS_COST,-1.381500574529444622339167530,-138.1500574529444622339167530,-101.5227412301119400000000010,4,35.78214428978465788000000000,-0.845171933047864353916752,
FUTURES_LONG_SHORT_TARGET_R_2_5_1X,ROLLING,180D-8,LOW_COST,-0.5450610102355011887767921169,-54.50610102355011887767921169,-48.16780553129853750000000138,4,4.904821432948899362410714286,-1.433474059302682015268496,
FUTURES_LONG_SHORT_TARGET_R_2_5_1X,ROLLING,180D-8,BASE_COST,-0.6548696016295421603462350306,-65.48696016295421603462350306,-54.38824866845005428571428706,4,9.683973343150198280000000000,-1.414738151353963468909216,
FUTURES_LONG_SHORT_TARGET_R_2_5_1X,ROLLING,180D-8,HIGH_COST,-0.8659859101660739112416633164,-86.59859101660739112416633164,-66.34221604963167571428571561,4,18.87814103188941797000000000,-1.378233935086297439880616,
FUTURES_LONG_SHORT_TARGET_R_2_5_1X,ROLLING,180D-8,STRESS_COST,-1.255871439120286191453453246,-125.5871439120286191453453246,-88.39330507945610000000000121,4,35.88528738596338965142857143,-1.308551446609129493916752,
FUTURES_LONG_SHORT_TARGET_R_2_5_1X,ROLLING,180D-9,LOW_COST,-0.4855371261268046094571428634,-48.55371261268046094571428634,-46.82162817314356571428571491,1,1.225018832134770271428571429,-0.507065607402124960000000,
FUTURES_LONG_SHORT_TARGET_R_2_5_1X,ROLLING,180D-9,BASE_COST,-0.5082858252310502515000000062,-50.82858252310502515000000062,-47.90967024368340000000000062,1,2.41839676100880825000000,-0.500515518412816900000000,
FUTURES_LONG_SHORT_TARGET_R_2_5_1X,ROLLING,180D-9,HIGH_COST,-0.5518855572446371218000000060,-55.18855572446371218000000060,-49.98732272528376000000000060,1,4.713481098436320600000000001,-0.487751900743631580000000,
FUTURES_LONG_SHORT_TARGET_R_2_5_1X,ROLLING,180D-9,STRESS_COST,-0.6317797293223664148285714344,-63.17797293223664148285714344,-53.75856998649730285714285772,1,8.956023432178073485714285716,-0.463379513561265140000000,
FUTURES_LONG_SHORT_TARGET_R_2_5_1X,ROLLING,180D-10,LOW_COST,-1.154020333508535506050000010,-115.4020333508535506050000010,-112.4791190706425142857142867,2,2.415848672808911359285714286,-0.507065607402124960000000,
FUTURES_LONG_SHORT_TARGET_R_2_5_1X,ROLLING,180D-10,BASE_COST,-1.195652503753873760328571438,-119.5652503753873760328571438,-114.2977973861522914285714296,2,4.766937470822267704285714286,-0.500515518412816900000000,
FUTURES_LONG_SHORT_TARGET_R_2_5_1X,ROLLING,180D-10,HIGH_COST,-1.275193568984455943914285724,-127.5193568984455943914285724,-117.7499870712712342857142867,2,9.281617926430728525714285715,-0.487751900743631580000000,
FUTURES_LONG_SHORT_TARGET_R_2_5_1X,ROLLING,180D-10,STRESS_COST,-1.419918977690833877685714295,-141.9918977690833877685714295,-123.9275043916698742857142866,2,17.60101386385224834285714286,-0.463379513561265140000000,
FUTURES_LONG_SHORT_TARGET_R_2_5_1X,ROLLING,180D-11,LOW_COST,-2.187305339428096735770928579,-218.7305339428096735770928579,-216.5260126696717335714285722,3,3.470454836326449241964285714,1.265933563188509236300000,
FUTURES_LONG_SHORT_TARGET_R_2_5_1X,ROLLING,180D-11,BASE_COST,-2.231194721463418510805657151,-223.1194721463418510805657151,-217.5490144424724514285714294,3,6.828015852922871485714285714,1.257558149053471833720000,
FUTURES_LONG_SHORT_TARGET_R_2_5_1X,ROLLING,180D-11,HIGH_COST,-2.313715805477445240117828579,-231.3715805477445240117828579,-219.3931500693447600000000007,3,13.21903685860963069714285714,1.240606380209866685360000,
FUTURES_LONG_SHORT_TARGET_R_2_5_1X,ROLLING,180D-11,STRESS_COST,-2.458674451106245491633485722,-245.8674451106245491633485722,-222.2804750483331371428571436,3,24.79275834544877854857142857,1.205788283157366528080000,
FUTURES_LONG_SHORT_TARGET_R_2_5_1X,ROLLING,180D-12,LOW_COST,-4.863091684808726146171071445,-486.3091684808726146171071445,-479.2300730812714892857142875,9,9.843208492904611125892857144,2.764113093303485794500000,
FUTURES_LONG_SHORT_TARGET_R_2_5_1X,ROLLING,180D-12,BASE_COST,-4.997718822610454554055942875,-499.7718822610454554055942875,-483.1562385146684085714285731,9,19.34468135722281748428571429,2.729037610845770650120000,
FUTURES_LONG_SHORT_TARGET_R_2_5_1X,ROLLING,180D-12,HIGH_COST,-5.250619035812500960985828588,-525.0619035812500960985828588,-490.3536605894863628571428588,9,37.36876167864621209999999999,2.660518686882478858560000,
FUTURES_LONG_SHORT_TARGET_R_2_5_1X,ROLLING,180D-12,STRESS_COST,-5.687714192558594061203771443,-568.7714192558594061203771443,-501.5742039322758285714285730,9,69.72428577809455689142857143,2.527070454510979342480000,
FUTURES_LONG_SHORT_TARGET_R_2_5_1X,ROLLING,180D-13,LOW_COST,-3.492957630837918510533960105,-349.2957630837918510533960105,-334.9788553827128814285714298,11,12.15490628559459844321428571,-2.162001415484371181610295,
FUTURES_LONG_SHORT_TARGET_R_2_5_1X,ROLLING,180D-13,BASE_COST,-3.705045214610292153466001774,-370.5045214610292153466001774,-344.5013107003293750000000012,11,23.88919325979266187964285715,-2.114017500907178466957319,
FUTURES_LONG_SHORT_TARGET_R_2_5_1X,ROLLING,180D-13,HIGH_COST,-4.137728111542723186455874987,-413.7728111542723186455874987,-365.7511843329690657142857156,11,46.07887099572236367714285715,-1.942755825580889254158926,
FUTURES_LONG_SHORT_TARGET_R_2_5_1X,ROLLING,180D-13,STRESS_COST,-4.895012831334632776190275108,-489.5012831334632776190275108,-402.1210220940526200000000012,11,85.74256259877656696571428572,-1.637698440634090653313224,
FUTURES_LONG_SHORT_TARGET_R_2_5_1X,ROLLING,180D-14,LOW_COST,-1.509555365438706180280837549,-150.9555365438706180280837549,-132.2911410475497200000000000,15,15.99722156206617824500000000,-2.667173934254719783083755,
FUTURES_LONG_SHORT_TARGET_R_2_5_1X,ROLLING,180D-14,BASE_COST,-1.860714075152528970561790200,-186.0714075152528970561790200,-152.0218137300491607142857144,15,31.42678800051640787107142860,-2.622805784687328470821877,
FUTURES_LONG_SHORT_TARGET_R_2_5_1X,ROLLING,180D-14,HIGH_COST,-2.556989245012319835433701918,-255.6989245012319835433701918,-192.6633539488331314285714287,15,60.57742679595250573714285714,-2.458143756446346377655906,
FUTURES_LONG_SHORT_TARGET_R_2_5_1X,ROLLING,180D-14,STRESS_COST,-3.769269201275980304087572130,-376.9269201275980304087572130,-262.3313880535676314285714287,15,112.4304313310047657885714286,-2.165100743025633191614356,
FUTURES_LONG_SHORT_TARGET_R_2_5_1X,ROLLING,180D-15,LOW_COST,0.6516935244560961580617016641,65.16935244560961580617016641,79.81895579327405000000000134,10,10.79814985087124375750000000,-3.851453496793190436329835,STRESS_COLLAPSE
FUTURES_LONG_SHORT_TARGET_R_2_5_1X,ROLLING,180D-15,BASE_COST,0.3728808949334084624868572191,37.28808949334084624868572191,62.28933720220784214285714410,10,21.21520759668234830964285715,-3.786040112184647584528565,STRESS_COLLAPSE
FUTURES_LONG_SHORT_TARGET_R_2_5_1X,ROLLING,180D-15,HIGH_COST,-0.1872490922060373185163060654,-18.72490922060373185163060654,25.72858678393568285714285833,10,40.87263480797342000285714286,-3.580861196565994705916322,STRESS_COLLAPSE
FUTURES_LONG_SHORT_TARGET_R_2_5_1X,ROLLING,180D-15,STRESS_COST,-1.167224243780368121968526429,-116.7224243780368121968526429,-37.74172870807061428571428462,10,75.77084593591610215428571429,-3.209849734050095756852644,STRESS_COLLAPSE
FUTURES_LONG_SHORT_TARGET_R_2_5_1X,ROLLING,180D-16,LOW_COST,0.1296993111782070165188134063,12.96993111782070165188134063,25.13718763456113178571428701,10,10.83679148789910872080357143,-1.330465028841321413029375,LOW_COST_ONLY_EDGE;COST_DOMINATED_PERIOD
FUTURES_LONG_SHORT_TARGET_R_2_5_1X,ROLLING,180D-16,BASE_COST,-0.1394598645183374747849704558,-13.94598645183374747849704558,8.62556584329770357142857258,10,21.26941062147968210464285715,-1.302141673651768945282761,LOW_COST_ONLY_EDGE;COST_DOMINATED_PERIOD
FUTURES_LONG_SHORT_TARGET_R_2_5_1X,ROLLING,180D-16,HIGH_COST,-0.6476047201037072306129677910,-64.76047201037072306129677910,-22.55146224769112285714285603,10,40.96192658752839975714285714,-1.247083175151200447011066,LOW_COST_ONLY_EDGE;COST_DOMINATED_PERIOD
FUTURES_LONG_SHORT_TARGET_R_2_5_1X,ROLLING,180D-16,STRESS_COST,-1.534224377345312436714225674,-153.4224377345312436714225674,-76.39826373095792571428571317,10,75.87681832352848755428571429,-1.147355680044830402851140,LOW_COST_ONLY_EDGE;COST_DOMINATED_PERIOD
FUTURES_LONG_SHORT_TARGET_R_2_5_1X,ROLLING,180D-17,LOW_COST,1.671225241471332035690096704,167.1225241471332035690096704,176.0338488428114557142857150,10,10.64374719217917005482142857,1.732422496500917909545384,
FUTURES_LONG_SHORT_TARGET_R_2_5_1X,ROLLING,180D-17,BASE_COST,1.406104228479319159925241427,140.6104228479319159925241427,159.7559765242024164285714294,10,20.84174546083207773821428571,1.696191784561577302166999,
FUTURES_LONG_SHORT_TARGET_R_2_5_1X,ROLLING,180D-17,HIGH_COST,0.9059500089035456630546751143,90.59500089035456630546751143,128.9219217453574014285714291,10,39.95274904964358111285714285,1.625828194640745989753225,
FUTURES_LONG_SHORT_TARGET_R_2_5_1X,ROLLING,180D-17,STRESS_COST,0.01837272759026892450274289280,1.83727275902689245027428928,73.83825345125969142857142924,10,73.49643974748289440000000000,1.495459055250095421702860,
FUTURES_LONG_SHORT_TARGET_R_2_5_1X,ROLLING,180D-18,LOW_COST,4.227819984737713957438686506,422.7819984737713957438686506,438.2570564671505546428571422,17,17.50328766359436189258928571,2.028229670215202993600794,
FUTURES_LONG_SHORT_TARGET_R_2_5_1X,ROLLING,180D-18,BASE_COST,3.738211543886219410639536086,373.8211543886219410639536086,406.0179532239100485714285707,17,34.17785667303260648214285714,1.981057837744498974667895,
FUTURES_LONG_SHORT_TARGET_R_2_5_1X,ROLLING,180D-18,HIGH_COST,2.820814181268077906417999043,282.0814181268077906417999043,345.3487297356223499999999994,17,65.15724978110488752428571428,1.889938172290328166085619,
FUTURES_LONG_SHORT_TARGET_R_2_5_1X,ROLLING,180D-18,STRESS_COST,1.205082652147347356381216683,120.5082652147347356381216683,237.3153212730400457142857136,17,118.5276995703846608914285715,1.720643512079350815264526,
FUTURES_LONG_SHORT_TARGET_R_2_5_1X,ROLLING,180D-19,LOW_COST,8.891386687077645988029548046,889.1386687077645988029548046,909.1180779618385082142857125,19,20.12712512096085973526785713,0.147715866886950323936949,
FUTURES_LONG_SHORT_TARGET_R_2_5_1X,ROLLING,180D-19,BASE_COST,8.210665773832010183311039846,821.0665773832010183311039846,860.1440848841282921428571411,19,39.24821977140321071107142857,0.170712270475936899318272,
FUTURES_LONG_SHORT_TARGET_R_2_5_1X,ROLLING,180D-19,HIGH_COST,6.934304797297161467863501187,693.4304797297161467863501187,767.8403238480765542857142842,19,74.62246962219049640857142857,0.212625503830088909207263,
FUTURES_LONG_SHORT_TARGET_R_2_5_1X,ROLLING,180D-19,STRESS_COST,4.654156749302915542506549265,465.4156749302915542506549265,599.9734080385534599999999985,19,134.8437421732726901200000002,0.286009065010784370654928,
FUTURES_LONG_SHORT_TARGET_R_2_5_1X,ROLLING,180D-20,LOW_COST,9.138670485966737070691550189,913.8670485966737070691550189,944.9277726523321928571428548,18,20.67062840924672415375000000,-10.390095646411761634237836,
FUTURES_LONG_SHORT_TARGET_R_2_5_1X,ROLLING,180D-20,BASE_COST,8.417417953821010739980140607,841.7417953821010739980140607,892.1156981548034671428571404,18,40.25368845013520670571428571,-10.120214322567186439128794,
FUTURES_LONG_SHORT_TARGET_R_2_5_1X,ROLLING,180D-20,HIGH_COST,7.068968496897061438547421570,706.8968496897061438547421570,792.8273453040560671428571409,18,76.32925065187139713000000000,-9.601244962478526158114984,
FUTURES_LONG_SHORT_TARGET_R_2_5_1X,ROLLING,180D-20,STRESS_COST,4.675667101616328707053166274,467.5667101616328707053166274,613.3948314774328314285714267,18,137.1802838756167520171428572,-8.647837440183208706111942,
FUTURES_LONG_SHORT_TARGET_R_2_5_1X,ROLLING,180D-21,LOW_COST,8.702892484542809702102364046,870.2892484542809702102364046,897.2189070453382032142857134,12,15.15022664723736947473214286,-11.779431943819863529317166,
FUTURES_LONG_SHORT_TARGET_R_2_5_1X,ROLLING,180D-21,BASE_COST,8.124424856641732880852969970,812.4424856641732880852969970,853.4218482890774021428571419,12,29.50691054318166827535714285,-11.472452081722445782203002,
FUTURES_LONG_SHORT_TARGET_R_2_5_1X,ROLLING,180D-21,HIGH_COST,7.039465175196414973354901801,703.9465175196414973354901801,770.7925795587996614285714278,12,55.96381312504120689571428571,-10.882248914116957197366962,
FUTURES_LONG_SHORT_TARGET_R_2_5_1X,ROLLING,180D-21,STRESS_COST,5.104062388387353177884889649,510.4062388387353177884889649,620.7963991088625857142857137,12,100.5931847853016173085714286,-9.796975484825650617225320,
FUTURES_LONG_SHORT_TARGET_R_2_5_1X,ROLLING,180D-22,LOW_COST,3.903121894675296274949404042,390.3121894675296274949404042,411.4261144891154546428571421,14,17.67630049506164097098214285,-3.437624526524186176934595,
FUTURES_LONG_SHORT_TARGET_R_2_5_1X,ROLLING,180D-22,BASE_COST,3.405486501741068395071694587,340.5486501741068395071694587,378.2645885521826621428571421,14,34.32674294479556023678571429,-3.389195433280262398901969,
FUTURES_LONG_SHORT_TARGET_R_2_5_1X,ROLLING,180D-22,HIGH_COST,2.481942868374530839086112180,248.1942868374530839086112180,316.2154560683577228571428564,14,64.72463260467912700857142857,-3.296536626225511939960210,
FUTURES_LONG_SHORT_TARGET_R_2_5_1X,ROLLING,180D-22,STRESS_COST,0.9102710936806295753531945689,91.02710936806295753531945689,209.3444162959939685714285710,14,115.2086622826749347371428571,-3.108644645256076298966257,
FUTURES_LONG_SHORT_TARGET_R_2_5_1X,ROLLING,365D-1,LOW_COST,-2.252257576125820576343777484,-225.2257576125820576343777484,-162.8622722060471864285714292,44,50.74913535476544619625000002,-11.614350051769425009556319,
FUTURES_LONG_SHORT_TARGET_R_2_5_1X,ROLLING,365D-1,BASE_COST,-3.431731077329327469886369956,-343.1731077329327469886369956,-231.1282910768853235714285718,44,100.5826605387450551089285714,-11.462156117302368308279852,
FUTURES_LONG_SHORT_TARGET_R_2_5_1X,ROLLING,365D-1,HIGH_COST,-5.732000008467227219646471804,-573.2000008467227219646471804,-364.4404261328130128571428579,44,197.5930041007679787214285714,-11.166570613141730386075751,
FUTURES_LONG_SHORT_TARGET_R_2_5_1X,ROLLING,365D-1,STRESS_COST,-10.13343622967798676544575171,-1013.343622967798676544575171,-621.6212866985159314285714291,44,381.1190015530902900685714284,-10.603334716192455047432313,
FUTURES_LONG_SHORT_TARGET_R_2_5_1X,ROLLING,365D-2,LOW_COST,-1.249374788792555994492613278,-124.9374788792555994492613278,-67.86458453482950142857142949,38,44.17066843631642079339285716,-12.902225908109677227297041,
FUTURES_LONG_SHORT_TARGET_R_2_5_1X,ROLLING,365D-2,BASE_COST,-2.250707587427385169111451192,-225.0707587427385169111451192,-124.9314441835711750000000008,38,87.40736889162455730178571430,-12.731945667542784609359404,
FUTURES_LONG_SHORT_TARGET_R_2_5_1X,ROLLING,365D-2,HIGH_COST,-4.194649711289448022911863469,-419.4649711289448022911863469,-235.8917701446144514285714296,38,171.1720728631235888142857143,-12.401128121206762048329203,
FUTURES_LONG_SHORT_TARGET_R_2_5_1X,ROLLING,365D-2,STRESS_COST,-7.883092198091797154423572564,-788.3092198091797154423572564,-448.5285017585451000000000006,38,328.0099475097915916628571428,-11.770770540843023779500113,
FUTURES_LONG_SHORT_TARGET_R_2_5_1X,ROLLING,365D-3,LOW_COST,-0.8284214644971747750915255596,-82.84214644971747750915255596,-41.56576736423019071428571469,25,30.43097260672184963928571429,-10.845406478765437155581127,
FUTURES_LONG_SHORT_TARGET_R_2_5_1X,ROLLING,365D-3,BASE_COST,-1.513347089845337535779273740,-151.3347089845337535779273740,-80.50537603714120142857142885,25,60.13602094181116952500000002,-10.693312005581382624355945,
FUTURES_LONG_SHORT_TARGET_R_2_5_1X,ROLLING,365D-3,HIGH_COST,-2.838237202694359777743920254,-283.8237202694359777743920254,-155.9838797446045085714285720,25,117.4417951801564303742857144,-10.398045344675038828677739,
FUTURES_LONG_SHORT_TARGET_R_2_5_1X,ROLLING,365D-3,STRESS_COST,-5.364537648363419985758241872,-536.4537648363419985758241872,-302.7776465976950228571428572,25,223.8467879859216064799999999,-9.829330252725369238681330,
FUTURES_LONG_SHORT_TARGET_R_2_5_1X,ROLLING,365D-4,LOW_COST,-5.619780579064822798519501284,-561.9780579064822798519501284,-545.5918665270983960714285737,10,12.04960490691522119669642857,-4.336586472468662583825126,
FUTURES_LONG_SHORT_TARGET_R_2_5_1X,ROLLING,365D-4,BASE_COST,-5.826082009650869992860353894,-582.6082009650869992860353894,-554.5607161121063000000000022,10,23.77849250138321155000000000,-4.268992351597487736035387,
FUTURES_LONG_SHORT_TARGET_R_2_5_1X,ROLLING,365D-4,HIGH_COST,-6.220961155858019123403466409,-622.0961155858019123403466409,-571.6483472695798528571428594,10,46.30977995717438491857142857,-4.137988359047674564632353,
FUTURES_LONG_SHORT_TARGET_R_2_5_1X,ROLLING,365D-4,STRESS_COST,-6.942499110845132701740831674,-694.2499110845132701740831674,-602.4825195613182714285714306,10,87.87670697880534974285714286,-3.890684544389649002654594,
FUTURES_LONG_SHORT_TARGET_R_2_5_1X,ROLLING,365D-5,LOW_COST,-1.836688390927123575298220697,-183.6688390927123575298220697,-174.9331439430948217857142879,6,7.302221090314853728839285714,-1.433474059302682015268496,
FUTURES_LONG_SHORT_TARGET_R_2_5_1X,ROLLING,365D-5,BASE_COST,-1.986244244219674815631949324,-198.6244244219674815631949324,-182.7939743059676285714285735,6,14.41571196464588952285714286,-1.414738151353963468909216,
FUTURES_LONG_SHORT_TARGET_R_2_5_1X,ROLLING,365D-5,HIGH_COST,-2.273317488458783735870234752,-227.3317488458783735870234752,-197.8575897647826242857142879,6,28.09592514600945186142857142,-1.378233935086297439880616,
FUTURES_LONG_SHORT_TARGET_R_2_5_1X,ROLLING,365D-5,STRESS_COST,-2.801419552220278500024881824,-280.1419552220278500024881824,-225.4502456217818142857142876,6,53.38315815363690622285714286,-1.308551446609129493916752,
FUTURES_LONG_SHORT_TARGET_R_2_5_1X,ROLLING,365D-6,LOW_COST,-4.532414515017279275960214305,-453.2414515017279275960214305,-447.5320868712341550000000019,6,7.008736085016519057321428572,1.299371454522746461300000,
FUTURES_LONG_SHORT_TARGET_R_2_5_1X,ROLLING,365D-6,BASE_COST,-4.619333428451417315158514305,-461.9333428451417315158514305,-449.4323959053393328571428591,6,13.78906251875897818642857143,1.288115578956579527720000,
FUTURES_LONG_SHORT_TARGET_R_2_5_1X,ROLLING,365D-6,HIGH_COST,-4.782657955646810766727828590,-478.2657955646810766727828590,-452.8372490827072000000000019,6,26.69426286103868997714285714,1.265716379064813304360000,
FUTURES_LONG_SHORT_TARGET_R_2_5_1X,ROLLING,365D-6,STRESS_COST,-5.062097405070481226793485732,-506.2097405070481226793485732,-457.4272738870674971428571446,6,50.00154706756057462857142858,1.219080447579949092080000,
FUTURES_LONG_SHORT_TARGET_R_2_5_1X,ROLLING,365D-7,LOW_COST,-4.646977964346454016583960115,-464.6977964346454016583960115,-447.4579744533553957142857164,13,14.57075495840350980250000000,-2.669067022886496141610295,
FUTURES_LONG_SHORT_TARGET_R_2_5_1X,ROLLING,365D-7,BASE_COST,-4.900697718364165913794573213,-490.0697718364165913794573213,-458.7991080864816664285714309,13,28.65613073061492958392857144,-2.614533019319995366957319,
FUTURES_LONG_SHORT_TARGET_R_2_5_1X,ROLLING,365D-7,HIGH_COST,-5.412921680527179130370160711,-541.2921680527179130370160711,-483.5011714042403000000000023,13,55.36048892215309220285714285,-2.430507726324520834158926,
FUTURES_LONG_SHORT_TARGET_R_2_5_1X,ROLLING,365D-7,STRESS_COST,-6.314931809025466653875989402,-631.4931809025466653875989402,-526.0485264857224942857142878,13,103.3435764626288153085714286,-2.101077954195355793313224,
FUTURES_LONG_SHORT_TARGET_R_2_5_1X,ROLLING,365D-8,LOW_COST,-3.696860704866802916051766128,-369.6860704866802916051766128,-348.8171537172214535714285722,18,19.46767639839262748696428571,-1.401240371066210546783755,
FUTURES_LONG_SHORT_TARGET_R_2_5_1X,ROLLING,365D-8,BASE_COST,-4.091908796615947481367447350,-409.1908796615947481367447350,-369.5708281725216121428571438,18,38.25480385343927935678571431,-1.365247635633856637101877,
FUTURES_LONG_SHORT_TARGET_R_2_5_1X,ROLLING,365D-8,HIGH_COST,-4.870705050489765075551530497,-487.0705050489765075551530497,-412.0565040181778914285714294,18,73.79646365456213643428571428,-1.217537376236479692295906,
FUTURES_LONG_SHORT_TARGET_R_2_5_1X,ROLLING,365D-8,STRESS_COST,-6.227943652382225795721057852,-622.7943652382225795721057852,-484.6118631019007685714285723,18,137.2231896764535443371428572,-0.959312459868266663534356,
FUTURES_LONG_SHORT_TARGET_R_2_5_1X,ROLLING,365D-9,LOW_COST,-2.704912817220610137404939557,-270.4912817220610137404939557,-242.2963324754498028571428573,23,25.15538287817738007982142857,-3.039566368433830803529670,
FUTURES_LONG_SHORT_TARGET_R_2_5_1X,ROLLING,365D-9,BASE_COST,-3.241841849115955180976686516,-324.1841849115955180976686516,-271.8262249440526542857142860,23,49.38599746462254767571428574,-2.971962502920316136240080,
FUTURES_LONG_SHORT_TARGET_R_2_5_1X,ROLLING,365D-9,HIGH_COST,-4.287662849209512610367342779,-428.7662849209512610367342779,-330.8943955222224700000000002,23,95.10927452907002191571428572,-2.762614869658769121019992,
FUTURES_LONG_SHORT_TARGET_R_2_5_1X,ROLLING,365D-9,STRESS_COST,-6.117381759343261202969843641,-611.7381759343261202969843641,-433.0118878798468714285714288,23,176.3368104440565444514285714,-2.389477610422704416984364,
FUTURES_LONG_SHORT_TARGET_R_2_5_1X,ROLLING,365D-10,LOW_COST,3.588666253721690045599888175,358.8666253721690045599888175,388.7253772218849996428571440,28,29.33325153699289975633928572,-0.525500312723095326529041,STRESS_COLLAPSE
FUTURES_LONG_SHORT_TARGET_R_2_5_1X,ROLLING,365D-10,BASE_COST,2.844980088382495372156821882,284.4980088382495372156821882,342.5014984006417514285714297,28,57.47063031464189643142857146,-0.532859247750317781460670,STRESS_COLLAPSE
FUTURES_LONG_SHORT_TARGET_R_2_5_1X,ROLLING,365D-10,HIGH_COST,1.410473784825593494943692981,141.0473784825593494943692981,251.7508228061058428571428582,28,110.2352389707020455971428571,-0.468205352844447765630703,STRESS_COLLAPSE
FUTURES_LONG_SHORT_TARGET_R_2_5_1X,ROLLING,365D-10,STRESS_COST,-1.121791729654136107416166884,-112.1791729654136107416166884,91.01420633956357714285714382,28,202.8350617272966465942857143,-0.358317577680541290188118,STRESS_COLLAPSE
FUTURES_LONG_SHORT_TARGET_R_2_5_1X,ROLLING,365D-11,LOW_COST,9.021085998255853004548361452,902.1085998255853004548361452,934.2552655963996399999999998,29,30.96391660885996845607142857,-1.182749161954371089092426,
FUTURES_LONG_SHORT_TARGET_R_2_5_1X,ROLLING,365D-11,BASE_COST,8.071205909313672708526069390,807.1205909313672708526069390,868.7696507274259957142857137,29,60.51763039288289281571428572,-1.131429403175832045964489,
FUTURES_LONG_SHORT_TARGET_R_2_5_1X,ROLLING,365D-11,HIGH_COST,6.286700077193454237250533396,628.6700077193454237250533396,745.2888616003854314285714282,29,115.5843962097188961657142857,-1.034457671321111537803803,
FUTURES_LONG_SHORT_TARGET_R_2_5_1X,ROLLING,365D-11,STRESS_COST,3.119932371957603105792323589,311.9932371957603105792323589,523.5751443075955342857142854,29,210.7205604968011776742857145,-0.861346615034046032196212,
FUTURES_LONG_SHORT_TARGET_R_2_5_1X,ROLLING,365D-12,LOW_COST,10.17719528794406198326916118,1017.719528794406198326916118,1059.752061456373440714285713,29,32.59523035593908775660714285,-9.437302306028154630762452,
FUTURES_LONG_SHORT_TARGET_R_2_5_1X,ROLLING,365D-12,BASE_COST,9.177528280781088165969439178,917.7528280781088165969439178,990.5257632343318207142857131,29,63.58978604654003701249999999,-9.183149109682967104841795,
FUTURES_LONG_SHORT_TARGET_R_2_5_1X,ROLLING,365D-12,HIGH_COST,7.305720860956138843822296686,730.5720860956138843822296686,860.2788413547878285714285702,29,121.0116393839002790028571428,-8.695115875273665186341759,
FUTURES_LONG_SHORT_TARGET_R_2_5_1X,ROLLING,365D-12,STRESS_COST,3.989937141049390341672009170,398.9937141049390341672009170,625.9796675683084828571428561,29,219.1861546709522991371428573,-7.799798792417149552799082,
FUTURES_LONG_SHORT_TARGET_R_2_5_1X,ROLLING,365D-13,LOW_COST,12.79450858175294226297895208,1279.450858175294226297895208,1320.544192450953962857142855,33,37.80342561602250070624999998,-3.289908659637235852997646,
FUTURES_LONG_SHORT_TARGET_R_2_5_1X,ROLLING,365D-13,BASE_COST,11.61615227557307857838273444,1161.615227557307857838273444,1238.408673436310954285714284,33,73.57496271619877094785714286,-3.218483162804325499583697,
FUTURES_LONG_SHORT_TARGET_R_2_5_1X,ROLLING,365D-13,HIGH_COST,9.416247665671692306949613368,941.6247665671692306949613368,1084.055779916434277142857139,33,139.3471022268696234171428571,-3.083911122395423030752947,
FUTURES_LONG_SHORT_TARGET_R_2_5_1X,ROLLING,365D-13,STRESS_COST,5.564427842983545117859743835,556.4427842983545117859743835,809.3178243345474285714285697,33,250.0524044559476248571428571,-2.822635580245291928311329,
